row,col,start_source_index,stop_source_index_exclusive,sample_count,median_current_A,mean_current_A,std_current_A
0,0,1042,1201,159,3.948339e-05,4.084362905660378e-05,2.2995940867208495e-06
0,1,1201,1360,159,3.861432e-05,3.845026289308176e-05,3.821671120300861e-07
0,2,1360,1519,159,3.430722e-05,3.441850698113208e-05,1.5601040328457515e-06
0,3,1519,1677,158,3.1740805e-05,3.174635658227848e-05,9.493943676966896e-08
0,4,1677,1836,159,3.16948e-05,3.16805927672956e-05,1.1187460559594259e-07
0,5,1836,1995,159,3.189721e-05,3.1892304276729564e-05,5.908845213254686e-08
0,6,1995,2154,159,3.190055e-05,3.187046723270441e-05,1.222787659969042e-07
0,7,2154,2312,158,3.1391215e-05,3.139354791139241e-05,7.39496838607581e-08
0,8,2312,2471,159,3.141991e-05,3.1422514968553455e-05,5.7457011623886475e-08
0,9,2471,2630,159,3.15519e-05,3.201189402515724e-05,7.701602813260535e-07
0,10,2630,2789,159,3.400129e-05,3.399068345911949e-05,6.974332805931454e-08
0,11,2789,2947,158,3.374515e-05,3.375862778481012e-05,1.0018813431615111e-07
0,12,2947,3106,159,3.381965e-05,3.3809858490566045e-05,6.600394790163782e-08
0,13,3106,3265,159,3.390953e-05,3.389364968553459e-05,6.64164530784631e-08
0,14,3265,3424,159,3.395696e-05,3.395247452830189e-05,6.301422443687825e-08
0,15,3424,3582,158,3.400503e-05,3.400199759493671e-05,6.229048673155192e-08
0,16,3582,3741,159,3.404881e-05,3.4040950566037734e-05,6.08086076148516e-08
0,17,3741,3900,159,3.407224e-05,3.406003704402516e-05,6.390404845939924e-08
0,18,3900,4059,159,3.411984e-05,3.4111677735849056e-05,6.215993984808593e-08
0,19,4059,4217,158,3.417178e-05,3.4171699620253165e-05,6.297075345741892e-08
0,20,4217,4376,159,3.423344e-05,3.4221439433962264e-05,6.323417303406657e-08
0,21,4376,4535,159,3.428828e-05,3.4277191320754714e-05,6.238538128140804e-08
0,22,4535,4694,159,3.433059e-05,3.432209773584906e-05,6.33222260891563e-08
0,23,4694,4852,158,3.4367e-05,3.4359618670886074e-05,6.346789758754313e-08
0,24,4852,5011,159,3.432447e-05,3.432557729559748e-05,8.038468944841223e-08
0,25,5011,5170,159,3.427482e-05,3.426372389937107e-05,6.643360516701419e-08
0,26,5170,5329,159,3.429692e-05,3.429108729559748e-05,7.113103578028918e-08
0,27,5329,5487,158,3.417919e-05,3.41661320886076e-05,6.62584696573496e-08
0,28,5487,5646,159,3.422902e-05,3.422912603773585e-05,9.206215837712657e-08
0,29,5646,5805,159,5.117939e-05,0.00021507341761006286,0.00023131666383708886
0,30,5805,5964,159,0.0006164768,0.0006155867477987421,2.996355875464768e-06
0,31,5964,6122,158,0.00061462275,0.0006145941727848102,3.577367382302059e-07
0,32,6122,6281,159,0.0006142383,0.0006149543811320755,1.493261592553342e-06
0,33,6281,6440,159,0.0006168326,0.0006161151698113207,2.458922824060598e-06
0,34,6440,6599,159,0.0006090375,0.0006086854327044025,2.436506450759121e-06
0,35,6599,6757,158,0.0006163647999999999,0.0006133796651898733,5.662918038990135e-06
0,36,6757,6916,159,0.0006184604,0.0006185381245283019,4.99316116040713e-07
0,37,6916,7075,159,0.0006142636,0.0006128809522012578,4.4832412851064105e-06
0,38,7075,7234,159,0.0006122265,0.0006189737081761006,2.4966702034764233e-05
0,39,7234,7392,158,0.00065611865,0.0006561334443037975,2.60170009775415e-07
1,0,14337,14496,159,3.191665e-05,3.270582176100629e-05,1.5265479369353846e-06
1,1,14496,14655,159,3.117485e-05,3.120004132075471e-05,1.444681383345585e-07
1,2,14655,14814,159,3.118457e-05,3.117901389937107e-05,5.585776804940895e-08
1,3,14814,14972,158,3.1226905000000005e-05,3.1220614746835443e-05,5.811033913865357e-08
1,4,14972,15131,159,3.128368e-05,3.127362767295597e-05,5.7237145481642854e-08
1,5,15131,15290,159,3.134781e-05,3.134303339622642e-05,6.031896967730002e-08
1,6,15290,15449,159,3.14621e-05,3.145975754716981e-05,6.965658005928757e-08
1,7,15449,15607,158,3.1552105e-05,3.155910455696203e-05,5.8682969955332e-08
1,8,15607,15766,159,3.166319e-05,3.1664421132075474e-05,7.666144051354274e-08
1,9,15766,15925,159,3.178745e-05,3.178099767295598e-05,6.551923743801574e-08
1,10,15925,16084,159,3.188875e-05,3.209692981132076e-05,3.583185983662925e-07
1,11,16084,16242,158,3.2495999999999995e-05,3.249285170886075e-05,7.957077353051402e-08
1,12,16242,16401,159,3.246416e-05,3.241623496855347e-05,1.6142541545029659e-07
1,13,16401,16560,159,3.24424e-05,3.240706553459119e-05,2.889177268337859e-07
1,14,16560,16719,159,3.215317e-05,3.215323666666666e-05,7.521873380550851e-08
1,15,16719,16877,158,3.226723e-05,3.226310139240507e-05,7.393014093431418e-08
1,16,16877,17036,159,3.238432e-05,3.23796434591195e-05,6.649024554162373e-08
1,17,17036,17195,159,3.244326e-05,3.2435830754716975e-05,5.9530141042266997e-08
1,18,17195,17354,159,3.245294e-05,3.2452864779874216e-05,5.9464670604559487e-08
1,19,17354,17512,158,3.266763e-05,3.265636284810126e-05,9.355385788642063e-08
1,20,17512,17671,159,3.280522e-05,3.280223578616352e-05,7.642016158932101e-08
1,21,17671,17830,159,3.286949e-05,3.286170685534591e-05,6.706903988328657e-08
1,22,17830,17989,159,3.294377e-05,3.294152012578616e-05,6.542220037472716e-08
1,23,17989,18147,158,3.3030404999999995e-05,3.3021703924050635e-05,6.2513088076053e-08
1,24,18147,18306,159,3.309171e-05,3.309035786163522e-05,6.407620572475752e-08
1,25,18306,18465,159,3.316248e-05,3.315867433962264e-05,5.939363743668289e-08
1,26,18465,18624,159,3.322961e-05,3.321709716981132e-05,6.414129163019773e-08
1,27,18624,18782,158,3.3243265e-05,3.323284848101266e-05,7.118949600886697e-08
1,28,18782,18941,159,3.333882e-05,3.334332641509434e-05,1.3867427067601937e-07
1,29,18941,19100,159,7.571726e-05,0.00025990559503144653,0.000241346830158304
1,30,19100,19259,159,0.0005982281,0.0005983704081761006,1.5123515280511234e-06
1,31,19259,19417,158,0.000596851,0.0005976440924050634,1.8733317099858518e-06
1,32,19417,19576,159,0.000601188,0.0006012371471698113,1.3021569460620055e-06
1,33,19576,19735,159,0.0006053561,0.0006049753805031447,3.7953136965579355e-06
1,34,19735,19894,159,0.0006067216,0.0006065758477987422,2.3642282159217587e-06
1,35,19894,20052,158,0.00061417425,0.0006133909651898733,1.8348900573392492e-06
1,36,20052,20211,159,0.0006139661,0.0006135377389937107,1.3677618026060574e-06
1,37,20211,20370,159,0.0005978692,0.0005988379666666667,6.291409715367831e-06
1,38,20370,20529,159,0.0005992074,0.0006091097616352201,2.6635017192242318e-05
1,39,20529,20687,158,0.00065155025,0.0006515764094936709,2.684151884504317e-07
2,0,27613,27772,159,3.163894e-05,3.250118893081761e-05,1.7269086848271858e-06
2,1,27772,27930,158,3.106016e-05,3.114646848101266e-05,2.2153093332071232e-07
2,2,27930,28088,158,3.141368e-05,3.135865537974684e-05,6.014566648611258e-07
2,3,28088,28247,159,3.06469e-05,3.076182874213836e-05,8.64807375505803e-07
2,4,28247,28405,158,3.189199e-05,3.189296443037975e-05,7.195505140995802e-08
2,5,28405,28563,158,3.1911635e-05,3.188280740506328e-05,1.2991799036013305e-07
2,6,28563,28722,159,3.196484e-05,3.196410540880504e-05,6.90602121362556e-08
2,7,28722,28880,158,3.2372405e-05,3.2340159430379745e-05,1.5266794522440728e-07
2,8,28880,29038,158,3.246283e-05,3.23181085443038e-05,3.3461849028451185e-07
2,9,29038,29196,158,3.1443475e-05,3.143294930379747e-05,7.78186164241792e-08
2,10,29196,29355,159,3.214505e-05,3.211751408805032e-05,4.114083519043106e-07
2,11,29355,29513,158,3.2505625e-05,3.251953867088607e-05,9.956559990750984e-08
2,12,29513,29671,158,3.2677485e-05,3.2667876835443037e-05,6.736957296983165e-08
2,13,29671,29830,159,3.246137e-05,3.241782327044025e-05,1.8018413390561536e-07
2,14,29830,29988,158,3.246762e-05,3.246728113924051e-05,1.009089134448795e-07
2,15,29988,30146,158,3.2459694999999997e-05,3.246048803797468e-05,1.087495238252858e-07
2,16,30146,30305,159,3.247018e-05,3.2458172327044026e-05,6.051036130616383e-08
2,17,30305,30463,158,3.2608985e-05,3.260515848101266e-05,1.0887964649898194e-07
2,18,30463,30621,158,3.2535675e-05,3.2534273670886073e-05,7.881684602230898e-08
2,19,30621,30779,158,3.257317e-05,3.257987449367089e-05,1.0582943359898934e-07
2,20,30779,30938,159,3.29381e-05,3.293196289308176e-05,7.404474272332536e-08
2,21,30938,31096,158,3.2973495e-05,3.2956052405063295e-05,6.110818290758034e-08
2,22,31096,31254,158,3.30485e-05,3.3040164683544297e-05,7.29384592399118e-08
2,23,31254,31413,159,3.300226e-05,3.298396226415094e-05,6.69002812125641e-08
2,24,31413,31571,158,3.2600865e-05,3.2605173607594945e-05,1.613568148083205e-07
2,25,31571,31729,158,3.2465935e-05,3.2466252468354434e-05,7.492103214606225e-08
2,26,31729,31888,159,3.24686e-05,3.246577635220126e-05,6.28704236332605e-08
2,27,31888,32046,158,3.246847e-05,3.246722246835443e-05,6.013067935424843e-08
2,28,32046,32204,158,3.27473e-05,3.285373284810127e-05,3.6304159084205377e-07
2,29,32204,32362,158,0.00037015530000000004,0.0002968269539873418,0.0002523119986672291
2,30,32362,32521,159,0.0005966575,0.0005962627924528302,6.0824965022342165e-06
2,31,32521,32679,158,0.00059769425,0.0005962373531645571,2.5859225575222954e-06
2,32,32679,32837,158,0.0006011719,0.0006012658297468355,1.0921038182965523e-06
2,33,32837,32996,159,0.0006020137,0.0006026347691823899,1.874981659648655e-06
2,34,32996,33154,158,0.0006000091999999999,0.000601162746835443,4.1486295605253375e-06
2,35,33154,33312,158,0.0006101214500000001,0.0006100384784810125,5.040175505962903e-07
2,36,33312,33471,159,0.0006090031,0.0006081950729559748,1.7537462815960631e-06
2,37,33471,33629,158,0.0005976999,0.0005973041525316455,3.7749762233419914e-06
2,38,33629,33787,158,0.0006062955499999999,0.0006097709360759493,2.4905733430950636e-05
2,39,33787,33945,158,0.0006467229000000001,0.0006467014556962025,2.8887250012472945e-07
3,0,40877,41036,159,3.183121e-05,3.215594176100628e-05,1.286533495935568e-06
3,1,41036,41194,158,3.175502e-05,3.1740554493670886e-05,6.560176537015111e-08
3,2,41194,41353,159,3.188944e-05,3.188528496855346e-05,8.295031066147653e-08
3,3,41353,41511,158,3.2017204999999996e-05,3.1994644810126584e-05,1.3542372395943e-07
3,4,41511,41670,159,3.211814e-05,3.2116120754716985e-05,6.372354253840777e-08
3,5,41670,41828,158,3.2200645e-05,3.219221272151899e-05,6.38637324095366e-08
3,6,41828,41986,158,3.224942e-05,3.223814683544304e-05,7.331429705051364e-08
3,7,41986,42145,159,3.206772e-05,3.205580025157232e-05,1.0138952291617415e-07
3,8,42145,42303,158,3.1663505e-05,3.167637164556961e-05,2.8286131892300423e-07
3,9,42303,42462,159,3.164638e-05,3.151629647798742e-05,5.204679472874706e-07
3,10,42462,42620,158,3.226452e-05,3.217505886075949e-05,4.3213745702849746e-07
3,11,42620,42779,159,3.335046e-05,3.320143459119497e-05,3.8259544481525957e-07
3,12,42779,42937,158,3.3608875e-05,3.361392151898734e-05,8.473625571817361e-08
3,13,42937,43095,158,3.374544e-05,3.374206639240507e-05,6.354434091484244e-08
3,14,43095,43254,159,3.37997e-05,3.379717433962265e-05,6.131029172255497e-08
3,15,43254,43412,158,3.3842585e-05,3.384222297468354e-05,6.346188812940173e-08
3,16,43412,43571,159,3.384488e-05,3.383173679245283e-05,6.312903987765944e-08
3,17,43571,43729,158,3.3878615e-05,3.3872008924050637e-05,6.210582787820533e-08
3,18,43729,43888,159,3.392932e-05,3.391997408805032e-05,6.597672189276704e-08
3,19,43888,44046,158,3.402066e-05,3.4016151835443044e-05,7.38714113509792e-08
3,20,44046,44204,158,3.413333e-05,3.412533734177215e-05,6.465042301072325e-08
3,21,44204,44363,159,3.418307e-05,3.417802805031446e-05,6.628479118726692e-08
3,22,44363,44521,158,3.4228470000000004e-05,3.4223934050632915e-05,6.172088799780792e-08
3,23,44521,44680,159,3.403442e-05,3.403021037735849e-05,1.0142586143165471e-07
3,24,44680,44838,158,3.4141645e-05,3.413969943037975e-05,6.835826812143235e-08
3,25,44838,44997,159,3.429357e-05,3.4284293018867924e-05,7.095084186925204e-08
3,26,44997,45155,158,3.4209559999999996e-05,3.420718284810126e-05,1.0829100315080344e-07
3,27,45155,45313,158,3.4186175e-05,3.4184197721518984e-05,7.960573704675986e-08
3,28,45313,45472,159,3.436208e-05,3.4374737106918234e-05,8.134791025171986e-08
3,29,45472,45630,158,6.5898625e-05,0.0002469219682278481,0.00023932014700345333
3,30,45630,45789,159,0.0006035836,0.0006033511182389937,2.324633033158082e-06
3,31,45789,45947,158,0.0006032432999999999,0.0006034741632911392,1.7525706251810205e-06
3,32,45947,46106,159,0.0006056379,0.0006053946641509434,9.074296854983572e-07
3,33,46106,46264,158,0.0006029197,0.0006025496563291139,2.7374183041374948e-06
3,34,46264,46422,158,0.00060240475,0.0006021511993670887,1.6243491798371399e-06
3,35,46422,46581,159,0.0006070008,0.0006066378352201257,1.4458087130075675e-06
3,36,46581,46739,158,0.0006047131,0.0006044979930379747,1.2528778549836696e-06
3,37,46739,46898,159,0.0006012219,0.0005994093672955975,3.991639980417828e-06
3,38,46898,47056,158,0.0006019345,0.0006083301443037976,2.4369814477643156e-05
3,39,47056,47214,158,0.0006447103,0.000644730051898734,3.028136872818954e-07
4,0,54149,54308,159,3.285022e-05,3.288643974842767e-05,2.0164111941810963e-07
4,1,54308,54466,158,3.2913815e-05,3.291706215189873e-05,6.501745706514085e-08
4,2,54466,54625,159,3.302542e-05,3.302078044025157e-05,8.282733959317363e-08
4,3,54625,54783,158,3.309649e-05,3.3093477278481016e-05,6.099938833111822e-08
4,4,54783,54942,159,3.310989e-05,3.310686427672956e-05,6.188120524716397e-08
4,5,54942,55100,158,3.315433e-05,3.315324082278481e-05,6.483211706980892e-08
4,6,55100,55259,159,3.325455e-05,3.3211745849056606e-05,1.8325255929914858e-07
4,7,55259,55417,158,3.227847e-05,3.229247607594937e-05,1.0128516424429683e-07
4,8,55417,55576,159,3.194008e-05,3.188743729559749e-05,3.6489914669153174e-07
4,9,55576,55734,158,3.0854985e-05,3.100847373417722e-05,3.151585107699609e-07
4,10,55734,55893,159,3.110135e-05,3.107543257861635e-05,1.0885040354179842e-07
4,11,55893,56051,158,3.1192665e-05,3.11806896835443e-05,5.7306277799350196e-08
4,12,56051,56210,159,3.121398e-05,3.120514742138365e-05,5.806026741103857e-08
4,13,56210,56368,158,3.123274e-05,3.1236686392405055e-05,7.137334200976946e-08
4,14,56368,56527,159,3.13503e-05,3.1341066603773586e-05,6.313387140058345e-08
4,15,56527,56685,158,3.2149209999999994e-05,3.247506664556962e-05,9.843839264562022e-07
4,16,56685,56844,159,3.381137e-05,3.381243622641509e-05,7.212630783117589e-08
4,17,56844,57002,158,3.2017990000000003e-05,3.220126069620253e-05,4.4949814673463336e-07
4,18,57002,57161,159,3.191882e-05,3.190613503144654e-05,6.232620881701502e-08
4,19,57161,57319,158,3.184001e-05,3.184129905063291e-05,8.868513841496216e-08
4,20,57319,57477,158,3.1392670000000007e-05,3.141183405063291e-05,2.3221728455396595e-07
4,21,57477,57636,159,3.118376e-05,3.1178401446540885e-05,5.632056680358709e-08
4,22,57636,57794,158,3.1218895e-05,3.12145808227848e-05,5.624154175467858e-08
4,23,57794,57953,159,3.124273e-05,3.123805603773584e-05,5.4489624585283666e-08
4,24,57953,58111,158,3.131351e-05,3.1322441392405064e-05,9.712635505444689e-08
4,25,58111,58270,159,3.16978e-05,3.173285880503145e-05,1.8905268057650814e-07
4,26,58270,58428,158,3.154521e-05,3.1612684493670886e-05,2.407615885785565e-07
4,27,58428,58587,159,3.426638e-05,3.400511767295598e-05,5.197036298792604e-07
4,28,58587,58745,158,3.4421495e-05,3.441063500000001e-05,7.014629615482579e-08
4,29,58745,58904,159,3.676791e-05,0.00012054984207547169,0.00016385883132823576
4,30,58904,59062,158,0.00059927335,0.0005942376772151898,1.5457007828747512e-05
4,31,59062,59221,159,0.0005997652,0.0005995132855345913,6.678557391243475e-07
4,32,59221,59379,158,0.0006035707499999999,0.0006024581208860759,2.175109772962546e-06
4,33,59379,59538,159,0.0006025941,0.00060265466163522,7.331590089656643e-07
4,34,59538,59696,158,0.0006043603000000001,0.000604169733544304,1.107858314389006e-06
4,35,59696,59855,159,0.0006047627,0.0006047549704402516,3.4263122217515924e-07
4,36,59855,60013,158,0.0006033685499999999,0.0006033615658227847,8.566238552975371e-07
4,37,60013,60172,159,0.0006018498,0.000599910241509434,4.755944106424526e-06
4,38,60172,60330,158,0.0005896178,0.0005987149462025316,2.8176531878454253e-05
4,39,60330,60488,158,0.00064155835,0.0006415329734177214,4.972991738186633e-07
5,0,67421,67580,159,3.304183e-05,3.30261341509434e-05,6.155951493981237e-08
5,1,67580,67738,158,3.3044095000000004e-05,3.304197303797469e-05,8.492144277312685e-08
5,2,67738,67897,159,3.318145e-05,3.316669540880503e-05,6.092221140473285e-08
5,3,67897,68055,158,3.3220759999999996e-05,3.320914379746835e-05,6.197192038301657e-08
5,4,68055,68214,159,3.326229e-05,3.325338295597485e-05,6.108734001517948e-08
5,5,68214,68372,158,3.329716e-05,3.3293611075949364e-05,6.027186083352666e-08
5,6,68372,68530,158,3.3362725e-05,3.335218234177215e-05,6.473184073758147e-08
5,7,68530,68689,159,3.341076e-05,3.340486169811321e-05,6.059885194345559e-08
5,8,68689,68847,158,3.3446315e-05,3.344158772151899e-05,6.569181595462356e-08
5,9,68847,69006,159,3.348009e-05,3.347816572327044e-05,5.967832005723867e-08
5,10,69006,69164,158,3.351748e-05,3.3510139746835444e-05,6.149055347794914e-08
5,11,69164,69323,159,3.355235e-05,3.354816779874214e-05,6.207244926734843e-08
5,12,69323,69481,158,3.359188e-05,3.358972069620253e-05,6.398172642719111e-08
5,13,69481,69639,158,3.3645305e-05,3.3640318164556966e-05,6.20778581150328e-08
5,14,69639,69798,159,3.367049e-05,3.366623169811321e-05,6.16838148879347e-08
5,15,69798,69956,158,3.375765e-05,3.374312981012658e-05,6.587460877765819e-08
5,16,69956,70115,159,3.374324e-05,3.374395987421384e-05,6.722347738650421e-08
5,17,70115,70273,158,3.3765405e-05,3.37615032278481e-05,6.354230235794177e-08
5,18,70273,70432,159,3.369947e-05,3.368732012578616e-05,7.074324458259074e-08
5,19,70432,70590,158,3.3780380000000005e-05,3.377995974683544e-05,6.285230587946881e-08
5,20,70590,70748,158,3.3840810000000004e-05,3.3827865443037974e-05,6.430399329682116e-08
5,21,70748,70907,159,3.387312e-05,3.3864107798742134e-05,6.191775538778354e-08
5,22,70907,71065,158,3.3918045e-05,3.390741196202532e-05,6.223462770348179e-08
5,23,71065,71224,159,3.395358e-05,3.3943260440251576e-05,6.160817697041127e-08
5,24,71224,71382,158,3.4065360000000005e-05,3.4066001012658235e-05,8.062201149943512e-08
5,25,71382,71541,159,3.402953e-05,3.4022372893081756e-05,6.707193464324191e-08
5,26,71541,71699,158,3.4004320000000004e-05,3.3998377278481014e-05,6.10592021454913e-08
5,27,71699,71857,158,3.4019994999999996e-05,3.401462462025317e-05,6.3569995466336e-08
5,28,71857,72016,159,3.407678e-05,3.4069425283018866e-05,6.634793157981554e-08
5,29,72016,72174,158,3.453905e-05,3.7574719746835445e-05,7.082748258865121e-06
5,30,72174,72333,159,0.0005886178,0.0005274429305660377,0.0001281233346321107
5,31,72333,72491,158,0.00060073585,0.0005991712120253166,3.4903371539904698e-06
5,32,72491,72650,159,0.0006011818,0.0006013591798742138,1.4765099286940361e-06
5,33,72650,72808,158,0.0006037354,0.0006038173525316457,4.698691169363602e-07
5,34,72808,72966,158,0.0006053242,0.0006052918803797468,3.600389130619724e-07
5,35,72966,73125,159,0.0006045856,0.0006045976742138365,4.779893783475347e-07
5,36,73125,73283,158,0.0006041262,0.0006041291892405064,3.0199290095299153e-07
5,37,73283,73442,159,0.0006003219,0.000600030879245283,3.7989412582696103e-06
5,38,73442,73600,158,0.00059274455,0.0006020479544303798,2.5529412897729034e-05
5,39,73600,73758,158,0.0006414828,0.0006414878265822786,2.8964691019329463e-07
6,0,80711,80870,159,3.246102e-05,3.24540548427673e-05,7.05874937954395e-08
6,1,80870,81029,159,3.248146e-05,3.2472799811320746e-05,6.425844093021573e-08
6,2,81029,81188,159,3.261581e-05,3.2611515094339615e-05,6.948804757516727e-08
6,3,81188,81347,159,3.275722e-05,3.2753124402515724e-05,6.725018120750136e-08
6,4,81347,81506,159,3.282673e-05,3.2818300691823894e-05,5.939456920009426e-08
6,5,81506,81665,159,3.285372e-05,3.284649037735849e-05,6.082616014798394e-08
6,6,81665,81824,159,3.292662e-05,3.2928406037735844e-05,6.397822815623406e-08
6,7,81824,81983,159,3.297748e-05,3.2970075974842775e-05,5.881645624039772e-08
6,8,81983,82142,159,3.302395e-05,3.302105685534591e-05,6.163567321570054e-08
6,9,82142,82300,158,3.3243155e-05,3.322385873417722e-05,1.2375491386093232e-07
6,10,82300,82459,159,3.337054e-05,3.335876477987422e-05,6.988516253963034e-08
6,11,82459,82618,159,3.341466e-05,3.341718874213836e-05,7.124216077137012e-08
6,12,82618,82777,159,3.339203e-05,3.3387862830188676e-05,6.196316674340101e-08
6,13,82777,82936,159,3.342181e-05,3.341259886792453e-05,6.123172215004688e-08
6,14,82936,83095,159,3.34589e-05,3.3456474025157234e-05,6.387392253513566e-08
6,15,83095,83254,159,3.350007e-05,3.348994968553459e-05,6.331415506801442e-08
6,16,83254,83413,159,3.353898e-05,3.352687150943396e-05,6.102227793200563e-08
6,17,83413,83572,159,3.35891e-05,3.358179710691824e-05,6.308445832529693e-08
6,18,83572,83731,159,3.366589e-05,3.3658858427672955e-05,6.474477823615238e-08
6,19,83731,83889,158,3.371564e-05,3.3706033544303795e-05,6.406816531183984e-08
6,20,83889,84048,159,3.378804e-05,3.377634767295597e-05,6.474884802836227e-08
6,21,84048,84207,159,3.378678e-05,3.3779270628930815e-05,6.169406117698938e-08
6,22,84207,84366,159,3.380962e-05,3.3807196792452834e-05,6.293939919853593e-08
6,23,84366,84525,159,3.384373e-05,3.384125270440251e-05,6.021603452105527e-08
6,24,84525,84684,159,3.387971e-05,3.3870607421383644e-05,6.339727827038688e-08
6,25,84684,84843,159,3.392513e-05,3.390904679245283e-05,6.346955444371701e-08
6,26,84843,85002,159,3.396682e-05,3.395603050314465e-05,6.378150276799948e-08
6,27,85002,85161,159,3.40062e-05,3.400226553459119e-05,6.398719932568078e-08
6,28,85161,85320,159,3.405682e-05,3.405473459119497e-05,6.39595030064562e-08
6,29,85320,85478,158,3.441461e-05,3.526881227848102e-05,2.117536400991772e-06
6,30,85478,85637,159,0.0005765881,0.00047105484081761,0.00019458615937414716
6,31,85637,85796,159,0.000602187,0.0006020251509433962,1.0023161453998905e-06
6,32,85796,85955,159,0.0005968688,0.0005964357452830189,2.280532320973778e-06
6,33,85955,86114,159,0.0006015163,0.0006013965100628931,8.712007562900617e-07
6,34,86114,86273,159,0.0006031304,0.0006031390654088049,4.313637272136473e-07
6,35,86273,86432,159,0.0006031386,0.0006031042691823898,4.845600006268652e-07
6,36,86432,86591,159,0.0006017555,0.0006016845276729559,6.276163378498816e-07
6,37,86591,86750,159,0.0006013572,0.0005993134213836478,4.056556410785184e-06
6,38,86750,86909,159,0.0005827997,0.0005908922685534592,3.0017391057640453e-05
6,39,86909,87067,158,0.0006397597,0.000639758303164557,2.760577653320325e-07
7,0,94021,94180,159,3.230681e-05,3.230267849056604e-05,6.985271432342872e-08
7,1,94180,94339,159,3.231329e-05,3.2307966603773586e-05,6.368538255149121e-08
7,2,94339,94498,159,3.240669e-05,3.239557402515723e-05,6.310343632181984e-08
7,3,94498,94657,159,3.243262e-05,3.242646968553459e-05,5.890880750607607e-08
7,4,94657,94816,159,3.254915e-05,3.254854798742138e-05,6.550703144149181e-08
7,5,94816,94975,159,3.26083e-05,3.260598685534591e-05,6.067186788269594e-08
7,6,94975,95134,159,3.263117e-05,3.263357119496855e-05,5.845266406510409e-08
7,7,95134,95293,159,3.287056e-05,3.2868840503144654e-05,1.6735181101518233e-07
7,8,95293,95452,159,3.324354e-05,3.3271310062893086e-05,1.403499404363934e-07
7,9,95452,95611,159,3.348845e-05,3.34854420754717e-05,6.58206002628573e-08
7,10,95611,95770,159,3.337111e-05,3.3151269182389935e-05,4.167539682975847e-07
7,11,95770,95929,159,3.255372e-05,3.255056666666667e-05,6.699963043798096e-08
7,12,95929,96088,159,3.265561e-05,3.28512734591195e-05,3.8572259445805845e-07
7,13,96088,96246,158,3.312574e-05,3.3134599936708864e-05,1.1065829013369255e-07
7,14,96246,96405,159,3.310078e-05,3.309733496855346e-05,6.0174322726268e-08
7,15,96405,96564,159,3.316578e-05,3.315187339622641e-05,6.415734619064817e-08
7,16,96564,96723,159,3.321031e-05,3.3203586918239e-05,5.9516518197064334e-08
7,17,96723,96882,159,3.3272e-05,3.326522100628931e-05,6.322265736283809e-08
7,18,96882,97041,159,3.333676e-05,3.332656301886792e-05,6.25494514679127e-08
7,19,97041,97200,159,3.341072e-05,3.340367553459119e-05,6.566718186735071e-08
7,20,97200,97359,159,3.33596e-05,3.336815830188679e-05,9.1371689911275e-08
7,21,97359,97518,159,3.330245e-05,3.330505578616353e-05,6.262786784388621e-08
7,22,97518,97677,159,3.336132e-05,3.335883433962264e-05,5.9363687146334965e-08
7,23,97677,97836,159,3.339904e-05,3.3395418238993705e-05,5.965608421879732e-08
7,24,97836,97995,159,3.342873e-05,3.342899018867924e-05,6.204228237138904e-08
7,25,97995,98154,159,3.347832e-05,3.347093044025157e-05,6.212934115119552e-08
7,26,98154,98312,158,3.3530915e-05,3.352619746835443e-05,6.312641519092144e-08
7,27,98312,98471,159,3.359985e-05,3.3598905597484276e-05,6.41320494019338e-08
7,28,98471,98630,159,3.365551e-05,3.364513503144655e-05,6.843260711695047e-08
7,29,98630,98789,159,3.575029e-05,3.645752698113207e-05,2.4185835356709425e-06
7,30,98789,98948,159,0.0005690347,0.00044836420874213835,0.00021252734534136318
7,31,98948,99107,159,0.0006021206,0.0006020912213836478,3.621355931755759e-07
7,32,99107,99266,159,0.0005950846,0.0005958627044025157,3.9513077869820405e-06
7,33,99266,99425,159,0.0006009207,0.0006006107213836478,1.2374996884499866e-06
7,34,99425,99584,159,0.000601928,0.0006018964427672955,4.824243898080316e-07
7,35,99584,99743,159,0.0006020083,0.0006019907905660378,5.706791130195522e-07
7,36,99743,99902,159,0.0006013528,0.0006013231685534591,2.9717899634136437e-07
7,37,99902,100061,159,0.0006006043,0.000598322410062893,4.553836915708253e-06
7,38,100061,100220,159,0.0005821406,0.0005926639704402515,2.911877108229913e-05
7,39,100220,100378,158,0.0006385373,0.0006385520556962026,3.3576264455744625e-07
8,0,107275,107433,158,3.2683535e-05,3.267561658227848e-05,6.111505480454239e-08
8,1,107433,107591,158,3.2756505e-05,3.2745575822784805e-05,6.125730332294255e-08
8,2,107591,107748,157,3.281085e-05,3.2810648025477706e-05,6.028103511213492e-08
8,3,107748,107906,158,3.2869375000000006e-05,3.2862806012658226e-05,6.059192079598296e-08
8,4,107906,108064,158,3.291148e-05,3.290484215189873e-05,5.761681831142157e-08
8,5,108064,108221,157,3.296063e-05,3.294917898089172e-05,6.29023551267367e-08
8,6,108221,108379,158,3.300302e-05,3.2996326265822783e-05,6.213408737993122e-08
8,7,108379,108536,157,3.305011e-05,3.30438421656051e-05,6.376629110008238e-08
8,8,108536,108694,158,3.6863855e-05,0.0001258831222151899,0.00015841047401653056
8,9,108694,108852,158,0.0004895067,0.0004901434525316456,4.93199227151575e-06
8,10,108852,109009,157,0.0004739185,0.0004719643063694267,7.784426440527581e-06
8,11,109009,109167,158,0.00045053315,0.00044855097974683545,7.60868939719631e-06
8,12,109167,109325,158,0.0004435324,0.00044279678607594936,4.405773394821274e-06
8,13,109325,109482,157,0.0004472428,0.00044825597643312104,4.015028652675009e-06
8,14,109482,109640,158,0.00044711495,0.0004470234759493671,2.7185114603267527e-06
8,15,109640,109797,157,0.0004555865,0.00045482454840764324,6.744880672324658e-06
8,16,109797,109955,158,0.00045821475,0.00045772065316455695,3.2242679952429827e-06
8,17,109955,110113,158,0.00045554259999999996,0.0004548951265822785,5.8003798012751064e-06
8,18,110113,110270,157,0.0004655402,0.0004657631987261146,3.7209408963682687e-06
8,19,110270,110428,158,0.00047261225,0.00047398031075949364,3.2049592698607754e-06
8,20,110428,110586,158,0.00042244115,0.00033662392924050635,0.00015985654984480038
8,21,110586,110743,157,3.347326e-05,3.391321904458599e-05,9.470550242213539e-07
8,22,110743,110901,158,3.33989e-05,3.3391214367088614e-05,6.628979795720472e-08
8,23,110901,111058,157,3.349314e-05,3.347770993630573e-05,6.318727891904668e-08
8,24,111058,111216,158,3.353446e-05,3.353396886075949e-05,6.114443630541752e-08
8,25,111216,111374,158,3.3581695000000004e-05,3.357523848101266e-05,6.144096123878476e-08
8,26,111374,111531,157,3.370748e-05,3.372051535031847e-05,1.0206571451596418e-07
8,27,111531,111689,158,3.377352e-05,3.3765180063291134e-05,6.193575960905322e-08
8,28,111689,111847,158,3.391271e-05,3.425801582278481e-05,8.72326521718756e-07
8,29,111847,112004,157,0.0005351257,0.0004067379189808918,0.00022373282069960404
8,30,112004,112162,158,0.0005968179,0.0005945045689873418,6.378264137777096e-06
8,31,112162,112319,157,0.0005999973,0.0006000151165605096,5.83135373915642e-07
8,32,112319,112477,158,0.0006002284,0.0006002638170886076,4.595311270559334e-07
8,33,112477,112635,158,0.0006005968,0.0006006129734177215,5.197730900269537e-07
8,34,112635,112792,157,0.0005999899,0.000599971172611465,3.6440978396736623e-07
8,35,112792,112950,158,0.00060005995,0.0005999881196202532,4.830760170883374e-07
8,36,112950,113108,158,0.00059849265,0.000598432743670886,4.5543578913998567e-07
8,37,113108,113265,157,0.0005959437,0.0005936560165605096,5.7483505568501234e-06
8,38,113265,113423,158,0.0005784205,0.0005897281405063291,3.0394159191077096e-05
8,39,113423,113580,157,0.000636228,0.0006362757662420383,4.5865831829024404e-07
9,0,120439,120596,157,3.240837e-05,3.240201089171974e-05,6.24033997356547e-08
9,1,120596,120753,157,3.248596e-05,3.247271350318472e-05,6.127884803413099e-08
9,2,120753,120910,157,3.254414e-05,3.253858401273885e-05,6.25474402665523e-08
9,3,120910,121066,156,3.259395e-05,3.258570923076923e-05,5.9593533233518014e-08
9,4,121066,121223,157,3.263876e-05,3.263194165605096e-05,5.900422951316463e-08
9,5,121223,121380,157,3.269026e-05,3.268535585987261e-05,6.076617827141057e-08
9,6,121380,121537,157,3.272742e-05,3.2721711847133757e-05,5.9562471425559155e-08
9,7,121537,121693,156,3.2782125e-05,3.279396038461538e-05,9.57381088611717e-08
9,8,121693,121850,157,6.931889e-05,0.0002515466952866242,0.00024104338860006101
9,9,121850,122007,157,0.0005991701,0.0005989599369426752,9.233286701008151e-07
9,10,122007,122164,157,0.0005983091,0.0005982963757961784,2.8196729638286346e-07
9,11,122164,122320,156,0.00059810935,0.0005981270660256411,4.5688090386894293e-07
9,12,122320,122477,157,0.0005983729,0.0005983704566878981,3.6546372048440495e-07
9,13,122477,122634,157,0.0005986583,0.0005986338942675159,3.940376800246901e-07
9,14,122634,122791,157,0.0005984843,0.0005984924242038216,3.334774650091876e-07
9,15,122791,122947,156,0.0005985285,0.000598522710897436,3.8482096362842843e-07
9,16,122947,123104,157,0.0005977137,0.0005977149910828026,6.341182982900065e-07
9,17,123104,123261,157,0.0005982436,0.0005982279757961783,3.091360215121197e-07
9,18,123261,123418,157,0.0005979156,0.0005979280248407643,2.280657067171393e-07
9,19,123418,123574,156,0.0005978045999999999,0.0005977283532051283,4.3378857981383905e-07
9,20,123574,123731,157,0.0003946581,0.0003461767063694267,0.0002183338575969005
9,21,123731,123888,157,3.314418e-05,3.3319223949044595e-05,4.6004466229147426e-07
9,22,123888,124045,157,3.319364e-05,3.319051401273885e-05,6.484927988599658e-08
9,23,124045,124201,156,3.3234785e-05,3.3237096346153854e-05,6.094777856205606e-08
9,24,124201,124358,157,3.329675e-05,3.328903299363057e-05,6.136977239366006e-08
9,25,124358,124515,157,3.334216e-05,3.334285280254777e-05,6.455501164473191e-08
9,26,124515,124672,157,3.340409e-05,3.340181681528662e-05,6.335427762229104e-08
9,27,124672,124828,156,3.345493e-05,3.344407935897436e-05,6.044059852110224e-08
9,28,124828,124985,157,3.365128e-05,3.441202114649681e-05,1.8287103892682933e-06
9,29,124985,125142,157,0.0005739277,0.0004607557800636943,0.00020354046364898817
9,30,125142,125299,157,0.0005984755,0.0005984609968152865,3.0982395975910703e-07
9,31,125299,125455,156,0.00059782795,0.0005977636198717948,3.938844916293832e-07
9,32,125455,125612,157,0.000598137,0.0005981190171974522,3.1963012166001895e-07
9,33,125612,125769,157,0.000597125,0.000597020476433121,5.171302483667059e-07
9,34,125769,125926,157,0.0005959033,0.0005954489057324841,1.7605110226281385e-06
9,35,125926,126082,156,0.0005951285500000001,0.000594651017948718,1.7614497784454533e-06
9,36,126082,126239,157,0.0005968114,0.0005965238171974522,1.047418481462565e-06
9,37,126239,126396,157,0.0005950349,0.0005927424184713376,4.445270079302167e-06
9,38,126396,126553,157,0.0005846079,0.0005934285560509554,2.7145732159758414e-05
9,39,126553,126709,156,0.0006339741,0.000633968030128205,2.510430214994538e-07
10,0,133578,133735,157,3.232714e-05,3.231865980891719e-05,6.43541417259861e-08
10,1,133735,133892,157,3.236742e-05,3.236547210191083e-05,6.026585616374219e-08
10,2,133892,134049,157,3.239058e-05,3.23790501910828e-05,6.028225042683788e-08
10,3,134049,134206,157,3.242314e-05,3.241671847133758e-05,5.857476409466784e-08
10,4,134206,134363,157,3.248078e-05,3.247125675159235e-05,6.078983400822207e-08
10,5,134363,134520,157,3.25429e-05,3.253832796178344e-05,5.967728709125267e-08
10,6,134520,134677,157,3.259666e-05,3.258530942675159e-05,6.074764030689711e-08
10,7,134677,134834,157,3.269217e-05,3.2696739171974524e-05,1.022683897278671e-07
10,8,134834,134991,157,8.842822e-05,0.00027466200388535033,0.00024639111061491365
10,9,134991,135148,157,0.0005978203,0.0005976744789808917,5.996748723167684e-07
10,10,135148,135305,157,0.0005979476,0.000597958621656051,2.7602404245842604e-07
10,11,135305,135462,157,0.000597602,0.0005975579585987262,3.4416518161338805e-07
10,12,135462,135619,157,0.000597666,0.000597649476433121,2.72481730151328e-07
10,13,135619,135776,157,0.0005975282,0.0005974786089171975,3.6435811535660495e-07
10,14,135776,135933,157,0.0005964156,0.0005964492063694268,3.8738352441899236e-07
10,15,135933,136090,157,0.0005964565,0.0005963064961783439,5.969759698014926e-07
10,16,136090,136247,157,0.0005961725,0.0005961939114649681,3.4354159520974466e-07
10,17,136247,136404,157,0.0005962877,0.0005962884878980893,2.930226758796256e-07
10,18,136404,136561,157,0.0005959642,0.0005959621414012738,3.801782868794509e-07
10,19,136561,136718,157,0.0005950843,0.0005946053738853503,1.591118862200192e-06
10,20,136718,136875,157,0.0002148154,0.0002681317940127388,0.00021747331451622582
10,21,136875,137032,157,3.300556e-05,3.30117649044586e-05,1.0558146542020292e-07
10,22,137032,137189,157,3.306444e-05,3.3054497452229303e-05,5.992968439109159e-08
10,23,137189,137346,157,3.310713e-05,3.3096160636942675e-05,6.680832957222654e-08
10,24,137346,137503,157,3.313152e-05,3.3126535095541404e-05,6.162739379330587e-08
10,25,137503,137660,157,3.317224e-05,3.3165865222929935e-05,6.288735123989094e-08
10,26,137660,137817,157,3.323411e-05,3.322172452229299e-05,6.291169816634305e-08
10,27,137817,137974,157,3.328801e-05,3.3271009554140127e-05,6.185006476363769e-08
10,28,137974,138131,157,3.357707e-05,3.6733925286624205e-05,6.9935491321908644e-06
10,29,138131,138288,157,0.0005916154,0.0005277667854140127,0.00013467954229002548
10,30,138288,138445,157,0.0005975178,0.0005974805942675159,2.8258975559481724e-07
10,31,138445,138602,157,0.0005972959,0.0005973032993630573,2.726742160321866e-07
10,32,138602,138759,157,0.0005970447,0.0005970819,4.882458656766223e-07
10,33,138759,138916,157,0.0005962212,0.0005961657254777069,4.986372427531238e-07
10,34,138916,139073,157,0.0005953579,0.0005953279331210191,6.425794740198762e-07
10,35,139073,139230,157,0.0005941555,0.0005941216363057325,5.406243057979062e-07
10,36,139230,139387,157,0.000594754,0.0005947629203821656,4.85567519787375e-07
10,37,139387,139544,157,0.0005850377,0.0005839059668789809,1.0580084484138791e-05
10,38,139544,139701,157,0.000600049,0.0005912857987261146,3.6134068630361746e-05
10,39,139701,139857,156,0.0006313459,0.0006313479903846153,2.659408276624736e-07
11,0,146739,146897,158,3.215102e-05,3.214031651898734e-05,6.125891723181356e-08
11,1,146897,147054,157,3.221998e-05,3.220948834394904e-05,6.043435952560614e-08
11,2,147054,147211,157,3.228574e-05,3.227459656050955e-05,6.07667044760805e-08
11,3,147211,147369,158,3.234162e-05,3.2339185569620254e-05,5.976465033561921e-08
11,4,147369,147526,157,3.240553e-05,3.2388716496815284e-05,6.112819455256601e-08
11,5,147526,147683,157,3.244736e-05,3.243812191082803e-05,5.887389450064943e-08
11,6,147683,147841,158,3.2486925000000004e-05,3.248152734177215e-05,6.133011570944436e-08
11,7,147841,147998,157,3.256599e-05,3.2567995859872615e-05,1.0405634399771823e-07
11,8,147998,148155,157,6.931088e-05,0.0002494424768152866,0.00024066713067416294
11,9,148155,148312,157,0.0005961398,0.0005959875388535031,7.640030377811393e-07
11,10,148312,148470,158,0.00059602425,0.0005960264537974683,2.607208026145228e-07
11,11,148470,148627,157,0.0005957558,0.0005957633936305731,2.4796581171824737e-07
11,12,148627,148784,157,0.0005951945,0.0005951788127388533,2.5688052087171865e-07
11,13,148784,148942,158,0.0005954395500000001,0.0005954373841772153,2.9307066943194494e-07
11,14,148942,149099,157,0.0005953013,0.0005952952866242039,2.6908174570572853e-07
11,15,149099,149256,157,0.0005951788,0.0005951708375796178,2.421567062280361e-07
11,16,149256,149414,158,0.0005947561,0.00059474517278481,3.0395346072162275e-07
11,17,149414,149571,157,0.0005946459,0.0005946582140127388,4.4128026169066456e-07
11,18,149571,149728,157,0.0005945862,0.0005945699598726115,3.463298887322361e-07
11,19,149728,149885,157,0.0005922338,0.0005913990197452229,2.6814025974734756e-06
11,20,149885,150043,158,0.0002205946,0.00026852672848101265,0.0002143409826745583
11,21,150043,150200,157,3.279834e-05,3.2830102866242036e-05,1.678915360364432e-07
11,22,150200,150357,157,3.287376e-05,3.2867322038216564e-05,6.416904783697717e-08
11,23,150357,150515,158,3.2932489999999996e-05,3.2929035316455695e-05,6.089509215815755e-08
11,24,150515,150672,157,3.298701e-05,3.297595910828025e-05,6.182939085683373e-08
11,25,150672,150829,157,3.302829e-05,3.3021617261146494e-05,6.209995659979255e-08
11,26,150829,150987,158,3.307803e-05,3.306904386075949e-05,6.229061278735064e-08
11,27,150987,151144,157,3.311817e-05,3.311448318471338e-05,6.149574748943502e-08
11,28,151144,151301,157,3.335854e-05,3.4514258598726114e-05,2.71938987045028e-06
11,29,151301,151458,157,0.0005759077,0.00047485300146496824,0.0001889675250699239
11,30,151458,151616,158,0.00059568585,0.0005956497917721519,3.790543044100609e-07
11,31,151616,151773,157,0.0005953932,0.0005953714687898089,3.590346405325767e-07
11,32,151773,151930,157,0.000595207,0.000595202923566879,2.5899911249390013e-07
11,33,151930,152088,158,0.0005950883,0.0005950804525316455,3.899315403560948e-07
11,34,152088,152245,157,0.0005936522,0.0005934603050955414,6.681870151650503e-07
11,35,152245,152402,157,0.0005905591,0.0005904813681528662,1.6885120998130455e-06
11,36,152402,152560,158,0.00058490645,0.0005839650297468355,4.573538712764228e-06
11,37,152560,152717,157,0.0005920059,0.0005904048394904459,3.109107544830103e-06
11,38,152717,152874,157,0.0005786174,0.000584163105732484,2.5959188177337143e-05
11,39,152874,153031,157,0.0006306566,0.0006306423070063695,2.978462321003733e-07
12,0,159906,160064,158,3.222318e-05,3.221525424050632e-05,6.155693321596546e-08
12,1,160064,160221,157,3.229538e-05,3.229078452229299e-05,6.217853183334342e-08
12,2,160221,160378,157,3.235295e-05,3.2351857834394904e-05,6.044655424547311e-08
12,3,160378,160535,157,3.240782e-05,3.24002178343949e-05,6.026065186722597e-08
12,4,160535,160692,157,3.245901e-05,3.2449020700636945e-05,6.015683182675666e-08
12,5,160692,160849,157,3.250809e-05,3.2495286369426754e-05,6.288359803721126e-08
12,6,160849,161006,157,3.255213e-05,3.2536250445859867e-05,6.195102874223829e-08
12,7,161006,161163,157,3.26062e-05,3.261431675159236e-05,9.206951105831921e-08
12,8,161163,161321,158,7.143963e-05,0.00025342214499999996,0.00024105124421453243
12,9,161321,161478,157,0.0005947328,0.0005945988821656051,7.063083124906556e-07
12,10,161478,161635,157,0.0005946672,0.0005946704095541401,2.794936961980554e-07
12,11,161635,161792,157,0.0005945845,0.0005945711445859873,3.247003344378678e-07
12,12,161792,161949,157,0.0005943726,0.000594339019745223,3.52256717409966e-07
12,13,161949,162106,157,0.0005932904,0.0005932945573248408,6.368508920870553e-07
12,14,162106,162263,157,0.0005923338,0.0005923616031847133,7.729656812464333e-07
12,15,162263,162420,157,0.0005934027,0.0005934219477707008,5.485941125544688e-07
12,16,162420,162578,158,0.0005932569,0.0005932380651898734,3.3626593641161953e-07
12,17,162578,162735,157,0.0005925672,0.0005925331477707006,4.330761998213664e-07
12,18,162735,162892,157,0.0005924648,0.0005923538248407644,4.6790731534392885e-07
12,19,162892,163049,157,0.0005915977,0.0005906534726114651,2.943232934149771e-06
12,20,163049,163206,157,0.0001690787,0.00024029352292993632,0.00020750370454624965
12,21,163206,163363,157,3.285986e-05,3.2863983566878985e-05,9.980859739216881e-08
12,22,163363,163520,157,3.293742e-05,3.292889738853503e-05,6.305829952544022e-08
12,23,163520,163677,157,3.299422e-05,3.2982675095541396e-05,6.06511517905959e-08
12,24,163677,163835,158,3.3033725e-05,3.302771943037975e-05,6.102862267099392e-08
12,25,163835,163992,157,3.307491e-05,3.307080662420382e-05,5.96058629992942e-08
12,26,163992,164149,157,3.312641e-05,3.311972044585987e-05,6.227546623435e-08
12,27,164149,164306,157,3.318206e-05,3.3169557452229295e-05,6.211284965988852e-08
12,28,164306,164463,157,3.350883e-05,3.811488031847134e-05,1.0011987146155423e-05
12,29,164463,164620,157,0.0005912131,0.0005432721477070064,0.00010433719753134248
12,30,164620,164777,157,0.0005932951,0.0005931178560509554,7.970365333264369e-07
12,31,164777,164934,157,0.000593714,0.0005937217063694268,2.7956418601021907e-07
12,32,164934,165092,158,0.00059391625,0.0005938890373417723,3.96871251719036e-07
12,33,165092,165249,157,0.0005927686,0.0005928339585987261,3.656608940431422e-07
12,34,165249,165406,157,0.000592662,0.0005926367439490445,4.013737820401886e-07
12,35,165406,165563,157,0.000590039,0.0005900088624203821,9.81499331188161e-07
12,36,165563,165720,157,0.0005918022,0.0005916905936305732,5.056907314584622e-07
12,37,165720,165877,157,0.0005889761,0.0005848818681528662,7.552005883292116e-06
12,38,165877,166034,157,0.0005992533,0.0005936451006369426,2.933690250598065e-05
12,39,166034,166191,157,0.0006293632,0.0006293738636942675,3.707092501844789e-07
13,0,173088,173246,158,3.2293824999999994e-05,3.3566369303797467e-05,2.0660648077931667e-06
13,1,173246,173404,158,3.227352e-05,3.22640264556962e-05,6.116040079506173e-08
13,2,173404,173561,157,3.232759e-05,3.2322018471337585e-05,6.11670087397834e-08
13,3,173561,173719,158,3.238148e-05,3.237523006329114e-05,6.07823826334869e-08
13,4,173719,173877,158,3.2434555e-05,3.2427581012658225e-05,5.975669043830195e-08
13,5,173877,174034,157,3.24611e-05,3.2459716114649684e-05,6.140626610331556e-08
13,6,174034,174192,158,3.2508965e-05,3.249839613924051e-05,6.003053630882299e-08
13,7,174192,174350,158,3.2566425e-05,3.25541917721519e-05,6.894975224635823e-08
13,8,174350,174507,157,3.765509e-05,0.0001536388398089172,0.00019357598216388516
13,9,174507,174665,158,0.0005878108000000001,0.0005852308120253165,6.973536778878734e-06
13,10,174665,174823,158,0.00059064485,0.0005901755848101266,1.6258255233657443e-06
13,11,174823,174980,157,0.0005925379,0.0005924984382165606,4.4303595108468107e-07
13,12,174980,175138,158,0.0005925311,0.0005925570601265823,3.780363519691066e-07
13,13,175138,175296,158,0.0005919431,0.0005919522303797467,4.831955324931866e-07
13,14,175296,175453,157,0.0005923189,0.0005923081535031847,2.78283501718108e-07
13,15,175453,175611,158,0.000592126,0.0005921129829113925,3.5166085308725354e-07
13,16,175611,175769,158,0.00059214315,0.0005921353613924051,2.936861374101967e-07
13,17,175769,175926,157,0.0005922613,0.0005922477605095543,2.807423600171895e-07
13,18,175926,176084,158,0.0005918824000000001,0.000591889009493671,4.744890532127483e-07
13,19,176084,176241,157,0.0005908824,0.0005908115159235668,5.695148086418527e-07
13,20,176241,176399,158,0.00029683789999999997,0.00030316850341772155,0.00021856091438280593
13,21,176399,176557,158,3.2874425e-05,3.293789734177215e-05,2.391682346939175e-07
13,22,176557,176714,157,3.293399e-05,3.29330643312102e-05,6.267804293842406e-08
13,23,176714,176872,158,3.299308e-05,3.298968417721519e-05,5.995967823626507e-08
13,24,176872,177030,158,3.3039685e-05,3.302922810126582e-05,6.028315001840595e-08
13,25,177030,177187,157,3.306905e-05,3.306588369426752e-05,6.245763389860568e-08
13,26,177187,177345,158,3.3123975e-05,3.31066870886076e-05,6.244309237373389e-08
13,27,177345,177503,158,3.314738e-05,3.31460588607595e-05,6.213101235430259e-08
13,28,177503,177660,157,3.341983e-05,3.682010757961784e-05,7.578870901504599e-06
13,29,177660,177818,158,0.0005876942,0.000526465093164557,0.00013153139144052563
13,30,177818,177976,158,0.0005925717,0.0005925858265822784,3.6592388594629864e-07
13,31,177976,178133,157,0.0005926258,0.000592645417834395,4.1053940228488007e-07
13,32,178133,178291,158,0.0005922671000000001,0.0005918585879746835,1.1667292766456003e-06
13,33,178291,178449,158,0.00059025065,0.0005894169968354431,2.1760248974870838e-06
13,34,178449,178606,157,0.0005921385,0.0005921344789808918,2.403348049604877e-07
13,35,178606,178764,158,0.00059148075,0.0005911718974683544,1.0469855192226606e-06
13,36,178764,178922,158,0.00058645135,0.0005869091810126581,1.6373312097044972e-06
13,37,178922,179079,157,0.000585687,0.0005848198560509554,3.111165976964485e-06
13,38,179079,179237,158,0.00059707415,0.0005945695658227848,2.6494565864898878e-05
13,39,179237,179394,157,0.0006278236,0.0006278251955414013,2.9308369434506347e-07
14,0,186258,186415,157,3.343106e-05,6.094131636942675e-05,5.2219407748011946e-05
14,1,186415,186572,157,3.218913e-05,3.2179882165605096e-05,6.659745040469408e-08
14,2,186572,186729,157,3.226395e-05,3.2257847388535026e-05,6.121985383330589e-08
14,3,186729,186886,157,3.232038e-05,3.230761044585987e-05,6.061834845873733e-08
14,4,186886,187043,157,3.236349e-05,3.235300121019108e-05,5.898385169650956e-08
14,5,187043,187200,157,3.240992e-05,3.239913605095541e-05,6.033244240092619e-08
14,6,187200,187356,156,3.2452375e-05,3.244408846153846e-05,6.043685734581381e-08
14,7,187356,187513,157,3.252302e-05,3.2516211656050954e-05,8.919911076680489e-08
14,8,187513,187670,157,5.805008e-05,0.00022986845012738853,0.0002333149783970499
14,9,187670,187827,157,0.0005924494,0.000592046576433121,1.4360808236281038e-06
14,10,187827,187984,157,0.0005920977,0.0005921305350318472,3.9698669118320743e-07
14,11,187984,188141,157,0.0005916693,0.0005916856496815286,3.126531094217853e-07
14,12,188141,188298,157,0.0005917442,0.0005917404222929935,2.925154149345975e-07
14,13,188298,188454,156,0.00058975605,0.0005891625910256411,1.8721474550999979e-06
14,14,188454,188611,157,0.0005914117,0.0005913841872611464,4.55001433430389e-07
14,15,188611,188768,157,0.000590686,0.0005906076929936305,5.866530146794038e-07
14,16,188768,188925,157,0.0005914427,0.000591444711464968,5.403279993438459e-07
14,17,188925,189082,157,0.000591277,0.0005912390420382167,3.5256566414237076e-07
14,18,189082,189239,157,0.0005906826,0.0005907035535031846,4.883013822834796e-07
14,19,189239,189395,156,0.0005909417,0.0005897080653846155,3.4159159997188344e-06
14,20,189395,189552,157,0.0001545065,0.00023130475974522292,0.00020426554875032653
14,21,189552,189709,157,3.283053e-05,3.2829401656050955e-05,7.958884535874204e-08
14,22,189709,189866,157,3.290381e-05,3.290343668789809e-05,6.232678346265507e-08
14,23,189866,190023,157,3.294694e-05,3.294840127388535e-05,6.14587485982993e-08
14,24,190023,190180,157,3.29897e-05,3.298448617834395e-05,6.065025522848457e-08
14,25,190180,190337,157,3.303939e-05,3.3029039617834395e-05,6.16433219001524e-08
14,26,190337,190493,156,3.3087275e-05,3.30848641025641e-05,6.267145842500954e-08
14,27,190493,190650,157,3.31199e-05,3.311308898089172e-05,5.8950042891614735e-08
14,28,190650,190807,157,3.364356e-05,4.8964364585987256e-05,5.520499873661541e-05
14,29,190807,190964,157,0.0005908075,0.0005664021216560509,4.512940667421764e-05
14,30,190964,191121,157,0.0005915341,0.0005915270331210191,4.838609660268094e-07
14,31,191121,191278,157,0.0005914168,0.0005914796076433122,3.9436724285185347e-07
14,32,191278,191435,157,0.0005914498,0.0005913999675159235,4.847279205598373e-07
14,33,191435,191591,156,0.0005906749499999999,0.0005907537256410256,6.755725351433221e-07
14,34,191591,191748,157,0.0005894412,0.0005895229452229298,7.157423237046615e-07
14,35,191748,191905,157,0.0005897543,0.0005897536108280255,3.7859805679488976e-07
14,36,191905,192062,157,0.0005899931,0.0005898590477707006,4.991552610129836e-07
14,37,192062,192219,157,0.0005852532,0.000583554876433121,5.5497350959806375e-06
14,38,192219,192376,157,0.0005950777,0.0005897063649681529,3.189373896048366e-05
14,39,192376,192532,156,0.0006274895,0.0006275066499999999,2.777083060861333e-07
15,0,199397,199554,157,3.342316e-05,6.796285745222929e-05,6.152406753723372e-05
15,1,199554,199711,157,3.194046e-05,3.193225872611465e-05,6.700969311693381e-08
15,2,199711,199868,157,3.202237e-05,3.202008974522293e-05,6.073446845518454e-08
15,3,199868,200025,157,3.208543e-05,3.207797267515924e-05,6.002766864567209e-08
15,4,200025,200182,157,3.213247e-05,3.2127303248407646e-05,5.923282267294481e-08
15,5,200182,200339,157,3.218753e-05,3.2178476942675155e-05,5.836423737757129e-08
15,6,200339,200496,157,3.222293e-05,3.22209925477707e-05,5.8945797102563926e-08
15,7,200496,200653,157,3.229759e-05,3.22929531210191e-05,8.427009391519539e-08
15,8,200653,200810,157,5.598347e-05,0.00022664409522292993,0.0002329564973628017
15,9,200810,200966,156,0.0005918585,0.0005915062634615385,1.418341809056896e-06
15,10,200966,201123,157,0.0005914983,0.0005915212375796179,5.403361742463992e-07
15,11,201123,201280,157,0.0005915464,0.0005915100407643312,4.83572445906696e-07
15,12,201280,201437,157,0.0005907934,0.0005894438566878981,3.136225783851675e-06
15,13,201437,201594,157,0.0005899803,0.0005879877847133759,3.833716438353604e-06
15,14,201594,201751,157,0.00059102,0.0005910203878980892,3.267123219569634e-07
15,15,201751,201908,157,0.000591096,0.0005910516414012738,3.895825374793683e-07
15,16,201908,202065,157,0.0005908661,0.0005908519853503185,3.99271024089034e-07
15,17,202065,202222,157,0.0005912138,0.0005911924369426752,2.947678547423053e-07
15,18,202222,202379,157,0.0005908586,0.0005908352401273885,3.0257378946518353e-07
15,19,202379,202535,156,0.0005907155000000001,0.000587770148076923,6.957206077859412e-06
15,20,202535,202692,157,0.0001165806,0.00019758337012738855,0.00018723618320583277
15,21,202692,202849,157,3.232265e-05,3.231574152866242e-05,6.872720743816942e-08
15,22,202849,203006,157,3.239405e-05,3.238322968152866e-05,6.654443295440583e-08
15,23,203006,203163,157,3.227176e-05,3.226637738853504e-05,7.228354641956327e-08
15,24,203163,203320,157,3.231401e-05,3.2305543312101916e-05,6.111285106118144e-08
15,25,203320,203477,157,3.23701e-05,3.2366703184713374e-05,6.39231309971737e-08
15,26,203477,203634,157,3.241774e-05,3.241180394904458e-05,5.819486102202859e-08
15,27,203634,203791,157,3.252633e-05,3.26458627388535e-05,2.500792288382232e-07
15,28,203791,203948,157,3.36729e-05,5.6111088152866244e-05,7.431351488212823e-05
15,29,203948,204104,156,0.0005913696,0.0005692871711538461,4.044978759590522e-05
15,30,204104,204261,157,0.0005917815,0.0005917539910828026,3.8400746432762956e-07
15,31,204261,204418,157,0.0005914751,0.0005914484828025479,4.962091847744927e-07
15,32,204418,204575,157,0.0005911375,0.000591126547133758,5.071233200390703e-07
15,33,204575,204732,157,0.0005893469,0.0005891484280254776,1.556713012419507e-06
15,34,204732,204889,157,0.0005749171,0.0005617758031847134,2.8318088744890484e-05
15,35,204889,205046,157,0.0005350793,0.0005357838598726114,1.582140315632234e-05
15,36,205046,205203,157,0.0005732047,0.0005703392464968153,7.887427814478073e-06
15,37,205203,205360,157,0.0005145806,0.0005127488821656051,2.1766177588519504e-05
15,38,205360,205517,157,0.0005957326,0.0005820365898089173,4.156537120056842e-05
15,39,205517,205673,156,0.0006274025,0.0006274024237179487,2.399228313737213e-07
16,0,212540,212697,157,3.354092e-05,7.190313382165605e-05,6.806175334712825e-05
16,1,212697,212854,157,3.186527e-05,3.185514394904459e-05,6.652860057117678e-08
16,2,212854,213011,157,3.193938e-05,3.1931801019108285e-05,5.85482384618605e-08
16,3,213011,213168,157,3.198956e-05,3.199278044585987e-05,6.371532577031813e-08
16,4,213168,213325,157,3.21599e-05,3.215683006369427e-05,6.23797339854688e-08
16,5,213325,213482,157,3.222061e-05,3.221532770700637e-05,5.802252980905602e-08
16,6,213482,213639,157,3.226945e-05,3.2254340063694265e-05,5.831382283058621e-08
16,7,213639,213796,157,3.23254e-05,3.23259903821656e-05,8.15141778835576e-08
16,8,213796,213953,157,5.486737e-05,0.00022248629840764336,0.00023110011713287364
16,9,213953,214110,157,0.0005920141,0.0005915418184713377,1.6220613433632356e-06
16,10,214110,214267,157,0.000591743,0.0005916829566878981,4.079770340223398e-07
16,11,214267,214424,157,0.0005917469,0.0005917710133757961,2.582161714965987e-07
16,12,214424,214581,157,0.0005916437,0.0005916784611464969,3.389214736567929e-07
16,13,214581,214738,157,0.000591509,0.0005915001254777069,2.476959639579888e-07
16,14,214738,214895,157,0.0005913416,0.0005913305681528662,2.5525110030848006e-07
16,15,214895,215052,157,0.0005913645,0.0005913279210191082,3.6035222401752425e-07
16,16,215052,215209,157,0.0005912339,0.0005911175305732485,4.0952576187405533e-07
16,17,215209,215366,157,0.0005915037,0.0005914520159235668,4.801590733639244e-07
16,18,215366,215523,157,0.000590289,0.0005901558089171975,6.736091816491365e-07
16,19,215523,215680,157,0.0005894224,0.0005870653611464968,6.302698108020648e-06
16,20,215680,215837,157,0.0001066339,0.00019298737044585985,0.0001876082711952743
16,21,215837,215994,157,3.266999e-05,3.266565229299363e-05,7.300008727743316e-08
16,22,215994,216151,157,3.274837e-05,3.2750043248407646e-05,6.051908038562509e-08
16,23,216151,216308,157,3.278342e-05,3.2779647261146494e-05,6.060165217746765e-08
16,24,216308,216465,157,3.283428e-05,3.2819411337579624e-05,6.176173839893107e-08
16,25,216465,216622,157,3.286648e-05,3.285840624203821e-05,5.858887410319732e-08
16,26,216622,216779,157,3.289775e-05,3.289712484076433e-05,5.989570004243507e-08
16,27,216779,216936,157,3.294805e-05,3.2936002993630576e-05,6.149663177007062e-08
16,28,216936,217093,157,3.377485e-05,7.232955261146497e-05,0.00010593605977678234
16,29,217093,217250,157,0.0005906482,0.0005756308101910829,2.9427046482469574e-05
16,30,217250,217407,157,0.0005916302,0.0005916684687898089,6.28312891732807e-07
16,31,217407,217564,157,0.0005911984,0.0005911780592356687,5.753608023323826e-07
16,32,217564,217721,157,0.0005912016,0.0005908406503184713,1.1253981992870334e-06
16,33,217721,217878,157,0.0005863988,0.000586227019745223,1.297740467533893e-06
16,34,217878,218035,157,0.0005861282,0.0005857402388535031,2.2653968070364977e-06
16,35,218035,218192,157,0.0005883015,0.0005874772891719744,1.8579054384683792e-06
16,36,218192,218349,157,0.0005857076,0.0005856558038216561,1.81266958255684e-06
16,37,218349,218506,157,0.0004375401,0.0004415742350318471,8.865262464957943e-05
16,38,218506,218663,157,0.0006019418,0.0005844679579617834,4.2701019071995166e-05
16,39,218663,218819,156,0.00062741695,0.0006273864121794872,4.308937440178378e-07
17,0,225677,225834,157,3.398776e-05,8.24497570700637e-05,8.137403469975615e-05
17,1,225834,225991,157,3.187441e-05,3.1872754331210196e-05,6.109109906575804e-08
17,2,225991,226148,157,3.191028e-05,3.1902468471337576e-05,5.957185889482933e-08
17,3,226148,226305,157,3.195185e-05,3.194123585987261e-05,5.9497044213309406e-08
17,4,226305,226461,156,3.1989765e-05,3.198643057692308e-05,5.901334069340081e-08
17,5,226461,226618,157,3.20283e-05,3.201388394904459e-05,5.982920883870145e-08
17,6,226618,226775,157,3.20546e-05,3.2047524777070065e-05,5.93513197829851e-08
17,7,226775,226932,157,3.211748e-05,3.211184528662421e-05,7.922126320243332e-08
17,8,226932,227088,156,4.6470730000000004e-05,0.00020007047044871796,0.0002219101587197619
17,9,227088,227245,157,0.0005917781,0.0005907956636942674,3.036265135640297e-06
17,10,227245,227402,157,0.0005917965,0.0005918348847133759,4.903680843104157e-07
17,11,227402,227559,157,0.0005915233,0.0005914717273885351,4.6815361157096356e-07
17,12,227559,227716,157,0.0005905768,0.0005905532031847135,6.448872860011288e-07
17,13,227716,227872,156,0.0005902643,0.0005899102743589744,1.117333163584207e-06
17,14,227872,228029,157,0.0005907197,0.0005905709719745222,4.89386899919989e-07
17,15,228029,228186,157,0.0005912479,0.000591235578343949,2.477207309655862e-07
17,16,228186,228343,157,0.0005911185,0.000591140252866242,2.8704834732493487e-07
17,17,228343,228499,156,0.00059104505,0.0005910381871794871,2.6025924026502536e-07
17,18,228499,228656,157,0.0005908398,0.000590839643312102,3.728706786069771e-07
17,19,228656,228813,157,0.0005905114,0.0005872742050955414,7.75648703590682e-06
17,20,228813,228970,157,5.441506e-05,0.00018738688331210193,0.0001854096987491178
17,21,228970,229127,157,3.178409e-05,3.177930878980891e-05,6.673828414895693e-08
17,22,229127,229283,156,3.183769e-05,3.1831494615384614e-05,5.912685182641944e-08
17,23,229283,229440,157,3.189177e-05,3.18953696178344e-05,9.09729913925627e-08
17,24,229440,229597,157,3.199378e-05,3.2023833566878975e-05,1.487187901809398e-07
17,25,229597,229754,157,3.179221e-05,3.177331949044586e-05,2.3196484712758789e-07
17,26,229754,229910,156,3.1837240000000004e-05,3.164735243589743e-05,5.10124651074431e-07
17,27,229910,230067,157,3.27352e-05,3.2682929490445864e-05,2.1183597271484874e-07
17,28,230067,230224,157,3.38577e-05,7.081314267515925e-05,0.00010229763598634005
17,29,230224,230381,157,0.0005900046,0.0005740920044585988,3.1289903180653874e-05
17,30,230381,230538,157,0.0005917064,0.0005917271910828026,4.074958177075515e-07
17,31,230538,230694,156,0.00059119125,0.0005911388666666668,6.901476987343923e-07
17,32,230694,230851,157,0.0005896053,0.0005894923675159235,1.5223566992152092e-06
17,33,230851,231008,157,0.0005909925,0.000590422849044586,1.476749019105485e-06
17,34,231008,231165,157,0.000591733,0.0005917377458598726,4.375554250592526e-07
17,35,231165,231321,156,0.00058570605,0.0005791764942307692,1.2150256927441964e-05
17,36,231321,231478,157,0.0005579889,0.0005574206872611465,7.154698960134953e-06
17,37,231478,231635,157,0.0005316082,0.0005224470624203821,2.372699158135538e-05
17,38,231635,231792,157,0.0005971268,0.0005862921910828026,3.689850599052987e-05
17,39,231792,231948,156,0.0006274249,0.000627417533974359,3.293921450063724e-07
18,0,238829,238987,158,4.3695485e-05,0.0001294081071518987,0.0001146418404545852
18,1,238987,239144,157,3.219752e-05,3.219677433121019e-05,7.001926810586806e-08
18,2,239144,239301,157,3.229417e-05,3.2294155350318465e-05,6.13957598540972e-08
18,3,239301,239459,158,3.2357835e-05,3.235330050632912e-05,5.947701088483067e-08
18,4,239459,239616,157,3.239266e-05,3.239479025477707e-05,6.124341433929941e-08
18,5,239616,239773,157,3.244375e-05,3.2432324140127395e-05,6.054063975939767e-08
18,6,239773,239931,158,3.2472949999999995e-05,3.246828455696203e-05,5.9165502677507855e-08
18,7,239931,240088,157,3.251173e-05,3.250503063694267e-05,6.195284774361323e-08
18,8,240088,240245,157,3.546232e-05,0.00012441793993630575,0.0001697253707734825
18,9,240245,240402,157,0.0005911855,0.0005856892878980891,1.2474887296343712e-05
18,10,240402,240560,158,0.0005910970000000001,0.0005909692348101266,4.883790475045168e-07
18,11,240560,240717,157,0.000590424,0.0005903944407643312,3.264190831258435e-07
18,12,240717,240874,157,0.000590698,0.0005906076057324841,4.586615294850469e-07
18,13,240874,241032,158,0.00059024705,0.0005899050278481012,9.896371311629246e-07
18,14,241032,241189,157,0.0005897048,0.000588273168789809,2.371760864033234e-06
18,15,241189,241346,157,0.00059082,0.0005908225815286623,3.5459534105914143e-07
18,16,241346,241504,158,0.0005910937,0.0005911162816455695,2.3701001950689463e-07
18,17,241504,241661,157,0.0005906355,0.0005906463235668789,2.8340871998867616e-07
18,18,241661,241818,157,0.0005908258,0.0005908402668789809,2.547362971164578e-07
18,19,241818,241975,157,0.0005905061,0.000588840417834395,4.0734393333971035e-06
18,20,241975,242133,158,0.00013659795,0.00021944334911392401,0.00020076691447086978
18,21,242133,242290,157,3.284818e-05,3.2842623312101906e-05,7.687058117496233e-08
18,22,242290,242447,157,3.293427e-05,3.2921725541401276e-05,6.54191693540539e-08
18,23,242447,242605,158,3.2979325e-05,3.297121715189874e-05,6.067043099883623e-08
18,24,242605,242762,157,3.301861e-05,3.3006862929936304e-05,5.953953146189572e-08
18,25,242762,242919,157,3.303445e-05,3.3032394585987255e-05,5.99379249749801e-08
18,26,242919,243077,158,3.3074045e-05,3.3062439873417716e-05,6.218267988113072e-08
18,27,243077,243234,157,3.31181e-05,3.310151598726114e-05,6.346032891750823e-08
18,28,243234,243391,157,3.374938e-05,5.626762484076432e-05,7.387085395020135e-05
18,29,243391,243548,157,0.0005901874,0.0005688494541401274,3.998732098306266e-05
18,30,243548,243706,158,0.0005907706,0.0005907231367088607,6.185920832728934e-07
18,31,243706,243863,157,0.000590013,0.0005900464751592356,4.485486478748122e-07
18,32,243863,244020,157,0.0005892839,0.0005880758783439491,2.2651829792182174e-06
18,33,244020,244178,158,0.00058985045,0.0005896260696202532,1.4215469142206421e-06
18,34,244178,244335,157,0.0005904807,0.0005903769063694268,6.788198867781881e-07
18,35,244335,244492,157,0.0005847441,0.0005832990382165607,5.887104009348185e-06
18,36,244492,244650,158,0.0005794344499999999,0.0005775265278481012,7.07840769332308e-06
18,37,244650,244807,157,0.0005468932,0.0005274119681528662,3.91581611892618e-05
18,38,244807,244964,157,0.0005928931,0.0005736596089171974,5.257362469048618e-05
18,39,244964,245121,157,0.0006266401,0.0006266400726114649,2.5525532455726684e-07
19,0,252002,252160,158,4.6447535e-05,0.000142593582721519,0.00012885767035142442
19,1,252160,252317,157,3.179388e-05,3.179559356687898e-05,7.736254762182092e-08
19,2,252317,252474,157,3.191875e-05,3.19180450955414e-05,8.765475013465759e-08
19,3,252474,252631,157,3.202194e-05,3.201818369426752e-05,6.284312096478363e-08
19,4,252631,252789,158,3.2045854999999994e-05,3.203736449367089e-05,6.06756563862984e-08
19,5,252789,252946,157,3.207208e-05,3.206242210191083e-05,6.131396494156822e-08
19,6,252946,253103,157,3.210767e-05,3.210120050955415e-05,5.817585930701639e-08
19,7,253103,253260,157,3.214257e-05,3.2134523312101905e-05,6.101974581099903e-08
19,8,253260,253418,158,3.4203135e-05,0.00011420964000000002,0.0001604412662373697
19,9,253418,253575,157,0.0005901097,0.000583725762420382,1.430301032614679e-05
19,10,253575,253732,157,0.0005902661,0.0005902604273885349,5.332129967944363e-07
19,11,253732,253889,157,0.0005900569,0.0005900798382165605,3.235225430543228e-07
19,12,253889,254047,158,0.00059022365,0.0005902370670886075,2.6371345315045614e-07
19,13,254047,254204,157,0.0005895281,0.0005895113923566879,3.4604567084563817e-07
19,14,254204,254361,157,0.0005896211,0.0005896437490445861,3.3446594422960835e-07
19,15,254361,254518,157,0.0005898227,0.0005898045343949045,2.782636235071178e-07
19,16,254518,254676,158,0.00059011295,0.000590121346835443,3.022762383352952e-07
19,17,254676,254833,157,0.0005896993,0.0005896911713375796,4.3440936563242175e-07
19,18,254833,254990,157,0.000590023,0.0005899103222929937,4.4131426207484635e-07
19,19,254990,255147,157,0.0005894291,0.0005877805719745223,4.234756151017155e-06
19,20,255147,255305,158,0.00013352585000000003,0.0002150026338607595,0.00019846687167760226
19,21,255305,255462,157,3.261364e-05,3.261380101910828e-05,7.295519220059068e-08
19,22,255462,255619,157,3.269344e-05,3.268701420382166e-05,6.024591642611292e-08
19,23,255619,255776,157,3.271302e-05,3.271036949044586e-05,6.187471366255474e-08
19,24,255776,255934,158,3.2769664999999997e-05,3.2756488544303796e-05,5.9538023047353904e-08
19,25,255934,256091,157,3.278012e-05,3.277516643312101e-05,6.168949566316347e-08
19,26,256091,256248,157,3.281089e-05,3.280613585987261e-05,6.005011502658785e-08
19,27,256248,256405,157,3.285744e-05,3.284679280254777e-05,6.446989006218186e-08
19,28,256405,256563,158,3.3448920000000006e-05,5.33250658227848e-05,6.760185118211686e-05
19,29,256563,256720,157,0.0005886335,0.0005660158222929937,4.24949035450114e-05
19,30,256720,256877,157,0.0005891995,0.0005890943210191083,4.823852616332705e-07
19,31,256877,257034,157,0.0005886427,0.0005878502636942676,1.951936306264558e-06
19,32,257034,257192,158,0.0005839758000000001,0.0005843352936708862,1.0104207676416062e-06
19,33,257192,257349,157,0.0005880997,0.0005881158433121018,9.025663431884349e-07
19,34,257349,257506,157,0.000587848,0.0005879120452229299,9.587376042561185e-07
19,35,257506,257663,157,0.0005891897,0.000589120292356688,6.319193206728761e-07
19,36,257663,257821,158,0.00058601135,0.0005856589012658227,1.6882203697110294e-06
19,37,257821,257978,157,0.0005681409,0.0005686445108280255,6.330703810206089e-06
19,38,257978,258135,157,0.0006000464,0.0005959797968152867,2.407518114145906e-05
19,39,258135,258292,157,0.0006253237,0.0006253024070063695,2.868486316279643e-07
20,0,265174,265332,158,5.0940885e-05,0.0001597850796835443,0.0001456115848642655
20,1,265332,265489,157,3.178293e-05,3.1781553821656056e-05,6.61973559282525e-08
20,2,265489,265646,157,3.189413e-05,3.188439280254777e-05,6.277867693330301e-08
20,3,265646,265804,158,3.1947234999999994e-05,3.194039892405063e-05,5.988079405739045e-08
20,4,265804,265961,157,3.198211e-05,3.198044433121019e-05,5.9094466835228606e-08
20,5,265961,266118,157,3.202145e-05,3.2015849108280254e-05,5.833349552222783e-08
20,6,266118,266276,158,3.204776e-05,3.204755158227848e-05,6.088797906263494e-08
20,7,266276,266433,157,3.210993e-05,3.209893541401274e-05,6.03511144968086e-08
20,8,266433,266590,157,3.393397e-05,0.00010126876904458598,0.00014551432649060733
20,9,266590,266747,157,0.0005897671,0.0005812841140127389,1.8117147270428707e-05
20,10,266747,266905,158,0.0005898823,0.0005896679227848101,6.520160837010893e-07
20,11,266905,267062,157,0.0005899009,0.0005897175828025479,6.423906937854942e-07
20,12,267062,267219,157,0.000590386,0.0005903700267515923,3.2035655461828877e-07
20,13,267219,267377,158,0.0005900159,0.0005899922778481012,3.221791381218496e-07
20,14,267377,267534,157,0.0005900007,0.0005900100197452229,2.6055523527504994e-07
20,15,267534,267691,157,0.0005901543,0.0005900788178343949,4.561580737167394e-07
20,16,267691,267849,158,0.0005892695000000001,0.0005893144056962024,4.6553898954903644e-07
20,17,267849,268006,157,0.0005901355,0.0005901375522292994,3.1804681295979796e-07
20,18,268006,268163,157,0.0005899663,0.0005899435719745222,4.070101128392591e-07
20,19,268163,268320,157,0.000589291,0.000587122001910828,5.292926409919595e-06
20,20,268320,268478,158,0.00011515505,0.00020306351575949364,0.00019373387063291605
20,21,268478,268635,157,3.243743e-05,3.243475929936305e-05,6.776718342376815e-08
20,22,268635,268792,157,3.252949e-05,3.2514227006369425e-05,6.38131171495134e-08
20,23,268792,268950,158,3.256405e-05,3.256320550632911e-05,6.032547575231898e-08
20,24,268950,269107,157,3.260138e-05,3.259278222929936e-05,6.152189801846611e-08
20,25,269107,269264,157,3.262554e-05,3.261517331210191e-05,6.012891825640994e-08
20,26,269264,269422,158,3.2651825e-05,3.263924943037975e-05,6.058980544909413e-08
20,27,269422,269579,157,3.26843e-05,3.266937261146497e-05,6.154692224963964e-08
20,28,269579,269736,157,3.334869e-05,5.8315284394904456e-05,7.943404536057359e-05
20,29,269736,269893,157,0.0005900693,0.0005694176694267517,3.8416515761881465e-05
20,30,269893,270051,158,0.0005907008,0.0005906861006329114,4.197976790415992e-07
20,31,270051,270208,157,0.0005894802,0.0005894537356687899,6.483709120707516e-07
20,32,270208,270365,157,0.0005865972,0.0005862549426751592,1.1669816660698504e-06
20,33,270365,270523,158,0.00058869085,0.0005884459708860759,8.42524682153855e-07
20,34,270523,270680,157,0.0005879592,0.0005875242955414012,1.3978247971797807e-06
20,35,270680,270837,157,0.0005884728,0.0005884337917197453,7.323100980734566e-07
20,36,270837,270995,158,0.0005872704,0.000587324567721519,6.638721476221732e-07
20,37,270995,271152,157,0.0005868565,0.0005861775968152867,2.4879177814107732e-06
20,38,271152,271309,157,0.0006001366,0.000597425578343949,2.2162216492059908e-05
20,39,271309,271466,157,0.0006256806,0.0006256539738853504,2.687742751344993e-07
21,0,278350,278508,158,0.00013746255,0.0001920482241772152,0.00016210076154954064
21,1,278508,278665,157,3.170541e-05,3.1700333503184715e-05,7.058573193426446e-08
21,2,278665,278823,158,3.1793729999999996e-05,3.1792869430379745e-05,5.954827939403014e-08
21,3,278823,278980,157,3.185311e-05,3.18448801910828e-05,5.991901755114735e-08
21,4,278980,279137,157,3.188869e-05,3.1878188598726116e-05,5.852358072795237e-08
21,5,279137,279295,158,3.1910875e-05,3.190581265822784e-05,5.982513158266502e-08
21,6,279295,279452,157,3.193456e-05,3.1931394012738855e-05,5.895917687180761e-08
21,7,279452,279609,157,3.19615e-05,3.195273573248408e-05,5.8127804908187786e-08
21,8,279609,279767,158,3.2703065e-05,6.754497544303798e-05,9.887698104735396e-05
21,9,279767,279924,157,0.0005884991,0.0005724052757961783,3.148821440083039e-05
21,10,279924,280081,157,0.0005892754,0.0005892587184713376,2.593403878931412e-07
21,11,280081,280239,158,0.00058896355,0.0005889369588607594,4.027698559374375e-07
21,12,280239,280396,157,0.0005894469,0.0005894560382165606,3.3563499747959044e-07
21,13,280396,280553,157,0.0005894221,0.0005894155942675159,3.124616703610939e-07
21,14,280553,280711,158,0.00058928135,0.0005892685227848102,3.4486448281341954e-07
21,15,280711,280868,157,0.0005891154,0.0005891056375796178,3.4273665744777323e-07
21,16,280868,281025,157,0.0005890903,0.0005890790738853503,3.271494255579026e-07
21,17,281025,281183,158,0.00058915345,0.0005891563594936709,3.156555796141016e-07
21,18,281183,281340,157,0.0005891376,0.0005891539694267516,3.7540499059464443e-07
21,19,281340,281497,157,0.0005883208,0.0005864302050955413,4.69211459653112e-06
21,20,281497,281655,158,0.0001342603,0.00021547494829113922,0.0001981405660859198
21,21,281655,281812,157,3.235428e-05,3.2350651592356684e-05,6.935912650796938e-08
21,22,281812,281970,158,3.2417349999999995e-05,3.241212101265823e-05,6.141511543616768e-08
21,23,281970,282127,157,3.243392e-05,3.2425899299363054e-05,7.607263056556647e-08
21,24,282127,282284,157,3.250825e-05,3.2505546242038216e-05,5.972569458916339e-08
21,25,282284,282442,158,3.248766e-05,3.2483952911392406e-05,6.154333788769687e-08
21,26,282442,282599,157,3.249514e-05,3.2492636242038214e-05,6.019812242256858e-08
21,27,282599,282756,157,3.253619e-05,3.252639433121019e-05,6.4175559560746e-08
21,28,282756,282914,158,3.3185195e-05,5.5260738481012665e-05,7.277687226234078e-05
21,29,282914,283071,157,0.0005889592,0.0005671065713375796,4.067486704829144e-05
21,30,283071,283228,157,0.0005894967,0.0005894975579617834,3.2541153584275205e-07
21,31,283228,283386,158,0.00058919495,0.0005891451791139241,3.6557529849207803e-07
21,32,283386,283543,157,0.000588517,0.0005884666942675159,5.830656048175714e-07
21,33,283543,283700,157,0.0005883671,0.0005882429802547772,8.363258221652146e-07
21,34,283700,283858,158,0.00058676355,0.0005866124221518988,1.4180108014364008e-06
21,35,283858,284015,157,0.000583672,0.0005845199159235668,2.2598547209804294e-06
21,36,284015,284172,157,0.0005874167,0.0005872062910828024,9.332994388703126e-07
21,37,284172,284330,158,0.00058677525,0.0005861245215189874,1.949296138705554e-06
21,38,284330,284487,157,0.0005968524,0.0005970820522292994,2.0596701568654812e-05
21,39,284487,284644,157,0.0006247257,0.0006247595834394903,2.774544107492626e-07
22,0,291524,291682,158,0.0001400622,0.00020051121651898734,0.0001734958119776906
22,1,291682,291839,157,3.152811e-05,3.152504828025479e-05,7.298318872107439e-08
22,2,291839,291996,157,3.161898e-05,3.1622573949044585e-05,6.41879647702568e-08
22,3,291996,292153,157,3.170377e-05,3.1698918280254774e-05,5.777813410901145e-08
22,4,292153,292311,158,3.1743e-05,3.173897911392405e-05,5.86049361810461e-08
22,5,292311,292468,157,3.177656e-05,3.176974299363057e-05,5.8315792995501733e-08
22,6,292468,292625,157,3.180109e-05,3.1794843121019114e-05,5.781032670465304e-08
22,7,292625,292782,157,3.183008e-05,3.1827074904458604e-05,5.92728114556504e-08
22,8,292782,292940,158,3.2548224999999996e-05,6.0128662784810126e-05,8.432385073502777e-05
22,9,292940,293097,157,0.0005853793,0.0005686938216560509,3.505521725714149e-05
22,10,293097,293254,157,0.0005883548,0.0005882343949044587,7.061853245328061e-07
22,11,293254,293411,157,0.0005871595,0.0005875410426751592,1.011470450195321e-06
22,12,293411,293568,157,0.0005889377,0.0005889336184713375,2.3732709128444246e-07
22,13,293568,293726,158,0.00058891355,0.0005889068386075949,2.7345102163087956e-07
22,14,293726,293883,157,0.0005885025,0.0005884316082802549,3.990628566554553e-07
22,15,293883,294040,157,0.000588827,0.0005888201694267516,2.8988979185539453e-07
22,16,294040,294197,157,0.0005882888,0.0005882993350318471,3.52821773608155e-07
22,17,294197,294355,158,0.0005884879500000001,0.0005884730670886076,2.76037324215179e-07
22,18,294355,294512,157,0.0005880733,0.0005880793286624203,3.210104361759585e-07
22,19,294512,294669,157,0.0005873013,0.0005852916707006369,5.398258393214044e-06
22,20,294669,294826,157,0.0001147217,0.00020103883566878976,0.00019169842166760043
22,21,294826,294983,157,3.226862e-05,3.2264163630573245e-05,6.829113477873065e-08
22,22,294983,295141,158,3.2357855e-05,3.234791746835442e-05,6.290067130446868e-08
22,23,295141,295298,157,3.239777e-05,3.239347133757961e-05,6.143623417971983e-08
22,24,295298,295455,157,3.242411e-05,3.2416238280254776e-05,5.899805480090735e-08
22,25,295455,295612,157,3.244701e-05,3.243552910828026e-05,6.03007811990654e-08
22,26,295612,295770,158,3.245484e-05,3.244772075949366e-05,5.884143502135691e-08
22,27,295770,295927,157,3.249553e-05,3.2491807770700634e-05,6.408592819893776e-08
22,28,295927,296084,157,3.318758e-05,5.975686643312101e-05,8.255366861638527e-05
22,29,296084,296241,157,0.0005881494,0.0005681885490445859,3.764802889558942e-05
22,30,296241,296398,157,0.0005888594,0.0005888526885350318,3.6113717120931166e-07
22,31,296398,296556,158,0.0005883438499999999,0.0005882164525316454,4.826883770395032e-07
22,32,296556,296713,157,0.0005881612,0.0005881488592356688,4.209323438315119e-07
22,33,296713,296870,157,0.0005868059,0.0005868322617834396,8.256689528412638e-07
22,34,296870,297027,157,0.0005871975,0.0005873124796178345,1.0488464580567525e-06
22,35,297027,297185,158,0.0005857591,0.0005857610367088606,5.84780585743566e-07
22,36,297185,297342,157,0.0005869371,0.0005868476439490445,1.1090635455502475e-06
22,37,297342,297499,157,0.0005859865,0.0005851339573248408,2.747186918397065e-06
22,38,297499,297656,157,0.0005947904,0.000593921274522293,2.3090243398443227e-05
22,39,297656,297813,157,0.0006237188,0.0006237247242038218,2.789654167551685e-07
23,0,304713,304871,158,0.0003026991,0.00027754555120253167,0.000189293869513678
23,1,304871,305029,158,3.1465295e-05,3.15356382278481e-05,2.3973494584676373e-07
23,2,305029,305187,158,3.1538304999999996e-05,3.1531208227848105e-05,6.146792200896353e-08
23,3,305187,305344,157,3.159795e-05,3.158370012738854e-05,5.887176407310484e-08
23,4,305344,305502,158,3.1616554999999995e-05,3.161270518987342e-05,5.952852828177723e-08
23,5,305502,305660,158,3.165175e-05,3.164329664556962e-05,5.846370226945584e-08
23,6,305660,305817,157,3.167934e-05,3.1671330318471335e-05,5.9263093384316205e-08
23,7,305817,305975,158,3.1710155e-05,3.170340664556962e-05,5.897518329837485e-08
23,8,305975,306133,158,3.196434e-05,3.5204880316455694e-05,7.413048399358452e-06
23,9,306133,306290,157,0.0005834685,0.0005217319107006369,0.00013102869456068367
23,10,306290,306448,158,0.0005868001,0.0005859796499999999,1.462802947472053e-06
23,11,306448,306606,158,0.0005864625,0.0005863886746835442,5.71989772186235e-07
23,12,306606,306764,158,0.00058728845,0.0005873063841772152,3.2883265963219063e-07
23,13,306764,306921,157,0.0005871122,0.0005871089821656051,2.8624115584550083e-07
23,14,306921,307079,158,0.000586822,0.000586760170886076,4.820489218704152e-07
23,15,307079,307237,158,0.0005870198000000001,0.0005870347727848102,2.6388856841063486e-07
23,16,307237,307394,157,0.0005871153,0.0005871187140127389,2.4905845205994916e-07
23,17,307394,307552,158,0.0005869013,0.000586990261392405,5.288434365149115e-07
23,18,307552,307710,158,0.0005866913,0.0005867138158227849,4.198611859997711e-07
23,19,307710,307867,157,0.000585302,0.0005842458554140128,3.1289633003935233e-06
23,20,307867,308025,158,0.0001624176,0.00023371463246835443,0.00020495935527723347
23,21,308025,308183,158,3.1961445e-05,3.195982753164557e-05,8.096788762333924e-08
23,22,308183,308341,158,3.2020625000000005e-05,3.2006709683544304e-05,6.067217770418473e-08
23,23,308341,308498,157,3.204987e-05,3.203988152866242e-05,5.895511138292228e-08
23,24,308498,308656,158,3.207248e-05,3.207022651898734e-05,6.337000342500454e-08
23,25,308656,308814,158,3.2201335e-05,3.2205908924050636e-05,8.080429966929293e-08
23,26,308814,308971,157,3.228824e-05,3.2278698407643314e-05,5.883151898537762e-08
23,27,308971,309129,158,3.232869e-05,3.232095297468355e-05,6.093411171310505e-08
23,28,309129,309287,158,3.281011e-05,4.572637962025316e-05,4.768289769591144e-05
23,29,309287,309444,157,0.0005853542,0.000559118149044586,4.845781826042454e-05
23,30,309444,309602,158,0.0005873085000000001,0.0005872977696202531,2.7907267206277735e-07
23,31,309602,309760,158,0.00058659425,0.000586584485443038,3.3179512147738923e-07
23,32,309760,309918,158,0.00058682245,0.0005868336525316456,2.91543576589426e-07
23,33,309918,310075,157,0.000586595,0.0005866110261146497,4.238942641183269e-07
23,34,310075,310233,158,0.00058600395,0.0005857570772151898,8.218321948201372e-07
23,35,310233,310391,158,0.0005859751,0.0005860303215189873,2.932638929860571e-07
23,36,310391,310548,157,0.0005858731,0.0005858461146496816,4.803309084709395e-07
23,37,310548,310706,158,0.0005849921,0.0005831635727848101,3.095139617076433e-06
23,38,310706,310864,158,0.0005909002,0.0005891803810126582,2.6073995154586716e-05
23,39,310864,311021,157,0.0006225062,0.0006224955171974522,2.8197117555590095e-07
24,0,317901,318059,158,0.00022515289999999998,0.0002538577684810127,0.00019754645521267034
24,1,318059,318216,157,3.082675e-05,3.0857453949044586e-05,1.6094349215945795e-07
24,2,318216,318373,157,3.097769e-05,3.102183662420383e-05,1.9023033858766398e-07
24,3,318373,318530,157,3.156421e-05,3.1561618662420384e-05,6.603250219867899e-08
24,4,318530,318688,158,3.1624465e-05,3.161410303797469e-05,5.9073329089852545e-08
24,5,318688,318845,157,3.162104e-05,3.161966146496815e-05,6.260907404387118e-08
24,6,318845,319002,157,3.167786e-05,3.167023713375797e-05,5.930296311702988e-08
24,7,319002,319159,157,3.16932e-05,3.1683145095541405e-05,5.889116407308101e-08
24,8,319159,319317,158,3.2008585e-05,3.664411265822785e-05,1.031082027344038e-05
24,9,319317,319474,157,0.0005650054,0.0005267181970700637,9.371401075718451e-05
24,10,319474,319631,157,0.0005862016,0.000585765370700637,1.2848857518549623e-06
24,11,319631,319788,157,0.000585364,0.0005852532312101912,5.079737681744151e-07
24,12,319788,319946,158,0.00058331835,0.0005827851765822785,2.3274936129613e-06
24,13,319946,320103,157,0.000585811,0.0005857793751592357,3.573726076807202e-07
24,14,320103,320260,157,0.000585816,0.0005858368700636943,2.321721057393267e-07
24,15,320260,320417,157,0.0005851228,0.0005849466439490445,9.506003183598918e-07
24,16,320417,320575,158,0.0005855949,0.0005855389588607596,3.5384263596842476e-07
24,17,320575,320732,157,0.0005852499,0.0005851248439490446,7.064297816122529e-07
24,18,320732,320889,157,0.0005834896,0.0005833509394904459,1.783364081262877e-06
24,19,320889,321046,157,0.0005813444,0.0005803279254777071,4.637256479556126e-06
24,20,321046,321204,158,0.0001136068,0.00020037374892405062,0.00019283700712720747
24,21,321204,321361,157,3.159733e-05,3.1593221783439494e-05,6.748697108985597e-08
24,22,321361,321518,157,3.172268e-05,3.1714923566878975e-05,8.215237233501526e-08
24,23,321518,321675,157,3.186486e-05,3.1852046815286625e-05,6.06881116390701e-08
24,24,321675,321833,158,3.189205e-05,3.1886118797468356e-05,5.87764840856042e-08
24,25,321833,321990,157,3.191232e-05,3.190640222929936e-05,5.800671908806303e-08
24,26,321990,322147,157,3.194473e-05,3.19344250955414e-05,5.870476524042612e-08
24,27,322147,322304,157,3.198578e-05,3.197932343949044e-05,6.031095043447791e-08
24,28,322304,322462,158,3.2780795e-05,6.542334746835444e-05,9.429232124554693e-05
24,29,322462,322619,157,0.0005854343,0.0005680844350318471,3.314846059735471e-05
24,30,322619,322776,157,0.0005861277,0.0005861298592356688,2.938302742367023e-07
24,31,322776,322933,157,0.0005851504,0.0005851350363057325,4.226157472555768e-07
24,32,322933,323091,158,0.00058425405,0.0005744958765822784,1.79080347162807e-05
24,33,323091,323248,157,0.0005767389,0.0005662852808917197,2.2448226688010854e-05
24,34,323248,323405,157,0.0005855105,0.000585223119745223,8.928784839997816e-07
24,35,323405,323562,157,0.0005853816,0.0005854656719745223,4.7573878903544594e-07
24,36,323562,323720,158,0.0005858458,0.0005857156462025317,6.414529552129359e-07
24,37,323720,323877,157,0.0005766539,0.0005766755222929937,4.177321628306626e-06
24,38,323877,324034,157,0.0005859738,0.0005827495184713376,3.1159393924879815e-05
24,39,324034,324191,157,0.0006214448,0.0006214456789808917,3.308648046936273e-07
25,0,331071,331229,158,0.00025846515,0.0002769556977848101,0.00020674191477172043
25,1,331229,331386,157,3.124593e-05,3.128472783439491e-05,1.6753774660270267e-07
25,2,331386,331543,157,3.140641e-05,3.140512942675159e-05,9.678359500829023e-08
25,3,331543,331700,157,3.155376e-05,3.154928127388535e-05,6.049260083959852e-08
25,4,331700,331858,158,3.1508165e-05,3.150378810126582e-05,9.42882336119446e-08
25,5,331858,332015,157,3.133038e-05,3.1318840191082805e-05,6.448181586827779e-08
25,6,332015,332172,157,3.138064e-05,3.1365978216560504e-05,5.9202743809103485e-08
25,7,332172,332329,157,3.139973e-05,3.139445012738853e-05,5.9335231475501174e-08
25,8,332329,332487,158,3.1395485e-05,3.416785284810126e-05,6.300190013539283e-06
25,9,332487,332644,157,0.0005795217,0.0005132818075796179,0.00013934971681557007
25,10,332644,332801,157,0.0005847169,0.0005847134433121019,2.7595378438733895e-07
25,11,332801,332958,157,0.0005852488,0.0005844009700636942,1.7431557249964474e-06
25,12,332958,333115,157,0.0005845185,0.0005828477573248408,3.325666319160027e-06
25,13,333115,333273,158,0.00058540085,0.0005841813202531646,2.3700758063975122e-06
25,14,333273,333430,157,0.0005838695,0.0005832651936305732,1.6039354212376614e-06
25,15,333430,333587,157,0.0005857663,0.0005857171356687898,3.6362881858927175e-07
25,16,333587,333744,157,0.0005854526,0.0005854510560509555,2.5976417338711136e-07
25,17,333744,333902,158,0.0005849478,0.0005844240101265822,1.495497459642172e-06
25,18,333902,334059,157,0.0005812324,0.0005814102579617834,2.6247575587679063e-06
25,19,334059,334216,157,0.0005834729,0.0005804001878980891,7.072327224776309e-06
25,20,334216,334373,157,0.0001092635,0.0001949018038853503,0.00018749227405752384
25,21,334373,334530,157,3.152096e-05,3.1510832038216565e-05,6.34730439674619e-08
25,22,334530,334688,158,3.1592685e-05,3.1589110822784806e-05,5.939236789784445e-08
25,23,334688,334845,157,3.165208e-05,3.164265267515924e-05,5.800171742880244e-08
25,24,334845,335002,157,3.164677e-05,3.164083522292993e-05,7.002558251893296e-08
25,25,335002,335159,157,3.159944e-05,3.15939472611465e-05,5.787296803175397e-08
25,26,335159,335317,158,3.1617185e-05,3.1614206645569626e-05,5.756589010260117e-08
25,27,335317,335474,157,3.165989e-05,3.166036025477707e-05,6.12206219361874e-08
25,28,335474,335631,157,3.246797e-05,6.20040831210191e-05,8.856434301898694e-05
25,29,335631,335788,157,0.0005835257,0.0005663307783439492,3.4429938483885174e-05
25,30,335788,335945,157,0.0005792895,0.0005789086012738854,2.2063713946101174e-06
25,31,335945,336103,158,0.00058450175,0.0005842763588607595,8.526097576718114e-07
25,32,336103,336260,157,0.0005844053,0.000584331023566879,1.0024243960017033e-06
25,33,336260,336417,157,0.0005850011,0.000585042525477707,3.888877553097675e-07
25,34,336417,336574,157,0.000584382,0.0005844638687898089,5.454122490214267e-07
25,35,336574,336732,158,0.0005850146,0.0005849191221518988,7.919758338135949e-07
25,36,336732,336889,157,0.0005852489,0.0005851733910828026,6.384580724205447e-07
25,37,336889,337046,157,0.00058346,0.0005814596968152866,3.7733467165588783e-06
25,38,337046,337203,157,0.0005880738,0.0005874306579617835,2.5654495764685593e-05
25,39,337203,337360,157,0.0006210349,0.000621061711464968,2.6216168832224436e-07
26,0,344240,344398,158,0.00032232425,0.00030071982943037976,0.00020489056190938819
26,1,344398,344555,157,3.10803e-05,3.1164834458598725e-05,2.7317322776003203e-07
26,2,344555,344712,157,3.11314e-05,3.1124242611464964e-05,6.043407776743698e-08
26,3,344712,344869,157,3.117128e-05,3.1166266178343946e-05,5.786417049809973e-08
26,4,344869,345027,158,3.121055e-05,3.1203362025316456e-05,5.8228404404056825e-08
26,5,345027,345184,157,3.122556e-05,3.121682082802548e-05,5.728861256731242e-08
26,6,345184,345341,157,3.123195e-05,3.122550923566879e-05,5.7336146595513156e-08
26,7,345341,345498,157,3.124637e-05,3.124568751592357e-05,5.7201776470744245e-08
26,8,345498,345656,158,3.1443295000000004e-05,3.2559476075949365e-05,2.6681062747061583e-06
26,9,345656,345813,157,0.0005712482,0.00047564381987261147,0.00018113389967938553
26,10,345813,345970,157,0.0005859859,0.0005859853585987261,2.897229179365292e-07
26,11,345970,346127,157,0.0005859409,0.0005859204471337579,3.215919906948004e-07
26,12,346127,346285,158,0.0005856529,0.0005856777253164557,3.837773726578171e-07
26,13,346285,346442,157,0.0005856556,0.0005856345484076434,3.972314067680716e-07
26,14,346442,346599,157,0.0005856623,0.0005856254426751592,3.966747451020285e-07
26,15,346599,346756,157,0.0005845007,0.0005843838025477707,1.0677714802960614e-06
26,16,346756,346914,158,0.00058567965,0.0005857021227848102,3.029047443741972e-07
26,17,346914,347071,157,0.0005852504,0.0005850371840764332,7.668456625218684e-07
26,18,347071,347228,157,0.0005843861,0.0005840576585987261,1.4856226470944112e-06
26,19,347228,347385,157,0.0005853089,0.0005830544585987262,5.298649281122208e-06
26,20,347385,347543,158,0.00012186535000000001,0.0002059065553164557,0.00019421437207050435
26,21,347543,347700,157,3.196441e-05,3.196034044585988e-05,6.886355034445468e-08
26,22,347700,347857,157,3.204333e-05,3.2039756560509556e-05,6.109028276282986e-08
26,23,347857,348014,157,3.208535e-05,3.207869503184713e-05,5.907928317234552e-08
26,24,348014,348172,158,3.2117010000000005e-05,3.210432810126583e-05,5.8895603757534006e-08
26,25,348172,348329,157,3.214762e-05,3.213478592356688e-05,6.037062035867257e-08
26,26,348329,348486,157,3.215537e-05,3.214771356687898e-05,5.9560731292674325e-08
26,27,348486,348643,157,3.218023e-05,3.218100044585987e-05,6.011909007562374e-08
26,28,348643,348801,158,3.3099165e-05,7.226082303797469e-05,0.00010608478319931956
26,29,348801,348958,157,0.0005843345,0.0005697915121019108,2.890514271304629e-05
26,30,348958,349115,157,0.0005842681,0.0005837558197452229,1.2544407615078627e-06
26,31,349115,349272,157,0.0005846482,0.0005845835808917198,4.674152339288507e-07
26,32,349272,349430,158,0.00058365155,0.0005829114373417723,1.6874112148602013e-06
26,33,349430,349587,157,0.0005852495,0.0005852169458598726,4.2734137884742294e-07
26,34,349587,349744,157,0.0005857804,0.0005856817452229298,5.237096030598003e-07
26,35,349744,349901,157,0.0005838331,0.0005832407630573247,1.6240170156260304e-06
26,36,349901,350059,158,0.0005854656000000001,0.0005853589316455696,6.817586087788896e-07
26,37,350059,350216,157,0.0005788714,0.0005785464694267517,5.2122064442064346e-06
26,38,350216,350373,157,0.000584483,0.0005833110993630574,2.9361199779266937e-05
26,39,350373,350530,157,0.0006213844,0.000621391572611465,4.0299921016051363e-07
27,0,357412,357570,158,3.1292615e-05,3.180478620253165e-05,8.817236044597697e-07
27,1,357570,357727,157,3.118548e-05,3.118136630573249e-05,5.967730801640465e-08
27,2,357727,357884,157,3.122555e-05,3.1217016433121014e-05,5.833909715911841e-08
27,3,357884,358042,158,3.124978e-05,3.124148784810126e-05,5.6969726385890633e-08
27,4,358042,358199,157,3.127117e-05,3.1262328662420386e-05,6.026263946070898e-08
27,5,358199,358356,157,3.127993e-05,3.1274560063694266e-05,5.6955574781771905e-08
27,6,358356,358514,158,3.1293125e-05,3.128457936708861e-05,5.78154446392995e-08
27,7,358514,358671,157,3.130158e-05,3.130151904458598e-05,5.7886284194213866e-08
27,8,358671,358828,157,3.148062e-05,3.213205624203821e-05,1.5346314012823408e-06
27,9,358828,358985,157,0.0005640978,0.0004520662024840765,0.00020019650835923077
27,10,358985,359143,158,0.0005861575,0.0005861489449367088,2.565220407900099e-07
27,11,359143,359300,157,0.0005856652,0.0005857308484076433,3.829930525396542e-07
27,12,359300,359457,157,0.0005858302,0.0005857815280254778,3.903131314929674e-07
27,13,359457,359615,158,0.0005853836000000001,0.0005853911879746837,3.677210776272438e-07
27,14,359615,359772,157,0.0005855425,0.0005855374904458599,3.321122369534091e-07
27,15,359772,359929,157,0.0005858396,0.0005858445592356688,3.853119227700017e-07
27,16,359929,360087,158,0.00058598055,0.0005859938974683544,2.773285496013179e-07
27,17,360087,360244,157,0.0005856518,0.0005856818668789809,3.2180452277356266e-07
27,18,360244,360401,157,0.0005855449,0.0005855471885350318,3.42863627783831e-07
27,19,360401,360558,157,0.0005850384,0.0005818005407643311,7.072294766846636e-06
27,20,360558,360716,158,7.8564155e-05,0.00019045869518987343,0.0001870829030870675
27,21,360716,360873,157,3.17132e-05,3.1706126751592354e-05,6.712267610435139e-08
27,22,360873,361030,157,3.179968e-05,3.1793348471337586e-05,6.042041238962209e-08
27,23,361030,361188,158,3.183214e-05,3.1827124303797465e-05,5.693353373676896e-08
27,24,361188,361345,157,3.185098e-05,3.18349170700637e-05,5.916258722977911e-08
27,25,361345,361502,157,3.182911e-05,3.1821965350318474e-05,5.7051203982323525e-08
27,26,361502,361660,158,3.1848815e-05,3.184287759493671e-05,5.756378106429619e-08
27,27,361660,361817,157,3.18836e-05,3.188074108280255e-05,5.924843555224076e-08
27,28,361817,361974,157,3.28905e-05,7.277591140127388e-05,0.00010711855550571281
27,29,361974,362131,157,0.0005841756,0.0005697356388535032,2.8675486817966034e-05
27,30,362131,362289,158,0.0005794801,0.0005797453772151899,1.347387853481205e-06
27,31,362289,362446,157,0.0005836826,0.0005837354554140128,1.0033826681027663e-06
27,32,362446,362603,157,0.0005862406,0.0005860002891719745,6.812913507889443e-07
27,33,362603,362761,158,0.0005858826,0.0005858191550632911,4.597702091906032e-07
27,34,362761,362918,157,0.0005854115,0.0005854775012738853,4.558068250715588e-07
27,35,362918,363075,157,0.0005854319,0.0005854710331210192,5.404769024553325e-07
27,36,363075,363233,158,0.00058448495,0.0005842330487341773,8.989640509516835e-07
27,37,363233,363390,157,0.0005786348,0.0005768330464968153,4.484323855480516e-06
27,38,363390,363547,157,0.0005849592,0.0005829331165605096,3.005716968502059e-05
27,39,363547,363704,157,0.0006215813,0.0006215662254777071,2.3292370416587273e-07
28,0,370634,370793,159,3.128787e-05,3.128940779874214e-05,5.9057825438030984e-08
28,1,370793,370951,158,3.1348735e-05,3.133599582278481e-05,5.8682279409785185e-08
28,2,370951,371110,159,3.137765e-05,3.136996050314465e-05,5.8839389288318524e-08
28,3,371110,371268,158,3.1399095e-05,3.138961765822785e-05,5.675279955362835e-08
28,4,371268,371426,158,3.1402405e-05,3.139695088607595e-05,5.7008659728369427e-08
28,5,371426,371585,159,3.141612e-05,3.1410774905660376e-05,5.6864143369013624e-08
28,6,371585,371743,158,3.141507e-05,3.1408437721518985e-05,5.7064693011348084e-08
28,7,371743,371902,159,3.143352e-05,3.1426745786163525e-05,5.7777910028617743e-08
28,8,371902,372060,158,3.1512225e-05,3.158365044303797e-05,2.2333828933417345e-07
28,9,372060,372218,158,0.0004812371,0.00034581233613924055,0.00024345515675187781
28,10,372218,372377,159,0.0005865266,0.0005864674132075472,5.74145902622773e-07
28,11,372377,372535,158,0.00058589125,0.0005859321981012658,5.689972389280868e-07
28,12,372535,372694,159,0.0005860557,0.000586031651572327,3.691849891425985e-07
28,13,372694,372852,158,0.0005864711999999999,0.0005864535455696202,2.5118993257534605e-07
28,14,372852,373010,158,0.0005865271,0.000586518311392405,2.9699815836591375e-07
28,15,373010,373169,159,0.0005865418,0.000586543841509434,2.912985631069343e-07
28,16,373169,373327,158,0.0005857112,0.0005855808924050633,6.909659372197837e-07
28,17,373327,373486,159,0.000586145,0.0005861271,2.582574365279947e-07
28,18,373486,373644,158,0.0005860717999999999,0.0005860531955696203,3.006401790493899e-07
28,19,373644,373802,158,0.0005849892,0.000582865561392405,5.133401893169929e-06
28,20,373802,373961,159,0.000122043,0.00020828945150943396,0.00019598777489595012
28,21,373961,374119,158,3.18537e-05,3.185266632911393e-05,6.733238720163905e-08
28,22,374119,374278,159,3.193021e-05,3.191928471698113e-05,6.042309154797937e-08
28,23,374278,374436,158,3.19601e-05,3.194914537974683e-05,5.8860574839407034e-08
28,24,374436,374594,158,3.1966254999999996e-05,3.195732658227847e-05,5.896701092074078e-08
28,25,374594,374753,159,3.196827e-05,3.19598241509434e-05,5.8969523653126044e-08
28,26,374753,374911,158,3.1937299999999997e-05,3.193398341772152e-05,6.368134088511942e-08
28,27,374911,375070,159,3.193193e-05,3.193246496855346e-05,6.170841829031193e-08
28,28,375070,375228,158,3.347279e-05,9.300121531645569e-05,0.00013609488149295566
28,29,375228,375386,158,0.0005855088,0.0005760141981012659,2.0003357824025674e-05
28,30,375386,375545,159,0.0005840081,0.0005840572371069183,4.499124134962747e-07
28,31,375545,375703,158,0.0005859583,0.0005855474531645569,1.2776565142137302e-06
28,32,375703,375862,159,0.0005863074,0.0005863102823899371,3.7396500787007653e-07
28,33,375862,376020,158,0.00058653885,0.0005865148974683544,3.40346278233677e-07
28,34,376020,376178,158,0.00058448355,0.0005845567481012658,5.402507719078477e-07
28,35,376178,376337,159,0.0005856772,0.0005855838440251571,6.685608252474096e-07
28,36,376337,376495,158,0.00058449765,0.0005845143632911392,8.122563821999888e-07
28,37,376495,376654,159,0.000582448,0.0005723626974842767,1.566564887011963e-05
28,38,376654,376812,158,0.0006014218,0.0005896329867088608,3.197299004268697e-05
28,39,376812,376970,158,0.00062214875,0.0006221573550632911,2.699740298216877e-07
29,0,383755,383911,156,3.0377289999999997e-05,3.0374938846153842e-05,9.110377518959812e-08
29,1,383911,384066,155,3.040476e-05,3.0397378709677425e-05,6.49437585340472e-08
29,2,384066,384221,155,3.048083e-05,3.0471969741935485e-05,5.546259833551759e-08
29,3,384221,384376,155,3.049546e-05,3.0485725677419353e-05,6.016768945387986e-08
29,4,384376,384531,155,3.070176e-05,3.070025258064516e-05,5.8187061180507664e-08
29,5,384531,384686,155,3.054415e-05,3.0536600451612904e-05,1.0238791322531577e-07
29,6,384686,384841,155,3.075539e-05,3.078298064516129e-05,2.0511591017913771e-07
29,7,384841,384996,155,3.045518e-05,3.0456775032258072e-05,5.643784510842739e-08
29,8,384996,385151,155,3.057316e-05,3.0573251999999996e-05,7.536930137790531e-08
29,9,385151,385306,155,3.166059e-05,8.988411993548386e-05,0.000134963166323383
29,10,385306,385461,155,0.0005826033,0.0005732786335483871,2.0222062486751942e-05
29,11,385461,385616,155,0.0005839521,0.0005839459529032257,2.967795102721502e-07
29,12,385616,385771,155,0.0005839898,0.0005837238941935484,7.20257274306958e-07
29,13,385771,385926,155,0.000583454,0.000583475430967742,3.9794063855704594e-07
29,14,385926,386081,155,0.0005843116,0.0005843224748387097,3.082268131338537e-07
29,15,386081,386236,155,0.0005834958,0.0005832804393548387,7.773470032224595e-07
29,16,386236,386391,155,0.0005838318,0.000583808084516129,2.5320246677235245e-07
29,17,386391,386546,155,0.000584032,0.0005840106419354839,4.6590029002074797e-07
29,18,386546,386701,155,0.000583945,0.0005839125883870968,3.7366686715184723e-07
29,19,386701,386856,155,0.000583764,0.0005837499548387098,2.5860241777018713e-07
29,20,386856,387011,155,0.0004603279,0.0003721041032258065,0.00020934826411230027
29,21,387011,387166,155,3.100931e-05,3.1316913483870967e-05,6.879669217175632e-07
29,22,387166,387321,155,3.105818e-05,3.1059186064516125e-05,6.264550404789804e-08
29,23,387321,387476,155,3.119427e-05,3.119068787096774e-05,6.695442457601976e-08
29,24,387476,387631,155,3.129781e-05,3.129511458064516e-05,7.342216103214724e-08
29,25,387631,387786,155,3.125653e-05,3.124971045161291e-05,6.562581982374012e-08
29,26,387786,387941,155,3.11538e-05,3.115152064516129e-05,7.069891129952865e-08
29,27,387941,388096,155,3.114378e-05,3.114199174193548e-05,6.107503682170069e-08
29,28,388096,388251,155,3.135034e-05,3.322542529032258e-05,4.375778117918083e-06
29,29,388251,388406,155,0.0005741549,0.0004922377340000001,0.00015940464488432883
29,30,388406,388561,155,0.000580749,0.0005808109922580645,1.2495260101869027e-06
29,31,388561,388716,155,0.0005841104,0.0005833913541935484,2.2960466262894854e-06
29,32,388716,388871,155,0.0005856529,0.0005856731561290323,3.3817929107804106e-07
29,33,388871,389026,155,0.0005844762,0.0005845050787096775,4.706865978734571e-07
29,34,389026,389181,155,0.0005838808,0.0005838616270967742,2.9042057607494256e-07
29,35,389181,389336,155,0.0005838045,0.0005837648548387098,3.297240144460037e-07
29,36,389336,389491,155,0.0005824709,0.0005824635780645163,1.322294966325757e-06
29,37,389491,389646,155,0.0005826143,0.0005754151393548387,1.49255757233207e-05
29,38,389646,389801,155,0.0005385589,0.0005447970464516129,5.726833316196406e-05
29,39,389801,389956,155,0.0006212952,0.00062129796,2.411589320946489e-07
30,0,397007,397169,162,3.102328e-05,3.1011997283950624e-05,5.7678758195231915e-08
30,1,397169,397330,161,3.090852e-05,3.0899215962732916e-05,7.347477731229774e-08
30,2,397330,397491,161,3.090872e-05,3.089740099378882e-05,5.652142705012469e-08
30,3,397491,397652,161,3.092269e-05,3.0919285776397514e-05,5.634684510768768e-08
30,4,397652,397814,162,3.0919855000000006e-05,3.0916490617283955e-05,5.6134870279954756e-08
30,5,397814,397975,161,3.092742e-05,3.0919810124223605e-05,5.552997201990244e-08
30,6,397975,398136,161,3.092057e-05,3.091058906832298e-05,5.6465336575067983e-08
30,7,398136,398297,161,3.098112e-05,3.097585354037267e-05,6.360122067473765e-08
30,8,398297,398459,162,3.1100555e-05,3.1345435555555556e-05,6.069136191195904e-07
30,9,398459,398620,161,4.661166e-05,4.504778683229814e-05,4.919710914244446e-06
30,10,398620,398781,161,5.321755e-05,5.298480981366459e-05,1.3279330487433037e-06
30,11,398781,398942,161,5.495825e-05,5.508032888198758e-05,4.768521823074956e-07
30,12,398942,399104,162,5.8952475e-05,5.866389969135804e-05,1.027269117687689e-06
30,13,399104,399265,161,6.044381e-05,6.04810600621118e-05,2.882108429917381e-07
30,14,399265,399426,161,6.222194e-05,6.20539644720497e-05,5.52661111121871e-07
30,15,399426,399587,161,6.459685e-05,6.434316149068323e-05,1.01917924546012e-06
30,16,399587,399749,162,6.7463225e-05,6.73705137037037e-05,1.0884858040965052e-06
30,17,399749,399910,161,7.187208e-05,7.139899614906833e-05,1.049729698076452e-06
30,18,399910,400071,161,7.20135e-05,7.201958732919254e-05,2.7597989885789166e-07
30,19,400071,400232,161,7.157504e-05,7.011531391304348e-05,3.2424674349123846e-06
30,20,400232,400394,162,3.3685004999999994e-05,3.831861604938272e-05,8.274870606798766e-06
30,21,400394,400555,161,3.188551e-05,3.188351155279503e-05,6.029900285074206e-08
30,22,400555,400716,161,3.193147e-05,3.192340863354037e-05,5.853850107998857e-08
30,23,400716,400877,161,3.195094e-05,3.194176813664596e-05,5.859315293138734e-08
30,24,400877,401039,162,3.1963205e-05,3.195446845679012e-05,5.8527061247219564e-08
30,25,401039,401200,161,3.194874e-05,3.1940949565217386e-05,5.783508869971733e-08
30,26,401200,401361,161,3.194516e-05,3.193577739130435e-05,5.834640588889121e-08
30,27,401361,401522,161,3.198315e-05,3.1978282173913044e-05,6.773690279946504e-08
30,28,401522,401684,162,3.3007485000000004e-05,7.6713575e-05,0.00011280501917062642
30,29,401684,401845,161,0.0005840427,0.0005702444670807453,2.7271487082783585e-05
30,30,401845,402006,161,0.0005857233,0.0005855446254658385,6.97310034353353e-07
30,31,402006,402167,161,0.0005864442,0.000585887447204969,1.1509207720281946e-06
30,32,402167,402329,162,0.0005861263000000001,0.000586033875308642,6.725767300356119e-07
30,33,402329,402490,161,0.0005837456,0.0005836779844720497,9.265055592784058e-07
30,34,402490,402651,161,0.0005825642,0.0005825700260869565,1.324049981207515e-06
30,35,402651,402812,161,0.0005823286,0.0005828119621118012,1.8902315913498916e-06
30,36,402812,402974,162,0.00058232275,0.0005820307,1.0396569139105315e-06
30,37,402974,403135,161,0.000581079,0.0005712077720496895,1.617380933754802e-05
30,38,403135,403296,161,0.0005783414,0.0005722210484472049,4.026807492683479e-05
30,39,403296,403457,161,0.0006221394,0.0006220634167701864,5.135430648039138e-07
31,0,410537,410699,162,3.107236e-05,3.106771160493828e-05,5.8505656473536897e-08
31,1,410699,410861,162,3.1116385e-05,3.11043912345679e-05,5.7918922799279816e-08
31,2,410861,411023,162,3.113276e-05,3.112474364197531e-05,5.717918815201638e-08
31,3,411023,411185,162,3.114387e-05,3.1135000864197534e-05,5.6100083926293085e-08
31,4,411185,411347,162,3.1153625e-05,3.1143946728395064e-05,5.748780670319142e-08
31,5,411347,411509,162,3.115136e-05,3.114331722222222e-05,5.661043214345856e-08
31,6,411509,411670,161,3.115316e-05,3.114914217391304e-05,5.812605068784578e-08
31,7,411670,411832,162,3.118506e-05,3.117512148148148e-05,5.745139123289659e-08
31,8,411832,411994,162,3.1232945e-05,3.122480265432099e-05,6.128589854312753e-08
31,9,411994,412156,162,3.12856e-05,3.1274672098765435e-05,5.931367655490071e-08
31,10,412156,412318,162,3.1324585e-05,3.131510166666667e-05,5.872115300456202e-08
31,11,412318,412480,162,3.134193e-05,3.133908333333333e-05,5.921717538429071e-08
31,12,412480,412642,162,3.139099e-05,3.134949703703704e-05,1.544117524947659e-07
31,13,412642,412803,161,3.164936e-05,3.158737875776398e-05,1.9134850561460177e-07
31,14,412803,412965,162,3.1791535e-05,3.178675913580247e-05,5.9719017230747e-08
31,15,412965,413127,162,3.1879155e-05,3.1875177901234565e-05,6.65891584197608e-08
31,16,413127,413289,162,3.1962655e-05,3.19557737654321e-05,6.286821439726539e-08
31,17,413289,413451,162,3.2025160000000004e-05,3.202088061728395e-05,6.948735134648486e-08
31,18,413451,413613,162,3.196884e-05,3.197319648148148e-05,8.998315960052814e-08
31,19,413613,413774,161,3.193211e-05,3.195501751552795e-05,1.1828394188084384e-07
31,20,413774,413936,162,3.188986e-05,3.188101061728395e-05,5.983096931976307e-08
31,21,413936,414098,162,3.1919895000000006e-05,3.191181771604938e-05,5.932185669566154e-08
31,22,414098,414260,162,3.193355e-05,3.192634339506173e-05,5.951763757843544e-08
31,23,414260,414422,162,3.192639e-05,3.1923249814814816e-05,5.8653725313704686e-08
31,24,414422,414584,162,3.1941775000000005e-05,3.19347300617284e-05,5.969514559845631e-08
31,25,414584,414746,162,3.192278e-05,3.191299598765432e-05,5.939777541309563e-08
31,26,414746,414907,161,3.191119e-05,3.1904705217391304e-05,5.9088394590336475e-08
31,27,414907,415069,162,3.191917e-05,3.19110788271605e-05,5.978425534282471e-08
31,28,415069,415231,162,3.2552885e-05,6.077692265432099e-05,8.523229452270507e-05
31,29,415231,415393,162,0.0005855244,0.0005661163864197532,3.657450698973989e-05
31,30,415393,415555,162,0.00058645005,0.0005864744450617284,5.266747801827524e-07
31,31,415555,415717,162,0.00058670895,0.0005866677333333333,4.636843735469294e-07
31,32,415717,415879,162,0.00058399435,0.0005838482611111111,1.4866116372164587e-06
31,33,415879,416040,161,0.0005796676,0.0005801793565217392,1.4791075100574626e-06
31,34,416040,416202,162,0.0005809275,0.0005808416067901235,2.23699837732151e-06
31,35,416202,416364,162,0.0005831324,0.000582842713580247,2.0404339217312072e-06
31,36,416364,416526,162,0.0005787992,0.0005795700055555556,2.7995138810212854e-06
31,37,416526,416688,162,0.0005747795500000001,0.0005727577888888889,1.027375224973276e-05
31,38,416688,416850,162,0.0005683391,0.0005664733024691358,4.351415739307442e-05
31,39,416850,417011,161,0.0006218848,0.000621862350931677,4.3696601188491884e-07
32,0,424165,424329,164,3.126675e-05,3.125517853658536e-05,5.7592191726469396e-08
32,1,424329,424493,164,3.1287625e-05,3.12795e-05,5.791777517919071e-08
32,2,424493,424656,163,3.13264e-05,3.132031423312883e-05,5.9276630792870104e-08
32,3,424656,424820,164,3.1367475e-05,3.1359128414634147e-05,5.697965739843253e-08
32,4,424820,424983,163,3.137485e-05,3.136626214723926e-05,5.700992290920315e-08
32,5,424983,425147,164,3.139028e-05,3.138114042682927e-05,5.7113605618705715e-08
32,6,425147,425310,163,3.138132e-05,3.137478730061349e-05,5.6982318181619814e-08
32,7,425310,425474,164,3.139269e-05,3.138519963414634e-05,5.7842926132109916e-08
32,8,425474,425637,163,3.141608e-05,3.141025128834356e-05,5.870765233873221e-08
32,9,425637,425801,164,3.14698e-05,3.1462163475609756e-05,5.887617500867272e-08
32,10,425801,425964,163,3.151618e-05,3.151049319018405e-05,5.9099665531171584e-08
32,11,425964,426128,164,3.1563035e-05,3.155320628048781e-05,5.824495111747836e-08
32,12,426128,426291,163,3.159675e-05,3.158867294478528e-05,5.955892435106482e-08
32,13,426291,426455,164,3.1647734999999994e-05,3.164313426829269e-05,6.126938897756473e-08
32,14,426455,426618,163,3.172093e-05,3.171644920245398e-05,6.037861818325865e-08
32,15,426618,426782,164,3.1703245e-05,3.170128579268293e-05,9.249506622955969e-08
32,16,426782,426945,163,3.12251e-05,3.132610834355828e-05,3.145588329713911e-07
32,17,426945,427109,164,3.146041e-05,3.140414676829269e-05,1.766482654707494e-07
32,18,427109,427272,163,3.121404e-05,3.120763190184049e-05,5.005146919529937e-07
32,19,427272,427436,164,3.201861e-05,3.200701890243902e-05,1.1415305217446708e-07
32,20,427436,427600,164,3.212491e-05,3.2117366036585364e-05,6.026464707720551e-08
32,21,427600,427763,163,3.208465e-05,3.208304975460123e-05,6.703495843737417e-08
32,22,427763,427927,164,3.2231290000000004e-05,3.2209108353658534e-05,1.3290418686295883e-07
32,23,427927,428090,163,3.235268e-05,3.234925791411043e-05,5.921692816184538e-08
32,24,428090,428254,164,3.23596e-05,3.235025945121951e-05,5.909224335476528e-08
32,25,428254,428417,163,3.233998e-05,3.233230263803681e-05,6.016759963979792e-08
32,26,428417,428581,164,3.232648e-05,3.231849664634146e-05,5.8466467065062674e-08
32,27,428581,428744,163,3.23408e-05,3.2335034294478533e-05,5.983751776667936e-08
32,28,428744,428908,164,3.2652470000000004e-05,3.7276122621951215e-05,1.0340041031108845e-05
32,29,428908,429071,163,0.0005811638,0.0005364156613496932,9.747356241509127e-05
32,30,429071,429235,164,0.0005852457,0.0005852219512195121,6.710841074915833e-07
32,31,429235,429398,163,0.0005853884,0.0005853668343558282,6.115134411918738e-07
32,32,429398,429562,164,0.00058209175,0.0005822359628048781,7.660711329574197e-07
32,33,429562,429725,163,0.0005812157,0.0005813055061349693,4.353118830737165e-07
32,34,429725,429889,164,0.0005815562000000001,0.000581576125,1.203823663823863e-06
32,35,429889,430052,163,0.0005801491,0.0005802620392638036,3.0676701342099013e-06
32,36,430052,430216,164,0.0005820763500000001,0.0005813643067073171,2.0807356044792638e-06
32,37,430216,430379,163,0.0005791577,0.0005777126601226993,3.825622618648059e-06
32,38,430379,430543,164,0.00056741645,0.0005783188274390244,2.8901387960995767e-05
32,39,430543,430706,163,0.0006216534,0.000621658636196319,2.948169998723837e-07
33,0,437838,438001,163,3.145524e-05,3.1445648834355826e-05,5.8089525125586415e-08
33,1,438001,438164,163,3.148221e-05,3.147622435582822e-05,5.75437487880748e-08
33,2,438164,438327,163,3.150909e-05,3.1499665092024536e-05,5.738763056230812e-08
33,3,438327,438490,163,3.151407e-05,3.150782877300614e-05,5.697312019067735e-08
33,4,438490,438653,163,3.152771e-05,3.151870693251534e-05,5.713150794794824e-08
33,5,438653,438816,163,3.152912e-05,3.1521404846625765e-05,5.764129881665542e-08
33,6,438816,438979,163,3.152829e-05,3.151838674846626e-05,5.74303965911582e-08
33,7,438979,439142,163,3.154879e-05,3.153930153374233e-05,5.7839450348927484e-08
33,8,439142,439305,163,3.158516e-05,3.157655306748466e-05,5.945169565070395e-08
33,9,439305,439468,163,3.163059e-05,3.161978779141104e-05,5.940338455814314e-08
33,10,439468,439631,163,3.167822e-05,3.166989509202454e-05,5.8898085987296845e-08
33,11,439631,439794,163,3.172147e-05,3.171311110429448e-05,5.885030749309701e-08
33,12,439794,439957,163,3.176606e-05,3.175969957055215e-05,5.979341966123775e-08
33,13,439957,440120,163,3.181712e-05,3.18113782208589e-05,6.046852347453572e-08
33,14,440120,440283,163,3.188604e-05,3.188211423312884e-05,6.181085589619748e-08
33,15,440283,440446,163,3.195999e-05,3.195488171779141e-05,6.205985431254736e-08
33,16,440446,440609,163,3.205239e-05,3.204365852760736e-05,6.455538637084065e-08
33,17,440609,440772,163,3.213253e-05,3.2123145153374235e-05,6.260433979503978e-08
33,18,440772,440935,163,3.218871e-05,3.218195852760736e-05,6.041056917270966e-08
33,19,440935,441098,163,3.223769e-05,3.2231912883435576e-05,5.953720806727958e-08
33,20,441098,441261,163,3.226966e-05,3.225921128834356e-05,6.390162825337222e-08
33,21,441261,441424,163,3.204653e-05,3.204142871165644e-05,7.177398079526507e-08
33,22,441424,441587,163,3.215021e-05,3.214561159509203e-05,6.564769395326908e-08
33,23,441587,441750,163,3.221664e-05,3.221075963190184e-05,6.03468003216984e-08
33,24,441750,441913,163,3.213867e-05,3.213559441717791e-05,8.5923019577829e-08
33,25,441913,442076,163,3.184973e-05,3.172480300613497e-05,3.399106831946575e-07
33,26,442076,442239,163,3.127218e-05,3.126895429447853e-05,6.67760731456085e-08
33,27,442239,442402,163,3.059251e-05,3.053623220858896e-05,6.065272333104832e-07
33,28,442402,442565,163,3.00065e-05,3.674133349693251e-05,1.480936344440471e-05
33,29,442565,442728,163,0.0005812889,0.0005514312122699386,6.263762309771095e-05
33,30,442728,442891,163,0.0005845076,0.000584513427607362,7.257613433629871e-07
33,31,442891,443054,163,0.0005848644,0.0005849202693251534,6.758738341381085e-07
33,32,443054,443217,163,0.0005805218,0.0005809779552147239,2.865790188852267e-06
33,33,443217,443380,163,0.0005765014,0.0005771635773006135,1.5900538358482694e-06
33,34,443380,443543,163,0.0005799925,0.0005799396214723927,7.164243935160435e-07
33,35,443543,443706,163,0.0005803151,0.0005794345325153374,2.3232471052937143e-06
33,36,443706,443869,163,0.0005783103,0.0005784864208588957,2.7108063839194855e-06
33,37,443869,444032,163,0.0005641863,0.0005627103312883436,3.6111673704107414e-06
33,38,444032,444195,163,0.0005743274,0.0005790234398773006,2.941049522305085e-05
33,39,444195,444358,163,0.0006205142,0.0006205220877300615,4.267150496429427e-07
34,0,451493,451657,164,3.118892e-05,3.1180225975609755e-05,5.7474918949003337e-08
34,1,451657,451820,163,3.1221e-05,3.121333815950921e-05,5.7125049668951095e-08
34,2,451820,451983,163,3.124487e-05,3.123836987730061e-05,5.651232377663519e-08
34,3,451983,452146,163,3.125335e-05,3.124387674846625e-05,5.715625500106297e-08
34,4,452146,452309,163,3.126389e-05,3.125891128834356e-05,5.706512793245549e-08
34,5,452309,452472,163,3.126882e-05,3.125988503067485e-05,5.717890169662379e-08
34,6,452472,452635,163,3.126466e-05,3.1258133435582826e-05,5.6988173882217994e-08
34,7,452635,452798,163,3.129195e-05,3.128489417177914e-05,5.786451329753583e-08
34,8,452798,452961,163,3.133363e-05,3.132832300613497e-05,5.8214037310968965e-08
34,9,452961,453124,163,3.137832e-05,3.137565993865031e-05,6.060417049668556e-08
34,10,453124,453288,164,3.1427005e-05,3.142145024390244e-05,5.8638205517239175e-08
34,11,453288,453451,163,3.147478e-05,3.1468978343558284e-05,5.8712495605288234e-08
34,12,453451,453614,163,3.152031e-05,3.1512343496932516e-05,5.935366545638868e-08
34,13,453614,453777,163,3.157233e-05,3.156779791411043e-05,6.023624621116616e-08
34,14,453777,453940,163,3.164834e-05,3.164281828220859e-05,6.229086613951672e-08
34,15,453940,454103,163,3.172311e-05,3.171644613496932e-05,6.169173519856635e-08
34,16,454103,454266,163,3.180933e-05,3.180742208588957e-05,6.294267058939559e-08
34,17,454266,454429,163,3.187155e-05,3.186534736196319e-05,5.996669697258259e-08
34,18,454429,454592,163,3.192194e-05,3.1917143190184054e-05,5.99213975803488e-08
34,19,454592,454755,163,3.196822e-05,3.196246662576687e-05,5.961023213955055e-08
34,20,454755,454919,164,3.2014125e-05,3.200867841463415e-05,5.9434543734683615e-08
34,21,454919,455082,163,3.205228e-05,3.20461782208589e-05,6.011587214153777e-08
34,22,455082,455245,163,3.210334e-05,3.209001061349694e-05,6.34461834720547e-08
34,23,455245,455408,163,3.207632e-05,3.207518435582822e-05,7.515233802400704e-08
34,24,455408,455571,163,3.190638e-05,3.18969581595092e-05,6.342779693168014e-08
34,25,455571,455734,163,3.185459e-05,3.186007607361963e-05,9.398318316113205e-08
34,26,455734,455897,163,3.197587e-05,3.1973535705521474e-05,6.812270707770122e-08
34,27,455897,456060,163,3.202604e-05,3.201759208588957e-05,5.973157237157208e-08
34,28,456060,456223,163,3.236118e-05,3.427307797546012e-05,4.418842153849607e-06
34,29,456223,456386,163,0.0005733016,0.0004946758533128835,0.00016021577973623913
34,30,456386,456550,164,0.00058529075,0.0005853087780487804,4.1491033560435345e-07
34,31,456550,456713,163,0.0005852551,0.0005851564190184049,4.883263496359071e-07
34,32,456713,456876,163,0.0005837118,0.0005835852392638037,5.5106191299643e-07
34,33,456876,457039,163,0.0005807354,0.0005809946398773006,8.068109191936163e-07
34,34,457039,457202,163,0.0005786653,0.0005783181018404909,1.6518754720468413e-06
34,35,457202,457365,163,0.0005754789,0.0005755969779141104,7.069804933073635e-07
34,36,457365,457528,163,0.0005737057,0.000573423745398773,3.294591800240037e-06
34,37,457528,457691,163,0.0005660717,0.000566275919018405,3.012519659066818e-06
34,38,457691,457854,163,0.0005749156,0.0005823588969325153,2.5610892401249814e-05
34,39,457854,458017,163,0.0006202656,0.0006202289723926381,2.399235617764627e-07
35,0,465154,465318,164,3.1026915e-05,3.101679573170732e-05,5.675517673886427e-08
35,1,465318,465481,163,3.105852e-05,3.104425190184049e-05,5.5948606429594796e-08
35,2,465481,465644,163,3.106531e-05,3.1054507484662574e-05,5.656534667615252e-08
35,3,465644,465807,163,3.109192e-05,3.108429349693252e-05,5.985140076607271e-08
35,4,465807,465970,163,3.111285e-05,3.1105048404907965e-05,5.6131714403470953e-08
35,5,465970,466133,163,3.111346e-05,3.1106394723926386e-05,5.961876661672267e-08
35,6,466133,466296,163,3.115308e-05,3.1149477361963187e-05,5.638857317812995e-08
35,7,466296,466459,163,3.113091e-05,3.112436214723926e-05,5.803326327469092e-08
35,8,466459,466623,164,3.1145085e-05,3.113681042682927e-05,6.04836956699159e-08
35,9,466623,466786,163,3.121852e-05,3.1214319754601225e-05,6.043499603666804e-08
35,10,466786,466949,163,3.129152e-05,3.1283433680981594e-05,6.13051098457449e-08
35,11,466949,467112,163,3.133305e-05,3.1329233006134967e-05,5.7832336255161144e-08
35,12,467112,467275,163,3.138154e-05,3.137509325153374e-05,6.105830401695998e-08
35,13,467275,467438,163,3.146146e-05,3.1452231901840494e-05,6.191048593059296e-08
35,14,467438,467601,163,3.15564e-05,3.1554122392638033e-05,7.729889939481357e-08
35,15,467601,467764,163,3.16419e-05,3.164039760736196e-05,6.592973705406088e-08
35,16,467764,467928,164,3.174723e-05,3.174073152439025e-05,6.117264015198323e-08
35,17,467928,468091,163,3.183158e-05,3.182245539877301e-05,6.181036781662334e-08
35,18,468091,468254,163,3.184786e-05,3.1842350736196316e-05,5.842257091309854e-08
35,19,468254,468417,163,3.177285e-05,3.175226374233129e-05,1.351293663782008e-07
35,20,468417,468580,163,3.14799e-05,3.14736918404908e-05,6.008212243152198e-08
35,21,468580,468743,163,3.151928e-05,3.151087607361963e-05,6.006724512353441e-08
35,22,468743,468906,163,3.156469e-05,3.15576691411043e-05,5.7518090559350126e-08
35,23,468906,469069,163,3.158004e-05,3.156832797546012e-05,5.778938324767479e-08
35,24,469069,469233,164,3.1558064999999996e-05,3.155515225609756e-05,5.759698439478803e-08
35,25,469233,469396,163,3.165261e-05,3.168842779141104e-05,1.5024909448610655e-07
35,26,469396,469559,163,3.187729e-05,3.187127766871165e-05,6.63281349178588e-08
35,27,469559,469722,163,3.192141e-05,3.1912876625766866e-05,6.658542008855356e-08
35,28,469722,469885,163,3.214386e-05,3.250383877300613e-05,8.68867286448898e-07
35,29,469885,470048,163,0.0005354529,0.0004109714291411043,0.0002195400987488734
35,30,470048,470211,163,0.0005844537,0.0005844430073619632,3.1565238443351376e-07
35,31,470211,470374,163,0.0005840146,0.0005840563914110429,4.31382625115317e-07
35,32,470374,470538,164,0.0005842438,0.0005842407268292683,2.9298507393463834e-07
35,33,470538,470701,163,0.0005824673,0.0005824558404907976,7.119765430614259e-07
35,34,470701,470864,163,0.000576667,0.0005760584693251535,5.621256819811189e-06
35,35,470864,471027,163,0.0005823188,0.0005803537748466257,3.2406973704421463e-06
35,36,471027,471190,163,0.0005668494,0.0005676402233128835,2.4770326299103434e-06
35,37,471190,471353,163,0.0005601039,0.0005599257104294479,1.5995689556499168e-06
35,38,471353,471516,163,0.0005712042,0.0005791399435582823,2.729879035591955e-05
35,39,471516,471679,163,0.0006197502,0.0006197399055214724,2.306761933226587e-07
36,0,478809,478972,163,0.0001373552,0.000137580309202454,2.2955981073897754e-06
36,1,478972,479135,163,5.046687e-05,7.516324392638038e-05,4.479841494151833e-05
36,2,479135,479298,163,3.104291e-05,3.103722e-05,6.170932134697576e-08
36,3,479298,479461,163,3.105948e-05,3.1050750552147243e-05,5.9353692090094975e-08
36,4,479461,479624,163,3.075656e-05,3.0762614662576684e-05,9.689506749386578e-08
36,5,479624,479787,163,3.070174e-05,3.069209300613497e-05,5.614565174598639e-08
36,6,479787,479950,163,3.070186e-05,3.069722693251534e-05,5.523280512856184e-08
36,7,479950,480113,163,3.073462e-05,3.072526828220859e-05,5.705800631082165e-08
36,8,480113,480276,163,3.077957e-05,3.077253766871165e-05,5.742420683615399e-08
36,9,480276,480439,163,3.083818e-05,3.083103871165645e-05,6.256787323312881e-08
36,10,480439,480602,163,3.120763e-05,3.11916727607362e-05,1.3575102942717535e-07
36,11,480602,480765,163,3.142287e-05,3.141550251533742e-05,6.29407019826259e-08
36,12,480765,480928,163,3.147723e-05,3.1469042883435585e-05,5.8549289494192446e-08
36,13,480928,481091,163,3.152935e-05,3.15241582208589e-05,5.982031860240775e-08
36,14,481091,481254,163,3.160986e-05,3.160614423312883e-05,6.114928391893413e-08
36,15,481254,481417,163,3.168257e-05,3.167323190184049e-05,6.291321739807057e-08
36,16,481417,481580,163,3.174703e-05,3.1738007177914106e-05,6.151638101465436e-08
36,17,481580,481743,163,3.176544e-05,3.1754888588957055e-05,5.8928302384637834e-08
36,18,481743,481906,163,3.176559e-05,3.175768981595092e-05,5.8317048328366094e-08
36,19,481906,482069,163,3.179414e-05,3.178835699386503e-05,6.277659991667419e-08
36,20,482069,482232,163,3.184596e-05,3.183752355828221e-05,5.832758669926892e-08
36,21,482232,482395,163,3.187839e-05,3.187220558282208e-05,5.987539626107741e-08
36,22,482395,482558,163,3.191124e-05,3.190032208588957e-05,5.781333928541054e-08
36,23,482558,482721,163,3.190814e-05,3.1903626503067486e-05,5.742862996193825e-08
36,24,482721,482884,163,3.191719e-05,3.19050381595092e-05,5.765726311990196e-08
36,25,482884,483047,163,3.196304e-05,3.1964564969325156e-05,8.947491611594919e-08
36,26,483047,483210,163,3.178494e-05,3.181636110429448e-05,1.8667360377741347e-07
36,27,483210,483373,163,3.163241e-05,3.163023496932515e-05,6.346544317784157e-08
36,28,483373,483536,163,3.179812e-05,3.1948841840490804e-05,3.559561572286753e-07
36,29,483536,483699,163,0.0004376496,0.00033025283349693256,0.0002387685788319483
36,30,483699,483862,163,0.000582704,0.0005825875392638036,1.0366371271110183e-06
36,31,483862,484025,163,0.0005842411,0.0005842850429447852,3.497938539220441e-07
36,32,484025,484188,163,0.0005838551,0.000583705690797546,5.935216657433197e-07
36,33,484188,484351,163,0.0005820332,0.000582131927607362,4.7343586129411965e-07
36,34,484351,484514,163,0.0005815617,0.0005814819214723927,6.258590634722395e-07
36,35,484514,484677,163,0.0005800655,0.0005798512834355828,7.604986713414577e-07
36,36,484677,484840,163,0.0005768585,0.0005769534472392638,1.8268006011823295e-06
36,37,484840,485003,163,0.0005674582,0.0005679384134969325,2.1107442550549043e-06
36,38,485003,485166,163,0.0005780953,0.0005832270773006135,2.5078403089377292e-05
36,39,485166,485328,162,0.0006198184,0.0006198130006172839,2.6363589357736685e-07
37,0,492435,492598,163,0.0005692234,0.0005682685447852761,2.118148343407851e-06
37,1,492598,492760,162,0.00037996519999999997,0.00033160889030864197,0.00019883038851569267
37,2,492760,492923,163,3.09457e-05,3.123429662576687e-05,6.631156316613603e-07
37,3,492923,493085,162,3.0905935e-05,3.089526814814815e-05,5.51026863097067e-08
37,4,493085,493248,163,3.092334e-05,3.091508779141104e-05,5.615497846286735e-08
37,5,493248,493410,162,3.0931229999999995e-05,3.092791956790123e-05,5.5104403168701e-08
37,6,493410,493572,162,3.0966859999999994e-05,3.096081549382716e-05,5.75409709540635e-08
37,7,493572,493735,163,3.099972e-05,3.099466748466258e-05,5.5867132993270495e-08
37,8,493735,493897,162,3.102696e-05,3.102120419753086e-05,6.177990862360678e-08
37,9,493897,494060,163,3.114216e-05,3.114228509202454e-05,7.316468788852918e-08
37,10,494060,494222,162,3.1205555e-05,3.119924487654321e-05,5.72748542441488e-08
37,11,494222,494385,163,3.12643e-05,3.125686392638037e-05,5.856619949453632e-08
37,12,494385,494547,162,3.132241e-05,3.131693302469136e-05,5.782245531263858e-08
37,13,494547,494709,162,3.1358985e-05,3.135265672839506e-05,5.6710462507504996e-08
37,14,494709,494872,163,3.14084e-05,3.1411263619631896e-05,6.185520258554076e-08
37,15,494872,495034,162,3.1494684999999994e-05,3.148905259259259e-05,6.077175679657968e-08
37,16,495034,495197,163,3.158178e-05,3.157768441717791e-05,6.087580356958849e-08
37,17,495197,495359,162,3.1651995e-05,3.164544290123457e-05,5.884335825493507e-08
37,18,495359,495522,163,3.170683e-05,3.170154417177914e-05,5.849068772629033e-08
37,19,495522,495684,162,3.175186e-05,3.174488617283951e-05,5.8386112230583e-08
37,20,495684,495846,162,3.1802425e-05,3.1791463148148144e-05,5.8485685285367326e-08
37,21,495846,496009,163,3.183586e-05,3.183052693251535e-05,5.839333516607446e-08
37,22,496009,496171,162,3.1875215e-05,3.1865023827160494e-05,5.7565724242600274e-08
37,23,496171,496334,163,3.188533e-05,3.188110969325154e-05,5.784375911024502e-08
37,24,496334,496496,162,3.189354e-05,3.1888764814814816e-05,5.861050623407935e-08
37,25,496496,496659,163,3.183023e-05,3.182199736196319e-05,5.987997727385009e-08
37,26,496659,496821,162,3.178867e-05,3.178767481481481e-05,7.022020104529942e-08
37,27,496821,496983,162,3.171603e-05,3.1708087901234565e-05,6.0585434671715e-08
37,28,496983,497146,163,3.193329e-05,3.2094797852760735e-05,3.808217474356331e-07
37,29,497146,497308,162,0.00037750079999999996,0.00030073147203703705,0.000238321719370262
37,30,497308,497471,163,0.0005852173,0.0005851924153374233,2.486737055875691e-07
37,31,497471,497633,162,0.00058477755,0.0005847218166666667,3.706782605850602e-07
37,32,497633,497796,163,0.000583749,0.0005837686380368098,3.164949023535379e-07
37,33,497796,497958,162,0.00058419605,0.0005841864512345679,3.9243267414047204e-07
37,34,497958,498120,162,0.0005826462,0.0005825853098765432,6.35069040011762e-07
37,35,498120,498283,163,0.0005818916,0.000581766817177914,5.718292289371718e-07
37,36,498283,498445,162,0.0005796188499999999,0.0005787408327160494,2.359237026092899e-06
37,37,498445,498608,163,0.0005695106,0.0005687670920245399,3.2989885785787187e-06
37,38,498608,498770,162,0.0005764752,0.0005834373845679013,2.4513458301420933e-05
37,39,498770,498932,162,0.00062034655,0.0006203430543209878,3.038675855012598e-07
38,0,506035,506198,163,0.0005516735,0.0005512304147239264,3.932195729580882e-06
38,1,506198,506360,162,0.00041440840000000004,0.00036003301425925925,0.00017595713728923217
38,2,506360,506523,163,7.953447e-05,8.033118515337424e-05,2.330830717352993e-06
38,3,506523,506685,162,7.617933e-05,7.573660530864198e-05,1.0046523002709543e-06
38,4,506685,506847,162,7.019078e-05,7.070712641975308e-05,1.4717582128288455e-06
38,5,506847,507010,163,6.803331e-05,6.752486061349692e-05,1.6382804090507146e-06
38,6,507010,507172,162,5.9822545e-05,5.9914360061728394e-05,2.386382410873008e-06
38,7,507172,507334,162,5.234924e-05,5.2250356975308643e-05,1.9163796392436227e-06
38,8,507334,507497,163,4.65712e-05,4.685278674846626e-05,7.506056177872937e-07
38,9,507497,507659,162,4.4548655e-05,4.421661487654321e-05,1.544415588009095e-06
38,10,507659,507821,162,4.0287469999999995e-05,4.03729363580247e-05,6.336610582162193e-07
38,11,507821,507984,163,3.891602e-05,3.8820504049079755e-05,3.274032953119911e-07
38,12,507984,508146,162,3.7784745e-05,3.767484382716049e-05,3.6908001543232527e-07
38,13,508146,508308,162,3.6703825e-05,3.675526925925926e-05,2.3790818477338552e-07
38,14,508308,508471,163,3.608493e-05,3.609077656441718e-05,1.201873500401319e-07
38,15,508471,508633,162,3.579649e-05,3.580376209876544e-05,1.6387296568006704e-07
38,16,508633,508795,162,3.5338960000000006e-05,3.534257580246913e-05,2.3039920753820432e-07
38,17,508795,508958,163,3.48545e-05,3.486597214723926e-05,1.0329718856449114e-07
38,18,508958,509120,162,3.4585285e-05,3.4598738148148145e-05,1.0081528936944395e-07
38,19,509120,509282,162,3.424381e-05,3.4142281790123454e-05,3.351523873468999e-07
38,20,509282,509445,163,3.19329e-05,3.2242645766871164e-05,4.899229000866567e-07
38,21,509445,509607,162,3.194034e-05,3.195178364197531e-05,1.127580872342911e-07
38,22,509607,509770,163,3.244506e-05,3.2461040736196324e-05,1.9773562836426654e-07
38,23,509770,509932,162,3.3149405e-05,3.314773969135803e-05,2.0704511691309973e-07
38,24,509932,510094,162,3.381791e-05,3.3872424382716045e-05,2.74732311678431e-07
38,25,510094,510257,163,3.650585e-05,3.625967349693252e-05,1.0836130613086443e-06
38,26,510257,510419,162,3.968049e-05,3.932123851851851e-05,7.257830367888173e-07
38,27,510419,510581,162,4.025767e-05,4.015562012345679e-05,4.020262972311847e-07
38,28,510581,510744,163,4.174843e-05,4.184535460122699e-05,1.1568171995525782e-06
38,29,510744,510906,162,0.00044611015,0.0003421315008024692,0.00022532389100364674
38,30,510906,511068,162,0.0005846072500000001,0.0005844558734567901,7.624317032188775e-07
38,31,511068,511231,163,0.0005845655,0.0005845423607361963,2.957312032798067e-07
38,32,511231,511393,162,0.0005842314,0.0005842207098765432,3.501861159845997e-07
38,33,511393,511555,162,0.00058450715,0.0005844549962962963,4.316483995690047e-07
38,34,511555,511718,163,0.0005824859,0.000582725881595092,8.727875456168917e-07
38,35,511718,511880,162,0.00058350635,0.0005825732111111111,1.954363240811957e-06
38,36,511880,512042,162,0.0005733792,0.0005736902901234568,1.1159543352205388e-06
38,37,512042,512205,163,0.0005640868,0.0005644374441717791,4.825350211570819e-06
38,38,512205,512367,162,0.0005746608,0.0005810580345679012,2.7403920670081834e-05
38,39,512367,512529,162,0.0006213360999999999,0.0006213391845679013,3.118548735698351e-07
39,0,519659,519822,163,0.0005564442,0.000558362436196319,5.463563694863536e-06
39,1,519822,519985,163,0.0005749699,0.0005757249067484662,1.611160156214413e-06
39,2,519985,520148,163,0.0005786731,0.000578643536196319,2.8385523640429346e-06
39,3,520148,520311,163,0.0005831782,0.0005831611607361963,4.860071805669638e-07
39,4,520311,520474,163,0.0005831675,0.0005832007613496932,2.7219939649260715e-07
39,5,520474,520637,163,0.0005831498,0.0005830853245398773,4.417526400380817e-07
39,6,520637,520800,163,0.0005802001,0.0005802472073619631,1.6374151857418246e-06
39,7,520800,520963,163,0.0005786457,0.0005785240668711657,6.080643977293153e-07
39,8,520963,521126,163,0.0005780009,0.0005780016012269938,4.024988460887675e-07
39,9,521126,521289,163,0.0005768292,0.0005756508815950921,2.9036229919349305e-06
39,10,521289,521452,163,0.0005756695,0.0005742473245398773,2.3622629303351936e-06
39,11,521452,521615,163,0.0005765376,0.0005765121576687117,4.601211688768003e-07
39,12,521615,521778,163,0.0005742559,0.0005742916079754601,7.109483183810088e-07
39,13,521778,521941,163,0.0005742153,0.0005734975472392638,2.0105750824084044e-06
39,14,521941,522104,163,0.0005736786,0.0005724192963190185,2.1924572739893164e-06
39,15,522104,522267,163,0.0005740526,0.000574065445398773,3.931559164327412e-07
39,16,522267,522430,163,0.0005722074,0.000572332981595092,7.740185909721162e-07
39,17,522430,522593,163,0.0005708667,0.0005705734975460123,8.217547848945233e-07
39,18,522593,522756,163,0.0005710395,0.0005710133386503068,3.543277684920572e-07
39,19,522756,522919,163,0.0005692504,0.0005656362963190184,7.60525739514231e-06
39,20,522919,523082,163,0.0003719386,0.00039347940122699387,5.2020946524502535e-05
39,21,523082,523245,163,0.0004284644,0.0004257738889570553,2.914824654632169e-05
39,22,523245,523408,163,0.0004961728,0.0004985753319018406,1.2932724387846066e-05
39,23,523408,523571,163,0.0005280708,0.0005295884503067485,7.625267631367739e-06
39,24,523571,523734,163,0.0005528889,0.0005549191337423313,7.658825996645847e-06
39,25,523734,523897,163,0.0005689255,0.000569179637423313,1.482084901531607e-06
39,26,523897,524060,163,0.0005743396,0.0005741912521472393,7.558712609359362e-07
39,27,524060,524223,163,0.0005751466,0.000575219481595092,6.417343881523959e-07
39,28,524223,524386,163,0.0005762124,0.0005755245282208589,1.7595488732173357e-06
39,29,524386,524549,163,0.0005811314,0.0005810030312883436,2.7547019639828073e-06
39,30,524549,524712,163,0.0005843991,0.000584319663803681,6.554408122653637e-07
39,31,524712,524875,163,0.0005839507,0.0005839104975460123,4.142821432636276e-07
39,32,524875,525038,163,0.0005831536,0.0005832226656441718,4.4416249670841185e-07
39,33,525038,525201,163,0.0005825619,0.0005825337852760735,9.355909900389709e-07
39,34,525201,525364,163,0.0005827248,0.0005824392392638036,1.1741534101142377e-06
39,35,525364,525527,163,0.0005670559,0.0005686254570552148,7.099048658107668e-06
39,36,525527,525690,163,0.000571228,0.0005712058521472393,1.5910340573272299e-06
39,37,525690,525853,163,0.0005654444,0.0005655000042944785,2.4921714644590096e-06
39,38,525853,526016,163,0.0005635346,0.0005781388932515338,2.3881744397548343e-05
39,39,526016,526178,162,0.0006209107,0.0006208850537037037,2.935124114857158e-07
