row,col,x_center_nominal_mm,y_scanline_relative_mm,start_source_index,stop_source_index_exclusive,sample_count,median_current_A,mean_current_A,std_current_A,high_sample_fraction,binary_0_low_1_high
0,0,1.0,0.0,107,119,12,3.761417e-07,3.7478609166666664e-07,1.921591780034781e-09,0.0,0
0,1,3.0,0.0,119,131,12,3.668072e-07,3.669608083333333e-07,1.9300137311507773e-09,0.0,0
0,2,5.0,0.0,131,143,12,3.5837694999999996e-07,3.5920905000000005e-07,2.0245847732724564e-09,0.0,0
0,3,7.0,0.0,143,155,12,3.570922e-07,3.5711087499999994e-07,7.557659607974388e-11,0.0,0
0,4,9.0,0.0,155,167,12,3.5753435e-07,3.5767583333333333e-07,5.441267473872553e-10,0.0,0
0,5,11.0,0.0,167,179,12,3.578046e-07,3.578997500000001e-07,5.011096944116451e-10,0.0,0
0,6,13.0,0.0,179,191,12,3.571414e-07,3.571415333333334e-07,3.2355507860158865e-11,0.0,0
0,7,15.0,0.0,191,203,12,3.571568e-07,3.5716496666666667e-07,4.109416692860018e-11,0.0,0
0,8,17.0,0.0,203,215,12,3.5728075e-07,3.57268625e-07,4.41387419583541e-11,0.0,0
0,9,19.0,0.0,215,226,11,3.572526e-07,3.571913e-07,1.0388270483405031e-10,0.0,0
0,10,21.0,0.0,226,238,12,3.555951e-07,3.556743833333333e-07,7.335721594059816e-10,0.0,0
0,11,23.0,0.0,238,250,12,3.5474245e-07,3.5476504166666666e-07,9.910335899398255e-11,0.0,0
0,12,25.0,0.0,250,262,12,3.5534465e-07,3.5536503333333327e-07,2.827464185842509e-10,0.0,0
0,13,27.0,0.0,262,274,12,3.5617965e-07,3.5617890000000004e-07,2.2355464283555176e-10,0.0,0
0,14,29.0,0.0,274,286,12,3.5697315e-07,3.5700489166666675e-07,2.5210430532596653e-10,0.0,0
0,15,31.0,0.0,286,298,12,3.5807995e-07,3.582715583333333e-07,6.788001589303642e-10,0.0,0
0,16,33.0,0.0,298,310,12,3.6235125e-07,3.6214002499999997e-07,1.1832767801920505e-09,0.0,0
0,17,35.0,0.0,310,322,12,3.647066e-07,3.646849833333334e-07,4.292341743021993e-10,0.0,0
0,18,37.0,0.0,322,334,12,3.662852e-07,3.6629710833333333e-07,5.799248995320206e-10,0.0,0
0,19,39.0,0.0,334,345,11,3.684487e-07,3.6840456363636365e-07,3.9860814723399836e-10,0.0,0
0,20,41.0,0.0,345,357,12,3.685302e-07,3.685042583333334e-07,2.199351550583866e-10,0.0,0
0,21,43.0,0.0,357,369,12,3.6855605e-07,3.685404333333333e-07,1.662195001262612e-10,0.0,0
0,22,45.0,0.0,369,381,12,3.68937e-07,3.689638583333333e-07,1.1153395939005843e-10,0.0,0
0,23,47.0,0.0,381,393,12,3.6941645e-07,3.6939505833333333e-07,7.555073856172472e-11,0.0,0
0,24,49.0,0.0,393,405,12,3.6917164999999997e-07,3.6919680000000004e-07,1.5506445434076525e-10,0.0,0
0,25,51.0,0.0,405,417,12,3.6953389999999996e-07,3.6957324166666665e-07,3.7668767446947443e-10,0.0,0
0,26,53.0,0.0,417,429,12,3.706514e-07,3.7062647499999995e-07,2.0752079464075835e-10,0.0,0
0,27,55.0,0.0,429,441,12,3.7133035000000003e-07,3.7136828333333334e-07,2.8346094038195186e-10,0.0,0
0,28,57.0,0.0,441,453,12,3.832162e-07,9.08283585e-06,1.9457097840459852e-05,0.16666666666666666,0
0,29,59.0,0.0,453,464,11,5.902631e-05,5.8924263636363635e-05,4.1694170037794075e-07,1.0,1
0,30,61.0,0.0,464,476,12,5.972966e-05,5.9725589166666674e-05,2.0538841558773227e-07,1.0,1
0,31,63.0,0.0,476,488,12,5.974154e-05,5.969010666666667e-05,2.402070197882568e-07,1.0,1
0,32,65.0,0.0,488,500,12,6.0597355e-05,6.056185333333333e-05,3.359564696339226e-07,1.0,1
0,33,67.0,0.0,500,512,12,5.9263685e-05,5.940222833333334e-05,6.273185889938392e-07,1.0,1
0,34,69.0,0.0,512,524,12,6.00586e-05,5.999374250000001e-05,8.956972942827373e-07,1.0,1
0,35,71.0,0.0,524,536,12,6.105068500000001e-05,6.10445275e-05,5.4565625187321737e-08,1.0,1
0,36,73.0,0.0,536,548,12,6.0661304999999995e-05,6.0627081666666675e-05,3.5436093270922905e-07,1.0,1
0,37,75.0,0.0,548,560,12,6.0488385e-05,6.151883749999999e-05,2.796279260449275e-06,1.0,1
0,38,77.0,0.0,560,572,12,6.538884e-05,6.538604833333332e-05,2.8662162582206506e-08,1.0,1
0,39,79.0,0.0,572,583,11,6.538251e-05,6.537647636363637e-05,2.335907698702873e-08,1.0,1
1,0,1.0,2.0,1078,1089,11,3.353901e-07,3.354056909090909e-07,1.6047049966523388e-09,0.0,0
1,1,3.0,2.0,1066,1078,12,3.3339805e-07,3.3350457500000004e-07,2.1672477602171982e-10,0.0,0
1,2,5.0,2.0,1054,1066,12,3.344163e-07,3.343592916666667e-07,1.2550983001564494e-10,0.0,0
1,3,7.0,2.0,1042,1054,12,3.341866e-07,3.3416385833333334e-07,1.5184781558265158e-10,0.0,0
1,4,9.0,2.0,1030,1042,12,3.3343615e-07,3.3345856666666666e-07,2.2903965571247512e-10,0.0,0
1,5,11.0,2.0,1018,1030,12,3.3281e-07,3.3282211666666664e-07,1.807654642224406e-10,0.0,0
1,6,13.0,2.0,1006,1018,12,3.3209710000000003e-07,3.320967416666667e-07,2.3023649963436936e-10,0.0,0
1,7,15.0,2.0,994,1006,12,3.311796e-07,3.3118105833333336e-07,2.527037905609823e-10,0.0,0
1,8,17.0,2.0,982,994,12,3.303522e-07,3.3037239999999993e-07,2.360957891760607e-10,0.0,0
1,9,19.0,2.0,970,982,12,3.29473e-07,3.294873e-07,2.7513441260591336e-10,0.0,0
1,10,21.0,2.0,959,970,11,3.288514e-07,3.2882294545454545e-07,1.5056769159439634e-10,0.0,0
1,11,23.0,2.0,947,959,12,3.280101e-07,3.279986916666667e-07,3.2011669345811496e-10,0.0,0
1,12,25.0,2.0,935,947,12,3.2689429999999997e-07,3.2690479166666666e-07,2.7678821464052457e-10,0.0,0
1,13,27.0,2.0,923,935,12,3.259675e-07,3.2597439166666664e-07,2.7360130804491464e-10,0.0,0
1,14,29.0,2.0,911,923,12,3.2485855e-07,3.2483541666666664e-07,4.0132747607852686e-10,0.0,0
1,15,31.0,2.0,899,911,12,3.2336214999999997e-07,3.233453833333334e-07,4.386378001520348e-10,0.0,0
1,16,33.0,2.0,887,899,12,3.2160409999999996e-07,3.216110916666667e-07,5.586894403547377e-10,0.0,0
1,17,35.0,2.0,875,887,12,3.195256e-07,3.1952585e-07,6.644052747884123e-10,0.0,0
1,18,37.0,2.0,863,875,12,3.1707339999999997e-07,3.170421833333333e-07,7.90836067961552e-10,0.0,0
1,19,39.0,2.0,851,863,12,3.140295e-07,3.1401314166666665e-07,9.645261457129545e-10,0.0,0
1,20,41.0,2.0,840,851,11,3.105598e-07,3.1050740909090905e-07,1.0605923957474704e-09,0.0,0
1,21,43.0,2.0,828,840,12,3.0640285e-07,3.063457666666667e-07,1.3370523053426981e-09,0.0,0
1,22,45.0,2.0,816,828,12,3.0131805e-07,3.012712166666667e-07,1.5773693563616855e-09,0.0,0
1,23,47.0,2.0,804,816,12,2.952456e-07,2.9522344166666666e-07,1.8828455926506254e-09,0.0,0
1,24,49.0,2.0,792,804,12,2.8812515e-07,2.881082416666667e-07,2.180484873622657e-09,0.0,0
1,25,51.0,2.0,780,792,12,2.8035465e-07,2.80331475e-07,2.2813515165083606e-09,0.0,0
1,26,53.0,2.0,768,780,12,2.7299435e-07,2.732409666666667e-07,1.5920215934116253e-09,0.0,0
1,27,55.0,2.0,756,768,12,2.7401935e-07,2.7623756666666665e-07,5.503681734429141e-09,0.0,0
1,28,57.0,2.0,744,756,12,8.84447345e-06,2.094801141666666e-05,2.297107428298044e-05,0.3333333333333333,0
1,29,59.0,2.0,732,744,12,5.8896395e-05,5.884269666666668e-05,3.8332422269608165e-07,1.0,1
1,30,61.0,2.0,721,732,11,5.714183e-05,5.719025363636364e-05,2.056130567251696e-07,1.0,1
1,31,63.0,2.0,709,721,12,5.8435934999999996e-05,5.8449315000000004e-05,4.074314794845885e-07,1.0,1
1,32,65.0,2.0,697,709,12,5.9893635e-05,5.979372166666666e-05,3.701602447777036e-07,1.0,1
1,33,67.0,2.0,685,697,12,5.9644675e-05,5.965152583333333e-05,2.765088140987659e-07,1.0,1
1,34,69.0,2.0,673,685,12,6.08117e-05,6.0614099166666665e-05,3.6102160338079317e-07,1.0,1
1,35,71.0,2.0,661,673,12,6.0835264999999994e-05,6.082397083333334e-05,4.072955140483236e-08,1.0,1
1,36,73.0,2.0,649,661,12,6.0417450000000005e-05,6.042110750000001e-05,1.5973285620711636e-07,1.0,1
1,37,75.0,2.0,637,649,12,6.011692e-05,6.0896795833333344e-05,3.1294407690071896e-06,1.0,1
1,38,77.0,2.0,625,637,12,6.5286735e-05,6.528953083333334e-05,2.6495173603989352e-08,1.0,1
1,39,79.0,2.0,613,625,12,6.530478e-05,6.531429833333334e-05,3.5854997520878796e-08,1.0,1
2,0,1.0,4.0,1119,1131,12,3.4466715e-07,3.4325105833333333e-07,2.2326922815509594e-09,0.0,0
2,1,3.0,4.0,1131,1143,12,3.381844e-07,3.3826362499999993e-07,2.967490581984509e-10,0.0,0
2,2,5.0,4.0,1143,1155,12,3.3957265e-07,3.3955674166666664e-07,5.890351170322683e-10,0.0,0
2,3,7.0,4.0,1155,1167,12,3.4127635e-07,3.41282925e-07,3.8650866554537645e-10,0.0,0
2,4,9.0,4.0,1167,1179,12,3.4242935e-07,3.4239184166666664e-07,2.2938806805037291e-10,0.0,0
2,5,11.0,4.0,1179,1191,12,3.4298645e-07,3.430316e-07,1.8018788805022705e-10,0.0,0
2,6,13.0,4.0,1191,1203,12,3.4385905e-07,3.438371749999999e-07,2.4888842588932785e-10,0.0,0
2,7,15.0,4.0,1203,1214,11,3.445382e-07,3.4455747272727276e-07,2.1538231163512422e-10,0.0,0
2,8,17.0,4.0,1214,1226,12,3.4541155e-07,3.4537475e-07,1.8685031665301327e-10,0.0,0
2,9,19.0,4.0,1226,1238,12,3.4616940000000003e-07,3.4618069166666666e-07,2.744387741626358e-10,0.0,0
2,10,21.0,4.0,1238,1250,12,3.4726360000000004e-07,3.4722841666666675e-07,3.153267639379104e-10,0.0,0
2,11,23.0,4.0,1250,1262,12,3.4823925e-07,3.4821933333333335e-07,2.850284907786504e-10,0.0,0
2,12,25.0,4.0,1262,1274,12,3.4902e-07,3.490256e-07,2.0265515455243361e-10,0.0,0
2,13,27.0,4.0,1274,1286,12,3.5000445e-07,3.499746583333333e-07,3.2624574954660424e-10,0.0,0
2,14,29.0,4.0,1286,1298,12,3.51164e-07,3.5115238333333333e-07,3.5721225210727884e-10,0.0,0
2,15,31.0,4.0,1298,1309,11,3.522769e-07,3.522937545454545e-07,3.068426821194357e-10,0.0,0
2,16,33.0,4.0,1309,1321,12,3.5347785e-07,3.534670666666666e-07,3.715359456215311e-10,0.0,0
2,17,35.0,4.0,1321,1333,12,3.5467815e-07,3.546823333333333e-07,3.456490979141945e-10,0.0,0
2,18,37.0,4.0,1333,1345,12,3.5595815e-07,3.559465166666668e-07,3.653717281375561e-10,0.0,0
2,19,39.0,4.0,1345,1357,12,3.5733805e-07,3.5735014999999997e-07,4.4241367802092585e-10,0.0,0
2,20,41.0,4.0,1357,1369,12,3.58773e-07,3.587294333333333e-07,3.4157792262121533e-10,0.0,0
2,21,43.0,4.0,1369,1381,12,3.5965590000000004e-07,3.596437166666667e-07,2.3552420906470757e-10,0.0,0
2,22,45.0,4.0,1381,1393,12,3.603422e-07,3.6037656666666664e-07,2.325011194716096e-10,0.0,0
2,23,47.0,4.0,1393,1404,11,3.611395e-07,3.611295454545455e-07,1.9006480886857536e-10,0.0,0
2,24,49.0,4.0,1404,1416,12,3.6182035e-07,3.618269e-07,2.2046966155610734e-10,0.0,0
2,25,51.0,4.0,1416,1428,12,3.623403e-07,3.6239019166666666e-07,1.6227388092528854e-10,0.0,0
2,26,53.0,4.0,1428,1440,12,3.630939e-07,3.630712166666667e-07,1.7675927997012186e-10,0.0,0
2,27,55.0,4.0,1440,1452,12,3.6377289999999997e-07,3.6382470833333337e-07,2.621737193107341e-10,0.0,0
2,28,57.0,4.0,1452,1464,12,3.779571e-07,9.794869716666666e-06,2.1007801572225957e-05,0.16666666666666666,0
2,29,59.0,4.0,1464,1476,12,5.8297109999999995e-05,5.8349919166666655e-05,6.640925855438421e-07,1.0,1
2,30,61.0,4.0,1476,1488,12,5.8100505000000004e-05,5.811391333333333e-05,8.429485766080618e-07,1.0,1
2,31,63.0,4.0,1488,1499,11,5.945124e-05,5.943318636363636e-05,1.5459538504653383e-07,1.0,1
2,32,65.0,4.0,1499,1511,12,5.9473835e-05,5.9504122499999997e-05,2.2302131542840682e-07,1.0,1
2,33,67.0,4.0,1511,1523,12,5.9247205000000005e-05,5.912211833333333e-05,7.149027427889904e-07,1.0,1
2,34,69.0,4.0,1523,1535,12,6.086936e-05,6.08683325e-05,4.75521042515466e-08,1.0,1
2,35,71.0,4.0,1535,1547,12,6.065846e-05,6.0638900833333334e-05,1.131512513893338e-07,1.0,1
2,36,73.0,4.0,1547,1559,12,6.062806e-05,6.054151833333332e-05,2.1621973043770987e-07,1.0,1
2,37,75.0,4.0,1559,1571,12,5.9433670000000005e-05,6.036885500000001e-05,3.3738749695775136e-06,1.0,1
2,38,77.0,4.0,1571,1583,12,6.5276035e-05,6.526588416666666e-05,3.7925073600968676e-08,1.0,1
2,39,79.0,4.0,1583,1594,11,6.525103e-05,6.52333509090909e-05,4.2057599130574165e-08,1.0,1
3,0,1.0,6.0,1982,1991,9,3.279903e-07,3.2824431111111114e-07,4.925248971584954e-10,0.0,0
3,1,3.0,6.0,1973,1982,9,3.280294e-07,3.280615222222222e-07,1.149193125417147e-10,0.0,0
3,2,5.0,6.0,1964,1973,9,3.270796e-07,3.2701108888888886e-07,5.763690666471054e-10,0.0,0
3,3,7.0,6.0,1954,1964,10,3.243148e-07,3.2434617000000005e-07,8.721165851536202e-10,0.0,0
3,4,9.0,6.0,1945,1954,9,3.207727e-07,3.1990185555555563e-07,2.472245248581897e-09,0.0,0
3,5,11.0,6.0,1936,1945,9,3.146967e-07,3.1467581111111114e-07,1.4947326364005864e-10,0.0,0
3,6,13.0,6.0,1927,1936,9,3.140551e-07,3.140675888888889e-07,1.527658807489053e-10,0.0,0
3,7,15.0,6.0,1917,1927,10,3.139437e-07,3.1402989999999997e-07,2.1756517644144968e-10,0.0,0
3,8,17.0,6.0,1908,1917,9,3.159506e-07,3.161478444444445e-07,1.108890858381681e-09,0.0,0
3,9,19.0,6.0,1899,1908,9,3.227034e-07,3.238811444444445e-07,4.443401463871542e-09,0.0,0
3,10,21.0,6.0,1890,1899,9,3.819996e-07,3.742168e-07,2.216100747288655e-08,0.0,0
3,11,23.0,6.0,1880,1890,10,3.8794735e-07,3.8753864e-07,4.871991578851501e-09,0.0,0
3,12,25.0,6.0,1871,1880,9,3.616079e-07,3.538969111111111e-07,2.293252116950678e-08,0.0,0
3,13,27.0,6.0,1862,1871,9,3.033723e-07,3.033706666666667e-07,2.2051345547255005e-09,0.0,0
3,14,29.0,6.0,1853,1862,9,3.063053e-07,3.062791111111111e-07,5.522087999710198e-10,0.0,0
3,15,31.0,6.0,1843,1853,10,3.024932e-07,3.0249884e-07,1.24026142905437e-09,0.0,0
3,16,33.0,6.0,1834,1843,9,2.986156e-07,2.986398111111111e-07,1.093154035546725e-09,0.0,0
3,17,35.0,6.0,1825,1834,9,2.95115e-07,2.951194555555555e-07,1.0716274198216403e-09,0.0,0
3,18,37.0,6.0,1816,1825,9,2.905685e-07,2.9057543333333335e-07,1.5380553544438315e-09,0.0,0
3,19,39.0,6.0,1806,1816,10,2.849608e-07,2.8498165e-07,1.5110986071398527e-09,0.0,0
3,20,41.0,6.0,1797,1806,9,2.791087e-07,2.7914645555555564e-07,1.6557548698813506e-09,0.0,0
3,21,43.0,6.0,1788,1797,9,2.735224e-07,2.736125444444444e-07,1.6283482347398086e-09,0.0,0
3,22,45.0,6.0,1779,1788,9,2.684788e-07,2.6862068888888886e-07,1.1453777712027758e-09,0.0,0
3,23,47.0,6.0,1769,1779,10,2.6781955e-07,2.6874525e-07,2.179249412641886e-09,0.0,0
3,24,49.0,6.0,1760,1769,9,2.968708e-07,3.0678638888888885e-07,2.8855655676966588e-08,0.0,0
3,25,51.0,6.0,1751,1760,9,5.50514e-05,4.727275111111112e-05,1.5022239795302345e-05,0.7777777777777778,1
3,26,53.0,6.0,1742,1751,9,5.963191e-05,5.9394908888888895e-05,5.34379244803299e-07,1.0,1
3,27,55.0,6.0,1732,1742,10,5.9183059999999996e-05,5.898901599999999e-05,6.397695616423152e-07,1.0,1
3,28,57.0,6.0,1723,1732,9,5.994385e-05,5.995192333333333e-05,1.1832179061074633e-07,1.0,1
3,29,59.0,6.0,1714,1723,9,5.993224e-05,5.970168888888889e-05,7.8411089859711e-07,1.0,1
3,30,61.0,6.0,1705,1714,9,5.926524e-05,5.9120562222222225e-05,4.421370543615471e-07,1.0,1
3,31,63.0,6.0,1695,1705,10,6.0268115e-05,6.028908100000001e-05,2.3544719940785103e-07,1.0,1
3,32,65.0,6.0,1686,1695,9,6.055833e-05,6.0534393333333325e-05,1.0270260409984123e-07,1.0,1
3,33,67.0,6.0,1677,1686,9,6.030685e-05,6.024138e-05,2.1187401990595992e-07,1.0,1
3,34,69.0,6.0,1668,1677,9,6.008942e-05,6.004355777777778e-05,1.0319046615929711e-07,1.0,1
3,35,71.0,6.0,1658,1668,10,5.9454115000000005e-05,5.9063702e-05,8.952118736679044e-07,1.0,1
3,36,73.0,6.0,1649,1658,9,6.069418e-05,6.0607658888888875e-05,3.4192334056869265e-06,1.0,1
3,37,75.0,6.0,1640,1649,9,6.517764e-05,6.516324555555556e-05,3.3974990838396244e-08,1.0,1
3,38,77.0,6.0,1631,1640,9,6.514168e-05,6.514649666666667e-05,2.0715261684727546e-08,1.0,1
3,39,79.0,6.0,1621,1631,10,6.519570499999999e-05,6.5191382e-05,3.356627319200104e-08,1.0,1
4,0,1.0,8.0,2015,2025,10,3.3060574999999996e-07,3.306838e-07,3.058804733878954e-10,0.0,0
4,1,3.0,8.0,2025,2034,9,3.317593e-07,3.318301888888889e-07,3.1985131422251485e-10,0.0,0
4,2,5.0,8.0,2034,2043,9,3.33144e-07,3.331110222222222e-07,3.917790555849823e-10,0.0,0
4,3,7.0,8.0,2043,2052,9,3.343754e-07,3.3435432222222215e-07,3.564156929385173e-10,0.0,0
4,4,9.0,8.0,2052,2062,10,3.3566885e-07,3.3569971000000003e-07,4.278453843387899e-10,0.0,0
4,5,11.0,8.0,2062,2071,9,3.370912e-07,3.370292333333333e-07,3.10226970673631e-10,0.0,0
4,6,13.0,8.0,2071,2080,9,3.383061e-07,3.3830632222222223e-07,3.942450416168918e-10,0.0,0
4,7,15.0,8.0,2080,2089,9,3.396406e-07,3.3962664444444447e-07,3.71895869867745e-10,0.0,0
4,8,17.0,8.0,2089,2099,10,3.41007e-07,3.4100885e-07,4.166887525479839e-10,0.0,0
4,9,19.0,8.0,2099,2108,9,3.423006e-07,3.422842e-07,3.599413038569273e-10,0.0,0
4,10,21.0,8.0,2108,2117,9,3.434958e-07,3.434742666666666e-07,3.4933028942694155e-10,0.0,0
4,11,23.0,8.0,2117,2126,9,3.447059e-07,3.4468940000000005e-07,3.4070913303480744e-10,0.0,0
4,12,25.0,8.0,2126,2135,9,3.459587e-07,3.459630444444444e-07,3.641399978369439e-10,0.0,0
4,13,27.0,8.0,2135,2145,10,3.4723984999999996e-07,3.4721957e-07,3.637724812296763e-10,0.0,0
4,14,29.0,8.0,2145,2154,9,3.483718e-07,3.4839275555555557e-07,3.05975507774761e-10,0.0,0
4,15,31.0,8.0,2154,2163,9,3.494129e-07,3.493903111111111e-07,2.651774016031282e-10,0.0,0
4,16,33.0,8.0,2163,2172,9,3.502954e-07,3.5029795555555557e-07,2.4864331039154485e-10,0.0,0
4,17,35.0,8.0,2172,2182,10,3.511558e-07,3.5116905999999997e-07,2.576645734283224e-10,0.0,0
4,18,37.0,8.0,2182,2191,9,3.519912e-07,3.52007e-07,2.3151542785165342e-10,0.0,0
4,19,39.0,8.0,2191,2200,9,3.528417e-07,3.528387444444445e-07,2.2204162328072145e-10,0.0,0
4,20,41.0,8.0,2200,2209,9,3.535162e-07,3.535326111111111e-07,1.9225131957035595e-10,0.0,0
4,21,43.0,8.0,2209,2218,9,3.542347e-07,3.542419e-07,2.1539126671660198e-10,0.0,0
4,22,45.0,8.0,2218,2228,10,3.550556e-07,3.5504803000000005e-07,2.556836836796591e-10,0.0,0
4,23,47.0,8.0,2228,2237,9,3.558584e-07,3.5585877777777776e-07,2.2074554369619212e-10,0.0,0
4,24,49.0,8.0,2237,2246,9,3.564911e-07,3.5654644444444445e-07,1.8005943531765487e-10,0.0,0
4,25,51.0,8.0,2246,2255,9,3.675446e-07,5.828782911111111e-06,1.540829613502599e-05,0.1111111111111111,0
4,26,53.0,8.0,2255,2265,10,5.8444905e-05,5.8120600999999997e-05,1.10602726730809e-06,1.0,1
4,27,55.0,8.0,2265,2274,9,5.93383e-05,5.925225111111111e-05,3.184936388844779e-07,1.0,1
4,28,57.0,8.0,2274,2283,9,5.985155e-05,5.980626555555556e-05,1.6895313400868937e-07,1.0,1
4,29,59.0,8.0,2283,2292,9,5.994985e-05,5.9956315555555556e-05,1.843781076490565e-07,1.0,1
4,30,61.0,8.0,2292,2301,9,6.067642e-05,6.061765777777778e-05,1.059540402226653e-07,1.0,1
4,31,63.0,8.0,2301,2311,10,6.0693545e-05,6.069823799999999e-05,5.21646144047858e-08,1.0,1
4,32,65.0,8.0,2311,2320,9,6.08476e-05,6.0853057777777776e-05,4.1822102815982025e-08,1.0,1
4,33,67.0,8.0,2320,2329,9,6.066155e-05,6.061791666666666e-05,1.2335390441057583e-07,1.0,1
4,34,69.0,8.0,2329,2338,9,6.025152e-05,6.020343333333333e-05,1.0618622101446737e-07,1.0,1
4,35,71.0,8.0,2338,2348,10,5.96888e-05,5.9604579999999994e-05,8.733141876781797e-07,1.0,1
4,36,73.0,8.0,2348,2357,9,5.706744e-05,5.8285083333333346e-05,3.441221954687348e-06,1.0,1
4,37,75.0,8.0,2357,2366,9,6.516385e-05,6.517788555555555e-05,4.0723300213108444e-08,1.0,1
4,38,77.0,8.0,2366,2375,9,6.518262e-05,6.517539444444444e-05,4.5048281533660404e-08,1.0,1
4,39,79.0,8.0,2375,2384,9,6.515873e-05,6.514636666666666e-05,2.827998585572431e-08,1.0,1
5,0,1.0,10.0,2875,2886,11,3.19241e-07,3.192306454545455e-07,9.806591812408952e-11,0.0,0
5,1,3.0,10.0,2863,2875,12,3.1870445e-07,3.1870245e-07,2.1755237108950432e-10,0.0,0
5,2,5.0,10.0,2851,2863,12,3.1794999999999996e-07,3.18005525e-07,1.4134431438275973e-10,0.0,0
5,3,7.0,10.0,2839,2851,12,3.179057e-07,3.179181583333333e-07,5.693653569740794e-11,0.0,0
5,4,9.0,10.0,2827,2839,12,3.1799045e-07,3.1797795833333335e-07,8.208482866658184e-11,0.0,0
5,5,11.0,10.0,2815,2827,12,3.174373e-07,3.1739407499999997e-07,2.7498944563079765e-10,0.0,0
5,6,13.0,10.0,2803,2815,12,3.1586735e-07,3.15922325e-07,4.683226116062179e-10,0.0,0
5,7,15.0,10.0,2791,2803,12,3.1488165e-07,3.1485829166666665e-07,2.0354919740419375e-10,0.0,0
5,8,17.0,10.0,2780,2791,11,3.143794e-07,3.143675454545454e-07,1.5592802747442725e-10,0.0,0
5,9,19.0,10.0,2768,2780,12,3.135138e-07,3.135680916666667e-07,2.202963438126524e-10,0.0,0
5,10,21.0,10.0,2756,2768,12,3.127801e-07,3.1278132499999996e-07,2.476294985288837e-10,0.0,0
5,11,23.0,10.0,2744,2756,12,3.1199545e-07,3.120123833333333e-07,1.7685956214529088e-10,0.0,0
5,12,25.0,10.0,2732,2744,12,3.113079e-07,3.11304025e-07,2.334664327228518e-10,0.0,0
5,13,27.0,10.0,2720,2732,12,3.1046965e-07,3.10487175e-07,2.6530875448868045e-10,0.0,0
5,14,29.0,10.0,2708,2720,12,3.09498e-07,3.0948529999999994e-07,2.997303037732353e-10,0.0,0
5,15,31.0,10.0,2696,2708,12,3.0829044999999995e-07,3.0828529166666663e-07,3.877076915631443e-10,0.0,0
5,16,33.0,10.0,2685,2696,11,3.068966e-07,3.0688717272727273e-07,4.320848929443749e-10,0.0,0
5,17,35.0,10.0,2673,2685,12,3.0526965e-07,3.052362083333333e-07,5.200636923466402e-10,0.0,0
5,18,37.0,10.0,2661,2673,12,3.0317075e-07,3.031730583333333e-07,6.528395661241929e-10,0.0,0
5,19,39.0,10.0,2649,2661,12,3.006029e-07,3.0062569166666665e-07,8.157640319135768e-10,0.0,0
5,20,41.0,10.0,2637,2649,12,2.975744e-07,2.975510833333333e-07,9.885923551809485e-10,0.0,0
5,21,43.0,10.0,2625,2637,12,2.938536e-07,2.9381295e-07,1.1735255454540964e-09,0.0,0
5,22,45.0,10.0,2613,2625,12,2.8941205e-07,2.89393375e-07,1.36842050623154e-09,0.0,0
5,23,47.0,10.0,2601,2613,12,2.843363e-07,2.8425339999999997e-07,1.6108069344275873e-09,0.0,0
5,24,49.0,10.0,2590,2601,11,2.785737e-07,2.785444e-07,1.6554915496338598e-09,0.0,0
5,25,51.0,10.0,2578,2590,12,2.7214265e-07,2.7212725e-07,2.008788091735905e-09,0.0,0
5,26,53.0,10.0,2566,2578,12,2.6511644999999997e-07,2.6517915000000004e-07,1.9664654190111474e-09,0.0,0
5,27,55.0,10.0,2554,2566,12,2.5976865e-07,2.600163666666666e-07,7.66173488114079e-10,0.0,0
5,28,57.0,10.0,2542,2554,12,2.6953815000000003e-07,2.7434939999999996e-07,1.3605291498959763e-08,0.0,0
5,29,59.0,10.0,2530,2542,12,4.5183965e-05,3.5727903625e-05,2.408819450286517e-05,0.5833333333333334,1
5,30,61.0,10.0,2518,2530,12,5.887113e-05,5.9072955833333326e-05,5.845125940539167e-07,1.0,1
5,31,63.0,10.0,2506,2518,12,5.9305255e-05,5.9350784166666665e-05,3.051690262640896e-07,1.0,1
5,32,65.0,10.0,2495,2506,11,6.012716e-05,6.0087149090909095e-05,1.3927424498935684e-07,1.0,1
5,33,67.0,10.0,2483,2495,12,6.0365845e-05,6.038668666666667e-05,9.050327897681724e-08,1.0,1
5,34,69.0,10.0,2471,2483,12,6.053708e-05,6.05284325e-05,8.077909229549048e-08,1.0,1
5,35,71.0,10.0,2459,2471,12,6.0223355e-05,6.028488083333333e-05,1.6838767400744915e-07,1.0,1
5,36,73.0,10.0,2447,2459,12,5.970461e-05,5.981705e-05,4.148145264452533e-07,1.0,1
5,37,75.0,10.0,2435,2447,12,5.7323170000000005e-05,5.757042666666668e-05,3.321744114230086e-06,1.0,1
5,38,77.0,10.0,2423,2435,12,6.510512e-05,6.508477416666666e-05,6.21480611736107e-08,1.0,1
5,39,79.0,10.0,2411,2423,12,6.5155055e-05,6.515724e-05,4.3777469281202606e-08,1.0,1
6,0,1.0,12.0,2917,2929,12,3.212915e-07,3.213099083333333e-07,1.6807489629294612e-10,0.0,0
6,1,3.0,12.0,2929,2941,12,3.218926e-07,3.2190604999999997e-07,1.7641539284691238e-10,0.0,0
6,2,5.0,12.0,2941,2953,12,3.2251585e-07,3.225240083333334e-07,1.9786256365776398e-10,0.0,0
6,3,7.0,12.0,2953,2965,12,3.2325820000000003e-07,3.2326228333333337e-07,2.0747401376772462e-10,0.0,0
6,4,9.0,12.0,2965,2977,12,3.2397125e-07,3.2400524166666665e-07,2.2107560342687222e-10,0.0,0
6,5,11.0,12.0,2977,2989,12,3.250092e-07,3.24994475e-07,2.449981058600365e-10,0.0,0
6,6,13.0,12.0,2989,3001,12,3.255702e-07,3.2555843333333334e-07,9.822976749551092e-11,0.0,0
6,7,15.0,12.0,3001,3012,11,3.26374e-07,3.2647157272727273e-07,4.246952663454114e-10,0.0,0
6,8,17.0,12.0,3012,3024,12,3.2804024999999997e-07,3.2806973333333334e-07,5.181500335059499e-10,0.0,0
6,9,19.0,12.0,3024,3036,12,3.2957920000000003e-07,3.2946503333333333e-07,2.426557312096491e-10,0.0,0
6,10,21.0,12.0,3036,3048,12,3.305404e-07,3.3038709166666667e-07,3.3671408112901225e-10,0.0,0
6,11,23.0,12.0,3048,3060,12,3.3140165e-07,3.3128190000000005e-07,2.5999659933673824e-10,0.0,0
6,12,25.0,12.0,3060,3072,12,3.317503e-07,3.317737333333333e-07,2.436977750320239e-10,0.0,0
6,13,27.0,12.0,3072,3084,12,3.3278825e-07,3.32842475e-07,3.6083310806382153e-10,0.0,0
6,14,29.0,12.0,3084,3096,12,3.341396e-07,3.341298e-07,3.657883768884231e-10,0.0,0
6,15,31.0,12.0,3096,3107,11,3.353823e-07,3.353989818181818e-07,3.493246050157737e-10,0.0,0
6,16,33.0,12.0,3107,3119,12,3.3669895e-07,3.36700125e-07,4.08572188898932e-10,0.0,0
6,17,35.0,12.0,3119,3131,12,3.380356e-07,3.3805185000000003e-07,3.9918429432197516e-10,0.0,0
6,18,37.0,12.0,3131,3143,12,3.3941099999999997e-07,3.3940409166666665e-07,3.625179615281942e-10,0.0,0
6,19,39.0,12.0,3143,3155,12,3.4064225e-07,3.4064507500000005e-07,3.3809374470453166e-10,0.0,0
6,20,41.0,12.0,3155,3167,12,3.4172904999999997e-07,3.4170970000000003e-07,2.6918665766836654e-10,0.0,0
6,21,43.0,12.0,3167,3179,12,3.4255435e-07,3.4257165e-07,2.553374287095366e-10,0.0,0
6,22,45.0,12.0,3179,3191,12,3.434111e-07,3.4339411666666666e-07,2.0606107037046958e-10,0.0,0
6,23,47.0,12.0,3191,3202,11,3.440961e-07,3.4406479999999997e-07,1.6170048068743115e-10,0.0,0
6,24,49.0,12.0,3202,3214,12,3.447928e-07,3.447541333333333e-07,2.2480376751488576e-10,0.0,0
6,25,51.0,12.0,3214,3226,12,3.454375e-07,3.4544400000000006e-07,2.0767244641502324e-10,0.0,0
6,26,53.0,12.0,3226,3238,12,3.4620314999999996e-07,3.4618614999999996e-07,2.3094713500424165e-10,0.0,0
6,27,55.0,12.0,3238,3250,12,3.4694965e-07,3.4692046666666674e-07,1.9055127627200562e-10,0.0,0
6,28,57.0,12.0,3250,3262,12,3.478048e-07,3.479755916666667e-07,6.49128571571576e-10,0.0,0
6,29,59.0,12.0,3262,3274,12,2.58714588e-05,2.900751525e-05,2.8714558571050456e-05,0.5,0
6,30,61.0,12.0,3274,3286,12,6.040236e-05,6.0351868333333336e-05,1.454766784192195e-07,1.0,1
6,31,63.0,12.0,3286,3297,11,5.907116e-05,5.897131818181818e-05,1.0672281623296028e-06,1.0,1
6,32,65.0,12.0,3297,3309,12,5.990343e-05,5.982352500000001e-05,3.3581604819454357e-07,1.0,1
6,33,67.0,12.0,3309,3321,12,6.0569565e-05,6.0509355833333325e-05,1.412681080108751e-07,1.0,1
6,34,69.0,12.0,3321,3333,12,6.056665e-05,6.056179083333333e-05,9.791610656222694e-08,1.0,1
6,35,71.0,12.0,3333,3345,12,6.046842e-05,6.044321916666667e-05,7.623515576363447e-08,1.0,1
6,36,73.0,12.0,3345,3357,12,6.021723e-05,6.019778333333334e-05,2.861739801336868e-07,1.0,1
6,37,75.0,12.0,3357,3369,12,5.7487385e-05,5.803337583333334e-05,4.046397158218774e-06,1.0,1
6,38,77.0,12.0,3369,3381,12,6.517359e-05,6.517566333333334e-05,3.825328359181244e-08,1.0,1
6,39,79.0,12.0,3381,3392,11,6.511619e-05,6.511419545454547e-05,3.295463641366629e-08,1.0,1
7,0,1.0,14.0,3879,3890,11,3.25802e-07,3.2582450909090907e-07,6.03485550711242e-11,0.0,0
7,1,3.0,14.0,3867,3879,12,3.2651965e-07,3.264541166666667e-07,2.8936198158861376e-10,0.0,0
7,2,5.0,14.0,3855,3867,12,3.2677985e-07,3.2677648333333337e-07,2.449206787695472e-11,0.0,0
7,3,7.0,14.0,3844,3855,11,3.269182e-07,3.269562818181818e-07,1.0937693639371954e-10,0.0,0
7,4,9.0,14.0,3832,3844,12,3.2748024999999997e-07,3.2751198333333334e-07,2.41577568058146e-10,0.0,0
7,5,11.0,14.0,3820,3832,12,3.28917e-07,3.2900128333333334e-07,6.570249574576537e-10,0.0,0
7,6,13.0,14.0,3809,3820,11,3.324665e-07,3.327561181818182e-07,1.7157432022400768e-09,0.0,0
7,7,15.0,14.0,3797,3809,12,3.4735700000000003e-07,3.561033833333333e-07,2.0772311562383286e-08,0.0,0
7,8,17.0,14.0,3785,3797,12,5.9248745e-07,5.584338333333332e-07,6.405332019517453e-08,0.0,0
7,9,19.0,14.0,3773,3785,12,5.3935625e-07,5.395710333333333e-07,2.7412069173885597e-08,0.0,0
7,10,21.0,14.0,3762,3773,11,4.591093e-07,4.6291028181818186e-07,1.5865955326582907e-08,0.0,0
7,11,23.0,14.0,3750,3762,12,4.155927e-07,4.1879754999999997e-07,7.922095534694931e-09,0.0,0
7,12,25.0,14.0,3738,3750,12,4.064619e-07,4.059627e-07,3.972357301821343e-09,0.0,0
7,13,27.0,14.0,3727,3738,11,3.943011e-07,3.942875818181818e-07,2.7040011137767218e-09,0.0,0
7,14,29.0,14.0,3715,3727,12,3.863963e-07,3.868634916666666e-07,8.77857866682996e-10,0.0,0
7,15,31.0,14.0,3703,3715,12,3.870344e-07,3.87333025e-07,1.1071163768434682e-09,0.0,0
7,16,33.0,14.0,3692,3703,11,3.883578e-07,3.890408545454546e-07,2.5006633782998904e-09,0.0,0
7,17,35.0,14.0,3680,3692,12,3.9970515e-07,3.9898335000000007e-07,4.997900894292194e-09,0.0,0
7,18,37.0,14.0,3668,3680,12,4.1727155000000004e-07,4.153468333333334e-07,5.201474143986059e-09,0.0,0
7,19,39.0,14.0,3656,3668,12,4.2544680000000003e-07,4.2200387499999997e-07,8.824084278847776e-09,0.0,0
7,20,41.0,14.0,3645,3656,11,3.069729e-07,3.228967363636364e-07,2.6722410860388415e-08,0.0,0
7,21,43.0,14.0,3633,3645,12,3.0253055000000003e-07,3.024821166666667e-07,9.920385122172576e-10,0.0,0
7,22,45.0,14.0,3621,3633,12,2.98804e-07,2.9878749166666665e-07,1.1355334674785712e-09,0.0,0
7,23,47.0,14.0,3610,3621,11,2.948444e-07,2.948303e-07,1.1402458267648072e-09,0.0,0
7,24,49.0,14.0,3598,3610,12,2.90649e-07,2.9063731666666667e-07,1.26489654243166e-09,0.0,0
7,25,51.0,14.0,3586,3598,12,2.8634175e-07,2.8635387500000005e-07,1.1687807857799203e-09,0.0,0
7,26,53.0,14.0,3575,3586,11,2.840405e-07,2.842837363636364e-07,4.995904891603746e-10,0.0,0
7,27,55.0,14.0,3563,3575,12,2.9377075000000004e-07,2.9656232499999997e-07,9.310203856622853e-09,0.0,0
7,28,57.0,14.0,3551,3563,12,1.7494624999999999e-06,5.394928666666667e-06,5.558924000210698e-06,0.0,0
7,29,59.0,14.0,3539,3551,12,5.316924e-05,4.462037916666666e-05,1.7270694918767003e-05,0.75,1
7,30,61.0,14.0,3528,3539,11,6.020868e-05,6.017967363636364e-05,1.6349525410252613e-07,1.0,1
7,31,63.0,14.0,3516,3528,12,6.0400829999999995e-05,6.0392691666666664e-05,5.5055535572930056e-08,1.0,1
7,32,65.0,14.0,3504,3516,12,6.0493449999999996e-05,6.04843125e-05,1.2001006646145685e-07,1.0,1
7,33,67.0,14.0,3493,3504,11,6.054719e-05,6.05434709090909e-05,5.811920828694137e-08,1.0,1
7,34,69.0,14.0,3481,3493,12,6.0326825e-05,6.041998416666666e-05,1.3471088860087992e-07,1.0,1
7,35,71.0,14.0,3469,3481,12,6.049959e-05,6.0501465833333335e-05,7.827068581300985e-08,1.0,1
7,36,73.0,14.0,3458,3469,11,6.032341e-05,6.0058958181818184e-05,5.500651919515475e-07,1.0,1
7,37,75.0,14.0,3446,3458,12,5.6879635000000006e-05,5.752491750000001e-05,3.292814539261017e-06,1.0,1
7,38,77.0,14.0,3434,3446,12,6.506540500000001e-05,6.505481916666667e-05,4.990789808208894e-08,1.0,1
7,39,79.0,14.0,3422,3434,12,6.507797e-05,6.507616666666667e-05,3.625709386527938e-08,1.0,1
8,0,1.0,16.0,3920,3932,12,3.263989e-07,3.2674172500000004e-07,5.156072085819345e-10,0.0,0
8,1,3.0,16.0,3932,3944,12,3.279411e-07,3.2801927499999996e-07,2.792547556294534e-10,0.0,0
8,2,5.0,16.0,3944,3956,12,3.2845615e-07,3.2848539999999994e-07,2.824854391527692e-10,0.0,0
8,3,7.0,16.0,3956,3967,11,3.286291e-07,3.2863350000000004e-07,1.069310993116726e-10,0.0,0
8,4,9.0,16.0,3967,3979,12,3.291049e-07,3.2904429999999997e-07,1.783130253234512e-10,0.0,0
8,5,11.0,16.0,3979,3991,12,3.293411e-07,3.2935350833333334e-07,8.411851221475031e-11,0.0,0
8,6,13.0,16.0,3991,4003,12,3.297854e-07,3.2980536666666664e-07,2.2396404597365248e-10,0.0,0
8,7,15.0,16.0,4003,4014,11,3.303824e-07,3.303862636363636e-07,1.2947324941488534e-10,0.0,0
8,8,17.0,16.0,4014,4026,12,3.336429e-07,3.4768545e-07,3.2333044866913376e-08,0.0,0
8,9,19.0,16.0,4026,4038,12,5.9187765e-05,5.825058583333333e-05,2.361499868019822e-06,1.0,1
8,10,21.0,16.0,4038,4049,11,5.926868e-05,5.925594545454546e-05,7.31206022905912e-08,1.0,1
8,11,23.0,16.0,4049,4061,12,5.9139185e-05,5.9125594166666674e-05,1.3020240611309357e-07,1.0,1
8,12,25.0,16.0,4061,4073,12,5.872739e-05,5.872822333333333e-05,5.681700777251657e-08,1.0,1
8,13,27.0,16.0,4073,4085,12,5.868609e-05,5.868452583333332e-05,9.906448669581598e-08,1.0,1
8,14,29.0,16.0,4085,4096,11,5.862703e-05,5.86183509090909e-05,6.545278665566269e-08,1.0,1
8,15,31.0,16.0,4096,4108,12,5.8488585e-05,5.850131416666667e-05,9.068708925552131e-08,1.0,1
8,16,33.0,16.0,4108,4120,12,5.850167e-05,5.848839416666666e-05,7.955216459011148e-08,1.0,1
8,17,35.0,16.0,4120,4132,12,5.8550825e-05,5.8542355833333335e-05,5.96637974345038e-08,1.0,1
8,18,37.0,16.0,4132,4143,11,5.86862e-05,5.868434545454546e-05,5.249361023689078e-08,1.0,1
8,19,39.0,16.0,4143,4155,12,5.8907100000000004e-05,5.890124916666667e-05,3.712729217577721e-08,1.0,1
8,20,41.0,16.0,4155,4167,12,5.5380830000000006e-05,4.489318648333333e-05,1.8930331597435847e-05,0.75,1
8,21,43.0,16.0,4167,4178,11,2.80973e-07,2.8799199090909086e-07,2.0442944043559366e-08,0.0,0
8,22,45.0,16.0,4178,4190,12,2.6330175e-07,2.6352906666666663e-07,8.027312287157848e-10,0.0,0
8,23,47.0,16.0,4190,4202,12,2.6684225e-07,2.6694405833333334e-07,1.8558715582614705e-09,0.0,0
8,24,49.0,16.0,4202,4214,12,2.7406415e-07,2.7406195833333326e-07,2.13678917828375e-09,0.0,0
8,25,51.0,16.0,4214,4225,11,2.810638e-07,2.8090812727272727e-07,1.6866698712880292e-09,0.0,0
8,26,53.0,16.0,4225,4237,12,2.870266e-07,2.870065333333333e-07,1.792410472117239e-09,0.0,0
8,27,55.0,16.0,4237,4249,12,2.9306245e-07,2.9323158333333336e-07,1.979071396654386e-09,0.0,0
8,28,57.0,16.0,4249,4261,12,2.57420196e-05,2.9153595675e-05,2.892497330097447e-05,0.5,0
8,29,59.0,16.0,4261,4272,11,6.055501e-05,6.0602053636363634e-05,9.380083778194574e-08,1.0,1
8,30,61.0,16.0,4272,4284,12,6.0673665000000006e-05,6.067830916666666e-05,3.42249179347282e-08,1.0,1
8,31,63.0,16.0,4284,4296,12,6.0689235e-05,6.0689371666666655e-05,2.9732769473353118e-08,1.0,1
8,32,65.0,16.0,4296,4307,11,6.060414e-05,6.061703454545455e-05,5.144629015048643e-08,1.0,1
8,33,67.0,16.0,4307,4319,12,6.042553e-05,6.0444988333333345e-05,5.589055567704562e-08,1.0,1
8,34,69.0,16.0,4319,4331,12,6.0446345e-05,6.045768416666666e-05,4.9629304088467514e-08,1.0,1
8,35,71.0,16.0,4331,4343,12,6.0510265e-05,6.04356125e-05,1.5643592890408283e-07,1.0,1
8,36,73.0,16.0,4343,4354,11,6.004547e-05,5.961097818181818e-05,7.079529556509218e-07,1.0,1
8,37,75.0,16.0,4354,4366,12,5.7343844999999994e-05,5.8729255833333325e-05,3.711456284125452e-06,1.0,1
8,38,77.0,16.0,4366,4378,12,6.5045925e-05,6.504800083333334e-05,3.6419146168448586e-08,1.0,1
8,39,79.0,16.0,4378,4389,11,6.505776e-05,6.504678454545455e-05,3.114510099040342e-08,1.0,1
9,0,1.0,18.0,4869,4880,11,2.82835e-07,2.828844909090909e-07,1.1783578206783053e-09,0.0,0
9,1,3.0,18.0,4857,4869,12,2.7838215e-07,2.7831825e-07,1.5043977529784683e-09,0.0,0
9,2,5.0,18.0,4846,4857,11,2.729354e-07,2.729053090909091e-07,1.5854372780544292e-09,0.0,0
9,3,7.0,18.0,4834,4846,12,2.6682745e-07,2.668101999999999e-07,1.9314826295706957e-09,0.0,0
9,4,9.0,18.0,4823,4834,11,2.600943e-07,2.600832818181818e-07,1.9202249469638085e-09,0.0,0
9,5,11.0,18.0,4811,4823,12,2.5318095e-07,2.5327195833333335e-07,1.915722335681913e-09,0.0,0
9,6,13.0,18.0,4800,4811,11,2.485738e-07,2.487359636363636e-07,5.580638742729992e-10,0.0,0
9,7,15.0,18.0,4788,4800,12,2.5708945e-07,2.6147471666666663e-07,1.221405708393907e-08,0.0,0
9,8,17.0,18.0,4777,4788,11,3.823117e-05,3.288985973636364e-05,2.4234429697732307e-05,0.5454545454545454,1
9,9,19.0,18.0,4765,4777,12,6.0596645e-05,6.059260166666667e-05,4.57172660369024e-08,1.0,1
9,10,21.0,18.0,4753,4765,12,6.0562575e-05,6.057164583333334e-05,3.433078173164064e-08,1.0,1
9,11,23.0,18.0,4742,4753,11,6.056154e-05,6.056683636363636e-05,4.2425682674686475e-08,1.0,1
9,12,25.0,18.0,4730,4742,12,6.0578430000000005e-05,6.058463583333333e-05,3.343457403605224e-08,1.0,1
9,13,27.0,18.0,4719,4730,11,6.060123e-05,6.059048090909091e-05,4.9970527032449795e-08,1.0,1
9,14,29.0,18.0,4707,4719,12,6.0612385e-05,6.0615852500000004e-05,4.1012282128853306e-08,1.0,1
9,15,31.0,18.0,4696,4707,11,6.063158e-05,6.064167090909091e-05,4.963475623437931e-08,1.0,1
9,16,33.0,18.0,4684,4696,12,6.0565109999999994e-05,6.055937333333334e-05,6.36041465280019e-08,1.0,1
9,17,35.0,18.0,4673,4684,11,6.060705e-05,6.060265909090911e-05,4.0208930589776836e-08,1.0,1
9,18,37.0,18.0,4661,4673,12,6.05183e-05,6.048710916666667e-05,1.1255830485118425e-07,1.0,1
9,19,39.0,18.0,4649,4661,12,6.0537160000000004e-05,6.047726333333333e-05,1.6813362693273318e-07,1.0,1
9,20,41.0,18.0,4638,4649,11,3.173764e-07,1.57911212e-05,2.529063192080469e-05,0.2727272727272727,0
9,21,43.0,18.0,4626,4638,12,2.8892295000000003e-07,2.8888620833333335e-07,1.56432080227509e-09,0.0,0
9,22,45.0,18.0,4615,4626,11,2.834236e-07,2.833626272727273e-07,1.6712327258050077e-09,0.0,0
9,23,47.0,18.0,4603,4615,12,2.769417e-07,2.769116e-07,2.045418972973505e-09,0.0,0
9,24,49.0,18.0,4592,4603,11,2.6981e-07,2.6980870000000005e-07,2.0333750429899875e-09,0.0,0
9,25,51.0,18.0,4580,4592,12,2.6204709999999996e-07,2.6230484166666665e-07,1.7749126116790258e-09,0.0,0
9,26,53.0,18.0,4569,4580,11,2.587997e-07,2.589638181818182e-07,5.510200653303797e-10,0.0,0
9,27,55.0,18.0,4557,4569,12,2.7564385e-07,2.849259333333333e-07,2.4395810165112825e-08,0.0,0
9,28,57.0,18.0,4546,4557,11,5.613213e-05,4.585536109090909e-05,1.917846285127956e-05,0.8181818181818182,1
9,29,59.0,18.0,4534,4546,12,6.0467675e-05,6.046745583333334e-05,4.4684703098177326e-08,1.0,1
9,30,61.0,18.0,4522,4534,12,6.0419360000000004e-05,6.0434546666666664e-05,4.4931320986095445e-08,1.0,1
9,31,63.0,18.0,4511,4522,11,6.04766e-05,6.0460633636363634e-05,4.175310925226329e-08,1.0,1
9,32,65.0,18.0,4499,4511,12,6.0395399999999994e-05,6.041237749999999e-05,9.174519915913901e-08,1.0,1
9,33,67.0,18.0,4488,4499,11,5.9899e-05,5.951234545454546e-05,8.314125087558534e-07,1.0,1
9,34,69.0,18.0,4476,4488,12,6.020279e-05,6.020191833333333e-05,8.571110136512304e-08,1.0,1
9,35,71.0,18.0,4465,4476,11,6.016464e-05,6.015458090909091e-05,7.751300459272482e-08,1.0,1
9,36,73.0,18.0,4453,4465,12,5.9562795000000005e-05,5.921769416666667e-05,1.1688837788852119e-06,1.0,1
9,37,75.0,18.0,4442,4453,11,5.573568e-05,5.758020454545455e-05,4.071052499936962e-06,1.0,1
9,38,77.0,18.0,4430,4442,12,6.493193999999999e-05,6.49276925e-05,2.585205669606846e-08,1.0,1
9,39,79.0,18.0,4418,4430,12,6.4915895e-05,6.493146166666667e-05,3.995891219601523e-08,1.0,1
10,0,1.0,20.0,4910,4922,12,2.956174e-07,2.9560105833333335e-07,8.444239737421895e-10,0.0,0
10,1,3.0,20.0,4922,4934,12,2.984526e-07,2.9845486666666665e-07,8.0539192771111e-10,0.0,0
10,2,5.0,20.0,4934,4945,11,3.011077e-07,3.011043e-07,7.055645450791272e-10,0.0,0
10,3,7.0,20.0,4945,4957,12,3.0351315e-07,3.035051416666667e-07,6.672919394317272e-10,0.0,0
10,4,9.0,20.0,4957,4968,11,3.055614e-07,3.055655090909091e-07,5.442106518194196e-10,0.0,0
10,5,11.0,20.0,4968,4980,12,3.0748614999999997e-07,3.0749679999999995e-07,5.682145897458179e-10,0.0,0
10,6,13.0,20.0,4980,4991,11,3.092842e-07,3.0933034545454547e-07,4.919062870167572e-10,0.0,0
10,7,15.0,20.0,4991,5003,12,3.1114825e-07,3.1129937499999994e-07,8.151430325664788e-10,0.0,0
10,8,17.0,20.0,5003,5014,11,4.29715e-07,2.6466482036363638e-05,2.8693546412949746e-05,0.45454545454545453,0
10,9,19.0,20.0,5014,5026,12,6.062891e-05,6.062135666666667e-05,8.226543495836313e-08,1.0,1
10,10,21.0,20.0,5026,5038,12,6.072405e-05,6.072701083333334e-05,3.267907063609499e-08,1.0,1
10,11,23.0,20.0,5038,5049,11,6.067074e-05,6.06706309090909e-05,3.0641981734674643e-08,1.0,1
10,12,25.0,20.0,5049,5061,12,6.0650995e-05,6.064027e-05,3.671983410456328e-08,1.0,1
10,13,27.0,20.0,5061,5072,11,6.060395e-05,6.056021636363636e-05,8.342486486465547e-08,1.0,1
10,14,29.0,20.0,5072,5084,12,6.0607425e-05,6.0590358333333344e-05,5.5502677237730196e-08,1.0,1
10,15,31.0,20.0,5084,5095,11,6.046039e-05,6.032526636363636e-05,2.0197005679387728e-07,1.0,1
10,16,33.0,20.0,5095,5107,12,6.0507605e-05,6.049089166666667e-05,3.8152799773483875e-08,1.0,1
10,17,35.0,20.0,5107,5118,11,6.051363e-05,6.050718272727273e-05,3.571568208934918e-08,1.0,1
10,18,37.0,20.0,5118,5130,12,6.0210225000000003e-05,6.013142916666667e-05,3.2086385405802936e-07,1.0,1
10,19,39.0,20.0,5130,5141,11,5.991343e-05,5.990525545454545e-05,1.6321872588443677e-07,1.0,1
10,20,41.0,20.0,5141,5153,12,1.8897815e-05,2.420864410833333e-05,2.3619318490191094e-05,0.4166666666666667,0
10,21,43.0,20.0,5153,5165,12,2.6480065e-07,2.671889e-07,6.323919743060203e-09,0.0,0
10,22,45.0,20.0,5165,5176,11,2.617382e-07,2.6203441818181817e-07,1.036739591935995e-09,0.0,0
10,23,47.0,20.0,5176,5188,12,2.6782315e-07,2.6784395833333336e-07,2.1158437223553567e-09,0.0,0
10,24,49.0,20.0,5188,5199,11,2.751821e-07,2.7512860000000006e-07,2.006876493459431e-09,0.0,0
10,25,51.0,20.0,5199,5211,12,2.8219675e-07,2.8211429166666663e-07,1.9884526636970506e-09,0.0,0
10,26,53.0,20.0,5211,5222,11,2.883251e-07,2.8831437272727276e-07,1.5857845526546177e-09,0.0,0
10,27,55.0,20.0,5222,5234,12,2.941828e-07,2.9569596666666666e-07,4.219049428945918e-09,0.0,0
10,28,57.0,20.0,5234,5245,11,5.907894e-05,3.807058047272728e-05,2.8490842935003234e-05,0.6363636363636364,1
10,29,59.0,20.0,5245,5257,12,6.0598865000000004e-05,6.0595368333333335e-05,4.661854366975558e-08,1.0,1
10,30,61.0,20.0,5257,5269,12,6.0635180000000004e-05,6.062240666666666e-05,4.2138319720758674e-08,1.0,1
10,31,63.0,20.0,5269,5280,11,6.062343e-05,6.059832181818181e-05,6.142278431541406e-08,1.0,1
10,32,65.0,20.0,5280,5292,12,6.010517e-05,6.0184348333333334e-05,2.8260613389289424e-07,1.0,1
10,33,67.0,20.0,5292,5303,11,6.019614e-05,6.016652090909092e-05,8.585248674902534e-08,1.0,1
10,34,69.0,20.0,5303,5315,12,5.9661890000000005e-05,5.965051416666667e-05,3.005283772363359e-07,1.0,1
10,35,71.0,20.0,5315,5326,11,5.986364e-05,5.970717181818182e-05,3.267687187604264e-07,1.0,1
10,36,73.0,20.0,5326,5338,12,5.8802385000000004e-05,5.87722425e-05,7.10870316714249e-07,1.0,1
10,37,75.0,20.0,5338,5349,11,5.825931e-05,5.940985181818182e-05,3.6815164985241865e-06,1.0,1
10,38,77.0,20.0,5349,5361,12,6.492094e-05,6.492458666666665e-05,4.334953658601471e-08,1.0,1
10,39,79.0,20.0,5361,5372,11,6.487513e-05,6.488184727272727e-05,4.162035780085382e-08,1.0,1
11,0,1.0,22.0,5852,5863,11,2.832094e-07,2.8318092727272724e-07,1.2495605970179373e-09,0.0,0
11,1,3.0,22.0,5840,5852,12,2.7843945e-07,2.78405125e-07,1.5390357371446415e-09,0.0,0
11,2,5.0,22.0,5829,5840,11,2.728761e-07,2.728436e-07,1.6225269125096768e-09,0.0,0
11,3,7.0,22.0,5817,5829,12,2.6672755e-07,2.666968e-07,1.914883515604363e-09,0.0,0
11,4,9.0,22.0,5806,5817,11,2.600213e-07,2.599973909090909e-07,1.9215205907890903e-09,0.0,0
11,5,11.0,22.0,5794,5806,12,2.5302685e-07,2.5307865e-07,2.020128960611187e-09,0.0,0
11,6,13.0,22.0,5783,5794,11,2.47707e-07,2.4803839090909095e-07,7.17640695682159e-10,0.0,0
11,7,15.0,22.0,5771,5783,12,2.5392195e-07,2.57235025e-07,9.272673050072548e-09,0.0,0
11,8,17.0,22.0,5760,5771,11,2.480592e-05,2.706345021818182e-05,2.4056282983285654e-05,0.45454545454545453,0
11,9,19.0,22.0,5748,5760,12,6.0447075e-05,6.044224916666667e-05,2.857372495211052e-08,1.0,1
11,10,21.0,22.0,5736,5748,12,6.0469180000000006e-05,6.0469850833333326e-05,2.5146782583575297e-08,1.0,1
11,11,23.0,22.0,5725,5736,11,6.048903e-05,6.0485811818181826e-05,3.4891200718853935e-08,1.0,1
11,12,25.0,22.0,5713,5725,12,6.0531370000000006e-05,6.052904583333334e-05,4.588206357215084e-08,1.0,1
11,13,27.0,22.0,5702,5713,11,6.038987e-05,6.033855454545454e-05,1.3873573717772883e-07,1.0,1
11,14,29.0,22.0,5690,5702,12,6.0500595e-05,6.048058e-05,6.083742830966369e-08,1.0,1
11,15,31.0,22.0,5679,5690,11,6.051726e-05,6.051547363636364e-05,4.003002606515284e-08,1.0,1
11,16,33.0,22.0,5667,5679,12,6.044582e-05,6.0424474166666674e-05,5.039859264872671e-08,1.0,1
11,17,35.0,22.0,5656,5667,11,6.050893e-05,6.050426545454546e-05,4.709084766580676e-08,1.0,1
11,18,37.0,22.0,5644,5656,12,6.0583075e-05,6.05481925e-05,6.428684392691402e-08,1.0,1
11,19,39.0,22.0,5632,5644,12,6.029048e-05,6.020279583333334e-05,2.943993542072383e-07,1.0,1
11,20,41.0,22.0,5621,5632,11,3.138084e-07,1.5622209845454544e-05,2.502138007892916e-05,0.2727272727272727,0
11,21,43.0,22.0,5609,5621,12,2.879412e-07,2.8796475e-07,1.6469008452747413e-09,0.0,0
11,22,45.0,22.0,5598,5609,11,2.824439e-07,2.823995363636363e-07,1.600519767435066e-09,0.0,0
11,23,47.0,22.0,5586,5598,12,2.761463e-07,2.7612730833333335e-07,1.994478306666657e-09,0.0,0
11,24,49.0,22.0,5575,5586,11,2.692407e-07,2.6925386363636367e-07,1.9514584034756836e-09,0.0,0
11,25,51.0,22.0,5563,5575,12,2.621763e-07,2.6227681666666663e-07,1.949496469105698e-09,0.0,0
11,26,53.0,22.0,5552,5563,11,2.58278e-07,2.584239909090909e-07,5.490631814191148e-10,0.0,0
11,27,55.0,22.0,5540,5552,12,2.7504834999999996e-07,2.843626e-07,2.440972207625478e-08,0.0,0
11,28,57.0,22.0,5529,5540,11,5.605513e-05,4.561149139090909e-05,1.9359219986405556e-05,0.8181818181818182,1
11,29,59.0,22.0,5517,5529,12,6.0340065e-05,6.033949749999999e-05,5.0321483007591655e-08,1.0,1
11,30,61.0,22.0,5505,5517,12,6.0395945e-05,6.038053499999999e-05,3.2094669728787665e-08,1.0,1
11,31,63.0,22.0,5494,5505,11,6.034508e-05,6.0363032727272726e-05,5.783622757264502e-08,1.0,1
11,32,65.0,22.0,5482,5494,12,6.0344564999999996e-05,6.030594416666667e-05,1.041809290336064e-07,1.0,1
11,33,67.0,22.0,5471,5482,11,5.962743e-05,5.96052109090909e-05,2.1211041749113717e-07,1.0,1
11,34,69.0,22.0,5459,5471,12,5.818381e-05,5.7897135e-05,1.0099916836580062e-06,1.0,1
11,35,71.0,22.0,5448,5459,11,5.757173e-05,5.734423272727273e-05,1.5503624249779373e-06,1.0,1
11,36,73.0,22.0,5436,5448,12,5.9457905e-05,5.9358883333333335e-05,4.255487256537793e-07,1.0,1
11,37,75.0,22.0,5425,5436,11,5.685243e-05,5.799252181818183e-05,3.1449153966444376e-06,1.0,1
11,38,77.0,22.0,5413,5425,12,6.487343e-05,6.486745666666668e-05,4.480125599677717e-08,1.0,1
11,39,79.0,22.0,5401,5413,12,6.48318e-05,6.483544333333333e-05,3.779876306030234e-08,1.0,1
12,0,1.0,24.0,5892,5904,12,2.958248e-07,2.9581608333333334e-07,8.83169264480043e-10,0.0,0
12,1,3.0,24.0,5904,5916,12,2.9869275e-07,2.9867894166666665e-07,7.77097870775545e-10,0.0,0
12,2,5.0,24.0,5916,5927,11,3.012206e-07,3.012381545454546e-07,6.801936721039482e-10,0.0,0
12,3,7.0,24.0,5927,5939,12,3.0358695e-07,3.0358553333333333e-07,6.661097486317299e-10,0.0,0
12,4,9.0,24.0,5939,5950,11,3.057432e-07,3.057258090909091e-07,5.833041970370063e-10,0.0,0
12,5,11.0,24.0,5950,5962,12,3.0778304999999997e-07,3.077487e-07,5.818251999813509e-10,0.0,0
12,6,13.0,24.0,5962,5973,11,3.095703e-07,3.0956487272727267e-07,4.765483092765976e-10,0.0,0
12,7,15.0,24.0,5973,5985,12,3.1128625e-07,3.113372416666667e-07,5.784586234962804e-10,0.0,0
12,8,17.0,24.0,5985,5996,11,3.511004e-07,2.0820812572727272e-05,2.7179924365246766e-05,0.36363636363636365,0
12,9,19.0,24.0,5996,6008,12,6.0438894999999995e-05,6.0399079166666667e-05,1.1438970287707587e-07,1.0,1
12,10,21.0,24.0,6008,6020,12,6.057974e-05,6.058134166666667e-05,4.9970796110217025e-08,1.0,1
12,11,23.0,24.0,6020,6031,11,6.062557e-05,6.0625603636363635e-05,2.836141529765295e-08,1.0,1
12,12,25.0,24.0,6031,6043,12,6.060951e-05,6.061234499999999e-05,2.269494969517725e-08,1.0,1
12,13,27.0,24.0,6043,6054,11,6.052596e-05,6.053453272727273e-05,2.6502972420228835e-08,1.0,1
12,14,29.0,24.0,6054,6066,12,6.033609e-05,6.035839500000001e-05,1.5395283571600813e-07,1.0,1
12,15,31.0,24.0,6066,6077,11,6.037526e-05,6.035857090909091e-05,8.555553182843378e-08,1.0,1
12,16,33.0,24.0,6077,6089,12,6.0356764999999995e-05,6.033421416666666e-05,7.70284240241152e-08,1.0,1
12,17,35.0,24.0,6089,6100,11,6.035911e-05,6.035454181818182e-05,2.6498224234904476e-08,1.0,1
12,18,37.0,24.0,6100,6112,12,6.0314354999999997e-05,6.0312174166666665e-05,5.914511257045908e-08,1.0,1
12,19,39.0,24.0,6112,6123,11,6.015337e-05,6.0126903636363626e-05,1.1732577948699657e-07,1.0,1
12,20,41.0,24.0,6123,6135,12,1.9000325e-05,2.4209379316666667e-05,2.3639369503730153e-05,0.4166666666666667,0
12,21,43.0,24.0,6135,6147,12,2.6317719999999996e-07,2.6561519999999997e-07,6.5102298815018755e-09,0.0,0
12,22,45.0,24.0,6147,6158,11,2.600645e-07,2.603158272727273e-07,1.0626718710965417e-09,0.0,0
12,23,47.0,24.0,6158,6170,12,2.661006e-07,2.661462583333333e-07,2.1023914781578086e-09,0.0,0
12,24,49.0,24.0,6170,6181,11,2.733513e-07,2.7334030909090913e-07,1.9846955257462925e-09,0.0,0
12,25,51.0,24.0,6181,6193,12,2.803149e-07,2.8026626666666667e-07,1.9614152290006203e-09,0.0,0
12,26,53.0,24.0,6193,6204,11,2.863627e-07,2.863595727272727e-07,1.5822443950350486e-09,0.0,0
12,27,55.0,24.0,6204,6216,12,2.9212965e-07,2.9365155e-07,4.213476672832076e-09,0.0,0
12,28,57.0,24.0,6216,6227,11,5.922803e-05,4.272254413636363e-05,2.6082012067620532e-05,0.7272727272727273,1
12,29,59.0,24.0,6227,6239,12,6.046503e-05,6.044767499999999e-05,7.368441009919721e-08,1.0,1
12,30,61.0,24.0,6239,6251,12,6.051749e-05,6.052147666666666e-05,3.533640458350121e-08,1.0,1
12,31,63.0,24.0,6251,6262,11,6.055713e-05,6.0512263636363634e-05,7.68977452409403e-08,1.0,1
12,32,65.0,24.0,6262,6274,12,6.0392105e-05,6.040782666666668e-05,1.0416780687375887e-07,1.0,1
12,33,67.0,24.0,6274,6285,11,6.041478e-05,6.037737636363636e-05,9.060009284289158e-08,1.0,1
12,34,69.0,24.0,6285,6297,12,5.9761265e-05,5.978080250000001e-05,2.790329629609201e-07,1.0,1
12,35,71.0,24.0,6297,6308,11,5.993631e-05,5.996529636363637e-05,1.5132102481285648e-07,1.0,1
12,36,73.0,24.0,6308,6320,12,5.9328515e-05,5.913764833333334e-05,6.063577769605624e-07,1.0,1
12,37,75.0,24.0,6320,6331,11,5.688986e-05,5.8352012727272727e-05,3.7580261363794083e-06,1.0,1
12,38,77.0,24.0,6331,6343,12,6.4884705e-05,6.488269083333334e-05,4.0864720819296356e-08,1.0,1
12,39,79.0,24.0,6343,6354,11,6.48614e-05,6.485608000000001e-05,3.2275640969623015e-08,1.0,1
13,0,1.0,26.0,6829,6840,11,2.799486e-07,2.8278430909090904e-07,6.82500561257905e-09,0.0,0
13,1,3.0,26.0,6818,6829,11,2.748508e-07,2.748078818181818e-07,1.4397899062762189e-09,0.0,0
13,2,5.0,26.0,6806,6818,12,2.692662e-07,2.692363e-07,1.7815466361189327e-09,0.0,0
13,3,7.0,26.0,6795,6806,11,2.629807e-07,2.629522545454545e-07,1.819567264420879e-09,0.0,0
13,4,9.0,26.0,6783,6795,12,2.561762e-07,2.562014833333333e-07,2.0409303147638897e-09,0.0,0
13,5,11.0,26.0,6772,6783,11,2.49698e-07,2.4979194545454544e-07,1.5755817975151778e-09,0.0,0
13,6,13.0,26.0,6761,6772,11,2.469451e-07,2.4732931818181816e-07,8.73522119008261e-10,0.0,0
13,7,15.0,26.0,6749,6761,12,2.679076e-07,2.7896453333333334e-07,2.8978153092238668e-08,0.0,0
13,8,17.0,26.0,6738,6749,11,5.814433e-05,4.9091750909090904e-05,1.5151551808354906e-05,0.8181818181818182,1
13,9,19.0,26.0,6726,6738,12,5.9852425000000005e-05,5.9781535e-05,3.1780008497219433e-07,1.0,1
13,10,21.0,26.0,6715,6726,11,6.024854e-05,6.0078352727272734e-05,3.455876230709584e-07,1.0,1
13,11,23.0,26.0,6704,6715,11,6.042231e-05,6.039525090909091e-05,1.1092982986428403e-07,1.0,1
13,12,25.0,26.0,6692,6704,12,6.0458779999999996e-05,6.046977333333334e-05,5.5337090685683597e-08,1.0,1
13,13,27.0,26.0,6681,6692,11,6.051415e-05,6.048475636363636e-05,5.874533270013579e-08,1.0,1
13,14,29.0,26.0,6669,6681,12,6.049613e-05,6.0480978333333335e-05,4.2370049137201716e-08,1.0,1
13,15,31.0,26.0,6658,6669,11,6.042208e-05,6.043517181818182e-05,5.926631157414114e-08,1.0,1
13,16,33.0,26.0,6647,6658,11,6.05393e-05,6.0534153636363634e-05,3.81711417107755e-08,1.0,1
13,17,35.0,26.0,6635,6647,12,6.0529025e-05,6.0521044166666654e-05,6.036852566505385e-08,1.0,1
13,18,37.0,26.0,6624,6635,11,6.046045e-05,6.0416349999999996e-05,1.1236614711816884e-07,1.0,1
13,19,39.0,26.0,6612,6624,12,6.0338975e-05,5.504821624166667e-05,1.647001711771053e-05,0.9166666666666666,1
13,20,41.0,26.0,6601,6612,11,2.896145e-07,3.0199799090909086e-07,2.4789722752619396e-08,0.0,0
13,21,43.0,26.0,6590,6601,11,2.838227e-07,2.838178909090909e-07,1.4747756232757182e-09,0.0,0
13,22,45.0,26.0,6578,6590,12,2.7816369999999997e-07,2.7816734166666665e-07,1.7764602329062202e-09,0.0,0
13,23,47.0,26.0,6567,6578,11,2.718984e-07,2.718904818181818e-07,1.8304025313963496e-09,0.0,0
13,24,49.0,26.0,6555,6567,12,2.6489155e-07,2.6490249999999996e-07,2.1449633660430375e-09,0.0,0
13,25,51.0,26.0,6544,6555,11,2.58086e-07,2.5822904545454544e-07,1.5806605451022642e-09,0.0,0
13,26,53.0,26.0,6533,6544,11,2.557294e-07,2.5653087272727273e-07,1.4632625770025689e-09,0.0,0
13,27,55.0,26.0,6521,6533,12,2.8747565e-07,3.01082045e-06,6.405445490055984e-06,0.0,0
13,28,57.0,26.0,6510,6521,11,6.019502e-05,5.5615531818181814e-05,8.094080033403559e-06,1.0,1
13,29,59.0,26.0,6498,6510,12,6.0414185e-05,6.04099875e-05,4.518936731964684e-08,1.0,1
13,30,61.0,26.0,6487,6498,11,6.048737e-05,6.0485016363636365e-05,4.536910047252326e-08,1.0,1
13,31,63.0,26.0,6476,6487,11,6.041535e-05,6.036889636363636e-05,1.2448670022227907e-07,1.0,1
13,32,65.0,26.0,6464,6476,12,6.0399289999999995e-05,6.0274728333333334e-05,2.3829010239038957e-07,1.0,1
13,33,67.0,26.0,6453,6464,11,6.037024e-05,6.030989545454545e-05,1.847568835161804e-07,1.0,1
13,34,69.0,26.0,6441,6453,12,6.0190995e-05,6.0201423333333335e-05,1.2752222808418684e-07,1.0,1
13,35,71.0,26.0,6430,6441,11,5.889931e-05,5.892411090909091e-05,7.43263930774313e-07,1.0,1
13,36,73.0,26.0,6419,6430,11,5.875604e-05,5.862317818181818e-05,7.765551262386999e-07,1.0,1
13,37,75.0,26.0,6407,6419,12,5.8049460000000004e-05,5.8850345e-05,2.8916532545082814e-06,1.0,1
13,38,77.0,26.0,6396,6407,11,6.483912e-05,6.482966727272727e-05,3.934497151442712e-08,1.0,1
13,39,79.0,26.0,6384,6396,12,6.478036e-05,6.477764333333335e-05,1.8366147905560864e-08,1.0,1
14,0,1.0,28.0,6869,6881,12,9.333325499999999e-07,1.1369307166666665e-06,7.538769502540449e-07,0.0,0
14,1,3.0,28.0,6881,6892,11,3.359705e-07,3.3800759999999997e-07,9.009975877477554e-09,0.0,0
14,2,5.0,28.0,6892,6904,12,3.2075965e-07,3.211633e-07,2.3194789116667253e-09,0.0,0
14,3,7.0,28.0,6904,6915,11,3.167314e-07,3.1685082727272726e-07,4.597897485727154e-10,0.0,0
14,4,9.0,28.0,6915,6927,12,3.158167e-07,3.1586384166666663e-07,1.447933438751836e-10,0.0,0
14,5,11.0,28.0,6927,6938,11,3.158199e-07,3.158344090909091e-07,9.2185489437388e-11,0.0,0
14,6,13.0,28.0,6938,6949,11,3.163896e-07,3.163887363636364e-07,2.1787470241038297e-10,0.0,0
14,7,15.0,28.0,6949,6961,12,3.1744904999999997e-07,3.186290916666666e-07,2.5521648292702276e-09,0.0,0
14,8,17.0,28.0,6961,6972,11,5.790805e-05,3.773492368181818e-05,2.830273665117926e-05,0.6363636363636364,1
14,9,19.0,28.0,6972,6984,12,6.0616095000000004e-05,6.061614749999999e-05,3.161135453308934e-08,1.0,1
14,10,21.0,28.0,6984,6995,11,6.056846e-05,6.0562695454545454e-05,3.8947621555024024e-08,1.0,1
14,11,23.0,28.0,6995,7007,12,6.0623639999999996e-05,6.061892083333333e-05,2.1083826130603695e-08,1.0,1
14,12,25.0,28.0,7007,7018,11,6.03369e-05,6.0350565454545454e-05,2.0031258669496955e-07,1.0,1
14,13,27.0,28.0,7018,7029,11,6.055653e-05,6.0532717272727266e-05,1.1000739331277304e-07,1.0,1
14,14,29.0,28.0,7029,7041,12,6.0574755e-05,6.058543166666667e-05,5.973026742968978e-08,1.0,1
14,15,31.0,28.0,7041,7052,11,6.056495e-05,6.0554034545454554e-05,5.156620323140501e-08,1.0,1
14,16,33.0,28.0,7052,7064,12,6.0563254999999993e-05,6.05335925e-05,7.007100519294672e-08,1.0,1
14,17,35.0,28.0,7064,7075,11,6.057136e-05,6.057348818181818e-05,6.643411894749947e-08,1.0,1
14,18,37.0,28.0,7075,7087,12,6.0495725e-05,6.0493308333333324e-05,7.038489786326594e-08,1.0,1
14,19,39.0,28.0,7087,7098,11,6.050318e-05,5.901032909090909e-05,2.781014851293922e-06,1.0,1
14,20,41.0,28.0,7098,7109,11,3.148813e-07,9.826082290909091e-06,1.4607612250117096e-05,0.18181818181818182,0
14,21,43.0,28.0,7109,7121,12,2.5932865e-07,2.60846825e-07,3.496616192627053e-09,0.0,0
14,22,45.0,28.0,7121,7132,11,2.595573e-07,2.5975558181818184e-07,1.3541529904289238e-09,0.0,0
14,23,47.0,28.0,7132,7144,12,2.660253e-07,2.6605174166666664e-07,2.1186934765157983e-09,0.0,0
14,24,49.0,28.0,7144,7155,11,2.73138e-07,2.73107009090909e-07,1.88697348560384e-09,0.0,0
14,25,51.0,28.0,7155,7167,12,2.7980175e-07,2.7975535000000003e-07,1.9222997986353e-09,0.0,0
14,26,53.0,28.0,7167,7178,11,2.858774e-07,2.858807181818182e-07,1.6031154769375485e-09,0.0,0
14,27,55.0,28.0,7178,7189,11,2.91838e-07,2.9554697272727276e-07,7.728188947329111e-09,0.0,0
14,28,57.0,28.0,7189,7201,12,6.038389e-05,4.9620869299999994e-05,2.209287520142691e-05,0.8333333333333334,1
14,29,59.0,28.0,7201,7212,11,6.046136e-05,6.0466597272727275e-05,4.8006788552323185e-08,1.0,1
14,30,61.0,28.0,7212,7224,12,6.0394815e-05,6.037787583333332e-05,9.991853602296277e-08,1.0,1
14,31,63.0,28.0,7224,7235,11,6.037185e-05,6.0364947272727266e-05,2.499147385188153e-08,1.0,1
14,32,65.0,28.0,7235,7247,12,6.0471735e-05,6.0467462500000004e-05,6.65406686577201e-08,1.0,1
14,33,67.0,28.0,7247,7258,11,5.989944e-05,5.960610727272727e-05,7.263012404091247e-07,1.0,1
14,34,69.0,28.0,7258,7269,11,5.82192e-05,5.838163727272727e-05,5.323908783640916e-07,1.0,1
14,35,71.0,28.0,7269,7281,12,5.9913395e-05,5.9814975e-05,2.3364161481850803e-07,1.0,1
14,36,73.0,28.0,7281,7292,11,5.976944e-05,5.947533818181818e-05,4.785027503828653e-07,1.0,1
14,37,75.0,28.0,7292,7304,12,5.788528e-05,5.9015769166666675e-05,4.0037938891557565e-06,1.0,1
14,38,77.0,28.0,7304,7315,11,6.491502e-05,6.491062454545455e-05,4.390544040914152e-08,1.0,1
14,39,79.0,28.0,7315,7326,11,6.483988e-05,6.486649818181818e-05,3.853135012102043e-08,1.0,1
15,0,1.0,30.0,7801,7812,11,2.901e-07,7.057733909090907e-07,8.472651042821994e-07,0.0,0
15,1,3.0,30.0,7790,7801,11,2.709202e-07,2.7091863636363635e-07,1.4843338078825647e-09,0.0,0
15,2,5.0,30.0,7778,7790,12,2.654375e-07,2.6541645833333337e-07,1.7079404031651362e-09,0.0,0
15,3,7.0,30.0,7767,7778,11,2.593382e-07,2.5932865454545456e-07,1.756736417008242e-09,0.0,0
15,4,9.0,30.0,7755,7767,12,2.528298e-07,2.5284110833333333e-07,1.973169901224228e-09,0.0,0
15,5,11.0,30.0,7744,7755,11,2.464542e-07,2.4656649090909096e-07,1.5408999020374971e-09,0.0,0
15,6,13.0,30.0,7733,7744,11,2.436037e-07,2.438208545454546e-07,5.773513714504417e-10,0.0,0
15,7,15.0,30.0,7721,7733,12,2.5927075e-07,2.669448e-07,2.084803113189988e-08,0.0,0
15,8,17.0,30.0,7710,7721,11,5.381929e-05,4.318097906363637e-05,2.0563450980063602e-05,0.7272727272727273,1
15,9,19.0,30.0,7698,7710,12,6.0514480000000003e-05,6.052661416666667e-05,3.794876665943465e-08,1.0,1
15,10,21.0,30.0,7687,7698,11,6.044006e-05,6.0438899090909084e-05,3.383925838821472e-08,1.0,1
15,11,23.0,30.0,7675,7687,12,6.054908e-05,6.054401916666667e-05,3.74005451070638e-08,1.0,1
15,12,25.0,30.0,7664,7675,11,6.050543e-05,6.051543818181818e-05,5.1925604442261787e-08,1.0,1
15,13,27.0,30.0,7653,7664,11,6.052684e-05,6.053030000000001e-05,3.343830193600768e-08,1.0,1
15,14,29.0,30.0,7641,7653,12,6.0572625e-05,6.057607e-05,3.1036992712998096e-08,1.0,1
15,15,31.0,30.0,7630,7641,11,6.052415e-05,6.0541804545454545e-05,5.2631053633872974e-08,1.0,1
15,16,33.0,30.0,7618,7630,12,6.0434955000000004e-05,6.043331166666668e-05,9.55278801217506e-08,1.0,1
15,17,35.0,30.0,7607,7618,11,6.059467e-05,6.0585349999999994e-05,3.2626029207033245e-08,1.0,1
15,18,37.0,30.0,7595,7607,12,6.0525095e-05,6.051596166666666e-05,2.985050413681775e-08,1.0,1
15,19,39.0,30.0,7584,7595,11,6.052896e-05,5.447522968181818e-05,1.7123734744758757e-05,0.9090909090909091,1
15,20,41.0,30.0,7573,7584,11,2.888723e-07,2.985530454545454e-07,1.9983540505688153e-08,0.0,0
15,21,43.0,30.0,7561,7573,12,2.8270694999999997e-07,2.8270158333333333e-07,1.5771655038038606e-09,0.0,0
15,22,45.0,30.0,7550,7561,11,2.772557e-07,2.772089636363637e-07,1.5982250588317266e-09,0.0,0
15,23,47.0,30.0,7538,7550,12,2.7098475e-07,2.709818e-07,1.9770391249711415e-09,0.0,0
15,24,49.0,30.0,7527,7538,11,2.642468e-07,2.6423265454545457e-07,1.917845954266802e-09,0.0,0
15,25,51.0,30.0,7515,7527,12,2.5771805000000003e-07,2.5788526666666667e-07,1.5949908507226175e-09,0.0,0
15,26,53.0,30.0,7504,7515,11,2.560091e-07,2.5701848181818184e-07,2.0425925922344984e-09,0.0,0
15,27,55.0,30.0,7493,7504,11,2.913398e-07,3.0227513545454545e-06,6.094237736789422e-06,0.0,0
15,28,57.0,30.0,7481,7493,12,6.0276545e-05,5.573363000000001e-05,8.367354616845757e-06,1.0,1
15,29,59.0,30.0,7470,7481,11,6.044897e-05,6.044980181818182e-05,4.915542249162985e-08,1.0,1
15,30,61.0,30.0,7458,7470,12,6.0411585e-05,6.0352081666666655e-05,1.5006219615175872e-07,1.0,1
15,31,63.0,30.0,7447,7458,11,6.04186e-05,6.036977363636364e-05,1.366936969533583e-07,1.0,1
15,32,65.0,30.0,7435,7447,12,6.0259075e-05,6.016618e-05,2.670036535954775e-07,1.0,1
15,33,67.0,30.0,7424,7435,11,5.863022e-05,5.8883875454545464e-05,4.571190766760421e-07,1.0,1
15,34,69.0,30.0,7413,7424,11,5.869186e-05,5.855219727272728e-05,4.83602945665344e-07,1.0,1
15,35,71.0,30.0,7401,7413,12,5.9482815e-05,5.9512696666666666e-05,1.0443264666228121e-07,1.0,1
15,36,73.0,30.0,7390,7401,11,5.016523e-05,4.869458727272727e-05,8.761971645009307e-06,1.0,1
15,37,75.0,30.0,7378,7390,12,5.4018454999999995e-05,5.445649083333333e-05,7.462130066037289e-06,1.0,1
15,38,77.0,30.0,7367,7378,11,6.488126e-05,6.488259090909091e-05,3.452955794534177e-08,1.0,1
15,39,79.0,30.0,7355,7367,12,6.484907000000001e-05,6.485503999999999e-05,2.946688678273822e-08,1.0,1
16,0,1.0,32.0,7841,7853,12,1.04505485e-06,1.859809525e-06,1.551155417131733e-06,0.0,0
16,1,3.0,32.0,7853,7864,11,3.379442e-07,3.4035708181818185e-07,1.0590264650810888e-08,0.0,0
16,2,5.0,32.0,7864,7876,12,3.204063e-07,3.208834166666666e-07,2.5736444104399697e-09,0.0,0
16,3,7.0,32.0,7876,7887,11,3.158266e-07,3.159183909090909e-07,6.898996626052337e-10,0.0,0
16,4,9.0,32.0,7887,7898,11,3.146523e-07,3.146879909090909e-07,1.0593096769761855e-10,0.0,0
16,5,11.0,32.0,7898,7910,12,3.1483945e-07,3.1486600833333334e-07,1.8122681671656865e-10,0.0,0
16,6,13.0,32.0,7910,7921,11,3.156023e-07,3.1562037272727275e-07,2.3401778134036974e-10,0.0,0
16,7,15.0,32.0,7921,7933,12,3.16745e-07,3.17959525e-07,2.6450012517719167e-09,0.0,0
16,8,17.0,32.0,7933,7944,11,5.822977e-05,3.778146926363636e-05,2.833409529720038e-05,0.6363636363636364,1
16,9,19.0,32.0,7944,7955,11,6.063322e-05,6.0628615454545464e-05,4.543999146999661e-08,1.0,1
16,10,21.0,32.0,7955,7967,12,6.059194e-05,6.059003166666668e-05,5.0328339238997934e-08,1.0,1
16,11,23.0,32.0,7967,7978,11,6.062271e-05,6.0636463636363636e-05,5.4716229480795656e-08,1.0,1
16,12,25.0,32.0,7978,7990,12,6.066815e-05,6.067272666666665e-05,2.0170879725210667e-08,1.0,1
16,13,27.0,32.0,7990,8001,11,6.058564e-05,6.0568435454545456e-05,7.180777513784897e-08,1.0,1
16,14,29.0,32.0,8001,8012,11,6.060187e-05,6.0598693636363636e-05,4.493944476590369e-08,1.0,1
16,15,31.0,32.0,8012,8024,12,6.0574975e-05,6.0580505e-05,4.381517497777894e-08,1.0,1
16,16,33.0,32.0,8024,8035,11,6.046397e-05,6.0470399999999996e-05,1.1774403895353195e-07,1.0,1
16,17,35.0,32.0,8035,8047,12,6.061935e-05,6.0602287499999997e-05,7.56321098173034e-08,1.0,1
16,18,37.0,32.0,8047,8058,11,6.052457e-05,6.046492181818182e-05,1.046342137524968e-07,1.0,1
16,19,39.0,32.0,8058,8069,11,6.031205e-05,5.8943700909090914e-05,2.8027528907631137e-06,1.0,1
16,20,41.0,32.0,8069,8081,12,3.0582545e-07,8.658049458333332e-06,1.3711471690234689e-05,0.08333333333333333,0
16,21,43.0,32.0,8081,8092,11,2.578914e-07,2.590325272727272e-07,2.615077618208716e-09,0.0,0
16,22,45.0,32.0,8092,8104,12,2.587061e-07,2.5890913333333336e-07,1.5282671621444059e-09,0.0,0
16,23,47.0,32.0,8104,8115,11,2.651678e-07,2.6519153636363635e-07,1.934982540805769e-09,0.0,0
16,24,49.0,32.0,8115,8126,11,2.719417e-07,2.7190092727272727e-07,1.887201787684086e-09,0.0,0
16,25,51.0,32.0,8126,8138,12,2.7849535000000003e-07,2.7847775000000003e-07,1.8928961058388867e-09,0.0,0
16,26,53.0,32.0,8138,8149,11,2.84509e-07,2.844911181818181e-07,1.5672849319288537e-09,0.0,0
16,27,55.0,32.0,8149,8161,12,2.9112959999999997e-07,2.9811164999999996e-07,1.5512366572700417e-08,0.0,0
16,28,57.0,32.0,8161,8172,11,6.035967e-05,5.403216122727274e-05,1.706829851867202e-05,0.9090909090909091,1
16,29,59.0,32.0,8172,8183,11,6.046346e-05,6.0473244545454547e-05,4.6358975862017635e-08,1.0,1
16,30,61.0,32.0,8183,8195,12,6.0479099999999995e-05,6.048783333333333e-05,4.259953331773578e-08,1.0,1
16,31,63.0,32.0,8195,8206,11,6.045981e-05,6.036359727272728e-05,2.3527472819860041e-07,1.0,1
16,32,65.0,32.0,8206,8218,12,5.9257635e-05,5.935971166666666e-05,5.191241702270164e-07,1.0,1
16,33,67.0,32.0,8218,8229,11,6.021176e-05,6.016837454545454e-05,1.8779141520525746e-07,1.0,1
16,34,69.0,32.0,8229,8240,11,5.944976e-05,5.952095818181818e-05,4.776107941870312e-07,1.0,1
16,35,71.0,32.0,8240,8252,12,5.9073565e-05,5.903355083333333e-05,4.280720508368167e-07,1.0,1
16,36,73.0,32.0,8252,8263,11,5.217244e-05,4.658056272727272e-05,1.2241283571736846e-05,0.8181818181818182,1
16,37,75.0,32.0,8263,8275,12,5.6099175e-05,5.2430319166666665e-05,1.2061233594422433e-05,0.9166666666666666,1
16,38,77.0,32.0,8275,8286,11,6.490999e-05,6.490951363636362e-05,4.893638733047747e-08,1.0,1
16,39,79.0,32.0,8286,8297,11,6.485337e-05,6.486439363636362e-05,2.778303120864407e-08,1.0,1
17,0,1.0,34.0,8772,8783,11,2.945457e-07,1.1070373090909092e-06,1.6723765703594022e-06,0.0,0
17,1,3.0,34.0,8761,8772,11,2.704046e-07,2.704336272727273e-07,1.5296822611788645e-09,0.0,0
17,2,5.0,34.0,8749,8761,12,2.648497e-07,2.6482863333333334e-07,1.7448392874098393e-09,0.0,0
17,3,7.0,34.0,8738,8749,11,2.587798e-07,2.5877156363636366e-07,1.7421215682832482e-09,0.0,0
17,4,9.0,34.0,8726,8738,12,2.522284e-07,2.5225331666666666e-07,1.9794089744303807e-09,0.0,0
17,5,11.0,34.0,8715,8726,11,2.458855e-07,2.4597600000000003e-07,1.5527878178530107e-09,0.0,0
17,6,13.0,34.0,8704,8715,11,2.427717e-07,2.4291695454545456e-07,4.967178334987675e-10,0.0,0
17,7,15.0,34.0,8692,8704,12,2.5691425e-07,2.63712075e-07,1.875425188906616e-08,0.0,0
17,8,17.0,34.0,8681,8692,11,5.096865e-05,4.1176711918181816e-05,2.1104116872160424e-05,0.7272727272727273,1
17,9,19.0,34.0,8669,8681,12,6.0405605e-05,6.0343200833333336e-05,1.5423709375818912e-07,1.0,1
17,10,21.0,34.0,8658,8669,11,6.016657e-05,6.00530009090909e-05,3.083168190338855e-07,1.0,1
17,11,23.0,34.0,8647,8658,11,6.033634e-05,6.0259198181818185e-05,1.4717568943385454e-07,1.0,1
17,12,25.0,34.0,8635,8647,12,6.0322330000000006e-05,6.0290368333333344e-05,7.934121384179057e-08,1.0,1
17,13,27.0,34.0,8624,8635,11,6.020056e-05,6.019018909090909e-05,6.24213497064395e-08,1.0,1
17,14,29.0,34.0,8612,8624,12,6.0323325e-05,6.032455833333334e-05,6.232561630038101e-08,1.0,1
17,15,31.0,34.0,8601,8612,11,6.041543e-05,6.0403027272727267e-05,5.9173791970755795e-08,1.0,1
17,16,33.0,34.0,8590,8601,11,6.013962e-05,6.006799363636364e-05,2.934316841748456e-07,1.0,1
17,17,35.0,34.0,8578,8590,12,6.0364255000000004e-05,6.02831075e-05,2.137223329511531e-07,1.0,1
17,18,37.0,34.0,8567,8578,11,6.041718e-05,6.039752454545454e-05,7.872935716325095e-08,1.0,1
17,19,39.0,34.0,8555,8567,12,6.033464e-05,5.457792485833333e-05,1.6421757948391375e-05,0.9166666666666666,1
17,20,41.0,34.0,8544,8555,11,2.870732e-07,2.9389374545454543e-07,1.4575513754947411e-08,0.0,0
17,21,43.0,34.0,8533,8544,11,2.814771e-07,2.814702636363636e-07,1.4802326753666658e-09,0.0,0
17,22,45.0,34.0,8521,8533,12,2.758418e-07,2.758183166666667e-07,1.8003291281657923e-09,0.0,0
17,23,47.0,34.0,8510,8521,11,2.696326e-07,2.6959416363636366e-07,1.8093853387634744e-09,0.0,0
17,24,49.0,34.0,8498,8510,12,2.627004e-07,2.6270834999999995e-07,2.1124014858686296e-09,0.0,0
17,25,51.0,34.0,8487,8498,11,2.561903e-07,2.563226636363636e-07,1.4433192983049546e-09,0.0,0
17,26,53.0,34.0,8476,8487,11,2.544625e-07,2.5541456363636364e-07,1.8307300909610895e-09,0.0,0
17,27,55.0,34.0,8464,8476,12,2.909994e-07,3.6605170583333326e-06,7.847771426127626e-06,0.0,0
17,28,57.0,34.0,8453,8464,11,5.998064e-05,5.643994454545454e-05,6.543708919176931e-06,1.0,1
17,29,59.0,34.0,8441,8453,12,6.0300835e-05,6.029788333333335e-05,4.567921670616459e-08,1.0,1
17,30,61.0,34.0,8430,8441,11,6.028712e-05,6.028389545454545e-05,3.890113841840536e-08,1.0,1
17,31,63.0,34.0,8419,8430,11,6.003098e-05,5.980177909090908e-05,5.837109352232267e-07,1.0,1
17,32,65.0,34.0,8407,8419,12,6.0158974999999996e-05,6.0020629999999995e-05,3.6121763186016607e-07,1.0,1
17,33,67.0,34.0,8396,8407,11,6.03742e-05,6.036057e-05,6.873951503518746e-08,1.0,1
17,34,69.0,34.0,8384,8396,12,5.85816e-05,5.7696942500000006e-05,2.46344222558302e-06,1.0,1
17,35,71.0,34.0,8373,8384,11,5.596656e-05,5.5900539999999994e-05,4.0703720741251865e-07,1.0,1
17,36,73.0,34.0,8362,8373,11,5.550051e-05,5.541496363636363e-05,2.8777012212315696e-07,1.0,1
17,37,75.0,34.0,8350,8362,12,5.3775439999999996e-05,5.5059664999999995e-05,5.310894742115025e-06,1.0,1
17,38,77.0,34.0,8339,8350,11,6.480025e-05,6.479235454545454e-05,3.5408067741081097e-08,1.0,1
17,39,79.0,34.0,8327,8339,12,6.4796135e-05,6.479665833333333e-05,2.745014354344035e-08,1.0,1
18,0,1.0,36.0,8812,8824,12,2.252937e-06,3.152052416666666e-06,2.719601818895186e-06,0.0,0
18,1,3.0,36.0,8824,8835,11,3.308527e-07,3.338137727272728e-07,1.2132236493970097e-08,0.0,0
18,2,5.0,36.0,8835,8847,12,3.1189935e-07,3.124335416666667e-07,2.6650291638361537e-09,0.0,0
18,3,7.0,36.0,8847,8858,11,3.075672e-07,3.0767486363636364e-07,5.123258059135365e-10,0.0,0
18,4,9.0,36.0,8858,8869,11,3.070331e-07,3.0705807272727275e-07,6.76383039799965e-11,0.0,0
18,5,11.0,36.0,8869,8881,12,3.0758975e-07,3.076391833333333e-07,2.925487703880383e-10,0.0,0
18,6,13.0,36.0,8881,8892,11,3.090173e-07,3.0899927272727274e-07,4.668862234204813e-10,0.0,0
18,7,15.0,36.0,8892,8904,12,3.1077165e-07,3.1139785e-07,1.7787272896184289e-09,0.0,0
18,8,17.0,36.0,8904,8915,11,5.373222e-05,3.2225647063636366e-05,2.9138185319449068e-05,0.5454545454545454,1
18,9,19.0,36.0,8915,8926,11,6.041617e-05,6.039462636363636e-05,8.272927175406909e-08,1.0,1
18,10,21.0,36.0,8926,8938,12,6.0454840000000005e-05,6.044060833333334e-05,6.961134017209813e-08,1.0,1
18,11,23.0,36.0,8938,8949,11,6.02939e-05,6.029577272727272e-05,1.1377541602895622e-07,1.0,1
18,12,25.0,36.0,8949,8961,12,6.052632e-05,6.051830833333333e-05,5.688185604586109e-08,1.0,1
18,13,27.0,36.0,8961,8972,11,6.039614e-05,6.0304967272727264e-05,2.6523860345977057e-07,1.0,1
18,14,29.0,36.0,8972,8983,11,6.044143e-05,6.036164545454546e-05,1.6929184791432795e-07,1.0,1
18,15,31.0,36.0,8983,8995,12,6.053319e-05,6.0520996666666654e-05,6.055621194853281e-08,1.0,1
18,16,33.0,36.0,8995,9006,11,6.061317e-05,6.060293272727273e-05,3.6578116928247024e-08,1.0,1
18,17,35.0,36.0,9006,9018,12,6.053701e-05,6.0522345000000005e-05,6.860790424579286e-08,1.0,1
18,18,37.0,36.0,9018,9029,11,6.049822e-05,6.048484e-05,7.434975099304148e-08,1.0,1
18,19,39.0,36.0,9029,9040,11,6.038623e-05,5.887207727272727e-05,2.9109651440000914e-06,1.0,1
18,20,41.0,36.0,9040,9052,12,3.037462e-07,7.699750408333334e-06,1.3674072095382371e-05,0.08333333333333333,0
18,21,43.0,36.0,9052,9063,11,2.569948e-07,2.5808305454545455e-07,2.575671685163315e-09,0.0,0
18,22,45.0,36.0,9063,9075,12,2.577385e-07,2.5792928333333327e-07,1.477533630092914e-09,0.0,0
18,23,47.0,36.0,9075,9086,11,2.641716e-07,2.6417911818181817e-07,1.9162979834795024e-09,0.0,0
18,24,49.0,36.0,9086,9097,11,2.708825e-07,2.708463909090909e-07,1.880399570910663e-09,0.0,0
18,25,51.0,36.0,9097,9109,12,2.7742295e-07,2.7739599166666665e-07,1.8569877438378197e-09,0.0,0
18,26,53.0,36.0,9109,9120,11,2.834581e-07,2.8346628181818183e-07,1.6150418890251103e-09,0.0,0
18,27,55.0,36.0,9120,9132,12,2.900683e-07,2.9635419166666664e-07,1.3891790805451642e-08,0.0,0
18,28,57.0,36.0,9132,9143,11,6.004477e-05,5.373527398181818e-05,1.699412230408715e-05,0.9090909090909091,1
18,29,59.0,36.0,9143,9154,11,6.027272e-05,6.023929272727273e-05,1.0937689402752059e-07,1.0,1
18,30,61.0,36.0,9154,9166,12,6.00847e-05,6.007223166666666e-05,2.032179666365376e-07,1.0,1
18,31,63.0,36.0,9166,9177,11,6.023494e-05,6.021275818181818e-05,1.542419522472973e-07,1.0,1
18,32,65.0,36.0,9177,9189,12,5.9703995e-05,5.981011583333333e-05,3.228071069916293e-07,1.0,1
18,33,67.0,36.0,9189,9200,11,6.026823e-05,6.026753909090909e-05,1.2726761892345617e-07,1.0,1
18,34,69.0,36.0,9200,9211,11,5.940171e-05,5.9214656363636354e-05,8.05760330566135e-07,1.0,1
18,35,71.0,36.0,9211,9223,12,5.775768e-05,5.779806333333333e-05,5.777391791188209e-07,1.0,1
18,36,73.0,36.0,9223,9234,11,5.436116e-05,5.375470272727273e-05,3.8417797970545105e-06,1.0,1
18,37,75.0,36.0,9234,9246,12,5.439099e-05,5.5265725000000004e-05,6.662180324675373e-06,1.0,1
18,38,77.0,36.0,9246,9257,11,6.491313e-05,6.490407727272725e-05,4.565385139402127e-08,1.0,1
18,39,79.0,36.0,9257,9268,11,6.486201e-05,6.484214454545454e-05,4.547456419175047e-08,1.0,1
19,0,1.0,38.0,9738,9749,11,2.709589e-07,2.7416117272727274e-07,7.616547145654878e-09,0.0,0
19,1,3.0,38.0,9727,9738,11,2.658401e-07,2.6583109090909084e-07,1.4652566746630525e-09,0.0,0
19,2,5.0,38.0,9716,9727,11,2.603136e-07,2.6040965454545455e-07,1.628730131875549e-09,0.0,0
19,3,7.0,38.0,9704,9716,12,2.543505e-07,2.543316416666667e-07,1.9072765974281873e-09,0.0,0
19,4,9.0,38.0,9693,9704,11,2.478126e-07,2.4781833636363633e-07,1.8043331380937263e-09,0.0,0
19,5,11.0,38.0,9682,9693,11,2.422553e-07,2.424025181818182e-07,1.2453144654468701e-09,0.0,0
19,6,13.0,38.0,9670,9682,12,2.418153e-07,2.43006425e-07,2.849258488661277e-09,0.0,0
19,7,15.0,38.0,9659,9670,11,2.851398e-07,4.310463872727273e-06,8.848744675242827e-06,0.0,0
19,8,17.0,38.0,9648,9659,11,6.028173e-05,5.686546999999999e-05,6.297896395000765e-06,1.0,1
19,9,19.0,38.0,9636,9648,12,6.0310654999999995e-05,6.034194499999999e-05,8.387855153931433e-08,1.0,1
19,10,21.0,38.0,9625,9636,11,6.034792e-05,6.033927818181818e-05,4.0317132568083424e-08,1.0,1
19,11,23.0,38.0,9614,9625,11,6.040288e-05,6.0392871818181816e-05,5.663683539859017e-08,1.0,1
19,12,25.0,38.0,9603,9614,11,6.047643e-05,6.047989272727273e-05,1.7059232685989894e-08,1.0,1
19,13,27.0,38.0,9591,9603,12,6.0448735000000005e-05,6.044656916666667e-05,4.647590333680674e-08,1.0,1
19,14,29.0,38.0,9580,9591,11,6.045934e-05,6.0467878181818194e-05,2.319730580679975e-08,1.0,1
19,15,31.0,38.0,9569,9580,11,6.044752e-05,6.043597727272728e-05,3.3439544116866447e-08,1.0,1
19,16,33.0,38.0,9557,9569,12,6.0486590000000004e-05,6.0488997499999986e-05,4.684309004983193e-08,1.0,1
19,17,35.0,38.0,9546,9557,11,6.054421e-05,6.053067090909091e-05,3.2778785671262705e-08,1.0,1
19,18,37.0,38.0,9535,9546,11,6.052313e-05,6.0514100000000004e-05,4.246870056020967e-08,1.0,1
19,19,39.0,38.0,9523,9535,12,5.7349375e-05,3.4746138650000005e-05,2.9102005026378284e-05,0.5833333333333334,1
19,20,41.0,38.0,9512,9523,11,2.841793e-07,2.843678727272727e-07,1.8018573826576862e-09,0.0,0
19,21,43.0,38.0,9501,9512,11,2.789873e-07,2.789785818181818e-07,1.4662918107303505e-09,0.0,0
19,22,45.0,38.0,9490,9501,11,2.734851e-07,2.734766e-07,1.7454800402494132e-09,0.0,0
19,23,47.0,38.0,9478,9490,12,2.6688055e-07,2.66896525e-07,2.0888144369175084e-09,0.0,0
19,24,49.0,38.0,9467,9478,11,2.602775e-07,2.6024120909090903e-07,1.8421775684101943e-09,0.0,0
19,25,51.0,38.0,9456,9467,11,2.545023e-07,2.5473385454545455e-07,1.1395750063978305e-09,0.0,0
19,26,53.0,38.0,9444,9456,12,2.560584e-07,2.580072083333333e-07,4.9747191447454755e-09,0.0,0
19,27,55.0,38.0,9433,9444,11,3.405427e-07,1.4768025327272724e-05,1.8815421088862203e-05,0.2727272727272727,0
19,28,57.0,38.0,9422,9433,11,6.020438e-05,5.981468181818182e-05,9.545046913910913e-07,1.0,1
19,29,59.0,38.0,9410,9422,12,6.0250115e-05,6.021728583333334e-05,9.729991704846897e-08,1.0,1
19,30,61.0,38.0,9399,9410,11,5.99161e-05,5.996811545454545e-05,2.369207718497568e-07,1.0,1
19,31,63.0,38.0,9388,9399,11,5.927707e-05,5.9211778181818185e-05,2.6340602418796813e-07,1.0,1
19,32,65.0,38.0,9377,9388,11,6.008457e-05,5.993458636363636e-05,3.674043692587421e-07,1.0,1
19,33,67.0,38.0,9365,9377,12,5.934924e-05,5.916294666666667e-05,5.908140986996012e-07,1.0,1
19,34,69.0,38.0,9354,9365,11,5.985201e-05,5.989799181818182e-05,8.084694482541144e-08,1.0,1
19,35,71.0,38.0,9343,9354,11,5.972238e-05,5.960398545454546e-05,2.4361612509563445e-07,1.0,1
19,36,73.0,38.0,9331,9343,12,5.854206e-05,5.839448e-05,4.543218354316681e-07,1.0,1
19,37,75.0,38.0,9320,9331,11,5.796177e-05,5.930147090909091e-05,3.553294922095557e-06,1.0,1
19,38,77.0,38.0,9309,9320,11,6.479389e-05,6.478839999999999e-05,2.8184340590928604e-08,1.0,1
19,39,79.0,38.0,9297,9309,12,6.484053999999999e-05,6.484388166666668e-05,2.2024073129695e-08,1.0,1
20,0,1.0,40.0,9778,9790,12,3.617348e-07,3.0128834e-06,4.606575853313734e-06,0.0,0
20,1,3.0,40.0,9790,9801,11,3.045348e-07,3.057234272727273e-07,5.292774930221718e-09,0.0,0
20,2,5.0,40.0,9801,9812,11,2.961685e-07,2.963451090909091e-07,1.0604607578822809e-09,0.0,0
20,3,7.0,40.0,9812,9824,12,2.950211e-07,2.953661749999999e-07,5.47940503347151e-10,0.0,0
20,4,9.0,40.0,9824,9835,11,2.972238e-07,2.972463090909091e-07,5.325136881801032e-10,0.0,0
20,5,11.0,40.0,9835,9846,11,2.99528e-07,2.995050727272727e-07,6.497889700663134e-10,0.0,0
20,6,13.0,40.0,9846,9858,12,3.0170435e-07,3.0170254166666667e-07,6.896255765006676e-10,0.0,0
20,7,15.0,40.0,9858,9869,11,3.048327e-07,3.116986818181818e-07,1.371033443984488e-08,0.0,0
20,8,17.0,40.0,9869,9880,11,6.047864e-05,5.3981601209090904e-05,1.709059646264788e-05,0.9090909090909091,1
20,9,19.0,40.0,9880,9891,11,6.048691e-05,6.04975090909091e-05,4.093132706787257e-08,1.0,1
20,10,21.0,40.0,9891,9903,12,6.0442945e-05,6.041827083333332e-05,8.384498866542623e-08,1.0,1
20,11,23.0,40.0,9903,9914,11,6.055117e-05,6.055223545454546e-05,4.668425262307654e-08,1.0,1
20,12,25.0,40.0,9914,9925,11,6.050341e-05,6.0485182727272726e-05,7.574966199635513e-08,1.0,1
20,13,27.0,40.0,9925,9937,12,6.0488085e-05,6.048357083333333e-05,5.6073443871755345e-08,1.0,1
20,14,29.0,40.0,9937,9948,11,6.043427e-05,6.043960363636364e-05,4.7033684500429714e-08,1.0,1
20,15,31.0,40.0,9948,9959,11,6.041106e-05,6.035763818181818e-05,1.1328855850262868e-07,1.0,1
20,16,33.0,40.0,9959,9971,12,6.045535e-05,6.04638325e-05,4.431082356960565e-08,1.0,1
20,17,35.0,40.0,9971,9982,11,6.047491e-05,6.047497272727272e-05,3.05554720857037e-08,1.0,1
20,18,37.0,40.0,9982,9993,11,6.045192e-05,6.0441120909090905e-05,5.8878662048556176e-08,1.0,1
20,19,39.0,40.0,9993,10004,11,5.725905e-05,4.775131545454545e-05,1.6306446599508574e-05,0.8181818181818182,1
20,20,41.0,40.0,10004,10016,12,2.736862e-07,2.829186e-07,2.5066484249491387e-08,0.0,0
20,21,43.0,40.0,10016,10027,11,2.553636e-07,2.5555471818181816e-07,6.941445065928635e-10,0.0,0
20,22,45.0,40.0,10027,10038,11,2.581972e-07,2.5829786363636363e-07,1.5867696712462041e-09,0.0,0
20,23,47.0,40.0,10038,10050,12,2.648305e-07,2.648642333333333e-07,2.0669212016641713e-09,0.0,0
20,24,49.0,40.0,10050,10061,11,2.71633e-07,2.716234090909091e-07,1.8245250004289022e-09,0.0,0
20,25,51.0,40.0,10061,10072,11,2.777417e-07,2.7772047272727275e-07,1.6786421726507644e-09,0.0,0
20,26,53.0,40.0,10072,10084,12,2.836862e-07,2.836668333333333e-07,1.7509180788628807e-09,0.0,0
20,27,55.0,40.0,10084,10095,11,2.973623e-07,5.277110545454545e-06,1.567238041885569e-05,0.09090909090909091,0
20,28,57.0,40.0,10095,10106,11,6.047574e-05,6.0247589999999995e-05,6.266812563598244e-07,1.0,1
20,29,59.0,40.0,10106,10117,11,6.049063e-05,6.0492325454545464e-05,5.823527833689123e-08,1.0,1
20,30,61.0,40.0,10117,10129,12,6.0421335e-05,6.037709666666667e-05,1.0265992201871488e-07,1.0,1
20,31,63.0,40.0,10129,10140,11,6.033944e-05,6.031446181818181e-05,8.577262477230392e-08,1.0,1
20,32,65.0,40.0,10140,10151,11,6.035433e-05,6.035550545454545e-05,1.1419845735016176e-07,1.0,1
20,33,67.0,40.0,10151,10163,12,5.9863380000000006e-05,5.99233625e-05,1.5721300826824098e-07,1.0,1
20,34,69.0,40.0,10163,10174,11,6.008218e-05,6.005569545454546e-05,1.1248531624282325e-07,1.0,1
20,35,71.0,40.0,10174,10185,11,5.978297e-05,5.980544e-05,6.243137381448245e-08,1.0,1
20,36,73.0,40.0,10185,10197,12,5.9867685e-05,5.98447e-05,1.6583408877549845e-07,1.0,1
20,37,75.0,40.0,10197,10208,11,6.036909e-05,6.106283363636364e-05,2.8060431798766443e-06,1.0,1
20,38,77.0,40.0,10208,10219,11,6.48099e-05,6.481019181818182e-05,3.109521939818682e-08,1.0,1
20,39,79.0,40.0,10219,10230,11,6.480509e-05,6.480043545454544e-05,4.0409578379307164e-08,1.0,1
21,0,1.0,42.0,10702,10713,11,2.773509e-07,1.456558e-06,3.623685701457799e-06,0.0,0
21,1,3.0,42.0,10691,10702,11,2.647081e-07,2.647525e-07,1.4394972411480077e-09,0.0,0
21,2,5.0,42.0,10679,10691,12,2.593998e-07,2.593582666666667e-07,1.7246119429856934e-09,0.0,0
21,3,7.0,42.0,10668,10679,11,2.534705e-07,2.5344758181818184e-07,1.6830371744493663e-09,0.0,0
21,4,9.0,42.0,10657,10668,11,2.474318e-07,2.4743610000000004e-07,1.755017614001215e-09,0.0,0
21,5,11.0,42.0,10645,10657,12,2.413811e-07,2.415108583333333e-07,1.5625156705658638e-09,0.0,0
21,6,13.0,42.0,10634,10645,11,2.387245e-07,2.3907614545454545e-07,8.052066458241238e-10,0.0,0
21,7,15.0,42.0,10623,10634,11,2.546763e-07,2.609333636363637e-07,1.7980811777724334e-08,0.0,0
21,8,17.0,42.0,10611,10623,12,5.3136260000000005e-05,4.1358663033333335e-05,2.2472862388515018e-05,0.6666666666666666,1
21,9,19.0,42.0,10600,10611,11,6.030611e-05,6.027746636363637e-05,1.098000875370355e-07,1.0,1
21,10,21.0,42.0,10589,10600,11,6.038936e-05,6.038918090909092e-05,3.8823629977477915e-08,1.0,1
21,11,23.0,42.0,10577,10589,12,6.0407035e-05,6.0404534999999996e-05,3.610503000506556e-08,1.0,1
21,12,25.0,42.0,10566,10577,11,6.041991e-05,6.043072363636363e-05,3.561271689942684e-08,1.0,1
21,13,27.0,42.0,10555,10566,11,6.041302e-05,6.041753454545454e-05,2.6990894883488444e-08,1.0,1
21,14,29.0,42.0,10543,10555,12,6.0441060000000004e-05,6.043816416666667e-05,4.5381596574371e-08,1.0,1
21,15,31.0,42.0,10532,10543,11,6.041369e-05,6.0413372727272724e-05,3.6028193023824504e-08,1.0,1
21,16,33.0,42.0,10521,10532,11,6.046777e-05,6.047506272727273e-05,2.997829217371943e-08,1.0,1
21,17,35.0,42.0,10509,10521,12,6.0432705e-05,6.040661750000001e-05,9.80719072182073e-08,1.0,1
21,18,37.0,42.0,10498,10509,11,6.044761e-05,6.044971545454546e-05,2.5984481160050536e-08,1.0,1
21,19,39.0,42.0,10486,10498,12,5.974778e-05,4.469105900833334e-05,2.5623208888448024e-05,0.75,1
21,20,41.0,42.0,10475,10486,11,2.839409e-07,2.856145545454546e-07,4.730856179932613e-09,0.0,0
21,21,43.0,42.0,10464,10475,11,2.788593e-07,2.7882910000000003e-07,1.4555938188432032e-09,0.0,0
21,22,45.0,42.0,10452,10464,12,2.7300714999999997e-07,2.7300503333333337e-07,1.8801588888235553e-09,0.0,0
21,23,47.0,42.0,10441,10452,11,2.664949e-07,2.6648942727272723e-07,1.870782743370416e-09,0.0,0
21,24,49.0,42.0,10430,10441,11,2.599582e-07,2.599751818181818e-07,1.8720482194732736e-09,0.0,0
21,25,51.0,42.0,10418,10430,12,2.5372455e-07,2.539332583333333e-07,1.431053514873061e-09,0.0,0
21,26,53.0,42.0,10407,10418,11,2.532981e-07,2.545187272727273e-07,2.837928348154014e-09,0.0,0
21,27,55.0,42.0,10396,10407,11,2.985557e-07,4.561025518181819e-06,9.375738049678845e-06,0.0,0
21,28,57.0,42.0,10384,10396,12,6.0241575e-05,5.746631083333333e-05,5.45876978164717e-06,1.0,1
21,29,59.0,42.0,10373,10384,11,6.027818e-05,6.027951454545453e-05,4.433912029381841e-08,1.0,1
21,30,61.0,42.0,10362,10373,11,6.024839e-05,6.023459090909091e-05,6.039084525060582e-08,1.0,1
21,31,63.0,42.0,10350,10362,12,6.01885e-05,6.019817333333333e-05,5.710835991535896e-08,1.0,1
21,32,65.0,42.0,10339,10350,11,6.01951e-05,6.019882545454545e-05,1.0299142888994836e-07,1.0,1
21,33,67.0,42.0,10328,10339,11,5.996005e-05,5.992191181818182e-05,1.781596437222506e-07,1.0,1
21,34,69.0,42.0,10316,10328,12,5.951431e-05,5.929008166666666e-05,6.192111238750113e-07,1.0,1
21,35,71.0,42.0,10305,10316,11,5.998983e-05,6.004384363636364e-05,1.34736254166341e-07,1.0,1
21,36,73.0,42.0,10294,10305,11,5.974807e-05,5.974158090909091e-05,1.4942959737582368e-07,1.0,1
21,37,75.0,42.0,10282,10294,12,5.9421885e-05,5.9782776666666674e-05,2.0814626847096942e-06,1.0,1
21,38,77.0,42.0,10271,10282,11,6.475441e-05,6.476043363636363e-05,2.9931412587851696e-08,1.0,1
21,39,79.0,42.0,10259,10271,12,6.478517e-05,6.478511833333332e-05,4.086559755942342e-08,1.0,1
22,0,1.0,44.0,10742,10754,12,1.767e-05,1.1384340583333335e-05,7.988823620077103e-06,0.0,0
22,1,3.0,44.0,10754,10765,11,2.956928e-07,2.9863819090909085e-07,1.0821535800468739e-08,0.0,0
22,2,5.0,44.0,10765,10777,12,2.814514e-07,2.8192970833333334e-07,1.3919638078738055e-09,0.0,0
22,3,7.0,44.0,10777,10788,11,2.80889e-07,2.8096709999999997e-07,3.9953293185463394e-10,0.0,0
22,4,9.0,44.0,10788,10799,11,2.83014e-07,2.830479545454546e-07,7.29785704989223e-10,0.0,0
22,5,11.0,44.0,10799,10811,12,2.8607935e-07,2.86076675e-07,9.986026696714748e-10,0.0,0
22,6,13.0,44.0,10811,10822,11,2.895148e-07,2.8953861818181816e-07,1.011124686869385e-09,0.0,0
22,7,15.0,44.0,10822,10833,11,2.931511e-07,2.9334094545454545e-07,1.324466273542694e-09,0.0,0
22,8,17.0,44.0,10833,10845,12,2.67571856e-05,2.9363329083333334e-05,2.9087336174284846e-05,0.5,0
22,9,19.0,44.0,10845,10856,11,5.963248e-05,5.9622922727272715e-05,2.7950194749983076e-07,1.0,1
22,10,21.0,44.0,10856,10868,12,5.9844895e-05,5.973817749999999e-05,4.2895344388260773e-07,1.0,1
22,11,23.0,44.0,10868,10879,11,6.035799e-05,6.029205272727273e-05,1.8789743924380725e-07,1.0,1
22,12,25.0,44.0,10879,10890,11,6.039894e-05,6.040033181818182e-05,3.8516282700409515e-08,1.0,1
22,13,27.0,44.0,10890,10902,12,6.0343205e-05,6.0340018333333334e-05,2.9146774502316932e-08,1.0,1
22,14,29.0,44.0,10902,10913,11,6.032328e-05,6.033007e-05,2.2121233320869562e-08,1.0,1
22,15,31.0,44.0,10913,10924,11,6.032404e-05,6.033203454545454e-05,2.2852362664259852e-08,1.0,1
22,16,33.0,44.0,10924,10936,12,6.03186e-05,6.032547166666667e-05,3.225796770653038e-08,1.0,1
22,17,35.0,44.0,10936,10947,11,6.033403e-05,6.0335409090909095e-05,2.3217623186844012e-08,1.0,1
22,18,37.0,44.0,10947,10959,12,6.0292844999999996e-05,6.030311333333333e-05,3.434888434222535e-08,1.0,1
22,19,39.0,44.0,10959,10970,11,5.957202e-05,5.5079164545454545e-05,8.370948940673945e-06,1.0,1
22,20,41.0,44.0,10970,10981,11,2.887374e-07,3.2592461454545463e-06,6.6118811261375265e-06,0.0,0
22,21,43.0,44.0,10981,10993,12,2.54258e-07,2.5533183333333333e-07,2.136843458364592e-09,0.0,0
22,22,45.0,44.0,10993,11004,11,2.558853e-07,2.560403545454545e-07,1.4500936222838909e-09,0.0,0
22,23,47.0,44.0,11004,11015,11,2.62048e-07,2.620407181818182e-07,1.8251272059369607e-09,0.0,0
22,24,49.0,44.0,11015,11027,12,2.6869575e-07,2.687090583333333e-07,2.0430634920213687e-09,0.0,0
22,25,51.0,44.0,11027,11038,11,2.752556e-07,2.752142636363636e-07,1.6621971610835041e-09,0.0,0
22,26,53.0,44.0,11038,11050,12,2.8122245e-07,2.81213075e-07,1.817544692767787e-09,0.0,0
22,27,55.0,44.0,11050,11061,11,2.892737e-07,2.9886961818181813e-07,2.207226999834111e-08,0.0,0
22,28,57.0,44.0,11061,11072,11,6.024633e-05,5.417974131818181e-05,1.7030600170019715e-05,0.9090909090909091,1
22,29,59.0,44.0,11072,11084,12,6.033447e-05,6.0343787500000006e-05,3.7904419954450414e-08,1.0,1
22,30,61.0,44.0,11084,11095,11,6.021696e-05,6.026869454545455e-05,8.591391509302375e-08,1.0,1
22,31,63.0,44.0,11095,11106,11,6.026828e-05,6.0277142727272735e-05,3.402048930515251e-08,1.0,1
22,32,65.0,44.0,11106,11118,12,5.9886695000000003e-05,5.984177083333334e-05,2.270688083840935e-07,1.0,1
22,33,67.0,44.0,11118,11129,11,5.993806e-05,5.997332818181817e-05,1.263292412574955e-07,1.0,1
22,34,69.0,44.0,11129,11141,12,5.9963955e-05,5.996967833333334e-05,9.070027837455834e-08,1.0,1
22,35,71.0,44.0,11141,11152,11,6.007639e-05,5.999650000000001e-05,1.8705238119064724e-07,1.0,1
22,36,73.0,44.0,11152,11163,11,6.006191e-05,5.9951803636363635e-05,2.8042828012856953e-07,1.0,1
22,37,75.0,44.0,11163,11175,12,5.800355e-05,5.946192e-05,3.0323252021207533e-06,1.0,1
22,38,77.0,44.0,11175,11186,11,6.463214e-05,6.464519363636363e-05,4.82513940020453e-08,1.0,1
22,39,79.0,44.0,11186,11197,11,6.461631e-05,6.460977000000002e-05,3.550394190662529e-08,1.0,1
23,0,1.0,46.0,11670,11681,11,2.871149e-07,4.1956289181818175e-06,8.239934000380587e-06,0.0,0
23,1,3.0,46.0,11659,11670,11,2.627201e-07,2.627209e-07,1.5153555346398558e-09,0.0,0
23,2,5.0,46.0,11647,11659,12,2.5741465e-07,2.573831833333333e-07,1.614213764671688e-09,0.0,0
23,3,7.0,46.0,11636,11647,11,2.517404e-07,2.5170500909090905e-07,1.6432942122758232e-09,0.0,0
23,4,9.0,46.0,11625,11636,11,2.458628e-07,2.4583937272727274e-07,1.7156901119273542e-09,0.0,0
23,5,11.0,46.0,11613,11625,12,2.3988905e-07,2.3997791666666667e-07,1.579409499271441e-09,0.0,0
23,6,13.0,46.0,11602,11613,11,2.36862e-07,2.3707830909090912e-07,5.004817069666589e-10,0.0,0
23,7,15.0,46.0,11590,11602,12,2.5051029999999996e-07,2.5659724166666666e-07,1.7149090846769807e-08,0.0,0
23,8,17.0,46.0,11579,11590,11,4.822793e-05,3.834169462727273e-05,2.2717285188136086e-05,0.6363636363636364,1
23,9,19.0,46.0,11568,11579,11,5.989918e-05,5.987566454545455e-05,1.6000166898922952e-07,1.0,1
23,10,21.0,46.0,11556,11568,12,6.0116095000000005e-05,6.0078984166666677e-05,9.283278456974175e-08,1.0,1
23,11,23.0,46.0,11545,11556,11,5.999642e-05,5.9990660000000005e-05,5.5917198037487614e-08,1.0,1
23,12,25.0,46.0,11534,11545,11,6.012238e-05,6.011346636363637e-05,4.143756316824486e-08,1.0,1
23,13,27.0,46.0,11522,11534,12,6.007669e-05,6.006582416666667e-05,5.455638894121901e-08,1.0,1
23,14,29.0,46.0,11511,11522,11,6.016738e-05,6.016285363636363e-05,4.667733541369138e-08,1.0,1
23,15,31.0,46.0,11499,11511,12,6.0211864999999996e-05,6.0213446666666674e-05,2.728797791865177e-08,1.0,1
23,16,33.0,46.0,11488,11499,11,6.014456e-05,6.013716636363636e-05,5.9220353576164536e-08,1.0,1
23,17,35.0,46.0,11477,11488,11,6.016664e-05,6.017428636363635e-05,3.9030415941865204e-08,1.0,1
23,18,37.0,46.0,11465,11477,12,6.007977e-05,6.007542083333333e-05,5.447201612729487e-08,1.0,1
23,19,39.0,46.0,11454,11465,11,5.905204e-05,4.3036289936363634e-05,2.615481714533228e-05,0.7272727272727273,1
23,20,41.0,46.0,11443,11454,11,2.839017e-07,2.8562667272727275e-07,5.2165037764058215e-09,0.0,0
23,21,43.0,46.0,11431,11443,12,2.779867e-07,2.77986825e-07,1.5988584584660146e-09,0.0,0
23,22,45.0,46.0,11420,11431,11,2.726905e-07,2.727476e-07,1.3903237131232063e-09,0.0,0
23,23,47.0,46.0,11408,11420,12,2.6678665e-07,2.668042416666666e-07,2.029111399709381e-09,0.0,0
23,24,49.0,46.0,11397,11408,11,2.600269e-07,2.600534727272727e-07,1.8352843297632065e-09,0.0,0
23,25,51.0,46.0,11386,11397,11,2.541567e-07,2.543695818181818e-07,1.2847320412643366e-09,0.0,0
23,26,53.0,46.0,11374,11386,12,2.5433475e-07,2.5583693333333334e-07,3.6444172513890688e-09,0.0,0
23,27,55.0,46.0,11363,11374,11,3.126901e-07,7.561553009090909e-06,1.2798024556423577e-05,0.09090909090909091,0
23,28,57.0,46.0,11352,11363,11,5.994479e-05,5.8125430000000006e-05,3.6268493514393964e-06,1.0,1
23,29,59.0,46.0,11340,11352,12,5.9984085e-05,5.997172833333334e-05,5.498287488441821e-08,1.0,1
23,30,61.0,46.0,11329,11340,11,5.983055e-05,5.976608272727272e-05,1.5036445966027304e-07,1.0,1
23,31,63.0,46.0,11317,11329,12,5.9838235e-05,5.978621916666666e-05,1.3678657076252862e-07,1.0,1
23,32,65.0,46.0,11306,11317,11,5.977396e-05,5.9721274545454546e-05,1.504021673782202e-07,1.0,1
23,33,67.0,46.0,11295,11306,11,5.993318e-05,5.991155272727273e-05,6.149546252158701e-08,1.0,1
23,34,69.0,46.0,11283,11295,12,6.005801e-05,6.001614833333333e-05,1.1675697622507273e-07,1.0,1
23,35,71.0,46.0,11272,11283,11,5.961662e-05,5.974089181818182e-05,2.159510636829215e-07,1.0,1
23,36,73.0,46.0,11261,11272,11,5.975779e-05,5.956192818181818e-05,3.5921932621167025e-07,1.0,1
23,37,75.0,46.0,11249,11261,12,5.828088e-05,5.9161125e-05,3.091628706120504e-06,1.0,1
23,38,77.0,46.0,11238,11249,11,6.45573e-05,6.456947454545455e-05,3.4537513034549814e-08,1.0,1
23,39,79.0,46.0,11226,11238,12,6.459729e-05,6.458896083333335e-05,3.435296213776764e-08,1.0,1
24,0,1.0,48.0,11710,11722,12,2.8367475e-05,1.82170167e-05,1.2928446098624338e-05,0.0,0
24,1,3.0,48.0,11722,11733,11,2.757618e-07,2.791421818181818e-07,1.1614561880502987e-08,0.0,0
24,2,5.0,48.0,11733,11745,12,2.6205275e-07,2.625676833333333e-07,9.902209743565064e-10,0.0,0
24,3,7.0,48.0,11745,11756,11,2.632136e-07,2.632861636363636e-07,8.680300856460987e-10,0.0,0
24,4,9.0,48.0,11756,11767,11,2.670354e-07,2.6703912727272724e-07,1.2303076932886692e-09,0.0,0
24,5,11.0,48.0,11767,11779,12,2.7159835e-07,2.7160429166666673e-07,1.3639293593989841e-09,0.0,0
24,6,13.0,48.0,11779,11790,11,2.760745e-07,2.7607422727272724e-07,1.2299751919825602e-09,0.0,0
24,7,15.0,48.0,11790,11801,11,2.804625e-07,2.805324818181818e-07,1.4050547668511914e-09,0.0,0
24,8,17.0,48.0,11801,11813,12,3.733818e-07,2.3788824933333333e-05,2.7801863025789356e-05,0.4166666666666667,0
24,9,19.0,48.0,11813,11824,11,5.94974e-05,5.8898682727272724e-05,1.2213532542678804e-06,1.0,1
24,10,21.0,48.0,11824,11836,12,6.0317935e-05,6.0313027499999995e-05,5.132040515639611e-08,1.0,1
24,11,23.0,48.0,11836,11847,11,6.03058e-05,6.031064454545454e-05,4.244150613462234e-08,1.0,1
24,12,25.0,48.0,11847,11858,11,6.027474e-05,6.026999636363636e-05,8.257492831832648e-08,1.0,1
24,13,27.0,48.0,11858,11870,12,6.031292e-05,6.03174675e-05,4.854186837583228e-08,1.0,1
24,14,29.0,48.0,11870,11881,11,6.039743e-05,6.039959e-05,2.937247722242307e-08,1.0,1
24,15,31.0,48.0,11881,11892,11,6.015441e-05,6.0120948181818184e-05,1.4807326729563104e-07,1.0,1
24,16,33.0,48.0,11892,11904,12,6.0265555e-05,6.026593333333333e-05,4.462000697245843e-08,1.0,1
24,17,35.0,48.0,11904,11915,11,6.003663e-05,5.940697454545455e-05,9.71549068918138e-07,1.0,1
24,18,37.0,48.0,11915,11927,12,6.0196955e-05,5.993778e-05,5.494345946061282e-07,1.0,1
24,19,39.0,48.0,11927,11938,11,5.952472e-05,5.514459272727272e-05,8.062518132001701e-06,1.0,1
24,20,41.0,48.0,11938,11949,11,2.883769e-07,3.330101690909091e-06,6.769570412836784e-06,0.0,0
24,21,43.0,48.0,11949,11961,12,2.534186e-07,2.5451390833333336e-07,2.2346313083140206e-09,0.0,0
24,22,45.0,48.0,11961,11972,11,2.548868e-07,2.550284454545454e-07,1.390903533262812e-09,0.0,0
24,23,47.0,48.0,11972,11983,11,2.609117e-07,2.6090923636363633e-07,1.8480880185024222e-09,0.0,0
24,24,49.0,48.0,11983,11995,12,2.6769975e-07,2.6766460833333334e-07,2.0079902931614447e-09,0.0,0
24,25,51.0,48.0,11995,12006,11,2.740187e-07,2.740029636363636e-07,1.657699497536338e-09,0.0,0
24,26,53.0,48.0,12006,12018,12,2.7997795e-07,2.79985775e-07,1.8004117006604447e-09,0.0,0
24,27,55.0,48.0,12018,12029,11,2.886335e-07,2.992411090909091e-07,2.5031845852631755e-08,0.0,0
24,28,57.0,48.0,12029,12040,11,6.024893e-05,5.429245681818182e-05,1.7043081582414804e-05,0.9090909090909091,1
24,29,59.0,48.0,12040,12052,12,6.0078649999999994e-05,6.009678666666666e-05,1.9434422709603568e-07,1.0,1
24,30,61.0,48.0,12052,12063,11,6.026973e-05,6.0271450000000004e-05,7.722001259683023e-08,1.0,1
24,31,63.0,48.0,12063,12074,11,6.021145e-05,6.0105914545454545e-05,3.432829351308714e-07,1.0,1
24,32,65.0,48.0,12074,12086,12,5.9413355e-05,5.9049363333333326e-05,1.1291782655197633e-06,1.0,1
24,33,67.0,48.0,12086,12097,11,5.966148e-05,5.963032454545455e-05,5.298371268154624e-07,1.0,1
24,34,69.0,48.0,12097,12109,12,6.0108125e-05,6.005558e-05,1.6208072160706494e-07,1.0,1
24,35,71.0,48.0,12109,12120,11,6.006173e-05,6.006596272727272e-05,1.2997149226523868e-07,1.0,1
24,36,73.0,48.0,12120,12131,11,5.916691e-05,5.9190881818181817e-05,5.534725721843228e-07,1.0,1
24,37,75.0,48.0,12131,12143,12,5.7370899999999996e-05,5.897850083333333e-05,3.1915934478053925e-06,1.0,1
24,38,77.0,48.0,12143,12154,11,6.463517e-05,6.464054272727273e-05,3.9596939526111855e-08,1.0,1
24,39,79.0,48.0,12154,12165,11,6.463264e-05,6.463820545454545e-05,2.992469529385041e-08,1.0,1
25,0,1.0,50.0,12639,12650,11,3.37548e-07,1.2975511990909091e-05,1.675369583501112e-05,0.36363636363636365,0
25,1,3.0,50.0,12628,12639,11,2.601098e-07,2.6018792727272724e-07,1.5346480544653836e-09,0.0,0
25,2,5.0,50.0,12616,12628,12,2.5503145e-07,2.5500589166666663e-07,1.5132977039445684e-09,0.0,0
25,3,7.0,50.0,12605,12616,11,2.497066e-07,2.4966332727272727e-07,1.5929445565258376e-09,0.0,0
25,4,9.0,50.0,12594,12605,11,2.439905e-07,2.4397873636363634e-07,1.64280017225176e-09,0.0,0
25,5,11.0,50.0,12582,12594,12,2.3816509999999998e-07,2.3825186666666673e-07,1.5999179100469168e-09,0.0,0
25,6,13.0,50.0,12571,12582,11,2.346226e-07,2.3469838181818182e-07,3.709273288742453e-10,0.0,0
25,7,15.0,50.0,12559,12571,12,2.4274035e-07,2.462360916666667e-07,1.0309176579263277e-08,0.0,0
25,8,17.0,50.0,12548,12559,11,2.799252e-05,2.804728600909091e-05,2.4325758357708155e-05,0.45454545454545453,0
25,9,19.0,50.0,12537,12548,11,6.019367e-05,6.0122579090909094e-05,1.1308164471699487e-07,1.0,1
25,10,21.0,50.0,12525,12537,12,6.0253415e-05,6.025267666666667e-05,2.6523637047400073e-08,1.0,1
25,11,23.0,50.0,12514,12525,11,6.025505e-05,6.0252394545454554e-05,3.7288153703442534e-08,1.0,1
25,12,25.0,50.0,12503,12514,11,6.026249e-05,6.0264790909090916e-05,3.648939608223667e-08,1.0,1
25,13,27.0,50.0,12491,12503,12,5.9650275e-05,5.9450225833333345e-05,7.406295300109947e-07,1.0,1
25,14,29.0,50.0,12480,12491,11,6.003169e-05,5.9976862727272735e-05,1.7768865007447497e-07,1.0,1
25,15,31.0,50.0,12468,12480,12,6.0208865e-05,6.022544000000001e-05,3.613564537498491e-08,1.0,1
25,16,33.0,50.0,12457,12468,11,6.025355e-05,6.024252363636363e-05,4.025647305888181e-08,1.0,1
25,17,35.0,50.0,12446,12457,11,6.022272e-05,6.0138280909090916e-05,1.5901940032899114e-07,1.0,1
25,18,37.0,50.0,12434,12446,12,6.031789e-05,6.030662916666667e-05,6.201818946329776e-08,1.0,1
25,19,39.0,50.0,12423,12434,11,5.978294e-05,4.84591668909091e-05,2.272204140590217e-05,0.8181818181818182,1
25,20,41.0,50.0,12412,12423,11,2.825218e-07,2.863325181818182e-07,8.902992555296757e-09,0.0,0
25,21,43.0,50.0,12400,12412,12,2.7688525e-07,2.7689895833333333e-07,1.6172627376003506e-09,0.0,0
25,22,45.0,50.0,12389,12400,11,2.712e-07,2.7117139090909095e-07,1.6814675356823651e-09,0.0,0
25,23,47.0,50.0,12377,12389,12,2.6470875e-07,2.6470304166666665e-07,2.0321324909473495e-09,0.0,0
25,24,49.0,50.0,12366,12377,11,2.577947e-07,2.578057545454546e-07,1.9040985556824686e-09,0.0,0
25,25,51.0,50.0,12355,12366,11,2.517708e-07,2.5194190000000003e-07,1.34803166337239e-09,0.0,0
25,26,53.0,50.0,12343,12355,12,2.5124195e-07,2.5259305e-07,3.063872976996056e-09,0.0,0
25,27,55.0,50.0,12332,12343,11,3.008286e-07,6.460628972727274e-06,1.1104431127885339e-05,0.09090909090909091,0
25,28,57.0,50.0,12321,12332,11,5.984132e-05,5.7636213636363627e-05,4.513648746387849e-06,1.0,1
25,29,59.0,50.0,12309,12321,12,5.9363229999999996e-05,5.924038833333333e-05,3.6624454129796357e-07,1.0,1
25,30,61.0,50.0,12298,12309,11,5.956308e-05,5.946169e-05,3.2951772712694775e-07,1.0,1
25,31,63.0,50.0,12286,12298,12,5.966179e-05,5.9648937500000003e-05,3.095633401025017e-07,1.0,1
25,32,65.0,50.0,12275,12286,11,6.002958e-05,6.003172090909091e-05,5.542648980316891e-08,1.0,1
25,33,67.0,50.0,12264,12275,11,6.012994e-05,6.015086181818181e-05,5.286832421956666e-08,1.0,1
25,34,69.0,50.0,12252,12264,12,5.950744e-05,5.951384499999999e-05,4.3961028230505883e-07,1.0,1
25,35,71.0,50.0,12241,12252,11,5.999341e-05,5.997576000000001e-05,7.115140361485283e-08,1.0,1
25,36,73.0,50.0,12230,12241,11,5.903541e-05,5.911743454545455e-05,3.5123109578022275e-07,1.0,1
25,37,75.0,50.0,12218,12230,12,5.7882615e-05,5.861895833333334e-05,2.559859721234198e-06,1.0,1
25,38,77.0,50.0,12207,12218,11,6.457884e-05,6.458887e-05,4.8900637289024e-08,1.0,1
25,39,79.0,50.0,12195,12207,12,6.461281e-05,6.4608215e-05,2.5470923782489962e-08,1.0,1
26,0,1.0,52.0,12679,12691,12,3.5367109999999996e-05,2.4817112108333335e-05,1.65595495137962e-05,0.5833333333333334,1
26,1,3.0,52.0,12691,12702,11,2.614493e-07,2.649365181818182e-07,1.1598549350815641e-08,0.0,0
26,2,5.0,52.0,12702,12714,12,2.488807e-07,2.4918870833333335e-07,7.235742422842498e-10,0.0,0
26,3,7.0,52.0,12714,12725,11,2.508217e-07,2.5093659090909094e-07,1.221921702933205e-09,0.0,0
26,4,9.0,52.0,12725,12736,11,2.557618e-07,2.5575048181818184e-07,1.442889206871333e-09,0.0,0
26,5,11.0,52.0,12736,12748,12,2.6129155e-07,2.6127665e-07,1.650819032833906e-09,0.0,0
26,6,13.0,52.0,12748,12759,11,2.667138e-07,2.667291636363636e-07,1.4676390677626221e-09,0.0,0
26,7,15.0,52.0,12759,12770,11,2.717788e-07,2.7180990909090907e-07,1.4933726974716406e-09,0.0,0
26,8,17.0,52.0,12770,12782,12,3.1887845e-07,1.9607085875000003e-05,2.7318226757834906e-05,0.3333333333333333,0
26,9,19.0,52.0,12782,12793,11,6.032601e-05,6.032231545454546e-05,3.515053119051234e-08,1.0,1
26,10,21.0,52.0,12793,12805,12,6.0368105e-05,6.0367317500000005e-05,4.2444172180445316e-08,1.0,1
26,11,23.0,52.0,12805,12816,11,6.041802e-05,6.0419687272727267e-05,3.6593918543662383e-08,1.0,1
26,12,25.0,52.0,12816,12827,11,6.038099e-05,6.037774e-05,2.58860548628714e-08,1.0,1
26,13,27.0,52.0,12827,12839,12,6.041695e-05,6.041518583333333e-05,1.696083796000563e-08,1.0,1
26,14,29.0,52.0,12839,12850,11,6.042008e-05,6.0420416363636366e-05,4.2801902946806504e-08,1.0,1
26,15,31.0,52.0,12850,12861,11,6.037579e-05,6.036513090909091e-05,5.0035996943027665e-08,1.0,1
26,16,33.0,52.0,12861,12873,12,6.0055735e-05,6.00739325e-05,1.6129111843315128e-07,1.0,1
26,17,35.0,52.0,12873,12884,11,6.029248e-05,6.0247225454545455e-05,8.666754434605406e-08,1.0,1
26,18,37.0,52.0,12884,12896,12,6.0326295e-05,6.032817249999999e-05,3.072000681559254e-08,1.0,1
26,19,39.0,52.0,12896,12907,11,5.90419e-05,5.302471454545455e-05,1.0855699459363491e-05,0.9090909090909091,1
26,20,41.0,52.0,12907,12918,11,2.821363e-07,1.6761250090909088e-06,4.390050803388551e-06,0.0,0
26,21,43.0,52.0,12918,12930,12,2.523016e-07,2.5326281666666663e-07,1.8236671364923615e-09,0.0,0
26,22,45.0,52.0,12930,12941,11,2.542656e-07,2.5440088181818186e-07,1.459096306135581e-09,0.0,0
26,23,47.0,52.0,12941,12952,11,2.603359e-07,2.603631636363637e-07,1.8856615122226126e-09,0.0,0
26,24,49.0,52.0,12952,12964,12,2.6715939999999996e-07,2.6712014166666666e-07,1.9686948038647086e-09,0.0,0
26,25,51.0,52.0,12964,12975,11,2.734333e-07,2.734247181818182e-07,1.6658038397112386e-09,0.0,0
26,26,53.0,52.0,12975,12987,12,2.794314e-07,2.7943449166666665e-07,1.782906092338352e-09,0.0,0
26,27,55.0,52.0,12987,12998,11,2.90654e-07,3.1889798181818185e-07,6.768859837383409e-08,0.0,0
26,28,57.0,52.0,12998,13009,11,6.00594e-05,5.945645454545454e-05,1.360922108367329e-06,1.0,1
26,29,59.0,52.0,13009,13021,12,5.9767660000000004e-05,5.979019666666667e-05,1.8107155792362564e-07,1.0,1
26,30,61.0,52.0,13021,13032,11,6.001015e-05,5.9990009090909096e-05,7.785716706129168e-08,1.0,1
26,31,63.0,52.0,13032,13043,11,5.986097e-05,5.987216454545455e-05,1.130290894467297e-07,1.0,1
26,32,65.0,52.0,13043,13055,12,6.017405e-05,6.014591583333333e-05,1.3237866252146598e-07,1.0,1
26,33,67.0,52.0,13055,13066,11,6.03255e-05,6.024181181818182e-05,1.7475224221832045e-07,1.0,1
26,34,69.0,52.0,13066,13078,12,6.0219445e-05,6.021398083333334e-05,7.456468650980592e-08,1.0,1
26,35,71.0,52.0,13078,13089,11,6.019862e-05,6.0047820000000006e-05,3.529261601885791e-07,1.0,1
26,36,73.0,52.0,13089,13100,11,5.855301e-05,5.859808181818182e-05,3.62515240828655e-07,1.0,1
26,37,75.0,52.0,13100,13112,12,5.8055919999999996e-05,5.917154833333333e-05,3.58035386552045e-06,1.0,1
26,38,77.0,52.0,13112,13123,11,6.455186e-05,6.455993818181819e-05,3.915217161472174e-08,1.0,1
26,39,79.0,52.0,13123,13134,11,6.453654e-05,6.455723727272728e-05,5.8110370392102544e-08,1.0,1
27,0,1.0,54.0,13614,13625,11,2.673548e-07,2.666401e-07,3.320524744401383e-09,0.0,0
27,1,3.0,54.0,13602,13614,12,2.5873045e-07,2.5875463333333333e-07,1.3315683480601139e-09,0.0,0
27,2,5.0,54.0,13591,13602,11,2.542713e-07,2.5427927272727274e-07,1.2503574871291076e-09,0.0,0
27,3,7.0,54.0,13579,13591,12,2.4962165e-07,2.4960644166666663e-07,1.4375596900409242e-09,0.0,0
27,4,9.0,54.0,13568,13579,11,2.445095e-07,2.4449729999999995e-07,1.4980356556018739e-09,0.0,0
27,5,11.0,54.0,13556,13568,12,2.3893070000000003e-07,2.38952425e-07,1.6637218167535357e-09,0.0,0
27,6,13.0,54.0,13545,13556,11,2.339146e-07,2.340539818181818e-07,1.0626600464000136e-09,0.0,0
27,7,15.0,54.0,13533,13545,12,2.3295915e-07,2.3376742499999998e-07,1.6961090909908062e-09,0.0,0
27,8,17.0,54.0,13522,13533,11,2.578184e-07,2.6751004545454546e-07,2.7028796204464593e-08,0.0,0
27,9,19.0,54.0,13510,13522,12,5.6673534999999994e-05,4.7075683333333344e-05,1.695570741049865e-05,0.8333333333333334,1
27,10,21.0,54.0,13498,13510,12,6.0122625e-05,6.013871166666666e-05,6.235872724718612e-08,1.0,1
27,11,23.0,54.0,13487,13498,11,6.020643e-05,6.021239727272728e-05,3.567891230784774e-08,1.0,1
27,12,25.0,54.0,13475,13487,12,6.0220645e-05,6.022871583333334e-05,4.3034917888138415e-08,1.0,1
27,13,27.0,54.0,13464,13475,11,6.023926e-05,6.024207e-05,3.1407659170104974e-08,1.0,1
27,14,29.0,54.0,13452,13464,12,6.0248300000000004e-05,6.024267833333334e-05,5.282783007615913e-08,1.0,1
27,15,31.0,54.0,13441,13452,11,6.03092e-05,6.027990272727273e-05,8.100972849444638e-08,1.0,1
27,16,33.0,54.0,13429,13441,12,6.0383825000000005e-05,6.038656666666667e-05,3.8428253133454855e-08,1.0,1
27,17,35.0,54.0,13418,13429,11,6.032945e-05,6.031838909090909e-05,4.823024238993456e-08,1.0,1
27,18,37.0,54.0,13406,13418,12,6.029997e-05,6.030294333333333e-05,8.132675782845965e-08,1.0,1
27,19,39.0,54.0,13394,13406,12,6.015971e-05,5.980983166666666e-05,6.4336976367707e-07,1.0,1
27,20,41.0,54.0,13383,13394,11,2.862868e-07,5.356081263636364e-06,1.5969242013560213e-05,0.09090909090909091,0
27,21,43.0,54.0,13371,13383,12,2.7655215e-07,2.7655696666666675e-07,1.6376081548676059e-09,0.0,0
27,22,45.0,54.0,13360,13371,11,2.708988e-07,2.7088798181818183e-07,1.60297129663985e-09,0.0,0
27,23,47.0,54.0,13348,13360,12,2.6469184999999996e-07,2.646617916666666e-07,1.990344073042953e-09,0.0,0
27,24,49.0,54.0,13337,13348,11,2.578295e-07,2.5785930000000006e-07,1.8881173552702484e-09,0.0,0
27,25,51.0,54.0,13325,13337,12,2.512444e-07,2.514051916666667e-07,1.67067416903992e-09,0.0,0
27,26,53.0,54.0,13314,13325,11,2.48929e-07,2.497069818181818e-07,1.400748694493045e-09,0.0,0
27,27,55.0,54.0,13302,13314,12,2.770648e-07,1.524464108333333e-06,4.113412924942659e-06,0.0,0
27,28,57.0,54.0,13291,13302,11,5.911959e-05,5.296236272727274e-05,1.0785554491371647e-05,0.9090909090909091,1
27,29,59.0,54.0,13279,13291,12,5.9399164999999996e-05,5.957970916666667e-05,3.0053971937882924e-07,1.0,1
27,30,61.0,54.0,13267,13279,12,5.9540184999999995e-05,5.9581855e-05,1.80169540595333e-07,1.0,1
27,31,63.0,54.0,13256,13267,11,5.990737e-05,5.989426818181818e-05,4.789995840160992e-08,1.0,1
27,32,65.0,54.0,13244,13256,12,5.977429e-05,5.980124249999999e-05,8.349905419873575e-08,1.0,1
27,33,67.0,54.0,13233,13244,11,6.004496e-05,6.002391909090909e-05,4.548627714228228e-08,1.0,1
27,34,69.0,54.0,13221,13233,12,5.9974835e-05,5.996942250000001e-05,7.70873344682284e-08,1.0,1
27,35,71.0,54.0,13210,13221,11,5.989174e-05,5.986122363636365e-05,1.2775630447156565e-07,1.0,1
27,36,73.0,54.0,13198,13210,12,5.8373575e-05,5.86615375e-05,5.200065525889238e-07,1.0,1
27,37,75.0,54.0,13187,13198,11,5.666788e-05,5.7167841818181816e-05,2.718406654714616e-06,1.0,1
27,38,77.0,54.0,13175,13187,12,6.4513885e-05,6.448882833333333e-05,1.334707601457675e-07,1.0,1
27,39,79.0,54.0,13163,13175,12,6.4568125e-05,6.457307499999999e-05,4.9842389171600536e-08,1.0,1
28,0,1.0,56.0,13654,13666,12,2.735174e-07,2.735064083333333e-07,5.867056025786936e-10,0.0,0
28,1,3.0,56.0,13666,13678,12,2.7543865e-07,2.754364583333333e-07,5.621480283376296e-10,0.0,0
28,2,5.0,56.0,13678,13689,11,2.773764e-07,2.773776545454545e-07,5.615500793074822e-10,0.0,0
28,3,7.0,56.0,13689,13701,12,2.795573e-07,2.7955695e-07,7.146060015840895e-10,0.0,0
28,4,9.0,56.0,13701,13712,11,2.819515e-07,2.819377090909091e-07,6.221795012177241e-10,0.0,0
28,5,11.0,56.0,13712,13724,12,2.8413185e-07,2.841577e-07,6.656451669871479e-10,0.0,0
28,6,13.0,56.0,13724,13735,11,2.864933e-07,2.8649063636363643e-07,6.698262614259537e-10,0.0,0
28,7,15.0,56.0,13735,13747,12,2.8899799999999995e-07,2.8902023333333333e-07,7.815418610385216e-10,0.0,0
28,8,17.0,56.0,13747,13758,11,2.918251e-07,2.9294064545454545e-07,2.7880563778581895e-09,0.0,0
28,9,19.0,56.0,13758,13770,12,5.8431084999999996e-05,3.9306883258333334e-05,2.7624506442717378e-05,0.6666666666666666,1
28,10,21.0,56.0,13770,13782,12,6.030796e-05,6.0299380833333334e-05,5.6236761473010345e-08,1.0,1
28,11,23.0,56.0,13782,13793,11,5.961833e-05,5.9599684545454545e-05,4.863484299695894e-07,1.0,1
28,12,25.0,56.0,13793,13805,12,6.0099965e-05,5.984129416666666e-05,5.548515870401483e-07,1.0,1
28,13,27.0,56.0,13805,13816,11,6.037972e-05,6.0325414545454546e-05,1.7405893935747242e-07,1.0,1
28,14,29.0,56.0,13816,13828,12,6.0378775000000004e-05,6.0375179999999996e-05,4.232927336174413e-08,1.0,1
28,15,31.0,56.0,13828,13839,11,6.033224e-05,6.032404727272728e-05,4.539135241849685e-08,1.0,1
28,16,33.0,56.0,13839,13851,12,6.0239010000000005e-05,6.0246867499999995e-05,4.5856658935753344e-08,1.0,1
28,17,35.0,56.0,13851,13862,11,6.020047e-05,6.018822727272728e-05,6.046914421134894e-08,1.0,1
28,18,37.0,56.0,13862,13874,12,6.017169e-05,6.01725475e-05,6.324225356054765e-08,1.0,1
28,19,39.0,56.0,13874,13885,11,6.012919e-05,5.983248363636363e-05,5.345748014207635e-07,1.0,1
28,20,41.0,56.0,13885,13897,12,6.6772923e-06,1.9071327899999996e-05,2.1859250051318493e-05,0.3333333333333333,0
28,21,43.0,56.0,13897,13909,12,2.537995e-07,2.5572508333333333e-07,5.155694361388728e-09,0.0,0
28,22,45.0,56.0,13909,13920,11,2.515825e-07,2.518294272727273e-07,1.0451960686796871e-09,0.0,0
28,23,47.0,56.0,13920,13932,12,2.573797e-07,2.5736600833333336e-07,1.9439879335438027e-09,0.0,0
28,24,49.0,56.0,13932,13943,11,2.639362e-07,2.639160090909091e-07,1.7893322845304087e-09,0.0,0
28,25,51.0,56.0,13943,13955,12,2.702556e-07,2.702106416666667e-07,1.8274964457139695e-09,0.0,0
28,26,53.0,56.0,13955,13966,11,2.761809e-07,2.7616894545454546e-07,1.631752858606427e-09,0.0,0
28,27,55.0,56.0,13966,13978,12,2.8236735e-07,2.854574416666667e-07,6.947875952459425e-09,0.0,0
28,28,57.0,56.0,13978,13989,11,5.953805e-05,4.802888038181818e-05,2.255906512686726e-05,0.8181818181818182,1
28,29,59.0,56.0,13989,14001,12,5.981039e-05,5.98430325e-05,1.59371774692854e-07,1.0,1
28,30,61.0,56.0,14001,14013,12,5.9892855e-05,5.992418333333334e-05,1.5581964410461456e-07,1.0,1
28,31,63.0,56.0,14013,14024,11,6.021489e-05,6.02205109090909e-05,3.1918482663453806e-08,1.0,1
28,32,65.0,56.0,14024,14036,12,6.0106805000000006e-05,6.010334916666667e-05,8.658751511797466e-08,1.0,1
28,33,67.0,56.0,14036,14047,11,5.970805e-05,5.964867e-05,1.9212504304133947e-07,1.0,1
28,34,69.0,56.0,14047,14059,12,5.9899585e-05,5.990833666666667e-05,3.68597984108554e-08,1.0,1
28,35,71.0,56.0,14059,14070,11,5.989835e-05,5.982520545454546e-05,1.858673885212308e-07,1.0,1
28,36,73.0,56.0,14070,14082,12,5.965273e-05,5.943313666666668e-05,7.286985395247847e-07,1.0,1
28,37,75.0,56.0,14082,14093,11,5.476244e-05,5.6107994545454546e-05,4.880860111385668e-06,1.0,1
28,38,77.0,56.0,14093,14105,12,6.465048e-05,6.464462416666666e-05,4.1908744206576936e-08,1.0,1
28,39,79.0,56.0,14105,14116,11,6.463895e-05,6.463881818181818e-05,3.621864834036928e-08,1.0,1
29,0,1.0,58.0,14603,14614,11,1.674991e-07,1.6748985454545452e-07,6.473104922588758e-10,0.0,0
29,1,3.0,58.0,14591,14603,12,1.6495375e-07,1.6497328333333335e-07,7.431029289779145e-10,0.0,0
29,2,5.0,58.0,14579,14591,12,1.62453e-07,1.6245211666666665e-07,7.326975727102967e-10,0.0,0
29,3,7.0,58.0,14568,14579,11,1.600605e-07,1.6006668181818182e-07,6.634726915229388e-10,0.0,0
29,4,9.0,58.0,14556,14568,12,1.5776660000000002e-07,1.5779360833333332e-07,6.27565844431658e-10,0.0,0
29,5,11.0,58.0,14544,14556,12,1.558926e-07,1.5597443333333335e-07,3.739651818314385e-10,0.0,0
29,6,13.0,58.0,14532,14544,12,1.557468e-07,1.5593781666666668e-07,5.12470907846373e-10,0.0,0
29,7,15.0,58.0,14521,14532,11,1.605754e-07,1.612521818181818e-07,3.0384974689409142e-09,0.0,0
29,8,17.0,58.0,14509,14521,12,1.9662270000000002e-07,2.033267833333333e-07,2.8658425392480817e-08,0.0,0
29,9,19.0,58.0,14497,14509,12,5.59099345e-06,1.736801481666667e-05,2.0221870109707296e-05,0.3333333333333333,0
29,10,21.0,58.0,14486,14497,11,5.68949e-05,5.671973090909091e-05,4.202762060068795e-07,1.0,1
29,11,23.0,58.0,14474,14486,12,5.7222679999999995e-05,5.7226724999999994e-05,9.989707332216208e-08,1.0,1
29,12,25.0,58.0,14462,14474,12,5.7667184999999995e-05,5.7573288333333344e-05,2.6143705325352887e-07,1.0,1
29,13,27.0,58.0,14450,14462,12,5.7785315000000005e-05,5.7896838333333345e-05,2.320252960646502e-07,1.0,1
29,14,29.0,58.0,14439,14450,11,5.833639e-05,5.834560818181818e-05,8.83098248233488e-08,1.0,1
29,15,31.0,58.0,14427,14439,12,5.8655085e-05,5.868119166666668e-05,1.018070303591822e-07,1.0,1
29,16,33.0,58.0,14415,14427,12,5.892774e-05,5.893897e-05,8.253678775754151e-08,1.0,1
29,17,35.0,58.0,14403,14415,12,5.9086369999999995e-05,5.909333e-05,8.120453158537323e-08,1.0,1
29,18,37.0,58.0,14392,14403,11,5.917304e-05,5.9080840909090906e-05,1.9688258367290608e-07,1.0,1
29,19,39.0,58.0,14380,14392,12,5.9118455e-05,5.91227775e-05,5.8819024009385906e-08,1.0,1
29,20,41.0,58.0,14368,14380,12,3.371651e-07,1.9470619533333335e-05,2.7085190647524842e-05,0.3333333333333333,0
29,21,43.0,58.0,14357,14368,11,2.771233e-07,2.7714953636363635e-07,1.4597158903347808e-09,0.0,0
29,22,45.0,58.0,14345,14357,12,2.717892e-07,2.717744916666667e-07,1.6888266979663283e-09,0.0,0
29,23,47.0,58.0,14333,14345,12,2.6553310000000004e-07,2.654970333333333e-07,1.9273593218586853e-09,0.0,0
29,24,49.0,58.0,14321,14333,12,2.5848735e-07,2.584843e-07,2.093617227830025e-09,0.0,0
29,25,51.0,58.0,14310,14321,11,2.517126e-07,2.518062272727273e-07,1.6611456129545056e-09,0.0,0
29,26,53.0,58.0,14298,14310,12,2.4849725e-07,2.4873100833333333e-07,7.532106948018525e-10,0.0,0
29,27,55.0,58.0,14286,14298,12,2.67276e-07,2.76556275e-07,2.502758145207419e-08,0.0,0
29,28,57.0,58.0,14274,14286,12,5.7117025e-05,4.6765626666666676e-05,1.654221809797804e-05,0.8333333333333334,1
29,29,59.0,58.0,14263,14274,11,5.879014e-05,5.880822e-05,3.1337725536774053e-07,1.0,1
29,30,61.0,58.0,14251,14263,12,5.9762235e-05,5.94510475e-05,5.79533585583053e-07,1.0,1
29,31,63.0,58.0,14239,14251,12,6.0035184999999996e-05,6.002670083333332e-05,9.641575791490583e-08,1.0,1
29,32,65.0,58.0,14228,14239,11,5.999699e-05,5.998663636363636e-05,1.440813052836192e-07,1.0,1
29,33,67.0,58.0,14216,14228,12,5.9539270000000006e-05,5.9554589166666665e-05,1.7202462151575464e-07,1.0,1
29,34,69.0,58.0,14204,14216,12,5.9351265e-05,5.936488e-05,2.790879276619951e-07,1.0,1
29,35,71.0,58.0,14192,14204,12,5.9558430000000004e-05,5.957280666666666e-05,2.145497378749779e-07,1.0,1
29,36,73.0,58.0,14181,14192,11,5.989231e-05,5.962736636363637e-05,5.53088773595782e-07,1.0,1
29,37,75.0,58.0,14169,14181,12,5.5488805000000003e-05,5.473769750000001e-05,5.38540000483425e-06,1.0,1
29,38,77.0,58.0,14157,14169,12,6.461695999999999e-05,6.45949475e-05,7.127058090182331e-08,1.0,1
29,39,79.0,58.0,14145,14157,12,6.4619035e-05,6.462108166666666e-05,4.6569446498987653e-08,1.0,1
30,0,1.0,60.0,14644,14656,12,1.2630605e-07,1.2639975833333334e-07,9.10515712346886e-10,0.0,0
30,1,3.0,60.0,14656,14668,12,1.242002e-07,1.2425358333333332e-07,3.909209059672018e-10,0.0,0
30,2,5.0,60.0,14668,14680,12,1.2332859999999998e-07,1.2333424166666666e-07,1.6508702481990696e-10,0.0,0
30,3,7.0,60.0,14680,14691,11,1.229836e-07,1.2299076363636363e-07,3.8421780582637016e-11,0.0,0
30,4,9.0,60.0,14691,14703,12,1.229875e-07,1.2299754166666665e-07,3.263662202530177e-11,0.0,0
30,5,11.0,60.0,14703,14715,12,1.232005e-07,1.2320258333333332e-07,8.39223136133809e-11,0.0,0
30,6,13.0,60.0,14715,14726,11,1.234703e-07,1.2350396363636364e-07,1.0185927255267153e-10,0.0,0
30,7,15.0,60.0,14726,14738,12,1.2388820000000001e-07,1.238794e-07,1.1441739378258827e-10,0.0,0
30,8,17.0,60.0,14738,14750,12,1.2448109999999998e-07,1.2598199166666667e-07,3.246570442394644e-09,0.0,0
30,9,19.0,60.0,14750,14761,11,1.863472e-07,1.8553072727272728e-07,2.278163103778971e-08,0.0,0
30,10,21.0,60.0,14761,14773,12,2.498248e-07,2.4834120833333335e-07,1.8203013440428775e-08,0.0,0
30,11,23.0,60.0,14773,14785,12,2.7706050000000003e-07,2.9014609166666665e-07,2.8576627606474093e-08,0.0,0
30,12,25.0,60.0,14785,14797,12,3.973694e-07,3.960932583333333e-07,2.212481861098746e-08,0.0,0
30,13,27.0,60.0,14797,14808,11,4.617912e-07,4.5862807272727267e-07,1.8671630028570125e-08,0.0,0
30,14,29.0,60.0,14808,14820,12,5.444208e-07,5.40930325e-07,2.428116238709633e-08,0.0,0
30,15,31.0,60.0,14820,14832,12,6.2894635e-07,6.266587666666666e-07,2.70474936716982e-08,0.0,0
30,16,33.0,60.0,14832,14843,11,7.00281e-07,6.976899727272728e-07,1.7340585603726465e-08,0.0,0
30,17,35.0,60.0,14843,14855,12,7.685307e-07,7.647664e-07,1.7688687058541114e-08,0.0,0
30,18,37.0,60.0,14855,14867,12,7.9785615e-07,7.984689499999999e-07,6.666536258495357e-09,0.0,0
30,19,39.0,60.0,14867,14878,11,8.00638e-07,7.501147272727273e-07,9.355792784476162e-08,0.0,0
30,20,41.0,60.0,14878,14890,12,2.047647e-07,2.3806519166666664e-07,7.288077290705072e-08,0.0,0
30,21,43.0,60.0,14890,14902,12,1.6120135000000001e-07,1.6199551666666666e-07,5.171508069836968e-09,0.0,0
30,22,45.0,60.0,14902,14914,12,1.5031635e-07,1.5051449999999998e-07,2.0474759436926237e-09,0.0,0
30,23,47.0,60.0,14914,14925,11,1.453813e-07,1.4547516363636363e-07,9.928730892742313e-10,0.0,0
30,24,49.0,60.0,14925,14937,12,1.4263495e-07,1.4268058333333333e-07,6.414002102605045e-10,0.0,0
30,25,51.0,60.0,14937,14949,12,1.4086425000000002e-07,1.408965583333333e-07,4.034910500005618e-10,0.0,0
30,26,53.0,60.0,14949,14960,11,1.398369e-07,1.3983971818181819e-07,2.2789762381856769e-10,0.0,0
30,27,55.0,60.0,14960,14972,12,1.3939895e-07,1.3976119166666663e-07,9.087570975956979e-10,0.0,0
30,28,57.0,60.0,14972,14984,12,5.542262e-05,3.402752675e-05,2.8648453795126575e-05,0.5833333333333334,1
30,29,59.0,60.0,14984,14995,11,6.002722e-05,5.9976310909090915e-05,1.2330202353677974e-07,1.0,1
30,30,61.0,60.0,14995,15007,12,5.9946935e-05,5.9950380833333334e-05,1.243307649952574e-07,1.0,1
30,31,63.0,60.0,15007,15019,12,6.0160025e-05,6.0098161666666666e-05,1.3521287517795387e-07,1.0,1
30,32,65.0,60.0,15019,15031,12,5.9026794999999995e-05,5.919312166666666e-05,3.78784922214735e-07,1.0,1
30,33,67.0,60.0,15031,15042,11,5.882873e-05,5.875909909090909e-05,4.6650623543439795e-07,1.0,1
30,34,69.0,60.0,15042,15054,12,5.958246e-05,5.9535125e-05,4.934329027081602e-07,1.0,1
30,35,71.0,60.0,15054,15066,12,5.896114e-05,5.8977633333333336e-05,3.2444806429107063e-07,1.0,1
30,36,73.0,60.0,15066,15077,11,5.895394e-05,5.888974090909091e-05,3.8612073739263005e-07,1.0,1
30,37,75.0,60.0,15077,15089,12,5.296812e-05,5.359185166666666e-05,5.143446837063374e-06,1.0,1
30,38,77.0,60.0,15089,15101,12,6.4452905e-05,6.443633416666667e-05,9.909134972827967e-08,1.0,1
30,39,79.0,60.0,15101,15112,11,6.443055e-05,6.441182272727272e-05,3.4645268886218474e-08,1.0,1
31,0,1.0,62.0,15599,15610,11,1.213228e-07,1.213263e-07,1.8526676589570853e-10,0.0,0
31,1,3.0,62.0,15587,15599,12,1.206068e-07,1.2058879999999998e-07,2.528353515630259e-10,0.0,0
31,2,5.0,62.0,15575,15587,12,1.1981305e-07,1.1980438333333334e-07,1.9186560328058238e-10,0.0,0
31,3,7.0,62.0,15564,15575,11,1.191463e-07,1.191577090909091e-07,1.688350106655813e-10,0.0,0
31,4,9.0,62.0,15552,15564,12,1.1849705e-07,1.1848780833333334e-07,2.1701628379122888e-10,0.0,0
31,5,11.0,62.0,15540,15552,12,1.1772595000000001e-07,1.1775153333333335e-07,2.0307320655916557e-10,0.0,0
31,6,13.0,62.0,15529,15540,11,1.170297e-07,1.1705130909090908e-07,2.087116560518371e-10,0.0,0
31,7,15.0,62.0,15517,15529,12,1.163144e-07,1.1631121666666668e-07,2.1989415572548054e-10,0.0,0
31,8,17.0,62.0,15505,15517,12,1.1562700000000001e-07,1.1562814166666667e-07,1.8557213987348175e-10,0.0,0
31,9,19.0,62.0,15493,15505,12,1.149202e-07,1.1493146666666666e-07,1.9739971012024266e-10,0.0,0
31,10,21.0,62.0,15482,15493,11,1.145613e-07,1.1451259090909089e-07,1.1631439725272417e-10,0.0,0
31,11,23.0,62.0,15470,15482,12,1.138034e-07,1.1382491666666665e-07,2.365656809194627e-10,0.0,0
31,12,25.0,62.0,15458,15470,12,1.133534e-07,1.1327167499999998e-07,1.5339363918255337e-10,0.0,0
31,13,27.0,62.0,15447,15458,11,1.124418e-07,1.1241619999999999e-07,2.8891898833095194e-10,0.0,0
31,14,29.0,62.0,15435,15447,12,1.113344e-07,1.1131959166666666e-07,3.339073286066397e-10,0.0,0
31,15,31.0,62.0,15423,15435,12,1.1014855e-07,1.1014327499999999e-07,3.4489378346818594e-10,0.0,0
31,16,33.0,62.0,15412,15423,11,1.087958e-07,1.0878038181818182e-07,4.1760428162682725e-10,0.0,0
31,17,35.0,62.0,15400,15412,12,1.072608e-07,1.0726364166666665e-07,4.5219403368158526e-10,0.0,0
31,18,37.0,62.0,15388,15400,12,1.0528395e-07,1.0526585000000001e-07,8.962649389735918e-10,0.0,0
31,19,39.0,62.0,15376,15388,12,1.031243e-07,1.0313159166666666e-07,4.97512407648181e-10,0.0,0
31,20,41.0,62.0,15365,15376,11,1.014207e-07,1.0141338181818183e-07,4.846186332255745e-10,0.0,0
31,21,43.0,62.0,15353,15365,12,9.9675255e-08,9.96736525e-08,5.098443494362593e-10,0.0,0
31,22,45.0,62.0,15341,15353,12,9.797466e-08,9.799058916666666e-08,4.4806877268745184e-10,0.0,0
31,23,47.0,62.0,15330,15341,11,9.666307e-08,9.669170999999998e-08,2.8708581640655255e-10,0.0,0
31,24,49.0,62.0,15318,15330,12,9.608725e-08,9.609394749999998e-08,6.103509415696941e-11,0.0,0
31,25,51.0,62.0,15306,15318,12,9.695477e-08,9.707687166666666e-08,6.561691187724063e-10,0.0,0
31,26,53.0,62.0,15295,15306,11,1.042911e-07,1.0485489090909091e-07,3.32630021617099e-09,0.0,0
31,27,55.0,62.0,15283,15295,12,1.3125455e-07,1.3840355e-07,2.3060442481498484e-08,0.0,0
31,28,57.0,62.0,15271,15283,12,5.5156565000000004e-05,4.394404311666667e-05,1.992972588305128e-05,0.75,1
31,29,59.0,62.0,15259,15271,12,5.9681455e-05,5.975518083333334e-05,1.2845794373116408e-07,1.0,1
31,30,61.0,62.0,15248,15259,11,5.980633e-05,5.979320636363637e-05,9.049717406665058e-08,1.0,1
31,31,63.0,62.0,15236,15248,12,5.900974e-05,5.8982795e-05,3.570971698174969e-07,1.0,1
31,32,65.0,62.0,15224,15236,12,5.8661045e-05,5.860782e-05,2.4289687506566764e-07,1.0,1
31,33,67.0,62.0,15213,15224,11,5.900227e-05,5.8936771818181835e-05,3.528672329984283e-07,1.0,1
31,34,69.0,62.0,15201,15213,12,5.8834265e-05,5.888810416666666e-05,5.483635533028908e-07,1.0,1
31,35,71.0,62.0,15189,15201,12,5.9116029999999996e-05,5.9008296666666664e-05,6.735328109965311e-07,1.0,1
31,36,73.0,62.0,15178,15189,11,5.839517e-05,5.8405209090909084e-05,4.0952684967931507e-07,1.0,1
31,37,75.0,62.0,15166,15178,12,5.5886035e-05,5.56780375e-05,3.7870365842725566e-06,1.0,1
31,38,77.0,62.0,15154,15166,12,6.4348735e-05,6.429427833333333e-05,1.5269301620317145e-07,1.0,1
31,39,79.0,62.0,15142,15154,12,6.438755999999999e-05,6.438651833333333e-05,3.0453927451514e-08,1.0,1
32,0,1.0,64.0,15639,15651,12,1.231728e-07,1.2316021666666667e-07,1.6061498390734193e-10,0.0,0
32,1,3.0,64.0,15651,15663,12,1.237414e-07,1.2373529166666666e-07,1.71053390584798e-10,0.0,0
32,2,5.0,64.0,15663,15675,12,1.242618e-07,1.242526083333333e-07,1.310552647952573e-10,0.0,0
32,3,7.0,64.0,15675,15686,11,1.247188e-07,1.2471195454545455e-07,1.3434671808852142e-10,0.0,0
32,4,9.0,64.0,15686,15698,12,1.2522295e-07,1.2523605000000002e-07,1.611660194747472e-10,0.0,0
32,5,11.0,64.0,15698,15710,12,1.2576609999999998e-07,1.257559666666667e-07,1.4482435530286071e-10,0.0,0
32,6,13.0,64.0,15710,15721,11,1.261976e-07,1.2618223636363635e-07,1.0491790966557843e-10,0.0,0
32,7,15.0,64.0,15721,15733,12,1.265119e-07,1.2652555e-07,9.91512691127392e-11,0.0,0
32,8,17.0,64.0,15733,15745,12,1.2690190000000001e-07,1.2688995833333335e-07,1.1169977960537092e-10,0.0,0
32,9,19.0,64.0,15745,15756,11,1.272514e-07,1.2726432727272726e-07,8.751838342894719e-11,0.0,0
32,10,21.0,64.0,15756,15768,12,1.275679e-07,1.2758475e-07,1.2189294141444956e-10,0.0,0
32,11,23.0,64.0,15768,15780,12,1.2807485e-07,1.2806108333333333e-07,1.2365702455672706e-10,0.0,0
32,12,25.0,64.0,15780,15792,12,1.28474e-07,1.2847555833333333e-07,1.1404833374738356e-10,0.0,0
32,13,27.0,64.0,15792,15803,11,1.289205e-07,1.2894102727272728e-07,1.6791492483835757e-10,0.0,0
32,14,29.0,64.0,15803,15815,12,1.2944875e-07,1.2942764166666666e-07,5.835888190517494e-11,0.0,0
32,15,31.0,64.0,15815,15827,12,1.286988e-07,1.287657583333333e-07,3.1917986950498934e-10,0.0,0
32,16,33.0,64.0,15827,15838,11,1.284212e-07,1.2840224545454544e-07,1.4687196875718472e-10,0.0,0
32,17,35.0,64.0,15838,15850,12,1.2874395e-07,1.2872360833333334e-07,3.218091345770348e-10,0.0,0
32,18,37.0,64.0,15850,15862,12,1.293233e-07,1.2929872499999998e-07,6.217979474877436e-11,0.0,0
32,19,39.0,64.0,15862,15873,11,1.298639e-07,1.298477363636364e-07,2.5943642161327724e-10,0.0,0
32,20,41.0,64.0,15873,15885,12,1.3051280000000001e-07,1.3058398333333334e-07,2.7593353316010834e-10,0.0,0
32,21,43.0,64.0,15885,15897,12,1.320455e-07,1.3199538333333332e-07,4.407084369386318e-10,0.0,0
32,22,45.0,64.0,15897,15909,12,1.3306475e-07,1.33044325e-07,2.559550550552478e-10,0.0,0
32,23,47.0,64.0,15909,15920,11,1.337693e-07,1.337623090909091e-07,1.1716212120232268e-10,0.0,0
32,24,49.0,64.0,15920,15932,12,1.34126e-07,1.3412199166666669e-07,1.0690208493705248e-10,0.0,0
32,25,51.0,64.0,15932,15944,12,1.344638e-07,1.3446140833333333e-07,9.084570672604765e-11,0.0,0
32,26,53.0,64.0,15944,15955,11,1.34802e-07,1.3480470909090908e-07,1.201644967575355e-10,0.0,0
32,27,55.0,64.0,15955,15967,12,1.3537364999999998e-07,1.3583688333333333e-07,1.1545415091666901e-09,0.0,0
32,28,57.0,64.0,15967,15979,12,5.53649e-05,3.3973000475e-05,2.860441548769798e-05,0.5833333333333334,1
32,29,59.0,64.0,15979,15990,11,5.985841e-05,5.975498818181818e-05,2.6409028954707525e-07,1.0,1
32,30,61.0,64.0,15990,16002,12,6.011117e-05,6.008199333333333e-05,8.046535334470997e-08,1.0,1
32,31,63.0,64.0,16002,16014,12,5.9418375e-05,5.9383622499999997e-05,4.960283505191508e-07,1.0,1
32,32,65.0,64.0,16014,16026,12,5.86813e-05,5.865548166666666e-05,1.5971459105924662e-07,1.0,1
32,33,67.0,64.0,16026,16037,11,5.891839e-05,5.8906023636363627e-05,3.098974753416694e-07,1.0,1
32,34,69.0,64.0,16037,16049,12,5.8568855e-05,5.870141416666666e-05,3.3971739020491467e-07,1.0,1
32,35,71.0,64.0,16049,16061,12,5.873419e-05,5.863949333333334e-05,5.762271517716684e-07,1.0,1
32,36,73.0,64.0,16061,16072,11,5.783465e-05,5.7954833636363635e-05,6.478885036131222e-07,1.0,1
32,37,75.0,64.0,16072,16084,12,5.6771905000000005e-05,5.76288275e-05,2.7532990762087724e-06,1.0,1
32,38,77.0,64.0,16084,16096,12,6.4500745e-05,6.447314166666667e-05,7.885667936551267e-08,1.0,1
32,39,79.0,64.0,16096,16107,11,6.450638e-05,6.450888545454546e-05,3.715012085227926e-08,1.0,1
33,0,1.0,66.0,16593,16604,11,1.221248e-07,1.221331090909091e-07,1.761815822308216e-10,0.0,0
33,1,3.0,66.0,16581,16593,12,1.2145859999999998e-07,1.2145936666666668e-07,1.9587084321619574e-10,0.0,0
33,2,5.0,66.0,16569,16581,12,1.2080005e-07,1.2078714166666667e-07,1.916483344493836e-10,0.0,0
33,3,7.0,66.0,16558,16569,11,1.201745e-07,1.2016270909090907e-07,1.6072861064848836e-10,0.0,0
33,4,9.0,66.0,16546,16558,12,1.195457e-07,1.195395e-07,1.970445127376046e-10,0.0,0
33,5,11.0,66.0,16534,16546,12,1.187885e-07,1.1879995e-07,2.002997316523408e-10,0.0,0
33,6,13.0,66.0,16523,16534,11,1.181167e-07,1.1812574545454546e-07,1.9534118573146462e-10,0.0,0
33,7,15.0,66.0,16511,16523,12,1.175529e-07,1.1752258333333335e-07,1.8213239613594849e-10,0.0,0
33,8,17.0,66.0,16499,16511,12,1.16759e-07,1.167687e-07,2.2724645945170143e-10,0.0,0
33,9,19.0,66.0,16488,16499,11,1.161015e-07,1.1610447272727273e-07,1.5061593596060542e-10,0.0,0
33,10,21.0,66.0,16476,16488,12,1.1538565e-07,1.1538818333333334e-07,2.3196494287331988e-10,0.0,0
33,11,23.0,66.0,16464,16476,12,1.141828e-07,1.1423180833333333e-07,3.843858661517385e-10,0.0,0
33,12,25.0,66.0,16453,16464,11,1.132096e-07,1.1320282727272728e-07,2.526881048785379e-10,0.0,0
33,13,27.0,66.0,16441,16453,12,1.1218705e-07,1.1219065833333332e-07,2.966945720723967e-10,0.0,0
33,14,29.0,66.0,16429,16441,12,1.1119085e-07,1.1116898333333334e-07,3.2445541510181035e-10,0.0,0
33,15,31.0,66.0,16418,16429,11,1.099096e-07,1.099124818181818e-07,3.6780319791526244e-10,0.0,0
33,16,33.0,66.0,16406,16418,12,1.086173e-07,1.0862304166666666e-07,3.846106222712651e-10,0.0,0
33,17,35.0,66.0,16394,16406,12,1.072701e-07,1.0727914166666665e-07,4.0196567319928537e-10,0.0,0
33,18,37.0,66.0,16383,16394,11,1.059532e-07,1.0551358181818182e-07,8.255629955790299e-10,0.0,0
33,19,39.0,66.0,16371,16383,12,1.034495e-07,1.03453025e-07,4.857796947948742e-10,0.0,0
33,20,41.0,66.0,16359,16371,12,1.017778e-07,1.0177419166666666e-07,4.763447044216568e-10,0.0,0
33,21,43.0,66.0,16348,16359,11,1.001363e-07,1.0013229363636363e-07,4.548234219457176e-10,0.0,0
33,22,45.0,66.0,16336,16348,12,9.8531625e-08,9.854611333333334e-08,4.5263176229567787e-10,0.0,0
33,23,47.0,66.0,16324,16336,12,9.718095e-08,9.720099249999998e-08,3.1838004185577253e-10,0.0,0
33,24,49.0,66.0,16313,16324,11,9.645894e-08,9.649102090909092e-08,8.505207618165599e-11,0.0,0
33,25,51.0,66.0,16301,16313,12,9.705376500000001e-08,9.719100250000001e-08,5.709166720156437e-10,0.0,0
33,26,53.0,66.0,16289,16301,12,1.0436650000000001e-07,1.0506326666666667e-07,3.6915890524572494e-09,0.0,0
33,27,55.0,66.0,16278,16289,11,1.310168e-07,1.3671917272727274e-07,1.969444598944267e-08,0.0,0
33,28,57.0,66.0,16266,16278,12,5.274113e-05,4.0846172575e-05,2.236354002549639e-05,0.6666666666666666,1
33,29,59.0,66.0,16254,16266,12,5.9864355e-05,5.983528083333334e-05,1.0908843235790575e-07,1.0,1
33,30,61.0,66.0,16243,16254,11,5.996075e-05,5.9967710000000006e-05,5.332820198799844e-08,1.0,1
33,31,63.0,66.0,16231,16243,12,5.9753779999999996e-05,5.96807e-05,2.688983952164826e-07,1.0,1
33,32,65.0,66.0,16219,16231,12,5.8707039999999995e-05,5.873826333333333e-05,1.0187988616775906e-07,1.0,1
33,33,67.0,66.0,16208,16219,11,5.910679e-05,5.90734290909091e-05,1.872418712620637e-07,1.0,1
33,34,69.0,66.0,16196,16208,12,5.8514475e-05,5.862105916666667e-05,4.98675284620135e-07,1.0,1
33,35,71.0,66.0,16184,16196,12,5.770356e-05,5.798117916666667e-05,5.977647690418354e-07,1.0,1
33,36,73.0,66.0,16173,16184,11,5.555735e-05,5.615519454545454e-05,1.0059812162656624e-06,1.0,1
33,37,75.0,66.0,16161,16173,12,5.674614e-05,5.749222166666666e-05,1.993658132770985e-06,1.0,1
33,38,77.0,66.0,16149,16161,12,6.4424035e-05,6.435820666666666e-05,2.0380077450512433e-07,1.0,1
33,39,79.0,66.0,16137,16149,12,6.444014499999999e-05,6.442560499999999e-05,2.9763177613732476e-08,1.0,1
34,0,1.0,68.0,16634,16646,12,1.238281e-07,1.2382125833333334e-07,1.2080799130805773e-10,0.0,0
34,1,3.0,68.0,16646,16658,12,1.2421595e-07,1.2422524166666667e-07,1.2182582141684285e-10,0.0,0
34,2,5.0,68.0,16658,16670,12,1.246742e-07,1.2467179166666668e-07,1.3850683171077085e-10,0.0,0
34,3,7.0,68.0,16670,16681,11,1.251101e-07,1.251111090909091e-07,1.1419548991687812e-10,0.0,0
34,4,9.0,68.0,16681,16693,12,1.255974e-07,1.2558583333333335e-07,1.5677316061395546e-10,0.0,0
34,5,11.0,68.0,16693,16705,12,1.2597035e-07,1.2598283333333335e-07,7.380184430095378e-11,0.0,0
34,6,13.0,68.0,16705,16716,11,1.263152e-07,1.2633323636363633e-07,1.1873769618729787e-10,0.0,0
34,7,15.0,68.0,16716,16728,12,1.268384e-07,1.2684979166666666e-07,1.696724219308747e-10,0.0,0
34,8,17.0,68.0,16728,16740,12,1.2739634999999998e-07,1.2738566666666666e-07,1.4710471515971783e-10,0.0,0
34,9,19.0,68.0,16740,16751,11,1.279166e-07,1.279019090909091e-07,1.6081194242482674e-10,0.0,0
34,10,21.0,68.0,16751,16763,12,1.2844229999999998e-07,1.2843698333333332e-07,1.3806770581453261e-10,0.0,0
34,11,23.0,68.0,16763,16775,12,1.289292e-07,1.2894118333333332e-07,1.5763597745720613e-10,0.0,0
34,12,25.0,68.0,16775,16786,11,1.294656e-07,1.294722090909091e-07,1.5437061339837713e-10,0.0,0
34,13,27.0,68.0,16786,16798,12,1.2997205000000002e-07,1.2997668333333334e-07,1.4815283118755763e-10,0.0,0
34,14,29.0,68.0,16798,16810,12,1.305715e-07,1.3055940833333332e-07,1.8049121150503259e-10,0.0,0
34,15,31.0,68.0,16810,16821,11,1.311313e-07,1.3111767272727273e-07,1.44896942002418e-10,0.0,0
34,16,33.0,68.0,16821,16833,12,1.3156975e-07,1.315767583333333e-07,1.3390358756915e-10,0.0,0
34,17,35.0,68.0,16833,16845,12,1.3201185000000002e-07,1.3201302500000002e-07,1.2209521642963839e-10,0.0,0
34,18,37.0,68.0,16845,16856,11,1.324385e-07,1.3244355454545453e-07,1.2210658059577807e-10,0.0,0
34,19,39.0,68.0,16856,16868,12,1.3290475e-07,1.3290726666666668e-07,1.3610439824715652e-10,0.0,0
34,20,41.0,68.0,16868,16880,12,1.334222e-07,1.3342385833333333e-07,1.6749512161221078e-10,0.0,0
34,21,43.0,68.0,16880,16891,11,1.338423e-07,1.3383450000000002e-07,1.0276156869180333e-10,0.0,0
34,22,45.0,68.0,16891,16903,12,1.3414235e-07,1.3414685e-07,8.068708591425075e-11,0.0,0
34,23,47.0,68.0,16903,16915,12,1.3444695e-07,1.3443734166666667e-07,8.083006307817636e-11,0.0,0
34,24,49.0,68.0,16915,16926,11,1.346655e-07,1.3467857272727273e-07,6.825147472145242e-11,0.0,0
34,25,51.0,68.0,16926,16938,12,1.3494935e-07,1.3493955833333333e-07,8.058068894316778e-11,0.0,0
34,26,53.0,68.0,16938,16950,12,1.352383e-07,1.3525621666666667e-07,1.165081101135134e-10,0.0,0
34,27,55.0,68.0,16950,16961,11,1.358689e-07,1.360029090909091e-07,4.668363046849481e-10,0.0,0
34,28,57.0,68.0,16961,16973,12,2.518055e-07,2.3996605624999998e-05,2.8208459108548062e-05,0.4166666666666667,0
34,29,59.0,68.0,16973,16985,12,5.9953525e-05,5.968775583333334e-05,6.708264534321125e-07,1.0,1
34,30,61.0,68.0,16985,16996,11,6.014179e-05,6.010527818181818e-05,9.026974775820865e-08,1.0,1
34,31,63.0,68.0,16996,17008,12,6.012909e-05,6.012424083333333e-05,4.786680172770042e-08,1.0,1
34,32,65.0,68.0,17008,17020,12,5.9964500000000005e-05,5.9963802499999993e-05,4.993564009886456e-08,1.0,1
34,33,67.0,68.0,17020,17031,11,5.942223e-05,5.951899272727272e-05,2.299160976645383e-07,1.0,1
34,34,69.0,68.0,17031,17043,12,5.8573245e-05,5.856944083333333e-05,2.755601775613435e-07,1.0,1
34,35,71.0,68.0,17043,17055,12,5.7714305e-05,5.780237666666668e-05,7.006299458146388e-07,1.0,1
34,36,73.0,68.0,17055,17066,11,5.613291e-05,5.631769363636364e-05,5.303881866961005e-07,1.0,1
34,37,75.0,68.0,17066,17078,12,5.55505e-05,5.697135833333333e-05,2.8179446436242417e-06,1.0,1
34,38,77.0,68.0,17078,17090,12,6.4535665e-05,6.450518583333335e-05,1.1550799824098287e-07,1.0,1
34,39,79.0,68.0,17090,17101,11,6.453609e-05,6.452951272727271e-05,3.058077889813314e-08,1.0,1
35,0,1.0,70.0,17575,17586,11,1.138884e-07,1.1389517272727272e-07,1.1365990810635115e-10,0.0,0
35,1,3.0,70.0,17564,17575,11,1.135095e-07,1.1351880000000001e-07,8.904482017500848e-11,0.0,0
35,2,5.0,70.0,17552,17564,12,1.132733e-07,1.1328135e-07,3.967401542571497e-11,0.0,0
35,3,7.0,70.0,17541,17552,11,1.137222e-07,1.1383205454545454e-07,4.3683804022592755e-10,0.0,0
35,4,9.0,70.0,17530,17541,11,1.152004e-07,1.1514356363636364e-07,1.3436307848328128e-10,0.0,0
35,5,11.0,70.0,17518,17530,12,1.1479329999999999e-07,1.1480211666666665e-07,1.95705735026396e-10,0.0,0
35,6,13.0,70.0,17507,17518,11,1.141778e-07,1.1417733636363634e-07,1.733793385652485e-10,0.0,0
35,7,15.0,70.0,17495,17507,12,1.134882e-07,1.1349851666666667e-07,2.115193365208547e-10,0.0,0
35,8,17.0,70.0,17484,17495,11,1.127896e-07,1.1279324545454546e-07,1.9380330405118595e-10,0.0,0
35,9,19.0,70.0,17473,17484,11,1.120909e-07,1.1208836363636363e-07,2.0460896751309924e-10,0.0,0
35,10,21.0,70.0,17461,17473,12,1.11311e-07,1.1129826666666666e-07,2.467475678141976e-10,0.0,0
35,11,23.0,70.0,17450,17461,11,1.104733e-07,1.1047231818181816e-07,2.2014121012816925e-10,0.0,0
35,12,25.0,70.0,17439,17450,11,1.09674e-07,1.0966861818181818e-07,2.6046875163541765e-10,0.0,0
35,13,27.0,70.0,17427,17439,12,1.086477e-07,1.0863810833333333e-07,3.5014544230061105e-10,0.0,0
35,14,29.0,70.0,17416,17427,11,1.075147e-07,1.0751465454545456e-07,2.880379310994752e-10,0.0,0
35,15,31.0,70.0,17404,17416,12,1.0686749999999999e-07,1.0689991666666666e-07,6.971054240372977e-11,0.0,0
35,16,33.0,70.0,17393,17404,11,1.091681e-07,1.090274818181818e-07,1.2262521043022878e-09,0.0,0
35,17,35.0,70.0,17382,17393,11,1.092146e-07,1.0938439999999999e-07,1.0675665097441357e-09,0.0,0
35,18,37.0,70.0,17370,17382,12,1.076537e-07,1.0764803333333334e-07,7.018154236613039e-11,0.0,0
35,19,39.0,70.0,17359,17370,11,1.02189e-07,1.028344727272727e-07,2.3228091762467683e-09,0.0,0
35,20,41.0,70.0,17348,17359,11,9.909498e-08,9.927440090909091e-08,4.945064416797899e-10,0.0,0
35,21,43.0,70.0,17336,17348,12,9.787058e-08,9.794091833333334e-08,3.869864425883981e-10,0.0,0
35,22,45.0,70.0,17325,17336,11,9.775894e-08,9.773440545454544e-08,9.091620481256743e-11,0.0,0
35,23,47.0,70.0,17313,17325,12,9.713436000000001e-08,9.7126e-08,3.2152169053321093e-10,0.0,0
35,24,49.0,70.0,17302,17313,11,9.63562e-08,9.637888000000001e-08,8.00575008126234e-11,0.0,0
35,25,51.0,70.0,17291,17302,11,9.729741e-08,9.759243181818182e-08,1.0437789323573525e-09,0.0,0
35,26,53.0,70.0,17279,17291,12,1.057372e-07,1.0657250000000001e-07,4.2995526980528244e-09,0.0,0
35,27,55.0,70.0,17268,17279,11,1.381642e-07,1.4625760000000002e-07,2.6064051162472805e-08,0.0,0
35,28,57.0,70.0,17257,17268,11,5.517834e-05,4.4718022363636355e-05,1.936931104306354e-05,0.7272727272727273,1
35,29,59.0,70.0,17245,17257,12,5.9833765e-05,5.982236249999999e-05,8.740285313087174e-08,1.0,1
35,30,61.0,70.0,17234,17245,11,6.012845e-05,6.011411181818182e-05,5.126451560612364e-08,1.0,1
35,31,63.0,70.0,17222,17234,12,5.9988585e-05,5.996586083333334e-05,1.1477862536627715e-07,1.0,1
35,32,65.0,70.0,17211,17222,11,5.956351e-05,5.960170909090909e-05,6.520621379405015e-08,1.0,1
35,33,67.0,70.0,17200,17211,11,5.918561e-05,5.930468818181817e-05,1.9276128674975555e-07,1.0,1
35,34,69.0,70.0,17188,17200,12,5.9533785e-05,5.94525925e-05,1.9432440673287303e-07,1.0,1
35,35,71.0,70.0,17177,17188,11,5.784424e-05,5.7880340000000005e-05,9.214619073861039e-07,1.0,1
35,36,73.0,70.0,17166,17177,11,5.373345e-05,5.3996539090909096e-05,1.1480924916292835e-06,1.0,1
35,37,75.0,70.0,17154,17166,12,5.5382819999999996e-05,5.7108956666666664e-05,3.2867988213821185e-06,1.0,1
35,38,77.0,70.0,17143,17154,11,6.444391e-05,6.443862e-05,5.622707532852652e-08,1.0,1
35,39,79.0,70.0,17131,17143,12,6.447395500000001e-05,6.44668475e-05,5.043016493544921e-08,1.0,1
36,0,1.0,72.0,17615,17627,12,2.8039929999999998e-05,2.8028577499999996e-05,1.8332845797116007e-07,0.0,0
36,1,3.0,72.0,17627,17638,11,1.08751e-05,1.2421499472727272e-05,1.2135200244641466e-05,0.0,0
36,2,5.0,72.0,17638,17650,12,1.2741675e-07,1.3010535833333334e-07,1.1876937653316358e-08,0.0,0
36,3,7.0,72.0,17650,17661,11,1.081155e-07,1.0855222727272727e-07,2.848472601904686e-09,0.0,0
36,4,9.0,72.0,17661,17672,11,1.021535e-07,1.0230817272727273e-07,1.004731473932584e-09,0.0,0
36,5,11.0,72.0,17672,17684,12,1.0012645e-07,1.0018083833333332e-07,3.079100028913579e-10,0.0,0
36,6,13.0,72.0,17684,17695,11,1.00016e-07,1.000581018181818e-07,1.467098061305911e-10,0.0,0
36,7,15.0,72.0,17695,17706,11,1.007153e-07,1.0075142727272727e-07,2.378483286424707e-10,0.0,0
36,8,17.0,72.0,17706,17718,12,1.0156415000000001e-07,1.01595775e-07,2.6482442965418604e-10,0.0,0
36,9,19.0,72.0,17718,17729,11,1.026454e-07,1.0264355454545454e-07,3.1258796395032816e-10,0.0,0
36,10,21.0,72.0,17729,17741,12,1.038832e-07,1.0384324999999999e-07,3.677104760088663e-10,0.0,0
36,11,23.0,72.0,17741,17752,11,1.065333e-07,1.0615575454545455e-07,9.608822511947846e-10,0.0,0
36,12,25.0,72.0,17752,17763,11,1.077988e-07,1.0782174545454546e-07,4.0814799090445094e-10,0.0,0
36,13,27.0,72.0,17763,17775,12,1.0901995000000001e-07,1.0904545e-07,3.3130713469528556e-10,0.0,0
36,14,29.0,72.0,17775,17786,11,1.101361e-07,1.1014776363636364e-07,3.283647591342947e-10,0.0,0
36,15,31.0,72.0,17786,17797,11,1.113667e-07,1.1137304545454545e-07,3.4717727031704326e-10,0.0,0
36,16,33.0,72.0,17797,17809,12,1.1266165e-07,1.1267064166666668e-07,4.24904631374957e-10,0.0,0
36,17,35.0,72.0,17809,17820,11,1.142697e-07,1.1423840909090908e-07,4.0545187239233096e-10,0.0,0
36,18,37.0,72.0,17820,17832,12,1.1554865e-07,1.1554805833333333e-07,3.7152884468174907e-10,0.0,0
36,19,39.0,72.0,17832,17843,11,1.166747e-07,1.1666014545454544e-07,2.745562381988134e-10,0.0,0
36,20,41.0,72.0,17843,17854,11,1.174219e-07,1.1741002727272727e-07,2.2775765465994395e-10,0.0,0
36,21,43.0,72.0,17854,17866,12,1.179073e-07,1.1843988333333333e-07,8.949568945237287e-10,0.0,0
36,22,45.0,72.0,17866,17877,11,1.214078e-07,1.2138193636363635e-07,5.201105778804565e-10,0.0,0
36,23,47.0,72.0,17877,17888,11,1.228009e-07,1.2278866363636365e-07,3.3245839732275303e-10,0.0,0
36,24,49.0,72.0,17888,17900,12,1.2409215e-07,1.2407405833333335e-07,4.257941060699303e-10,0.0,0
36,25,51.0,72.0,17900,17911,11,1.249317e-07,1.248940727272727e-07,1.0928539859975381e-10,0.0,0
36,26,53.0,72.0,17911,17923,12,1.2474030000000002e-07,1.2461668333333332e-07,4.0335744865923856e-10,0.0,0
36,27,55.0,72.0,17923,17934,11,1.23669e-07,1.2384750909090909e-07,4.117649295290746e-10,0.0,0
36,28,57.0,72.0,17934,17945,11,2.07865e-07,2.1492357872727272e-05,2.819340847151251e-05,0.36363636363636365,0
36,29,59.0,72.0,17945,17957,12,5.9916965e-05,5.9945120000000005e-05,9.080590289182788e-08,1.0,1
36,30,61.0,72.0,17957,17968,11,6.006084e-05,6.005420181818182e-05,4.989186084435546e-08,1.0,1
36,31,63.0,72.0,17968,17979,11,5.986128e-05,5.983390545454545e-05,1.1229876906664777e-07,1.0,1
36,32,65.0,72.0,17979,17991,12,5.9557795e-05,5.956994916666667e-05,8.451048272831217e-08,1.0,1
36,33,67.0,72.0,17991,18002,11,5.953255e-05,5.953402181818181e-05,6.573181405158634e-08,1.0,1
36,34,69.0,72.0,18002,18014,12,5.9420335e-05,5.9425475833333335e-05,8.399379634416774e-08,1.0,1
36,35,71.0,72.0,18014,18025,11,5.830617e-05,5.842190727272728e-05,4.958145417224783e-07,1.0,1
36,36,73.0,72.0,18025,18036,11,5.723268e-05,5.726193272727273e-05,6.787692881182542e-07,1.0,1
36,37,75.0,72.0,18036,18048,12,5.5371589999999996e-05,5.749083916666666e-05,3.3692061848167806e-06,1.0,1
36,38,77.0,72.0,18048,18059,11,6.458475e-05,6.458066636363637e-05,2.801738008409973e-08,1.0,1
36,39,79.0,72.0,18059,18070,11,6.449332e-05,6.449004636363636e-05,2.810670068045316e-08,1.0,1
37,0,1.0,74.0,18544,18555,11,5.810532e-05,5.805563727272728e-05,2.9030863658248204e-07,1.0,1
37,1,3.0,74.0,18533,18544,11,2.786701e-07,2.5852129800000005e-05,2.8159018780954784e-05,0.45454545454545453,0
37,2,5.0,74.0,18521,18533,12,1.1261175e-07,1.129515e-07,8.785431757555623e-10,0.0,0
37,3,7.0,74.0,18510,18521,11,1.112392e-07,1.1225233636363636e-07,1.7171072430492597e-09,0.0,0
37,4,9.0,74.0,18499,18510,11,1.109563e-07,1.1094229090909093e-07,2.0231542634099142e-10,0.0,0
37,5,11.0,74.0,18487,18499,12,1.1006514999999999e-07,1.10106725e-07,1.8680420286581778e-10,0.0,0
37,6,13.0,74.0,18476,18487,11,1.093018e-07,1.0934173636363636e-07,2.1579151248254466e-10,0.0,0
37,7,15.0,74.0,18464,18476,12,1.086687e-07,1.0866293333333333e-07,2.0154787410329024e-10,0.0,0
37,8,17.0,74.0,18453,18464,11,1.076388e-07,1.0761238181818182e-07,4.123942901866058e-10,0.0,0
37,9,19.0,74.0,18442,18453,11,1.068552e-07,1.068566272727273e-07,3.133305228172592e-11,0.0,0
37,10,21.0,74.0,18430,18442,12,1.0643540000000001e-07,1.0641535833333333e-07,2.5789360034173704e-10,0.0,0
37,11,23.0,74.0,18419,18430,11,1.054525e-07,1.0548067272727272e-07,2.1371162001380713e-10,0.0,0
37,12,25.0,74.0,18408,18419,11,1.051311e-07,1.0513466363636364e-07,1.7067847109659492e-11,0.0,0
37,13,27.0,74.0,18396,18408,12,1.041678e-07,1.0417058333333335e-07,4.3386523797398613e-10,0.0,0
37,14,29.0,74.0,18385,18396,11,1.029811e-07,1.0301586363636364e-07,2.2518731303164702e-10,0.0,0
37,15,31.0,74.0,18373,18385,12,1.0249375e-07,1.0242540833333332e-07,2.100313050409916e-10,0.0,0
37,16,33.0,74.0,18362,18373,11,1.012394e-07,1.0127715454545453e-07,3.4191819160738853e-10,0.0,0
37,17,35.0,74.0,18351,18362,11,1.003844e-07,1.0035634090909091e-07,2.5894771744871577e-10,0.0,0
37,18,37.0,74.0,18339,18351,12,9.886781000000001e-08,9.892082666666666e-08,4.997870554101572e-10,0.0,0
37,19,39.0,74.0,18328,18339,11,9.757177e-08,9.759397454545453e-08,3.1595654756954427e-10,0.0,0
37,20,41.0,74.0,18317,18328,11,9.639638e-08,9.639683454545456e-08,3.7265612467951775e-10,0.0,0
37,21,43.0,74.0,18305,18317,12,9.505141e-08,9.503545333333334e-08,4.4703402330123484e-10,0.0,0
37,22,45.0,74.0,18294,18305,11,9.373031e-08,9.371055363636364e-08,3.601437996203172e-10,0.0,0
37,23,47.0,74.0,18282,18294,12,9.252761999999999e-08,9.255832083333332e-08,2.3404573336773133e-10,0.0,0
37,24,49.0,74.0,18271,18282,11,9.214148e-08,9.215796545454545e-08,8.033754023025566e-11,0.0,0
37,25,51.0,74.0,18260,18271,11,9.297516e-08,9.306295636363637e-08,5.037513734386454e-10,0.0,0
37,26,53.0,74.0,18248,18260,12,9.684529e-08,9.886588583333333e-08,4.101630435313617e-09,0.0,0
37,27,55.0,74.0,18237,18248,11,1.213508e-07,1.2483087272727273e-07,1.3926477138438062e-08,0.0,0
37,28,57.0,74.0,18226,18237,11,2.808001e-05,2.7979348545454543e-05,2.418704343962132e-05,0.45454545454545453,0
37,29,59.0,74.0,18214,18226,12,5.94084e-05,5.946104916666667e-05,1.3191824655560628e-07,1.0,1
37,30,61.0,74.0,18203,18214,11,5.947681e-05,5.9508832727272723e-05,1.6000995759303777e-07,1.0,1
37,31,63.0,74.0,18191,18203,12,5.9515050000000005e-05,5.954959666666667e-05,1.2912452402837982e-07,1.0,1
37,32,65.0,74.0,18180,18191,11,5.972905e-05,5.973029636363637e-05,5.1340287082231657e-08,1.0,1
37,33,67.0,74.0,18169,18180,11,5.951589e-05,5.952219e-05,7.117734981911492e-08,1.0,1
37,34,69.0,74.0,18157,18169,12,5.9243800000000004e-05,5.929035916666668e-05,1.95104281623032e-07,1.0,1
37,35,71.0,74.0,18146,18157,11,5.815185e-05,5.8395114545454535e-05,5.068056170558275e-07,1.0,1
37,36,73.0,74.0,18135,18146,11,5.672902e-05,5.6739778181818185e-05,4.909397825658315e-07,1.0,1
37,37,75.0,74.0,18123,18135,12,5.5912394999999996e-05,5.715926499999999e-05,2.8820133268298733e-06,1.0,1
37,38,77.0,74.0,18112,18123,11,6.441365e-05,6.441782363636365e-05,6.726645905687037e-08,1.0,1
37,39,79.0,74.0,18100,18112,12,6.444889e-05,6.444429999999999e-05,2.4106293438297925e-08,1.0,1
38,0,1.0,76.0,18584,18596,12,5.369003e-05,5.38996075e-05,2.2320554611729725e-06,1.0,1
38,1,3.0,76.0,18596,18607,11,5.191028e-05,4.8660103636363636e-05,9.833245230007207e-06,1.0,1
38,2,5.0,76.0,18607,18619,12,2.6564155000000002e-05,2.7439627499999996e-05,1.815485491097468e-06,0.08333333333333333,0
38,3,7.0,76.0,18619,18630,11,2.395885e-05,2.392933454545454e-05,7.486134283322329e-07,0.0,0
38,4,9.0,76.0,18630,18641,11,2.068802e-05,2.1147294545454547e-05,9.208940148608913e-07,0.0,0
38,5,11.0,76.0,18641,18653,12,2.0144605e-05,2.0111793333333333e-05,1.9625612280611482e-07,0.0,0
38,6,13.0,76.0,18653,18664,11,1.803742e-05,1.804671818181818e-05,9.137515333634017e-07,0.0,0
38,7,15.0,76.0,18664,18676,12,1.533448e-05,1.5342520000000002e-05,5.516892114527286e-07,0.0,0
38,8,17.0,76.0,18676,18687,11,1.353256e-05,1.3454647272727274e-05,4.6092579692872497e-07,0.0,0
38,9,19.0,76.0,18687,18698,11,1.273795e-05,1.2513324545454546e-05,3.332040319619535e-07,0.0,0
38,10,21.0,76.0,18698,18710,12,1.0228870000000001e-05,1.0179485333333333e-05,9.204838663867075e-07,0.0,0
38,11,23.0,76.0,18710,18721,11,8.104773e-06,8.100158272727273e-06,1.6360138875165774e-07,0.0,0
38,12,25.0,76.0,18721,18733,12,7.062648e-06,6.955827833333334e-06,3.95524893761407e-07,0.0,0
38,13,27.0,76.0,18733,18744,11,5.940206e-06,5.915150454545455e-06,1.912830566527778e-07,0.0,0
38,14,29.0,76.0,18744,18755,11,5.220669e-06,5.292810545454546e-06,1.496972080624836e-07,0.0,0
38,15,31.0,76.0,18755,18767,12,4.97536e-06,4.948534749999999e-06,1.1678835920239439e-07,0.0,0
38,16,33.0,76.0,18767,18778,11,4.712175e-06,4.669387454545455e-06,8.170545928056425e-08,0.0,0
38,17,35.0,76.0,18778,18790,12,4.3358215000000005e-06,4.35335725e-06,7.55399378354754e-08,0.0,0
38,18,37.0,76.0,18790,18801,11,4.160533e-06,4.155390454545455e-06,4.5636554595399076e-08,0.0,0
38,19,39.0,76.0,18801,18812,11,3.886179e-06,3.888840181818181e-06,1.2517599822128138e-07,0.0,0
38,20,41.0,76.0,18812,18824,12,2.8895505e-06,2.3106932583333334e-06,1.3029289183149064e-06,0.0,0
38,21,43.0,76.0,18824,18835,11,2.00556e-07,2.0555215454545456e-07,1.6907549015447267e-08,0.0,0
38,22,45.0,76.0,18835,18847,12,1.8793685e-07,1.931867166666667e-07,1.2163289112930026e-08,0.0,0
38,23,47.0,76.0,18847,18858,11,3.527566e-07,3.8526714545454544e-07,1.251307547042937e-07,0.0,0
38,24,49.0,76.0,18858,18869,11,1.741343e-06,1.613792490909091e-06,7.650170876916e-07,0.0,0
38,25,51.0,76.0,18869,18881,12,6.2738515e-06,5.852626666666666e-06,1.0515460627126876e-06,0.0,0
38,26,53.0,76.0,18881,18892,11,8.257583e-06,8.070556727272727e-06,5.264424256618609e-07,0.0,0
38,27,55.0,76.0,18892,18904,12,9.2837605e-06,9.766328416666667e-06,9.93285509385935e-07,0.0,0
38,28,57.0,76.0,18904,18915,11,1.980855e-05,2.827831e-05,1.6600270968580876e-05,0.36363636363636365,0
38,29,59.0,76.0,18915,18926,11,5.972369e-05,5.968549999999999e-05,2.0114359303289333e-07,1.0,1
38,30,61.0,76.0,18926,18938,12,5.9847975e-05,5.9836104999999995e-05,4.1080909698626935e-08,1.0,1
38,31,63.0,76.0,18938,18949,11,5.977216e-05,5.969206454545454e-05,1.566734597448778e-07,1.0,1
38,32,65.0,76.0,18949,18961,12,5.9749275e-05,5.971790250000001e-05,1.2294754139638895e-07,1.0,1
38,33,67.0,76.0,18961,18972,11,5.925599e-05,5.887166636363637e-05,7.343420639812419e-07,1.0,1
38,34,69.0,76.0,18972,18983,11,5.919228e-05,5.921204545454545e-05,1.3114813154068009e-07,1.0,1
38,35,71.0,76.0,18983,18995,12,5.73982e-05,5.7633777500000006e-05,6.010458160451815e-07,1.0,1
38,36,73.0,76.0,18995,19006,11,5.656141e-05,5.649113636363636e-05,3.56274201302942e-07,1.0,1
38,37,75.0,76.0,19006,19018,12,5.6670665e-05,5.6672591666666665e-05,1.4636876192732835e-06,1.0,1
38,38,77.0,76.0,19018,19029,11,6.443407e-05,6.414982999999999e-05,6.736500511258187e-07,1.0,1
38,39,79.0,76.0,19029,19040,11,6.446931e-05,6.446268272727273e-05,3.17105334065156e-08,1.0,1
39,0,1.0,78.0,19514,19525,11,5.934212e-05,5.931026272727274e-05,5.1941105475493346e-08,1.0,1
39,1,3.0,78.0,19503,19514,11,5.956374e-05,5.955888272727273e-05,7.527052810797148e-08,1.0,1
39,2,5.0,78.0,19491,19503,12,5.974503e-05,5.9736072500000014e-05,7.416799243665336e-08,1.0,1
39,3,7.0,78.0,19480,19491,11,5.966745e-05,5.9688839090909095e-05,7.210107015402339e-08,1.0,1
39,4,9.0,78.0,19468,19480,12,5.9575555e-05,5.9249566666666656e-05,6.713113809593549e-07,1.0,1
39,5,11.0,78.0,19457,19468,11,5.912246e-05,5.8833944545454544e-05,5.93393236830099e-07,1.0,1
39,6,13.0,78.0,19446,19457,11,5.944236e-05,5.93285290909091e-05,2.8343291457205506e-07,1.0,1
39,7,15.0,78.0,19434,19446,12,5.9271245e-05,5.9282325833333336e-05,6.252352976524602e-08,1.0,1
39,8,17.0,78.0,19423,19434,11,5.905753e-05,5.9007412727272734e-05,2.334267211505738e-07,1.0,1
39,9,19.0,78.0,19411,19423,12,5.962131e-05,5.960536916666667e-05,1.2184809576260236e-07,1.0,1
39,10,21.0,78.0,19400,19411,11,5.960434e-05,5.959203181818181e-05,9.9846097280509e-08,1.0,1
39,11,23.0,78.0,19389,19400,11,5.92908e-05,5.931388363636364e-05,1.5115092134400208e-07,1.0,1
39,12,25.0,78.0,19377,19389,12,5.9627744999999995e-05,5.960806666666666e-05,1.1904325504715599e-07,1.0,1
39,13,27.0,78.0,19366,19377,11,5.963137e-05,5.9606031818181816e-05,6.011061875911256e-08,1.0,1
39,14,29.0,78.0,19354,19366,12,5.975927e-05,5.974912416666666e-05,6.106656606501067e-08,1.0,1
39,15,31.0,78.0,19343,19354,11,5.968369e-05,5.969112727272728e-05,7.068975161557111e-08,1.0,1
39,16,33.0,78.0,19332,19343,11,5.956202e-05,5.952821818181819e-05,1.4470844869587596e-07,1.0,1
39,17,35.0,78.0,19320,19332,12,5.9680035e-05,5.9662795833333335e-05,8.14991002463967e-08,1.0,1
39,18,37.0,78.0,19309,19320,11,5.972592e-05,5.952205727272726e-05,3.1977061449195405e-07,1.0,1
39,19,39.0,78.0,19297,19309,12,5.6570175e-05,5.670173333333333e-05,7.648366833223645e-07,1.0,1
39,20,41.0,78.0,19286,19297,11,5.703479e-05,5.701236000000001e-05,1.9621082302647696e-07,1.0,1
39,21,43.0,78.0,19275,19286,11,5.733184e-05,5.7447980909090906e-05,2.3764156636163216e-07,1.0,1
39,22,45.0,78.0,19263,19275,12,5.850975e-05,5.858560083333333e-05,1.9324090075422816e-07,1.0,1
39,23,47.0,78.0,19252,19263,11,5.8899e-05,5.885492454545455e-05,2.2165490234570657e-07,1.0,1
39,24,49.0,78.0,19240,19252,12,5.86084e-05,5.8658380000000006e-05,2.0785748775703628e-07,1.0,1
39,25,51.0,78.0,19229,19240,11,5.96236e-05,5.9583271818181816e-05,2.0880885699684894e-07,1.0,1
39,26,53.0,78.0,19218,19229,11,5.950039e-05,5.940412363636364e-05,3.0376083852784614e-07,1.0,1
39,27,55.0,78.0,19206,19218,12,5.9672775e-05,5.960282750000001e-05,1.737003682650581e-07,1.0,1
39,28,57.0,78.0,19195,19206,11,5.998967e-05,5.9905134545454534e-05,1.6987181056547695e-07,1.0,1
39,29,59.0,78.0,19183,19195,12,5.9945315e-05,5.98899775e-05,1.3575275897288416e-07,1.0,1
39,30,61.0,78.0,19172,19183,11,5.981445e-05,5.983611636363636e-05,1.4016070745415601e-07,1.0,1
39,31,63.0,78.0,19161,19172,11,5.966134e-05,5.957148e-05,1.6712994356596922e-07,1.0,1
39,32,65.0,78.0,19149,19161,12,5.963502e-05,5.9573970833333335e-05,1.8993301264122665e-07,1.0,1
39,33,67.0,78.0,19138,19149,11,5.903811e-05,5.895484454545455e-05,4.1614938557650404e-07,1.0,1
39,34,69.0,78.0,19126,19138,12,5.696801e-05,5.681341666666667e-05,1.4932488307843706e-06,1.0,1
39,35,71.0,78.0,19115,19126,11,5.703911e-05,5.681012090909091e-05,6.736293255932173e-07,1.0,1
39,36,73.0,78.0,19104,19115,11,5.691835e-05,5.6846590000000005e-05,2.9785142107494347e-07,1.0,1
39,37,75.0,78.0,19092,19104,12,5.573179e-05,5.592788666666666e-05,1.239181874055979e-06,1.0,1
39,38,77.0,78.0,19081,19092,11,6.435464e-05,6.384255181818181e-05,1.0808939764575205e-06,1.0,1
39,39,79.0,78.0,19069,19081,12,6.4407115e-05,6.441222916666666e-05,4.492456148150578e-08,1.0,1
