row,col,x_center_nominal_mm,y_scanline_relative_mm,start_source_index,stop_source_index_exclusive,sample_count,median_current_A,mean_current_A,std_current_A,high_sample_fraction,binary_0_low_1_high
0,0,1.0,0.0,1855,1933,78,2.47e-05,2.470897435897435e-05,2.8581406166163764e-08,1.0,1
0,1,3.0,0.0,1933,2010,77,2.47e-05,2.4716883116883114e-05,3.74602729918333e-08,1.0,1
0,2,5.0,0.0,2010,2088,78,2.47e-05,2.471282051282051e-05,3.3431807206167104e-08,1.0,1
0,3,7.0,0.0,2088,2166,78,2.47e-05,2.470897435897435e-05,2.858140616616376e-08,1.0,1
0,4,9.0,0.0,2166,2244,78,2.47e-05,2.472179487179487e-05,4.128523637975503e-08,1.0,1
0,5,11.0,0.0,2244,2322,78,2.47e-05,2.4720512820512814e-05,4.0379527559034545e-08,1.0,1
0,6,13.0,0.0,2322,2399,77,2.47e-05,2.4718181818181817e-05,3.856946079199313e-08,1.0,1
0,7,15.0,0.0,2399,2477,78,2.48e-05,2.4788461538461536e-05,3.194855331891537e-08,1.0,1
0,8,17.0,0.0,2477,2555,78,2.48e-05,2.4769230769230764e-05,4.6153846153845716e-08,1.0,1
0,9,19.0,0.0,2555,2633,78,2.49e-05,2.485512820512821e-05,6.914762338544494e-08,1.0,1
0,10,21.0,0.0,2633,2711,78,2.5e-05,2.5000000000000008e-05,1.6012815380508832e-08,1.0,1
0,11,23.0,0.0,2711,2789,78,2.345e-05,2.3426923076923074e-05,1.2140917336316e-06,1.0,1
0,12,25.0,0.0,2789,2866,77,2.35e-05,2.341688311688312e-05,1.7162523154994034e-07,1.0,1
0,13,27.0,0.0,2866,2944,78,2.35e-05,2.351282051282052e-05,3.343180720616825e-08,1.0,1
0,14,29.0,0.0,2944,3022,78,2.34e-05,2.3441025641025647e-05,4.9188015623719723e-08,1.0,1
0,15,31.0,0.0,3022,3100,78,2.35e-05,2.3485897435897436e-05,4.729709421973514e-08,1.0,1
0,16,33.0,0.0,3100,3178,78,2.35e-05,2.350512820512821e-05,4.776393848768551e-08,1.0,1
0,17,35.0,0.0,3178,3255,77,2.35e-05,2.3507792207792212e-05,2.68048927799361e-08,1.0,1
0,18,37.0,0.0,3255,3333,78,2.35e-05,2.350384615384616e-05,1.9230769230769697e-08,1.0,1
0,19,39.0,0.0,3333,3411,78,2.35e-05,2.3500000000000005e-05,6.776263578034403e-21,1.0,1
0,20,41.0,0.0,3411,3489,78,2.35e-05,2.3498717948717957e-05,1.1249954342810301e-08,1.0,1
0,21,43.0,0.0,3489,3567,78,2.35e-05,2.3500000000000005e-05,2.264554068289208e-08,1.0,1
0,22,45.0,0.0,3567,3644,77,2.34e-05,2.3411688311688313e-05,3.2128095784033405e-08,1.0,1
0,23,47.0,0.0,3644,3722,78,2.34e-05,2.3421794871794878e-05,4.128523637975503e-08,1.0,1
0,24,49.0,0.0,3722,3800,78,2.34e-05,2.3423076923076923e-05,4.2132504423473915e-08,1.0,1
0,25,51.0,0.0,3800,3878,78,2.34e-05,2.342564102564103e-05,4.366509324596471e-08,1.0,1
0,26,53.0,0.0,3878,3956,78,2.34e-05,2.3424358974358978e-05,4.2924792417392414e-08,1.0,1
0,27,55.0,0.0,3956,4034,78,2.34e-05,2.3433333333333338e-05,4.7140452079102715e-08,1.0,1
0,28,57.0,0.0,4034,4111,77,2.34e-05,2.3409090909090903e-05,6.06925789379107e-08,1.0,1
0,29,59.0,0.0,4111,4189,78,2.34e-05,2.333717948717949e-05,9.488045698501648e-08,1.0,1
0,30,61.0,0.0,4189,4267,78,2.34e-05,2.3405128205128206e-05,2.205724427446806e-08,1.0,1
0,31,63.0,0.0,4267,4345,78,2.34e-05,2.337435897435897e-05,5.4150543799853e-08,1.0,1
0,32,65.0,0.0,4345,4423,78,2.34e-05,2.3385897435897437e-05,5.711966515370579e-08,1.0,1
0,33,67.0,0.0,4423,4500,77,2.34e-05,2.3420779220779223e-05,4.057272558912509e-08,1.0,1
0,34,69.0,0.0,4500,4578,78,2.34e-05,2.3421794871794878e-05,4.128523637975503e-08,1.0,1
0,35,71.0,0.0,4578,4656,78,2.34e-05,2.3412820512820514e-05,3.3431807206167104e-08,1.0,1
0,36,73.0,0.0,4656,4734,78,2.34e-05,2.3402564102564106e-05,2.2499908685620615e-08,1.0,1
0,37,75.0,0.0,4734,4812,78,2.34e-05,2.3400000000000003e-05,3.3881317890172014e-21,1.0,1
0,38,77.0,0.0,4812,4889,77,2.34e-05,2.3400000000000003e-05,3.3881317890172014e-21,1.0,1
0,39,79.0,0.0,4889,4967,78,2.34e-05,2.3400000000000003e-05,3.3881317890172014e-21,1.0,1
0,40,81.0,0.0,4967,5045,78,2.34e-05,2.3400000000000003e-05,3.3881317890172014e-21,1.0,1
0,41,83.0,0.0,5045,5123,78,2.34e-05,2.3338461538461535e-05,7.37820234355796e-08,1.0,1
0,42,85.0,0.0,5123,5201,78,2.34e-05,2.3373076923076922e-05,4.4356009979502637e-08,1.0,1
0,43,87.0,0.0,5201,5279,78,2.34e-05,2.339615384615385e-05,1.9230769230769045e-08,1.0,1
0,44,89.0,0.0,5279,5356,77,2.34e-05,2.3368831168831163e-05,5.643002852571487e-08,1.0,1
0,45,91.0,0.0,5356,5434,78,2.3e-05,2.1702564102564102e-05,2.342471539327112e-06,1.0,1
0,46,93.0,0.0,5434,5512,78,3.48e-06,4.2871794871794855e-06,2.4359270848398046e-06,0.05128205128205128,0
0,47,95.0,0.0,5512,5590,78,3.49e-06,3.4875641025641e-06,8.349097515469142e-09,0.0,0
0,48,97.0,0.0,5590,5668,78,3.5e-06,3.501666666666669e-06,5.4104994476946134e-09,0.0,0
0,49,99.0,0.0,5668,5745,77,3.51e-06,3.5119480519480528e-06,4.845391715890412e-09,0.0,0
1,0,1.0,2.0,9683,9760,77,2.48e-05,2.4805194805194806e-05,2.2192217520305063e-08,1.0,1
1,1,3.0,2.0,9605,9683,78,2.48e-05,2.480128205128205e-05,1.1249954342810306e-08,1.0,1
1,2,5.0,2.0,9527,9605,78,2.48e-05,2.4805128205128206e-05,2.205724427446806e-08,1.0,1
1,3,7.0,2.0,9449,9527,78,2.48e-05,2.4802564102564103e-05,1.5806189751202353e-08,1.0,1
1,4,9.0,2.0,9371,9449,78,2.48e-05,2.4811538461538463e-05,3.194855331891537e-08,1.0,1
1,5,11.0,2.0,9294,9371,77,2.48e-05,2.4815584415584416e-05,3.627075336043846e-08,1.0,1
1,6,13.0,2.0,9216,9294,78,2.48e-05,2.482179487179487e-05,4.128523637975503e-08,1.0,1
1,7,15.0,2.0,9138,9216,78,2.48e-05,2.4811538461538463e-05,3.194855331891537e-08,1.0,1
1,8,17.0,2.0,9060,9138,78,2.48e-05,2.4819230769230775e-05,3.941134909984423e-08,1.0,1
1,9,19.0,2.0,8982,9060,78,2.48e-05,2.48025641025641e-05,1.580618975120235e-08,1.0,1
1,10,21.0,2.0,8904,8982,78,2.48e-05,2.4802564102564103e-05,1.5806189751202353e-08,1.0,1
1,11,23.0,2.0,8827,8904,77,2.48e-05,2.4794805194805196e-05,2.2192217520305067e-08,1.0,1
1,12,25.0,2.0,8749,8827,78,2.44e-05,2.394487179487179e-05,9.530850630503026e-07,1.0,1
1,13,27.0,2.0,8671,8749,78,2.31e-05,2.2916666666666667e-05,4.729657294102623e-07,1.0,1
1,14,29.0,2.0,8593,8671,78,2.33e-05,2.3279487179487177e-05,4.037952755903454e-08,1.0,1
1,15,31.0,2.0,8515,8593,78,2.33e-05,2.329358974358974e-05,2.4493555351977717e-08,1.0,1
1,16,33.0,2.0,8438,8515,77,2.33e-05,2.3290909090909087e-05,2.8747978728803175e-08,1.0,1
1,17,35.0,2.0,8360,8438,78,2.33e-05,2.3252564102564096e-05,4.993421049782118e-08,1.0,1
1,18,37.0,2.0,8282,8360,78,2.33e-05,2.332564102564102e-05,4.366509324596471e-08,1.0,1
1,19,39.0,2.0,8204,8282,78,2.33e-05,2.334358974358974e-05,4.9587383604650074e-08,1.0,1
1,20,41.0,2.0,8126,8204,78,2.34e-05,2.3384615384615382e-05,3.6080121229410647e-08,1.0,1
1,21,43.0,2.0,8049,8126,77,2.34e-05,2.3384415584415586e-05,3.6270753360438464e-08,1.0,1
1,22,45.0,2.0,7971,8049,78,2.34e-05,2.3366666666666668e-05,4.7140452079102715e-08,1.0,1
1,23,47.0,2.0,7893,7971,78,2.34e-05,2.3376923076923073e-05,4.213250442347391e-08,1.0,1
1,24,49.0,2.0,7815,7893,78,2.34e-05,2.3400000000000003e-05,3.3881317890172014e-21,1.0,1
1,25,51.0,2.0,7737,7815,78,2.34e-05,2.3392307692307694e-05,2.664693550105939e-08,1.0,1
1,26,53.0,2.0,7660,7737,77,2.34e-05,2.337662337662338e-05,4.232252139428615e-08,1.0,1
1,27,55.0,2.0,7582,7660,78,2.34e-05,2.3398717948717948e-05,1.1249954342810306e-08,1.0,1
1,28,57.0,2.0,7504,7582,78,2.34e-05,2.3402564102564103e-05,1.5806189751202356e-08,1.0,1
1,29,59.0,2.0,7426,7504,78,2.35e-05,2.3461538461538464e-05,4.865042554105151e-08,1.0,1
1,30,61.0,2.0,7348,7426,78,2.33e-05,2.3337179487179494e-05,9.622219792800317e-08,1.0,1
1,31,63.0,2.0,7270,7348,78,2.32e-05,2.3179487179487174e-05,9.521766475706276e-08,1.0,1
1,32,65.0,2.0,7193,7270,77,2.28e-05,2.2809090909090915e-05,1.1302432582875151e-07,1.0,1
1,33,67.0,2.0,7115,7193,78,2.255e-05,2.2557692307692315e-05,1.0803516850144712e-07,1.0,1
1,34,69.0,2.0,7037,7115,78,2.24e-05,2.2378205128205127e-05,1.420070744874033e-07,1.0,1
1,35,71.0,2.0,6959,7037,78,2.15e-05,2.1501282051282056e-05,3.002108616834429e-07,1.0,1
1,36,73.0,2.0,6881,6959,78,2.07e-05,2.0734615384615378e-05,1.347618251097224e-07,1.0,1
1,37,75.0,2.0,6804,6881,77,2.04e-05,2.0350649350649355e-05,2.0105137717959545e-07,1.0,1
1,38,77.0,2.0,6726,6804,78,1.95e-05,1.9392307692307695e-05,3.489064347317756e-07,1.0,1
1,39,79.0,2.0,6648,6726,78,1.725e-05,1.716923076923077e-05,9.377151298205016e-07,1.0,1
1,40,81.0,2.0,6570,6648,78,1.73e-05,1.849230769230769e-05,3.0513876301492747e-06,1.0,1
1,41,83.0,2.0,6492,6570,78,2.34e-05,2.3402564102564103e-05,2.761622978017668e-08,1.0,1
1,42,85.0,2.0,6415,6492,77,2.34e-05,2.3410389610389613e-05,3.0512571751871736e-08,1.0,1
1,43,87.0,2.0,6337,6415,78,2.34e-05,2.3402564102564103e-05,3.913932698070154e-08,1.0,1
1,44,89.0,2.0,6259,6337,78,2.34e-05,2.3448717948717953e-05,4.9983560742609585e-08,1.0,1
1,45,91.0,2.0,6181,6259,78,2.35e-05,2.3497435897435902e-05,1.5806189751202356e-08,1.0,1
1,46,93.0,2.0,6103,6181,78,2.35e-05,1.7971410256410262e-05,8.279597061352461e-06,0.6923076923076923,1
1,47,95.0,2.0,6025,6103,78,3.52e-06,3.5312820512820507e-06,2.9585121622756022e-08,0.0,0
1,48,97.0,2.0,5948,6025,77,3.52e-06,3.517532467532468e-06,4.311218876025552e-09,0.0,0
1,49,99.0,2.0,5870,5948,78,3.52e-06,3.5188461538461555e-06,3.573682016606858e-09,0.0,0
2,0,1.0,4.0,9885,9963,78,2.48e-05,2.48025641025641e-05,1.580618975120235e-08,1.0,1
2,1,3.0,4.0,9963,10041,78,2.48e-05,2.480128205128205e-05,1.1249954342810306e-08,1.0,1
2,2,5.0,4.0,10041,10118,77,2.48e-05,2.48e-05,0.0,1.0,1
2,3,7.0,4.0,10118,10196,78,2.48e-05,2.48025641025641e-05,1.580618975120235e-08,1.0,1
2,4,9.0,4.0,10196,10274,78,2.48e-05,2.4796153846153845e-05,1.9230769230769045e-08,1.0,1
2,5,11.0,4.0,10274,10352,78,2.48e-05,2.4798717948717948e-05,1.1249954342810304e-08,1.0,1
2,6,13.0,4.0,10352,10430,78,2.48e-05,2.4798717948717948e-05,1.1249954342810306e-08,1.0,1
2,7,15.0,4.0,10430,10507,77,2.48e-05,2.478961038961039e-05,3.0512571751871736e-08,1.0,1
2,8,17.0,4.0,10507,10585,78,2.47e-05,2.4732051282051278e-05,4.666737108513108e-08,1.0,1
2,9,19.0,4.0,10585,10663,78,2.47e-05,2.4739743589743583e-05,4.893675559997982e-08,1.0,1
2,10,21.0,4.0,10663,10741,78,2.47e-05,2.4742307692307686e-05,4.9404740687173095e-08,1.0,1
2,11,23.0,4.0,10741,10819,78,2.47e-05,2.4741025641025635e-05,4.918801562371974e-08,1.0,1
2,12,25.0,4.0,10819,10896,77,2.47e-05,2.4631168831168828e-05,2.139667046921451e-07,1.0,1
2,13,27.0,4.0,10896,10974,78,2.28e-05,2.272948717948717e-05,5.454024565210762e-07,1.0,1
2,14,29.0,4.0,10974,11052,78,2.28e-05,2.281282051282051e-05,2.209298382414156e-07,1.0,1
2,15,31.0,4.0,11052,11130,78,2.2e-05,2.193333333333333e-05,3.0368111930480985e-07,1.0,1
2,16,33.0,4.0,11130,11208,78,2.08e-05,2.0791025641025634e-05,2.5327895710415533e-07,1.0,1
2,17,35.0,4.0,11208,11285,77,2.03e-05,2.0319480519480522e-05,4.569509632664799e-08,1.0,1
2,18,37.0,4.0,11285,11363,78,2.01e-05,2.0060256410256405e-05,1.52197361402499e-07,1.0,1
2,19,39.0,4.0,11363,11441,78,1.88e-05,1.886794871794871e-05,4.805161727163261e-07,1.0,1
2,20,41.0,4.0,11441,11519,78,1.705e-05,1.6885897435897438e-05,9.58327116007617e-07,1.0,1
2,21,43.0,4.0,11519,11597,78,1.355e-05,1.3635897435897433e-05,7.410966162443396e-07,1.0,1
2,22,45.0,4.0,11597,11675,78,1.12e-05,1.1212820512820514e-05,6.355613255647193e-07,0.16666666666666666,0
2,23,47.0,4.0,11675,11752,77,8.63e-06,8.643246753246755e-06,8.046802084145812e-07,0.0,0
2,24,49.0,4.0,11752,11830,78,6.35e-06,6.392564102564104e-06,4.594183499272048e-07,0.0,0
2,25,51.0,4.0,11830,11908,78,5.185e-06,5.233846153846155e-06,1.9740126236334707e-07,0.0,0
2,26,53.0,4.0,11908,11986,78,4.82e-06,4.808205128205128e-06,1.0451037968011117e-07,0.0,0
2,27,55.0,4.0,11986,12064,78,4.455e-06,4.452564102564102e-06,8.376456471036957e-08,0.0,0
2,28,57.0,4.0,12064,12141,77,4.23e-06,4.24116883116883e-06,3.437660129820349e-08,0.0,0
2,29,59.0,4.0,12141,12219,78,4.2e-06,4.2025641025641026e-06,7.238766263330095e-09,0.0,0
2,30,61.0,4.0,12219,12297,78,4.11e-06,4.1056410256410246e-06,5.642307546653141e-08,0.0,0
2,31,63.0,4.0,12297,12375,78,4.01e-06,3.9982051282051294e-06,2.2230931889506187e-08,0.0,0
2,32,65.0,4.0,12375,12453,78,3.86e-06,3.875512820512822e-06,3.564955625636142e-08,0.0,0
2,33,67.0,4.0,12453,12530,77,3.82e-06,3.814675324675324e-06,2.2423573842178332e-08,0.0,0
2,34,69.0,4.0,12530,12608,78,3.745e-06,3.7430769230769246e-06,1.4702842242904087e-08,0.0,0
2,35,71.0,4.0,12608,12686,78,3.7e-06,3.704743589743588e-06,9.160164450203206e-09,0.0,0
2,36,73.0,4.0,12686,12764,78,3.69e-06,3.6888461538461535e-06,1.0497956972274011e-08,0.0,0
2,37,75.0,4.0,12764,12842,78,3.645e-06,3.6458974358974363e-06,9.119702176296886e-09,0.0,0
2,38,77.0,4.0,12842,12920,78,3.65e-06,3.645384615384617e-06,9.155677472490927e-09,0.0,0
2,39,79.0,4.0,12920,12997,77,3.61e-06,3.612597402597404e-06,7.961367337139815e-09,0.0,0
2,40,81.0,4.0,12997,13075,78,7.315e-06,1.259448717948718e-05,9.15552063349477e-06,0.41025641025641024,0
2,41,83.0,4.0,13075,13153,78,2.35e-05,2.3451282051282056e-05,4.998356074260959e-08,1.0,1
2,42,85.0,4.0,13153,13231,78,2.34e-05,2.3366666666666668e-05,1.0085107917588237e-07,1.0,1
2,43,87.0,4.0,13231,13309,78,2.29e-05,2.2987179487179482e-05,1.727299465958907e-07,1.0,1
2,44,89.0,4.0,13309,13386,77,2.34e-05,2.3392207792207796e-05,3.518497969907516e-08,1.0,1
2,45,91.0,4.0,13386,13464,78,2.34e-05,2.3406410256410257e-05,2.4493555351977717e-08,1.0,1
2,46,93.0,4.0,13464,13542,78,2.085e-05,1.721858974358974e-05,7.253807262813691e-06,0.7692307692307693,1
2,47,95.0,4.0,13542,13620,78,3.64e-06,3.6432051282051286e-06,9.673329676737321e-09,0.0,0
2,48,97.0,4.0,13620,13698,78,3.66e-06,3.6643589743589735e-06,7.26596272579724e-09,0.0,0
2,49,99.0,4.0,13698,13775,77,3.68e-06,3.6757142857142854e-06,4.948716593053888e-09,0.0,0
3,0,1.0,6.0,17713,17790,77,2.48e-05,2.4764935064935063e-05,4.7717332651619895e-08,1.0,1
3,1,3.0,6.0,17635,17713,78,2.48e-05,2.476282051282051e-05,4.832840211530919e-08,1.0,1
3,2,5.0,6.0,17557,17635,78,2.48e-05,2.4784615384615385e-05,3.6080121229410647e-08,1.0,1
3,3,7.0,6.0,17479,17557,78,2.48e-05,2.477948717948718e-05,4.0379527559034545e-08,1.0,1
3,4,9.0,6.0,17401,17479,78,2.48e-05,2.478333333333333e-05,3.7267799624996136e-08,1.0,1
3,5,11.0,6.0,17324,17401,77,2.48e-05,2.479220779220779e-05,2.680489277993519e-08,1.0,1
3,6,13.0,6.0,17246,17324,78,2.48e-05,2.4797435897435897e-05,1.5806189751202353e-08,1.0,1
3,7,15.0,6.0,17168,17246,78,2.48e-05,2.48e-05,0.0,1.0,1
3,8,17.0,6.0,17090,17168,78,2.48e-05,2.48e-05,0.0,1.0,1
3,9,19.0,6.0,17012,17090,78,2.48e-05,2.4805128205128206e-05,2.205724427446806e-08,1.0,1
3,10,21.0,6.0,16935,17012,77,2.48e-05,2.4818181818181816e-05,3.856946079199313e-08,1.0,1
3,11,23.0,6.0,16857,16935,78,2.49e-05,2.4874358974358976e-05,4.366509324596471e-08,1.0,1
3,12,25.0,6.0,16779,16857,78,2.45e-05,2.433205128205128e-05,4.2981617708981135e-07,1.0,1
3,13,27.0,6.0,16701,16779,78,1.895e-05,1.430179487179487e-05,7.513367189351588e-06,0.5384615384615384,1
3,14,29.0,6.0,16623,16701,78,3.87e-06,3.874102564102564e-06,7.463476706578404e-08,0.0,0
3,15,31.0,6.0,16546,16623,77,3.74e-06,3.737272727272728e-06,1.3545149477955807e-08,0.0,0
3,16,33.0,6.0,16468,16546,78,3.71e-06,3.7052564102564112e-06,8.121569725493263e-09,0.0,0
3,17,35.0,6.0,16390,16468,78,3.73e-06,3.7266666666666685e-06,6.730463973541912e-09,0.0,0
3,18,37.0,6.0,16312,16390,78,3.68e-06,3.6837179487179484e-06,1.6878827152638672e-08,0.0,0
3,19,39.0,6.0,16234,16312,78,3.68e-06,3.6765384615384613e-06,9.58456599567461e-09,0.0,0
3,20,41.0,6.0,16156,16234,78,3.65e-06,3.6520512820512813e-06,1.3044202402027639e-08,0.0,0
3,21,43.0,6.0,16079,16156,77,3.64e-06,3.643766233766234e-06,7.0322007120421326e-09,0.0,0
3,22,45.0,6.0,16001,16079,78,3.63e-06,3.6270512820512832e-06,5.797650797228157e-09,0.0,0
3,23,47.0,6.0,15923,16001,78,3.66e-06,3.6538461538461542e-06,9.368628669971896e-09,0.0,0
3,24,49.0,6.0,15845,15923,78,3.64e-06,3.6405128205128205e-06,6.180497842663646e-09,0.0,0
3,25,51.0,6.0,15767,15845,78,3.65e-06,3.64948717948718e-06,6.582306488714667e-09,0.0,0
3,26,53.0,6.0,15690,15767,77,3.65e-06,3.6405194805194807e-06,1.8438814502283544e-08,0.0,0
3,27,55.0,6.0,15612,15690,78,3.6e-06,3.6030769230769213e-06,4.615384615384767e-09,0.0,0
3,28,57.0,6.0,15534,15612,78,3.6e-06,3.5997435897435883e-06,1.5806189751202354e-09,0.0,0
3,29,59.0,6.0,15456,15534,78,3.6e-06,3.6033333333333316e-06,5.4694176942825855e-09,0.0,0
3,30,61.0,6.0,15378,15456,78,3.6e-06,3.5993589743589724e-06,7.221716464362977e-09,0.0,0
3,31,63.0,6.0,15301,15378,77,3.59e-06,3.5875324675324666e-06,6.4779033316050955e-09,0.0,0
3,32,65.0,6.0,15223,15301,78,3.6e-06,3.5967948717948707e-06,4.666737108513107e-09,0.0,0
3,33,67.0,6.0,15145,15223,78,3.6e-06,3.5966666666666655e-06,4.714045207910272e-09,0.0,0
3,34,69.0,6.0,15067,15145,78,3.6e-06,3.598333333333331e-06,5.642482329401406e-09,0.0,0
3,35,71.0,6.0,14989,15067,78,3.6e-06,3.601153846153845e-06,4.523661221635313e-09,0.0,0
3,36,73.0,6.0,14911,14989,78,3.6e-06,3.5956410256410244e-06,4.958738360465008e-09,0.0,0
3,37,75.0,6.0,14834,14911,77,3.59e-06,3.59e-06,4.264014327112168e-09,0.0,0
3,38,77.0,6.0,14756,14834,78,3.58e-06,3.583076923076922e-06,5.141009655323905e-09,0.0,0
3,39,79.0,6.0,14678,14756,78,3.57e-06,3.584615384615384e-06,3.7474514679887393e-08,0.0,0
3,40,81.0,6.0,14600,14678,78,2.2400000000000002e-05,1.893871794871795e-05,6.170080695764193e-06,0.8461538461538461,1
3,41,83.0,6.0,14522,14600,78,2.33e-05,2.3323076923076917e-05,4.213250442347393e-08,1.0,1
3,42,85.0,6.0,14445,14522,77,2.33e-05,2.333376623376623e-05,6.763229385086447e-08,1.0,1
3,43,87.0,6.0,14367,14445,78,2.32e-05,2.315e-05,1.4741359920566778e-07,1.0,1
3,44,89.0,6.0,14289,14367,78,2.34e-05,2.3385897435897433e-05,3.4804799898713066e-08,1.0,1
3,45,91.0,6.0,14211,14289,78,2.35e-05,2.3474358974358976e-05,4.3665093245964704e-08,1.0,1
3,46,93.0,6.0,14133,14211,78,4.3700000000000005e-06,9.910769230769227e-06,8.537063803360203e-06,0.28205128205128205,0
3,47,95.0,6.0,14056,14133,77,3.68e-06,3.6751948051948045e-06,4.99620365238212e-09,0.0,0
3,48,97.0,6.0,13978,14056,78,3.68e-06,3.6797435897435888e-06,4.521844125268776e-09,0.0,0
3,49,99.0,6.0,13900,13978,78,3.68e-06,3.6834615384615377e-06,4.757429568020332e-09,0.0,0
4,0,1.0,8.0,17915,17993,78,2.47e-05,2.4747435897435896e-05,4.993421049782118e-08,1.0,1
4,1,3.0,8.0,17993,18071,78,2.48e-05,2.4796153846153845e-05,1.923076923076905e-08,1.0,1
4,2,5.0,8.0,18071,18148,77,2.48e-05,2.476363636363636e-05,4.810456929208301e-08,1.0,1
4,3,7.0,8.0,18148,18226,78,2.48e-05,2.475897435897436e-05,4.9188015623719743e-08,1.0,1
4,4,9.0,8.0,18226,18304,78,2.48e-05,2.47551282051282e-05,4.973631984941188e-08,1.0,1
4,5,11.0,8.0,18304,18382,78,2.47e-05,2.473461538461538e-05,4.7574295680203314e-08,1.0,1
4,6,13.0,8.0,18382,18460,78,2.47e-05,2.4721794871794866e-05,4.1285236379755044e-08,1.0,1
4,7,15.0,8.0,18460,18537,77,2.47e-05,2.4701298701298697e-05,1.1321815437767877e-08,1.0,1
4,8,17.0,8.0,18537,18615,78,2.47e-05,2.4703846153846145e-05,1.923076923076905e-08,1.0,1
4,9,19.0,8.0,18615,18693,78,2.47e-05,2.4703846153846145e-05,1.923076923076905e-08,1.0,1
4,10,21.0,8.0,18693,18771,78,2.47e-05,2.470384615384615e-05,1.9230769230769045e-08,1.0,1
4,11,23.0,8.0,18771,18849,78,2.47e-05,2.47051282051282e-05,3.16123795024047e-08,1.0,1
4,12,25.0,8.0,18849,18927,78,2.455e-05,2.4002564102564107e-05,9.256978461145507e-07,1.0,1
4,13,27.0,8.0,18927,19004,77,5.63e-06,1.0166493506493506e-05,6.596618922675221e-06,0.4155844155844156,0
4,14,29.0,8.0,19004,19082,78,3.59e-06,3.587820512820512e-06,6.128419693701029e-09,0.0,0
4,15,31.0,8.0,19082,19160,78,3.6e-06,3.597564102564101e-06,4.292479241739243e-09,0.0,0
4,16,33.0,8.0,19160,19238,78,3.6e-06,3.5999999999999986e-06,4.5291081365784355e-09,0.0,0
4,17,35.0,8.0,19238,19316,78,3.61e-06,3.6101282051282053e-06,5.428696246087273e-09,0.0,0
4,18,37.0,8.0,19316,19393,77,3.62e-06,3.6162337662337664e-06,4.845391715890248e-09,0.0,0
4,19,39.0,8.0,19393,19471,78,3.62e-06,3.6182051282051297e-06,4.158275574417102e-09,0.0,0
4,20,41.0,8.0,19471,19549,78,3.625e-06,3.6250000000000017e-06,4.999999999999951e-09,0.0,0
4,21,43.0,8.0,19549,19627,78,3.63e-06,3.626410256410258e-06,4.796996649710136e-09,0.0,0
4,22,45.0,8.0,19627,19705,78,3.63e-06,3.6255128205128227e-06,4.973631984941189e-09,0.0,0
4,23,47.0,8.0,19705,19782,77,3.62e-06,3.624155844155845e-06,4.9282249249376865e-09,0.0,0
4,24,49.0,8.0,19782,19860,78,3.62e-06,3.6244871794871807e-06,4.973631984941188e-09,0.0,0
4,25,51.0,8.0,19860,19938,78,3.62e-06,3.6205128205128215e-06,3.161237950240471e-09,0.0,0
4,26,53.0,8.0,19938,20016,78,3.62e-06,3.6160256410256405e-06,4.893675559997982e-09,0.0,0
4,27,55.0,8.0,20016,20094,78,3.61e-06,3.613717948717947e-06,4.832840211530919e-09,0.0,0
4,28,57.0,8.0,20094,20171,77,3.61e-06,3.6058441558441543e-06,4.928224924937896e-09,0.0,0
4,29,59.0,8.0,20171,20249,78,3.6e-06,3.5984615384615376e-06,9.880948137434766e-09,0.0,0
4,30,61.0,8.0,20249,20327,78,3.58e-06,3.592307692307692e-06,1.5184597199479962e-08,0.0,0
4,31,63.0,8.0,20327,20405,78,3.63e-06,3.6265384615384622e-06,1.0600788925276372e-08,0.0,0
4,32,65.0,8.0,20405,20483,78,3.63e-06,3.6310256410256424e-06,5.903007401651913e-09,0.0,0
4,33,67.0,8.0,20483,20561,78,3.63e-06,3.6206410256410245e-06,1.2438540559718141e-08,0.0,0
4,34,69.0,8.0,20561,20638,77,3.61e-06,3.607532467532469e-06,1.0212780909785803e-08,0.0,0
4,35,71.0,8.0,20638,20716,78,3.62e-06,3.6225641025641047e-06,4.650860806978687e-09,0.0,0
4,36,73.0,8.0,20716,20794,78,3.62e-06,3.6239743589743605e-06,4.893675559997982e-09,0.0,0
4,37,75.0,8.0,20794,20872,78,3.62e-06,3.6242307692307712e-06,4.940474068717309e-09,0.0,0
4,38,77.0,8.0,20872,20950,78,3.62e-06,3.6247435897435906e-06,4.993421049782117e-09,0.0,0
4,39,79.0,8.0,20950,21027,77,3.62e-06,3.6219480519480526e-06,7.39233738740653e-09,0.0,0
4,40,81.0,8.0,21027,21105,78,1.66e-05,1.437961538461539e-05,9.10559372207865e-06,0.5,1
4,41,83.0,8.0,21105,21183,78,2.34e-05,2.3402564102564103e-05,1.5806189751202353e-08,1.0,1
4,42,85.0,8.0,21183,21261,78,2.33e-05,2.3278205128205122e-05,9.560527275642092e-08,1.0,1
4,43,87.0,8.0,21261,21339,78,2.32e-05,2.3153846153846158e-05,7.457969011409813e-08,1.0,1
4,44,89.0,8.0,21339,21416,77,2.33e-05,2.3261038961038958e-05,7.053753565714439e-08,1.0,1
4,45,91.0,8.0,21416,21494,78,2.33e-05,2.333333333333333e-05,4.7140452079102715e-08,1.0,1
4,46,93.0,8.0,21494,21572,78,1.5399999999999998e-05,1.3538846153846153e-05,8.170989799875208e-06,0.5769230769230769,1
4,47,95.0,8.0,21572,21650,78,3.63e-06,3.626153846153845e-06,6.837072628704234e-09,0.0,0
4,48,97.0,8.0,21650,21728,78,3.63e-06,3.630256410256411e-06,1.4320002056864785e-08,0.0,0
4,49,99.0,8.0,21728,21806,78,3.66e-06,3.6612820512820516e-06,6.86107085141514e-09,0.0,0
5,0,1.0,10.0,25743,25821,78,2.48e-05,2.4773076923076925e-05,4.435600997950264e-08,1.0,1
5,1,3.0,10.0,25665,25743,78,2.47e-05,2.4728205128205127e-05,4.4999817371241224e-08,1.0,1
5,2,5.0,10.0,25587,25665,78,2.47e-05,2.471538461538461e-05,3.6080121229410647e-08,1.0,1
5,3,7.0,10.0,25509,25587,78,2.47e-05,2.4725641025641024e-05,4.366509324596471e-08,1.0,1
5,4,9.0,10.0,25431,25509,78,2.47e-05,2.4735897435897432e-05,4.796996649710136e-08,1.0,1
5,5,11.0,10.0,25354,25431,77,2.47e-05,2.4732467532467527e-05,4.682534123979163e-08,1.0,1
5,6,13.0,10.0,25276,25354,78,2.48e-05,2.4780769230769227e-05,3.941134909984423e-08,1.0,1
5,7,15.0,10.0,25198,25276,78,2.48e-05,2.4793589743589742e-05,2.4493555351977717e-08,1.0,1
5,8,17.0,10.0,25120,25198,78,2.48e-05,2.4787179487179485e-05,3.343180720616711e-08,1.0,1
5,9,19.0,10.0,25042,25120,78,2.48e-05,2.4798717948717948e-05,1.1249954342810304e-08,1.0,1
5,10,21.0,10.0,24965,25042,77,2.48e-05,2.4818181818181816e-05,3.856946079199313e-08,1.0,1
5,11,23.0,10.0,24887,24965,78,2.48e-05,2.4824358974358975e-05,4.292479241739243e-08,1.0,1
5,12,25.0,10.0,24809,24887,78,2.49e-05,2.4888461538461542e-05,3.194855331891537e-08,1.0,1
5,13,27.0,10.0,24731,24809,78,2.2950000000000002e-05,2.2578205128205132e-05,1.9914334121043305e-06,1.0,1
5,14,29.0,10.0,24653,24731,78,9.89e-06,1.3233333333333331e-05,8.043107523369225e-06,0.48717948717948717,0
5,15,31.0,10.0,24576,24653,77,3.77e-06,3.7698701298701295e-06,9.601610591830915e-09,0.0,0
5,16,33.0,10.0,24498,24576,78,3.77e-06,3.769871794871795e-06,9.934863469773942e-09,0.0,0
5,17,35.0,10.0,24420,24498,78,3.69e-06,3.6969230769230787e-06,1.1013708510212636e-08,0.0,0
5,18,37.0,10.0,24342,24420,78,3.7e-06,3.695897435897435e-06,4.918801562372181e-09,0.0,0
5,19,39.0,10.0,24264,24342,78,3.68e-06,3.684487179487178e-06,4.9736319849411874e-09,0.0,0
5,20,41.0,10.0,24187,24264,77,3.69e-06,3.689090909090908e-06,5.1425947722658335e-09,0.0,0
5,21,43.0,10.0,24109,24187,78,3.69e-06,3.68576923076923e-06,4.94047406871731e-09,0.0,0
5,22,45.0,10.0,24031,24109,78,3.68e-06,3.6779487179487163e-06,4.037952755903456e-09,0.0,0
5,23,47.0,10.0,23953,24031,78,3.68e-06,3.6792307692307678e-06,6.153846153846096e-09,0.0,0
5,24,49.0,10.0,23875,23953,78,3.69e-06,3.689230769230768e-06,4.7418569253607805e-09,0.0,0
5,25,51.0,10.0,23797,23875,78,3.68e-06,3.6815384615384604e-06,7.1749069639144185e-09,0.0,0
5,26,53.0,10.0,23720,23797,77,3.67e-06,3.673506493506493e-06,5.0365505012117225e-09,0.0,0
5,27,55.0,10.0,23642,23720,78,3.67e-06,3.6673076923076923e-06,4.435600997950263e-09,0.0,0
5,28,57.0,10.0,23564,23642,78,3.68e-06,3.68025641025641e-06,8.316551148834255e-09,0.0,0
5,29,59.0,10.0,23486,23564,78,3.7e-06,3.701410256410255e-06,6.9290098035239865e-09,0.0,0
5,30,61.0,10.0,23408,23486,78,3.71e-06,3.708589743589742e-06,1.1062104285184808e-08,0.0,0
5,31,63.0,10.0,23331,23408,77,3.69e-06,3.6901298701298685e-06,8.295438661128043e-09,0.0,0
5,32,65.0,10.0,23253,23331,78,3.69e-06,3.6944871794871783e-06,4.973631984941399e-09,0.0,0
5,33,67.0,10.0,23175,23253,78,3.7e-06,3.6955128205128195e-06,4.973631984941399e-09,0.0,0
5,34,69.0,10.0,23097,23175,78,3.7e-06,3.69576923076923e-06,4.940474068717519e-09,0.0,0
5,35,71.0,10.0,23019,23097,78,3.7e-06,3.695897435897435e-06,4.918801562372181e-09,0.0,0
5,36,73.0,10.0,22942,23019,77,3.7e-06,3.696753246753246e-06,6.124584998728232e-09,0.0,0
5,37,75.0,10.0,22864,22942,78,3.64e-06,3.6376923076923064e-06,4.6627907262713356e-08,0.0,0
5,38,77.0,10.0,22786,22864,78,3.185e-06,3.2249999999999996e-06,1.0934244020859067e-07,0.0,0
5,39,79.0,10.0,22708,22786,78,3.5e-06,3.4685897435897428e-06,8.983923474704274e-08,0.0,0
5,40,81.0,10.0,22630,22708,78,3.675e-06,7.747564102564104e-06,6.191714311697992e-06,0.2692307692307692,0
5,41,83.0,10.0,22552,22630,78,2.32e-05,2.3058974358974355e-05,4.1831036736507284e-07,1.0,1
5,42,85.0,10.0,22475,22552,77,2.33e-05,2.3297402597402594e-05,1.5905777550539965e-08,1.0,1
5,43,87.0,10.0,22397,22475,78,2.3e-05,2.3057692307692303e-05,1.0192912415538973e-07,1.0,1
5,44,89.0,10.0,22319,22397,78,2.3e-05,2.3026923076923078e-05,9.828409491677418e-08,1.0,1
5,45,91.0,10.0,22241,22319,78,2.34e-05,2.3379487179487176e-05,4.0379527559034545e-08,1.0,1
5,46,93.0,10.0,22163,22241,78,2.34e-05,1.797692307692308e-05,8.130238793555618e-06,0.6923076923076923,1
5,47,95.0,10.0,22086,22163,77,3.68e-06,3.692077922077921e-06,3.354925289344333e-08,0.0,0
5,48,97.0,10.0,22008,22086,78,3.68e-06,3.6762820512820506e-06,4.83284021153092e-09,0.0,0
5,49,99.0,10.0,21930,22008,78,3.68e-06,3.6761538461538455e-06,4.865042554105152e-09,0.0,0
6,0,1.0,12.0,25945,26023,78,2.47e-05,2.4711538461538454e-05,3.1948553318915366e-08,1.0,1
6,1,3.0,12.0,26023,26101,78,2.47e-05,2.4707692307692303e-05,2.6646935501059395e-08,1.0,1
6,2,5.0,12.0,26101,26178,77,2.47e-05,2.4712987012987007e-05,3.361604962479132e-08,1.0,1
6,3,7.0,12.0,26178,26256,78,2.47e-05,2.4699999999999994e-05,6.776263578034403e-21,1.0,1
6,4,9.0,12.0,26256,26334,78,2.47e-05,2.4702564102564093e-05,1.580618975120235e-08,1.0,1
6,5,11.0,12.0,26334,26412,78,2.47e-05,2.469358974358974e-05,2.4493555351977717e-08,1.0,1
6,6,13.0,12.0,26412,26490,78,2.47e-05,2.469358974358974e-05,2.4493555351977717e-08,1.0,1
6,7,15.0,12.0,26490,26568,78,2.47e-05,2.4691025641025637e-05,2.858140616616377e-08,1.0,1
6,8,17.0,12.0,26568,26645,77,2.47e-05,2.467532467532467e-05,4.31121887602537e-08,1.0,1
6,9,19.0,12.0,26645,26723,78,2.47e-05,2.4662820512820518e-05,4.832840211530918e-08,1.0,1
6,10,21.0,12.0,26723,26801,78,2.4650000000000003e-05,2.4650000000000003e-05,4.9999999999999515e-08,1.0,1
6,11,23.0,12.0,26801,26879,78,2.47e-05,2.466666666666666e-05,4.7140452079102715e-08,1.0,1
6,12,25.0,12.0,26879,26957,78,2.2749999999999997e-05,2.16948717948718e-05,2.864633929085182e-06,1.0,1
6,13,27.0,12.0,26957,27034,77,1.3e-05,1.100896103896104e-05,6.070698965814972e-06,0.5324675324675324,1
6,14,29.0,12.0,27034,27112,78,3.68e-06,3.681794871794871e-06,1.6151811023613982e-08,0.0,0
6,15,31.0,12.0,27112,27190,78,3.69e-06,3.6873076923076917e-06,4.715788245576755e-09,0.0,0
6,16,33.0,12.0,27190,27268,78,3.68e-06,3.6847435897435887e-06,5.243887522107015e-09,0.0,0
6,17,35.0,12.0,27268,27346,78,3.69e-06,3.6856410256410243e-06,4.958738360465008e-09,0.0,0
6,18,37.0,12.0,27346,27423,77,3.69e-06,3.6903896103896094e-06,2.518275250605945e-09,0.0,0
6,19,39.0,12.0,27423,27501,78,3.69e-06,3.6874358974358964e-06,4.366509324596471e-09,0.0,0
6,20,41.0,12.0,27501,27579,78,3.69e-06,3.6905128205128196e-06,4.205440888937691e-09,0.0,0
6,21,43.0,12.0,27579,27657,78,3.69e-06,3.69179487179487e-06,3.837597319768271e-09,0.0,0
6,22,45.0,12.0,27657,27735,78,3.69e-06,3.6902564102564093e-06,3.1922819482022915e-09,0.0,0
6,23,47.0,12.0,27735,27812,77,3.69e-06,3.687532467532467e-06,4.31121887602537e-09,0.0,0
6,24,49.0,12.0,27812,27890,78,3.69e-06,3.687820512820512e-06,4.128523637975504e-09,0.0,0
6,25,51.0,12.0,27890,27968,78,3.69e-06,3.700641025641027e-06,1.821099580415173e-08,0.0,0
6,26,53.0,12.0,27968,28046,78,3.75e-06,3.751794871794872e-06,7.802627720360405e-09,0.0,0
6,27,55.0,12.0,28046,28124,78,3.76e-06,3.7594871794871803e-06,4.499981737124122e-09,0.0,0
6,28,57.0,12.0,28124,28202,78,3.76e-06,3.758461538461539e-06,5.32938710021188e-09,0.0,0
6,29,59.0,12.0,28202,28279,77,3.75e-06,3.747662337662339e-06,5.5586843010474e-09,0.0,0
6,30,61.0,12.0,28279,28357,78,3.74e-06,3.7379487179487187e-06,5.852672928468487e-09,0.0,0
6,31,63.0,12.0,28357,28435,78,3.73e-06,3.7314102564102578e-06,9.435932274183267e-09,0.0,0
6,32,65.0,12.0,28435,28513,78,3.74e-06,3.739871794871796e-06,9.127808980168053e-09,0.0,0
6,33,67.0,12.0,28513,28591,78,3.73e-06,3.7282051282051286e-06,7.802627720360537e-09,0.0,0
6,34,69.0,12.0,28591,28668,77,3.7e-06,3.7022077922077918e-06,1.0521885247028157e-08,0.0,0
6,35,71.0,12.0,28668,28746,78,3.68e-06,3.6828205128205115e-06,4.499981737124122e-09,0.0,0
6,36,73.0,12.0,28746,28824,78,3.68e-06,3.684615384615384e-06,4.985185152621383e-09,0.0,0
6,37,75.0,12.0,28824,28902,78,3.69e-06,3.6910256410256406e-06,6.11633868814192e-09,0.0,0
6,38,77.0,12.0,28902,28980,78,3.725e-06,3.729615384615385e-06,2.283959156379087e-08,0.0,0
6,39,79.0,12.0,28980,29057,77,3.78e-06,3.776883116883117e-06,4.904209763246515e-09,0.0,0
6,40,81.0,12.0,29057,29135,78,8.085000000000001e-06,1.3123333333333334e-05,9.10007490342048e-06,0.4358974358974359,0
6,41,83.0,12.0,29135,29213,78,2.34e-05,2.3400000000000003e-05,3.3881317890172014e-21,1.0,1
6,42,85.0,12.0,29213,29291,78,2.32e-05,2.3206410256410252e-05,1.3806329242531815e-07,1.0,1
6,43,87.0,12.0,29291,29369,78,2.29e-05,2.296794871794872e-05,9.12780898016794e-08,1.0,1
6,44,89.0,12.0,29369,29447,78,2.33e-05,2.3288461538461537e-05,5.306205663224276e-08,1.0,1
6,45,91.0,12.0,29447,29524,77,2.33e-05,2.323246753246753e-05,1.7390963352894245e-07,1.0,1
6,46,93.0,12.0,29524,29602,78,4e-06,9.783205128205125e-06,7.235148979308872e-06,0.38461538461538464,0
6,47,95.0,12.0,29602,29680,78,3.76e-06,3.7605128205128206e-06,6.960959979742614e-09,0.0,0
6,48,97.0,12.0,29680,29758,78,3.78e-06,3.7780769230769226e-06,5.560320113385002e-09,0.0,0
6,49,99.0,12.0,29758,29836,78,3.79e-06,3.78525641025641e-06,4.99342104978233e-09,0.0,0
7,0,1.0,14.0,33773,33851,78,2.47e-05,2.4699999999999994e-05,6.776263578034403e-21,1.0,1
7,1,3.0,14.0,33695,33773,78,2.47e-05,2.4698717948717942e-05,1.1249954342810306e-08,1.0,1
7,2,5.0,14.0,33617,33695,78,2.47e-05,2.470384615384615e-05,1.9230769230769045e-08,1.0,1
7,3,7.0,14.0,33539,33617,78,2.47e-05,2.47051282051282e-05,2.2057244274468068e-08,1.0,1
7,4,9.0,14.0,33462,33539,77,2.47e-05,2.47038961038961e-05,1.935021353993662e-08,1.0,1
7,5,11.0,14.0,33384,33462,78,2.47e-05,2.4708974358974354e-05,2.8581406166163764e-08,1.0,1
7,6,13.0,14.0,33306,33384,78,2.47e-05,2.4703846153846145e-05,1.923076923076905e-08,1.0,1
7,7,15.0,14.0,33228,33306,78,2.47e-05,2.4720512820512814e-05,4.0379527559034545e-08,1.0,1
7,8,17.0,14.0,33150,33228,78,2.48e-05,2.475641025641025e-05,4.958738360465008e-08,1.0,1
7,9,19.0,14.0,33073,33150,77,2.48e-05,2.4768831168831167e-05,4.631832337695282e-08,1.0,1
7,10,21.0,14.0,32995,33073,78,2.48e-05,2.4784615384615385e-05,3.608012122941065e-08,1.0,1
7,11,23.0,14.0,32917,32995,78,2.48e-05,2.4785897435897433e-05,3.4804799898713066e-08,1.0,1
7,12,25.0,14.0,32839,32917,78,2.48e-05,2.4797435897435897e-05,2.2499908685620612e-08,1.0,1
7,13,27.0,14.0,32761,32839,78,2.44e-05,2.3678205128205128e-05,1.451493257259963e-06,1.0,1
7,14,29.0,14.0,32683,32761,78,9.175e-06,1.1171666666666668e-05,6.4697902349118464e-06,0.46153846153846156,0
7,15,31.0,14.0,32606,32683,77,3.8e-06,3.8022077922077913e-06,8.15807728547494e-09,0.0,0
7,16,33.0,14.0,32528,32606,78,3.79e-06,3.7887179487179474e-06,6.671595810901477e-09,0.0,0
7,17,35.0,14.0,32450,32528,78,3.77e-06,3.7705128205128197e-06,7.493148305744808e-09,0.0,0
7,18,37.0,14.0,32372,32450,78,3.76e-06,3.7628205128205133e-06,7.1427632190687106e-09,0.0,0
7,19,39.0,14.0,32294,32372,78,3.74e-06,3.7473076923076932e-06,1.751724988097463e-08,0.0,0
7,20,41.0,14.0,32217,32294,77,3.8e-06,3.798571428571428e-06,1.609341929834772e-08,0.0,0
7,21,43.0,14.0,32139,32217,78,3.79e-06,3.7835897435897435e-06,2.218652622850407e-08,0.0,0
7,22,45.0,14.0,32061,32139,78,3.805e-06,3.8069230769230755e-06,9.24144681586663e-09,0.0,0
7,23,47.0,14.0,31983,32061,78,3.8e-06,3.7974358974358966e-06,4.366509324596471e-09,0.0,0
7,24,49.0,14.0,31905,31983,78,3.8e-06,3.7970512820512808e-06,4.55985108814835e-09,0.0,0
7,25,51.0,14.0,31828,31905,77,3.79e-06,3.7946753246753242e-06,4.989447457739835e-09,0.0,0
7,26,53.0,14.0,31750,31828,78,3.79e-06,3.787051282051281e-06,4.832840211531108e-09,0.0,0
7,27,55.0,14.0,31672,31750,78,3.78e-06,3.7811538461538453e-06,3.194855331891672e-09,0.0,0
7,28,57.0,14.0,31594,31672,78,3.78e-06,3.784358974358973e-06,4.958738360465218e-09,0.0,0
7,29,59.0,14.0,31516,31594,78,3.78e-06,3.7807692307692303e-06,6.557288129510043e-09,0.0,0
7,30,61.0,14.0,31438,31516,78,3.77e-06,3.77602564102564e-06,1.0782196102567211e-08,0.0,0
7,31,63.0,14.0,31361,31438,77,3.77e-06,3.7703896103896103e-06,1.3622132338903193e-08,0.0,0
7,32,65.0,14.0,31283,31361,78,3.75e-06,3.7538461538461546e-06,4.865042554105152e-09,0.0,0
7,33,67.0,14.0,31205,31283,78,3.77e-06,3.770128205128206e-06,1.2859555934390454e-08,0.0,0
7,34,69.0,14.0,31127,31205,78,3.77e-06,3.7698717948717943e-06,1.0314737992569494e-08,0.0,0
7,35,71.0,14.0,31049,31127,78,3.75e-06,3.7458974358974366e-06,4.918801562371973e-09,0.0,0
7,36,73.0,14.0,30972,31049,77,3.74e-06,3.7350649350649365e-06,6.1630184507558086e-09,0.0,0
7,37,75.0,14.0,30894,30972,78,3.73e-06,3.7256410256410273e-06,5.451356827043386e-09,0.0,0
7,38,77.0,14.0,30816,30894,78,3.73e-06,3.7301282051282063e-06,8.242104184843888e-09,0.0,0
7,39,79.0,14.0,30738,30816,78,3.75e-06,3.747692307692309e-06,1.0732538223823739e-08,0.0,0
7,40,81.0,14.0,30660,30738,78,3.73e-06,3.734358974358975e-06,1.5240780617142177e-08,0.0,0
7,41,83.0,14.0,30583,30660,77,1.24e-05,1.2359220779220779e-05,8.125415436529481e-06,0.5064935064935064,1
7,42,85.0,14.0,30505,30583,78,2.33e-05,2.329487179487179e-05,2.205724427446806e-08,1.0,1
7,43,87.0,14.0,30427,30505,78,2.33e-05,2.3299999999999997e-05,1.601281538050856e-08,1.0,1
7,44,89.0,14.0,30349,30427,78,2.29e-05,2.2983333333333324e-05,1.079133872385585e-07,1.0,1
7,45,91.0,14.0,30271,30349,78,2.33e-05,2.3229487179487176e-05,1.450985291757562e-07,1.0,1
7,46,93.0,14.0,30193,30271,78,2.34e-05,2.3394871794871797e-05,2.205724427446806e-08,1.0,1
7,47,95.0,14.0,30116,30193,77,3.89e-06,7.497532467532469e-06,6.893487639313024e-06,0.15584415584415584,0
7,48,97.0,14.0,30038,30116,78,3.78e-06,3.784358974358973e-06,4.958738360465218e-09,0.0,0
7,49,99.0,14.0,29960,30038,78,3.79e-06,3.7884615384615375e-06,3.947385722651562e-09,0.0,0
8,0,1.0,16.0,33975,34053,78,2.47e-05,2.468589743589743e-05,3.480479989871307e-08,1.0,1
8,1,3.0,16.0,34053,34131,78,2.47e-05,2.4694871794871788e-05,2.2057244274468068e-08,1.0,1
8,2,5.0,16.0,34131,34209,78,2.47e-05,2.4651282051282054e-05,4.9983560742609585e-08,1.0,1
8,3,7.0,16.0,34209,34286,77,2.46e-05,2.4641558441558445e-05,4.928224924937687e-08,1.0,1
8,4,9.0,16.0,34286,34364,78,2.47e-05,2.465384615384615e-05,4.985185152621383e-08,1.0,1
8,5,11.0,16.0,34364,34442,78,2.47e-05,2.4676923076923077e-05,4.213250442347392e-08,1.0,1
8,6,13.0,16.0,34442,34520,78,2.47e-05,2.466666666666667e-05,4.714045207910271e-08,1.0,1
8,7,15.0,16.0,34520,34598,78,2.46e-05,2.4632051282051282e-05,4.6667371085131085e-08,1.0,1
8,8,17.0,16.0,34598,34675,77,2.46e-05,2.4632467532467535e-05,4.682534123979162e-08,1.0,1
8,9,19.0,16.0,34675,34753,78,2.46e-05,2.4633333333333337e-05,4.7140452079102715e-08,1.0,1
8,10,21.0,16.0,34753,34831,78,2.46e-05,2.4625641025641028e-05,4.366509324596471e-08,1.0,1
8,11,23.0,16.0,34831,34909,78,2.46e-05,2.4524358974358974e-05,2.1314849610968412e-07,1.0,1
8,12,25.0,16.0,34909,34987,78,4.22e-06,1.0144615384615388e-05,7.430880075618555e-06,0.3974358974358974,0
8,13,27.0,16.0,34987,35064,77,3.76e-06,3.7598701298701304e-06,5.220714608374438e-09,0.0,0
8,14,29.0,16.0,35064,35142,78,3.75e-06,3.7538461538461546e-06,6.249260311258371e-09,0.0,0
8,15,31.0,16.0,35142,35220,78,3.75e-06,3.7520512820512833e-06,5.852672928468315e-09,0.0,0
8,16,33.0,16.0,35220,35298,78,3.74e-06,3.744615384615386e-06,4.985185152621384e-09,0.0,0
8,17,35.0,16.0,35298,35376,78,3.75e-06,3.7534615384615395e-06,5.268903227701108e-09,0.0,0
8,18,37.0,16.0,35376,35454,78,3.76e-06,3.757820512820513e-06,4.973631984941189e-09,0.0,0
8,19,39.0,16.0,35454,35531,77,3.77e-06,3.765714285714286e-06,4.948716593053888e-09,0.0,0
8,20,41.0,16.0,35531,35609,78,3.77e-06,3.7670512820512815e-06,4.559851088148352e-09,0.0,0
8,21,43.0,16.0,35609,35687,78,3.77e-06,3.7671794871794883e-06,4.499981737124122e-09,0.0,0
8,22,45.0,16.0,35687,35765,78,3.77e-06,3.7661538461538463e-06,4.865042554105153e-09,0.0,0
8,23,47.0,16.0,35765,35843,78,3.77e-06,3.7669230769230768e-06,4.6153846153845706e-09,0.0,0
8,24,49.0,16.0,35843,35920,77,3.76e-06,3.7641558441558445e-06,4.928224924937686e-09,0.0,0
8,25,51.0,16.0,35920,35998,78,3.76e-06,3.7616666666666678e-06,4.36085932094738e-09,0.0,0
8,26,53.0,16.0,35998,36076,78,3.76e-06,3.757948717948719e-06,4.037952755903455e-09,0.0,0
8,27,55.0,16.0,36076,36154,78,3.76e-06,3.7560256410256417e-06,4.893675559997982e-09,0.0,0
8,28,57.0,16.0,36154,36232,78,3.76e-06,3.755512820512822e-06,4.9736319849411874e-09,0.0,0
8,29,59.0,16.0,36232,36309,77,3.75e-06,3.754805194805195e-06,4.99620365238212e-09,0.0,0
8,30,61.0,16.0,36309,36387,78,3.76e-06,3.755128205128206e-06,4.99835607426096e-09,0.0,0
8,31,63.0,16.0,36387,36465,78,3.76e-06,3.755128205128206e-06,4.99835607426096e-09,0.0,0
8,32,65.0,16.0,36465,36543,78,3.76e-06,3.7553846153846163e-06,4.985185152621384e-09,0.0,0
8,33,67.0,16.0,36543,36621,78,3.75e-06,3.7548717948717953e-06,4.998356074260959e-09,0.0,0
8,34,69.0,16.0,36621,36698,77,3.75e-06,3.7529870129870143e-06,4.5768857627807596e-09,0.0,0
8,35,71.0,16.0,36698,36776,78,3.75e-06,3.7506410256410267e-06,3.335797905450657e-09,0.0,0
8,36,73.0,16.0,36776,36854,78,3.75e-06,3.747948717948719e-06,4.037952755903455e-09,0.0,0
8,37,75.0,16.0,36854,36932,78,3.75e-06,3.746666666666668e-06,4.714045207910272e-09,0.0,0
8,38,77.0,16.0,36932,37010,78,3.75e-06,3.7464102564102576e-06,4.796996649710135e-09,0.0,0
8,39,79.0,16.0,37010,37088,78,3.75e-06,3.748461538461539e-06,5.564752413900128e-09,0.0,0
8,40,81.0,16.0,37088,37165,77,6.48e-06,1.1885844155844155e-05,8.912570482138655e-06,0.37662337662337664,0
8,41,83.0,16.0,37165,37243,78,2.33e-05,2.3299999999999997e-05,3.3881317890172014e-21,1.0,1
8,42,85.0,16.0,37243,37321,78,2.33e-05,2.3244871794871797e-05,7.450251397829587e-08,1.0,1
8,43,87.0,16.0,37321,37399,78,2.3e-05,2.3017948717948717e-05,3.837597319768108e-08,1.0,1
8,44,89.0,16.0,37399,37477,78,2.32e-05,2.3203846153846146e-05,4.92047206728092e-08,1.0,1
8,45,91.0,16.0,37477,37554,77,2.32e-05,2.313636363636363e-05,1.7351154825827824e-07,1.0,1
8,46,93.0,16.0,37554,37632,78,3.76e-06,9.565384615384616e-06,7.198225153806426e-06,0.3717948717948718,0
8,47,95.0,16.0,37632,37710,78,3.77e-06,3.772692307692308e-06,6.538461538461476e-09,0.0,0
8,48,97.0,16.0,37710,37788,78,3.77e-06,3.7710256410256407e-06,5.681671745169263e-09,0.0,0
8,49,99.0,16.0,37788,37866,78,3.78e-06,3.7812820512820504e-06,4.898711070395687e-09,0.0,0
9,0,1.0,18.0,41803,41881,78,2.45e-05,2.451923076923077e-05,3.941134909984557e-08,1.0,1
9,1,3.0,18.0,41725,41803,78,2.45e-05,2.451923076923077e-05,3.941134909984557e-08,1.0,1
9,2,5.0,18.0,41647,41725,78,2.45e-05,2.4512820512820514e-05,3.343180720616825e-08,1.0,1
9,3,7.0,18.0,41569,41647,78,2.45e-05,2.451794871794872e-05,3.837597319768238e-08,1.0,1
9,4,9.0,18.0,41492,41569,77,2.45e-05,2.4548051948051952e-05,4.996203652382289e-08,1.0,1
9,5,11.0,18.0,41414,41492,78,2.45e-05,2.4538461538461537e-05,4.8650425541053176e-08,1.0,1
9,6,13.0,18.0,41336,41414,78,2.45e-05,2.4539743589743592e-05,4.8936755599981476e-08,1.0,1
9,7,15.0,18.0,41258,41336,78,2.46e-05,2.458717948717949e-05,3.343180720616824e-08,1.0,1
9,8,17.0,18.0,41180,41258,78,2.46e-05,2.4598717948717954e-05,1.1249954342810683e-08,1.0,1
9,9,19.0,18.0,41103,41180,77,2.46e-05,2.45987012987013e-05,1.1321815437768257e-08,1.0,1
9,10,21.0,18.0,41025,41103,78,2.46e-05,2.4601282051282057e-05,1.12499543428103e-08,1.0,1
9,11,23.0,18.0,40947,41025,78,2.46e-05,2.4601282051282057e-05,1.1249954342810301e-08,1.0,1
9,12,25.0,18.0,40869,40947,78,2.46e-05,2.4607692307692314e-05,2.6646935501059398e-08,1.0,1
9,13,27.0,18.0,40791,40869,78,2.46e-05,2.463846153846154e-05,4.865042554105153e-08,1.0,1
9,14,29.0,18.0,40714,40791,77,2.47e-05,2.4683116883116877e-05,3.7460272991833296e-08,1.0,1
9,15,31.0,18.0,40636,40714,78,2.47e-05,2.4701282051282045e-05,1.1249954342810306e-08,1.0,1
9,16,33.0,18.0,40558,40636,78,8.29e-06,1.3623589743589743e-05,9.578913670857512e-06,0.4358974358974359,0
9,17,35.0,18.0,40480,40558,78,3.75e-06,3.74974358974359e-06,8.619351955882794e-09,0.0,0
9,18,37.0,18.0,40402,40480,78,3.74e-06,3.7444871794871804e-06,5.4649080733197485e-09,0.0,0
9,19,39.0,18.0,40324,40402,78,3.71e-06,3.7139743589743605e-06,1.1361173601997543e-08,0.0,0
9,20,41.0,18.0,40247,40324,77,3.73e-06,3.730129870129869e-06,1.4726379413572283e-08,0.0,0
9,21,43.0,18.0,40169,40247,78,3.75e-06,3.747692307692309e-06,4.213250442347391e-09,0.0,0
9,22,45.0,18.0,40091,40169,78,3.75e-06,3.7487179487179495e-06,3.3431807206167106e-09,0.0,0
9,23,47.0,18.0,40013,40091,78,3.75e-06,3.7493589743589748e-06,2.4493555351977706e-09,0.0,0
9,24,49.0,18.0,39935,40013,78,3.75e-06,3.747435897435899e-06,4.3665093245964705e-09,0.0,0
9,25,51.0,18.0,39858,39935,77,3.75e-06,3.7464935064935076e-06,4.771733265161989e-09,0.0,0
9,26,53.0,18.0,39780,39858,78,3.745e-06,3.7450000000000014e-06,4.999999999999951e-09,0.0,0
9,27,55.0,18.0,39702,39780,78,3.74e-06,3.740128205128206e-06,4.6667371085132025e-09,0.0,0
9,28,57.0,18.0,39624,39702,78,3.74e-06,3.735256410256412e-06,4.993421049782329e-09,0.0,0
9,29,59.0,18.0,39546,39624,78,3.73e-06,3.7317948717948736e-06,4.158275574417264e-09,0.0,0
9,30,61.0,18.0,39469,39546,77,3.73e-06,3.7281818181818195e-06,3.856946079199312e-09,0.0,0
9,31,63.0,18.0,39391,39469,78,3.73e-06,3.7256410256410273e-06,4.958738360465009e-09,0.0,0
9,32,65.0,18.0,39313,39391,78,3.72e-06,3.722692307692309e-06,4.715788245576755e-09,0.0,0
9,33,67.0,18.0,39235,39313,78,3.72e-06,3.7191025641025656e-06,2.858140616616377e-09,0.0,0
9,34,69.0,18.0,39157,39235,78,3.72e-06,3.718589743589744e-06,3.480479989871307e-09,0.0,0
9,35,71.0,18.0,39079,39157,78,3.72e-06,3.716025641025641e-06,4.893675559997982e-09,0.0,0
9,36,73.0,18.0,39002,39079,77,3.71e-06,3.712467532467532e-06,4.6026091290049825e-09,0.0,0
9,37,75.0,18.0,38924,39002,78,3.71e-06,3.708076923076922e-06,3.9411349099844235e-09,0.0,0
9,38,77.0,18.0,38846,38924,78,3.71e-06,3.7102564102564087e-06,7.156556788180887e-09,0.0,0
9,39,79.0,18.0,38768,38846,78,3.7e-06,3.698717948717949e-06,9.78735111999614e-09,0.0,0
9,40,81.0,18.0,38690,38768,78,3.69e-06,3.6867948717948707e-06,4.666737108513108e-09,0.0,0
9,41,83.0,18.0,38613,38690,77,3.68e-06,3.683116883116882e-06,4.631832337695282e-09,0.0,0
9,42,85.0,18.0,38535,38613,78,3.64e-06,3.6361538461538454e-06,3.06439758262186e-08,0.0,0
9,43,87.0,18.0,38457,38535,78,3.56e-06,3.583205128205128e-06,6.434071147561779e-08,0.0,0
9,44,89.0,18.0,38379,38457,78,2.225e-05,1.8888461538461535e-05,5.95815473863732e-06,0.8589743589743589,1
9,45,91.0,18.0,38301,38379,78,2.31e-05,2.305897435897435e-05,8.538885028382896e-08,1.0,1
9,46,93.0,18.0,38224,38301,77,2.3e-05,2.3014285714285717e-05,8.329931278350373e-08,1.0,1
9,47,95.0,18.0,38146,38224,78,2.29e-05,2.286410256410256e-05,1.1319866694689334e-07,1.0,1
9,48,97.0,18.0,38068,38146,78,2.32e-05,2.3137179487179485e-05,9.75454849314224e-08,1.0,1
9,49,99.0,18.0,37990,38068,78,2.33e-05,2.2891282051282044e-05,2.1404872192638037e-06,0.9743589743589743,1
10,0,1.0,20.0,42005,42083,78,2.45e-05,2.4507692307692308e-05,2.66469355010603e-08,1.0,1
10,1,3.0,20.0,42083,42161,78,2.45e-05,2.450128205128205e-05,1.1249954342810688e-08,1.0,1
10,2,5.0,20.0,42161,42239,78,2.45e-05,2.45e-05,1.6012815380508832e-08,1.0,1
10,3,7.0,20.0,42239,42316,77,2.45e-05,2.4498701298701296e-05,1.1321815437767875e-08,1.0,1
10,4,9.0,20.0,42316,42394,78,2.45e-05,2.4498717948717948e-05,1.1249954342810306e-08,1.0,1
10,5,11.0,20.0,42394,42472,78,2.45e-05,2.45e-05,0.0,1.0,1
10,6,13.0,20.0,42472,42550,78,2.45e-05,2.4498717948717948e-05,1.1249954342810306e-08,1.0,1
10,7,15.0,20.0,42550,42628,78,2.45e-05,2.4498717948717948e-05,1.1249954342810306e-08,1.0,1
10,8,17.0,20.0,42628,42705,77,2.45e-05,2.4310389610389608e-05,3.0941268855705924e-07,1.0,1
10,9,19.0,20.0,42705,42783,78,2.065e-05,1.848871794871795e-05,4.902647468715078e-06,0.8846153846153846,1
10,10,21.0,20.0,42783,42861,78,3.7e-06,3.7267948717948707e-06,7.630057952099687e-08,0.0,0
10,11,23.0,20.0,42861,42939,78,3.71e-06,3.707435897435896e-06,5.172882308162007e-09,0.0,0
10,12,25.0,20.0,42939,43017,78,3.72e-06,3.715512820512821e-06,4.97363198494119e-09,0.0,0
10,13,27.0,20.0,43017,43095,78,3.72e-06,3.7220512820512836e-06,4.898711070395543e-09,0.0,0
10,14,29.0,20.0,43095,43172,77,3.73e-06,3.7264935064935083e-06,4.771733265161989e-09,0.0,0
10,15,31.0,20.0,43172,43250,78,3.73e-06,3.7300000000000016e-06,2.7735009811261777e-09,0.0,0
10,16,33.0,20.0,43250,43328,78,3.73e-06,3.73320512820513e-06,4.666737108513306e-09,0.0,0
10,17,35.0,20.0,43328,43406,78,3.73e-06,3.73346153846154e-06,4.757429568020534e-09,0.0,0
10,18,37.0,20.0,43406,43484,78,3.73e-06,3.733333333333335e-06,4.714045207910471e-09,0.0,0
10,19,39.0,20.0,43484,43561,77,3.73e-06,3.7323376623376636e-06,4.2322521394287935e-09,0.0,0
10,20,41.0,20.0,43561,43639,78,3.73e-06,3.7292307692307702e-06,2.6646935501059396e-09,0.0,0
10,21,43.0,20.0,43639,43717,78,3.72e-06,3.721923076923075e-06,7.689101896089078e-09,0.0,0
10,22,45.0,20.0,43717,43795,78,3.71e-06,3.713333333333335e-06,6.918326955503544e-09,0.0,0
10,23,47.0,20.0,43795,43873,78,3.72e-06,3.7221794871794883e-06,4.128523637975504e-09,0.0,0
10,24,49.0,20.0,43873,43950,77,3.72e-06,3.7220779220779233e-06,4.057272558912509e-09,0.0,0
10,25,51.0,20.0,43950,44028,78,3.75e-06,3.7533333333333323e-06,2.1641997790778656e-08,0.0,0
10,26,53.0,20.0,44028,44106,78,3.83e-06,3.831794871794871e-06,2.7020580463293362e-08,0.0,0
10,27,55.0,20.0,44106,44184,78,3.98e-06,3.989102564102563e-06,7.111179168395566e-08,0.0,0
10,28,57.0,20.0,44184,44262,78,4.29e-06,4.286410256410256e-06,9.028408666571567e-08,0.0,0
10,29,59.0,20.0,44262,44339,77,4.77e-06,4.748051948051948e-06,1.6890817424676022e-07,0.0,0
10,30,61.0,20.0,44339,44417,78,5.305e-06,5.288205128205128e-06,1.6958277299530883e-07,0.0,0
10,31,63.0,20.0,44417,44495,78,6e-06,5.981282051282052e-06,2.1399951458343568e-07,0.0,0
10,32,65.0,20.0,44495,44573,78,6.47e-06,6.526794871794872e-06,1.7355626878692676e-07,0.0,0
10,33,67.0,20.0,44573,44651,78,7.23e-06,7.225897435897436e-06,2.1587885905826244e-07,0.0,0
10,34,69.0,20.0,44651,44729,78,8.525e-06,8.491410256410258e-06,4.4950036182346e-07,0.0,0
10,35,71.0,20.0,44729,44806,77,9.85e-06,9.955064935064935e-06,5.224557978609313e-07,0.0,0
10,36,73.0,20.0,44806,44884,78,1.8800000000000003e-05,1.7865384615384618e-05,4.501163009913616e-06,0.8461538461538461,1
10,37,75.0,20.0,44884,44962,78,2.32e-05,2.3194871794871785e-05,2.2057244274468803e-08,1.0,1
10,38,77.0,20.0,44962,45040,78,2.3e-05,2.3035897435897435e-05,1.1206037632519043e-07,1.0,1
10,39,79.0,20.0,45040,45118,78,2.28e-05,2.2814102564102568e-05,5.9321719493638e-08,1.0,1
10,40,81.0,20.0,45118,45195,77,2.29e-05,2.2864935064935065e-05,1.1595591836649243e-07,1.0,1
10,41,83.0,20.0,45195,45273,78,2.31e-05,2.311410256410256e-05,4.1523422412056286e-08,1.0,1
10,42,85.0,20.0,45273,45351,78,2.28e-05,2.092948717948718e-05,3.2926923351473635e-06,0.9743589743589743,1
10,43,87.0,20.0,45351,45429,78,3.77e-06,3.898205128205128e-06,7.642689545215718e-07,0.0,0
10,44,89.0,20.0,45429,45507,78,3.78e-06,3.7846153846153835e-06,5.475424744631591e-09,0.0,0
10,45,91.0,20.0,45507,45584,77,3.79e-06,3.7928571428571418e-06,5.059937594487812e-09,0.0,0
10,46,93.0,20.0,45584,45662,78,3.79e-06,3.7925641025641014e-06,4.3665093245964705e-09,0.0,0
10,47,95.0,20.0,45662,45740,78,3.79e-06,3.7887179487179482e-06,4.037952755903595e-09,0.0,0
10,48,97.0,20.0,45740,45818,78,3.9250000000000005e-06,7.731410256410257e-06,7.006438014583623e-06,0.16666666666666666,0
10,49,99.0,20.0,45818,45896,78,2.32e-05,2.3199999999999998e-05,3.580574370197191e-08,1.0,1
11,0,1.0,22.0,49833,49911,78,3.71e-06,3.710897435897436e-06,6.031094095558443e-09,0.0,0
11,1,3.0,22.0,49755,49833,78,3.69e-06,3.693076923076922e-06,7.730673554708485e-09,0.0,0
11,2,5.0,22.0,49677,49755,78,3.87e-06,9.151025641025643e-06,6.96824033074598e-06,0.358974358974359,0
11,3,7.0,22.0,49600,49677,77,2.3e-05,2.29012987012987e-05,2.4308274818638583e-07,1.0,1
11,4,9.0,22.0,49522,49600,78,2.3e-05,2.2987179487179485e-05,3.3431807206167104e-08,1.0,1
11,5,11.0,22.0,49444,49522,78,2.28e-05,2.2811538461538462e-05,8.317539273491647e-08,1.0,1
11,6,13.0,22.0,49366,49444,78,2.28e-05,2.2766666666666663e-05,4.7140452079102715e-08,1.0,1
11,7,15.0,22.0,49288,49366,78,2.2950000000000002e-05,2.2926923076923072e-05,8.113470426818885e-08,1.0,1
11,8,17.0,22.0,49210,49288,78,2.3e-05,2.2998717948717945e-05,1.1249954342810298e-08,1.0,1
11,9,19.0,22.0,49133,49210,77,2.3e-05,2.2980519480519477e-05,3.960506670643315e-08,1.0,1
11,10,21.0,22.0,49055,49133,78,2.3e-05,2.2999999999999997e-05,3.3881317890172014e-21,1.0,1
11,11,23.0,22.0,48977,49055,78,2.29e-05,2.2937179487179487e-05,4.83284021153092e-08,1.0,1
11,12,25.0,22.0,48899,48977,78,2.3e-05,2.297051282051282e-05,5.797650797228222e-08,1.0,1
11,13,27.0,22.0,48821,48899,78,2.3e-05,2.29576923076923e-05,7.428156890703095e-08,1.0,1
11,14,29.0,22.0,48744,48821,77,2.3e-05,2.30038961038961e-05,1.9350213539936622e-08,1.0,1
11,15,31.0,22.0,48666,48744,78,2.3e-05,2.3001282051282048e-05,1.12499543428103e-08,1.0,1
11,16,33.0,22.0,48588,48666,78,2.29e-05,2.2921794871794873e-05,7.78681263541553e-08,1.0,1
11,17,35.0,22.0,48510,48588,78,2.3e-05,2.2956410256410253e-05,1.2464281643832463e-07,1.0,1
11,18,37.0,22.0,48432,48510,78,2.12e-05,1.5065512820512825e-05,8.025084175201304e-06,0.5384615384615384,1
11,19,39.0,22.0,48355,48432,77,3.73e-06,3.815324675324675e-06,1.6413950683128255e-07,0.0,0
11,20,41.0,22.0,48277,48355,78,3.7e-06,3.696794871794871e-06,4.666737108513306e-09,0.0,0
11,21,43.0,22.0,48199,48277,78,3.7e-06,3.6979487179487173e-06,4.037952755903625e-09,0.0,0
11,22,45.0,22.0,48121,48199,78,3.7e-06,3.6998717948717946e-06,1.9569663490351316e-09,0.0,0
11,23,47.0,22.0,48043,48121,78,3.7e-06,3.7032051282051268e-06,4.666737108513108e-09,0.0,0
11,24,49.0,22.0,47965,48043,78,3.71e-06,3.707435897435896e-06,4.366509324596471e-09,0.0,0
11,25,51.0,22.0,47888,47965,77,3.7e-06,3.6984415584415576e-06,5.3609785559871934e-09,0.0,0
11,26,53.0,22.0,47810,47888,78,3.7e-06,3.6982051282051272e-06,3.83759731976827e-09,0.0,0
11,27,55.0,22.0,47732,47810,78,3.7e-06,3.6991025641025633e-06,2.8581406166164976e-09,0.0,0
11,28,57.0,22.0,47654,47732,78,3.7e-06,3.6989743589743577e-06,3.0338870682563125e-09,0.0,0
11,29,59.0,22.0,47576,47654,78,3.7e-06,3.696666666666666e-06,4.714045207910472e-09,0.0,0
11,30,61.0,22.0,47499,47576,77,3.69e-06,3.692077922077922e-06,4.653629316147895e-09,0.0,0
11,31,63.0,22.0,47421,47499,78,3.68e-06,3.684358974358973e-06,5.681671745169263e-09,0.0,0
11,32,65.0,22.0,47343,47421,78,3.685e-06,3.838846153846153e-06,2.8478503259985314e-07,0.0,0
11,33,67.0,22.0,47265,47343,78,1.825e-05,1.6428333333333333e-05,5.57850830549977e-06,0.782051282051282,1
11,34,69.0,22.0,47187,47265,78,2.27e-05,2.2688461538461536e-05,1.3679553264445117e-07,1.0,1
11,35,71.0,22.0,47110,47187,77,2.27e-05,2.265584415584416e-05,1.2842048072033966e-07,1.0,1
11,36,73.0,22.0,47032,47110,78,2.22e-05,2.2637179487179487e-05,9.715318296327096e-07,1.0,1
11,37,75.0,22.0,46954,47032,78,2.44e-05,2.439871794871795e-05,1.9569663490350772e-08,1.0,1
11,38,77.0,22.0,46876,46954,78,2.44e-05,2.4402564102564096e-05,1.5806189751202356e-08,1.0,1
11,39,79.0,22.0,46798,46876,78,2.44e-05,2.4407692307692302e-05,2.6646935501059395e-08,1.0,1
11,40,81.0,22.0,46720,46798,78,2.44e-05,2.4415384615384608e-05,3.6080121229410647e-08,1.0,1
11,41,83.0,22.0,46643,46720,77,2.44e-05,2.4418181818181813e-05,3.856946079199313e-08,1.0,1
11,42,85.0,22.0,46565,46643,78,2.44e-05,2.442179487179487e-05,4.128523637975503e-08,1.0,1
11,43,87.0,22.0,46487,46565,78,2.44e-05,2.4428205128205123e-05,4.4999817371241224e-08,1.0,1
11,44,89.0,22.0,46409,46487,78,2.4449999999999998e-05,2.4449999999999995e-05,4.9999999999999515e-08,1.0,1
11,45,91.0,22.0,46331,46409,78,2.45e-05,2.4461538461538458e-05,4.865042554105152e-08,1.0,1
11,46,93.0,22.0,46254,46331,77,2.45e-05,2.4476623376623373e-05,4.2322521394286145e-08,1.0,1
11,47,95.0,22.0,46176,46254,78,2.45e-05,2.4498717948717948e-05,1.9569663490350994e-08,1.0,1
11,48,97.0,22.0,46098,46176,78,2.45e-05,2.4524358974358974e-05,4.2924792417393883e-08,1.0,1
11,49,99.0,22.0,46020,46098,78,2.46e-05,2.457564102564103e-05,4.2924792417393883e-08,1.0,1
12,0,1.0,24.0,50035,50113,78,3.72e-06,3.724871794871796e-06,4.998356074260959e-09,0.0,0
12,1,3.0,24.0,50113,50191,78,3.73e-06,3.7261538461538475e-06,4.865042554105152e-09,0.0,0
12,2,5.0,24.0,50191,50269,78,3.72e-06,3.72346153846154e-06,4.757429568020333e-09,0.0,0
12,3,7.0,24.0,50269,50346,77,3.72e-06,3.7368831168831165e-06,3.159236058650728e-08,0.0,0
12,4,9.0,24.0,50346,50424,78,2.3e-05,1.7745512820512818e-05,7.992423599473778e-06,0.6923076923076923,1
12,5,11.0,24.0,50424,50502,78,2.3e-05,2.3033333333333332e-05,4.7140452079102715e-08,1.0,1
12,6,13.0,24.0,50502,50580,78,2.29e-05,2.2937179487179487e-05,5.337091870897061e-08,1.0,1
12,7,15.0,24.0,50580,50658,78,2.28e-05,2.28076923076923e-05,3.108809141790353e-08,1.0,1
12,8,17.0,24.0,50658,50736,78,2.29e-05,2.293461538461538e-05,6.947960976840646e-08,1.0,1
12,9,19.0,24.0,50736,50813,77,2.29e-05,2.294155844155844e-05,4.9282249249376863e-08,1.0,1
12,10,21.0,24.0,50813,50891,78,2.3e-05,2.2961538461538455e-05,4.865042554105152e-08,1.0,1
12,11,23.0,24.0,50891,50969,78,2.3e-05,2.298205128205128e-05,3.8375973197681086e-08,1.0,1
12,12,25.0,24.0,50969,51047,78,2.3e-05,2.29551282051282e-05,4.973631984941188e-08,1.0,1
12,13,27.0,24.0,51047,51125,78,2.29e-05,2.2947435897435896e-05,4.993421049782118e-08,1.0,1
12,14,29.0,24.0,51125,51202,77,2.29e-05,2.2948051948051947e-05,4.9962036523821195e-08,1.0,1
12,15,31.0,24.0,51202,51280,78,2.29e-05,2.2944871794871793e-05,4.973631984941188e-08,1.0,1
12,16,33.0,24.0,51280,51358,78,2.29e-05,2.291923076923077e-05,3.941134909984423e-08,1.0,1
12,17,35.0,24.0,51358,51436,78,2.29e-05,2.290128205128205e-05,2.9929788538279005e-08,1.0,1
12,18,37.0,24.0,51436,51514,78,2.04e-05,1.826153846153846e-05,4.780159872051024e-06,0.8717948717948718,1
12,19,39.0,24.0,51514,51591,77,3.74e-06,3.946623376623377e-06,3.908751765069991e-07,0.0,0
12,20,41.0,24.0,51591,51669,78,3.665e-06,3.6649999999999996e-06,4.999999999999952e-09,0.0,0
12,21,43.0,24.0,51669,51747,78,3.67e-06,3.6726923076923077e-06,4.715788245576755e-09,0.0,0
12,22,45.0,24.0,51747,51825,78,3.68e-06,3.677435897435896e-06,4.366509324596471e-09,0.0,0
12,23,47.0,24.0,51825,51903,78,3.68e-06,3.6819230769230763e-06,4.545409718265556e-09,0.0,0
12,24,49.0,24.0,51903,51981,78,3.69e-06,3.6866666666666655e-06,4.714045207910272e-09,0.0,0
12,25,51.0,24.0,51981,52058,77,3.69e-06,3.6927272727272723e-06,5.00295072318409e-09,0.0,0
12,26,53.0,24.0,52058,52136,78,3.69e-06,3.6944871794871783e-06,4.973631984941399e-09,0.0,0
12,27,55.0,24.0,52136,52214,78,3.7e-06,3.6964102564102556e-06,4.796996649710338e-09,0.0,0
12,28,57.0,24.0,52214,52292,78,3.7e-06,3.7026923076923057e-06,4.435600997950263e-09,0.0,0
12,29,59.0,24.0,52292,52370,78,3.71e-06,3.7115384615384606e-06,5.564752413900128e-09,0.0,0
12,30,61.0,24.0,52370,52447,77,3.71e-06,3.7107792207792213e-06,4.4913289521533556e-09,0.0,0
12,31,63.0,24.0,52447,52525,78,3.72e-06,3.715897435897437e-06,4.918801562371973e-09,0.0,0
12,32,65.0,24.0,52525,52603,78,3.72e-06,3.840512820512821e-06,2.1730810831213492e-07,0.0,0
12,33,67.0,24.0,52603,52681,78,2.1349999999999997e-05,1.6031153846153847e-05,7.556773321174416e-06,0.6025641025641025,1
12,34,69.0,24.0,52681,52759,78,2.3e-05,2.2965384615384617e-05,7.130095672556094e-08,1.0,1
12,35,71.0,24.0,52759,52836,77,2.29e-05,2.2935064935064934e-05,5.036550501211734e-08,1.0,1
12,36,73.0,24.0,52836,52914,78,2.26e-05,2.2525641025641024e-05,2.2039352766096658e-07,1.0,1
12,37,75.0,24.0,52914,52992,78,2.2e-05,2.216666666666667e-05,8.443882122527844e-07,1.0,1
12,38,77.0,24.0,52992,53070,78,2.44e-05,2.438333333333333e-05,8.535997180367846e-08,1.0,1
12,39,79.0,24.0,53070,53148,78,2.44e-05,2.4408974358974357e-05,2.858140616616377e-08,1.0,1
12,40,81.0,24.0,53148,53225,77,2.44e-05,2.4429870129870126e-05,4.57688576278076e-08,1.0,1
12,41,83.0,24.0,53225,53303,78,2.44e-05,2.4425641025641023e-05,4.366509324596471e-08,1.0,1
12,42,85.0,24.0,53303,53381,78,2.44e-05,2.4403846153846148e-05,1.9230769230769042e-08,1.0,1
12,43,87.0,24.0,53381,53459,78,2.44e-05,2.4399999999999997e-05,3.3881317890172014e-21,1.0,1
12,44,89.0,24.0,53459,53537,78,2.44e-05,2.4402564102564096e-05,1.5806189751202356e-08,1.0,1
12,45,91.0,24.0,53537,53615,78,2.44e-05,2.4399999999999997e-05,3.3881317890172014e-21,1.0,1
12,46,93.0,24.0,53615,53692,77,2.44e-05,2.4401298701298697e-05,1.1321815437767878e-08,1.0,1
12,47,95.0,24.0,53692,53770,78,2.44e-05,2.4399999999999997e-05,3.3881317890172014e-21,1.0,1
12,48,97.0,24.0,53770,53848,78,2.44e-05,2.4398717948717942e-05,1.1249954342810306e-08,1.0,1
12,49,99.0,24.0,53848,53926,78,2.44e-05,2.4397435897435894e-05,1.580618975120235e-08,1.0,1
13,0,1.0,26.0,57863,57941,78,3.77e-06,3.769102564102564e-06,3.646528885468656e-09,0.0,0
13,1,3.0,26.0,57785,57863,78,3.76e-06,3.75474358974359e-06,8.431375921772934e-09,0.0,0
13,2,5.0,26.0,57707,57785,78,3.86e-06,8.515897435897438e-06,6.575483688145713e-06,0.32051282051282054,0
13,3,7.0,26.0,57630,57707,77,2.29e-05,2.277272727272728e-05,3.181261546857779e-07,1.0,1
13,4,9.0,26.0,57552,57630,78,2.29e-05,2.2902564102564104e-05,1.5806189751202353e-08,1.0,1
13,5,11.0,26.0,57474,57552,78,2.29e-05,2.2851282051282048e-05,4.998356074261128e-08,1.0,1
13,6,13.0,26.0,57396,57474,78,2.28e-05,2.280641025641025e-05,5.624977171405261e-08,1.0,1
13,7,15.0,26.0,57318,57396,78,2.29e-05,2.287564102564102e-05,4.8532033924995065e-08,1.0,1
13,8,17.0,26.0,57241,57318,77,2.29e-05,2.2903896103896104e-05,1.9350213539936616e-08,1.0,1
13,9,19.0,26.0,57163,57241,78,2.29e-05,2.2915384615384615e-05,3.6080121229410647e-08,1.0,1
13,10,21.0,26.0,57085,57163,78,2.29e-05,2.2899999999999998e-05,2.264554068289208e-08,1.0,1
13,11,23.0,26.0,57007,57085,78,2.29e-05,2.2937179487179484e-05,4.832840211530919e-08,1.0,1
13,12,25.0,26.0,56929,57007,78,2.3e-05,2.2957692307692308e-05,4.9404740687173095e-08,1.0,1
13,13,27.0,26.0,56851,56929,78,2.3e-05,2.2999999999999997e-05,3.3881317890172014e-21,1.0,1
13,14,29.0,26.0,56774,56851,77,2.3e-05,2.2999999999999997e-05,3.3881317890172014e-21,1.0,1
13,15,31.0,26.0,56696,56774,78,2.3e-05,2.28e-05,3.619746414124076e-07,1.0,1
13,16,33.0,26.0,56618,56696,78,4.7349999999999996e-06,6.8912820512820524e-06,5.0488702364030726e-06,0.10256410256410256,0
13,17,35.0,26.0,56540,56618,78,3.76e-06,3.761410256410256e-06,1.1845626583892572e-08,0.0,0
13,18,37.0,26.0,56462,56540,78,3.76e-06,3.7557692307692314e-06,4.94047406871731e-09,0.0,0
13,19,39.0,26.0,56385,56462,77,3.75e-06,3.7536363636363647e-06,4.8104569292083e-09,0.0,0
13,20,41.0,26.0,56307,56385,78,3.75e-06,3.7491025641025645e-06,3.2761364972257726e-09,0.0,0
13,21,43.0,26.0,56229,56307,78,3.75e-06,3.7532051282051292e-06,4.666737108513108e-09,0.0,0
13,22,45.0,26.0,56151,56229,78,3.75e-06,3.7505128205128215e-06,4.205440888937582e-09,0.0,0
13,23,47.0,26.0,56073,56151,78,3.75e-06,3.750769230769232e-06,5.254846546645897e-09,0.0,0
13,24,49.0,26.0,55996,56073,77,3.75e-06,3.754285714285715e-06,4.948716593053889e-09,0.0,0
13,25,51.0,26.0,55918,55996,78,3.76e-06,3.7557692307692314e-06,4.94047406871731e-09,0.0,0
13,26,53.0,26.0,55840,55918,78,3.76e-06,3.7578205128205137e-06,4.128523637975503e-09,0.0,0
13,27,55.0,26.0,55762,55840,78,3.76e-06,3.7564102564102575e-06,4.796996649710135e-09,0.0,0
13,28,57.0,26.0,55684,55762,78,3.75e-06,3.7501282051282057e-06,5.6599333473445916e-09,0.0,0
13,29,59.0,26.0,55606,55684,78,3.74e-06,3.7493589743589756e-06,2.598519023922224e-08,0.0,0
13,30,61.0,26.0,55529,55606,77,1.23e-05,1.1837792207792207e-05,6.498942695901742e-06,0.5194805194805194,1
13,31,63.0,26.0,55451,55529,78,2.27e-05,2.2525641025641024e-05,4.207550896856556e-07,1.0,1
13,32,65.0,26.0,55373,55451,78,2.29e-05,2.2899999999999998e-05,3.3881317890172014e-21,1.0,1
13,33,67.0,26.0,55295,55373,78,2.29e-05,2.2901282051282052e-05,1.1249954342810304e-08,1.0,1
13,34,69.0,26.0,55217,55295,78,2.29e-05,2.285769230769231e-05,6.890951102757356e-08,1.0,1
13,35,71.0,26.0,55140,55217,77,2.21e-05,2.2193506493506494e-05,2.424644369894021e-07,1.0,1
13,36,73.0,26.0,55062,55140,78,2.175e-05,2.2062820512820512e-05,9.551626219922026e-07,1.0,1
13,37,75.0,26.0,54984,55062,78,2.43e-05,2.430384615384615e-05,8.388378360490055e-08,1.0,1
13,38,77.0,26.0,54906,54984,78,2.43e-05,2.4323076923076925e-05,4.213250442347392e-08,1.0,1
13,39,79.0,26.0,54828,54906,78,2.43e-05,2.430641025641026e-05,2.4493555351977717e-08,1.0,1
13,40,81.0,26.0,54751,54828,77,2.43e-05,2.4311688311688318e-05,3.212809578403341e-08,1.0,1
13,41,83.0,26.0,54673,54751,78,2.43e-05,2.4343589743589745e-05,4.958738360465008e-08,1.0,1
13,42,85.0,26.0,54595,54673,78,2.43e-05,2.434102564102564e-05,4.9188015623719743e-08,1.0,1
13,43,87.0,26.0,54517,54595,78,2.44e-05,2.436025641025641e-05,4.8936755599979815e-08,1.0,1
13,44,89.0,26.0,54439,54517,78,2.44e-05,2.438461538461538e-05,3.6080121229410647e-08,1.0,1
13,45,91.0,26.0,54361,54439,78,2.44e-05,2.4388461538461537e-05,3.194855331891537e-08,1.0,1
13,46,93.0,26.0,54284,54361,77,2.44e-05,2.4392207792207787e-05,2.680489277993519e-08,1.0,1
13,47,95.0,26.0,54206,54284,78,2.44e-05,2.4396153846153842e-05,1.9230769230769042e-08,1.0,1
13,48,97.0,26.0,54128,54206,78,2.44e-05,2.4389743589743585e-05,3.033887068256184e-08,1.0,1
13,49,99.0,26.0,54050,54128,78,2.44e-05,2.4396153846153842e-05,1.9230769230769042e-08,1.0,1
14,0,1.0,28.0,58065,58143,78,3.77e-06,3.7712820512820514e-06,7.571704133452954e-09,0.0,0
14,1,3.0,28.0,58143,58221,78,3.78e-06,3.7787179487179487e-06,4.037952755903485e-09,0.0,0
14,2,5.0,28.0,58221,58299,78,3.78e-06,3.7776923076923076e-06,4.213250442347392e-09,0.0,0
14,3,7.0,28.0,58299,58377,78,3.78e-06,4.4852564102564106e-06,1.461965417843982e-06,0.0,0
14,4,9.0,28.0,58377,58454,77,2.3e-05,2.30012987012987e-05,8.450544667531118e-08,1.0,1
14,5,11.0,28.0,58454,58532,78,2.3e-05,2.299230769230769e-05,2.6646935501059398e-08,1.0,1
14,6,13.0,28.0,58532,58610,78,2.29e-05,2.283205128205129e-05,8.842436974625904e-08,1.0,1
14,7,15.0,28.0,58610,58688,78,2.29e-05,2.2860256410256408e-05,6.271576824941118e-08,1.0,1
14,8,17.0,28.0,58688,58766,78,2.29e-05,2.2930769230769226e-05,4.615384615384571e-08,1.0,1
14,9,19.0,28.0,58766,58843,77,2.29e-05,2.291298701298701e-05,3.361604962479132e-08,1.0,1
14,10,21.0,28.0,58843,58921,78,2.29e-05,2.2899999999999998e-05,3.3881317890172014e-21,1.0,1
14,11,23.0,28.0,58921,58999,78,2.27e-05,2.2730769230769235e-05,1.3039161164196035e-07,1.0,1
14,12,25.0,28.0,58999,59077,78,2.28e-05,2.2788461538461532e-05,8.31753927349163e-08,1.0,1
14,13,27.0,28.0,59077,59155,78,2.28e-05,2.2820512820512816e-05,5.852672928468451e-08,1.0,1
14,14,29.0,28.0,59155,59232,77,2.29e-05,2.2898701298701298e-05,1.132181543776826e-08,1.0,1
14,15,31.0,28.0,59232,59310,78,2.22e-05,2.1235897435897432e-05,2.0788911220102206e-06,1.0,1
14,16,33.0,28.0,59310,59388,78,3.975e-06,5.515128205128203e-06,3.229081294920348e-06,0.10256410256410256,0
14,17,35.0,28.0,59388,59466,78,3.71e-06,3.70628205128205e-06,4.83284021153092e-09,0.0,0
14,18,37.0,28.0,59466,59544,78,3.72e-06,3.71897435897436e-06,7.265962725797239e-09,0.0,0
14,19,39.0,28.0,59544,59622,78,3.72e-06,3.724615384615386e-06,4.9851851526213824e-09,0.0,0
14,20,41.0,28.0,59622,59699,77,3.73e-06,3.7277922077922095e-06,6.95502744882908e-09,0.0,0
14,21,43.0,28.0,59699,59777,78,3.75e-06,3.7483333333333336e-06,6.287281966789304e-09,0.0,0
14,22,45.0,28.0,59777,59855,78,3.76e-06,3.7556410256410262e-06,4.9587383604650094e-09,0.0,0
14,23,47.0,28.0,59855,59933,78,3.76e-06,3.7578205128205137e-06,4.128523637975503e-09,0.0,0
14,24,49.0,28.0,59933,60011,78,3.76e-06,3.7630769230769236e-06,4.885271508527556e-09,0.0,0
14,25,51.0,28.0,60011,60088,77,3.77e-06,3.766103896103896e-06,4.876619053381404e-09,0.0,0
14,26,53.0,28.0,60088,60166,78,3.77e-06,3.7675641025641025e-06,4.292479241739242e-09,0.0,0
14,27,55.0,28.0,60166,60244,78,3.77e-06,3.7674358974358974e-06,4.3665093245964705e-09,0.0,0
14,28,57.0,28.0,60244,60322,78,3.77e-06,3.768333333333333e-06,3.726779962499613e-09,0.0,0
14,29,59.0,28.0,60322,60400,78,3.79e-06,3.952307692307693e-06,3.0248086642994965e-07,0.0,0
14,30,61.0,28.0,60400,60477,77,2.17e-05,1.713402597402597e-05,7.128786213826461e-06,0.6623376623376623,1
14,31,63.0,28.0,60477,60555,78,2.3e-05,2.2961538461538462e-05,4.865042554105153e-08,1.0,1
14,32,65.0,28.0,60555,60633,78,2.3e-05,2.2987179487179482e-05,3.343180720616711e-08,1.0,1
14,33,67.0,28.0,60633,60711,78,2.29e-05,2.2898717948717946e-05,2.992978853827913e-08,1.0,1
14,34,69.0,28.0,60711,60789,78,2.27e-05,2.2700000000000006e-05,6.979824404521061e-08,1.0,1
14,35,71.0,28.0,60789,60866,77,2.27e-05,2.2633766233766237e-05,1.4469887192084816e-07,1.0,1
14,36,73.0,28.0,60866,60944,78,2.18e-05,2.176410256410256e-05,2.823774338038196e-07,1.0,1
14,37,75.0,28.0,60944,61022,78,2.33e-05,2.2873076923076927e-05,1.348472362353622e-06,1.0,1
14,38,77.0,28.0,61022,61100,78,2.43e-05,2.4305128205128207e-05,2.205724427446806e-08,1.0,1
14,39,79.0,28.0,61100,61178,78,2.43e-05,2.430512820512821e-05,2.2057244274468058e-08,1.0,1
14,40,81.0,28.0,61178,61256,78,2.43e-05,2.4300000000000005e-05,3.3881317890172014e-21,1.0,1
14,41,83.0,28.0,61256,61333,77,2.43e-05,2.42961038961039e-05,1.935021353993727e-08,1.0,1
14,42,85.0,28.0,61333,61411,78,2.43e-05,2.4279487179487184e-05,4.037952755903591e-08,1.0,1
14,43,87.0,28.0,61411,61489,78,2.43e-05,2.42948717948718e-05,2.205724427446881e-08,1.0,1
14,44,89.0,28.0,61489,61567,78,2.43e-05,2.4298717948717953e-05,1.1249954342810681e-08,1.0,1
14,45,91.0,28.0,61567,61645,78,2.43e-05,2.4298717948717953e-05,1.1249954342810683e-08,1.0,1
14,46,93.0,28.0,61645,61722,77,2.43e-05,2.4296103896103898e-05,1.935021353993727e-08,1.0,1
14,47,95.0,28.0,61722,61800,78,2.43e-05,2.4296153846153853e-05,1.9230769230769694e-08,1.0,1
14,48,97.0,28.0,61800,61878,78,2.43e-05,2.4300000000000005e-05,3.3881317890172014e-21,1.0,1
14,49,99.0,28.0,61878,61956,78,2.43e-05,2.4291025641025647e-05,2.8581406166164733e-08,1.0,1
15,0,1.0,30.0,65893,65971,78,3.77e-06,3.765769230769231e-06,5.193494641161257e-09,0.0,0
15,1,3.0,30.0,65815,65893,78,3.75e-06,3.7502564102564117e-06,6.975113081402725e-09,0.0,0
15,2,5.0,30.0,65737,65815,78,3.76e-06,6.3101282051282066e-06,4.7182856223773345e-06,0.19230769230769232,0
15,3,7.0,30.0,65660,65737,77,2.28e-05,2.2355844155844156e-05,9.339892802985478e-07,1.0,1
15,4,9.0,30.0,65582,65660,78,2.28e-05,2.2808974358974352e-05,2.8581406166164736e-08,1.0,1
15,5,11.0,30.0,65504,65582,78,2.28e-05,2.277948717948717e-05,4.0379527559034545e-08,1.0,1
15,6,13.0,30.0,65426,65504,78,2.27e-05,2.2738461538461544e-05,5.121790860368713e-08,1.0,1
15,7,15.0,30.0,65348,65426,78,2.29e-05,2.28525641025641e-05,4.993421049782287e-08,1.0,1
15,8,17.0,30.0,65271,65348,77,2.28e-05,2.2836363636363635e-05,4.810456929208464e-08,1.0,1
15,9,19.0,30.0,65193,65271,78,2.27e-05,2.2732051282051273e-05,8.08505898739869e-08,1.0,1
15,10,21.0,30.0,65115,65193,78,2.28e-05,2.283846153846153e-05,4.8650425541053176e-08,1.0,1
15,11,23.0,30.0,65037,65115,78,2.28e-05,2.283205128205128e-05,6.886178975382539e-08,1.0,1
15,12,25.0,30.0,64959,65037,78,2.27e-05,2.2739743589743596e-05,5.8484588348497087e-08,1.0,1
15,13,27.0,30.0,64882,64959,77,2.27e-05,2.0147142857142852e-05,5.385858794437318e-06,0.8311688311688312,1
15,14,29.0,30.0,64804,64882,78,3.86e-06,4.206666666666667e-06,6.749048682566909e-07,0.0,0
15,15,31.0,30.0,64726,64804,78,3.74e-06,3.7375641025641036e-06,4.581427791078504e-09,0.0,0
15,16,33.0,30.0,64648,64726,78,3.74e-06,3.737179487179488e-06,4.499981737124312e-09,0.0,0
15,17,35.0,30.0,64570,64648,78,3.74e-06,3.7351282051282067e-06,4.998356074261172e-09,0.0,0
15,18,37.0,30.0,64492,64570,78,3.73e-06,3.734743589743591e-06,4.993421049782328e-09,0.0,0
15,19,39.0,30.0,64415,64492,77,3.73e-06,3.7303896103896115e-06,2.989834917719888e-09,0.0,0
15,20,41.0,30.0,64337,64415,78,3.73e-06,3.7298717948717964e-06,4.08046934944608e-09,0.0,0
15,21,43.0,30.0,64259,64337,78,3.73e-06,3.731538461538463e-06,3.6080121229412183e-09,0.0,0
15,22,45.0,30.0,64181,64259,78,3.73e-06,3.732564102564104e-06,4.366509324596656e-09,0.0,0
15,23,47.0,30.0,64103,64181,78,3.73e-06,3.733333333333335e-06,4.714045207910471e-09,0.0,0
15,24,49.0,30.0,64026,64103,77,3.74e-06,3.7351948051948057e-06,4.9962036523823316e-09,0.0,0
15,25,51.0,30.0,63948,64026,78,3.73e-06,3.7341025641025655e-06,4.9188015623721815e-09,0.0,0
15,26,53.0,30.0,63870,63948,78,3.73e-06,3.7247435897435913e-06,5.711966515370578e-09,0.0,0
15,27,55.0,30.0,63792,63870,78,3.88e-06,5.03948717948718e-06,2.539089730610568e-06,0.038461538461538464,0
15,28,57.0,30.0,63714,63792,78,2.16e-05,2.04e-05,2.634825932069838e-06,1.0,1
15,29,59.0,30.0,63637,63714,77,2.28e-05,2.2806493506493502e-05,2.9443594931830774e-08,1.0,1
15,30,61.0,30.0,63559,63637,78,2.28e-05,2.283205128205128e-05,4.666737108513266e-08,1.0,1
15,31,63.0,30.0,63481,63559,78,2.28e-05,2.2830769230769227e-05,4.6153846153847284e-08,1.0,1
15,32,65.0,30.0,63403,63481,78,2.27e-05,2.269615384615384e-05,8.834998540523018e-08,1.0,1
15,33,67.0,30.0,63325,63403,78,2.26e-05,2.2633333333333336e-05,4.7140452079102715e-08,1.0,1
15,34,69.0,30.0,63247,63325,78,2.27e-05,2.2698717948717955e-05,1.1249954342810306e-08,1.0,1
15,35,71.0,30.0,63170,63247,77,2.26e-05,2.263636363636364e-05,5.323091306991949e-08,1.0,1
15,36,73.0,30.0,63092,63170,78,2.085e-05,2.0919230769230765e-05,1.0003919350277863e-06,1.0,1
15,37,75.0,30.0,63014,63092,78,2.42e-05,2.4048717948717947e-05,3.261050600506895e-07,1.0,1
15,38,77.0,30.0,62936,63014,78,2.42e-05,2.4208974358974356e-05,2.858140616616474e-08,1.0,1
15,39,79.0,30.0,62858,62936,78,2.42e-05,2.420128205128205e-05,1.1249954342810688e-08,1.0,1
15,40,81.0,30.0,62781,62858,77,2.42e-05,2.4205194805194802e-05,2.2192217520305818e-08,1.0,1
15,41,83.0,30.0,62703,62781,78,2.42e-05,2.421794871794872e-05,3.837597319768239e-08,1.0,1
15,42,85.0,30.0,62625,62703,78,2.42e-05,2.4217948717948716e-05,3.837597319768238e-08,1.0,1
15,43,87.0,30.0,62547,62625,78,2.42e-05,2.423076923076923e-05,4.615384615384728e-08,1.0,1
15,44,89.0,30.0,62469,62547,78,2.42e-05,2.42474358974359e-05,4.993421049782287e-08,1.0,1
15,45,91.0,30.0,62392,62469,77,2.42e-05,2.421298701298701e-05,3.361604962479246e-08,1.0,1
15,46,93.0,30.0,62314,62392,78,2.42e-05,2.4226923076923077e-05,4.4356009979504145e-08,1.0,1
15,47,95.0,30.0,62236,62314,78,2.43e-05,2.426794871794872e-05,4.666737108513267e-08,1.0,1
15,48,97.0,30.0,62158,62236,78,2.43e-05,2.427948717948718e-05,4.037952755903591e-08,1.0,1
15,49,99.0,30.0,62080,62158,78,2.43e-05,2.427564102564103e-05,4.292479241739388e-08,1.0,1
16,0,1.0,32.0,66095,66173,78,3.77e-06,3.7742307692307694e-06,5.665738408713883e-09,0.0,0
16,1,3.0,32.0,66173,66251,78,3.76e-06,3.7633333333333334e-06,5.919690451597479e-09,0.0,0
16,2,5.0,32.0,66251,66329,78,3.76e-06,3.7582051282051283e-06,6.932567094664434e-09,0.0,0
16,3,7.0,32.0,66329,66407,78,5.66e-06,1.130679487179487e-05,8.745781766172317e-06,0.358974358974359,0
16,4,9.0,32.0,66407,66484,77,2.29e-05,2.2879220779220774e-05,5.426644783318566e-08,1.0,1
16,5,11.0,32.0,66484,66562,78,2.27e-05,2.2705128205128202e-05,8.304684482411063e-08,1.0,1
16,6,13.0,32.0,66562,66640,78,2.28e-05,2.2841025641025636e-05,4.91880156237214e-08,1.0,1
16,7,15.0,32.0,66640,66718,78,2.29e-05,2.286410256410256e-05,4.796996649710297e-08,1.0,1
16,8,17.0,32.0,66718,66796,78,2.28e-05,2.2819230769230764e-05,4.819216956208419e-08,1.0,1
16,9,19.0,32.0,66796,66873,77,2.28e-05,2.281428571428571e-05,3.499271061118912e-08,1.0,1
16,10,21.0,32.0,66873,66951,78,2.28e-05,2.2801282051282043e-05,1.1249954342810688e-08,1.0,1
16,11,23.0,32.0,66951,67029,78,2.28e-05,2.2801282051282043e-05,1.1249954342810688e-08,1.0,1
16,12,25.0,32.0,67029,67107,78,2.28e-05,2.267948717948718e-05,2.3444368103922952e-07,1.0,1
16,13,27.0,32.0,67107,67185,78,1.23e-05,1.1900128205128206e-05,6.8786653620488495e-06,0.5128205128205128,1
16,14,29.0,32.0,67185,67263,78,3.72e-06,3.729615384615386e-06,2.843987394452153e-08,0.0,0
16,15,31.0,32.0,67263,67340,77,3.72e-06,3.7240259740259754e-06,5.407964367183588e-09,0.0,0
16,16,33.0,32.0,67340,67418,78,3.73e-06,3.7308974358974376e-06,4.581427791078454e-09,0.0,0
16,17,35.0,32.0,67418,67496,78,3.74e-06,3.7369230769230783e-06,4.615384615384767e-09,0.0,0
16,18,37.0,32.0,67496,67574,78,3.73e-06,3.7297435897435904e-06,5.057200749568261e-09,0.0,0
16,19,39.0,32.0,67574,67652,78,3.74e-06,3.7439743589743606e-06,5.624977171405192e-09,0.0,0
16,20,41.0,32.0,67652,67729,77,3.74e-06,3.7403896103896127e-06,4.396444384366467e-09,0.0,0
16,21,43.0,32.0,67729,67807,78,3.73e-06,3.729102564102565e-06,5.1105465199986865e-09,0.0,0
16,22,45.0,32.0,67807,67885,78,3.73e-06,3.7307692307692324e-06,4.463306457828084e-09,0.0,0
16,23,47.0,32.0,67885,67963,78,3.74e-06,3.7356410256410277e-06,4.958738360465218e-09,0.0,0
16,24,49.0,32.0,67963,68041,78,3.74e-06,3.739871794871796e-06,3.753149017514011e-09,0.0,0
16,25,51.0,32.0,68041,68118,77,3.75e-06,3.746363636363637e-06,4.8104569292083e-09,0.0,0
16,26,53.0,32.0,68118,68196,78,3.76e-06,3.8870512820512825e-06,2.3662211014860144e-07,0.0,0
16,27,55.0,32.0,68196,68274,78,2.1649999999999998e-05,1.650641025641025e-05,7.444992289496612e-06,0.6282051282051282,1
16,28,57.0,32.0,68274,68352,78,2.29e-05,2.2903846153846152e-05,1.9230769230769045e-08,1.0,1
16,29,59.0,32.0,68352,68430,78,2.29e-05,2.2894871794871795e-05,2.2057244274468813e-08,1.0,1
16,30,61.0,32.0,68430,68508,78,2.29e-05,2.2898717948717946e-05,1.124995434281068e-08,1.0,1
16,31,63.0,32.0,68508,68585,77,2.28e-05,2.2825974025974032e-05,7.279681276489175e-08,1.0,1
16,32,65.0,32.0,68585,68663,78,2.24e-05,2.243461538461538e-05,9.977785977748389e-08,1.0,1
16,33,67.0,32.0,68663,68741,78,2.24e-05,2.2421794871794874e-05,7.097748992649503e-08,1.0,1
16,34,69.0,32.0,68741,68819,78,2.25e-05,2.2537179487179488e-05,4.83284021153092e-08,1.0,1
16,35,71.0,32.0,68819,68897,78,2.27e-05,2.271410256410257e-05,6.92900980352386e-08,1.0,1
16,36,73.0,32.0,68897,68974,77,2.16e-05,2.0448051948051954e-05,2.233372058244697e-06,1.0,1
16,37,75.0,32.0,68974,69052,78,2.4050000000000002e-05,2.3144871794871794e-05,1.656506010568819e-06,1.0,1
16,38,77.0,32.0,69052,69130,78,2.42e-05,2.4182051282051278e-05,3.837597319768109e-08,1.0,1
16,39,79.0,32.0,69130,69208,78,2.42e-05,2.4223076923076925e-05,4.2132504423475344e-08,1.0,1
16,40,81.0,32.0,69208,69286,78,2.42e-05,2.4217948717948716e-05,3.837597319768239e-08,1.0,1
16,41,83.0,32.0,69286,69363,77,2.42e-05,2.4229870129870132e-05,4.5768857627809156e-08,1.0,1
16,42,85.0,32.0,69363,69441,78,2.42e-05,2.4224358974358977e-05,4.292479241739388e-08,1.0,1
16,43,87.0,32.0,69441,69519,78,2.42e-05,2.423717948717949e-05,4.8328402115310834e-08,1.0,1
16,44,89.0,32.0,69519,69597,78,2.42e-05,2.4226923076923077e-05,4.435600997950414e-08,1.0,1
16,45,91.0,32.0,69597,69675,78,2.42e-05,2.4205128205128205e-05,2.205724427446881e-08,1.0,1
16,46,93.0,32.0,69675,69752,77,2.42e-05,2.4211688311688312e-05,3.21280957840345e-08,1.0,1
16,47,95.0,32.0,69752,69830,78,2.42e-05,2.420128205128205e-05,1.1249954342810688e-08,1.0,1
16,48,97.0,32.0,69830,69908,78,2.42e-05,2.41974358974359e-05,1.580618975120235e-08,1.0,1
16,49,99.0,32.0,69908,69986,78,2.42e-05,2.4192307692307693e-05,2.6646935501059395e-08,1.0,1
17,0,1.0,34.0,73923,74001,78,3.7e-06,3.7037179487179507e-06,1.06348452858413e-08,0.0,0
17,1,3.0,34.0,73845,73923,78,3.69e-06,3.693333333333332e-06,5.469417694282585e-09,0.0,0
17,2,5.0,34.0,73768,73845,77,3.73e-06,5.3363636363636356e-06,3.545552146508743e-06,0.11688311688311688,0
17,3,7.0,34.0,73690,73768,78,2.26e-05,2.1767948717948724e-05,1.5394382583320144e-06,1.0,1
17,4,9.0,34.0,73612,73690,78,2.265e-05,2.2650000000000005e-05,4.999999999999952e-08,1.0,1
17,5,11.0,34.0,73534,73612,78,2.26e-05,2.2633333333333336e-05,4.7140452079102715e-08,1.0,1
17,6,13.0,34.0,73456,73534,78,2.26e-05,2.2589743589743595e-05,3.0338870682561856e-08,1.0,1
17,7,15.0,34.0,73378,73456,78,2.26e-05,2.2601282051282055e-05,1.1249954342810298e-08,1.0,1
17,8,17.0,34.0,73301,73378,77,2.26e-05,2.260519480519481e-05,2.2192217520305063e-08,1.0,1
17,9,19.0,34.0,73223,73301,78,2.26e-05,2.2583333333333338e-05,4.913786640188876e-08,1.0,1
17,10,21.0,34.0,73145,73223,78,2.27e-05,2.2651282051282057e-05,4.998356074260959e-08,1.0,1
17,11,23.0,34.0,73067,73145,78,2.215e-05,1.7041282051282054e-05,7.3718522807129165e-06,0.6538461538461539,1
17,12,25.0,34.0,72989,73067,78,3.56e-06,3.718589743589744e-06,3.0736983636177197e-07,0.0,0
17,13,27.0,34.0,72912,72989,77,3.56e-06,3.555324675324676e-06,1.0999931001485503e-08,0.0,0
17,14,29.0,34.0,72834,72912,78,3.56e-06,3.556282051282051e-06,6.8141960338042746e-09,0.0,0
17,15,31.0,34.0,72756,72834,78,3.5e-06,3.5085897435897445e-06,1.2981679296999763e-08,0.0,0
17,16,33.0,34.0,72678,72756,78,3.52e-06,3.5206410256410276e-06,7.735987098228568e-09,0.0,0
17,17,35.0,34.0,72600,72678,78,3.58e-06,3.5771794871794876e-06,1.947367953440772e-08,0.0,0
17,18,37.0,34.0,72523,72600,77,3.55e-06,3.555584415584416e-06,9.73592977350203e-09,0.0,0
17,19,39.0,34.0,72445,72523,78,3.54e-06,3.542179487179487e-06,6.914762338544446e-09,0.0,0
17,20,41.0,34.0,72367,72445,78,3.55e-06,3.5485897435897445e-06,1.3080064982034767e-08,0.0,0
17,21,43.0,34.0,72289,72367,78,3.58e-06,3.572948717948718e-06,8.931214974484064e-09,0.0,0
17,22,45.0,34.0,72211,72289,78,3.58e-06,3.5748717948717945e-06,9.573412667997208e-09,0.0,0
17,23,47.0,34.0,72133,72211,78,3.56e-06,3.5319230769230765e-06,4.943417514820925e-08,0.0,0
17,24,49.0,34.0,72056,72133,77,3.51e-06,3.5428571428571425e-06,9.665653669226531e-08,0.0,0
17,25,51.0,34.0,71978,72056,78,1.5499999999999997e-05,1.398076923076923e-05,6.518035682003725e-06,0.6410256410256411,1
17,26,53.0,34.0,71900,71978,78,2.26e-05,2.247307692307693e-05,2.0106962496319616e-07,1.0,1
17,27,55.0,34.0,71822,71900,78,2.26e-05,2.2600000000000004e-05,2.26455406828917e-08,1.0,1
17,28,57.0,34.0,71744,71822,78,2.27e-05,2.2673076923076925e-05,4.435600997950264e-08,1.0,1
17,29,59.0,34.0,71667,71744,77,2.28e-05,2.2751948051948056e-05,4.99620365238212e-08,1.0,1
17,30,61.0,34.0,71589,71667,78,2.27e-05,2.2719230769230765e-05,7.854068406408442e-08,1.0,1
17,31,63.0,34.0,71511,71589,78,2.22e-05,2.2275641025641025e-05,1.9818787864038013e-07,1.0,1
17,32,65.0,34.0,71433,71511,78,2.19e-05,2.1903846153846155e-05,1.923076923076905e-08,1.0,1
17,33,67.0,34.0,71355,71433,78,2.23e-05,2.226282051282052e-05,1.3969653406762172e-07,1.0,1
17,34,69.0,34.0,71278,71355,77,2.23e-05,2.2281818181818173e-05,6.974400821868793e-08,1.0,1
17,35,71.0,34.0,71200,71278,78,2.22e-05,2.2232051282051278e-05,6.50317274511399e-08,1.0,1
17,36,73.0,34.0,71122,71200,78,2.075e-05,2.0649999999999994e-05,1.2111395354619443e-06,1.0,1
17,37,75.0,34.0,71044,71122,78,2.42e-05,2.3811538461538456e-05,6.285883185056298e-07,1.0,1
17,38,77.0,34.0,70966,71044,78,2.42e-05,2.418205128205128e-05,3.8375973197681086e-08,1.0,1
17,39,79.0,34.0,70888,70966,78,2.42e-05,2.4194871794871793e-05,2.205724427446806e-08,1.0,1
17,40,81.0,34.0,70811,70888,77,2.42e-05,2.4188311688311685e-05,3.212809578403341e-08,1.0,1
17,41,83.0,34.0,70733,70811,78,2.42e-05,2.4187179487179484e-05,3.343180720616711e-08,1.0,1
17,42,85.0,34.0,70655,70733,78,2.42e-05,2.4189743589743587e-05,3.033887068256185e-08,1.0,1
17,43,87.0,34.0,70577,70655,78,2.42e-05,2.4183333333333333e-05,3.7267799624996136e-08,1.0,1
17,44,89.0,34.0,70499,70577,78,2.42e-05,2.4194871794871793e-05,2.205724427446806e-08,1.0,1
17,45,91.0,34.0,70422,70499,77,2.42e-05,2.42e-05,0.0,1.0,1
17,46,93.0,34.0,70344,70422,78,2.42e-05,2.4196153846153844e-05,1.9230769230769045e-08,1.0,1
17,47,95.0,34.0,70266,70344,78,2.42e-05,2.4198717948717947e-05,1.1249954342810306e-08,1.0,1
17,48,97.0,34.0,70188,70266,78,2.42e-05,2.4198717948717947e-05,1.1249954342810306e-08,1.0,1
17,49,99.0,34.0,70110,70188,78,2.42e-05,2.4198717948717947e-05,1.1249954342810306e-08,1.0,1
18,0,1.0,36.0,74125,74203,78,3.71e-06,3.7052564102564087e-06,4.993421049782118e-09,0.0,0
18,1,3.0,36.0,74203,74281,78,3.71e-06,3.7055128205128194e-06,4.9736319849411874e-09,0.0,0
18,2,5.0,36.0,74281,74359,78,3.71e-06,3.737307692307693e-06,7.78175558091518e-08,0.0,0
18,3,7.0,36.0,74359,74437,78,2.28e-05,1.8778333333333326e-05,7.114251752043427e-06,0.7564102564102564,1
18,4,9.0,36.0,74437,74514,77,2.28e-05,2.2766233766233762e-05,4.72912765091765e-08,1.0,1
18,5,11.0,36.0,74514,74592,78,2.255e-05,2.2565384615384607e-05,1.599895213531209e-07,1.0,1
18,6,13.0,36.0,74592,74670,78,2.22e-05,2.2261538461538462e-05,8.043275457106673e-08,1.0,1
18,7,15.0,36.0,74670,74748,78,2.27e-05,2.257948717948719e-05,1.5799949233850133e-07,1.0,1
18,8,17.0,36.0,74748,74826,78,2.27e-05,2.2701282051282058e-05,2.528600374784081e-08,1.0,1
18,9,19.0,36.0,74826,74904,78,2.27e-05,2.2669230769230774e-05,4.615384615384572e-08,1.0,1
18,10,21.0,36.0,74904,74981,77,2.09e-05,1.891168831168831e-05,4.2563463395958105e-06,0.9090909090909091,1
18,11,23.0,36.0,74981,75059,78,3.68e-06,3.888846153846155e-06,4.0268643005041226e-07,0.0,0
18,12,25.0,36.0,75059,75137,78,3.63e-06,3.6346153846153853e-06,5.236045604272291e-09,0.0,0
18,13,27.0,36.0,75137,75215,78,3.64e-06,3.642564102564103e-06,4.918801562372153e-09,0.0,0
18,14,29.0,36.0,75215,75293,78,3.65e-06,3.645769230769231e-06,4.9404740687175195e-09,0.0,0
18,15,31.0,36.0,75293,75370,77,3.65e-06,3.64883116883117e-06,3.939156074832072e-09,0.0,0
18,16,33.0,36.0,75370,75448,78,3.66e-06,3.655641025641026e-06,4.958738360465008e-09,0.0,0
18,17,35.0,36.0,75448,75526,78,3.66e-06,3.6584615384615387e-06,3.608012122941066e-09,0.0,0
18,18,37.0,36.0,75526,75604,78,3.66e-06,3.6611538461538464e-06,3.573682016606724e-09,0.0,0
18,19,39.0,36.0,75604,75682,78,3.67e-06,3.66525641025641e-06,4.993421049782119e-09,0.0,0
18,20,41.0,36.0,75682,75759,77,3.67e-06,3.667532467532467e-06,4.311218876025369e-09,0.0,0
18,21,43.0,36.0,75759,75837,78,3.67e-06,3.6673076923076923e-06,4.435600997950263e-09,0.0,0
18,22,45.0,36.0,75837,75915,78,3.67e-06,3.669871794871795e-06,3.3944108448393847e-09,0.0,0
18,23,47.0,36.0,75915,75993,78,3.68e-06,3.7383333333333333e-06,1.293317803237449e-07,0.0,0
18,24,49.0,36.0,75993,76071,78,2.105e-05,1.541230769230769e-05,7.562576538807753e-06,0.5769230769230769,1
18,25,51.0,36.0,76071,76149,78,2.24e-05,2.2403846153846143e-05,1.92307692307697e-08,1.0,1
18,26,53.0,36.0,76149,76226,77,2.21e-05,2.2120779220779218e-05,1.775282398151355e-07,1.0,1
18,27,55.0,36.0,76226,76304,78,2.23e-05,2.2300000000000003e-05,1.601281538050856e-08,1.0,1
18,28,57.0,36.0,76304,76382,78,2.23e-05,2.2264102564102565e-05,4.7969966497101344e-08,1.0,1
18,29,59.0,36.0,76382,76460,78,2.22e-05,2.219358974358974e-05,3.335797905450743e-08,1.0,1
18,30,61.0,36.0,76460,76538,78,2.175e-05,2.1717948717948716e-05,2.128822894583368e-07,1.0,1
18,31,63.0,36.0,76538,76615,77,2.1e-05,2.1059740259740255e-05,1.2614127336714903e-07,1.0,1
18,32,65.0,36.0,76615,76693,78,2.11e-05,2.106666666666666e-05,1.1947177186894134e-07,1.0,1
18,33,67.0,36.0,76693,76771,78,2.09e-05,2.0847435897435896e-05,6.144490751959869e-08,1.0,1
18,34,69.0,36.0,76771,76849,78,2.07e-05,2.0955128205128207e-05,4.325379591753168e-07,1.0,1
18,35,71.0,36.0,76849,76927,78,2.21e-05,2.2137179487179478e-05,8.182058915696906e-08,1.0,1
18,36,73.0,36.0,76927,77004,77,2.12e-05,2.1077922077922075e-05,8.872287771590024e-07,1.0,1
18,37,75.0,36.0,77004,77082,78,2.41e-05,2.3969230769230765e-05,3.0647193886172426e-07,1.0,1
18,38,77.0,36.0,77082,77160,78,2.41e-05,2.4107692307692305e-05,2.6646935501059395e-08,1.0,1
18,39,79.0,36.0,77160,77238,78,2.41e-05,2.4099999999999996e-05,3.3881317890172014e-21,1.0,1
18,40,81.0,36.0,77238,77316,78,2.41e-05,2.4099999999999996e-05,3.3881317890172014e-21,1.0,1
18,41,83.0,36.0,77316,77393,77,2.41e-05,2.4099999999999996e-05,3.3881317890172014e-21,1.0,1
18,42,85.0,36.0,77393,77471,78,2.41e-05,2.4099999999999996e-05,3.3881317890172014e-21,1.0,1
18,43,87.0,36.0,77471,77549,78,2.41e-05,2.4101282051282048e-05,1.1249954342810301e-08,1.0,1
18,44,89.0,36.0,77549,77627,78,2.41e-05,2.4099999999999996e-05,3.3881317890172014e-21,1.0,1
18,45,91.0,36.0,77627,77705,78,2.41e-05,2.4101282051282048e-05,1.1249954342810301e-08,1.0,1
18,46,93.0,36.0,77705,77783,78,2.41e-05,2.4099999999999996e-05,3.3881317890172014e-21,1.0,1
18,47,95.0,36.0,77783,77860,77,2.41e-05,2.4099999999999996e-05,3.3881317890172014e-21,1.0,1
18,48,97.0,36.0,77860,77938,78,2.41e-05,2.4099999999999996e-05,3.3881317890172014e-21,1.0,1
18,49,99.0,36.0,77938,78016,78,2.41e-05,2.4099999999999996e-05,3.3881317890172014e-21,1.0,1
19,0,1.0,38.0,81953,82031,78,3.7e-06,3.697051282051281e-06,4.559851088148544e-09,0.0,0
19,1,3.0,38.0,81875,81953,78,3.68e-06,3.6829487179487166e-06,8.337277173276408e-09,0.0,0
19,2,5.0,38.0,81798,81875,77,3.67e-06,4.754025974025974e-06,2.8583840043298008e-06,0.06493506493506493,0
19,3,7.0,38.0,81720,81798,78,2.26e-05,2.1532051282051278e-05,1.8911056045674873e-06,1.0,1
19,4,9.0,38.0,81642,81720,78,2.26e-05,2.2633333333333343e-05,4.714045207910272e-08,1.0,1
19,5,11.0,38.0,81564,81642,78,2.26e-05,2.2644871794871803e-05,5.464908073319722e-08,1.0,1
19,6,13.0,38.0,81486,81564,78,2.24e-05,2.2385897435897436e-05,2.0922589863612081e-07,1.0,1
19,7,15.0,38.0,81409,81486,77,2.27e-05,2.2594805194805194e-05,1.885667775176832e-07,1.0,1
19,8,17.0,38.0,81331,81409,78,2.26e-05,2.2562820512820518e-05,1.0390944573308802e-07,1.0,1
19,9,19.0,38.0,81253,81331,78,9.64e-06,1.3758205128205128e-05,8.112239208970817e-06,0.47435897435897434,0
19,10,21.0,38.0,81175,81253,78,3.67e-06,3.7198717948717944e-06,9.889768851805548e-08,0.0,0
19,11,23.0,38.0,81097,81175,78,3.66e-06,3.655384615384616e-06,4.9851851526213824e-09,0.0,0
19,12,25.0,38.0,81019,81097,78,3.65e-06,3.65474358974359e-06,4.993421049782118e-09,0.0,0
19,13,27.0,38.0,80942,81019,77,3.66e-06,3.6553246753246756e-06,4.9894474577398334e-09,0.0,0
19,14,29.0,38.0,80864,80942,78,3.66e-06,3.6565384615384615e-06,4.757429568020332e-09,0.0,0
19,15,31.0,38.0,80786,80864,78,3.66e-06,3.6567948717948714e-06,4.666737108513108e-09,0.0,0
19,16,33.0,38.0,80708,80786,78,3.66e-06,3.6580769230769237e-06,3.9411349099844235e-09,0.0,0
19,17,35.0,38.0,80630,80708,78,3.66e-06,3.6582051282051285e-06,3.837597319768108e-09,0.0,0
19,18,37.0,38.0,80553,80630,77,3.66e-06,3.6584415584415585e-06,3.6270753360438464e-09,0.0,0
19,19,39.0,38.0,80475,80553,78,3.66e-06,3.6587179487179486e-06,3.343180720616711e-09,0.0,0
19,20,41.0,38.0,80397,80475,78,3.66e-06,3.6582051282051285e-06,3.837597319768108e-09,0.0,0
19,21,43.0,38.0,80319,80397,78,3.66e-06,3.6580769230769237e-06,3.941134909984424e-09,0.0,0
19,22,45.0,38.0,80241,80319,78,3.66e-06,3.6583333333333328e-06,3.7267799624996125e-09,0.0,0
19,23,47.0,38.0,80164,80241,77,3.66e-06,3.694545454545455e-06,5.473775625524228e-08,0.0,0
19,24,49.0,38.0,80086,80164,78,3.95e-06,3.931282051282052e-06,3.310275278501913e-08,0.0,0
19,25,51.0,38.0,80008,80086,78,3.95e-06,3.946538461538463e-06,6.370388845540914e-09,0.0,0
19,26,53.0,38.0,79930,80008,78,3.925e-06,3.9233333333333345e-06,1.3555835782447654e-08,0.0,0
19,27,55.0,38.0,79852,79930,78,3.9e-06,3.9020512820512815e-06,6.275506795138616e-09,0.0,0
19,28,57.0,38.0,79774,79852,78,3.9e-06,3.893974358974358e-06,8.372688137054123e-09,0.0,0
19,29,59.0,38.0,79697,79774,77,3.87e-06,3.867662337662338e-06,5.5586843010474e-09,0.0,0
19,30,61.0,38.0,79619,79697,78,3.84e-06,3.84025641025641e-06,1.339482860165047e-08,0.0,0
19,31,63.0,38.0,79541,79619,78,3.8e-06,3.8035897435897446e-06,1.4760859450896599e-08,0.0,0
19,32,65.0,38.0,79463,79541,78,3.77e-06,3.7691025641025634e-06,1.0400431134542019e-08,0.0,0
19,33,67.0,38.0,79385,79463,78,3.74e-06,3.7370512820512835e-06,9.754548493142273e-09,0.0,0
19,34,69.0,38.0,79308,79385,77,3.72e-06,4.6787012987013e-06,2.6275935119466795e-06,0.06493506493506493,0
19,35,71.0,38.0,79230,79308,78,2.18e-05,2.0910256410256408e-05,1.8793472505367214e-06,1.0,1
19,36,73.0,38.0,79152,79230,78,2.16e-05,2.1494871794871788e-05,2.521179190416789e-07,1.0,1
19,37,75.0,38.0,79074,79152,78,2.4e-05,2.3584615384615387e-05,6.818295378888132e-07,1.0,1
19,38,77.0,38.0,78996,79074,78,2.41e-05,2.4071794871794864e-05,4.499981737124122e-08,1.0,1
19,39,79.0,38.0,78919,78996,77,2.41e-05,2.4080519480519476e-05,3.960506670643315e-08,1.0,1
19,40,81.0,38.0,78841,78919,78,2.41e-05,2.408205128205128e-05,3.837597319768109e-08,1.0,1
19,41,83.0,38.0,78763,78841,78,2.41e-05,2.4091025641025636e-05,2.858140616616377e-08,1.0,1
19,42,85.0,38.0,78685,78763,78,2.41e-05,2.408333333333333e-05,3.7267799624996136e-08,1.0,1
19,43,87.0,38.0,78607,78685,78,2.41e-05,2.409615384615384e-05,1.9230769230769045e-08,1.0,1
19,44,89.0,38.0,78530,78607,77,2.41e-05,2.4093506493506486e-05,2.4641124624688432e-08,1.0,1
19,45,91.0,38.0,78452,78530,78,2.41e-05,2.409487179487179e-05,2.2057244274468058e-08,1.0,1
19,46,93.0,38.0,78374,78452,78,2.41e-05,2.4099999999999996e-05,3.3881317890172014e-21,1.0,1
19,47,95.0,38.0,78296,78374,78,2.41e-05,2.409871794871794e-05,1.1249954342810306e-08,1.0,1
19,48,97.0,38.0,78218,78296,78,2.41e-05,2.4099999999999996e-05,3.3881317890172014e-21,1.0,1
19,49,99.0,38.0,78140,78218,78,2.41e-05,2.4099999999999996e-05,3.3881317890172014e-21,1.0,1
20,0,1.0,40.0,82155,82233,78,3.71e-06,3.7055128205128186e-06,4.973631984941189e-09,0.0,0
20,1,3.0,40.0,82233,82311,78,3.7e-06,3.7015384615384602e-06,3.947385722651428e-09,0.0,0
20,2,5.0,40.0,82311,82389,78,3.81e-06,7.30128205128205e-06,6.646932077932811e-06,0.15384615384615385,0
20,3,7.0,40.0,82389,82467,78,2.27e-05,2.271923076923077e-05,4.254015390522281e-08,1.0,1
20,4,9.0,40.0,82467,82545,78,2.26e-05,2.263589743589744e-05,6.597271964240247e-08,1.0,1
20,5,11.0,40.0,82545,82622,77,2.27e-05,2.2664935064935067e-05,6.193048840294156e-08,1.0,1
20,6,13.0,40.0,82622,82700,78,2.25e-05,2.2547435897435906e-05,7.111629870953093e-08,1.0,1
20,7,15.0,40.0,82700,82778,78,2.26e-05,2.262564102564103e-05,4.650860806978689e-08,1.0,1
20,8,17.0,40.0,82778,82856,78,2.25e-05,2.1676923076923076e-05,1.5555461632101159e-06,1.0,1
20,9,19.0,40.0,82856,82934,78,3.635e-06,5.285128205128207e-06,3.5233047364107936e-06,0.11538461538461539,0
20,10,21.0,40.0,82934,83011,77,3.62e-06,3.6212987012987026e-06,6.516841189763251e-09,0.0,0
20,11,23.0,40.0,83011,83089,78,3.63e-06,3.6379487179487175e-06,1.1135410641337736e-08,0.0,0
20,12,25.0,40.0,83089,83167,78,3.66e-06,3.662307692307692e-06,7.99408065031782e-09,0.0,0
20,13,27.0,40.0,83167,83245,78,3.69e-06,3.6866666666666655e-06,4.714045207910272e-09,0.0,0
20,14,29.0,40.0,83245,83323,78,3.7e-06,3.6984615384615375e-06,6.217618283580687e-09,0.0,0
20,15,31.0,40.0,83323,83400,77,3.67e-06,3.674935064935065e-06,1.2651510522553269e-08,0.0,0
20,16,33.0,40.0,83400,83478,78,3.65e-06,3.6532051282051277e-06,6.6974143008251375e-09,0.0,0
20,17,35.0,40.0,83478,83556,78,3.66e-06,3.6567948717948714e-06,4.666737108513107e-09,0.0,0
20,18,37.0,40.0,83556,83634,78,3.66e-06,3.6578205128205134e-06,4.128523637975504e-09,0.0,0
20,19,39.0,40.0,83634,83712,78,3.66e-06,3.658076923076923e-06,3.941134909984423e-09,0.0,0
20,20,41.0,40.0,83712,83790,78,3.66e-06,3.6573076923076916e-06,4.435600997950263e-09,0.0,0
20,21,43.0,40.0,83790,83867,77,3.66e-06,3.658831168831169e-06,3.2128095784033412e-09,0.0,0
20,22,45.0,40.0,83867,83945,78,3.66e-06,3.6601282051282053e-06,3.3944108448393847e-09,0.0,0
20,23,47.0,40.0,83945,84023,78,3.66e-06,3.6632051282051276e-06,4.666737108513107e-09,0.0,0
20,24,49.0,40.0,84023,84101,78,3.67e-06,3.6653846153846147e-06,4.9851851526213824e-09,0.0,0
20,25,51.0,40.0,84101,84179,78,3.67e-06,3.6680769230769224e-06,3.9411349099844235e-09,0.0,0
20,26,53.0,40.0,84179,84256,77,3.67e-06,3.6698701298701296e-06,1.969578037415968e-09,0.0,0
20,27,55.0,40.0,84256,84334,78,3.67e-06,3.670897435897435e-06,3.276136497225773e-09,0.0,0
20,28,57.0,40.0,84334,84412,78,3.66e-06,3.663846153846154e-06,6.249260311258373e-09,0.0,0
20,29,59.0,40.0,84412,84490,78,3.67e-06,3.6694871794871794e-06,5.523245956035336e-09,0.0,0
20,30,61.0,40.0,84490,84568,78,3.68e-06,3.6782051282051266e-06,1.2983578360176534e-08,0.0,0
20,31,63.0,40.0,84568,84645,77,3.7e-06,3.703896103896105e-06,1.0829954150332127e-08,0.0,0
20,32,65.0,40.0,84645,84723,78,3.72e-06,3.7199999999999974e-06,1.0500305245868283e-08,0.0,0
20,33,67.0,40.0,84723,84801,78,3.725e-06,3.7246153846153853e-06,7.284037287867564e-09,0.0,0
20,34,69.0,40.0,84801,84879,78,3.83e-06,6.790897435897437e-06,5.957718154198403e-06,0.1282051282051282,0
20,35,71.0,40.0,84879,84957,78,2.14e-05,2.1414102564102565e-05,2.3518915408358763e-07,1.0,1
20,36,73.0,40.0,84957,85035,78,2.24e-05,2.2560256410256418e-05,1.2595623724735573e-06,1.0,1
20,37,75.0,40.0,85035,85112,77,2.42e-05,2.424155844155844e-05,4.928224924937853e-08,1.0,1
20,38,77.0,40.0,85112,85190,78,2.42e-05,2.4205128205128208e-05,2.2057244274468806e-08,1.0,1
20,39,79.0,40.0,85190,85268,78,2.42e-05,2.42e-05,0.0,1.0,1
20,40,81.0,40.0,85268,85346,78,2.42e-05,2.4198717948717947e-05,1.1249954342810306e-08,1.0,1
20,41,83.0,40.0,85346,85424,78,2.42e-05,2.4198717948717947e-05,1.1249954342810306e-08,1.0,1
20,42,85.0,40.0,85424,85501,77,2.42e-05,2.419090909090909e-05,2.8747978728803172e-08,1.0,1
20,43,87.0,40.0,85501,85579,78,2.42e-05,2.419358974358974e-05,2.4493555351977717e-08,1.0,1
20,44,89.0,40.0,85579,85657,78,2.42e-05,2.4192307692307693e-05,2.664693550105939e-08,1.0,1
20,45,91.0,40.0,85657,85735,78,2.42e-05,2.419230769230769e-05,2.6646935501059398e-08,1.0,1
20,46,93.0,40.0,85735,85813,78,2.42e-05,2.4188461538461535e-05,3.194855331891537e-08,1.0,1
20,47,95.0,40.0,85813,85890,77,2.42e-05,2.4187012987012985e-05,3.361604962479132e-08,1.0,1
20,48,97.0,40.0,85890,85968,78,2.42e-05,2.4175641025641024e-05,4.292479241739243e-08,1.0,1
20,49,99.0,40.0,85968,86046,78,2.41e-05,2.4143589743589737e-05,4.958738360465008e-08,1.0,1
21,0,1.0,42.0,89983,90061,78,3.7e-06,3.6983333333333324e-06,4.6455566492291975e-09,0.0,0
21,1,3.0,42.0,89905,89983,78,3.69e-06,3.687435897435896e-06,6.49178918008831e-09,0.0,0
21,2,5.0,42.0,89828,89905,77,3.67e-06,3.6987012987012985e-06,7.313660318599779e-08,0.0,0
21,3,7.0,42.0,89750,89828,78,2.205e-05,1.9607307692307696e-05,4.62860910411095e-06,0.9102564102564102,1
21,4,9.0,42.0,89672,89750,78,2.27e-05,2.2698717948717955e-05,1.1249954342810304e-08,1.0,1
21,5,11.0,42.0,89594,89672,78,2.26e-05,2.2629487179487188e-05,4.5598510881483524e-08,1.0,1
21,6,13.0,42.0,89516,89594,78,2.26e-05,2.260641025641026e-05,2.4493555351977713e-08,1.0,1
21,7,15.0,42.0,89439,89516,77,2.26e-05,2.2637662337662344e-05,4.845391715890247e-08,1.0,1
21,8,17.0,42.0,89361,89439,78,2.27e-05,2.2671794871794877e-05,4.499981737124123e-08,1.0,1
21,9,19.0,42.0,89283,89361,78,2.26e-05,2.1137051282051286e-05,4.210039925803237e-06,0.8974358974358975,1
21,10,21.0,42.0,89205,89283,78,3.685e-06,4.0661538461538455e-06,7.928837835900534e-07,0.0,0
21,11,23.0,42.0,89127,89205,78,3.66e-06,3.657692307692307e-06,4.213250442347392e-09,0.0,0
21,12,25.0,42.0,89050,89127,77,3.66e-06,3.655974025974026e-06,4.9042097632465e-09,0.0,0
21,13,27.0,42.0,88972,89050,78,3.66e-06,3.6564102564102564e-06,4.796996649710135e-09,0.0,0
21,14,29.0,42.0,88894,88972,78,3.66e-06,3.6576923076923074e-06,4.213250442347392e-09,0.0,0
21,15,31.0,42.0,88816,88894,78,3.66e-06,3.6596153846153842e-06,1.923076923076905e-09,0.0,0
21,16,33.0,42.0,88738,88816,78,3.66e-06,3.6601282051282053e-06,1.956966349035077e-09,0.0,0
21,17,35.0,42.0,88660,88738,78,3.66e-06,3.6617948717948718e-06,3.837597319768108e-09,0.0,0
21,18,37.0,42.0,88583,88660,77,3.66e-06,3.6593506493506493e-06,3.723447061514627e-09,0.0,0
21,19,39.0,42.0,88505,88583,78,3.66e-06,3.6579487179487177e-06,4.037952755903453e-09,0.0,0
21,20,41.0,42.0,88427,88505,78,3.66e-06,3.656538461538462e-06,4.757429568020332e-09,0.0,0
21,21,43.0,42.0,88349,88427,78,3.66e-06,3.6573076923076916e-06,4.435600997950263e-09,0.0,0
21,22,45.0,42.0,88271,88349,78,3.65e-06,3.6544871794871804e-06,4.973631984941188e-09,0.0,0
21,23,47.0,42.0,88194,88271,77,3.66e-06,3.655454545454545e-06,4.979295977319644e-09,0.0,0
21,24,49.0,42.0,88116,88194,78,3.66e-06,3.6573076923076924e-06,4.435600997950263e-09,0.0,0
21,25,51.0,42.0,88038,88116,78,3.66e-06,3.6587179487179486e-06,3.343180720616711e-09,0.0,0
21,26,53.0,42.0,87960,88038,78,3.66e-06,3.6612820512820516e-06,3.706880075589956e-09,0.0,0
21,27,55.0,42.0,87882,87960,78,3.66e-06,3.6639743589743593e-06,4.893675559997982e-09,0.0,0
21,28,57.0,42.0,87805,87882,77,3.66e-06,3.6623376623376617e-06,4.232252139428615e-09,0.0,0
21,29,59.0,42.0,87727,87805,78,3.66e-06,3.6599999999999993e-06,3.922322702763643e-09,0.0,0
21,30,61.0,42.0,87649,87727,78,3.66e-06,3.655769230769231e-06,4.94047406871731e-09,0.0,0
21,31,63.0,42.0,87571,87649,78,3.65e-06,3.64923076923077e-06,4.166173540839035e-09,0.0,0
21,32,65.0,42.0,87493,87571,78,3.64e-06,3.642948717948718e-06,5.091212731196236e-09,0.0,0
21,33,67.0,42.0,87415,87493,78,3.63e-06,3.6323076923076935e-06,5.97496420396458e-09,0.0,0
21,34,69.0,42.0,87338,87415,77,3.62e-06,3.623896103896104e-06,1.0339163240257196e-08,0.0,0
21,35,71.0,42.0,87260,87338,78,1.94e-05,1.584269230769231e-05,6.741189059132407e-06,0.7435897435897436,1
21,36,73.0,42.0,87182,87260,78,2.11e-05,2.108461538461539e-05,1.6257299983740923e-07,1.0,1
21,37,75.0,42.0,87104,87182,78,2.3250000000000003e-05,2.274743589743589e-05,1.301352783223551e-06,1.0,1
21,38,77.0,42.0,87026,87104,78,2.41e-05,2.4078205128205124e-05,4.128523637975504e-08,1.0,1
21,39,79.0,42.0,86949,87026,77,2.41e-05,2.4079220779220773e-05,4.057272558912508e-08,1.0,1
21,40,81.0,42.0,86871,86949,78,2.41e-05,2.406666666666666e-05,4.7140452079102715e-08,1.0,1
21,41,83.0,42.0,86793,86871,78,2.41e-05,2.4061538461538455e-05,4.865042554105152e-08,1.0,1
21,42,85.0,42.0,86715,86793,78,2.41e-05,2.407692307692307e-05,4.21325044234739e-08,1.0,1
21,43,87.0,42.0,86637,86715,78,2.41e-05,2.409358974358974e-05,2.4493555351977717e-08,1.0,1
21,44,89.0,42.0,86560,86637,77,2.41e-05,2.4090909090909086e-05,2.8747978728803165e-08,1.0,1
21,45,91.0,42.0,86482,86560,78,2.41e-05,2.409871794871794e-05,1.1249954342810306e-08,1.0,1
21,46,93.0,42.0,86404,86482,78,2.41e-05,2.409743589743589e-05,1.5806189751202353e-08,1.0,1
21,47,95.0,42.0,86326,86404,78,2.41e-05,2.4101282051282048e-05,1.1249954342810303e-08,1.0,1
21,48,97.0,42.0,86248,86326,78,2.41e-05,2.4099999999999996e-05,3.3881317890172014e-21,1.0,1
21,49,99.0,42.0,86171,86248,77,2.41e-05,2.4099999999999996e-05,3.3881317890172014e-21,1.0,1
22,0,1.0,44.0,90186,90263,77,3.71e-06,3.7058441558441547e-06,4.9282249249376865e-09,0.0,0
22,1,3.0,44.0,90263,90341,78,3.71e-06,3.713974358974359e-06,1.982873747159133e-08,0.0,0
22,2,5.0,44.0,90341,90419,78,2.27e-05,1.6839743589743584e-05,8.156654507502853e-06,0.6538461538461539,1
22,3,7.0,44.0,90419,90497,78,2.28e-05,2.275128205128206e-05,4.99835607426096e-08,1.0,1
22,4,9.0,44.0,90497,90575,78,2.27e-05,2.2714102564102573e-05,3.8311673839702033e-08,1.0,1
22,5,11.0,44.0,90575,90652,77,2.27e-05,2.2705194805194813e-05,2.2192217520305063e-08,1.0,1
22,6,13.0,44.0,90652,90730,78,2.27e-05,2.2652564102564108e-05,4.993421049782118e-08,1.0,1
22,7,15.0,44.0,90730,90808,78,2.27e-05,2.2662820512820513e-05,4.83284021153092e-08,1.0,1
22,8,17.0,44.0,90808,90886,78,2.26e-05,2.256538461538461e-05,7.130095672556049e-08,1.0,1
22,9,19.0,44.0,90886,90964,78,1.555e-05,1.3485384615384613e-05,7.721295343085118e-06,0.5897435897435898,1
22,10,21.0,44.0,90964,91041,77,3.62e-06,3.623896103896105e-06,5.382956305470781e-09,0.0,0
22,11,23.0,44.0,91041,91119,78,3.64e-06,3.6356410256410265e-06,4.958738360465008e-09,0.0,0
22,12,25.0,44.0,91119,91197,78,3.64e-06,3.640128205128205e-06,3.394410844839464e-09,0.0,0
22,13,27.0,44.0,91197,91275,78,3.64e-06,3.643589743589744e-06,4.796996649710338e-09,0.0,0
22,14,29.0,44.0,91275,91353,78,3.65e-06,3.648333333333334e-06,4.9137866401890325e-09,0.0,0
22,15,31.0,44.0,91353,91431,78,3.65e-06,3.6535897435897435e-06,4.796996649710135e-09,0.0,0
22,16,33.0,44.0,91431,91508,77,3.65e-06,3.6544155844155847e-06,4.965728388131163e-09,0.0,0
22,17,35.0,44.0,91508,91586,78,3.65e-06,3.648589743589745e-06,7.962147464217653e-09,0.0,0
22,18,37.0,44.0,91586,91664,78,3.65e-06,3.648333333333334e-06,8.07285204688787e-09,0.0,0
22,19,39.0,44.0,91664,91742,78,3.66e-06,3.660384615384615e-06,4.920472067280847e-09,0.0,0
22,20,41.0,44.0,91742,91820,78,3.66e-06,3.662307692307692e-06,1.1314057165594894e-08,0.0,0
22,21,43.0,44.0,91820,91897,77,3.71e-06,3.7057142857142868e-06,1.557792072454429e-08,0.0,0
22,22,45.0,44.0,91897,91975,78,3.73e-06,3.736153846153847e-06,1.603128105881089e-08,0.0,0
22,23,47.0,44.0,91975,92053,78,3.725e-06,3.719871794871794e-06,2.4572946858105114e-08,0.0,0
22,24,49.0,44.0,92053,92131,78,3.68e-06,3.6912820512820526e-06,2.4721991370654215e-08,0.0,0
22,25,51.0,44.0,92131,92209,78,3.74e-06,3.736282051282053e-06,4.832840211531123e-09,0.0,0
22,26,53.0,44.0,92209,92286,77,3.73e-06,3.7280519480519495e-06,6.249978917151185e-09,0.0,0
22,27,55.0,44.0,92286,92364,78,3.72e-06,3.7158974358974356e-06,4.918801562371973e-09,0.0,0
22,28,57.0,44.0,92364,92442,78,3.72e-06,3.716538461538463e-06,6.947960976840564e-09,0.0,0
22,29,59.0,44.0,92442,92520,78,3.75e-06,3.7453846153846156e-06,8.577296760860381e-09,0.0,0
22,30,61.0,44.0,92520,92598,78,3.75e-06,3.7534615384615395e-06,5.0196851155004376e-09,0.0,0
22,31,63.0,44.0,92598,92676,78,3.75e-06,3.7469230769230786e-06,4.615384615384571e-09,0.0,0
22,32,65.0,44.0,92676,92753,77,3.74e-06,3.7400000000000015e-06,5.810872031479832e-09,0.0,0
22,33,67.0,44.0,92753,92831,78,3.73e-06,3.7338461538461547e-06,5.6000845302159194e-09,0.0,0
22,34,69.0,44.0,92831,92909,78,9.455e-06,1.2378076923076921e-05,7.692981492925423e-06,0.47435897435897434,0
22,35,71.0,44.0,92909,92987,78,2.06e-05,2.0647435897435898e-05,2.9600951083748264e-07,1.0,1
22,36,73.0,44.0,92987,93065,78,2.42e-05,2.3721794871794872e-05,7.523718795262796e-07,1.0,1
22,37,75.0,44.0,93065,93142,77,2.42e-05,2.42012987012987e-05,1.1321815437768256e-08,1.0,1
22,38,77.0,44.0,93142,93220,78,2.42e-05,2.4198717948717947e-05,1.1249954342810306e-08,1.0,1
22,39,79.0,44.0,93220,93298,78,2.42e-05,2.4196153846153844e-05,1.9230769230769052e-08,1.0,1
22,40,81.0,44.0,93298,93376,78,2.42e-05,2.4198717948717947e-05,1.1249954342810306e-08,1.0,1
22,41,83.0,44.0,93376,93454,78,2.42e-05,2.4184615384615384e-05,3.6080121229410647e-08,1.0,1
22,42,85.0,44.0,93454,93531,77,2.42e-05,2.4163636363636362e-05,4.810456929208301e-08,1.0,1
22,43,87.0,44.0,93531,93609,78,2.41e-05,2.413333333333333e-05,4.7140452079102715e-08,1.0,1
22,44,89.0,44.0,93609,93687,78,2.41e-05,2.411282051282051e-05,3.343180720616711e-08,1.0,1
22,45,91.0,44.0,93687,93765,78,2.41e-05,2.4091025641025636e-05,2.8581406166163773e-08,1.0,1
22,46,93.0,44.0,93765,93843,78,2.4e-05,2.403974358974358e-05,4.893675559997983e-08,1.0,1
22,47,95.0,44.0,93843,93920,77,2.4e-05,2.404285714285714e-05,4.948716593053888e-08,1.0,1
22,48,97.0,44.0,93920,93998,78,2.41e-05,2.406666666666666e-05,4.7140452079102715e-08,1.0,1
22,49,99.0,44.0,93998,94076,78,2.41e-05,2.4103846153846147e-05,2.5024642687106343e-08,1.0,1
23,0,1.0,46.0,98013,98091,78,3.74e-06,3.736282051282053e-06,4.832840211531124e-09,0.0,0
23,1,3.0,46.0,97936,98013,77,3.73e-06,3.7264935064935083e-06,6.399316880392175e-09,0.0,0
23,2,5.0,46.0,97858,97936,78,3.71e-06,3.74371794871795e-06,8.480912164231483e-08,0.0,0
23,3,7.0,46.0,97780,97858,78,2.215e-05,1.9838333333333333e-05,4.297795325294081e-06,0.9230769230769231,1
23,4,9.0,46.0,97702,97780,78,2.27e-05,2.2633333333333336e-05,7.952852522702911e-08,1.0,1
23,5,11.0,46.0,97624,97702,78,2.27e-05,2.2737179487179496e-05,4.832840211530919e-08,1.0,1
23,6,13.0,46.0,97546,97624,78,2.27e-05,2.2707692307692312e-05,6.358767573147244e-08,1.0,1
23,7,15.0,46.0,97469,97546,77,2.27e-05,2.2723376623376626e-05,4.232252139428615e-08,1.0,1
23,8,17.0,46.0,97391,97469,78,2.27e-05,2.2710256410256415e-05,3.033887068256184e-08,1.0,1
23,9,19.0,46.0,97313,97391,78,2.27e-05,2.2653846153846163e-05,4.9851851526213836e-08,1.0,1
23,10,21.0,46.0,97235,97313,78,2.26e-05,2.1858974358974363e-05,2.9229860872076013e-06,0.9487179487179487,1
23,11,23.0,46.0,97157,97235,78,3.715e-06,4.373461538461539e-06,1.1943529810707156e-06,0.0,0
23,12,25.0,46.0,97080,97157,77,3.69e-06,3.6871428571428565e-06,4.796411769511498e-09,0.0,0
23,13,27.0,46.0,97002,97080,78,3.7e-06,3.6987179487179482e-06,5.153782369805682e-09,0.0,0
23,14,29.0,46.0,96924,97002,78,3.695e-06,3.6949999999999994e-06,5.000000000000165e-09,0.0,0
23,15,31.0,46.0,96846,96924,78,3.69e-06,3.6926923076923063e-06,5.700444634722098e-09,0.0,0
23,16,33.0,46.0,96768,96846,78,3.7e-06,3.695641025641024e-06,5.903007401652109e-09,0.0,0
23,17,35.0,46.0,96691,96768,77,3.69e-06,3.692467532467532e-06,5.619040948775172e-09,0.0,0
23,18,37.0,46.0,96613,96691,78,3.7e-06,3.696923076923076e-06,4.615384615384767e-09,0.0,0
23,19,39.0,46.0,96535,96613,78,3.7e-06,3.696666666666666e-06,4.714045207910472e-09,0.0,0
23,20,41.0,46.0,96457,96535,78,3.7e-06,3.6951282051282045e-06,4.9983560742611715e-09,0.0,0
23,21,43.0,46.0,96379,96457,78,3.69e-06,3.6919230769230758e-06,4.254015390522446e-09,0.0,0
23,22,45.0,46.0,96301,96379,78,3.69e-06,3.6899999999999994e-06,2.2645540682892178e-09,0.0,0
23,23,47.0,46.0,96224,96301,77,3.69e-06,3.6932467532467523e-06,4.68253412397936e-09,0.0,0
23,24,49.0,46.0,96146,96224,78,3.69e-06,3.693461538461537e-06,4.757429568020534e-09,0.0,0
23,25,51.0,46.0,96068,96146,78,3.69e-06,3.6937179487179474e-06,4.832840211531124e-09,0.0,0
23,26,53.0,46.0,95990,96068,78,3.69e-06,3.687307692307691e-06,4.9802370768089626e-09,0.0,0
23,27,55.0,46.0,95912,95990,78,3.69e-06,3.6866666666666655e-06,4.714045207910272e-09,0.0,0
23,28,57.0,46.0,95835,95912,77,3.68e-06,3.6840259740259728e-06,4.9042097632465e-09,0.0,0
23,29,59.0,46.0,95757,95835,78,3.68e-06,3.683717948717947e-06,4.832840211530919e-09,0.0,0
23,30,61.0,46.0,95679,95757,78,3.69e-06,3.685128205128204e-06,4.9983560742609605e-09,0.0,0
23,31,63.0,46.0,95601,95679,78,3.68e-06,3.681794871794871e-06,6.1485019529649654e-09,0.0,0
23,32,65.0,46.0,95523,95601,78,3.68e-06,3.677307692307691e-06,4.435600997950264e-09,0.0,0
23,33,67.0,46.0,95446,95523,77,3.67e-06,3.6749350649350637e-06,4.99957832595324e-09,0.0,0
23,34,69.0,46.0,95368,95446,78,3.66e-06,3.6579487179487177e-06,9.386156521909267e-09,0.0,0
23,35,71.0,46.0,95290,95368,78,1.485e-05,1.256179487179487e-05,7.295336540556144e-06,0.5769230769230769,1
23,36,73.0,46.0,95212,95290,78,2.02e-05,2.022564102564103e-05,2.7662614660144327e-07,1.0,1
23,37,75.0,46.0,95134,95212,78,2.255e-05,2.208974358974359e-05,1.7064425241126452e-06,1.0,1
23,38,77.0,46.0,95057,95134,77,2.4e-05,2.4036363636363634e-05,4.810456929208301e-08,1.0,1
23,39,79.0,46.0,94979,95057,78,2.41e-05,2.4058974358974352e-05,4.9188015623719723e-08,1.0,1
23,40,81.0,46.0,94901,94979,78,2.4e-05,2.4030769230769226e-05,4.615384615384571e-08,1.0,1
23,41,83.0,46.0,94823,94901,78,2.41e-05,2.4065384615384613e-05,4.757429568020332e-08,1.0,1
23,42,85.0,46.0,94745,94823,78,2.41e-05,2.406282051282051e-05,4.832840211530919e-08,1.0,1
23,43,87.0,46.0,94667,94745,78,2.41e-05,2.408974358974358e-05,3.033887068256185e-08,1.0,1
23,44,89.0,46.0,94590,94667,77,2.41e-05,2.409740259740259e-05,1.5905777550539962e-08,1.0,1
23,45,91.0,46.0,94512,94590,78,2.41e-05,2.4099999999999996e-05,3.3881317890172014e-21,1.0,1
23,46,93.0,46.0,94434,94512,78,2.41e-05,2.4099999999999996e-05,3.3881317890172014e-21,1.0,1
23,47,95.0,46.0,94356,94434,78,2.41e-05,2.4099999999999996e-05,3.3881317890172014e-21,1.0,1
23,48,97.0,46.0,94278,94356,78,2.41e-05,2.4099999999999996e-05,3.3881317890172014e-21,1.0,1
23,49,99.0,46.0,94201,94278,77,2.41e-05,2.4101298701298696e-05,1.1321815437767878e-08,1.0,1
24,0,1.0,48.0,98216,98293,77,3.74e-06,3.7440259740259756e-06,4.9042097632465e-09,0.0,0
24,1,3.0,48.0,98293,98371,78,3.74e-06,3.7426923076923087e-06,5.92107858397714e-09,0.0,0
24,2,5.0,48.0,98371,98449,78,1.6135e-05,1.3917692307692311e-05,8.876339468883775e-06,0.5,1
24,3,7.0,48.0,98449,98527,78,2.27e-05,2.273589743589743e-05,5.057200749568162e-08,1.0,1
24,4,9.0,48.0,98527,98605,78,2.28e-05,2.2758974358974365e-05,4.9188015623719723e-08,1.0,1
24,5,11.0,48.0,98605,98682,77,2.27e-05,2.2705194805194803e-05,6.007809613620918e-08,1.0,1
24,6,13.0,48.0,98682,98760,78,2.27e-05,2.267307692307692e-05,6.133781391746448e-08,1.0,1
24,7,15.0,48.0,98760,98838,78,2.25e-05,2.2406410256410256e-05,1.2643001873920553e-07,1.0,1
24,8,17.0,48.0,98838,98916,78,2.26e-05,2.255256410256411e-05,9.703866394957078e-08,1.0,1
24,9,19.0,48.0,98916,98994,78,2.26e-05,2.260384615384616e-05,1.9230769230769042e-08,1.0,1
24,10,21.0,48.0,98994,99072,78,2.14e-05,1.8325641025641024e-05,5.776420369172747e-06,0.8461538461538461,1
24,11,23.0,48.0,99072,99149,77,3.65e-06,3.6766233766233775e-06,7.706651520097287e-08,0.0,0
24,12,25.0,48.0,99149,99227,78,3.66e-06,3.6635897435897434e-06,5.541072508967718e-09,0.0,0
24,13,27.0,48.0,99227,99305,78,3.67e-06,3.673846153846153e-06,4.865042554105152e-09,0.0,0
24,14,29.0,48.0,99305,99383,78,3.68e-06,3.6794871794871785e-06,4.499981737124122e-09,0.0,0
24,15,31.0,48.0,99383,99461,78,3.68e-06,3.6838461538461527e-06,4.865042554105152e-09,0.0,0
24,16,33.0,48.0,99461,99538,77,3.69e-06,3.685064935064934e-06,4.99957832595324e-09,0.0,0
24,17,35.0,48.0,99538,99616,78,3.69e-06,3.6871794871794866e-06,4.499981737124122e-09,0.0,0
24,18,37.0,48.0,99616,99694,78,3.69e-06,3.6870512820512806e-06,4.559851088148351e-09,0.0,0
24,19,39.0,48.0,99694,99772,78,3.68e-06,3.6792307692307686e-06,5.0049285374212675e-09,0.0,0
24,20,41.0,48.0,99772,99850,78,3.68e-06,3.6808974358974343e-06,4.853203392499364e-09,0.0,0
24,21,43.0,48.0,99850,99927,77,3.68e-06,3.684805194805194e-06,4.996203652382119e-09,0.0,0
24,22,45.0,48.0,99927,100005,78,3.69e-06,3.6861538461538445e-06,4.865042554105153e-09,0.0,0
24,23,47.0,48.0,100005,100083,78,3.69e-06,3.688974358974358e-06,6.116338688141876e-09,0.0,0
24,24,49.0,48.0,100083,100161,78,3.69e-06,3.693974358974358e-06,4.89367555999819e-09,0.0,0
24,25,51.0,48.0,100161,100239,78,3.69e-06,3.686923076923076e-06,4.615384615384572e-09,0.0,0
24,26,53.0,48.0,100239,100317,78,3.69e-06,3.687564102564101e-06,5.3555380959501065e-09,0.0,0
24,27,55.0,48.0,100317,100394,77,3.7e-06,3.6955844155844148e-06,4.965728388131373e-09,0.0,0
24,28,57.0,48.0,100394,100472,78,3.7e-06,3.698076923076922e-06,3.9411349099845915e-09,0.0,0
24,29,59.0,48.0,100472,100550,78,3.71e-06,3.7052564102564087e-06,5.2438875221070316e-09,0.0,0
24,30,61.0,48.0,100550,100628,78,3.7e-06,3.700384615384614e-06,5.416571839558413e-09,0.0,0
24,31,63.0,48.0,100628,100706,78,3.7e-06,3.6979487179487173e-06,4.037952755903625e-09,0.0,0
24,32,65.0,48.0,100706,100783,77,3.7e-06,3.6975324675324672e-06,4.311218876025552e-09,0.0,0
24,33,67.0,48.0,100783,100861,78,3.7e-06,3.7007692307692298e-06,3.8461538461538546e-09,0.0,0
24,34,69.0,48.0,100861,100939,78,3.88e-06,7.53269230769231e-06,6.571792416988848e-06,0.1794871794871795,0
24,35,71.0,48.0,100939,101017,78,2.0549999999999998e-05,2.0507692307692313e-05,4.491499751722564e-07,1.0,1
24,36,73.0,48.0,101017,101095,78,2.35e-05,2.265769230769231e-05,1.6492048768537717e-06,1.0,1
24,37,75.0,48.0,101095,101172,77,2.42e-05,2.4198701298701295e-05,1.1321815437767877e-08,1.0,1
24,38,77.0,48.0,101172,101250,78,2.42e-05,2.417564102564102e-05,4.292479241739243e-08,1.0,1
24,39,79.0,48.0,101250,101328,78,2.41e-05,2.4123076923076916e-05,4.213250442347392e-08,1.0,1
24,40,81.0,48.0,101328,101406,78,2.41e-05,2.412307692307692e-05,4.213250442347391e-08,1.0,1
24,41,83.0,48.0,101406,101484,78,2.41e-05,2.4130769230769225e-05,4.615384615384571e-08,1.0,1
24,42,85.0,48.0,101484,101562,78,2.41e-05,2.413076923076923e-05,4.6153846153845716e-08,1.0,1
24,43,87.0,48.0,101562,101639,77,2.41e-05,2.412207792207792e-05,4.147719330563938e-08,1.0,1
24,44,89.0,48.0,101639,101717,78,2.41e-05,2.4125641025641023e-05,4.366509324596471e-08,1.0,1
24,45,91.0,48.0,101717,101795,78,2.41e-05,2.4111538461538456e-05,3.194855331891537e-08,1.0,1
24,46,93.0,48.0,101795,101873,78,2.41e-05,2.411410256410256e-05,3.480479989871307e-08,1.0,1
24,47,95.0,48.0,101873,101951,78,2.41e-05,2.41051282051282e-05,2.2057244274468068e-08,1.0,1
24,48,97.0,48.0,101951,102028,77,2.41e-05,2.41025974025974e-05,1.5905777550539965e-08,1.0,1
24,49,99.0,48.0,102028,102106,78,2.41e-05,2.4101282051282048e-05,1.1249954342810303e-08,1.0,1
25,0,1.0,50.0,106043,106121,78,3.5649999999999997e-06,3.5662820512820525e-06,2.935673488267601e-08,0.0,0
25,1,3.0,50.0,105966,106043,77,3.61e-06,3.614805194805193e-06,1.5085073865695173e-08,0.0,0
25,2,5.0,50.0,105888,105966,78,2.095e-05,1.7594358974358974e-05,6.469612715738882e-06,0.8076923076923077,1
25,3,7.0,50.0,105810,105888,78,2.25e-05,2.251794871794872e-05,3.8375973197681086e-08,1.0,1
25,4,9.0,50.0,105732,105810,78,2.26e-05,2.2585897435897437e-05,3.4804799898713066e-08,1.0,1
25,5,11.0,50.0,105654,105732,78,2.26e-05,2.260769230769231e-05,3.108809141790262e-08,1.0,1
25,6,13.0,50.0,105577,105654,77,2.26e-05,2.2571428571428577e-05,6.617007378107467e-08,1.0,1
25,7,15.0,50.0,105499,105577,78,2.26e-05,2.256666666666667e-05,4.714045207910271e-08,1.0,1
25,8,17.0,50.0,105421,105499,78,2.25e-05,2.2516666666666664e-05,4.360859320947404e-08,1.0,1
25,9,19.0,50.0,105343,105421,78,2.25e-05,2.249358974358974e-05,4.624279178685035e-08,1.0,1
25,10,21.0,50.0,105265,105343,78,2.26e-05,2.236666666666667e-05,1.404723411653648e-06,0.9871794871794872,1
25,11,23.0,50.0,105187,105265,78,3.58e-06,4.3826923076923085e-06,1.5084902225335403e-06,0.0,0
25,12,25.0,50.0,105110,105187,77,3.53e-06,3.532337662337663e-06,5.5586843010474015e-09,0.0,0
25,13,27.0,50.0,105032,105110,78,3.55e-06,3.545000000000001e-06,1.0221897059116642e-08,0.0,0
25,14,29.0,50.0,104954,105032,78,3.56e-06,3.5589743589743595e-06,3.0338870682561847e-09,0.0,0
25,15,31.0,50.0,104876,104954,78,3.56e-06,3.556538461538461e-06,5.019685115500452e-09,0.0,0
25,16,33.0,50.0,104798,104876,78,3.55e-06,3.556410256410256e-06,1.0374322217509742e-08,0.0,0
25,17,35.0,50.0,104721,104798,77,3.61e-06,3.604545454545454e-06,7.984636960488102e-09,0.0,0
25,18,37.0,50.0,104643,104721,78,3.575e-06,3.5774358974358958e-06,2.132988137752357e-08,0.0,0
25,19,39.0,50.0,104565,104643,78,3.53e-06,3.5329487179487185e-06,8.786495225989883e-09,0.0,0
25,20,41.0,50.0,104487,104565,78,3.535e-06,3.5467948717948737e-06,2.6770323683358148e-08,0.0,0
25,21,43.0,50.0,104409,104487,78,3.64e-06,3.6353846153846166e-06,1.4114214302074798e-08,0.0,0
25,22,45.0,50.0,104332,104409,77,3.58e-06,3.5777922077922067e-06,8.315745762899723e-09,0.0,0
25,23,47.0,50.0,104254,104332,78,3.64e-06,3.6434615384615376e-06,2.1111846417866888e-08,0.0,0
25,24,49.0,50.0,104176,104254,78,3.65e-06,3.645769230769232e-06,6.50822571615246e-09,0.0,0
25,25,51.0,50.0,104098,104176,78,3.65e-06,3.646153846153847e-06,4.865042554105358e-09,0.0,0
25,26,53.0,50.0,104020,104098,78,3.65e-06,3.6465384615384625e-06,4.757429568020533e-09,0.0,0
25,27,55.0,50.0,103943,104020,77,3.65e-06,3.6450649350649357e-06,4.999578325953451e-09,0.0,0
25,28,57.0,50.0,103865,103943,78,3.65e-06,3.645897435897437e-06,4.9188015623721815e-09,0.0,0
25,29,59.0,50.0,103787,103865,78,3.67e-06,3.672307692307693e-06,1.900897742856471e-08,0.0,0
25,30,61.0,50.0,103709,103787,78,3.69e-06,3.692435897435896e-06,8.501266487231073e-09,0.0,0
25,31,63.0,50.0,103631,103709,78,3.69e-06,3.6875641025641016e-06,4.292479241739242e-09,0.0,0
25,32,65.0,50.0,103553,103631,78,3.68e-06,3.677307692307691e-06,5.470920075218375e-09,0.0,0
25,33,67.0,50.0,103476,103553,77,3.67e-06,3.6651948051948046e-06,7.492054598366658e-09,0.0,0
25,34,69.0,50.0,103398,103476,78,4.085000000000001e-06,9.610769230769227e-06,6.955990181727115e-06,0.3974358974358974,0
25,35,71.0,50.0,103320,103398,78,2.07e-05,2.0747435897435897e-05,1.4297602360801187e-07,1.0,1
25,36,73.0,50.0,103242,103320,78,2.1550000000000002e-05,2.175897435897436e-05,1.402875791551777e-06,1.0,1
25,37,75.0,50.0,103164,103242,78,2.41e-05,2.4064102564102558e-05,4.796996649710135e-08,1.0,1
25,38,77.0,50.0,103087,103164,77,2.4e-05,2.4040259740259737e-05,4.904209763246501e-08,1.0,1
25,39,79.0,50.0,103009,103087,78,2.4e-05,2.4046153846153837e-05,4.985185152621383e-08,1.0,1
25,40,81.0,50.0,102931,103009,78,2.41e-05,2.4067948717948712e-05,4.666737108513108e-08,1.0,1
25,41,83.0,50.0,102853,102931,78,2.41e-05,2.408589743589743e-05,3.480479989871307e-08,1.0,1
25,42,85.0,50.0,102775,102853,78,2.41e-05,2.409743589743589e-05,1.5806189751202356e-08,1.0,1
25,43,87.0,50.0,102698,102775,77,2.41e-05,2.407402597402597e-05,4.384920263930902e-08,1.0,1
25,44,89.0,50.0,102620,102698,78,2.41e-05,2.4092307692307687e-05,2.6646935501059398e-08,1.0,1
25,45,91.0,50.0,102542,102620,78,2.41e-05,2.4099999999999996e-05,3.3881317890172014e-21,1.0,1
25,46,93.0,50.0,102464,102542,78,2.41e-05,2.4099999999999996e-05,3.3881317890172014e-21,1.0,1
25,47,95.0,50.0,102386,102464,78,2.41e-05,2.4098717948717945e-05,1.1249954342810298e-08,1.0,1
25,48,97.0,50.0,102308,102386,78,2.41e-05,2.4099999999999996e-05,3.3881317890172014e-21,1.0,1
25,49,99.0,50.0,102231,102308,77,2.41e-05,2.4099999999999996e-05,3.3881317890172014e-21,1.0,1
26,0,1.0,52.0,106246,106323,77,3.5e-06,3.50116883116883e-06,3.939156074831936e-09,0.0,0
26,1,3.0,52.0,106323,106401,78,3.49e-06,3.491666666666665e-06,7.410433854676045e-09,0.0,0
26,2,5.0,52.0,106401,106479,78,3.5e-06,3.906923076923078e-06,9.251158038284162e-07,0.0,0
26,3,7.0,52.0,106479,106557,78,2.26e-05,2.1867564102564105e-05,3.0263158553176943e-06,0.9487179487179487,1
26,4,9.0,52.0,106557,106635,78,2.26e-05,2.2600000000000004e-05,3.3881317890172014e-21,1.0,1
26,5,11.0,52.0,106635,106713,78,2.26e-05,2.2553846153846157e-05,4.985185152621384e-08,1.0,1
26,6,13.0,52.0,106713,106790,77,2.26e-05,2.2581818181818184e-05,3.856946079199313e-08,1.0,1
26,7,15.0,52.0,106790,106868,78,2.26e-05,2.2542307692307687e-05,6.890951102757291e-08,1.0,1
26,8,17.0,52.0,106868,106946,78,2.24e-05,2.239102564102564e-05,2.858140616616377e-08,1.0,1
26,9,19.0,52.0,106946,107024,78,2.22e-05,2.2224358974358972e-05,6.638253059487e-08,1.0,1
26,10,21.0,52.0,107024,107102,78,2.24e-05,2.234487179487179e-05,7.949751793808897e-08,1.0,1
26,11,23.0,52.0,107102,107179,77,2.23e-05,2.2033766233766236e-05,6.0872666538074e-07,1.0,1
26,12,25.0,52.0,107179,107257,78,3.5699999999999997e-06,6.7480769230769225e-06,5.329432561725524e-06,0.21794871794871795,0
26,13,27.0,52.0,107257,107335,78,3.46e-06,3.4634615384615398e-06,4.187364764220936e-08,0.0,0
26,14,29.0,52.0,107335,107413,78,3.375e-06,3.3789743589743586e-06,1.7584210836512763e-08,0.0,0
26,15,31.0,52.0,107413,107491,78,3.41e-06,3.410384615384615e-06,2.5642628155051215e-08,0.0,0
26,16,33.0,52.0,107491,107568,77,3.46e-06,3.462337662337663e-06,4.806949486577032e-09,0.0,0
26,17,35.0,52.0,107568,107646,78,3.47e-06,3.480256410256411e-06,2.6504685554530018e-08,0.0,0
26,18,37.0,52.0,107646,107724,78,3.5649999999999997e-06,3.557051282051284e-06,2.2136463384580155e-08,0.0,0
26,19,39.0,52.0,107724,107802,78,3.49e-06,3.4869230769230756e-06,8.959694979310791e-09,0.0,0
26,20,41.0,52.0,107802,107880,78,3.47e-06,3.4694871794871784e-06,9.986842099564401e-09,0.0,0
26,21,43.0,52.0,107880,107958,78,3.49e-06,3.488076923076921e-06,3.9411349099844235e-09,0.0,0
26,22,45.0,52.0,107958,108035,77,3.49e-06,3.4885714285714267e-06,3.4992710611187926e-09,0.0,0
26,23,47.0,52.0,108035,108113,78,3.49e-06,3.4964102564102566e-06,2.2644088999138785e-08,0.0,0
26,24,49.0,52.0,108113,108191,78,3.58e-06,3.5820512820512807e-06,6.275506795138634e-09,0.0,0
26,25,51.0,52.0,108191,108269,78,3.6e-06,3.5989743589743582e-06,1.0811881355029824e-08,0.0,0
26,26,53.0,52.0,108269,108347,78,3.51e-06,3.5302564102564087e-06,4.6601814616764416e-08,0.0,0
26,27,55.0,52.0,108347,108424,77,3.51e-06,3.5127272727272736e-06,2.061624398232148e-08,0.0,0
26,28,57.0,52.0,108424,108502,78,3.56e-06,3.5570512820512814e-06,1.1335102542032724e-08,0.0,0
26,29,59.0,52.0,108502,108580,78,3.57e-06,3.5692307692307697e-06,9.709792937826464e-09,0.0,0
26,30,61.0,52.0,108580,108658,78,3.52e-06,3.5192307692307693e-06,1.1741798094210633e-08,0.0,0
26,31,63.0,52.0,108658,108736,78,3.5e-06,3.5033333333333313e-06,6.132441406718607e-09,0.0,0
26,32,65.0,52.0,108736,108813,77,3.49e-06,3.488441558441557e-06,3.969014750632722e-09,0.0,0
26,33,67.0,52.0,108813,108891,78,3.5e-06,3.4973076923076906e-06,4.435600997950263e-09,0.0,0
26,34,69.0,52.0,108891,108969,78,3.51e-06,3.6814102564102566e-06,4.136600994095563e-07,0.0,0
26,35,71.0,52.0,108969,109047,78,2.145e-05,1.9416282051282054e-05,4.988316891259671e-06,0.8461538461538461,1
26,36,73.0,52.0,109047,109125,78,2.075e-05,2.0810256410256413e-05,4.903138041718515e-07,1.0,1
26,37,75.0,52.0,109125,109203,78,2.39e-05,2.3726923076923075e-05,4.030884222278315e-07,1.0,1
26,38,77.0,52.0,109203,109280,77,2.39e-05,2.3912987012987025e-05,3.361604962479132e-08,1.0,1
26,39,79.0,52.0,109280,109358,78,2.39e-05,2.3901282051282063e-05,1.1249954342810298e-08,1.0,1
26,40,81.0,52.0,109358,109436,78,2.39e-05,2.389871794871796e-05,1.1249954342810683e-08,1.0,1
26,41,83.0,52.0,109436,109514,78,2.39e-05,2.3892307692307703e-05,2.66469355010603e-08,1.0,1
26,42,85.0,52.0,109514,109592,78,2.39e-05,2.387820512820514e-05,4.128523637975644e-08,1.0,1
26,43,87.0,52.0,109592,109669,77,2.39e-05,2.3894805194805205e-05,2.2192217520305804e-08,1.0,1
26,44,89.0,52.0,109669,109747,78,2.39e-05,2.3900000000000012e-05,1.0164395367051604e-20,1.0,1
26,45,91.0,52.0,109747,109825,78,2.39e-05,2.3902564102564115e-05,1.580618975120235e-08,1.0,1
26,46,93.0,52.0,109825,109903,78,2.39e-05,2.3900000000000012e-05,1.0164395367051604e-20,1.0,1
26,47,95.0,52.0,109903,109981,78,2.39e-05,2.3900000000000012e-05,1.0164395367051604e-20,1.0,1
26,48,97.0,52.0,109981,110058,77,2.39e-05,2.3897402597402612e-05,1.5905777550540504e-08,1.0,1
26,49,99.0,52.0,110058,110136,78,2.39e-05,2.3893589743589754e-05,2.449355535197854e-08,1.0,1
27,0,1.0,54.0,114073,114151,78,3.58e-06,3.5811538461538455e-06,8.317539273491544e-09,0.0,0
27,1,3.0,54.0,113996,114073,77,1.95e-05,1.5985324675324674e-05,7.294146485129976e-06,0.7272727272727273,1
27,2,5.0,54.0,113918,113996,78,2.26e-05,2.256794871794872e-05,4.6667371085131085e-08,1.0,1
27,3,7.0,54.0,113840,113918,78,2.26e-05,2.2600000000000004e-05,3.3881317890172014e-21,1.0,1
27,4,9.0,54.0,113762,113840,78,2.26e-05,2.2597435897435904e-05,1.5806189751202356e-08,1.0,1
27,5,11.0,54.0,113684,113762,78,2.26e-05,2.2602564102564107e-05,2.761622978017668e-08,1.0,1
27,6,13.0,54.0,113607,113684,77,2.26e-05,2.257532467532468e-05,4.31121887602537e-08,1.0,1
27,7,15.0,54.0,113529,113607,78,2.25e-05,2.2506410256410255e-05,2.4493555351977713e-08,1.0,1
27,8,17.0,54.0,113451,113529,78,2.25e-05,2.2503846153846152e-05,4.064324995935238e-08,1.0,1
27,9,19.0,54.0,113373,113451,78,2.26e-05,2.2602564102564107e-05,2.7616229780176677e-08,1.0,1
27,10,21.0,54.0,113295,113373,78,2.26e-05,2.003461538461539e-05,5.58259375713469e-06,0.8333333333333334,1
27,11,23.0,54.0,113218,113295,77,3.63e-06,3.8305194805194814e-06,4.411816956555976e-07,0.0,0
27,12,25.0,54.0,113140,113218,78,3.61e-06,3.6256410256410253e-06,3.934038649027829e-08,0.0,0
27,13,27.0,54.0,113062,113140,78,3.6e-06,3.5962820512820505e-06,5.572131746692483e-09,0.0,0
27,14,29.0,54.0,112984,113062,78,3.61e-06,3.6132051282051263e-06,7.069905476390922e-09,0.0,0
27,15,31.0,54.0,112906,112984,78,3.56e-06,3.563076923076922e-06,1.065877420042392e-08,0.0,0
27,16,33.0,54.0,112828,112906,78,3.57e-06,3.568333333333333e-06,5.865297042922093e-09,0.0,0
27,17,35.0,54.0,112751,112828,77,3.58e-06,3.5836363636363633e-06,5.3230913069919485e-09,0.0,0
27,18,37.0,54.0,112673,112751,78,3.62e-06,3.61628205128205e-06,2.0134736813811908e-08,0.0,0
27,19,39.0,54.0,112595,112673,78,3.62e-06,3.6228205128205133e-06,1.0114401499136327e-08,0.0,0
27,20,41.0,54.0,112517,112595,78,3.65e-06,3.64948717948718e-06,8.457652565369626e-09,0.0,0
27,21,43.0,54.0,112439,112517,78,3.65e-06,3.653974358974358e-06,1.1694809673826876e-08,0.0,0
27,22,45.0,54.0,112362,112439,77,3.65e-06,3.6472727272727277e-06,4.453617714151379e-09,0.0,0
27,23,47.0,54.0,112284,112362,78,3.65e-06,3.655384615384616e-06,1.0584496123359104e-08,0.0,0
27,24,49.0,54.0,112206,112284,78,3.7e-06,3.697820512820512e-06,1.1728492142732793e-08,0.0,0
27,25,51.0,54.0,112128,112206,78,3.71e-06,3.7100000000000005e-06,6.4051261522034245e-09,0.0,0
27,26,53.0,54.0,112050,112128,78,3.71e-06,3.7092307692307687e-06,6.937307312035154e-09,0.0,0
27,27,55.0,54.0,111973,112050,77,3.74e-06,3.734935064935065e-06,1.4107507131428897e-08,0.0,0
27,28,57.0,54.0,111895,111973,78,3.77e-06,3.776794871794872e-06,1.2035587161285383e-08,0.0,0
27,29,59.0,54.0,111817,111895,78,3.81e-06,3.8069230769230755e-06,8.213137116947082e-09,0.0,0
27,30,61.0,54.0,111739,111817,78,3.79e-06,3.791794871794871e-06,6.932567094664533e-09,0.0,0
27,31,63.0,54.0,111661,111739,78,3.73e-06,3.7317948717948724e-06,2.474192899966748e-08,0.0,0
27,32,65.0,54.0,111584,111661,77,3.73e-06,3.7758441558441544e-06,8.432082593656834e-08,0.0,0
27,33,67.0,54.0,111506,111584,78,2.02e-05,1.7380512820512824e-05,5.385284293006479e-06,0.8461538461538461,1
27,34,69.0,54.0,111428,111506,78,2.07e-05,2.0728205128205124e-05,1.011440149913647e-07,1.0,1
27,35,71.0,54.0,111350,111428,78,2.095e-05,2.1492307692307692e-05,1.0614176817205533e-06,1.0,1
27,36,73.0,54.0,111272,111350,78,2.39e-05,2.3862820512820515e-05,9.213837748118493e-08,1.0,1
27,37,75.0,54.0,111194,111272,78,2.39e-05,2.3897435897435912e-05,1.580618975120289e-08,1.0,1
27,38,77.0,54.0,111117,111194,77,2.39e-05,2.389610389610391e-05,1.9350213539937277e-08,1.0,1
27,39,79.0,54.0,111039,111117,78,2.39e-05,2.3900000000000012e-05,1.0164395367051604e-20,1.0,1
27,40,81.0,54.0,110961,111039,78,2.39e-05,2.3901282051282063e-05,1.1249954342810301e-08,1.0,1
27,41,83.0,54.0,110883,110961,78,2.39e-05,2.3894871794871806e-05,5.2860328533560265e-08,1.0,1
27,42,85.0,54.0,110805,110883,78,2.38e-05,2.380384615384616e-05,1.9230769230769697e-08,1.0,1
27,43,87.0,54.0,110728,110805,77,2.38e-05,2.3827272727272736e-05,4.453617714151341e-08,1.0,1
27,44,89.0,54.0,110650,110728,78,2.38e-05,2.3800000000000006e-05,6.776263578034403e-21,1.0,1
27,45,91.0,54.0,110572,110650,78,2.38e-05,2.3800000000000006e-05,6.776263578034403e-21,1.0,1
27,46,93.0,54.0,110494,110572,78,2.38e-05,2.3800000000000006e-05,6.776263578034403e-21,1.0,1
27,47,95.0,54.0,110416,110494,78,2.39e-05,2.388076923076924e-05,3.941134909984557e-08,1.0,1
27,48,97.0,54.0,110339,110416,77,2.39e-05,2.3885714285714295e-05,3.499271061118911e-08,1.0,1
27,49,99.0,54.0,110261,110339,78,2.39e-05,2.3900000000000012e-05,1.0164395367051604e-20,1.0,1
28,0,1.0,56.0,114276,114354,78,3.6e-06,3.951282051282051e-06,6.934517138355297e-07,0.0,0
28,1,3.0,56.0,114354,114431,77,8.59e-06,8.483376623376623e-06,3.419979888663067e-07,0.0,0
28,2,5.0,56.0,114431,114509,78,8.58e-06,1.142807692307692e-05,6.257456077207847e-06,0.24358974358974358,0
28,3,7.0,56.0,114509,114587,78,2.26e-05,2.2597435897435904e-05,1.5806189751202356e-08,1.0,1
28,4,9.0,56.0,114587,114665,78,2.25e-05,2.251025641025641e-05,7.265962725797352e-08,1.0,1
28,5,11.0,56.0,114665,114743,78,2.26e-05,2.2576923076923077e-05,4.213250442347392e-08,1.0,1
28,6,13.0,56.0,114743,114820,77,2.25e-05,2.2506493506493505e-05,2.4641124624688432e-08,1.0,1
28,7,15.0,56.0,114820,114898,78,2.25e-05,2.2524358974358976e-05,4.292479241739243e-08,1.0,1
28,8,17.0,56.0,114898,114976,78,2.25e-05,2.2543589743589742e-05,4.958738360465007e-08,1.0,1
28,9,19.0,56.0,114976,115054,78,2.25e-05,2.2506410256410255e-05,2.4493555351977713e-08,1.0,1
28,10,21.0,56.0,115054,115132,78,2.25e-05,2.252179487179487e-05,4.128523637975503e-08,1.0,1
28,11,23.0,56.0,115132,115209,77,2.25e-05,2.25012987012987e-05,2.5449244080864297e-08,1.0,1
28,12,25.0,56.0,115209,115287,78,2.105e-05,1.8952564102564096e-05,4.033949657052559e-06,0.8846153846153846,1
28,13,27.0,56.0,115287,115365,78,2.065e-05,1.8902564102564105e-05,3.467540854730366e-06,0.9487179487179487,1
28,14,29.0,56.0,115365,115443,78,2.19e-05,2.1935897435897435e-05,4.796996649710135e-08,1.0,1
28,15,31.0,56.0,115443,115521,78,2.2e-05,2.1974358974358973e-05,4.366509324596471e-08,1.0,1
28,16,33.0,56.0,115521,115599,78,2.2e-05,2.1978205128205134e-05,4.1285236379755044e-08,1.0,1
28,17,35.0,56.0,115599,115676,77,2.2e-05,2.1997402597402603e-05,1.5905777550539965e-08,1.0,1
28,18,37.0,56.0,115676,115754,78,2.2e-05,2.2000000000000003e-05,3.3881317890172014e-21,1.0,1
28,19,39.0,56.0,115754,115832,78,2.2e-05,2.1991025641025642e-05,2.858140616616377e-08,1.0,1
28,20,41.0,56.0,115832,115910,78,2.2e-05,2.197051282051282e-05,4.55985108814835e-08,1.0,1
28,21,43.0,56.0,115910,115988,78,2.19e-05,2.1902564102564103e-05,2.249990868562061e-08,1.0,1
28,22,45.0,56.0,115988,116065,77,2.17e-05,2.1761038961038965e-05,1.141380391829606e-07,1.0,1
28,23,47.0,56.0,116065,116143,78,2.15e-05,2.150641025641026e-05,4.338185721971455e-08,1.0,1
28,24,49.0,56.0,116143,116221,78,2.18e-05,2.174871794871795e-05,1.6466250623592129e-07,1.0,1
28,25,51.0,56.0,116221,116299,78,2.2e-05,2.20025641025641e-05,2.2499908685620612e-08,1.0,1
28,26,53.0,56.0,116299,116377,78,2.2e-05,2.202692307692308e-05,4.4356009979502637e-08,1.0,1
28,27,55.0,56.0,116377,116454,77,2.2e-05,2.2016883116883113e-05,3.7460272991833296e-08,1.0,1
28,28,57.0,56.0,116454,116532,78,2.21e-05,2.2093589743589738e-05,2.4493555351977717e-08,1.0,1
28,29,59.0,56.0,116532,116610,78,2.19e-05,2.1949999999999998e-05,1.1065075572986165e-07,1.0,1
28,30,61.0,56.0,116610,116688,78,2.16e-05,2.1529487179487175e-05,2.655951103769562e-07,1.0,1
28,31,63.0,56.0,116688,116766,78,2e-05,2.0102564102564104e-05,2.53171857599941e-07,1.0,1
28,32,65.0,56.0,116766,116844,78,1.96e-05,1.9607692307692314e-05,1.09508494892629e-07,1.0,1
28,33,67.0,56.0,116844,116921,77,1.98e-05,1.9831168831168826e-05,1.589410903364361e-07,1.0,1
28,34,69.0,56.0,116921,116999,78,2.01e-05,2.0112820512820516e-05,1.6279527363435863e-07,1.0,1
28,35,71.0,56.0,116999,117077,78,2.05e-05,2.0439743589743587e-05,2.1799773204521448e-07,1.0,1
28,36,73.0,56.0,117077,117155,78,2.02e-05,2.01948717948718e-05,1.2899755105748986e-07,1.0,1
28,37,75.0,56.0,117155,117233,78,2.1850000000000003e-05,2.1885897435897437e-05,1.297603744083721e-06,1.0,1
28,38,77.0,56.0,117233,117310,77,2.39e-05,2.3897402597402612e-05,1.59057775505405e-08,1.0,1
28,39,79.0,56.0,117310,117388,78,2.39e-05,2.3897435897435912e-05,1.580618975120289e-08,1.0,1
28,40,81.0,56.0,117388,117466,78,2.39e-05,2.3871794871794882e-05,4.499981737124274e-08,1.0,1
28,41,83.0,56.0,117466,117544,78,2.39e-05,2.3887179487179497e-05,3.343180720616824e-08,1.0,1
28,42,85.0,56.0,117544,117622,78,2.39e-05,2.386153846153847e-05,4.865042554105317e-08,1.0,1
28,43,87.0,56.0,117622,117699,77,2.39e-05,2.3875324675324685e-05,4.311218876025516e-08,1.0,1
28,44,89.0,56.0,117699,117777,78,2.39e-05,2.3873076923076934e-05,4.435600997950413e-08,1.0,1
28,45,91.0,56.0,117777,117855,78,2.39e-05,2.387692307692309e-05,4.213250442347534e-08,1.0,1
28,46,93.0,56.0,117855,117933,78,2.39e-05,2.387051282051283e-05,4.559851088148506e-08,1.0,1
28,47,95.0,56.0,117933,118011,78,2.38e-05,2.384102564102565e-05,4.91880156237214e-08,1.0,1
28,48,97.0,56.0,118011,118089,78,2.38e-05,2.381153846153847e-05,3.194855331891645e-08,1.0,1
28,49,99.0,56.0,118089,118166,77,2.38e-05,2.3815584415584422e-05,3.627075336043969e-08,1.0,1
