source_index,file_point_original,current_A,row,col
0,0,3.58643e-05,-1,-1
1,1,3.592083e-05,-1,-1
2,2,3.585607e-05,-1,-1
3,3,3.574013e-05,-1,-1
4,4,3.576947e-05,-1,-1
5,5,3.586456e-05,-1,-1
6,6,3.579432e-05,-1,-1
7,7,3.569657e-05,-1,-1
8,10,3.574297e-05,-1,-1
9,11,3.583063e-05,-1,-1
10,12,3.575987e-05,-1,-1
11,13,3.566469e-05,-1,-1
12,14,3.574051e-05,-1,-1
13,15,3.580402e-05,-1,-1
14,16,3.574496e-05,-1,-1
15,17,3.564211e-05,-1,-1
16,20,3.569145e-05,-1,-1
17,21,3.57902e-05,-1,-1
18,22,3.572643e-05,-1,-1
19,23,3.563907e-05,-1,-1
20,24,3.566744e-05,-1,-1
21,25,3.578156e-05,-1,-1
22,26,3.571091e-05,-1,-1
23,27,3.561588e-05,-1,-1
24,30,3.568173e-05,-1,-1
25,31,3.576598e-05,-1,-1
26,32,3.571627e-05,-1,-1
27,33,3.562042e-05,-1,-1
28,34,3.565848e-05,-1,-1
29,35,3.577058e-05,-1,-1
30,36,3.571879e-05,-1,-1
31,37,3.562982e-05,-1,-1
32,40,3.562703e-05,-1,-1
33,41,3.57695e-05,-1,-1
34,42,3.57105e-05,-1,-1
35,43,3.560859e-05,-1,-1
36,44,3.569774e-05,-1,-1
37,45,3.576522e-05,-1,-1
38,46,3.571463e-05,-1,-1
39,47,3.563359e-05,-1,-1
40,50,3.564094e-05,-1,-1
41,51,3.576522e-05,-1,-1
42,52,3.571817e-05,-1,-1
43,53,3.562633e-05,-1,-1
44,54,3.565294e-05,-1,-1
45,55,3.576256e-05,-1,-1
46,56,3.57019e-05,-1,-1
47,57,3.560572e-05,-1,-1
48,60,3.563954e-05,-1,-1
49,61,3.575832e-05,-1,-1
50,62,3.570178e-05,-1,-1
51,63,3.562009e-05,-1,-1
52,64,3.563552e-05,-1,-1
53,65,3.57567e-05,-1,-1
54,66,3.56959e-05,-1,-1
55,67,3.560042e-05,-1,-1
56,70,3.564264e-05,-1,-1
57,71,3.573767e-05,-1,-1
58,72,3.567502e-05,-1,-1
59,73,3.557887e-05,-1,-1
60,74,3.56102e-05,-1,-1
61,75,3.572819e-05,-1,-1
62,76,3.568111e-05,-1,-1
63,77,3.55919e-05,-1,-1
64,100,3.561995e-05,-1,-1
65,101,3.573642e-05,-1,-1
66,102,3.568003e-05,-1,-1
67,103,3.559556e-05,-1,-1
68,104,3.565751e-05,-1,-1
69,105,3.574174e-05,-1,-1
70,106,3.567127e-05,-1,-1
71,107,3.557744e-05,-1,-1
72,110,3.56631e-05,-1,-1
73,111,3.572371e-05,-1,-1
74,112,3.564999e-05,-1,-1
75,113,3.555879e-05,-1,-1
76,114,3.56494e-05,-1,-1
77,115,3.57322e-05,-1,-1
78,116,3.567311e-05,-1,-1
79,117,3.559018e-05,-1,-1
80,120,3.562384e-05,-1,-1
81,121,3.574637e-05,-1,-1
82,122,3.56992e-05,-1,-1
83,123,3.560827e-05,-1,-1
84,124,3.563462e-05,-1,-1
85,125,3.57519e-05,-1,-1
86,126,3.569138e-05,-1,-1
87,127,3.560651e-05,-1,-1
88,130,3.562323e-05,-1,-1
89,131,3.573829e-05,-1,-1
90,132,3.56889e-05,-1,-1
91,133,3.559852e-05,-1,-1
92,134,3.561693e-05,-1,-1
93,135,3.574116e-05,-1,-1
94,136,3.568615e-05,-1,-1
95,137,3.559755e-05,-1,-1
96,140,3.559345e-05,-1,-1
97,141,3.572605e-05,-1,-1
98,142,3.569751e-05,-1,-1
99,143,3.560678e-05,-1,-1
100,144,3.555455e-05,-1,-1
101,145,3.570201e-05,-1,-1
102,146,3.571056e-05,-1,-1
103,147,3.563444e-05,-1,-1
104,150,3.5557e-05,-1,-1
105,151,3.570163e-05,-1,-1
106,152,3.572227e-05,-1,-1
107,153,3.565824e-05,-1,-1
108,154,3.55758e-05,-1,-1
109,155,3.567482e-05,-1,-1
110,156,3.57389e-05,-1,-1
111,157,3.567133e-05,-1,-1
112,160,3.558672e-05,-1,-1
113,161,3.563558e-05,-1,-1
114,162,3.574502e-05,-1,-1
115,163,3.569177e-05,-1,-1
116,164,3.561995e-05,-1,-1
117,165,3.559524e-05,-1,-1
118,166,3.575225e-05,-1,-1
119,167,3.571598e-05,-1,-1
120,170,3.562762e-05,-1,-1
121,171,3.562176e-05,-1,-1
122,172,3.576642e-05,-1,-1
123,173,3.572602e-05,-1,-1
124,174,3.56439e-05,-1,-1
125,175,3.56107e-05,-1,-1
126,176,3.577002e-05,-1,-1
127,177,3.575568e-05,-1,-1
128,200,3.568316e-05,-1,-1
129,201,3.560411e-05,-1,-1
130,202,3.576101e-05,-1,-1
131,203,3.575957e-05,-1,-1
132,204,3.5698e-05,-1,-1
133,205,3.560505e-05,-1,-1
134,206,3.572087e-05,-1,-1
135,207,3.577854e-05,-1,-1
136,210,3.571033e-05,-1,-1
137,211,3.56222e-05,-1,-1
138,212,3.5679e-05,-1,-1
139,213,3.578434e-05,-1,-1
140,214,3.573659e-05,-1,-1
141,215,3.565865e-05,-1,-1
142,216,3.563181e-05,-1,-1
143,217,3.578865e-05,-1,-1
144,220,3.576019e-05,-1,-1
145,221,3.569145e-05,-1,-1
146,222,3.563154e-05,-1,-1
147,223,3.578293e-05,-1,-1
148,224,3.576701e-05,-1,-1
149,225,3.568781e-05,-1,-1
150,226,3.562994e-05,-1,-1
151,227,3.57911e-05,-1,-1
152,230,3.577843e-05,-1,-1
153,231,3.56942e-05,-1,-1
154,232,3.563831e-05,-1,-1
155,233,3.578908e-05,-1,-1
156,234,3.578516e-05,-1,-1
157,235,3.570213e-05,-1,-1
158,236,3.562718e-05,-1,-1
159,237,3.577026e-05,-1,-1
160,240,3.579605e-05,-1,-1
161,241,3.572974e-05,-1,-1
162,242,3.565166e-05,-1,-1
163,243,3.574584e-05,-1,-1
164,244,3.581854e-05,-1,-1
165,245,3.575155e-05,-1,-1
166,246,3.566284e-05,-1,-1
167,247,3.571946e-05,-1,-1
168,250,3.582914e-05,-1,-1
169,251,3.576687e-05,-1,-1
170,252,3.569938e-05,-1,-1
171,253,3.567288e-05,-1,-1
172,254,3.581804e-05,-1,-1
173,255,3.579872e-05,-1,-1
174,256,3.574116e-05,-1,-1
175,257,3.566196e-05,-1,-1
176,260,3.580765e-05,-1,-1
177,261,3.582182e-05,-1,-1
178,262,3.575126e-05,-1,-1
179,263,3.566583e-05,-1,-1
180,264,3.580501e-05,-1,-1
181,265,3.582914e-05,-1,-1
182,266,3.57572e-05,-1,-1
183,267,3.567967e-05,-1,-1
184,270,3.582811e-05,-1,-1
185,271,3.584427e-05,-1,-1
186,272,3.57642e-05,-1,-1
187,273,3.568284e-05,-1,-1
188,274,3.580188e-05,-1,-1
189,275,3.58482e-05,-1,-1
190,276,3.578214e-05,-1,-1
191,277,3.569112e-05,-1,-1
192,300,3.578891e-05,-1,-1
193,301,3.585338e-05,-1,-1
194,302,3.577383e-05,-1,-1
195,303,3.567891e-05,-1,-1
196,304,3.576478e-05,-1,-1
197,305,3.583871e-05,-1,-1
198,306,3.577102e-05,-1,-1
199,307,3.567859e-05,-1,-1
200,310,3.575585e-05,-1,-1
201,311,3.583973e-05,-1,-1
202,312,3.577922e-05,-1,-1
203,313,3.570512e-05,-1,-1
204,314,3.570339e-05,-1,-1
205,315,3.584281e-05,-1,-1
206,316,3.579916e-05,-1,-1
207,317,3.570901e-05,-1,-1
208,320,3.573147e-05,-1,-1
209,321,3.585604e-05,-1,-1
210,322,3.579997e-05,-1,-1
211,323,3.571176e-05,-1,-1
212,324,3.571738e-05,-1,-1
213,325,3.584975e-05,-1,-1
214,326,3.582436e-05,-1,-1
215,327,3.57449e-05,-1,-1
216,330,3.569464e-05,-1,-1
217,331,3.583262e-05,-1,-1
218,332,3.584164e-05,-1,-1
219,333,3.577002e-05,-1,-1
220,334,3.568416e-05,-1,-1
221,335,3.5807e-05,-1,-1
222,336,3.58554e-05,-1,-1
223,337,3.577772e-05,-1,-1
224,340,3.568808e-05,-1,-1
225,341,3.579105e-05,-1,-1
226,342,3.585429e-05,-1,-1
227,343,3.579491e-05,-1,-1
228,344,3.572482e-05,-1,-1
229,345,3.572643e-05,-1,-1
230,346,3.58688e-05,-1,-1
231,347,3.582419e-05,-1,-1
232,350,3.572584e-05,-1,-1
233,351,3.575808e-05,-1,-1
234,352,3.586843e-05,-1,-1
235,353,3.581534e-05,-1,-1
236,354,3.573495e-05,-1,-1
237,355,3.571952e-05,-1,-1
238,356,3.586114e-05,-1,-1
239,357,3.581309e-05,-1,-1
240,360,3.571788e-05,-1,-1
241,361,3.571683e-05,-1,-1
242,362,3.585226e-05,-1,-1
243,363,3.58017e-05,-1,-1
244,364,3.570436e-05,-1,-1
245,365,3.569393e-05,-1,-1
246,366,3.583921e-05,-1,-1
247,367,3.581388e-05,-1,-1
248,370,3.574394e-05,-1,-1
249,371,3.567162e-05,-1,-1
250,372,3.580753e-05,-1,-1
251,373,3.583326e-05,-1,-1
252,374,3.578478e-05,-1,-1
253,375,3.570582e-05,-1,-1
254,376,3.576036e-05,-1,-1
255,377,3.584603e-05,-1,-1
256,400,3.579872e-05,-1,-1
257,401,3.571056e-05,-1,-1
258,402,3.570734e-05,-1,-1
259,403,3.584404e-05,-1,-1
260,404,3.58222e-05,-1,-1
261,405,3.574335e-05,-1,-1
262,406,3.568011e-05,-1,-1
263,407,3.584263e-05,-1,-1
264,410,3.583256e-05,-1,-1
265,411,3.576238e-05,-1,-1
266,412,3.568111e-05,-1,-1
267,413,3.583798e-05,-1,-1
268,414,3.583997e-05,-1,-1
269,415,3.57608e-05,-1,-1
270,416,3.567596e-05,-1,-1
271,417,3.577155e-05,-1,-1
272,420,3.584837e-05,-1,-1
273,421,3.577875e-05,-1,-1
274,422,3.568948e-05,-1,-1
275,423,3.57238e-05,-1,-1
276,424,3.584176e-05,-1,-1
277,425,3.578941e-05,-1,-1
278,426,3.5704e-05,-1,-1
279,427,3.567098e-05,-1,-1
280,430,3.582761e-05,-1,-1
281,431,3.580182e-05,-1,-1
282,432,3.572994e-05,-1,-1
283,433,3.565496e-05,-1,-1
284,434,3.580519e-05,-1,-1
285,435,3.581122e-05,-1,-1
286,436,3.57295e-05,-1,-1
287,437,3.564147e-05,-1,-1
288,440,3.579968e-05,-1,-1
289,441,3.579602e-05,-1,-1
290,442,3.570354e-05,-1,-1
291,443,3.564975e-05,-1,-1
292,444,3.578437e-05,-1,-1
293,445,3.579359e-05,-1,-1
294,446,3.571709e-05,-1,-1
295,447,3.563307e-05,-1,-1
296,450,3.578115e-05,-1,-1
297,451,3.580609e-05,-1,-1
298,452,3.574894e-05,-1,-1
299,453,3.566568e-05,-1,-1
300,454,3.572183e-05,-1,-1
301,455,3.581734e-05,-1,-1
302,456,3.575351e-05,-1,-1
303,457,3.565822e-05,-1,-1
304,460,3.570304e-05,-1,-1
305,461,3.580885e-05,-1,-1
306,462,3.57481e-05,-1,-1
307,463,3.565868e-05,-1,-1
308,464,3.572488e-05,-1,-1
309,465,3.581532e-05,-1,-1
310,466,3.576964e-05,-1,-1
311,467,3.5685e-05,-1,-1
312,470,3.567045e-05,-1,-1
313,471,3.58157e-05,-1,-1
314,472,3.577239e-05,-1,-1
315,473,3.570081e-05,-1,-1
316,474,3.566498e-05,-1,-1
317,475,3.581936e-05,-1,-1
318,476,3.579889e-05,-1,-1
319,477,3.571946e-05,-1,-1
320,500,3.565965e-05,-1,-1
321,501,3.580349e-05,-1,-1
322,502,3.58219e-05,-1,-1
323,503,3.574373e-05,-1,-1
324,504,3.565163e-05,-1,-1
325,505,3.577292e-05,-1,-1
326,506,3.582012e-05,-1,-1
327,507,3.575492e-05,-1,-1
328,510,3.567025e-05,-1,-1
329,511,3.574133e-05,-1,-1
330,512,3.582911e-05,-1,-1
331,513,3.577442e-05,-1,-1
332,514,3.568694e-05,-1,-1
333,515,3.572134e-05,-1,-1
334,516,3.582934e-05,-1,-1
335,517,3.577658e-05,-1,-1
336,520,3.569443e-05,-1,-1
337,521,3.571021e-05,-1,-1
338,522,3.583602e-05,-1,-1
339,523,3.578536e-05,-1,-1
340,524,3.569414e-05,-1,-1
341,525,3.569502e-05,-1,-1
342,526,3.583344e-05,-1,-1
343,527,3.579143e-05,-1,-1
344,530,3.57139e-05,-1,-1
345,531,3.565734e-05,-1,-1
346,532,3.581379e-05,-1,-1
347,533,3.580244e-05,-1,-1
348,534,3.573513e-05,-1,-1
349,535,3.565739e-05,-1,-1
350,536,3.579731e-05,-1,-1
351,537,3.582185e-05,-1,-1
352,540,3.574271e-05,-1,-1
353,541,3.566656e-05,-1,-1
354,542,3.575155e-05,-1,-1
355,543,3.583364e-05,-1,-1
356,544,3.577459e-05,-1,-1
357,545,3.569712e-05,-1,-1
358,546,3.568875e-05,-1,-1
359,547,3.583253e-05,-1,-1
360,550,3.578865e-05,-1,-1
361,551,3.572751e-05,-1,-1
362,552,3.567054e-05,-1,-1
363,553,3.581388e-05,-1,-1
364,554,3.580007e-05,-1,-1
365,555,3.572731e-05,-1,-1
366,556,3.566963e-05,-1,-1
367,557,3.581933e-05,-1,-1
368,560,3.580018e-05,-1,-1
369,561,3.571396e-05,-1,-1
370,562,3.567947e-05,-1,-1
371,563,3.582515e-05,-1,-1
372,564,3.580809e-05,-1,-1
373,565,3.574037e-05,-1,-1
374,566,3.566085e-05,-1,-1
375,567,3.580126e-05,-1,-1
376,570,3.583666e-05,-1,-1
377,571,3.575501e-05,-1,-1
378,572,3.567818e-05,-1,-1
379,573,3.581204e-05,-1,-1
380,574,3.583113e-05,-1,-1
381,575,3.575615e-05,-1,-1
382,576,3.567174e-05,-1,-1
383,577,3.581421e-05,-1,-1
384,600,3.584017e-05,-1,-1
385,601,3.577509e-05,-1,-1
386,602,3.568822e-05,-1,-1
387,603,3.582451e-05,-1,-1
388,604,3.584945e-05,-1,-1
389,605,3.577934e-05,-1,-1
390,606,3.570761e-05,-1,-1
391,607,3.584705e-05,-1,-1
392,610,3.581552e-05,-1,-1
393,611,3.572705e-05,-1,-1
394,612,3.57168e-05,-1,-1
395,613,3.584896e-05,-1,-1
396,614,3.580147e-05,-1,-1
397,615,3.570646e-05,-1,-1
398,616,3.571059e-05,-1,-1
399,617,3.584029e-05,-1,-1
400,620,3.580147e-05,-1,-1
401,621,3.570658e-05,-1,-1
402,622,3.571288e-05,-1,-1
403,623,3.584448e-05,-1,-1
404,624,3.580334e-05,-1,-1
405,625,3.572895e-05,-1,-1
406,626,3.571926e-05,-1,-1
407,627,3.586128e-05,-1,-1
408,630,3.581453e-05,-1,-1
409,631,3.572245e-05,-1,-1
410,632,3.569692e-05,-1,-1
411,633,3.584155e-05,-1,-1
412,634,3.580905e-05,-1,-1
413,635,3.573287e-05,-1,-1
414,636,3.568468e-05,-1,-1
415,637,3.584348e-05,-1,-1
416,640,3.583136e-05,-1,-1
417,641,3.576198e-05,-1,-1
418,642,3.569282e-05,-1,-1
419,643,3.582647e-05,-1,-1
420,644,3.586254e-05,-1,-1
421,645,3.578908e-05,-1,-1
422,646,3.569645e-05,-1,-1
423,647,3.578496e-05,-1,-1
424,650,3.587001e-05,-1,-1
425,651,3.58135e-05,-1,-1
426,652,3.573313e-05,-1,-1
427,653,3.574274e-05,-1,-1
428,654,3.587364e-05,-1,-1
429,655,3.583859e-05,-1,-1
430,656,3.576581e-05,-1,-1
431,657,3.56997e-05,-1,-1
432,660,3.582794e-05,-1,-1
433,661,3.58652e-05,-1,-1
434,662,3.580041e-05,-1,-1
435,663,3.570547e-05,-1,-1
436,664,3.583813e-05,-1,-1
437,665,3.587501e-05,-1,-1
438,666,3.580331e-05,-1,-1
439,667,3.571563e-05,-1,-1
440,670,3.580355e-05,-1,-1
441,671,3.588945e-05,-1,-1
442,672,3.582624e-05,-1,-1
443,673,3.574022e-05,-1,-1
444,674,3.582067e-05,-1,-1
445,675,3.589712e-05,-1,-1
446,676,3.583329e-05,-1,-1
447,677,3.574646e-05,-1,-1
448,700,3.586084e-05,-1,-1
449,701,3.592074e-05,-1,-1
450,702,3.58515e-05,-1,-1
451,703,3.576581e-05,-1,-1
452,704,3.585098e-05,-1,-1
453,705,3.59341e-05,-1,-1
454,706,3.587504e-05,-1,-1
455,707,3.579122e-05,-1,-1
456,710,3.586474e-05,-1,-1
457,711,3.596135e-05,-1,-1
458,712,3.589724e-05,-1,-1
459,713,3.580996e-05,-1,-1
460,714,3.58652e-05,-1,-1
461,715,3.597795e-05,-1,-1
462,716,3.592361e-05,-1,-1
463,717,3.585144e-05,-1,-1
464,720,3.582082e-05,-1,-1
465,721,3.598334e-05,-1,-1
466,722,3.595254e-05,-1,-1
467,723,3.587656e-05,-1,-1
468,724,3.5839e-05,-1,-1
469,725,3.599259e-05,-1,-1
470,726,3.596232e-05,-1,-1
471,727,3.587829e-05,-1,-1
472,730,3.581839e-05,-1,-1
473,731,3.598457e-05,-1,-1
474,732,3.596232e-05,-1,-1
475,733,3.589267e-05,-1,-1
476,734,3.58258e-05,-1,-1
477,735,3.597128e-05,-1,-1
478,736,3.59718e-05,-1,-1
479,737,3.589729e-05,-1,-1
480,740,3.58217e-05,-1,-1
481,741,3.597526e-05,-1,-1
482,742,3.598905e-05,-1,-1
483,743,3.591723e-05,-1,-1
484,744,3.583681e-05,-1,-1
485,745,3.598191e-05,-1,-1
486,746,3.599731e-05,-1,-1
487,747,3.592552e-05,-1,-1
488,750,3.584615e-05,-1,-1
489,751,3.601206e-05,-1,-1
490,752,3.601025e-05,-1,-1
491,753,3.593676e-05,-1,-1
492,754,3.587613e-05,-1,-1
493,755,3.602708e-05,-1,-1
494,756,3.603622e-05,-1,-1
495,757,3.595049e-05,-1,-1
496,760,3.588031e-05,-1,-1
497,761,3.604681e-05,-1,-1
498,762,3.603712e-05,-1,-1
499,763,3.596197e-05,-1,-1
500,764,3.588675e-05,-1,-1
501,765,3.603308e-05,-1,-1
502,766,3.604851e-05,-1,-1
503,767,3.596844e-05,-1,-1
504,770,3.588359e-05,-1,-1
505,771,3.600401e-05,-1,-1
506,772,3.605246e-05,-1,-1
507,773,3.598662e-05,-1,-1
508,774,3.590558e-05,-1,-1
509,775,3.600161e-05,-1,-1
510,776,3.606567e-05,-1,-1
511,777,3.60007e-05,-1,-1
512,1000,3.589964e-05,-1,-1
513,1001,3.596853e-05,-1,-1
514,1002,3.606918e-05,-1,-1
515,1003,3.600992e-05,-1,-1
516,1004,3.592531e-05,-1,-1
517,1005,3.59858e-05,-1,-1
518,1006,3.607047e-05,-1,-1
519,1007,3.600937e-05,-1,-1
520,1010,3.590906e-05,-1,-1
521,1011,3.598975e-05,-1,-1
522,1012,3.6083e-05,-1,-1
523,1013,3.60291e-05,-1,-1
524,1014,3.595807e-05,-1,-1
525,1015,3.59348e-05,-1,-1
526,1016,3.607685e-05,-1,-1
527,1017,3.606037e-05,-1,-1
528,1020,3.598366e-05,-1,-1
529,1021,3.590725e-05,-1,-1
530,1022,3.605762e-05,-1,-1
531,1023,3.606555e-05,-1,-1
532,1024,3.597904e-05,-1,-1
533,1025,3.59064e-05,-1,-1
534,1026,3.607987e-05,-1,-1
535,1027,3.605917e-05,-1,-1
536,1030,3.596978e-05,-1,-1
537,1031,3.591302e-05,-1,-1
538,1032,3.606042e-05,-1,-1
539,1033,3.604142e-05,-1,-1
540,1034,3.595216e-05,-1,-1
541,1035,3.587908e-05,-1,-1
542,1036,3.601083e-05,-1,-1
543,1037,3.60197e-05,-1,-1
544,1040,3.594508e-05,-1,-1
545,1041,3.58424e-05,-1,-1
546,1042,3.594654e-05,-1,-1
547,1043,3.598565e-05,-1,-1
548,1044,3.590048e-05,-1,-1
549,1045,3.578941e-05,-1,-1
550,1046,3.588031e-05,-1,-1
551,1047,3.590939e-05,-1,-1
552,1050,3.583028e-05,-1,-1
553,1051,3.573126e-05,-1,-1
554,1052,3.57685e-05,-1,-1
555,1053,3.582864e-05,-1,-1
556,1054,3.573762e-05,-1,-1
557,1055,3.562554e-05,-1,-1
558,1056,3.569104e-05,-1,-1
559,1057,3.573521e-05,-1,-1
560,1060,3.565886e-05,-1,-1
561,1061,3.554225e-05,-1,-1
562,1062,3.559161e-05,-1,-1
563,1063,3.568351e-05,-1,-1
564,1064,3.561011e-05,-1,-1
565,1065,3.550706e-05,-1,-1
566,1066,3.561766e-05,-1,-1
567,1067,3.565332e-05,-1,-1
568,1070,3.557387e-05,-1,-1
569,1071,3.547637e-05,-1,-1
570,1072,3.556406e-05,-1,-1
571,1073,3.55878e-05,-1,-1
572,1074,3.548952e-05,-1,-1
573,1075,3.537376e-05,-1,-1
574,1076,3.548451e-05,-1,-1
575,1077,3.549057e-05,-1,-1
576,1100,3.540924e-05,-1,-1
577,1101,3.532024e-05,-1,-1
578,1102,3.535748e-05,-1,-1
579,1103,3.544704e-05,-1,-1
580,1104,3.536963e-05,-1,-1
581,1105,3.526859e-05,-1,-1
582,1106,3.536076e-05,-1,-1
583,1107,3.539481e-05,-1,-1
584,1110,3.530548e-05,-1,-1
585,1111,3.519777e-05,-1,-1
586,1112,3.525548e-05,-1,-1
587,1113,3.531169e-05,-1,-1
588,1114,3.523111e-05,-1,-1
589,1115,3.513348e-05,-1,-1
590,1116,3.519212e-05,-1,-1
591,1117,3.525381e-05,-1,-1
592,1120,3.517889e-05,-1,-1
593,1121,3.507838e-05,-1,-1
594,1122,3.511038e-05,-1,-1
595,1123,3.520345e-05,-1,-1
596,1124,3.512788e-05,-1,-1
597,1125,3.50332e-05,-1,-1
598,1126,3.50135e-05,-1,-1
599,1127,3.513661e-05,-1,-1
600,1130,3.50931e-05,-1,-1
601,1131,3.50185e-05,-1,-1
602,1132,3.49249e-05,-1,-1
603,1133,3.50614e-05,-1,-1
604,1134,3.503961e-05,-1,-1
605,1135,3.495485e-05,-1,-1
606,1136,3.484987e-05,-1,-1
607,1137,3.496472e-05,-1,-1
608,1140,3.497728e-05,-1,-1
609,1141,3.488292e-05,-1,-1
610,1142,3.478669e-05,-1,-1
611,1143,3.491999e-05,-1,-1
612,1144,3.491858e-05,-1,-1
613,1145,3.482557e-05,-1,-1
614,1146,3.473065e-05,-1,-1
615,1147,3.481872e-05,-1,-1
616,1150,3.484431e-05,-1,-1
617,1151,3.475844e-05,-1,-1
618,1152,3.465207e-05,-1,-1
619,1153,3.476212e-05,-1,-1
620,1154,3.480712e-05,-1,-1
621,1155,3.474734e-05,-1,-1
622,1156,3.466879e-05,-1,-1
623,1157,3.473334e-05,-1,-1
624,1160,3.483786e-05,-1,-1
625,1161,3.478698e-05,-1,-1
626,1162,3.471302e-05,-1,-1
627,1163,3.476023e-05,-1,-1
628,1164,3.485054e-05,-1,-1
629,1165,3.479816e-05,-1,-1
630,1166,3.470977e-05,-1,-1
631,1167,3.472234e-05,-1,-1
632,1170,3.484105e-05,-1,-1
633,1171,3.479562e-05,-1,-1
634,1172,3.470187e-05,-1,-1
635,1173,3.468732e-05,-1,-1
636,1174,3.480083e-05,-1,-1
637,1175,3.478414e-05,-1,-1
638,1176,3.470805e-05,-1,-1
639,1177,3.462043e-05,-1,-1
640,1200,3.473931e-05,-1,-1
641,1201,3.477032e-05,-1,-1
642,1202,3.470755e-05,-1,-1
643,1203,3.46114e-05,-1,-1
644,1204,3.472939e-05,-1,-1
645,1205,3.47847e-05,-1,-1
646,1206,3.473141e-05,-1,-1
647,1207,3.465424e-05,-1,-1
648,1210,3.478648e-05,-1,-1
649,1211,3.483891e-05,-1,-1
650,1212,3.478475e-05,-1,-1
651,1213,3.471071e-05,-1,-1
652,1214,3.481875e-05,-1,-1
653,1215,3.490104e-05,-1,-1
654,1216,3.485929e-05,-1,-1
655,1217,3.479465e-05,-1,-1
656,1220,3.486819e-05,-1,-1
657,1221,3.49824e-05,-1,-1
658,1222,3.495576e-05,-1,-1
659,1223,3.490789e-05,-1,-1
660,1224,3.502454e-05,-1,-1
661,1225,3.513136e-05,-1,-1
662,1226,3.511398e-05,-1,-1
663,1227,3.506359e-05,-1,-1
664,1230,3.519727e-05,-1,-1
665,1231,3.530774e-05,-1,-1
666,1232,3.528914e-05,-1,-1
667,1233,3.523334e-05,-1,-1
668,1234,3.538494e-05,-1,-1
669,1235,3.54661e-05,-1,-1
670,1236,3.54225e-05,-1,-1
671,1237,3.536099e-05,-1,-1
672,1240,3.549558e-05,-1,-1
673,1241,3.556795e-05,-1,-1
674,1242,3.550718e-05,-1,-1
675,1243,3.540426e-05,-1,-1
676,1244,3.548308e-05,-1,-1
677,1245,3.554125e-05,-1,-1
678,1246,3.545805e-05,-1,-1
679,1247,3.5339e-05,-1,-1
680,1250,3.535507e-05,-1,-1
681,1251,3.544947e-05,-1,-1
682,1252,3.538775e-05,-1,-1
683,1253,3.52904e-05,-1,-1
684,1254,3.529509e-05,-1,-1
685,1255,3.536822e-05,-1,-1
686,1256,3.529802e-05,-1,-1
687,1257,3.517537e-05,-1,-1
688,1260,3.507715e-05,-1,-1
689,1261,3.517417e-05,-1,-1
690,1262,3.515195e-05,-1,-1
691,1263,3.504843e-05,-1,-1
692,1264,3.493269e-05,-1,-1
693,1265,3.501411e-05,-1,-1
694,1266,3.505543e-05,-1,-1
695,1267,3.496926e-05,-1,-1
696,1270,3.48631e-05,-1,-1
697,1271,3.488363e-05,-1,-1
698,1272,3.4975e-05,-1,-1
699,1273,3.491685e-05,-1,-1
700,1274,3.481406e-05,-1,-1
701,1275,3.474871e-05,-1,-1
702,1276,3.486787e-05,-1,-1
703,1277,3.487215e-05,-1,-1
704,1300,3.479731e-05,-1,-1
705,1301,3.470626e-05,-1,-1
706,1302,3.469991e-05,-1,-1
707,1303,3.481556e-05,-1,-1
708,1304,3.478997e-05,-1,-1
709,1305,3.472052e-05,-1,-1
710,1306,3.462865e-05,-1,-1
711,1307,3.477981e-05,-1,-1
712,1310,3.476748e-05,-1,-1
713,1311,3.469511e-05,-1,-1
714,1312,3.464768e-05,-1,-1
715,1313,3.481649e-05,-1,-1
716,1314,3.480259e-05,-1,-1
717,1315,3.472231e-05,-1,-1
718,1316,3.468307e-05,-1,-1
719,1317,3.483643e-05,-1,-1
720,1320,3.48376e-05,-1,-1
721,1321,3.47712e-05,-1,-1
722,1322,3.470477e-05,-1,-1
723,1323,3.482876e-05,-1,-1
724,1324,3.485971e-05,-1,-1
725,1325,3.480276e-05,-1,-1
726,1326,3.473516e-05,-1,-1
727,1327,3.489718e-05,-1,-1
728,1330,3.492538e-05,-1,-1
729,1331,3.487089e-05,-1,-1
730,1332,3.480466e-05,-1,-1
731,1333,3.496654e-05,-1,-1
732,1334,3.498182e-05,-1,-1
733,1335,3.492777e-05,-1,-1
734,1336,3.488096e-05,-1,-1
735,1337,3.505165e-05,-1,-1
736,1340,3.506626e-05,-1,-1
737,1341,3.500123e-05,-1,-1
738,1342,3.494836e-05,-1,-1
739,1343,3.512074e-05,-1,-1
740,1344,3.512323e-05,-1,-1
741,1345,3.505665e-05,-1,-1
742,1346,3.500683e-05,-1,-1
743,1347,3.515558e-05,-1,-1
744,1350,3.517022e-05,-1,-1
745,1351,3.510757e-05,-1,-1
746,1352,3.505542e-05,-1,-1
747,1353,3.521419e-05,-1,-1
748,1354,3.520582e-05,-1,-1
749,1355,3.513401e-05,-1,-1
750,1356,3.507322e-05,-1,-1
751,1357,3.523999e-05,-1,-1
752,1360,3.523097e-05,-1,-1
753,1361,3.514934e-05,-1,-1
754,1362,3.510865e-05,-1,-1
755,1363,3.525422e-05,-1,-1
756,1364,3.525609e-05,-1,-1
757,1365,3.518925e-05,-1,-1
758,1366,3.512709e-05,-1,-1
759,1367,3.528244e-05,-1,-1
760,1370,3.529398e-05,-1,-1
761,1371,3.522295e-05,-1,-1
762,1372,3.513263e-05,-1,-1
763,1373,3.525158e-05,-1,-1
764,1374,3.527369e-05,-1,-1
765,1375,3.519168e-05,-1,-1
766,1376,3.510467e-05,-1,-1
767,1377,3.520702e-05,-1,-1
768,1400,3.523952e-05,-1,-1
769,1401,3.516369e-05,-1,-1
770,1402,3.506096e-05,-1,-1
771,1403,3.515057e-05,-1,-1
772,1404,3.521566e-05,-1,-1
773,1405,3.516181e-05,-1,-1
774,1406,3.506784e-05,-1,-1
775,1407,3.50751e-05,-1,-1
776,1410,3.519414e-05,-1,-1
777,1411,3.515336e-05,-1,-1
778,1412,3.506819e-05,-1,-1
779,1413,3.502942e-05,-1,-1
780,1414,3.517344e-05,-1,-1
781,1415,3.512294e-05,-1,-1
782,1416,3.503619e-05,-1,-1
783,1417,3.500182e-05,-1,-1
784,1420,3.514768e-05,-1,-1
785,1421,3.511837e-05,-1,-1
786,1422,3.504359e-05,-1,-1
787,1423,3.496897e-05,-1,-1
788,1424,3.511398e-05,-1,-1
789,1425,3.511456e-05,-1,-1
790,1426,3.504667e-05,-1,-1
791,1427,3.495213e-05,-1,-1
792,1430,3.50724e-05,-1,-1
793,1431,3.510323e-05,-1,-1
794,1432,3.501918e-05,-1,-1
795,1433,3.492356e-05,-1,-1
796,1434,3.50467e-05,-1,-1
797,1435,3.504517e-05,-1,-1
798,1436,3.495948e-05,-1,-1
799,1437,3.488436e-05,-1,-1
800,1440,3.502056e-05,-1,-1
801,1441,3.501517e-05,-1,-1
802,1442,3.492801e-05,-1,-1
803,1443,3.484141e-05,-1,-1
804,1444,3.497567e-05,-1,-1
805,1445,3.496197e-05,-1,-1
806,1446,3.486913e-05,-1,-1
807,1447,3.481581e-05,-1,-1
808,1450,3.494563e-05,-1,-1
809,1451,3.493972e-05,-1,-1
810,1452,3.484864e-05,-1,-1
811,1453,3.476883e-05,-1,-1
812,1454,3.490851e-05,-1,-1
813,1455,3.490611e-05,-1,-1
814,1456,3.482162e-05,-1,-1
815,1457,3.474713e-05,-1,-1
816,1460,3.488395e-05,-1,-1
817,1461,3.487458e-05,-1,-1
818,1462,3.479319e-05,-1,-1
819,1463,3.471434e-05,-1,-1
820,1464,3.485578e-05,-1,-1
821,1465,3.485569e-05,-1,-1
822,1466,3.477577e-05,-1,-1
823,1467,3.469537e-05,-1,-1
824,1470,3.481825e-05,-1,-1
825,1471,3.484673e-05,-1,-1
826,1472,3.477044e-05,-1,-1
827,1473,3.467968e-05,-1,-1
828,1474,3.481494e-05,-1,-1
829,1475,3.484193e-05,-1,-1
830,1476,3.477293e-05,-1,-1
831,1477,3.468349e-05,-1,-1
832,1500,3.475589e-05,-1,-1
833,1501,3.484647e-05,-1,-1
834,1502,3.478763e-05,-1,-1
835,1503,3.469736e-05,-1,-1
836,1504,3.46906e-05,-1,-1
837,1505,3.482782e-05,-1,-1
838,1506,3.480335e-05,-1,-1
839,1507,3.472096e-05,-1,-1
840,1510,3.467634e-05,-1,-1
841,1511,3.48301e-05,-1,-1
842,1512,3.480774e-05,-1,-1
843,1513,3.472725e-05,-1,-1
844,1514,3.466715e-05,-1,-1
845,1515,3.480771e-05,-1,-1
846,1516,3.48273e-05,-1,-1
847,1517,3.474028e-05,-1,-1
848,1520,3.466598e-05,-1,-1
849,1521,3.481605e-05,-1,-1
850,1522,3.483447e-05,-1,-1
851,1523,3.477468e-05,-1,-1
852,1524,3.469435e-05,-1,-1
853,1525,3.478745e-05,-1,-1
854,1526,3.4853e-05,-1,-1
855,1527,3.47842e-05,-1,-1
856,1530,3.469686e-05,-1,-1
857,1531,3.478801e-05,-1,-1
858,1532,3.485163e-05,-1,-1
859,1533,3.479723e-05,-1,-1
860,1534,3.470451e-05,-1,-1
861,1535,3.47974e-05,-1,-1
862,1536,3.486436e-05,-1,-1
863,1537,3.480159e-05,-1,-1
864,1540,3.47233e-05,-1,-1
865,1541,3.480346e-05,-1,-1
866,1542,3.487467e-05,-1,-1
867,1543,3.481597e-05,-1,-1
868,1544,3.472632e-05,-1,-1
869,1545,3.476853e-05,-1,-1
870,1546,3.489466e-05,-1,-1
871,1547,3.486855e-05,-1,-1
872,1550,3.479166e-05,-1,-1
873,1551,3.473858e-05,-1,-1
874,1552,3.488989e-05,-1,-1
875,1553,3.490306e-05,-1,-1
876,1554,3.484205e-05,-1,-1
877,1555,3.475088e-05,-1,-1
878,1556,3.486307e-05,-1,-1
879,1557,3.492118e-05,-1,-1
880,1560,3.486594e-05,-1,-1
881,1561,3.478089e-05,-1,-1
882,1562,3.48092e-05,-1,-1
883,1563,3.493342e-05,-1,-1
884,1564,3.489343e-05,-1,-1
885,1565,3.481423e-05,-1,-1
886,1566,3.482577e-05,-1,-1
887,1567,3.493802e-05,-1,-1
888,1570,3.49016e-05,-1,-1
889,1571,3.481327e-05,-1,-1
890,1572,3.479067e-05,-1,-1
891,1573,3.494133e-05,-1,-1
892,1574,3.491322e-05,-1,-1
893,1575,3.483807e-05,-1,-1
894,1576,3.479538e-05,-1,-1
895,1577,3.495316e-05,-1,-1
896,1600,3.492505e-05,-1,-1
897,1601,3.484837e-05,-1,-1
898,1602,3.47986e-05,-1,-1
899,1603,3.496144e-05,-1,-1
900,1604,3.493872e-05,-1,-1
901,1605,3.485601e-05,-1,-1
902,1606,3.482337e-05,-1,-1
903,1607,3.496844e-05,-1,-1
904,1610,3.494423e-05,-1,-1
905,1611,3.487334e-05,-1,-1
906,1612,3.483201e-05,-1,-1
907,1613,3.498091e-05,-1,-1
908,1614,3.496059e-05,-1,-1
909,1615,3.486805e-05,-1,-1
910,1616,3.483239e-05,-1,-1
911,1617,3.498683e-05,-1,-1
912,1620,3.49764e-05,-1,-1
913,1621,3.490066e-05,-1,-1
914,1622,3.482738e-05,-1,-1
915,1623,3.495055e-05,-1,-1
916,1624,3.499256e-05,-1,-1
917,1625,3.493424e-05,-1,-1
918,1626,3.486559e-05,-1,-1
919,1627,3.488591e-05,-1,-1
920,1630,3.501327e-05,-1,-1
921,1631,3.496949e-05,-1,-1
922,1632,3.490582e-05,-1,-1
923,1633,3.486363e-05,-1,-1
924,1634,3.501414e-05,-1,-1
925,1635,3.499751e-05,-1,-1
926,1636,3.491381e-05,-1,-1
927,1637,3.486339e-05,-1,-1
928,1640,3.502565e-05,-1,-1
929,1641,3.498891e-05,-1,-1
930,1642,3.492189e-05,-1,-1
931,1643,3.486916e-05,-1,-1
932,1644,3.501724e-05,-1,-1
933,1645,3.49969e-05,-1,-1
934,1646,3.490962e-05,-1,-1
935,1647,3.489413e-05,-1,-1
936,1650,3.503077e-05,-1,-1
937,1651,3.499453e-05,-1,-1
938,1652,3.490104e-05,-1,-1
939,1653,3.487677e-05,-1,-1
940,1654,3.502172e-05,-1,-1
941,1655,3.498525e-05,-1,-1
942,1656,3.49124e-05,-1,-1
943,1657,3.486359e-05,-1,-1
944,1660,3.501704e-05,-1,-1
945,1661,3.497948e-05,-1,-1
946,1662,3.489876e-05,-1,-1
947,1663,3.488327e-05,-1,-1
948,1664,3.502e-05,-1,-1
949,1665,3.49793e-05,-1,-1
950,1666,3.489127e-05,-1,-1
951,1667,3.489888e-05,-1,-1
952,1670,3.501818e-05,-1,-1
953,1671,3.497971e-05,-1,-1
954,1672,3.491448e-05,-1,-1
955,1673,3.486998e-05,-1,-1
956,1674,3.50159e-05,-1,-1
957,1675,3.498314e-05,-1,-1
958,1676,3.489768e-05,-1,-1
959,1677,3.488822e-05,-1,-1
960,1700,3.502178e-05,-1,-1
961,1701,3.496938e-05,-1,-1
962,1702,3.488371e-05,-1,-1
963,1703,3.491846e-05,-1,-1
964,1704,3.502495e-05,-1,-1
965,1705,3.498279e-05,-1,-1
966,1706,3.489317e-05,-1,-1
967,1707,3.489159e-05,-1,-1
968,1710,3.502697e-05,-1,-1
969,1711,3.498586e-05,-1,-1
970,1712,3.490166e-05,-1,-1
971,1713,3.489867e-05,-1,-1
972,1714,3.502588e-05,-1,-1
973,1715,3.497813e-05,-1,-1
974,1716,3.489038e-05,-1,-1
975,1717,3.491363e-05,-1,-1
976,1720,3.503162e-05,-1,-1
977,1721,3.498367e-05,-1,-1
978,1722,3.489814e-05,-1,-1
979,1723,3.490379e-05,-1,-1
980,1724,3.503139e-05,-1,-1
981,1725,3.499821e-05,-1,-1
982,1726,3.49225e-05,-1,-1
983,1727,3.48936e-05,-1,-1
984,1730,3.503467e-05,-1,-1
985,1731,3.500457e-05,-1,-1
986,1732,3.494291e-05,-1,-1
987,1733,3.486922e-05,-1,-1
988,1734,3.501285e-05,-1,-1
989,1735,3.503188e-05,-1,-1
990,1736,3.497157e-05,-1,-1
991,1737,3.487417e-05,-1,-1
992,1740,3.49668e-05,-1,-1
993,1741,3.503686e-05,-1,-1
994,1742,3.498943e-05,-1,-1
995,1743,3.48992e-05,-1,-1
996,1744,3.490315e-05,-1,-1
997,1745,3.50332e-05,-1,-1
998,1746,3.501139e-05,-1,-1
999,1747,3.491963e-05,-1,-1
1000,1750,3.487592e-05,-1,-1
1001,1751,3.501437e-05,-1,-1
1002,1752,3.501956e-05,-1,-1
1003,1753,3.493993e-05,-1,-1
1004,1754,3.486843e-05,-1,-1
1005,1755,3.502609e-05,-1,-1
1006,1756,3.502609e-05,-1,-1
1007,1757,3.494218e-05,-1,-1
1008,1760,3.487235e-05,-1,-1
1009,1761,3.503153e-05,-1,-1
1010,1762,3.501938e-05,-1,-1
1011,1763,3.493597e-05,-1,-1
1012,1764,3.487042e-05,-1,-1
1013,1765,3.502456e-05,-1,-1
1014,1766,3.501476e-05,-1,-1
1015,1767,3.494224e-05,-1,-1
1016,1770,3.486943e-05,-1,-1
1017,1771,3.502257e-05,-1,-1
1018,1772,3.502621e-05,-1,-1
1019,1773,3.494124e-05,-1,-1
1020,1774,3.486331e-05,-1,-1
1021,1775,3.499828e-05,-1,-1
1022,1776,3.502266e-05,-1,-1
1023,1777,3.495363e-05,-1,-1
1024,2000,3.486892e-05,-1,-1
1025,2001,3.499584e-05,-1,-1
1026,2002,3.502749e-05,-1,-1
1027,2003,3.495383e-05,-1,-1
1028,2004,3.486828e-05,-1,-1
1029,2005,3.500568e-05,-1,-1
1030,2006,3.502544e-05,-1,-1
1031,2007,3.498896e-05,-1,-1
1032,2010,3.481983e-05,-1,-1
1033,2011,3.442113e-05,-1,-1
1034,2012,3.443941e-05,-1,-1
1035,2013,3.44519e-05,-1,-1
1036,2014,3.43595e-05,-1,-1
1037,2015,3.443164e-05,-1,-1
1038,2016,3.458588e-05,-1,-1
1039,2017,3.466129e-05,-1,-1
1040,2020,3.472471e-05,-1,-1
1041,2021,3.478396e-05,0,0
1042,2022,3.505967e-05,0,0
1043,2023,3.517476e-05,0,0
1044,2024,3.513696e-05,0,0
1045,2025,3.520067e-05,0,0
1046,2026,3.554037e-05,0,0
1047,2027,3.562534e-05,0,0
1048,2030,3.569104e-05,0,0
1049,2031,3.589405e-05,0,0
1050,2032,3.637504e-05,0,0
1051,2033,3.656751e-05,0,0
1052,2034,3.670136e-05,0,0
1053,2035,3.69884e-05,0,0
1054,2036,3.729701e-05,0,0
1055,2037,3.737539e-05,0,0
1056,2040,3.733273e-05,0,0
1057,2041,3.715206e-05,0,0
1058,2042,3.722886e-05,0,0
1059,2043,3.689946e-05,0,0
1060,2044,3.65784e-05,0,0
1061,2045,3.613362e-05,0,0
1062,2046,3.580244e-05,0,0
1063,2047,3.547119e-05,0,0
1064,2050,3.503932e-05,0,0
1065,2051,3.462168e-05,0,0
1066,2052,3.44476e-05,0,0
1067,2053,3.415579e-05,0,0
1068,2054,3.385555e-05,0,0
1069,2055,3.362716e-05,0,0
1070,2056,3.351904e-05,0,0
1071,2057,3.324316e-05,0,0
1072,2060,3.289446e-05,0,1
1073,2061,3.256077e-05,0,1
1074,2062,3.249236e-05,0,1
1075,2063,3.230329e-05,0,1
1076,2064,3.209018e-05,0,1
1077,2065,3.192111e-05,0,1
1078,2066,3.197676e-05,0,1
1079,2067,3.193985e-05,0,1
1080,2070,3.182767e-05,0,1
1081,2071,3.170966e-05,0,1
1082,2072,3.180575e-05,0,1
1083,2073,3.183006e-05,0,1
1084,2074,3.174872e-05,0,1
1085,2075,3.166148e-05,0,1
1086,2076,3.172703e-05,0,1
1087,2077,3.17905e-05,0,1
1088,2100,3.173786e-05,0,1
1089,2101,3.164799e-05,0,1
1090,2102,3.165313e-05,0,1
1091,2103,3.176266e-05,0,1
1092,2104,3.171084e-05,0,1
1093,2105,3.162198e-05,0,1
1094,2106,3.161878e-05,0,1
1095,2107,3.17424e-05,0,1
1096,2110,3.170812e-05,0,1
1097,2111,3.162301e-05,0,1
1098,2112,3.159385e-05,0,1
1099,2113,3.171769e-05,0,1
1100,2114,3.170788e-05,0,1
1101,2115,3.163422e-05,0,1
1102,2116,3.154864e-05,0,1
1103,2117,3.169778e-05,0,2
1104,2120,3.169216e-05,0,2
1105,2121,3.161782e-05,0,2
1106,2122,3.154083e-05,0,2
1107,2123,3.168499e-05,0,2
1108,2124,3.169488e-05,0,2
1109,2125,3.161413e-05,0,2
1110,2126,3.153187e-05,0,2
1111,2127,3.167681e-05,0,2
1112,2130,3.169096e-05,0,2
1113,2131,3.162678e-05,0,2
1114,2132,3.153849e-05,0,2
1115,2133,3.166491e-05,0,2
1116,2134,3.169826e-05,0,2
1117,2135,3.162351e-05,0,2
1118,2136,3.154712e-05,0,2
1119,2137,3.162473e-05,0,2
1120,2140,3.170217e-05,0,2
1121,2141,3.163414e-05,0,2
1122,2142,3.153954e-05,0,2
1123,2143,3.165462e-05,0,2
1124,2144,3.169243e-05,0,2
1125,2145,3.162312e-05,0,2
1126,2146,3.153471e-05,0,2
1127,2147,3.167901e-05,0,2
1128,2150,3.168662e-05,0,2
1129,2151,3.161718e-05,0,2
1130,2152,3.154041e-05,0,2
1131,2153,3.164359e-05,0,2
1132,2154,3.170703e-05,0,2
1133,2155,3.164351e-05,0,2
1134,2156,3.156094e-05,0,3
1135,2157,3.164639e-05,0,3
1136,2160,3.170876e-05,0,3
1137,2161,3.164692e-05,0,3
1138,2162,3.155944e-05,0,3
1139,2163,3.161317e-05,0,3
1140,2164,3.171438e-05,0,3
1141,2165,3.165849e-05,0,3
1142,2166,3.156569e-05,0,3
1143,2167,3.162783e-05,0,3
1144,2170,3.172079e-05,0,3
1145,2171,3.165875e-05,0,3
1146,2172,3.157649e-05,0,3
1147,2173,3.164371e-05,0,3
1148,2174,3.172465e-05,0,3
1149,2175,3.167389e-05,0,3
1150,2176,3.157608e-05,0,3
1151,2177,3.162137e-05,0,3
1152,2200,3.173028e-05,0,3
1153,2201,3.168785e-05,0,3
1154,2202,3.162277e-05,0,3
1155,2203,3.156972e-05,0,3
1156,2204,3.171632e-05,0,3
1157,2205,3.17109e-05,0,3
1158,2206,3.165044e-05,0,3
1159,2207,3.156881e-05,0,3
1160,2210,3.171022e-05,0,3
1161,2211,3.172448e-05,0,3
1162,2212,3.165885e-05,0,3
1163,2213,3.157189e-05,0,3
1164,2214,3.16989e-05,0,3
1165,2215,3.173078e-05,0,4
1166,2216,3.16603e-05,0,4
1167,2217,3.157921e-05,0,4
1168,2220,3.171538e-05,0,4
1169,2221,3.173777e-05,0,4
1170,2222,3.166136e-05,0,4
1171,2223,3.15809e-05,0,4
1172,2224,3.1721e-05,0,4
1173,2225,3.173719e-05,0,4
1174,2226,3.167246e-05,0,4
1175,2227,3.158729e-05,0,4
1176,2230,3.171638e-05,0,4
1177,2231,3.174893e-05,0,4
1178,2232,3.169231e-05,0,4
1179,2233,3.160051e-05,0,4
1180,2234,3.167111e-05,0,4
1181,2235,3.175692e-05,0,4
1182,2236,3.168832e-05,0,4
1183,2237,3.159601e-05,0,4
1184,2240,3.170431e-05,0,4
1185,2241,3.175695e-05,0,4
1186,2242,3.168774e-05,0,4
1187,2243,3.159807e-05,0,4
1188,2244,3.172241e-05,0,4
1189,2245,3.175789e-05,0,4
1190,2246,3.168683e-05,0,4
1191,2247,3.16026e-05,0,4
1192,2250,3.171969e-05,0,4
1193,2251,3.17576e-05,0,4
1194,2252,3.169011e-05,0,4
1195,2253,3.159847e-05,0,5
1196,2254,3.170778e-05,0,5
1197,2255,3.175364e-05,0,5
1198,2256,3.168183e-05,0,5
1199,2257,3.159751e-05,0,5
1200,2260,3.17309e-05,0,5
1201,2261,3.175581e-05,0,5
1202,2262,3.168224e-05,0,5
1203,2263,3.16006e-05,0,5
1204,2264,3.172967e-05,0,5
1205,2265,3.175294e-05,0,5
1206,2266,3.166394e-05,0,5
1207,2267,3.160448e-05,0,5
1208,2270,3.175952e-05,0,5
1209,2271,3.174489e-05,0,5
1210,2272,3.165737e-05,0,5
1211,2273,3.160646e-05,0,5
1212,2274,3.176438e-05,0,5
1213,2275,3.173938e-05,0,5
1214,2276,3.166727e-05,0,5
1215,2277,3.160462e-05,0,5
1216,2300,3.175106e-05,0,5
1217,2301,3.175288e-05,0,5
1218,2302,3.166997e-05,0,5
1219,2303,3.15988e-05,0,5
1220,2304,3.174969e-05,0,5
1221,2305,3.1753e-05,0,5
1222,2306,3.168121e-05,0,5
1223,2307,3.160239e-05,0,5
1224,2310,3.174752e-05,0,5
1225,2311,3.175949e-05,0,5
1226,2312,3.168148e-05,0,6
1227,2313,3.160906e-05,0,6
1228,2314,3.174907e-05,0,6
1229,2315,3.176459e-05,0,6
1230,2316,3.168396e-05,0,6
1231,2317,3.161049e-05,0,6
1232,2320,3.172279e-05,0,6
1233,2321,3.177791e-05,0,6
1234,2322,3.171321e-05,0,6
1235,2323,3.162379e-05,0,6
1236,2324,3.172276e-05,0,6
1237,2325,3.177618e-05,0,6
1238,2326,3.172569e-05,0,6
1239,2327,3.163249e-05,0,6
1240,2330,3.16988e-05,0,6
1241,2331,3.178591e-05,0,6
1242,2332,3.172814e-05,0,6
1243,2333,3.16411e-05,0,6
1244,2334,3.169614e-05,0,6
1245,2335,3.178272e-05,0,6
1246,2336,3.173684e-05,0,6
1247,2337,3.164154e-05,0,6
1248,2340,3.168294e-05,0,6
1249,2341,3.178769e-05,0,6
1250,2342,3.175224e-05,0,6
1251,2343,3.166545e-05,0,6
1252,2344,3.162851e-05,0,6
1253,2345,3.175563e-05,0,6
1254,2346,3.177139e-05,0,6
1255,2347,3.169034e-05,0,6
1256,2350,3.161013e-05,0,6
1257,2351,3.17281e-05,0,7
1258,2352,3.176801e-05,0,7
1259,2353,3.16998e-05,0,7
1260,2354,3.160512e-05,0,7
1261,2355,3.174316e-05,0,7
1262,2356,3.1757e-05,0,7
1263,2357,3.168025e-05,0,7
1264,2360,3.1598e-05,0,7
1265,2361,3.174939e-05,0,7
1266,2362,3.173762e-05,0,7
1267,2363,3.16589e-05,0,7
1268,2364,3.159742e-05,0,7
1269,2365,3.175116e-05,0,7
1270,2366,3.172256e-05,0,7
1271,2367,3.163522e-05,0,7
1272,2370,3.16209e-05,0,7
1273,2371,3.175013e-05,0,7
1274,2372,3.172348e-05,0,7
1275,2373,3.163946e-05,0,7
1276,2374,3.159601e-05,0,7
1277,2375,3.173443e-05,0,7
1278,2376,3.172211e-05,0,7
1279,2377,3.164186e-05,0,7
1280,2400,3.158945e-05,0,7
1281,2401,3.174114e-05,0,7
1282,2402,3.170686e-05,0,7
1283,2403,3.162611e-05,0,7
1284,2404,3.158038e-05,0,7
1285,2405,3.172193e-05,0,7
1286,2406,3.171857e-05,0,7
1287,2407,3.163844e-05,0,7
1288,2410,3.157795e-05,0,8
1289,2411,3.172671e-05,0,8
1290,2412,3.170784e-05,0,8
1291,2413,3.163047e-05,0,8
1292,2414,3.158717e-05,0,8
1293,2415,3.172621e-05,0,8
1294,2416,3.171476e-05,0,8
1295,2417,3.162658e-05,0,8
1296,2420,3.156739e-05,0,8
1297,2421,3.171816e-05,0,8
1298,2422,3.171728e-05,0,8
1299,2423,3.164441e-05,0,8
1300,2424,3.156264e-05,0,8
1301,2425,3.169649e-05,0,8
1302,2426,3.171229e-05,0,8
1303,2427,3.163155e-05,0,8
1304,2430,3.155063e-05,0,8
1305,2431,3.167389e-05,0,8
1306,2432,3.170829e-05,0,8
1307,2433,3.1638e-05,0,8
1308,2434,3.155268e-05,0,8
1309,2435,3.165219e-05,0,8
1310,2436,3.170774e-05,0,8
1311,2437,3.16462e-05,0,8
1312,2440,3.156849e-05,0,8
1313,2441,3.156287e-05,0,8
1314,2442,3.169547e-05,0,8
1315,2443,3.166282e-05,0,8
1316,2444,3.159698e-05,0,8
1317,2445,3.152571e-05,0,8
1318,2446,3.16791e-05,0,9
1319,2447,3.166525e-05,0,9
1320,2450,3.160079e-05,0,9
1321,2451,3.151708e-05,0,9
1322,2452,3.163624e-05,0,9
1323,2453,3.166716e-05,0,9
1324,2454,3.159067e-05,0,9
1325,2455,3.151699e-05,0,9
1326,2456,3.166221e-05,0,9
1327,2457,3.16623e-05,0,9
1328,2460,3.1598e-05,0,9
1329,2461,3.152589e-05,0,9
1330,2462,3.161197e-05,0,9
1331,2463,3.168639e-05,0,9
1332,2464,3.163548e-05,0,9
1333,2465,3.154993e-05,0,9
1334,2466,3.156366e-05,0,9
1335,2467,3.168221e-05,0,9
1336,2470,3.163357e-05,0,9
1337,2471,3.15461e-05,0,9
1338,2472,3.157695e-05,0,9
1339,2473,3.168502e-05,0,9
1340,2474,3.161972e-05,0,9
1341,2475,3.152268e-05,0,9
1342,2476,3.164736e-05,0,9
1343,2477,3.166845e-05,0,9
1344,2500,3.160022e-05,0,9
1345,2501,3.151775e-05,0,9
1346,2502,3.163808e-05,0,9
1347,2503,3.16755e-05,0,9
1348,2504,3.161774e-05,0,9
1349,2505,3.15271e-05,0,10
1350,2506,3.159153e-05,0,10
1351,2507,3.167667e-05,0,10
1352,2510,3.16218e-05,0,10
1353,2511,3.153793e-05,0,10
1354,2512,3.155356e-05,0,10
1355,2513,3.167122e-05,0,10
1356,2514,3.163029e-05,0,10
1357,2515,3.154286e-05,0,10
1358,2516,3.152867e-05,0,10
1359,2517,3.165893e-05,0,10
1360,2520,3.162553e-05,0,10
1361,2521,3.153536e-05,0,10
1362,2522,3.153925e-05,0,10
1363,2523,3.165357e-05,0,10
1364,2524,3.162946e-05,0,10
1365,2525,3.155617e-05,0,10
1366,2526,3.148994e-05,0,10
1367,2527,3.161607e-05,0,10
1368,2530,3.164403e-05,0,10
1369,2531,3.157674e-05,0,10
1370,2532,3.148248e-05,0,10
1371,2533,3.156228e-05,0,10
1372,2534,3.163975e-05,0,10
1373,2535,3.157441e-05,0,10
1374,2536,3.148046e-05,0,10
1375,2537,3.153575e-05,0,10
1376,2540,3.163012e-05,0,10
1377,2541,3.157081e-05,0,10
1378,2542,3.147885e-05,0,10
1379,2543,3.15234e-05,0,10
1380,2544,3.162307e-05,0,11
1381,2545,3.157508e-05,0,11
1382,2546,3.149035e-05,0,11
1383,2547,3.147998e-05,0,11
1384,2550,3.161618e-05,0,11
1385,2551,3.157502e-05,0,11
1386,2552,3.150131e-05,0,11
1387,2553,3.147542e-05,0,11
1388,2554,3.160652e-05,0,11
1389,2555,3.159062e-05,0,11
1390,2556,3.152246e-05,0,11
1391,2557,3.14479e-05,0,11
1392,2560,3.157321e-05,0,11
1393,2561,3.16117e-05,0,11
1394,2562,3.156386e-05,0,11
1395,2563,3.147832e-05,0,11
1396,2564,3.152741e-05,0,11
1397,2565,3.162667e-05,0,11
1398,2566,3.158772e-05,0,11
1399,2567,3.151371e-05,0,11
1400,2570,3.149928e-05,0,11
1401,2571,3.163422e-05,0,11
1402,2572,3.162869e-05,0,11
1403,2573,3.155506e-05,0,11
1404,2574,3.148819e-05,0,11
1405,2575,3.165487e-05,0,11
1406,2576,3.163806e-05,0,11
1407,2577,3.156762e-05,0,11
1408,2600,3.151475e-05,0,11
1409,2601,3.166651e-05,0,11
1410,2602,3.164669e-05,0,11
1411,2603,3.157294e-05,0,12
1412,2604,3.155083e-05,0,12
1413,2605,3.169254e-05,0,12
1414,2606,3.164267e-05,0,12
1415,2607,3.154682e-05,0,12
1416,2610,3.159314e-05,0,12
1417,2611,3.169824e-05,0,12
1418,2612,3.164395e-05,0,12
1419,2613,3.155561e-05,0,12
1420,2614,3.162125e-05,0,12
1421,2615,3.171321e-05,0,12
1422,2616,3.167029e-05,0,12
1423,2617,3.158948e-05,0,12
1424,2620,3.159639e-05,0,12
1425,2621,3.172346e-05,0,12
1426,2622,3.167292e-05,0,12
1427,2623,3.160693e-05,0,12
1428,2624,3.160871e-05,0,12
1429,2625,3.174427e-05,0,12
1430,2626,3.169907e-05,0,12
1431,2627,3.161651e-05,0,12
1432,2630,3.166127e-05,0,12
1433,2631,3.176527e-05,0,12
1434,2632,3.172127e-05,0,12
1435,2633,3.164025e-05,0,12
1436,2634,3.165843e-05,0,12
1437,2635,3.179083e-05,0,12
1438,2636,3.174319e-05,0,12
1439,2637,3.16611e-05,0,12
1440,2640,3.169722e-05,0,12
1441,2641,3.181091e-05,0,13
1442,2642,3.176854e-05,0,13
1443,2643,3.169116e-05,0,13
1444,2644,3.170695e-05,0,13
1445,2645,3.183111e-05,0,13
1446,2646,3.176167e-05,0,13
1447,2647,3.168019e-05,0,13
1448,2650,3.173673e-05,0,13
1449,2651,3.183609e-05,0,13
1450,2652,3.178518e-05,0,13
1451,2653,3.169104e-05,0,13
1452,2654,3.175288e-05,0,13
1453,2655,3.184921e-05,0,13
1454,2656,3.178784e-05,0,13
1455,2657,3.171052e-05,0,13
1456,2660,3.175337e-05,0,13
1457,2661,3.184906e-05,0,13
1458,2662,3.181056e-05,0,13
1459,2663,3.171154e-05,0,13
1460,2664,3.171983e-05,0,13
1461,2665,3.184148e-05,0,13
1462,2666,3.179173e-05,0,13
1463,2667,3.171283e-05,0,13
1464,2670,3.171297e-05,0,13
1465,2671,3.184405e-05,0,13
1466,2672,3.179346e-05,0,13
1467,2673,3.171257e-05,0,13
1468,2674,3.174059e-05,0,13
1469,2675,3.185605e-05,0,13
1470,2676,3.181225e-05,0,13
1471,2677,3.172574e-05,0,13
1472,2700,3.17398e-05,0,14
1473,2701,3.186972e-05,0,14
1474,2702,3.183716e-05,0,14
1475,2703,3.175927e-05,0,14
1476,2704,3.175997e-05,0,14
1477,2705,3.189815e-05,0,14
1478,2706,3.186694e-05,0,14
1479,2707,3.178566e-05,0,14
1480,2710,3.17744e-05,0,14
1481,2711,3.192606e-05,0,14
1482,2712,3.188389e-05,0,14
1483,2713,3.180031e-05,0,14
1484,2714,3.183e-05,0,14
1485,2715,3.194778e-05,0,14
1486,2716,3.189596e-05,0,14
1487,2717,3.182505e-05,0,14
1488,2720,3.180757e-05,0,14
1489,2721,3.195304e-05,0,14
1490,2722,3.194052e-05,0,14
1491,2723,3.186855e-05,0,14
1492,2724,3.18073e-05,0,14
1493,2725,3.197141e-05,0,14
1494,2726,3.197117e-05,0,14
1495,2727,3.189549e-05,0,14
1496,2730,3.182349e-05,0,14
1497,2731,3.196772e-05,0,14
1498,2732,3.198783e-05,0,14
1499,2733,3.19183e-05,0,14
1500,2734,3.183638e-05,0,14
1501,2735,3.199412e-05,0,14
1502,2736,3.199861e-05,0,14
1503,2737,3.192544e-05,0,15
1504,2740,3.185333e-05,0,15
1505,2741,3.200059e-05,0,15
1506,2742,3.202132e-05,0,15
1507,2743,3.195709e-05,0,15
1508,2744,3.187186e-05,0,15
1509,2745,3.200358e-05,0,15
1510,2746,3.203942e-05,0,15
1511,2747,3.19731e-05,0,15
1512,2750,3.189555e-05,0,15
1513,2751,3.199392e-05,0,15
1514,2752,3.20697e-05,0,15
1515,2753,3.201447e-05,0,15
1516,2754,3.192365e-05,0,15
1517,2755,3.201638e-05,0,15
1518,2756,3.209487e-05,0,15
1519,2757,3.20398e-05,0,15
1520,2760,3.194904e-05,0,15
1521,2761,3.19994e-05,0,15
1522,2762,3.21108e-05,0,15
1523,2763,3.206483e-05,0,15
1524,2764,3.19881e-05,0,15
1525,2765,3.200476e-05,0,15
1526,2766,3.212511e-05,0,15
1527,2767,3.209692e-05,0,15
1528,2770,3.202591e-05,0,15
1529,2771,3.196516e-05,0,15
1530,2772,3.211218e-05,0,15
1531,2773,3.212954e-05,0,15
1532,2774,3.207742e-05,0,15
1533,2775,3.198335e-05,0,15
1534,2776,3.209265e-05,0,16
1535,2777,3.215079e-05,0,16
1536,3000,3.210928e-05,0,16
1537,3001,3.202779e-05,0,16
1538,3002,3.202248e-05,0,16
1539,3003,3.215401e-05,0,16
1540,3004,3.213284e-05,0,16
1541,3005,3.204133e-05,0,16
1542,3006,3.199211e-05,0,16
1543,3007,3.212415e-05,0,16
1544,3010,3.214836e-05,0,16
1545,3011,3.207458e-05,0,16
1546,3012,3.198614e-05,0,16
1547,3013,3.210424e-05,0,16
1548,3014,3.214432e-05,0,16
1549,3015,3.206621e-05,0,16
1550,3016,3.198305e-05,0,16
1551,3017,3.210822e-05,0,16
1552,3020,3.213987e-05,0,16
1553,3021,3.207201e-05,0,16
1554,3022,3.198429e-05,0,16
1555,3023,3.211407e-05,0,16
1556,3024,3.215153e-05,0,16
1557,3025,3.207917e-05,0,16
1558,3026,3.198747e-05,0,16
1559,3027,3.212506e-05,0,16
1560,3030,3.214537e-05,0,16
1561,3031,3.206653e-05,0,16
1562,3032,3.199152e-05,0,16
1563,3033,3.213958e-05,0,16
1564,3034,3.214157e-05,0,17
1565,3035,3.207639e-05,0,17
1566,3036,3.199629e-05,0,17
1567,3037,3.212262e-05,0,17
1568,3040,3.216359e-05,0,17
1569,3041,3.210546e-05,0,17
1570,3042,3.201067e-05,0,17
1571,3043,3.21072e-05,0,17
1572,3044,3.217432e-05,0,17
1573,3045,3.211223e-05,0,17
1574,3046,3.20264e-05,0,17
1575,3047,3.207315e-05,0,17
1576,3050,3.218593e-05,0,17
1577,3051,3.213355e-05,0,17
1578,3052,3.203939e-05,0,17
1579,3053,3.205567e-05,0,17
1580,3054,3.218019e-05,0,17
1581,3055,3.216453e-05,0,17
1582,3056,3.209853e-05,0,17
1583,3057,3.202273e-05,0,17
1584,3060,3.215559e-05,0,17
1585,3061,3.218487e-05,0,17
1586,3062,3.211121e-05,0,17
1587,3063,3.202329e-05,0,17
1588,3064,3.212321e-05,0,17
1589,3065,3.219872e-05,0,17
1590,3066,3.214216e-05,0,17
1591,3067,3.205028e-05,0,17
1592,3070,3.212447e-05,0,17
1593,3071,3.220404e-05,0,17
1594,3072,3.215149e-05,0,17
1595,3073,3.206608e-05,0,18
1596,3074,3.209177e-05,0,18
1597,3075,3.220557e-05,0,18
1598,3076,3.215895e-05,0,18
1599,3077,3.207906e-05,0,18
1600,3100,3.205985e-05,0,18
1601,3101,3.221277e-05,0,18
1602,3102,3.216809e-05,0,18
1603,3103,3.208122e-05,0,18
1604,3104,3.209771e-05,0,18
1605,3105,3.222045e-05,0,18
1606,3106,3.217491e-05,0,18
1607,3107,3.209448e-05,0,18
1608,3110,3.222791e-05,0,18
1609,3111,3.219822e-05,0,18
1610,3112,3.212224e-05,0,18
1611,3113,3.206167e-05,0,18
1612,3114,3.221215e-05,0,18
1613,3115,3.221456e-05,0,18
1614,3116,3.215267e-05,0,18
1615,3117,3.206527e-05,0,18
1616,3120,3.21947e-05,0,18
1617,3121,3.223104e-05,0,18
1618,3122,3.21628e-05,0,18
1619,3123,3.207444e-05,0,18
1620,3124,3.222164e-05,0,18
1621,3125,3.223891e-05,0,18
1622,3126,3.217857e-05,0,18
1623,3127,3.208805e-05,0,18
1624,3130,3.221295e-05,0,18
1625,3131,3.224784e-05,0,18
1626,3132,3.217922e-05,0,19
1627,3133,3.209573e-05,0,19
1628,3134,3.219514e-05,0,19
1629,3135,3.22511e-05,0,19
1630,3136,3.218806e-05,0,19
1631,3137,3.209748e-05,0,19
1632,3140,3.216157e-05,0,19
1633,3141,3.220876e-05,0,19
1634,3142,3.213164e-05,0,19
1635,3143,3.207677e-05,0,19
1636,3144,3.223218e-05,0,19
1637,3145,3.221821e-05,0,19
1638,3146,3.214791e-05,0,19
1639,3147,3.20713e-05,0,19
1640,3150,3.221418e-05,0,19
1641,3151,3.22238e-05,0,19
1642,3152,3.214251e-05,0,19
1643,3153,3.205872e-05,0,19
1644,3154,3.218706e-05,0,19
1645,3155,3.221491e-05,0,19
1646,3156,3.214459e-05,0,19
1647,3157,3.20528e-05,0,19
1648,3160,3.217896e-05,0,19
1649,3161,3.219298e-05,0,19
1650,3162,3.210632e-05,0,19
1651,3163,3.205828e-05,0,19
1652,3164,3.221348e-05,0,19
1653,3165,3.218065e-05,0,19
1654,3166,3.208981e-05,0,19
1655,3167,3.20901e-05,0,19
1656,3170,3.221593e-05,0,19
1657,3171,3.2167e-05,0,20
1658,3172,3.209186e-05,0,20
1659,3173,3.208975e-05,0,20
1660,3174,3.22164e-05,0,20
1661,3175,3.217084e-05,0,20
1662,3176,3.209168e-05,0,20
1663,3177,3.207081e-05,0,20
1664,3200,3.221622e-05,0,20
1665,3201,3.218036e-05,0,20
1666,3202,3.210755e-05,0,20
1667,3203,3.20626e-05,0,20
1668,3204,3.221467e-05,0,20
1669,3205,3.219784e-05,0,20
1670,3206,3.213372e-05,0,20
1671,3207,3.206334e-05,0,20
1672,3210,3.216669e-05,0,20
1673,3211,3.222334e-05,0,20
1674,3212,3.216432e-05,0,20
1675,3213,3.207071e-05,0,20
1676,3214,3.213969e-05,0,20
1677,3215,3.222817e-05,0,20
1678,3216,3.216944e-05,0,20
1679,3217,3.207795e-05,0,20
1680,3220,3.215175e-05,0,20
1681,3221,3.223251e-05,0,20
1682,3222,3.217998e-05,0,20
1683,3223,3.208913e-05,0,20
1684,3224,3.211732e-05,0,20
1685,3225,3.223666e-05,0,20
1686,3226,3.220803e-05,0,20
1687,3227,3.212215e-05,0,21
1688,3230,3.207976e-05,0,21
1689,3231,3.222313e-05,0,21
1690,3232,3.221134e-05,0,21
1691,3233,3.213229e-05,0,21
1692,3234,3.208904e-05,0,21
1693,3235,3.223254e-05,0,21
1694,3236,3.220993e-05,0,21
1695,3237,3.213632e-05,0,21
1696,3240,3.207677e-05,0,21
1697,3241,3.223698e-05,0,21
1698,3242,3.222515e-05,0,21
1699,3243,3.214813e-05,0,21
1700,3244,3.208553e-05,0,21
1701,3245,3.223066e-05,0,21
1702,3246,3.223584e-05,0,21
1703,3247,3.216619e-05,0,21
1704,3250,3.209735e-05,0,21
1705,3251,3.225851e-05,0,21
1706,3252,3.228549e-05,0,21
1707,3253,3.223906e-05,0,21
1708,3254,3.217685e-05,0,21
1709,3255,3.227618e-05,0,21
1710,3256,3.238919e-05,0,21
1711,3257,3.236162e-05,0,21
1712,3260,3.229182e-05,0,21
1713,3261,3.23382e-05,0,21
1714,3262,3.251922e-05,0,21
1715,3263,3.256132e-05,0,21
1716,3264,3.259065e-05,0,21
1717,3265,3.270846e-05,0,21
1718,3266,3.309314e-05,0,22
1719,3267,3.343917e-05,0,22
1720,3270,3.387751e-05,0,22
1721,3271,3.454749e-05,0,22
1722,3272,3.574306e-05,0,22
1723,3273,3.701463e-05,0,22
1724,3274,3.905301e-05,0,22
1725,3275,4.183857e-05,0,22
1726,3276,4.6252e-05,0,22
1727,3277,5.260963e-05,0,22
1728,3300,6.008646e-05,0,22
1729,3301,7.147274e-05,0,22
1730,3302,8.528384e-05,0,22
1731,3303,0.0005530818,0,22
1732,3304,0.0005515766,0,22
1733,3305,0.0005503384,0,22
1734,3306,0.000549795,0,22
1735,3307,0.0005489438,0,22
1736,3310,0.0005499779,0,22
1737,3311,0.0005512226,0,22
1738,3312,0.0005525784,0,22
1739,3313,0.0005538616,0,22
1740,3314,0.0005555372,0,22
1741,3315,0.0005592289,0,22
1742,3316,0.0005640856,0,22
1743,3317,0.0005700096,0,22
1744,3320,0.0005754208,0,22
1745,3321,0.0005814078,0,22
1746,3322,0.0005853496,0,22
1747,3323,0.0005900019,0,22
1748,3324,0.0005934363,0,22
1749,3325,0.0005967938,0,23
1750,3326,0.0005990708,0,23
1751,3327,0.0006020481,0,23
1752,3330,0.0006049962,0,23
1753,3331,0.0006071386,0,23
1754,3332,0.0006088901,0,23
1755,3333,0.0006106418,0,23
1756,3334,0.0006120318,0,23
1757,3335,0.0006133192,0,23
1758,3336,0.0006136601,0,23
1759,3337,0.0006140613,0,23
1760,3340,0.0006136233,0,23
1761,3341,0.0006136488,0,23
1762,3342,0.0006137573,0,23
1763,3343,0.0006132149,0,23
1764,3344,0.0006132795,0,23
1765,3345,0.000613622,0,23
1766,3346,0.0006134843,0,23
1767,3347,0.0006137548,0,23
1768,3350,0.0006131695,0,23
1769,3351,0.0006134564,0,23
1770,3352,0.0006135505,0,23
1771,3353,0.0006134803,0,23
1772,3354,0.0006138739,0,23
1773,3355,0.000613267,0,23
1774,3356,0.0006133065,0,23
1775,3357,0.0006130094,0,23
1776,3360,0.0006136115,0,23
1777,3361,0.0006131527,0,23
1778,3362,0.0006129532,0,23
1779,3363,0.0006133899,0,23
1780,3364,0.0006132846,0,24
1781,3365,0.0006131716,0,24
1782,3366,0.0006132801,0,24
1783,3367,0.0006136669,0,24
1784,3370,0.0006131177,0,24
1785,3371,0.0006130798,0,24
1786,3372,0.000613044,0,24
1787,3373,0.0006133749,0,24
1788,3374,0.0006133385,0,24
1789,3375,0.0006135733,0,24
1790,3376,0.0006136958,0,24
1791,3377,0.0006135887,0,24
1792,3400,0.0006130915,0,24
1793,3401,0.0006136483,0,24
1794,3402,0.0006135417,0,24
1795,3403,0.0006133948,0,24
1796,3404,0.0006134877,0,24
1797,3405,0.0006133709,0,24
1798,3406,0.0006134412,0,24
1799,3407,0.000613694,0,24
1800,3410,0.000613539,0,24
1801,3411,0.0006136021,0,24
1802,3412,0.0006133205,0,24
1803,3413,0.0006131994,0,24
1804,3414,0.0006136678,0,24
1805,3415,0.0006131466,0,24
1806,3416,0.0006135334,0,24
1807,3417,0.0006134289,0,24
1808,3420,0.000613371,0,24
1809,3421,0.0006133656,0,24
1810,3422,0.0006134423,-1,-1
1811,3423,0.0006133639,-1,-1
1812,3424,0.0006136951,-1,-1
1813,3425,0.0006135699,-1,-1
1814,3426,0.0006138514,-1,-1
1815,3427,0.0006134857,-1,-1
1816,3430,0.0006132524,-1,-1
1817,3431,0.0006140239,-1,-1
1818,3432,0.0006134633,-1,-1
1819,3433,0.0006137477,-1,-1
1820,3434,0.0006134263,-1,-1
1821,3435,0.0006129308,-1,-1
1822,3436,0.0006125047,-1,-1
1823,3437,0.0006127624,-1,-1
1824,3440,0.0006126346,-1,-1
1825,3441,0.0006131089,-1,-1
1826,3442,0.0006136865,-1,-1
1827,3443,0.000613202,-1,-1
1828,3444,0.0006135348,-1,-1
1829,3445,0.000612903,-1,-1
1830,3446,0.0006128688,-1,-1
1831,3447,0.0006127601,-1,-1
1832,3450,0.0006129257,-1,-1
1833,3451,0.000612709,-1,-1
1834,3452,0.0006124754,-1,-1
1835,3453,0.000612949,-1,-1
1836,3454,0.0006135541,-1,-1
1837,3455,0.0006132695,-1,-1
1838,3456,0.0006129158,-1,-1
1839,3457,0.0006131927,-1,-1
1840,3460,0.0006130897,-1,-1
1841,3461,0.0006132051,-1,-1
1842,3462,0.0006132319,-1,-1
1843,3463,0.0006135651,-1,-1
1844,3464,0.0006132518,-1,-1
1845,3465,0.0006131119,-1,-1
1846,3466,0.0006127478,-1,-1
1847,3467,0.000612838,-1,-1
1848,3470,0.0006130555,-1,-1
1849,3471,0.0006127586,-1,-1
1850,3472,0.0006133129,-1,-1
1851,3473,0.000613273,-1,-1
1852,3474,0.0006133145,-1,-1
1853,3475,0.0006126698,-1,-1
1854,3476,0.0006124777,-1,-1
1855,3477,0.0006130081,-1,-1
1856,3500,0.0006128335,-1,-1
1857,3501,0.0006133327,-1,-1
1858,3502,0.0006130997,-1,-1
1859,3503,0.0006130247,-1,-1
1860,3504,0.0006126438,-1,-1
1861,3505,0.0006131668,-1,-1
1862,3506,0.0006135598,-1,-1
1863,3507,0.0006125644,-1,-1
1864,3510,0.0006131874,-1,-1
1865,3511,0.0006129585,-1,-1
1866,3512,0.0006127892,-1,-1
1867,3513,0.0006127926,-1,-1
1868,3514,0.0006126105,-1,-1
1869,3515,0.0006131089,-1,-1
1870,3516,0.0006128318,-1,-1
1871,3517,0.000612691,-1,-1
1872,3520,0.0006133642,-1,-1
1873,3521,0.0006127223,-1,-1
1874,3522,0.00061298,-1,-1
1875,3523,0.0006125469,-1,-1
1876,3524,0.0006129355,-1,-1
1877,3525,0.0006126393,-1,-1
1878,3526,0.0006129439,-1,-1
1879,3527,0.0006131465,-1,-1
1880,3530,0.0006125481,-1,-1
1881,3531,0.000612852,-1,-1
1882,3532,0.0006121392,-1,-1
1883,3533,0.0006123337,-1,-1
1884,3534,0.0006122024,-1,-1
1885,3535,0.0006126441,-1,-1
1886,3536,0.000612316,-1,-1
1887,3537,0.0006127547,-1,-1
1888,3540,0.0006124572,-1,-1
1889,3541,0.0006119859,-1,-1
1890,3542,0.0006119201,-1,-1
1891,3543,0.0006121667,-1,-1
1892,3544,0.000612151,-1,-1
1893,3545,0.0006116379,-1,-1
1894,3546,0.0006117944,-1,-1
1895,3547,0.0006118604,-1,-1
1896,3550,0.000612217,-1,-1
1897,3551,0.0006117649,-1,-1
1898,3552,0.0006122035,-1,-1
1899,3553,0.0006125598,-1,-1
1900,3554,0.0006130257,-1,-1
1901,3555,0.0006125772,-1,-1
1902,3556,0.0006125677,-1,-1
1903,3557,0.0006125279,-1,-1
1904,3560,0.0006129704,-1,-1
1905,3561,0.0006126042,-1,-1
1906,3562,0.000612473,-1,-1
1907,3563,0.0006128167,-1,-1
1908,3564,0.0006131533,-1,-1
1909,3565,0.0006124483,-1,-1
1910,3566,0.0006122457,-1,-1
1911,3567,0.0006126049,-1,-1
1912,3570,0.000612148,-1,-1
1913,3571,0.0006122486,-1,-1
1914,3572,0.0006117432,-1,-1
1915,3573,0.0006127754,-1,-1
1916,3574,0.0006124537,-1,-1
1917,3575,0.000612593,-1,-1
1918,3576,0.0006125298,-1,-1
1919,3577,0.0006128366,-1,-1
1920,3600,0.0006129901,-1,-1
1921,3601,0.0006128696,-1,-1
1922,3602,0.0006128583,-1,-1
1923,3603,0.000613215,-1,-1
1924,3604,0.0006130282,-1,-1
1925,3605,0.0006126316,-1,-1
1926,3606,0.0006124187,-1,-1
1927,3607,0.0006127475,-1,-1
1928,3610,0.0006129467,-1,-1
1929,3611,0.0006126626,-1,-1
1930,3612,0.0006127399,-1,-1
1931,3613,0.0006127331,-1,-1
1932,3614,0.0006125721,-1,-1
1933,3615,0.0006125596,-1,-1
1934,3616,0.0006123887,-1,-1
1935,3617,0.0006124636,-1,-1
1936,3620,0.0006127735,-1,-1
1937,3621,0.0006125438,-1,-1
1938,3622,0.0006127347,-1,-1
1939,3623,0.0006133504,-1,-1
1940,3624,0.0006132577,-1,-1
1941,3625,0.0006132994,-1,-1
1942,3626,0.0006132032,-1,-1
1943,3627,0.0006131658,-1,-1
1944,3630,0.0006134667,-1,-1
1945,3631,0.0006130182,-1,-1
1946,3632,0.0006131874,-1,-1
1947,3633,0.000612877,-1,-1
1948,3634,0.0006129169,-1,-1
1949,3635,0.0006129697,-1,-1
1950,3636,0.0006132689,-1,-1
1951,3637,0.000612719,-1,-1
1952,3640,0.0006129379,-1,-1
1953,3641,0.0006127587,-1,-1
1954,3642,0.0006132102,-1,-1
1955,3643,0.0006129058,-1,-1
1956,3644,0.0006131452,-1,-1
1957,3645,0.0006128947,-1,-1
1958,3646,0.0006125268,-1,-1
1959,3647,0.0006126084,-1,-1
1960,3650,0.0006126985,-1,-1
1961,3651,0.0006126527,-1,-1
1962,3652,0.0006129393,-1,-1
1963,3653,0.0006126867,-1,-1
1964,3654,0.0006124718,-1,-1
1965,3655,0.0006127658,-1,-1
1966,3656,0.0006126181,-1,-1
1967,3657,0.0006128683,-1,-1
1968,3660,0.0006127089,-1,-1
1969,3661,0.0006126671,-1,-1
1970,3662,0.0006131823,-1,-1
1971,3663,0.0006126031,-1,-1
1972,3664,0.0006128876,-1,-1
1973,3665,0.0006124694,-1,-1
1974,3666,0.0006130058,-1,-1
1975,3667,0.000612449,-1,-1
1976,3670,0.0006134476,-1,-1
1977,3671,0.0006129977,-1,-1
1978,3672,0.0006128877,-1,-1
1979,3673,0.0006129959,-1,-1
1980,3674,0.0006128303,-1,-1
1981,3675,0.0006129802,-1,-1
1982,3676,0.0006122252,-1,-1
1983,3677,0.0006122077,-1,-1
1984,3700,0.000612487,-1,-1
1985,3701,0.0006130104,-1,-1
1986,3702,0.0006129678,-1,-1
1987,3703,0.0006130517,-1,-1
1988,3704,0.0006124239,-1,-1
1989,3705,0.0006124742,-1,-1
1990,3706,0.0006123242,-1,-1
1991,3707,0.000612542,-1,-1
1992,3710,0.0006124244,-1,-1
1993,3711,0.000612293,-1,-1
1994,3712,0.0006122346,-1,-1
1995,3713,0.0006119835,-1,-1
1996,3714,0.0006122481,-1,-1
1997,3715,0.0006119945,-1,-1
1998,3716,0.0006124548,-1,-1
1999,3717,0.0006125996,-1,-1
2000,3720,0.0006126795,-1,-1
2001,3721,0.0006127646,-1,-1
2002,3722,0.0006128097,-1,-1
2003,3723,0.0006129778,-1,-1
2004,3724,0.0006125601,-1,-1
2005,3725,0.0006130259,-1,-1
2006,3726,0.0006131288,-1,-1
2007,3727,0.0006130539,-1,-1
2008,3730,0.0006125729,-1,-1
2009,3731,0.0006127131,-1,-1
2010,3732,0.0006125977,-1,-1
2011,3733,0.0006122375,-1,-1
2012,3734,0.0006128214,-1,-1
2013,3735,0.0006127148,-1,-1
2014,3736,0.0006128434,-1,-1
2015,3737,0.000612945,-1,-1
2016,3740,0.0006123171,-1,-1
2017,3741,0.0006123214,-1,-1
2018,3742,0.000613083,-1,-1
2019,3743,0.00061248,-1,-1
2020,3744,0.0006124332,-1,-1
2021,3745,0.0006125133,-1,-1
2022,3746,0.000612408,-1,-1
2023,3747,0.0006120853,-1,-1
2024,3750,0.0006125345,-1,-1
2025,3751,0.0006117247,-1,-1
2026,3752,0.0006126231,-1,-1
2027,3753,0.000612243,-1,-1
2028,3754,0.0006122728,-1,-1
2029,3755,0.0006128314,-1,-1
2030,3756,0.0006127548,-1,-1
2031,3757,0.0006124479,-1,-1
2032,3760,0.0006123782,-1,-1
2033,3761,0.0006124749,-1,-1
2034,3762,0.0006130089,-1,-1
2035,3763,0.0006126903,-1,-1
2036,3764,0.0006124413,-1,-1
2037,3765,0.000612402,-1,-1
2038,3766,0.0006124472,-1,-1
2039,3767,0.0006128308,-1,-1
2040,3770,0.0006127095,-1,-1
2041,3771,0.0006125852,-1,-1
2042,3772,0.0006124612,-1,-1
2043,3773,0.0006126299,-1,-1
2044,3774,0.0006126622,-1,-1
2045,3775,0.0006124459,-1,-1
2046,3776,0.0006124584,-1,-1
2047,3777,0.0006122451,-1,-1
2048,4000,0.0006127693,-1,-1
2049,4001,0.0006125681,-1,-1
2050,4002,0.0006130376,-1,-1
2051,4003,0.0006125122,-1,-1
2052,4004,0.0006118063,-1,-1
2053,4005,0.000611998,-1,-1
2054,4006,0.0006125176,-1,-1
2055,4007,0.0006127137,-1,-1
2056,4010,0.0006123734,-1,-1
2057,4011,0.0006125347,-1,-1
2058,4012,0.0006117075,-1,-1
2059,4013,0.0006118018,-1,-1
2060,4014,0.0006123147,-1,-1
2061,4015,0.000612326,-1,-1
2062,4016,0.0006124148,-1,-1
2063,4017,0.0006122862,-1,-1
2064,4020,0.0006123582,-1,-1
2065,4021,0.0006126057,-1,-1
2066,4022,0.0006125999,-1,-1
2067,4023,0.00061236,-1,-1
2068,4024,0.0006123572,-1,-1
2069,4025,0.0006125598,-1,-1
2070,4026,0.0006122428,-1,-1
2071,4027,0.0006124272,-1,-1
2072,4030,0.0006122029,-1,-1
2073,4031,0.000612733,-1,-1
2074,4032,0.0006120349,-1,-1
2075,4033,0.0006121795,-1,-1
2076,4034,0.0006121785,-1,-1
2077,4035,0.0006120466,-1,-1
2078,4036,0.0006118985,-1,-1
2079,4037,0.0006121597,-1,-1
2080,4040,0.0006122441,-1,-1
2081,4041,0.0006121555,-1,-1
2082,4042,0.0006118955,-1,-1
2083,4043,0.0006121533,-1,-1
2084,4044,0.00061249,-1,-1
2085,4045,0.0006128232,-1,-1
2086,4046,0.0006125261,-1,-1
2087,4047,0.0006123958,-1,-1
2088,4050,0.0006118673,-1,-1
2089,4051,0.0006117936,-1,-1
2090,4052,0.000612255,-1,-1
2091,4053,0.0006116237,-1,-1
2092,4054,0.0006122175,-1,-1
2093,4055,0.0006127504,-1,-1
2094,4056,0.0006118662,-1,-1
2095,4057,0.0006123401,-1,-1
2096,4060,0.0006123219,-1,-1
2097,4061,0.0006121755,-1,-1
2098,4062,0.0006121825,-1,-1
2099,4063,0.0006122212,-1,-1
2100,4064,0.0006119874,-1,-1
2101,4065,0.0006120671,-1,-1
2102,4066,0.000612134,-1,-1
2103,4067,0.0006122728,-1,-1
2104,4070,0.0006123305,-1,-1
2105,4071,0.0006125082,-1,-1
2106,4072,0.0006122903,-1,-1
2107,4073,0.0006124642,-1,-1
2108,4074,0.0006119817,-1,-1
2109,4075,0.0006125057,1,24
2110,4076,0.0006121217,1,24
2111,4077,0.0006121445,1,24
2112,4100,0.000612049,1,24
2113,4101,0.0006121961,1,24
2114,4102,0.0006123349,1,24
2115,4103,0.0006121391,1,24
2116,4104,0.0006118175,1,24
2117,4105,0.0006121045,1,24
2118,4106,0.0006116315,1,24
2119,4107,0.0006115729,1,24
2120,4110,0.0006110149,1,24
2121,4111,0.0006112015,1,24
2122,4112,0.0006113884,1,24
2123,4113,0.0006109385,1,24
2124,4114,0.0006113386,1,24
2125,4115,0.0006112301,1,24
2126,4116,0.0006118231,1,24
2127,4117,0.0006117041,1,24
2128,4120,0.0006118626,1,24
2129,4121,0.0006121843,1,24
2130,4122,0.0006118826,1,24
2131,4123,0.0006113292,1,24
2132,4124,0.000610893,1,24
2133,4125,0.0006094177,1,24
2134,4126,0.0006080807,1,24
2135,4127,0.0006065041,1,24
2136,4130,0.0006037025,1,24
2137,4131,0.0006013324,1,24
2138,4132,0.0005983262,1,24
2139,4133,0.0005951888,1,24
2140,4134,0.0005927398,1,23
2141,4135,0.0005882445,1,23
2142,4136,0.000584644,1,23
2143,4137,0.0005805421,1,23
2144,4140,0.0005757058,1,23
2145,4141,0.0005701815,1,23
2146,4142,0.0005645957,1,23
2147,4143,0.0005611751,1,23
2148,4144,0.0005563354,1,23
2149,4145,0.0005526969,1,23
2150,4146,0.0005503676,1,23
2151,4147,0.0005486769,1,23
2152,4150,0.0005465127,1,23
2153,4151,0.0005455489,1,23
2154,4152,0.0005453113,1,23
2155,4153,0.0005462107,1,23
2156,4154,0.0005470424,1,23
2157,4155,0.0005470223,1,23
2158,4156,0.0005479431,1,23
2159,4157,0.0005495997,1,23
2160,4160,0.0005507259,1,23
2161,4161,0.0005524445,1,23
2162,4162,0.0005535347,1,23
2163,4163,0.0005541999,1,23
2164,4164,0.0005553702,1,23
2165,4165,0.0005561835,1,23
2166,4166,0.0005565988,1,23
2167,4167,0.0005579421,1,23
2168,4170,0.0005589413,1,23
2169,4171,0.0005586346,1,23
2170,4172,0.0005588717,1,23
2171,4173,0.00055742,1,22
2172,4174,0.000555994,1,22
2173,4175,0.0005533074,1,22
2174,4176,0.0005495528,1,22
2175,4177,0.0005466797,1,22
2176,4200,0.0005423283,1,22
2177,4201,0.0005366452,1,22
2178,4202,0.0005307273,1,22
2179,4203,0.000523409,1,22
2180,4204,0.0005152198,1,22
2181,4205,0.0005042532,1,22
2182,4206,0.0004903291,1,22
2183,4207,0.0004736551,1,22
2184,4210,0.0004492726,1,22
2185,4211,0.0004232019,1,22
2186,4212,0.0003928883,1,22
2187,4213,0.000354155,1,22
2188,4214,0.00031473,1,22
2189,4215,0.0002626107,1,22
2190,4216,0.0002217982,1,22
2191,4217,0.0001847212,1,22
2192,4220,0.0001493748,1,22
2193,4221,0.0001225199,1,22
2194,4222,3.030087e-05,1,22
2195,4223,3.036393e-05,1,22
2196,4224,3.034487e-05,1,22
2197,4225,3.032947e-05,1,22
2198,4226,3.051702e-05,1,22
2199,4227,3.054988e-05,1,22
2200,4230,3.050704e-05,1,22
2201,4231,3.049202e-05,1,22
2202,4232,3.068704e-05,1,21
2203,4233,3.071517e-05,1,21
2204,4234,3.068548e-05,1,21
2205,4235,3.066193e-05,1,21
2206,4236,3.084719e-05,1,21
2207,4237,3.087819e-05,1,21
2208,4240,3.083843e-05,1,21
2209,4241,3.08108e-05,1,21
2210,4242,3.098892e-05,1,21
2211,4243,3.102296e-05,1,21
2212,4244,3.097179e-05,1,21
2213,4245,3.093528e-05,1,21
2214,4246,3.11154e-05,1,21
2215,4247,3.112845e-05,1,21
2216,4250,3.108413e-05,1,21
2217,4251,3.103561e-05,1,21
2218,4252,3.118868e-05,1,21
2219,4253,3.123341e-05,1,21
2220,4254,3.11748e-05,1,21
2221,4255,3.11178e-05,1,21
2222,4256,3.12908e-05,1,21
2223,4257,3.130309e-05,1,21
2224,4260,3.123248e-05,1,21
2225,4261,3.118833e-05,1,21
2226,4262,3.132992e-05,1,21
2227,4263,3.138188e-05,1,21
2228,4264,3.132906e-05,1,21
2229,4265,3.12578e-05,1,21
2230,4266,3.133831e-05,1,21
2231,4267,3.144049e-05,1,21
2232,4270,3.140301e-05,1,20
2233,4271,3.133281e-05,1,20
2234,4272,3.135105e-05,1,20
2235,4273,3.14854e-05,1,20
2236,4274,3.146778e-05,1,20
2237,4275,3.140576e-05,1,20
2238,4276,3.135971e-05,1,20
2239,4277,3.152414e-05,1,20
2240,4300,3.151849e-05,1,20
2241,4301,3.143829e-05,1,20
2242,4302,3.139939e-05,1,20
2243,4303,3.154873e-05,1,20
2244,4304,3.155813e-05,1,20
2245,4305,3.149547e-05,1,20
2246,4306,3.142665e-05,1,20
2247,4307,3.15631e-05,1,20
2248,4310,3.159823e-05,1,20
2249,4311,3.153196e-05,1,20
2250,4312,3.145203e-05,1,20
2251,4313,3.15817e-05,1,20
2252,4314,3.163472e-05,1,20
2253,4315,3.158085e-05,1,20
2254,4316,3.149834e-05,1,20
2255,4317,3.154841e-05,1,20
2256,4320,3.166203e-05,1,20
2257,4321,3.161879e-05,1,20
2258,4322,3.154226e-05,1,20
2259,4323,3.155775e-05,1,20
2260,4324,3.167937e-05,1,20
2261,4325,3.164102e-05,1,20
2262,4326,3.155189e-05,1,20
2263,4327,3.158717e-05,1,19
2264,4330,3.169828e-05,1,19
2265,4331,3.166569e-05,1,19
2266,4332,3.159183e-05,1,19
2267,4333,3.155777e-05,1,19
2268,4334,3.171081e-05,1,19
2269,4335,3.167726e-05,1,19
2270,4336,3.159156e-05,1,19
2271,4337,3.161548e-05,1,19
2272,4340,3.173147e-05,1,19
2273,4341,3.168001e-05,1,19
2274,4342,3.159353e-05,1,19
2275,4343,3.160927e-05,1,19
2276,4344,3.174284e-05,1,19
2277,4345,3.170732e-05,1,19
2278,4346,3.163062e-05,1,19
2279,4347,3.158972e-05,1,19
2280,4350,3.175478e-05,1,19
2281,4351,3.171972e-05,1,19
2282,4352,3.163161e-05,1,19
2283,4353,3.164676e-05,1,19
2284,4354,3.176843e-05,1,19
2285,4355,3.171729e-05,1,19
2286,4356,3.162845e-05,1,19
2287,4357,3.165126e-05,1,19
2288,4360,3.177788e-05,1,19
2289,4361,3.172978e-05,1,19
2290,4362,3.164523e-05,1,19
2291,4363,3.165966e-05,1,19
2292,4364,3.178414e-05,1,19
2293,4365,3.174427e-05,1,19
2294,4366,3.166156e-05,1,18
2295,4367,3.164171e-05,1,18
2296,4370,3.179106e-05,1,18
2297,4371,3.175746e-05,1,18
2298,4372,3.16678e-05,1,18
2299,4373,3.165931e-05,1,18
2300,4374,3.179597e-05,1,18
2301,4375,3.176711e-05,1,18
2302,4376,3.168829e-05,1,18
2303,4377,3.163857e-05,1,18
2304,4400,3.179721e-05,1,18
2305,4401,3.178198e-05,1,18
2306,4402,3.171189e-05,1,18
2307,4403,3.164344e-05,1,18
2308,4404,3.179219e-05,1,18
2309,4405,3.179329e-05,1,18
2310,4406,3.171192e-05,1,18
2311,4407,3.165737e-05,1,18
2312,4410,3.180746e-05,1,18
2313,4411,3.179642e-05,1,18
2314,4412,3.171654e-05,1,18
2315,4413,3.165552e-05,1,18
2316,4414,3.180944e-05,1,18
2317,4415,3.179563e-05,1,18
2318,4416,3.172328e-05,1,18
2319,4417,3.165247e-05,1,18
2320,4420,3.180356e-05,1,18
2321,4421,3.18136e-05,1,18
2322,4422,3.17354e-05,1,18
2323,4423,3.166584e-05,1,18
2324,4424,3.17525e-05,1,18
2325,4425,3.182405e-05,1,17
2326,4426,3.175908e-05,1,17
2327,4427,3.166727e-05,1,17
2328,4430,3.176571e-05,1,17
2329,4431,3.182675e-05,1,17
2330,4432,3.176732e-05,1,17
2331,4433,3.169237e-05,1,17
2332,4434,3.174293e-05,1,17
2333,4435,3.183589e-05,1,17
2334,4436,3.177197e-05,1,17
2335,4437,3.168905e-05,1,17
2336,4440,3.174316e-05,1,17
2337,4441,3.183562e-05,1,17
2338,4442,3.179355e-05,1,17
2339,4443,3.171904e-05,1,17
2340,4444,3.1695e-05,1,17
2341,4445,3.183275e-05,1,17
2342,4446,3.181489e-05,1,17
2343,4447,3.172849e-05,1,17
2344,4450,3.168232e-05,1,17
2345,4451,3.183459e-05,1,17
2346,4452,3.18146e-05,1,17
2347,4453,3.171174e-05,1,17
2348,4454,3.170094e-05,1,17
2349,4455,3.184408e-05,1,17
2350,4456,3.179926e-05,1,17
2351,4457,3.172372e-05,1,17
2352,4460,3.170759e-05,1,17
2353,4461,3.183864e-05,1,17
2354,4462,3.180582e-05,1,17
2355,4463,3.172091e-05,1,16
2356,4464,3.169541e-05,1,16
2357,4465,3.184359e-05,1,16
2358,4466,3.181179e-05,1,16
2359,4467,3.172554e-05,1,16
2360,4470,3.170542e-05,1,16
2361,4471,3.183969e-05,1,16
2362,4472,3.18172e-05,1,16
2363,4473,3.173666e-05,1,16
2364,4474,3.170732e-05,1,16
2365,4475,3.184744e-05,1,16
2366,4476,3.180628e-05,1,16
2367,4477,3.171453e-05,1,16
2368,4500,3.173051e-05,1,16
2369,4501,3.185088e-05,1,16
2370,4502,3.179828e-05,1,16
2371,4503,3.170946e-05,1,16
2372,4504,3.171664e-05,1,16
2373,4505,3.185219e-05,1,16
2374,4506,3.180658e-05,1,16
2375,4507,3.173112e-05,1,16
2376,4510,3.171153e-05,1,16
2377,4511,3.184666e-05,1,16
2378,4512,3.181118e-05,1,16
2379,4513,3.172513e-05,1,16
2380,4514,3.170062e-05,1,16
2381,4515,3.185216e-05,1,16
2382,4516,3.18105e-05,1,16
2383,4517,3.171676e-05,1,16
2384,4520,3.172736e-05,1,16
2385,4521,3.18499e-05,1,16
2386,4522,3.180286e-05,1,15
2387,4523,3.171497e-05,1,15
2388,4524,3.174135e-05,1,15
2389,4525,3.185034e-05,1,15
2390,4526,3.180105e-05,1,15
2391,4527,3.171609e-05,1,15
2392,4530,3.172873e-05,1,15
2393,4531,3.185023e-05,1,15
2394,4532,3.181328e-05,1,15
2395,4533,3.171664e-05,1,15
2396,4534,3.172891e-05,1,15
2397,4535,3.185617e-05,1,15
2398,4536,3.179946e-05,1,15
2399,4537,3.170237e-05,1,15
2400,4540,3.174949e-05,1,15
2401,4541,3.185353e-05,1,15
2402,4542,3.180392e-05,1,15
2403,4543,3.171843e-05,1,15
2404,4544,3.174337e-05,1,15
2405,4545,3.185706e-05,1,15
2406,4546,3.180635e-05,1,15
2407,4547,3.171148e-05,1,15
2408,4550,3.173526e-05,1,15
2409,4551,3.185293e-05,1,15
2410,4552,3.180161e-05,1,15
2411,4553,3.169643e-05,1,15
2412,4554,3.176398e-05,1,15
2413,4555,3.185301e-05,1,15
2414,4556,3.178394e-05,1,15
2415,4557,3.170327e-05,1,15
2416,4560,3.17696e-05,1,15
2417,4561,3.185444e-05,1,14
2418,4562,3.181483e-05,1,14
2419,4563,3.172913e-05,1,14
2420,4564,3.171966e-05,1,14
2421,4565,3.185249e-05,1,14
2422,4566,3.183219e-05,1,14
2423,4567,3.175677e-05,1,14
2424,4570,3.168899e-05,1,14
2425,4571,3.182807e-05,1,14
2426,4572,3.185281e-05,1,14
2427,4573,3.178169e-05,1,14
2428,4574,3.168932e-05,1,14
2429,4575,3.175833e-05,1,14
2430,4576,3.185599e-05,1,14
2431,4577,3.180144e-05,1,14
2432,4600,3.170902e-05,1,14
2433,4601,3.17559e-05,1,14
2434,4602,3.185422e-05,1,14
2435,4603,3.17906e-05,1,14
2436,4604,3.169342e-05,1,14
2437,4605,3.179964e-05,1,14
2438,4606,3.185117e-05,1,14
2439,4607,3.180125e-05,1,14
2440,4610,3.170949e-05,1,14
2441,4611,3.175285e-05,1,14
2442,4612,3.185395e-05,1,14
2443,4613,3.179756e-05,1,14
2444,4614,3.170887e-05,1,14
2445,4615,3.175444e-05,1,14
2446,4616,3.185046e-05,1,14
2447,4617,3.178356e-05,1,13
2448,4620,3.169458e-05,1,13
2449,4621,3.174466e-05,1,13
2450,4622,3.184816e-05,1,13
2451,4623,3.179499e-05,1,13
2452,4624,3.171685e-05,1,13
2453,4625,3.172303e-05,1,13
2454,4626,3.184769e-05,1,13
2455,4627,3.180023e-05,1,13
2456,4630,3.171246e-05,1,13
2457,4631,3.17111e-05,1,13
2458,4632,3.185075e-05,1,13
2459,4633,3.180423e-05,1,13
2460,4634,3.172411e-05,1,13
2461,4635,3.169544e-05,1,13
2462,4636,3.184253e-05,1,13
2463,4637,3.181861e-05,1,13
2464,4640,3.173384e-05,1,13
2465,4641,3.168425e-05,1,13
2466,4642,3.182674e-05,1,13
2467,4643,3.18317e-05,1,13
2468,4644,3.175322e-05,1,13
2469,4645,3.168373e-05,1,13
2470,4646,3.176336e-05,1,13
2471,4647,3.184572e-05,1,13
2472,4650,3.178417e-05,1,13
2473,4651,3.171265e-05,1,13
2474,4652,3.170173e-05,1,13
2475,4653,3.183448e-05,1,13
2476,4654,3.182326e-05,1,13
2477,4655,3.17547e-05,1,13
2478,4656,3.166964e-05,1,12
2479,4657,3.179559e-05,1,12
2480,4660,3.182505e-05,1,12
2481,4661,3.174923e-05,1,12
2482,4662,3.16702e-05,1,12
2483,4663,3.181009e-05,1,12
2484,4664,3.182809e-05,1,12
2485,4665,3.176026e-05,1,12
2486,4666,3.166848e-05,1,12
2487,4667,3.17809e-05,1,12
2488,4670,3.182636e-05,1,12
2489,4671,3.176243e-05,1,12
2490,4672,3.167668e-05,1,12
2491,4673,3.176987e-05,1,12
2492,4674,3.181887e-05,1,12
2493,4675,3.174027e-05,1,12
2494,4676,3.166751e-05,1,12
2495,4677,3.181325e-05,1,12
2496,4700,3.180303e-05,1,12
2497,4701,3.172427e-05,1,12
2498,4702,3.165882e-05,1,12
2499,4703,3.180734e-05,1,12
2500,4704,3.181088e-05,1,12
2501,4705,3.174811e-05,1,12
2502,4706,3.165666e-05,1,12
2503,4707,3.178954e-05,1,12
2504,4710,3.181028e-05,1,12
2505,4711,3.173633e-05,1,12
2506,4712,3.165683e-05,1,12
2507,4713,3.177905e-05,1,12
2508,4714,3.181272e-05,1,12
2509,4715,3.171999e-05,1,11
2510,4716,3.165302e-05,1,11
2511,4717,3.180432e-05,1,11
2512,4720,3.17985e-05,1,11
2513,4721,3.17073e-05,1,11
2514,4722,3.165468e-05,1,11
2515,4723,3.179104e-05,1,11
2516,4724,3.179065e-05,1,11
2517,4725,3.171127e-05,1,11
2518,4726,3.165214e-05,1,11
2519,4727,3.179957e-05,1,11
2520,4730,3.178429e-05,1,11
2521,4731,3.170551e-05,1,11
2522,4732,3.165838e-05,1,11
2523,4733,3.180566e-05,1,11
2524,4734,3.177434e-05,1,11
2525,4735,3.168303e-05,1,11
2526,4736,3.170539e-05,1,11
2527,4737,3.181093e-05,1,11
2528,4740,3.175522e-05,1,11
2529,4741,3.166253e-05,1,11
2530,4742,3.170867e-05,1,11
2531,4743,3.18067e-05,1,11
2532,4744,3.17612e-05,1,11
2533,4745,3.165668e-05,1,11
2534,4746,3.169222e-05,1,11
2535,4747,3.180441e-05,1,11
2536,4750,3.17472e-05,1,11
2537,4751,3.165477e-05,1,11
2538,4752,3.171008e-05,1,11
2539,4753,3.179911e-05,1,11
2540,4754,3.174811e-05,1,10
2541,4755,3.169003e-05,1,10
2542,4756,3.180127e-05,1,10
2543,4757,3.174617e-05,1,10
2544,4760,3.166546e-05,1,10
2545,4761,3.163803e-05,1,10
2546,4762,3.179834e-05,1,10
2547,4763,3.176275e-05,1,10
2548,4764,3.169403e-05,1,10
2549,4765,3.162851e-05,1,10
2550,4766,3.177551e-05,1,10
2551,4767,3.178154e-05,1,10
2552,4770,3.17032e-05,1,10
2553,4771,3.162388e-05,1,10
2554,4772,3.175063e-05,1,10
2555,4773,3.17792e-05,1,10
2556,4774,3.170165e-05,1,10
2557,4775,3.162389e-05,1,10
2558,4776,3.175624e-05,1,10
2559,4777,3.178289e-05,1,10
2560,5000,3.170891e-05,1,10
2561,5001,3.162184e-05,1,10
2562,5002,3.176691e-05,1,10
2563,5003,3.177507e-05,1,10
2564,5004,3.171511e-05,1,10
2565,5005,3.162368e-05,1,10
2566,5006,3.174909e-05,1,10
2567,5007,3.178195e-05,1,10
2568,5010,3.17042e-05,1,10
2569,5011,3.162582e-05,1,10
2570,5012,3.175894e-05,1,9
2571,5013,3.178556e-05,1,9
2572,5014,3.171073e-05,1,9
2573,5015,3.162905e-05,1,9
2574,5016,3.173283e-05,1,9
2575,5017,3.179159e-05,1,9
2576,5020,3.172521e-05,1,9
2577,5021,3.163973e-05,1,9
2578,5022,3.173745e-05,1,9
2579,5023,3.179219e-05,1,9
2580,5024,3.172768e-05,1,9
2581,5025,3.163448e-05,1,9
2582,5026,3.173048e-05,1,9
2583,5027,3.178684e-05,1,9
2584,5030,3.1726e-05,1,9
2585,5031,3.16315e-05,1,9
2586,5032,3.171195e-05,1,9
2587,5033,3.178723e-05,1,9
2588,5034,3.173569e-05,1,9
2589,5035,3.164806e-05,1,9
2590,5036,3.165861e-05,1,9
2591,5037,3.178576e-05,1,9
2592,5040,3.173286e-05,1,9
2593,5041,3.16428e-05,1,9
2594,5042,3.166782e-05,1,9
2595,5043,3.178151e-05,1,9
2596,5044,3.175004e-05,1,9
2597,5045,3.166123e-05,1,9
2598,5046,3.16315e-05,1,9
2599,5047,3.177813e-05,1,9
2600,5050,3.175646e-05,1,9
2601,5051,3.168219e-05,1,8
2602,5052,3.160987e-05,1,8
2603,5053,3.175612e-05,1,8
2604,5054,3.17684e-05,1,8
2605,5055,3.161525e-05,1,8
2606,5056,3.173005e-05,1,8
2607,5057,3.177073e-05,1,8
2608,5060,3.17e-05,1,8
2609,5061,3.160816e-05,1,8
2610,5062,3.171016e-05,1,8
2611,5063,3.176681e-05,1,8
2612,5064,3.170159e-05,1,8
2613,5065,3.161943e-05,1,8
2614,5066,3.170098e-05,1,8
2615,5067,3.176538e-05,1,8
2616,5070,3.170129e-05,1,8
2617,5071,3.160781e-05,1,8
2618,5072,3.168669e-05,1,8
2619,5073,3.176468e-05,1,8
2620,5074,3.170334e-05,1,8
2621,5075,3.16211e-05,1,8
2622,5076,3.166149e-05,1,8
2623,5077,3.176474e-05,1,8
2624,5100,3.172416e-05,1,8
2625,5101,3.164517e-05,1,8
2626,5102,3.161375e-05,1,8
2627,5103,3.175472e-05,1,8
2628,5104,3.173186e-05,1,8
2629,5105,3.164869e-05,1,8
2630,5106,3.159098e-05,1,8
2631,5107,3.175285e-05,1,8
2632,5110,3.171198e-05,1,7
2633,5111,3.162781e-05,1,7
2634,5112,3.160409e-05,1,7
2635,5113,3.173777e-05,1,7
2636,5114,3.173086e-05,1,7
2637,5115,3.164827e-05,1,7
2638,5116,3.157792e-05,1,7
2639,5117,3.173273e-05,1,7
2640,5120,3.171807e-05,1,7
2641,5121,3.163033e-05,1,7
2642,5122,3.158235e-05,1,7
2643,5123,3.173286e-05,1,7
2644,5124,3.172203e-05,1,7
2645,5125,3.165018e-05,1,7
2646,5126,3.157268e-05,1,7
2647,5127,3.16698e-05,1,7
2648,5130,3.173374e-05,1,7
2649,5131,3.166801e-05,1,7
2650,5132,3.158626e-05,1,7
2651,5133,3.161934e-05,1,7
2652,5134,3.173405e-05,1,7
2653,5135,3.168272e-05,1,7
2654,5136,3.158895e-05,1,7
2655,5137,3.160855e-05,1,7
2656,5140,3.17229e-05,1,7
2657,5141,3.168323e-05,1,7
2658,5142,3.159789e-05,1,7
2659,5143,3.158234e-05,1,7
2660,5144,3.172027e-05,1,7
2661,5145,3.167916e-05,1,7
2662,5146,3.158788e-05,1,6
2663,5147,3.155323e-05,1,6
2664,5150,3.169664e-05,1,6
2665,5151,3.169731e-05,1,6
2666,5152,3.161844e-05,1,6
2667,5153,3.154562e-05,1,6
2668,5154,3.166045e-05,1,6
2669,5155,3.170545e-05,1,6
2670,5156,3.163814e-05,1,6
2671,5157,3.154288e-05,1,6
2672,5160,3.166321e-05,1,6
2673,5161,3.170425e-05,1,6
2674,5162,3.162954e-05,1,6
2675,5163,3.1555e-05,1,6
2676,5164,3.15891e-05,1,6
2677,5165,3.17025e-05,1,6
2678,5166,3.16671e-05,1,6
2679,5167,3.157526e-05,1,6
2680,5170,3.156278e-05,1,6
2681,5171,3.169424e-05,1,6
2682,5172,3.165612e-05,1,6
2683,5173,3.157701e-05,1,6
2684,5174,3.153491e-05,1,6
2685,5175,3.168145e-05,1,6
2686,5176,3.16628e-05,1,6
2687,5177,3.157441e-05,1,6
2688,5200,3.153405e-05,1,6
2689,5201,3.168183e-05,1,6
2690,5202,3.165285e-05,1,6
2691,5203,3.158357e-05,1,6
2692,5204,3.152314e-05,1,6
2693,5205,3.167076e-05,1,5
2694,5206,3.165676e-05,1,5
2695,5207,3.157192e-05,1,5
2696,5210,3.151501e-05,1,5
2697,5211,3.166763e-05,1,5
2698,5212,3.165767e-05,1,5
2699,5213,3.15893e-05,1,5
2700,5214,3.150936e-05,1,5
2701,5215,3.164754e-05,1,5
2702,5216,3.166648e-05,1,5
2703,5217,3.159733e-05,1,5
2704,5220,3.150592e-05,1,5
2705,5221,3.162359e-05,1,5
2706,5222,3.16726e-05,1,5
2707,5223,3.1611e-05,1,5
2708,5224,3.152545e-05,1,5
2709,5225,3.156246e-05,1,5
2710,5226,3.167416e-05,1,5
2711,5227,3.162778e-05,1,5
2712,5230,3.154691e-05,1,5
2713,5231,3.153898e-05,1,5
2714,5232,3.167014e-05,1,5
2715,5233,3.161393e-05,1,5
2716,5234,3.153002e-05,1,5
2717,5235,3.155512e-05,1,5
2718,5236,3.166476e-05,1,5
2719,5237,3.162216e-05,1,5
2720,5240,3.154067e-05,1,5
2721,5241,3.151671e-05,1,5
2722,5242,3.165026e-05,1,5
2723,5243,3.16149e-05,1,5
2724,5244,3.152473e-05,1,4
2725,5245,3.149014e-05,1,4
2726,5246,3.164362e-05,1,4
2727,5247,3.160784e-05,1,4
2728,5250,3.151781e-05,1,4
2729,5251,3.14835e-05,1,4
2730,5252,3.162247e-05,1,4
2731,5253,3.159003e-05,1,4
2732,5254,3.150797e-05,1,4
2733,5255,3.146888e-05,1,4
2734,5256,3.161548e-05,1,4
2735,5257,3.158641e-05,1,4
2736,5260,3.151353e-05,1,4
2737,5261,3.143552e-05,1,4
2738,5262,3.156738e-05,1,4
2739,5263,3.158653e-05,1,4
2740,5264,3.150572e-05,1,4
2741,5265,3.141759e-05,1,4
2742,5266,3.15087e-05,1,4
2743,5267,3.157415e-05,1,4
2744,5270,3.151374e-05,1,4
2745,5271,3.143662e-05,1,4
2746,5272,3.144896e-05,1,4
2747,5273,3.156451e-05,1,4
2748,5274,3.151149e-05,1,4
2749,5275,3.144207e-05,1,4
2750,5276,3.142078e-05,1,4
2751,5277,3.154813e-05,1,4
2752,5300,3.150603e-05,1,4
2753,5301,3.143501e-05,1,4
2754,5302,3.139051e-05,1,4
2755,5303,3.154296e-05,1,3
2756,5304,3.150777e-05,1,3
2757,5305,3.143853e-05,1,3
2758,5306,3.139836e-05,1,3
2759,5307,3.153442e-05,1,3
2760,5310,3.151231e-05,1,3
2761,5311,3.142928e-05,1,3
2762,5312,3.13805e-05,1,3
2763,5313,3.153722e-05,1,3
2764,5314,3.151972e-05,1,3
2765,5315,3.145001e-05,1,3
2766,5316,3.138423e-05,1,3
2767,5317,3.152674e-05,1,3
2768,5320,3.153861e-05,1,3
2769,5321,3.144969e-05,1,3
2770,5322,3.14e-05,1,3
2771,5323,3.155374e-05,1,3
2772,5324,3.152823e-05,1,3
2773,5325,3.144766e-05,1,3
2774,5326,3.143557e-05,1,3
2775,5327,3.156439e-05,1,3
2776,5330,3.152386e-05,1,3
2777,5331,3.144275e-05,1,3
2778,5332,3.142008e-05,1,3
2779,5333,3.156848e-05,1,3
2780,5334,3.152984e-05,1,3
2781,5335,3.145065e-05,1,3
2782,5336,3.142283e-05,1,3
2783,5337,3.155464e-05,1,3
2784,5340,3.152218e-05,1,3
2785,5341,3.144576e-05,1,2
2786,5342,3.142393e-05,1,2
2787,5343,3.155843e-05,1,2
2788,5344,3.15266e-05,1,2
2789,5345,3.142981e-05,1,2
2790,5346,3.142144e-05,1,2
2791,5347,3.155742e-05,1,2
2792,5350,3.152036e-05,1,2
2793,5351,3.144866e-05,1,2
2794,5352,3.140563e-05,1,2
2795,5353,3.155128e-05,1,2
2796,5354,3.152191e-05,1,2
2797,5355,3.141876e-05,1,2
2798,5356,3.144328e-05,1,2
2799,5357,3.154217e-05,1,2
2800,5360,3.148043e-05,1,2
2801,5361,3.14079e-05,1,2
2802,5362,3.136627e-05,1,2
2803,5363,3.150002e-05,1,2
2804,5364,3.147231e-05,1,2
2805,5365,3.13882e-05,1,2
2806,5366,3.134587e-05,1,2
2807,5367,3.147659e-05,1,2
2808,5370,3.145463e-05,1,2
2809,5371,3.136267e-05,1,2
2810,5372,3.130576e-05,1,2
2811,5373,3.145311e-05,1,2
2812,5374,3.143399e-05,1,2
2813,5375,3.135863e-05,1,2
2814,5376,3.1292e-05,1,2
2815,5377,3.143191e-05,1,2
2816,5400,3.143542e-05,1,1
2817,5401,3.135662e-05,1,1
2818,5402,3.128333e-05,1,1
2819,5403,3.143777e-05,1,1
2820,5404,3.143405e-05,1,1
2821,5405,3.135573e-05,1,1
2822,5406,3.129446e-05,1,1
2823,5407,3.143241e-05,1,1
2824,5410,3.14457e-05,1,1
2825,5411,3.137649e-05,1,1
2826,5412,3.130254e-05,1,1
2827,5413,3.142828e-05,1,1
2828,5414,3.145999e-05,1,1
2829,5415,3.138922e-05,1,1
2830,5416,3.13148e-05,1,1
2831,5417,3.144193e-05,1,1
2832,5420,3.148795e-05,1,1
2833,5421,3.142103e-05,1,1
2834,5422,3.1338e-05,1,1
2835,5423,3.143185e-05,1,1
2836,5424,3.150048e-05,1,1
2837,5425,3.144201e-05,1,1
2838,5426,3.136876e-05,1,1
2839,5427,3.140207e-05,1,1
2840,5430,3.15086e-05,1,1
2841,5431,3.145449e-05,1,1
2842,5432,3.136952e-05,1,1
2843,5433,3.139658e-05,1,1
2844,5434,3.151032e-05,1,1
2845,5435,3.146789e-05,1,1
2846,5436,3.137731e-05,1,1
2847,5437,3.139754e-05,1,0
2848,5440,3.151942e-05,1,0
2849,5441,3.147229e-05,1,0
2850,5442,3.139271e-05,1,0
2851,5443,3.145316e-05,1,0
2852,5444,3.151649e-05,1,0
2853,5445,3.146728e-05,1,0
2854,5446,3.138235e-05,1,0
2855,5447,3.139874e-05,1,0
2856,5450,3.152393e-05,1,0
2857,5451,3.148702e-05,1,0
2858,5452,3.140416e-05,1,0
2859,5453,3.140088e-05,1,0
2860,5454,3.153064e-05,1,0
2861,5455,3.149752e-05,1,0
2862,5456,3.1433e-05,1,0
2863,5457,3.139242e-05,1,0
2864,5460,3.155856e-05,1,0
2865,5461,3.154946e-05,1,0
2866,5462,3.150288e-05,1,0
2867,5463,3.148763e-05,1,0
2868,5464,3.168903e-05,1,0
2869,5465,3.173918e-05,1,0
2870,5466,3.175492e-05,1,0
2871,5467,3.185485e-05,1,0
2872,5470,3.220835e-05,1,0
2873,5471,3.239341e-05,1,0
2874,5472,3.259083e-05,1,0
2875,5473,3.269602e-05,1,0
2876,5474,3.275475e-05,1,0
2877,5475,3.276508e-05,-1,-1
2878,5476,3.267985e-05,-1,-1
2879,5477,3.26092e-05,-1,-1
2880,5500,3.280736e-05,-1,-1
2881,5501,3.271098e-05,-1,-1
2882,5502,3.266769e-05,-1,-1
2883,5503,3.264259e-05,-1,-1
2884,5504,3.273818e-05,-1,-1
2885,5505,3.277238e-05,-1,-1
2886,5506,3.26555e-05,-1,-1
2887,5507,3.260512e-05,-1,-1
2888,5510,3.277243e-05,-1,-1
2889,5511,3.271909e-05,-1,-1
2890,5512,3.267236e-05,-1,-1
2891,5513,3.258228e-05,-1,-1
2892,5514,3.273145e-05,-1,-1
2893,5515,3.272038e-05,-1,-1
2894,5516,3.259548e-05,-1,-1
2895,5517,3.257485e-05,-1,-1
2896,5520,3.272829e-05,-1,-1
2897,5521,3.270097e-05,-1,-1
2898,5522,3.262787e-05,-1,-1
2899,5523,3.257432e-05,-1,-1
2900,5524,3.273912e-05,-1,-1
2901,5525,3.269837e-05,-1,-1
2902,5526,3.261481e-05,-1,-1
2903,5527,3.256642e-05,-1,-1
2904,5530,3.26858e-05,-1,-1
2905,5531,3.270402e-05,-1,-1
2906,5532,3.264083e-05,-1,-1
2907,5533,3.254718e-05,-1,-1
2908,5534,3.264444e-05,-1,-1
2909,5535,3.269048e-05,-1,-1
2910,5536,3.264444e-05,-1,-1
2911,5537,3.257157e-05,-1,-1
2912,5540,3.258977e-05,-1,-1
2913,5541,3.271204e-05,-1,-1
2914,5542,3.264611e-05,-1,-1
2915,5543,3.257259e-05,-1,-1
2916,5544,3.256006e-05,-1,-1
2917,5545,3.269313e-05,-1,-1
2918,5546,3.264991e-05,-1,-1
2919,5547,3.25398e-05,-1,-1
2920,5550,3.259885e-05,-1,-1
2921,5551,3.269524e-05,-1,-1
2922,5552,3.262681e-05,-1,-1
2923,5553,3.25576e-05,-1,-1
2924,5554,3.257976e-05,-1,-1
2925,5555,3.268823e-05,-1,-1
2926,5556,3.2636e-05,-1,-1
2927,5557,3.25528e-05,-1,-1
2928,5560,3.259516e-05,-1,-1
2929,5561,3.268223e-05,-1,-1
2930,5562,3.264387e-05,-1,-1
2931,5563,3.256626e-05,-1,-1
2932,5564,3.254969e-05,-1,-1
2933,5565,3.269306e-05,-1,-1
2934,5566,3.264807e-05,-1,-1
2935,5567,3.257443e-05,-1,-1
2936,5570,3.249975e-05,-1,-1
2937,5571,3.263861e-05,-1,-1
2938,5572,3.265551e-05,-1,-1
2939,5573,3.257116e-05,-1,-1
2940,5574,3.25135e-05,-1,-1
2941,5575,3.26661e-05,-1,-1
2942,5576,3.265881e-05,-1,-1
2943,5577,3.258916e-05,-1,-1
2944,5600,3.251696e-05,-1,-1
2945,5601,3.265075e-05,-1,-1
2946,5602,3.268241e-05,-1,-1
2947,5603,3.261261e-05,-1,-1
2948,5604,3.253675e-05,-1,-1
2949,5605,3.266715e-05,-1,-1
2950,5606,3.26896e-05,-1,-1
2951,5607,3.261674e-05,-1,-1
2952,5610,3.253743e-05,-1,-1
2953,5611,3.2663e-05,-1,-1
2954,5612,3.269816e-05,-1,-1
2955,5613,3.26322e-05,-1,-1
2956,5614,3.252481e-05,-1,-1
2957,5615,3.263779e-05,-1,-1
2958,5616,3.26906e-05,-1,-1
2959,5617,3.262157e-05,-1,-1
2960,5620,3.252566e-05,-1,-1
2961,5621,3.258933e-05,-1,-1
2962,5622,3.268671e-05,-1,-1
2963,5623,3.263431e-05,-1,-1
2964,5624,3.255511e-05,-1,-1
2965,5625,3.257844e-05,-1,-1
2966,5626,3.268964e-05,-1,-1
2967,5627,3.265711e-05,-1,-1
2968,5630,3.256629e-05,-1,-1
2969,5631,3.255403e-05,-1,-1
2970,5632,3.269092e-05,-1,-1
2971,5633,3.265196e-05,-1,-1
2972,5634,3.257595e-05,-1,-1
2973,5635,3.255511e-05,-1,-1
2974,5636,3.26805e-05,-1,-1
2975,5637,3.267734e-05,-1,-1
2976,5640,3.260222e-05,-1,-1
2977,5641,3.252768e-05,-1,-1
2978,5642,3.26842e-05,-1,-1
2979,5643,3.266669e-05,-1,-1
2980,5644,3.259186e-05,-1,-1
2981,5645,3.253324e-05,-1,-1
2982,5646,3.2693e-05,-1,-1
2983,5647,3.265732e-05,-1,-1
2984,5650,3.258228e-05,-1,-1
2985,5651,3.253631e-05,-1,-1
2986,5652,3.267928e-05,-1,-1
2987,5653,3.267579e-05,-1,-1
2988,5654,3.260573e-05,-1,-1
2989,5655,3.253561e-05,-1,-1
2990,5656,3.268946e-05,-1,-1
2991,5657,3.268419e-05,-1,-1
2992,5660,3.260792e-05,-1,-1
2993,5661,3.253526e-05,-1,-1
2994,5662,3.268809e-05,-1,-1
2995,5663,3.267651e-05,-1,-1
2996,5664,3.259033e-05,-1,-1
2997,5665,3.253177e-05,-1,-1
2998,5666,3.267816e-05,-1,-1
2999,5667,3.267529e-05,-1,-1
3000,5670,3.260321e-05,-1,-1
3001,5671,3.252958e-05,-1,-1
3002,5672,3.268306e-05,-1,-1
3003,5673,3.267217e-05,-1,-1
3004,5674,3.25992e-05,-1,-1
3005,5675,3.253775e-05,-1,-1
3006,5676,3.269026e-05,-1,-1
3007,5677,3.268481e-05,-1,-1
3008,5700,3.260371e-05,-1,-1
3009,5701,3.253626e-05,-1,-1
3010,5702,3.268024e-05,-1,-1
3011,5703,3.268302e-05,-1,-1
3012,5704,3.260858e-05,-1,-1
3013,5705,3.253555e-05,-1,-1
3014,5706,3.267687e-05,-1,-1
3015,5707,3.266815e-05,-1,-1
3016,5710,3.257367e-05,-1,-1
3017,5711,3.250496e-05,-1,-1
3018,5712,3.267488e-05,-1,-1
3019,5713,3.268387e-05,-1,-1
3020,5714,3.26117e-05,-1,-1
3021,5715,3.25574e-05,-1,-1
3022,5716,3.270316e-05,-1,-1
3023,5717,3.271253e-05,-1,-1
3024,5720,3.262897e-05,-1,-1
3025,5721,3.255178e-05,-1,-1
3026,5722,3.265146e-05,-1,-1
3027,5723,3.266715e-05,-1,-1
3028,5724,3.258008e-05,-1,-1
3029,5725,3.248072e-05,-1,-1
3030,5726,3.253107e-05,-1,-1
3031,5727,3.265158e-05,-1,-1
3032,5730,3.259373e-05,-1,-1
3033,5731,3.252092e-05,-1,-1
3034,5732,3.246661e-05,-1,-1
3035,5733,3.258533e-05,-1,-1
3036,5734,3.257815e-05,-1,-1
3037,5735,3.249284e-05,-1,-1
3038,5736,3.243387e-05,-1,-1
3039,5737,3.25833e-05,-1,-1
3040,5740,3.253251e-05,-1,-1
3041,5741,3.244818e-05,-1,-1
3042,5742,3.238311e-05,-1,-1
3043,5743,3.252721e-05,-1,-1
3044,5744,3.252818e-05,-1,-1
3045,5745,3.242272e-05,-1,-1
3046,5746,3.235069e-05,-1,-1
3047,5747,3.249485e-05,-1,-1
3048,5750,3.245703e-05,-1,-1
3049,5751,3.237137e-05,-1,-1
3050,5752,3.232271e-05,-1,-1
3051,5753,3.246711e-05,-1,-1
3052,5754,3.245946e-05,-1,-1
3053,5755,3.235306e-05,-1,-1
3054,5756,3.225806e-05,-1,-1
3055,5757,3.235764e-05,-1,-1
3056,5760,3.238914e-05,-1,-1
3057,5761,3.232091e-05,-1,-1
3058,5762,3.223359e-05,-1,-1
3059,5763,3.235242e-05,-1,-1
3060,5764,3.240111e-05,-1,-1
3061,5765,3.233843e-05,-1,-1
3062,5766,3.225051e-05,-1,-1
3063,5767,3.236753e-05,-1,-1
3064,5770,3.241242e-05,-1,-1
3065,5771,3.233573e-05,-1,-1
3066,5772,3.225698e-05,-1,-1
3067,5773,3.234789e-05,-1,-1
3068,5774,3.241458e-05,-1,-1
3069,5775,3.234686e-05,-1,-1
3070,5776,3.224752e-05,-1,-1
3071,5777,3.236706e-05,-1,-1
3072,6000,3.240621e-05,-1,-1
3073,6001,3.233404e-05,-1,-1
3074,6002,3.226102e-05,-1,-1
3075,6003,3.239634e-05,-1,-1
3076,6004,3.241426e-05,-1,-1
3077,6005,3.233272e-05,-1,-1
3078,6006,3.225769e-05,-1,-1
3079,6007,3.240424e-05,-1,-1
3080,6010,3.241856e-05,-1,-1
3081,6011,3.235491e-05,-1,-1
3082,6012,3.226017e-05,-1,-1
3083,6013,3.237268e-05,-1,-1
3084,6014,3.241443e-05,-1,-1
3085,6015,3.235682e-05,-1,-1
3086,6016,3.229089e-05,-1,-1
3087,6017,3.232072e-05,-1,-1
3088,6020,3.242986e-05,-1,-1
3089,6021,3.240059e-05,-1,-1
3090,6022,3.231252e-05,-1,-1
3091,6023,3.227961e-05,-1,-1
3092,6024,3.241031e-05,-1,-1
3093,6025,3.24137e-05,-1,-1
3094,6026,3.233863e-05,-1,-1
3095,6027,3.226644e-05,-1,-1
3096,6030,3.237286e-05,-1,-1
3097,6031,3.242606e-05,-1,-1
3098,6032,3.235966e-05,-1,-1
3099,6033,3.228207e-05,-1,-1
3100,6034,3.236747e-05,-1,-1
3101,6035,3.243797e-05,-1,-1
3102,6036,3.238445e-05,-1,-1
3103,6037,3.229053e-05,-1,-1
3104,6040,3.234789e-05,-1,-1
3105,6041,3.24294e-05,-1,-1
3106,6042,3.237157e-05,-1,-1
3107,6043,3.229232e-05,-1,-1
3108,6044,3.231665e-05,-1,-1
3109,6045,3.242503e-05,-1,-1
3110,6046,3.23834e-05,-1,-1
3111,6047,3.229975e-05,-1,-1
3112,6050,3.230151e-05,-1,-1
3113,6051,3.24317e-05,-1,-1
3114,6052,3.237927e-05,-1,-1
3115,6053,3.22915e-05,-1,-1
3116,6054,3.233685e-05,-1,-1
3117,6055,3.24313e-05,-1,-1
3118,6056,3.237898e-05,-1,-1
3119,6057,3.230218e-05,-1,-1
3120,6060,3.236106e-05,-1,-1
3121,6061,3.243618e-05,-1,-1
3122,6062,3.237005e-05,-1,-1
3123,6063,3.228204e-05,-1,-1
3124,6064,3.232016e-05,-1,-1
3125,6065,3.243543e-05,-1,-1
3126,6066,3.239407e-05,-1,-1
3127,6067,3.232753e-05,-1,-1
3128,6070,3.232716e-05,-1,-1
3129,6071,3.244857e-05,-1,-1
3130,6072,3.238853e-05,-1,-1
3131,6073,3.229613e-05,-1,-1
3132,6074,3.234504e-05,-1,-1
3133,6075,3.242469e-05,-1,-1
3134,6076,3.236902e-05,-1,-1
3135,6077,3.228482e-05,-1,-1
3136,6100,3.230174e-05,-1,-1
3137,6101,3.243349e-05,-1,-1
3138,6102,3.238732e-05,-1,-1
3139,6103,3.229097e-05,-1,-1
3140,6104,3.235998e-05,-1,-1
3141,6105,3.244119e-05,-1,-1
3142,6106,3.238451e-05,-1,-1
3143,6107,3.230473e-05,-1,-1
3144,6110,3.235912e-05,-1,-1
3145,6111,3.24469e-05,-1,-1
3146,6112,3.238334e-05,-1,-1
3147,6113,3.229214e-05,-1,-1
3148,6114,3.233143e-05,-1,-1
3149,6115,3.244227e-05,-1,-1
3150,6116,3.239286e-05,-1,-1
3151,6117,3.229917e-05,-1,-1
3152,6120,3.233781e-05,-1,-1
3153,6121,3.243815e-05,-1,-1
3154,6122,3.23875e-05,-1,-1
3155,6123,3.229562e-05,-1,-1
3156,6124,3.234065e-05,-1,-1
3157,6125,3.243783e-05,-1,-1
3158,6126,3.23913e-05,-1,-1
3159,6127,3.22893e-05,-1,-1
3160,6130,3.233857e-05,-1,-1
3161,6131,3.244262e-05,-1,-1
3162,6132,3.238553e-05,-1,-1
3163,6133,3.229256e-05,-1,-1
3164,6134,3.233693e-05,-1,-1
3165,6135,3.244169e-05,-1,-1
3166,6136,3.239254e-05,-1,-1
3167,6137,3.230962e-05,-1,-1
3168,6140,3.229264e-05,-1,-1
3169,6141,3.224085e-05,-1,-1
3170,6142,3.19696e-05,-1,-1
3171,6143,3.179751e-05,-1,-1
3172,6144,3.164151e-05,-1,-1
3173,6145,3.171388e-05,-1,-1
3174,6146,3.164722e-05,-1,-1
3175,6147,3.15389e-05,-1,-1
3176,6150,3.144709e-05,2,0
3177,6151,3.157323e-05,2,0
3178,6152,3.157452e-05,2,0
3179,6153,3.149942e-05,2,0
3180,6154,3.140541e-05,2,0
3181,6155,3.14929e-05,2,0
3182,6156,3.155998e-05,2,0
3183,6157,3.14926e-05,2,0
3184,6160,3.139748e-05,2,0
3185,6161,3.150139e-05,2,0
3186,6162,3.155786e-05,2,0
3187,6163,3.150208e-05,2,0
3188,6164,3.14149e-05,2,0
3189,6165,3.143941e-05,2,0
3190,6166,3.156337e-05,2,0
3191,6167,3.152305e-05,2,0
3192,6170,3.144149e-05,2,0
3193,6171,3.14422e-05,2,0
3194,6172,3.156746e-05,2,0
3195,6173,3.153599e-05,2,0
3196,6174,3.145306e-05,2,0
3197,6175,3.14219e-05,2,0
3198,6176,3.156413e-05,2,0
3199,6177,3.15381e-05,2,0
3200,6200,3.145607e-05,2,0
3201,6201,3.144261e-05,2,0
3202,6202,3.157051e-05,2,0
3203,6203,3.15429e-05,2,0
3204,6204,3.145651e-05,2,0
3205,6205,3.142313e-05,2,0
3206,6206,3.156284e-05,2,0
3207,6207,3.156103e-05,2,1
3208,6210,3.148122e-05,2,1
3209,6211,3.14174e-05,2,1
3210,6212,3.154183e-05,2,1
3211,6213,3.157593e-05,2,1
3212,6214,3.151226e-05,2,1
3213,6215,3.142091e-05,2,1
3214,6216,3.15494e-05,2,1
3215,6217,3.157959e-05,2,1
3216,6220,3.150777e-05,2,1
3217,6221,3.142595e-05,2,1
3218,6222,3.149885e-05,2,1
3219,6223,3.159011e-05,2,1
3220,6224,3.15302e-05,2,1
3221,6225,3.1433e-05,2,1
3222,6226,3.151556e-05,2,1
3223,6227,3.159048e-05,2,1
3224,6230,3.152674e-05,2,1
3225,6231,3.144499e-05,2,1
3226,6232,3.151661e-05,2,1
3227,6233,3.159724e-05,2,1
3228,6234,3.153593e-05,2,1
3229,6235,3.144476e-05,2,1
3230,6236,3.151281e-05,2,1
3231,6237,3.15983e-05,2,1
3232,6240,3.154284e-05,2,1
3233,6241,3.145117e-05,2,1
3234,6242,3.151562e-05,2,1
3235,6243,3.160628e-05,2,1
3236,6244,3.155083e-05,2,1
3237,6245,3.14664e-05,2,1
3238,6246,3.149538e-05,2,2
3239,6247,3.160858e-05,2,2
3240,6250,3.154958e-05,2,2
3241,6251,3.145115e-05,2,2
3242,6252,3.152894e-05,2,2
3243,6253,3.160594e-05,2,2
3244,6254,3.154826e-05,2,2
3245,6255,3.145094e-05,2,2
3246,6256,3.156491e-05,2,2
3247,6257,3.160286e-05,2,2
3248,6260,3.153682e-05,2,2
3249,6261,3.145062e-05,2,2
3250,6262,3.15711e-05,2,2
3251,6263,3.161577e-05,2,2
3252,6264,3.154214e-05,2,2
3253,6265,3.146119e-05,2,2
3254,6266,3.152375e-05,2,2
3255,6267,3.16194e-05,2,2
3256,6270,3.156463e-05,2,2
3257,6271,3.148769e-05,2,2
3258,6272,3.153581e-05,2,2
3259,6273,3.162696e-05,2,2
3260,6274,3.157072e-05,2,2
3261,6275,3.148388e-05,2,2
3262,6276,3.154208e-05,2,2
3263,6277,3.162733e-05,2,2
3264,6300,3.157733e-05,2,2
3265,6301,3.148151e-05,2,2
3266,6302,3.154987e-05,2,2
3267,6303,3.16305e-05,2,2
3268,6304,3.156884e-05,2,2
3269,6305,3.147923e-05,2,3
3270,6306,3.155831e-05,2,3
3271,6307,3.16346e-05,2,3
3272,6310,3.157308e-05,2,3
3273,6311,3.148611e-05,2,3
3274,6312,3.158023e-05,2,3
3275,6313,3.163296e-05,2,3
3276,6314,3.1562e-05,2,3
3277,6315,3.147536e-05,2,3
3278,6316,3.158928e-05,2,3
3279,6317,3.16342e-05,2,3
3280,6320,3.157259e-05,2,3
3281,6321,3.147723e-05,2,3
3282,6322,3.158404e-05,2,3
3283,6323,3.163623e-05,2,3
3284,6324,3.156914e-05,2,3
3285,6325,3.147656e-05,2,3
3286,6326,3.1599e-05,2,3
3287,6327,3.163949e-05,2,3
3288,6330,3.156758e-05,2,3
3289,6331,3.147888e-05,2,3
3290,6332,3.162461e-05,2,3
3291,6333,3.163554e-05,2,3
3292,6334,3.155283e-05,2,3
3293,6335,3.148107e-05,2,3
3294,6336,3.160649e-05,2,3
3295,6337,3.16399e-05,2,3
3296,6340,3.157511e-05,2,3
3297,6341,3.148543e-05,2,3
3298,6342,3.161337e-05,2,3
3299,6343,3.165117e-05,2,3
3300,6344,3.158157e-05,2,4
3301,6345,3.149765e-05,2,4
3302,6346,3.157402e-05,2,4
3303,6347,3.165474e-05,2,4
3304,6350,3.158962e-05,2,4
3305,6351,3.149778e-05,2,4
3306,6352,3.161229e-05,2,4
3307,6353,3.165255e-05,2,4
3308,6354,3.158208e-05,2,4
3309,6355,3.149893e-05,2,4
3310,6356,3.161815e-05,2,4
3311,6357,3.165855e-05,2,4
3312,6360,3.158972e-05,2,4
3313,6361,3.150771e-05,2,4
3314,6362,3.160614e-05,2,4
3315,6363,3.167195e-05,2,4
3316,6364,3.161238e-05,2,4
3317,6365,3.15324e-05,2,4
3318,6366,3.160105e-05,2,4
3319,6367,3.168176e-05,2,4
3320,6370,3.16148e-05,2,4
3321,6371,3.15287e-05,2,4
3322,6372,3.162496e-05,2,4
3323,6373,3.169099e-05,2,4
3324,6374,3.163581e-05,2,4
3325,6375,3.154009e-05,2,4
3326,6376,3.164239e-05,2,4
3327,6377,3.169026e-05,2,4
3328,6400,3.160684e-05,2,4
3329,6401,3.152871e-05,2,4
3330,6402,3.168299e-05,2,5
3331,6403,3.167085e-05,2,5
3332,6404,3.158135e-05,2,5
3333,6405,3.151237e-05,2,5
3334,6406,3.164979e-05,2,5
3335,6407,3.164696e-05,2,5
3336,6410,3.156907e-05,2,5
3337,6411,3.148996e-05,2,5
3338,6412,3.161308e-05,2,5
3339,6413,3.164561e-05,2,5
3340,6414,3.157763e-05,2,5
3341,6415,3.149946e-05,2,5
3342,6416,3.156422e-05,2,5
3343,6417,3.164891e-05,2,5
3344,6420,3.160699e-05,2,5
3345,6421,3.153175e-05,2,5
3346,6422,3.150921e-05,2,5
3347,6423,3.164888e-05,2,5
3348,6424,3.162576e-05,2,5
3349,6425,3.155974e-05,2,5
3350,6426,3.148663e-05,2,5
3351,6427,3.162075e-05,2,5
3352,6430,3.162843e-05,2,5
3353,6431,3.156457e-05,2,5
3354,6432,3.147524e-05,2,5
3355,6433,3.158184e-05,2,5
3356,6434,3.162828e-05,2,5
3357,6435,3.156251e-05,2,5
3358,6436,3.14667e-05,2,5
3359,6437,3.158375e-05,2,5
3360,6440,3.16166e-05,2,5
3361,6441,3.154264e-05,2,6
3362,6442,3.145121e-05,2,6
3363,6443,3.158453e-05,2,6
3364,6444,3.160227e-05,2,6
3365,6445,3.152302e-05,2,6
3366,6446,3.144221e-05,2,6
3367,6447,3.156662e-05,2,6
3368,6450,3.159633e-05,2,6
3369,6451,3.152947e-05,2,6
3370,6452,3.143663e-05,2,6
3371,6453,3.155023e-05,2,6
3372,6454,3.159836e-05,2,6
3373,6455,3.155102e-05,2,6
3374,6456,3.145648e-05,2,6
3375,6457,3.150171e-05,2,6
3376,6460,3.159959e-05,2,6
3377,6461,3.154478e-05,2,6
3378,6462,3.144866e-05,2,6
3379,6463,3.152069e-05,2,6
3380,6464,3.160579e-05,2,6
3381,6465,3.155008e-05,2,6
3382,6466,3.146632e-05,2,6
3383,6467,3.152706e-05,2,6
3384,6470,3.160904e-05,2,6
3385,6471,3.153705e-05,2,6
3386,6472,3.145383e-05,2,6
3387,6473,3.152808e-05,2,6
3388,6474,3.161182e-05,2,6
3389,6475,3.156099e-05,2,6
3390,6476,3.147408e-05,2,6
3391,6477,3.151869e-05,2,6
3392,6500,3.161744e-05,2,7
3393,6501,3.157673e-05,2,7
3394,6502,3.148994e-05,2,7
3395,6503,3.147854e-05,2,7
3396,6504,3.161033e-05,2,7
3397,6505,3.158524e-05,2,7
3398,6506,3.150502e-05,2,7
3399,6507,3.144725e-05,2,7
3400,6510,3.157622e-05,2,7
3401,6511,3.159677e-05,2,7
3402,6512,3.15222e-05,2,7
3403,6513,3.144105e-05,2,7
3404,6514,3.15587e-05,2,7
3405,6515,3.159663e-05,2,7
3406,6516,3.15297e-05,2,7
3407,6517,3.14276e-05,2,7
3408,6520,3.150871e-05,2,7
3409,6521,3.157915e-05,2,7
3410,6522,3.150546e-05,2,7
3411,6523,3.140782e-05,2,7
3412,6524,3.145414e-05,2,7
3413,6525,3.155466e-05,2,7
3414,6526,3.14977e-05,2,7
3415,6527,3.139526e-05,2,7
3416,6530,3.140457e-05,2,7
3417,6531,3.151992e-05,2,7
3418,6532,3.148473e-05,2,7
3419,6533,3.138709e-05,2,7
3420,6534,3.134315e-05,2,7
3421,6535,3.147799e-05,2,7
3422,6536,3.146517e-05,2,7
3423,6537,3.13865e-05,2,8
3424,6540,3.131232e-05,2,8
3425,6541,3.143865e-05,2,8
3426,6542,3.145159e-05,2,8
3427,6543,3.13774e-05,2,8
3428,6544,3.128152e-05,2,8
3429,6545,3.140296e-05,2,8
3430,6546,3.142538e-05,2,8
3431,6547,3.135049e-05,2,8
3432,6550,3.127124e-05,2,8
3433,6551,3.134277e-05,2,8
3434,6552,3.141818e-05,2,8
3435,6553,3.136645e-05,2,8
3436,6554,3.128387e-05,2,8
3437,6555,3.127068e-05,2,8
3438,6556,3.140615e-05,2,8
3439,6557,3.13632e-05,2,8
3440,6560,3.126114e-05,2,8
3441,6561,3.126908e-05,2,8
3442,6562,3.139274e-05,2,8
3443,6563,3.135858e-05,2,8
3444,6564,3.128315e-05,2,8
3445,6565,3.123231e-05,2,8
3446,6566,3.138363e-05,2,8
3447,6567,3.137134e-05,2,8
3448,6570,3.128632e-05,2,8
3449,6571,3.126532e-05,2,8
3450,6572,3.141291e-05,2,8
3451,6573,3.13777e-05,2,8
3452,6574,3.13074e-05,2,8
3453,6575,3.126316e-05,2,9
3454,6576,3.140653e-05,2,9
3455,6577,3.138929e-05,2,9
3456,6600,3.130824e-05,2,9
3457,6601,3.126123e-05,2,9
3458,6602,3.140615e-05,2,9
3459,6603,3.140079e-05,2,9
3460,6604,3.131999e-05,2,9
3461,6605,3.127572e-05,2,9
3462,6606,3.141891e-05,2,9
3463,6607,3.141224e-05,2,9
3464,6610,3.133568e-05,2,9
3465,6611,3.129273e-05,2,9
3466,6612,3.144855e-05,2,9
3467,6613,3.143863e-05,2,9
3468,6614,3.136211e-05,2,9
3469,6615,3.132535e-05,2,9
3470,6616,3.148566e-05,2,9
3471,6617,3.147553e-05,2,9
3472,6620,3.141698e-05,2,9
3473,6621,3.136299e-05,2,9
3474,6622,3.152434e-05,2,9
3475,6623,3.151199e-05,2,9
3476,6624,3.144312e-05,2,9
3477,6625,3.139676e-05,2,9
3478,6626,3.155101e-05,2,9
3479,6627,3.153769e-05,2,9
3480,6630,3.146166e-05,2,9
3481,6631,3.140387e-05,2,9
3482,6632,3.156782e-05,2,9
3483,6633,3.15482e-05,2,9
3484,6634,3.148175e-05,2,10
3485,6635,3.141253e-05,2,10
3486,6636,3.156316e-05,2,10
3487,6637,3.155502e-05,2,10
3488,6640,3.148289e-05,2,10
3489,6641,3.141573e-05,2,10
3490,6642,3.154991e-05,2,10
3491,6643,3.157651e-05,2,10
3492,6644,3.151108e-05,2,10
3493,6645,3.143453e-05,2,10
3494,6646,3.148397e-05,2,10
3495,6647,3.159109e-05,2,10
3496,6650,3.153508e-05,2,10
3497,6651,3.14435e-05,2,10
3498,6652,3.146146e-05,2,10
3499,6653,3.159077e-05,2,10
3500,6654,3.155831e-05,2,10
3501,6655,3.147823e-05,2,10
3502,6656,3.145732e-05,2,10
3503,6657,3.159639e-05,2,10
3504,6660,3.158236e-05,2,10
3505,6661,3.151041e-05,2,10
3506,6662,3.144816e-05,2,10
3507,6663,3.159873e-05,2,10
3508,6664,3.159065e-05,2,10
3509,6665,3.150274e-05,2,10
3510,6666,3.14378e-05,2,10
3511,6667,3.157262e-05,2,10
3512,6670,3.157142e-05,2,10
3513,6671,3.149797e-05,2,10
3514,6672,3.142386e-05,2,10
3515,6673,3.15798e-05,2,11
3516,6674,3.159621e-05,2,11
3517,6675,3.152416e-05,2,11
3518,6676,3.145235e-05,2,11
3519,6677,3.159188e-05,2,11
3520,6700,3.162143e-05,2,11
3521,6701,3.156366e-05,2,11
3522,6702,3.149688e-05,2,11
3523,6703,3.165003e-05,2,11
3524,6704,3.167223e-05,2,11
3525,6705,3.160716e-05,2,11
3526,6706,3.15362e-05,2,11
3527,6707,3.168821e-05,2,11
3528,6710,3.170217e-05,2,11
3529,6711,3.163399e-05,2,11
3530,6712,3.156474e-05,2,11
3531,6713,3.171535e-05,2,11
3532,6714,3.171377e-05,2,11
3533,6715,3.164435e-05,2,11
3534,6716,3.156709e-05,2,11
3535,6717,3.171623e-05,2,11
3536,6720,3.172768e-05,2,11
3537,6721,3.166148e-05,2,11
3538,6722,3.15971e-05,2,11
3539,6723,3.176986e-05,2,11
3540,6724,3.177156e-05,2,11
3541,6725,3.1721e-05,2,11
3542,6726,3.16507e-05,2,11
3543,6727,3.181105e-05,2,11
3544,6730,3.182718e-05,2,11
3545,6731,3.176737e-05,2,11
3546,6732,3.169129e-05,2,12
3547,6733,3.183715e-05,2,12
3548,6734,3.184973e-05,2,12
3549,6735,3.177839e-05,2,12
3550,6736,3.1702e-05,2,12
3551,6737,3.184091e-05,2,12
3552,6740,3.186378e-05,2,12
3553,6741,3.180265e-05,2,12
3554,6742,3.171681e-05,2,12
3555,6743,3.183817e-05,2,12
3556,6744,3.189016e-05,2,12
3557,6745,3.184129e-05,2,12
3558,6746,3.177241e-05,2,12
3559,6747,3.17643e-05,2,12
3560,6750,3.188885e-05,2,12
3561,6751,3.187956e-05,2,12
3562,6752,3.180629e-05,2,12
3563,6753,3.17333e-05,2,12
3564,6754,3.188011e-05,2,12
3565,6755,3.188914e-05,2,12
3566,6756,3.181255e-05,2,12
3567,6757,3.173172e-05,2,12
3568,6760,3.184941e-05,2,12
3569,6761,3.188917e-05,2,12
3570,6762,3.182406e-05,2,12
3571,6763,3.172647e-05,2,12
3572,6764,3.185925e-05,2,12
3573,6765,3.187956e-05,2,12
3574,6766,3.18127e-05,2,12
3575,6767,3.173446e-05,2,12
3576,6770,3.187327e-05,2,13
3577,6771,3.189233e-05,2,13
3578,6772,3.181768e-05,2,13
3579,6773,3.173119e-05,2,13
3580,6774,3.188e-05,2,13
3581,6775,3.188885e-05,2,13
3582,6776,3.181068e-05,2,13
3583,6777,3.173988e-05,2,13
3584,7000,3.187037e-05,2,13
3585,7001,3.189338e-05,2,13
3586,7002,3.182326e-05,2,13
3587,7003,3.173681e-05,2,13
3588,7004,3.188434e-05,2,13
3589,7005,3.188229e-05,2,13
3590,7006,3.181036e-05,2,13
3591,7007,3.173658e-05,2,13
3592,7010,3.185277e-05,2,13
3593,7011,3.189716e-05,2,13
3594,7012,3.182965e-05,2,13
3595,7013,3.173464e-05,2,13
3596,7014,3.183772e-05,2,13
3597,7015,3.18897e-05,2,13
3598,7016,3.182092e-05,2,13
3599,7017,3.172408e-05,2,13
3600,7020,3.177159e-05,2,13
3601,7021,3.187462e-05,2,13
3602,7022,3.181843e-05,2,13
3603,7023,3.172284e-05,2,13
3604,7024,3.173083e-05,2,13
3605,7025,3.185468e-05,2,13
3606,7026,3.181536e-05,2,13
3607,7027,3.172155e-05,2,14
3608,7030,3.171377e-05,2,14
3609,7031,3.18499e-05,2,14
3610,7032,3.179706e-05,2,14
3611,7033,3.171693e-05,2,14
3612,7034,3.169714e-05,2,14
3613,7035,3.184118e-05,2,14
3614,7036,3.182063e-05,2,14
3615,7037,3.173699e-05,2,14
3616,7040,3.167601e-05,2,14
3617,7041,3.182007e-05,2,14
3618,7042,3.183661e-05,2,14
3619,7043,3.176263e-05,2,14
3620,7044,3.168104e-05,2,14
3621,7045,3.183108e-05,2,14
3622,7046,3.183603e-05,2,14
3623,7047,3.177262e-05,2,14
3624,7050,3.169283e-05,2,14
3625,7051,3.180101e-05,2,14
3626,7052,3.185521e-05,2,14
3627,7053,3.179054e-05,2,14
3628,7054,3.170349e-05,2,14
3629,7055,3.181179e-05,2,14
3630,7056,3.186915e-05,2,14
3631,7057,3.180392e-05,2,14
3632,7060,3.171228e-05,2,14
3633,7061,3.182939e-05,2,14
3634,7062,3.187283e-05,2,14
3635,7063,3.180626e-05,2,14
3636,7064,3.172516e-05,2,14
3637,7065,3.185096e-05,2,14
3638,7066,3.18938e-05,2,15
3639,7067,3.18269e-05,2,15
3640,7070,3.173755e-05,2,15
3641,7071,3.182942e-05,2,15
3642,7072,3.190155e-05,2,15
3643,7073,3.184384e-05,2,15
3644,7074,3.175364e-05,2,15
3645,7075,3.184489e-05,2,15
3646,7076,3.192078e-05,2,15
3647,7077,3.185986e-05,2,15
3648,7100,3.176418e-05,2,15
3649,7101,3.186545e-05,2,15
3650,7102,3.191944e-05,2,15
3651,7103,3.185551e-05,2,15
3652,7104,3.176266e-05,2,15
3653,7105,3.183826e-05,2,15
3654,7106,3.192322e-05,2,15
3655,7107,3.18749e-05,2,15
3656,7110,3.180608e-05,2,15
3657,7111,3.176424e-05,2,15
3658,7112,3.190352e-05,2,15
3659,7113,3.190875e-05,2,15
3660,7114,3.182543e-05,2,15
3661,7115,3.174337e-05,2,15
3662,7116,3.188806e-05,2,15
3663,7117,3.190424e-05,2,15
3664,7120,3.183987e-05,2,15
3665,7121,3.175089e-05,2,15
3666,7122,3.182438e-05,2,15
3667,7123,3.190223e-05,2,15
3668,7124,3.184578e-05,2,15
3669,7125,3.175265e-05,2,16
3670,7126,3.179727e-05,2,16
3671,7127,3.18915e-05,2,16
3672,7130,3.183585e-05,2,16
3673,7131,3.174919e-05,2,16
3674,7132,3.175066e-05,2,16
3675,7133,3.188504e-05,2,16
3676,7134,3.184201e-05,2,16
3677,7135,3.176478e-05,2,16
3678,7136,3.172696e-05,2,16
3679,7137,3.18689e-05,2,16
3680,7140,3.184677e-05,2,16
3681,7141,3.174759e-05,2,16
3682,7142,3.175883e-05,2,16
3683,7143,3.188055e-05,2,16
3684,7144,3.183175e-05,2,16
3685,7145,3.174155e-05,2,16
3686,7146,3.174088e-05,2,16
3687,7147,3.18773e-05,2,16
3688,7150,3.183521e-05,2,16
3689,7151,3.174416e-05,2,16
3690,7152,3.173693e-05,2,16
3691,7153,3.186436e-05,2,16
3692,7154,3.181662e-05,2,16
3693,7155,3.172955e-05,2,16
3694,7156,3.171962e-05,2,16
3695,7157,3.18469e-05,2,16
3696,7160,3.179504e-05,2,16
3697,7161,3.170135e-05,2,16
3698,7162,3.169784e-05,2,16
3699,7163,3.183181e-05,2,17
3700,7164,3.178224e-05,2,17
3701,7165,3.169414e-05,2,17
3702,7166,3.170194e-05,2,17
3703,7167,3.182083e-05,2,17
3704,7170,3.177592e-05,2,17
3705,7171,3.169204e-05,2,17
3706,7172,3.17068e-05,2,17
3707,7173,3.181949e-05,2,17
3708,7174,3.176586e-05,2,17
3709,7175,3.167644e-05,2,17
3710,7176,3.166071e-05,2,17
3711,7177,3.180652e-05,2,17
3712,7200,3.177973e-05,2,17
3713,7201,3.169767e-05,2,17
3714,7202,3.166315e-05,2,17
3715,7203,3.180897e-05,2,17
3716,7204,3.176734e-05,2,17
3717,7205,3.168368e-05,2,17
3718,7206,3.166087e-05,2,17
3719,7207,3.181079e-05,2,17
3720,7210,3.177656e-05,2,17
3721,7211,3.167799e-05,2,17
3722,7212,3.167925e-05,2,17
3723,7213,3.181545e-05,2,17
3724,7214,3.17743e-05,2,17
3725,7215,3.170302e-05,2,17
3726,7216,3.164912e-05,2,17
3727,7217,3.180751e-05,2,17
3728,7220,3.179637e-05,2,17
3729,7221,3.170794e-05,2,17
3730,7222,3.16589e-05,2,18
3731,7223,3.180682e-05,2,18
3732,7224,3.179098e-05,2,18
3733,7225,3.171901e-05,2,18
3734,7226,3.166502e-05,2,18
3735,7227,3.181515e-05,2,18
3736,7230,3.180479e-05,2,18
3737,7231,3.171995e-05,2,18
3738,7232,3.166666e-05,2,18
3739,7233,3.18187e-05,2,18
3740,7234,3.181966e-05,2,18
3741,7235,3.175634e-05,2,18
3742,7236,3.168785e-05,2,18
3743,7237,3.178395e-05,2,18
3744,7240,3.184812e-05,2,18
3745,7241,3.178049e-05,2,18
3746,7242,3.168583e-05,2,18
3747,7243,3.178354e-05,2,18
3748,7244,3.18517e-05,2,18
3749,7245,3.179389e-05,2,18
3750,7246,3.171067e-05,2,18
3751,7247,3.177344e-05,2,18
3752,7250,3.186294e-05,2,18
3753,7251,3.181504e-05,2,18
3754,7252,3.174055e-05,2,18
3755,7253,3.173219e-05,2,18
3756,7254,3.18651e-05,2,18
3757,7255,3.183003e-05,2,18
3758,7256,3.174418e-05,2,18
3759,7257,3.175967e-05,2,18
3760,7260,3.18781e-05,2,18
3761,7261,3.183591e-05,2,19
3762,7262,3.173309e-05,2,19
3763,7263,3.180423e-05,2,19
3764,7264,3.187942e-05,2,19
3765,7265,3.183714e-05,2,19
3766,7266,3.174267e-05,2,19
3767,7267,3.177244e-05,2,19
3768,7270,3.188893e-05,2,19
3769,7271,3.184555e-05,2,19
3770,7272,3.176287e-05,2,19
3771,7273,3.174887e-05,2,19
3772,7274,3.188706e-05,2,19
3773,7275,3.186613e-05,2,19
3774,7276,3.178875e-05,2,19
3775,7277,3.174685e-05,2,19
3776,7300,3.189429e-05,2,19
3777,7301,3.187464e-05,2,19
3778,7302,3.179393e-05,2,19
3779,7303,3.175733e-05,2,19
3780,7304,3.190475e-05,2,19
3781,7305,3.188601e-05,2,19
3782,7306,3.18054e-05,2,19
3783,7307,3.175046e-05,2,19
3784,7310,3.189667e-05,2,19
3785,7311,3.190228e-05,2,19
3786,7312,3.183571e-05,2,19
3787,7313,3.175276e-05,2,19
3788,7314,3.188185e-05,2,19
3789,7315,3.191452e-05,2,19
3790,7316,3.18557e-05,2,19
3791,7317,3.176931e-05,2,19
3792,7320,3.185052e-05,2,20
3793,7321,3.192679e-05,2,20
3794,7322,3.18827e-05,2,20
3795,7323,3.17951e-05,2,20
3796,7324,3.181122e-05,2,20
3797,7325,3.193018e-05,2,20
3798,7326,3.188133e-05,2,20
3799,7327,3.179998e-05,2,20
3800,7330,3.181325e-05,2,20
3801,7331,3.193024e-05,2,20
3802,7332,3.189563e-05,2,20
3803,7333,3.17984e-05,2,20
3804,7334,3.179975e-05,2,20
3805,7335,3.192933e-05,2,20
3806,7336,3.190093e-05,2,20
3807,7337,3.182303e-05,2,20
3808,7340,3.176779e-05,2,20
3809,7341,3.192486e-05,2,20
3810,7342,3.191438e-05,2,20
3811,7343,3.183196e-05,2,20
3812,7344,3.176866e-05,2,20
3813,7345,3.193165e-05,2,20
3814,7346,3.190099e-05,2,20
3815,7347,3.182974e-05,2,20
3816,7350,3.177748e-05,2,20
3817,7351,3.192143e-05,2,20
3818,7352,3.191306e-05,2,20
3819,7353,3.183103e-05,2,20
3820,7354,3.175917e-05,2,20
3821,7355,3.192114e-05,2,20
3822,7356,3.19046e-05,2,21
3823,7357,3.181907e-05,2,21
3824,7360,3.176814e-05,2,21
3825,7361,3.191288e-05,2,21
3826,7362,3.190808e-05,2,21
3827,7363,3.183249e-05,2,21
3828,7364,3.176412e-05,2,21
3829,7365,3.189918e-05,2,21
3830,7366,3.191576e-05,2,21
3831,7367,3.185503e-05,2,21
3832,7370,3.176353e-05,2,21
3833,7371,3.188348e-05,2,21
3834,7372,3.192263e-05,2,21
3835,7373,3.185266e-05,2,21
3836,7374,3.176397e-05,2,21
3837,7375,3.190603e-05,2,21
3838,7376,3.192532e-05,2,21
3839,7377,3.185263e-05,2,21
3840,7400,3.177057e-05,2,21
3841,7401,3.19154e-05,2,21
3842,7402,3.193253e-05,2,21
3843,7403,3.186193e-05,2,21
3844,7404,3.17852e-05,2,21
3845,7405,3.192822e-05,2,21
3846,7406,3.197501e-05,2,21
3847,7407,3.193019e-05,2,21
3848,7410,3.187676e-05,2,21
3849,7411,3.203957e-05,2,21
3850,7412,3.20928e-05,2,21
3851,7413,3.204156e-05,2,21
3852,7414,3.198677e-05,2,21
3853,7415,3.21711e-05,2,22
3854,7416,3.226011e-05,2,22
3855,7417,3.229195e-05,2,22
3856,7420,3.235193e-05,2,22
3857,7421,3.26935e-05,2,22
3858,7422,3.307985e-05,2,22
3859,7423,3.348212e-05,2,22
3860,7424,3.406729e-05,2,22
3861,7425,3.510277e-05,2,22
3862,7426,3.651768e-05,2,22
3863,7427,3.847721e-05,2,22
3864,7430,4.133292e-05,2,22
3865,7431,4.5718e-05,2,22
3866,7432,5.278386e-05,2,22
3867,7433,6.220966e-05,2,22
3868,7434,7.484624e-05,2,22
3869,7435,0.0005403954,2,22
3870,7436,0.0005386299,2,22
3871,7437,0.0005382102,2,22
3872,7440,0.0005386961,2,22
3873,7441,0.0005414626,2,22
3874,7442,0.0005448386,2,22
3875,7443,0.0005483602,2,22
3876,7444,0.0005512243,2,22
3877,7445,0.000555076,2,22
3878,7446,0.0005602165,2,22
3879,7447,0.0005656641,2,22
3880,7450,0.0005719265,2,22
3881,7451,0.0005781798,2,22
3882,7452,0.0005828973,2,22
3883,7453,0.0005871371,2,22
3884,7454,0.0005905535,2,23
3885,7455,0.0005940728,2,23
3886,7456,0.0005967045,2,23
3887,7457,0.0005988172,2,23
3888,7460,0.0006016357,2,23
3889,7461,0.000604271,2,23
3890,7462,0.0006067764,2,23
3891,7463,0.0006087477,2,23
3892,7464,0.0006104591,2,23
3893,7465,0.000611554,2,23
3894,7466,0.0006122743,2,23
3895,7467,0.0006129057,2,23
3896,7470,0.0006127043,2,23
3897,7471,0.0006133163,2,23
3898,7472,0.0006129146,2,23
3899,7473,0.0006127882,2,23
3900,7474,0.0006130791,2,23
3901,7475,0.0006127114,2,23
3902,7476,0.000612777,2,23
3903,7477,0.0006129,2,23
3904,7500,0.0006128606,2,23
3905,7501,0.0006135158,2,23
3906,7502,0.0006132385,2,23
3907,7503,0.0006130175,2,23
3908,7504,0.0006125743,2,23
3909,7505,0.0006131617,2,23
3910,7506,0.0006130458,2,23
3911,7507,0.0006133241,2,23
3912,7510,0.0006130644,2,23
3913,7511,0.000613239,2,23
3914,7512,0.0006135114,2,23
3915,7513,0.000613419,2,24
3916,7514,0.0006132747,2,24
3917,7515,0.0006138514,2,24
3918,7516,0.0006134955,2,24
3919,7517,0.0006131887,2,24
3920,7520,0.0006135887,2,24
3921,7521,0.0006131763,2,24
3922,7522,0.0006130339,2,24
3923,7523,0.0006132108,2,24
3924,7524,0.0006132986,2,24
3925,7525,0.0006132143,2,24
3926,7526,0.0006131195,2,24
3927,7527,0.0006133835,2,24
3928,7530,0.0006130973,2,24
3929,7531,0.0006130446,2,24
3930,7532,0.0006130018,2,24
3931,7533,0.0006134978,2,24
3932,7534,0.0006132046,2,24
3933,7535,0.0006135922,2,24
3934,7536,0.0006129615,2,24
3935,7537,0.0006125544,2,24
3936,7540,0.0006130669,2,24
3937,7541,0.0006131865,2,24
3938,7542,0.0006134137,2,24
3939,7543,0.0006130932,2,24
3940,7544,0.0006131543,2,24
3941,7545,0.0006132565,2,24
3942,7546,0.0006128994,2,24
3943,7547,0.0006135558,2,24
3944,7550,0.0006130172,2,24
3945,7551,0.0006131611,-1,-1
3946,7552,0.0006134053,-1,-1
3947,7553,0.0006133895,-1,-1
3948,7554,0.0006130321,-1,-1
3949,7555,0.0006135394,-1,-1
3950,7556,0.0006125713,-1,-1
3951,7557,0.0006128688,-1,-1
3952,7560,0.0006130586,-1,-1
3953,7561,0.0006129153,-1,-1
3954,7562,0.0006128717,-1,-1
3955,7563,0.0006126957,-1,-1
3956,7564,0.0006126252,-1,-1
3957,7565,0.0006131823,-1,-1
3958,7566,0.0006128432,-1,-1
3959,7567,0.0006125177,-1,-1
3960,7570,0.0006127108,-1,-1
3961,7571,0.000612812,-1,-1
3962,7572,0.000612792,-1,-1
3963,7573,0.0006132438,-1,-1
3964,7574,0.0006127557,-1,-1
3965,7575,0.0006125163,-1,-1
3966,7576,0.0006126293,-1,-1
3967,7577,0.0006130341,-1,-1
3968,7600,0.0006131862,-1,-1
3969,7601,0.0006126775,-1,-1
3970,7602,0.0006133963,-1,-1
3971,7603,0.0006126668,-1,-1
3972,7604,0.0006127126,-1,-1
3973,7605,0.0006127571,-1,-1
3974,7606,0.0006129785,-1,-1
3975,7607,0.0006127412,-1,-1
3976,7610,0.0006131923,-1,-1
3977,7611,0.0006125158,-1,-1
3978,7612,0.0006128725,-1,-1
3979,7613,0.0006124384,-1,-1
3980,7614,0.000612652,-1,-1
3981,7615,0.0006125995,-1,-1
3982,7616,0.0006127324,-1,-1
3983,7617,0.000612582,-1,-1
3984,7620,0.0006126458,-1,-1
3985,7621,0.0006126511,-1,-1
3986,7622,0.0006127615,-1,-1
3987,7623,0.0006129953,-1,-1
3988,7624,0.000612901,-1,-1
3989,7625,0.0006126316,-1,-1
3990,7626,0.0006126903,-1,-1
3991,7627,0.0006128395,-1,-1
3992,7630,0.0006124203,-1,-1
3993,7631,0.0006125615,-1,-1
3994,7632,0.0006128928,-1,-1
3995,7633,0.0006127444,-1,-1
3996,7634,0.0006124202,-1,-1
3997,7635,0.0006123867,-1,-1
3998,7636,0.0006128426,-1,-1
3999,7637,0.000612677,-1,-1
4000,7640,0.0006123245,-1,-1
4001,7641,0.0006124461,-1,-1
4002,7642,0.0006122752,-1,-1
4003,7643,0.0006123062,-1,-1
4004,7644,0.000612404,-1,-1
4005,7645,0.0006123278,-1,-1
4006,7646,0.0006123981,-1,-1
4007,7647,0.0006119531,-1,-1
4008,7650,0.0006121674,-1,-1
4009,7651,0.0006121761,-1,-1
4010,7652,0.0006121339,-1,-1
4011,7653,0.0006123061,-1,-1
4012,7654,0.0006123652,-1,-1
4013,7655,0.0006127658,-1,-1
4014,7656,0.0006119043,-1,-1
4015,7657,0.0006127445,-1,-1
4016,7660,0.0006126271,-1,-1
4017,7661,0.0006124831,-1,-1
4018,7662,0.0006119197,-1,-1
4019,7663,0.0006126635,-1,-1
4020,7664,0.0006124355,-1,-1
4021,7665,0.0006124585,-1,-1
4022,7666,0.0006124473,-1,-1
4023,7667,0.0006128643,-1,-1
4024,7670,0.0006127583,-1,-1
4025,7671,0.0006125122,-1,-1
4026,7672,0.0006123576,-1,-1
4027,7673,0.0006127856,-1,-1
4028,7674,0.0006125692,-1,-1
4029,7675,0.0006124443,-1,-1
4030,7676,0.0006124022,-1,-1
4031,7677,0.0006126089,-1,-1
4032,7700,0.0006123894,-1,-1
4033,7701,0.0006125497,-1,-1
4034,7702,0.0006124333,-1,-1
4035,7703,0.0006126767,-1,-1
4036,7704,0.0006128905,-1,-1
4037,7705,0.0006123436,-1,-1
4038,7706,0.0006124554,-1,-1
4039,7707,0.0006119928,-1,-1
4040,7710,0.0006123705,-1,-1
4041,7711,0.0006124576,-1,-1
4042,7712,0.0006124461,-1,-1
4043,7713,0.0006119355,-1,-1
4044,7714,0.0006122363,-1,-1
4045,7715,0.0006124754,-1,-1
4046,7716,0.0006124754,-1,-1
4047,7717,0.000612278,-1,-1
4048,7720,0.0006121831,-1,-1
4049,7721,0.0006119101,-1,-1
4050,7722,0.0006120396,-1,-1
4051,7723,0.0006121041,-1,-1
4052,7724,0.0006126983,-1,-1
4053,7725,0.0006124618,-1,-1
4054,7726,0.0006124701,-1,-1
4055,7727,0.0006126761,-1,-1
4056,7730,0.0006124899,-1,-1
4057,7731,0.00061258,-1,-1
4058,7732,0.0006124302,-1,-1
4059,7733,0.0006130022,-1,-1
4060,7734,0.000612925,-1,-1
4061,7735,0.0006128108,-1,-1
4062,7736,0.0006127207,-1,-1
4063,7737,0.0006126462,-1,-1
4064,7740,0.0006121438,-1,-1
4065,7741,0.0006125614,-1,-1
4066,7742,0.0006127352,-1,-1
4067,7743,0.000612628,-1,-1
4068,7744,0.0006129555,-1,-1
4069,7745,0.0006122487,-1,-1
4070,7746,0.0006125352,-1,-1
4071,7747,0.0006124665,-1,-1
4072,7750,0.000612758,-1,-1
4073,7751,0.0006126939,-1,-1
4074,7752,0.0006127243,-1,-1
4075,7753,0.0006127307,-1,-1
4076,7754,0.0006120332,-1,-1
4077,7755,0.0006123816,-1,-1
4078,7756,0.0006120391,-1,-1
4079,7757,0.0006121739,-1,-1
4080,7760,0.0006124836,-1,-1
4081,7761,0.0006123203,-1,-1
4082,7762,0.0006123983,-1,-1
4083,7763,0.0006122052,-1,-1
4084,7764,0.0006130135,-1,-1
4085,7765,0.0006126874,-1,-1
4086,7766,0.0006125373,-1,-1
4087,7767,0.0006126018,-1,-1
4088,7770,0.0006128544,-1,-1
4089,7771,0.0006126907,-1,-1
4090,7772,0.0006123547,-1,-1
4091,7773,0.000611981,-1,-1
4092,7774,0.0006129846,-1,-1
4093,7775,0.0006124718,-1,-1
4094,7776,0.0006125047,-1,-1
4095,7777,0.0006127097,-1,-1
4096,10000,0.0006124121,-1,-1
4097,10001,0.0006121622,-1,-1
4098,10002,0.0006123103,-1,-1
4099,10003,0.000612349,-1,-1
4100,10004,0.0006125522,-1,-1
4101,10005,0.0006123031,-1,-1
4102,10006,0.000612377,-1,-1
4103,10007,0.0006122697,-1,-1
4104,10010,0.0006125587,-1,-1
4105,10011,0.0006124366,-1,-1
4106,10012,0.0006121451,-1,-1
4107,10013,0.0006122839,-1,-1
4108,10014,0.0006126251,-1,-1
4109,10015,0.0006129169,-1,-1
4110,10016,0.0006123435,-1,-1
4111,10017,0.0006119961,-1,-1
4112,10020,0.0006121685,-1,-1
4113,10021,0.0006123536,-1,-1
4114,10022,0.0006122125,-1,-1
4115,10023,0.0006126511,-1,-1
4116,10024,0.0006121742,-1,-1
4117,10025,0.000612268,-1,-1
4118,10026,0.0006122233,-1,-1
4119,10027,0.0006124916,-1,-1
4120,10030,0.0006122521,-1,-1
4121,10031,0.0006124204,-1,-1
4122,10032,0.0006121556,-1,-1
4123,10033,0.0006123833,-1,-1
4124,10034,0.0006126626,-1,-1
4125,10035,0.0006123747,-1,-1
4126,10036,0.0006121648,-1,-1
4127,10037,0.0006125088,-1,-1
4128,10040,0.0006125151,-1,-1
4129,10041,0.0006122932,-1,-1
4130,10042,0.0006126533,-1,-1
4131,10043,0.0006123623,-1,-1
4132,10044,0.0006125784,-1,-1
4133,10045,0.0006125369,-1,-1
4134,10046,0.0006124916,-1,-1
4135,10047,0.0006122463,-1,-1
4136,10050,0.0006125268,-1,-1
4137,10051,0.0006126703,-1,-1
4138,10052,0.0006123823,-1,-1
4139,10053,0.0006124905,-1,-1
4140,10054,0.0006127242,-1,-1
4141,10055,0.0006122036,-1,-1
4142,10056,0.000611953,-1,-1
4143,10057,0.0006123658,-1,-1
4144,10060,0.0006129243,-1,-1
4145,10061,0.00061208,-1,-1
4146,10062,0.0006120641,-1,-1
4147,10063,0.0006121847,-1,-1
4148,10064,0.000612377,-1,-1
4149,10065,0.000612399,-1,-1
4150,10066,0.0006118857,-1,-1
4151,10067,0.0006121596,-1,-1
4152,10070,0.0006126235,-1,-1
4153,10071,0.0006121198,-1,-1
4154,10072,0.0006121573,-1,-1
4155,10073,0.0006119534,-1,-1
4156,10074,0.0006123775,-1,-1
4157,10075,0.0006122711,-1,-1
4158,10076,0.0006123582,-1,-1
4159,10077,0.0006121789,-1,-1
4160,10100,0.0006120062,-1,-1
4161,10101,0.0006121579,-1,-1
4162,10102,0.0006123038,-1,-1
4163,10103,0.0006122951,-1,-1
4164,10104,0.0006121527,-1,-1
4165,10105,0.0006123921,-1,-1
4166,10106,0.000612613,-1,-1
4167,10107,0.0006122591,-1,-1
4168,10110,0.0006126662,-1,-1
4169,10111,0.0006125363,-1,-1
4170,10112,0.0006121665,-1,-1
4171,10113,0.000612252,-1,-1
4172,10114,0.0006129298,-1,-1
4173,10115,0.0006125398,-1,-1
4174,10116,0.0006120384,-1,-1
4175,10117,0.0006126041,-1,-1
4176,10120,0.0006123811,-1,-1
4177,10121,0.0006125218,-1,-1
4178,10122,0.0006125261,-1,-1
4179,10123,0.00061221,-1,-1
4180,10124,0.0006125408,-1,-1
4181,10125,0.0006126493,-1,-1
4182,10126,0.0006126967,-1,-1
4183,10127,0.0006122224,-1,-1
4184,10130,0.000611882,-1,-1
4185,10131,0.0006120729,-1,-1
4186,10132,0.0006120554,-1,-1
4187,10133,0.0006118509,-1,-1
4188,10134,0.0006123348,-1,-1
4189,10135,0.0006125738,-1,-1
4190,10136,0.0006123272,-1,-1
4191,10137,0.0006126717,-1,-1
4192,10140,0.0006121884,-1,-1
4193,10141,0.0006120424,-1,-1
4194,10142,0.0006123258,-1,-1
4195,10143,0.0006120523,-1,-1
4196,10144,0.0006121579,-1,-1
4197,10145,0.0006120991,-1,-1
4198,10146,0.000612665,-1,-1
4199,10147,0.0006123453,-1,-1
4200,10150,0.0006124027,-1,-1
4201,10151,0.0006120543,-1,-1
4202,10152,0.0006126926,-1,-1
4203,10153,0.000611963,-1,-1
4204,10154,0.000612278,-1,-1
4205,10155,0.0006120231,-1,-1
4206,10156,0.0006123539,-1,-1
4207,10157,0.0006122621,-1,-1
4208,10160,0.0006121063,-1,-1
4209,10161,0.0006121311,-1,-1
4210,10162,0.0006123729,-1,-1
4211,10163,0.0006120402,-1,-1
4212,10164,0.0006121338,-1,-1
4213,10165,0.0006122615,-1,-1
4214,10166,0.0006124117,-1,-1
4215,10167,0.0006121323,-1,-1
4216,10170,0.0006123956,-1,-1
4217,10171,0.0006121954,-1,-1
4218,10172,0.0006123325,-1,-1
4219,10173,0.0006120548,-1,-1
4220,10174,0.0006119932,-1,-1
4221,10175,0.0006118609,-1,-1
4222,10176,0.0006121754,-1,-1
4223,10177,0.0006121655,-1,-1
4224,10200,0.0006122721,-1,-1
4225,10201,0.0006123023,-1,-1
4226,10202,0.0006120272,-1,-1
4227,10203,0.0006122117,-1,-1
4228,10204,0.0006121793,-1,-1
4229,10205,0.0006119317,3,24
4230,10206,0.0006118059,3,24
4231,10207,0.0006120039,3,24
4232,10210,0.0006117797,3,24
4233,10211,0.0006118763,3,24
4234,10212,0.0006121446,3,24
4235,10213,0.0006120953,3,24
4236,10214,0.0006118967,3,24
4237,10215,0.0006117115,3,24
4238,10216,0.0006123782,3,24
4239,10217,0.0006124916,3,24
4240,10220,0.0006116208,3,24
4241,10221,0.0006122652,3,24
4242,10222,0.0006122371,3,24
4243,10223,0.000611857,3,24
4244,10224,0.0006120167,3,24
4245,10225,0.000612199,3,24
4246,10226,0.0006120877,3,24
4247,10227,0.0006122048,3,24
4248,10230,0.0006118973,3,24
4249,10231,0.0006121648,3,24
4250,10232,0.0006121872,3,24
4251,10233,0.0006121866,3,24
4252,10234,0.000612368,3,24
4253,10235,0.0006125369,3,24
4254,10236,0.0006121162,3,24
4255,10237,0.000612463,3,24
4256,10240,0.0006119042,3,24
4257,10241,0.0006121498,3,23
4258,10242,0.0006116435,3,23
4259,10243,0.0006124401,3,23
4260,10244,0.0006122574,3,23
4261,10245,0.0006127078,3,23
4262,10246,0.0006123097,3,23
4263,10247,0.0006122611,3,23
4264,10250,0.0006123448,3,23
4265,10251,0.0006123316,3,23
4266,10252,0.0006122013,3,23
4267,10253,0.0006121673,3,23
4268,10254,0.0006111612,3,23
4269,10255,0.0006101158,3,23
4270,10256,0.0006091108,3,23
4271,10257,0.0006074501,3,23
4272,10260,0.0006045059,3,23
4273,10261,0.000602133,3,23
4274,10262,0.0005992457,3,23
4275,10263,0.0005958689,3,23
4276,10264,0.0005924424,3,23
4277,10265,0.0005887786,3,23
4278,10266,0.0005846217,3,23
4279,10267,0.0005803915,3,23
4280,10270,0.0005750461,3,23
4281,10271,0.0005693097,3,23
4282,10272,0.000562535,3,23
4283,10273,0.0005566961,3,23
4284,10274,0.0005505133,3,23
4285,10275,0.0005461382,3,22
4286,10276,0.0005425318,3,22
4287,10277,0.0005398842,3,22
4288,10300,0.0005370736,3,22
4289,10301,0.0005355673,3,22
4290,10302,0.0005351327,3,22
4291,10303,0.0005359322,3,22
4292,10304,0.0005374533,3,22
4293,10305,0.0005394274,3,22
4294,10306,0.0005425619,3,22
4295,10307,0.0005448897,3,22
4296,10310,0.0005476543,3,22
4297,10311,0.0005497964,3,22
4298,10312,0.0005516337,3,22
4299,10313,0.0005534439,3,22
4300,10314,0.0005548898,3,22
4301,10315,0.000555591,3,22
4302,10316,0.0005570374,3,22
4303,10317,0.0005571963,3,22
4304,10320,0.0005569162,3,22
4305,10321,0.0005566591,3,22
4306,10322,0.0005557213,3,22
4307,10323,0.0005534055,3,22
4308,10324,0.0005500502,3,22
4309,10325,0.0005450085,3,22
4310,10326,0.0005381053,3,22
4311,10327,0.0005290164,3,22
4312,10330,0.0005181399,3,21
4313,10331,0.0005046352,3,21
4314,10332,0.0004883976,3,21
4315,10333,0.0004689397,3,21
4316,10334,0.0004486054,3,21
4317,10335,0.0004240025,3,21
4318,10336,0.0003948855,3,21
4319,10337,0.000364667,3,21
4320,10340,0.0003205161,3,21
4321,10341,0.0002768001,3,21
4322,10342,0.0002389014,3,21
4323,10343,0.0001967203,3,21
4324,10344,0.0001633792,3,21
4325,10345,0.0001324711,3,21
4326,10346,0.0001034121,3,21
4327,10347,3.024076e-05,3,21
4328,10350,3.023175e-05,3,21
4329,10351,3.01967e-05,3,21
4330,10352,3.036367e-05,3,21
4331,10353,3.043391e-05,3,21
4332,10354,3.040094e-05,3,21
4333,10355,3.036337e-05,3,21
4334,10356,3.05398e-05,3,21
4335,10357,3.059263e-05,3,21
4336,10360,3.05562e-05,3,21
4337,10361,3.05245e-05,3,21
4338,10362,3.071655e-05,3,21
4339,10363,3.074796e-05,3,21
4340,10364,3.070279e-05,3,20
4341,10365,3.068912e-05,3,20
4342,10366,3.086168e-05,3,20
4343,10367,3.088512e-05,3,20
4344,10370,3.084086e-05,3,20
4345,10371,3.079958e-05,3,20
4346,10372,3.097604e-05,3,20
4347,10373,3.09994e-05,3,20
4348,10374,3.094307e-05,3,20
4349,10375,3.090917e-05,3,20
4350,10376,3.108292e-05,3,20
4351,10377,3.108881e-05,3,20
4352,10400,3.101925e-05,3,20
4353,10401,3.100652e-05,3,20
4354,10402,3.117265e-05,3,20
4355,10403,3.115404e-05,3,20
4356,10404,3.110017e-05,3,20
4357,10405,3.107121e-05,3,20
4358,10406,3.12272e-05,3,20
4359,10407,3.122049e-05,3,20
4360,10410,3.115635e-05,3,20
4361,10411,3.111639e-05,3,20
4362,10412,3.128082e-05,3,20
4363,10413,3.128391e-05,3,20
4364,10414,3.123092e-05,3,20
4365,10415,3.116528e-05,3,20
4366,10416,3.131597e-05,3,20
4367,10417,3.133565e-05,3,19
4368,10420,3.127182e-05,3,19
4369,10421,3.122147e-05,3,19
4370,10422,3.137418e-05,3,19
4371,10423,3.135936e-05,3,19
4372,10424,3.129323e-05,3,19
4373,10425,3.128605e-05,3,19
4374,10426,3.141903e-05,3,19
4375,10427,3.139397e-05,3,19
4376,10430,3.131729e-05,3,19
4377,10431,3.12906e-05,3,19
4378,10432,3.14537e-05,3,19
4379,10433,3.142512e-05,3,19
4380,10434,3.134781e-05,3,19
4381,10435,3.134133e-05,3,19
4382,10436,3.147874e-05,3,19
4383,10437,3.145593e-05,3,19
4384,10440,3.138373e-05,3,19
4385,10441,3.13569e-05,3,19
4386,10442,3.1509e-05,3,19
4387,10443,3.14727e-05,3,19
4388,10444,3.139617e-05,3,19
4389,10445,3.141168e-05,3,19
4390,10446,3.153204e-05,3,19
4391,10447,3.15011e-05,3,19
4392,10450,3.141674e-05,3,19
4393,10451,3.141072e-05,3,19
4394,10452,3.155277e-05,3,19
4395,10453,3.151922e-05,3,18
4396,10454,3.144861e-05,3,18
4397,10455,3.142577e-05,3,18
4398,10456,3.156738e-05,3,18
4399,10457,3.154964e-05,3,18
4400,10460,3.147478e-05,3,18
4401,10461,3.142547e-05,3,18
4402,10462,3.15783e-05,3,18
4403,10463,3.155877e-05,3,18
4404,10464,3.148566e-05,3,18
4405,10465,3.145437e-05,3,18
4406,10466,3.159221e-05,3,18
4407,10467,3.157405e-05,3,18
4408,10470,3.149024e-05,3,18
4409,10471,3.14686e-05,3,18
4410,10472,3.161141e-05,3,18
4411,10473,3.158551e-05,3,18
4412,10474,3.152824e-05,3,18
4413,10475,3.145829e-05,3,18
4414,10476,3.159797e-05,3,18
4415,10477,3.16158e-05,3,18
4416,10500,3.15444e-05,3,18
4417,10501,3.146726e-05,3,18
4418,10502,3.158023e-05,3,18
4419,10503,3.163191e-05,3,18
4420,10504,3.15858e-05,3,18
4421,10505,3.150335e-05,3,18
4422,10506,3.155072e-05,3,18
4423,10507,3.165093e-05,3,17
4424,10510,3.161358e-05,3,17
4425,10511,3.154307e-05,3,17
4426,10512,3.150964e-05,3,17
4427,10513,3.165823e-05,3,17
4428,10514,3.164046e-05,3,17
4429,10515,3.1561e-05,3,17
4430,10516,3.151665e-05,3,17
4431,10517,3.16752e-05,3,17
4432,10520,3.163955e-05,3,17
4433,10521,3.155693e-05,3,17
4434,10522,3.154665e-05,3,17
4435,10523,3.168764e-05,3,17
4436,10524,3.169099e-05,3,17
4437,10525,3.162069e-05,3,17
4438,10526,3.155945e-05,3,17
4439,10527,3.173357e-05,3,17
4440,10530,3.174594e-05,3,17
4441,10531,3.168972e-05,3,17
4442,10532,3.165087e-05,3,17
4443,10533,3.181009e-05,3,17
4444,10534,3.184147e-05,3,17
4445,10535,3.179771e-05,3,17
4446,10536,3.175807e-05,3,17
4447,10537,3.194116e-05,3,17
4448,10540,3.196239e-05,3,17
4449,10541,3.190773e-05,3,17
4450,10542,3.191317e-05,3,16
4451,10543,3.208456e-05,3,16
4452,10544,3.205891e-05,3,16
4453,10545,3.200229e-05,3,16
4454,10546,3.200824e-05,3,16
4455,10547,3.21495e-05,3,16
4456,10550,3.212962e-05,3,16
4457,10551,3.204255e-05,3,16
4458,10552,3.211364e-05,3,16
4459,10553,3.222981e-05,3,16
4460,10554,3.21832e-05,3,16
4461,10555,3.213437e-05,3,16
4462,10556,3.219254e-05,3,16
4463,10557,3.230531e-05,3,16
4464,10560,3.229179e-05,3,16
4465,10561,3.221459e-05,3,16
4466,10562,3.217667e-05,3,16
4467,10563,3.236507e-05,3,16
4468,10564,3.234325e-05,3,16
4469,10565,3.229865e-05,3,16
4470,10566,3.223578e-05,3,16
4471,10567,3.239179e-05,3,16
4472,10570,3.238714e-05,3,16
4473,10571,3.230098e-05,3,16
4474,10572,3.225666e-05,3,16
4475,10573,3.240761e-05,3,16
4476,10574,3.246942e-05,3,16
4477,10575,3.244713e-05,3,16
4478,10576,3.237184e-05,3,15
4479,10577,3.250109e-05,3,15
4480,10600,3.25467e-05,3,15
4481,10601,3.248539e-05,3,15
4482,10602,3.242342e-05,3,15
4483,10603,3.249889e-05,3,15
4484,10604,3.258594e-05,3,15
4485,10605,3.25342e-05,3,15
4486,10606,3.241885e-05,3,15
4487,10607,3.252653e-05,3,15
4488,10610,3.260594e-05,3,15
4489,10611,3.255569e-05,3,15
4490,10612,3.249412e-05,3,15
4491,10613,3.25167e-05,3,15
4492,10614,3.266528e-05,3,15
4493,10615,3.266212e-05,3,15
4494,10616,3.258462e-05,3,15
4495,10617,3.258568e-05,3,15
4496,10620,3.274175e-05,3,15
4497,10621,3.273976e-05,3,15
4498,10622,3.269986e-05,3,15
4499,10623,3.262625e-05,3,15
4500,10624,3.275103e-05,3,15
4501,10625,3.277729e-05,3,15
4502,10626,3.268184e-05,3,15
4503,10627,3.262031e-05,3,15
4504,10630,3.278701e-05,3,15
4505,10631,3.277223e-05,3,14
4506,10632,3.274061e-05,3,14
4507,10633,3.267889e-05,3,14
4508,10634,3.28232e-05,3,14
4509,10635,3.289285e-05,3,14
4510,10636,3.280798e-05,3,14
4511,10637,3.272861e-05,3,14
4512,10640,3.289967e-05,3,14
4513,10641,3.289151e-05,3,14
4514,10642,3.280487e-05,3,14
4515,10643,3.275423e-05,3,14
4516,10644,3.28765e-05,3,14
4517,10645,3.290172e-05,3,14
4518,10646,3.2862e-05,3,14
4519,10647,3.276699e-05,3,14
4520,10650,3.294731e-05,3,14
4521,10651,3.295425e-05,3,14
4522,10652,3.289713e-05,3,14
4523,10653,3.284817e-05,3,14
4524,10654,3.294818e-05,3,14
4525,10655,3.302495e-05,3,14
4526,10656,3.296695e-05,3,14
4527,10657,3.285225e-05,3,14
4528,10660,3.300053e-05,3,14
4529,10661,3.301889e-05,3,14
4530,10662,3.295522e-05,3,14
4531,10663,3.286501e-05,3,14
4532,10664,3.294962e-05,3,14
4533,10665,3.301538e-05,3,13
4534,10666,3.294868e-05,3,13
4535,10667,3.285672e-05,3,13
4536,10670,3.301328e-05,3,13
4537,10671,3.301105e-05,3,13
4538,10672,3.295963e-05,3,13
4539,10673,3.285538e-05,3,13
4540,10674,3.299474e-05,3,13
4541,10675,3.303253e-05,3,13
4542,10676,3.294444e-05,3,13
4543,10677,3.285716e-05,3,13
4544,10700,3.296853e-05,3,13
4545,10701,3.29822e-05,3,13
4546,10702,3.291376e-05,3,13
4547,10703,3.279738e-05,3,13
4548,10704,3.291016e-05,3,13
4549,10705,3.295759e-05,3,13
4550,10706,3.286279e-05,3,13
4551,10707,3.282083e-05,3,13
4552,10710,3.298829e-05,3,13
4553,10711,3.297682e-05,3,13
4554,10712,3.297662e-05,3,13
4555,10713,3.284477e-05,3,13
4556,10714,3.297817e-05,3,13
4557,10715,3.305639e-05,3,13
4558,10716,3.298397e-05,3,13
4559,10717,3.294558e-05,3,13
4560,10720,3.310497e-05,3,13
4561,10721,3.315357e-05,3,12
4562,10722,3.310909e-05,3,12
4563,10723,3.306072e-05,3,12
4564,10724,3.322164e-05,3,12
4565,10725,3.331287e-05,3,12
4566,10726,3.328994e-05,3,12
4567,10727,3.324465e-05,3,12
4568,10730,3.345243e-05,3,12
4569,10731,3.347521e-05,3,12
4570,10732,3.346051e-05,3,12
4571,10733,3.341806e-05,3,12
4572,10734,3.351997e-05,3,12
4573,10735,3.36471e-05,3,12
4574,10736,3.359041e-05,3,12
4575,10737,3.350054e-05,3,12
4576,10740,3.364195e-05,3,12
4577,10741,3.371148e-05,3,12
4578,10742,3.367093e-05,3,12
4579,10743,3.362408e-05,3,12
4580,10744,3.372939e-05,3,12
4581,10745,3.379529e-05,3,12
4582,10746,3.373381e-05,3,12
4583,10747,3.361662e-05,3,12
4584,10750,3.367277e-05,3,12
4585,10751,3.377164e-05,3,12
4586,10752,3.374128e-05,3,12
4587,10753,3.366542e-05,3,12
4588,10754,3.363986e-05,3,11
4589,10755,3.381635e-05,3,11
4590,10756,3.377484e-05,3,11
4591,10757,3.371575e-05,3,11
4592,10760,3.367737e-05,3,11
4593,10761,3.383128e-05,3,11
4594,10762,3.386995e-05,3,11
4595,10763,3.380894e-05,3,11
4596,10764,3.371988e-05,3,11
4597,10765,3.390538e-05,3,11
4598,10766,3.389221e-05,3,11
4599,10767,3.385429e-05,3,11
4600,10770,3.377472e-05,3,11
4601,10771,3.38656e-05,3,11
4602,10772,3.394816e-05,3,11
4603,10773,3.384803e-05,3,11
4604,10774,3.376499e-05,3,11
4605,10775,3.392034e-05,3,11
4606,10776,3.390214e-05,3,11
4607,10777,3.385394e-05,3,11
4608,11000,3.371654e-05,3,11
4609,11001,3.377975e-05,3,11
4610,11002,3.381175e-05,3,11
4611,11003,3.368182e-05,3,11
4612,11004,3.352308e-05,3,11
4613,11005,3.355195e-05,3,11
4614,11006,3.351839e-05,3,11
4615,11007,3.336887e-05,3,11
4616,11010,3.320243e-05,3,10
4617,11011,3.323478e-05,3,10
4618,11012,3.322649e-05,3,10
4619,11013,3.308157e-05,3,10
4620,11014,3.29329e-05,3,10
4621,11015,3.302765e-05,3,10
4622,11016,3.299313e-05,3,10
4623,11017,3.28362e-05,3,10
4624,11020,3.267705e-05,3,10
4625,11021,3.270299e-05,3,10
4626,11022,3.269394e-05,3,10
4627,11023,3.256471e-05,3,10
4628,11024,3.240431e-05,3,10
4629,11025,3.245319e-05,3,10
4630,11026,3.246658e-05,3,10
4631,11027,3.236119e-05,3,10
4632,11030,3.223754e-05,3,10
4633,11031,3.232543e-05,3,10
4634,11032,3.237172e-05,3,10
4635,11033,3.229726e-05,3,10
4636,11034,3.219676e-05,3,10
4637,11035,3.230598e-05,3,10
4638,11036,3.235447e-05,3,10
4639,11037,3.227826e-05,3,10
4640,11040,3.218282e-05,3,10
4641,11041,3.227147e-05,3,10
4642,11042,3.233767e-05,3,10
4643,11043,3.227595e-05,3,9
4644,11044,3.21712e-05,3,9
4645,11045,3.225935e-05,3,9
4646,11046,3.232775e-05,3,9
4647,11047,3.227613e-05,3,9
4648,11050,3.217658e-05,3,9
4649,11051,3.214962e-05,3,9
4650,11052,3.229021e-05,3,9
4651,11053,3.22775e-05,3,9
4652,11054,3.217374e-05,3,9
4653,11055,3.211688e-05,3,9
4654,11056,3.226922e-05,3,9
4655,11057,3.224062e-05,3,9
4656,11060,3.216274e-05,3,9
4657,11061,3.208664e-05,3,9
4658,11062,3.22241e-05,3,9
4659,11063,3.223929e-05,3,9
4660,11064,3.215571e-05,3,9
4661,11065,3.207882e-05,3,9
4662,11066,3.215954e-05,3,9
4663,11067,3.223512e-05,3,9
4664,11070,3.21719e-05,3,9
4665,11071,3.207695e-05,3,9
4666,11072,3.212707e-05,3,9
4667,11073,3.223002e-05,3,9
4668,11074,3.217296e-05,3,9
4669,11075,3.20723e-05,3,9
4670,11076,3.214262e-05,3,9
4671,11077,3.22323e-05,3,8
4672,11100,3.217632e-05,3,8
4673,11101,3.209464e-05,3,8
4674,11102,3.219292e-05,3,8
4675,11103,3.223558e-05,3,8
4676,11104,3.217176e-05,3,8
4677,11105,3.208606e-05,3,8
4678,11106,3.221809e-05,3,8
4679,11107,3.226328e-05,3,8
4680,11110,3.21986e-05,3,8
4681,11111,3.211754e-05,3,8
4682,11112,3.223645e-05,3,8
4683,11113,3.229176e-05,3,8
4684,11114,3.222316e-05,3,8
4685,11115,3.213896e-05,3,8
4686,11116,3.226295e-05,3,8
4687,11117,3.231762e-05,3,8
4688,11120,3.225434e-05,3,8
4689,11121,3.217814e-05,3,8
4690,11122,3.226998e-05,3,8
4691,11123,3.234604e-05,3,8
4692,11124,3.229554e-05,3,8
4693,11125,3.220355e-05,3,8
4694,11126,3.225403e-05,3,8
4695,11127,3.236601e-05,3,8
4696,11130,3.231709e-05,3,8
4697,11131,3.222884e-05,3,8
4698,11132,3.227816e-05,3,8
4699,11133,3.238688e-05,3,7
4700,11134,3.234094e-05,3,7
4701,11135,3.22472e-05,3,7
4702,11136,3.232183e-05,3,7
4703,11137,3.240911e-05,3,7
4704,11140,3.236463e-05,3,7
4705,11141,3.226581e-05,3,7
4706,11142,3.232701e-05,3,7
4707,11143,3.243934e-05,3,7
4708,11144,3.238905e-05,3,7
4709,11145,3.231005e-05,3,7
4710,11146,3.230727e-05,3,7
4711,11147,3.245349e-05,3,7
4712,11150,3.242729e-05,3,7
4713,11151,3.234276e-05,3,7
4714,11152,3.233119e-05,3,7
4715,11153,3.247664e-05,3,7
4716,11154,3.246069e-05,3,7
4717,11155,3.238943e-05,3,7
4718,11156,3.233047e-05,3,7
4719,11157,3.249084e-05,3,7
4720,11160,3.249535e-05,3,7
4721,11161,3.243021e-05,3,7
4722,11162,3.235137e-05,3,7
4723,11163,3.251392e-05,3,7
4724,11164,3.25304e-05,3,7
4725,11165,3.246142e-05,3,7
4726,11166,3.23779e-05,3,6
4727,11167,3.248417e-05,3,6
4728,11170,3.255757e-05,3,6
4729,11171,3.250106e-05,3,6
4730,11172,3.241657e-05,3,6
4731,11173,3.248247e-05,3,6
4732,11174,3.257109e-05,3,6
4733,11175,3.251883e-05,3,6
4734,11176,3.242793e-05,3,6
4735,11177,3.249334e-05,3,6
4736,11200,3.25968e-05,3,6
4737,11201,3.254785e-05,3,6
4738,11202,3.246719e-05,3,6
4739,11203,3.248595e-05,3,6
4740,11204,3.26117e-05,3,6
4741,11205,3.255555e-05,3,6
4742,11206,3.247088e-05,3,6
4743,11207,3.249498e-05,3,6
4744,11210,3.262933e-05,3,6
4745,11211,3.25841e-05,3,6
4746,11212,3.248894e-05,3,6
4747,11213,3.252249e-05,3,6
4748,11214,3.2643e-05,3,6
4749,11215,3.261103e-05,3,6
4750,11216,3.252657e-05,3,6
4751,11217,3.249649e-05,3,6
4752,11220,3.266171e-05,3,6
4753,11221,3.262921e-05,3,6
4754,11222,3.254187e-05,3,5
4755,11223,3.251166e-05,3,5
4756,11224,3.267099e-05,3,5
4757,11225,3.26632e-05,3,5
4758,11226,3.259352e-05,3,5
4759,11227,3.253502e-05,3,5
4760,11230,3.271154e-05,3,5
4761,11231,3.271125e-05,3,5
4762,11232,3.263644e-05,3,5
4763,11233,3.261375e-05,3,5
4764,11234,3.280136e-05,3,5
4765,11235,3.280625e-05,3,5
4766,11236,3.277423e-05,3,5
4767,11237,3.283134e-05,3,5
4768,11240,3.310031e-05,3,5
4769,11241,3.316947e-05,3,5
4770,11242,3.318894e-05,3,5
4771,11243,3.334797e-05,3,5
4772,11244,3.358491e-05,3,5
4773,11245,3.366446e-05,3,5
4774,11246,3.371668e-05,3,5
4775,11247,3.38049e-05,3,5
4776,11250,3.40458e-05,3,5
4777,11251,3.40609e-05,3,5
4778,11252,3.405891e-05,3,5
4779,11253,3.418202e-05,3,5
4780,11254,3.43299e-05,3,5
4781,11255,3.436266e-05,3,4
4782,11256,3.434024e-05,3,4
4783,11257,3.445676e-05,3,4
4784,11260,3.463878e-05,3,4
4785,11261,3.46682e-05,3,4
4786,11262,3.46682e-05,3,4
4787,11263,3.478982e-05,3,4
4788,11264,3.497693e-05,3,4
4789,11265,3.496838e-05,3,4
4790,11266,3.4956e-05,3,4
4791,11267,3.495522e-05,3,4
4792,11270,3.516597e-05,3,4
4793,11271,3.514545e-05,3,4
4794,11272,3.504406e-05,3,4
4795,11273,3.511324e-05,3,4
4796,11274,3.522696e-05,3,4
4797,11275,3.520556e-05,3,4
4798,11276,3.516612e-05,3,4
4799,11277,3.514498e-05,3,4
4800,11300,3.530179e-05,3,4
4801,11301,3.525574e-05,3,4
4802,11302,3.512829e-05,3,4
4803,11303,3.523355e-05,3,4
4804,11304,3.530832e-05,3,4
4805,11305,3.522312e-05,3,4
4806,11306,3.518457e-05,3,4
4807,11307,3.524139e-05,3,4
4808,11310,3.536673e-05,3,4
4809,11311,3.530979e-05,3,3
4810,11312,3.51812e-05,3,3
4811,11313,3.533698e-05,3,3
4812,11314,3.536304e-05,3,3
4813,11315,3.530891e-05,3,3
4814,11316,3.524985e-05,3,3
4815,11317,3.525946e-05,3,3
4816,11320,3.535285e-05,3,3
4817,11321,3.526531e-05,3,3
4818,11322,3.50818e-05,3,3
4819,11323,3.526168e-05,3,3
4820,11324,3.519522e-05,3,3
4821,11325,3.510291e-05,3,3
4822,11326,3.498109e-05,3,3
4823,11327,3.499204e-05,3,3
4824,11330,3.511404e-05,3,3
4825,11331,3.494174e-05,3,3
4826,11332,3.486939e-05,3,3
4827,11333,3.501947e-05,3,3
4828,11334,3.505094e-05,3,3
4829,11335,3.510057e-05,3,3
4830,11336,3.502246e-05,3,3
4831,11337,3.508306e-05,3,3
4832,11340,3.525181e-05,3,3
4833,11341,3.515418e-05,3,3
4834,11342,3.509489e-05,3,3
4835,11343,3.522444e-05,3,3
4836,11344,3.524848e-05,3,3
4837,11345,3.516071e-05,3,2
4838,11346,3.504629e-05,3,2
4839,11347,3.512666e-05,3,2
4840,11350,3.519587e-05,3,2
4841,11351,3.50318e-05,3,2
4842,11352,3.49519e-05,3,2
4843,11353,3.508432e-05,3,2
4844,11354,3.509099e-05,3,2
4845,11355,3.509955e-05,3,2
4846,11356,3.50094e-05,3,2
4847,11357,3.505554e-05,3,2
4848,11360,3.515924e-05,3,2
4849,11361,3.511439e-05,3,2
4850,11362,3.499953e-05,3,2
4851,11363,3.519962e-05,3,2
4852,11364,3.526338e-05,3,2
4853,11365,3.513272e-05,3,2
4854,11366,3.5148e-05,3,2
4855,11367,3.52522e-05,3,2
4856,11370,3.530937e-05,3,2
4857,11371,3.526915e-05,3,2
4858,11372,3.508839e-05,3,2
4859,11373,3.528346e-05,3,2
4860,11374,3.529184e-05,3,2
4861,11375,3.518583e-05,3,2
4862,11376,3.519555e-05,3,2
4863,11377,3.526833e-05,3,2
4864,11400,3.529717e-05,3,1
4865,11401,3.533271e-05,3,1
4866,11402,3.520131e-05,3,1
4867,11403,3.546911e-05,3,1
4868,11404,3.548519e-05,3,1
4869,11405,3.532849e-05,3,1
4870,11406,3.538034e-05,3,1
4871,11407,3.5551e-05,3,1
4872,11410,3.557044e-05,3,1
4873,11411,3.551344e-05,3,1
4874,11412,3.546575e-05,3,1
4875,11413,3.564267e-05,3,1
4876,11414,3.563406e-05,3,1
4877,11415,3.555586e-05,3,1
4878,11416,3.549508e-05,3,1
4879,11417,3.555372e-05,3,1
4880,11420,3.564665e-05,3,1
4881,11421,3.560393e-05,3,1
4882,11422,3.547945e-05,3,1
4883,11423,3.572151e-05,3,1
4884,11424,3.565572e-05,3,1
4885,11425,3.550202e-05,3,1
4886,11426,3.545977e-05,3,1
4887,11427,3.550167e-05,3,1
4888,11430,3.5578e-05,3,1
4889,11431,3.549912e-05,3,1
4890,11432,3.541553e-05,3,1
4891,11433,3.573627e-05,3,1
4892,11434,3.566427e-05,3,0
4893,11435,3.563658e-05,3,0
4894,11436,3.556728e-05,3,0
4895,11437,3.554825e-05,3,0
4896,11440,3.560502e-05,3,0
4897,11441,3.53929e-05,3,0
4898,11442,3.51071e-05,3,0
4899,11443,3.518594e-05,3,0
4900,11444,3.492168e-05,3,0
4901,11445,3.458877e-05,3,0
4902,11446,3.435025e-05,3,0
4903,11447,3.424869e-05,3,0
4904,11450,3.40261e-05,3,0
4905,11451,3.366897e-05,3,0
4906,11452,3.348481e-05,3,0
4907,11453,3.358008e-05,3,0
4908,11454,3.339232e-05,3,0
4909,11455,3.318455e-05,3,0
4910,11456,3.306187e-05,3,0
4911,11457,3.307103e-05,3,0
4912,11460,3.293146e-05,3,0
4913,11461,3.271637e-05,3,0
4914,11462,3.259949e-05,3,0
4915,11463,3.264613e-05,3,0
4916,11464,3.246942e-05,3,0
4917,11465,3.227405e-05,3,0
4918,11466,3.214982e-05,3,0
4919,11467,3.218051e-05,-1,-1
4920,11470,3.207514e-05,-1,-1
4921,11471,3.19041e-05,-1,-1
4922,11472,3.181647e-05,-1,-1
4923,11473,3.192889e-05,-1,-1
4924,11474,3.185527e-05,-1,-1
4925,11475,3.17405e-05,-1,-1
4926,11476,3.172887e-05,-1,-1
4927,11477,3.18452e-05,-1,-1
4928,11500,3.17939e-05,-1,-1
4929,11501,3.170401e-05,-1,-1
4930,11502,3.173324e-05,-1,-1
4931,11503,3.18512e-05,-1,-1
4932,11504,3.179378e-05,-1,-1
4933,11505,3.170276e-05,-1,-1
4934,11506,3.177385e-05,-1,-1
4935,11507,3.185553e-05,-1,-1
4936,11510,3.180807e-05,-1,-1
4937,11511,3.172565e-05,-1,-1
4938,11512,3.175721e-05,-1,-1
4939,11513,3.187043e-05,-1,-1
4940,11514,3.181928e-05,-1,-1
4941,11515,3.172697e-05,-1,-1
4942,11516,3.175786e-05,-1,-1
4943,11517,3.187227e-05,-1,-1
4944,11520,3.182634e-05,-1,-1
4945,11521,3.174832e-05,-1,-1
4946,11522,3.175748e-05,-1,-1
4947,11523,3.187945e-05,-1,-1
4948,11524,3.182417e-05,-1,-1
4949,11525,3.173991e-05,-1,-1
4950,11526,3.173394e-05,-1,-1
4951,11527,3.188102e-05,-1,-1
4952,11530,3.184291e-05,-1,-1
4953,11531,3.175057e-05,-1,-1
4954,11532,3.175259e-05,-1,-1
4955,11533,3.188285e-05,-1,-1
4956,11534,3.183679e-05,-1,-1
4957,11535,3.175394e-05,-1,-1
4958,11536,3.176114e-05,-1,-1
4959,11537,3.188554e-05,-1,-1
4960,11540,3.183541e-05,-1,-1
4961,11541,3.174773e-05,-1,-1
4962,11542,3.175281e-05,-1,-1
4963,11543,3.188767e-05,-1,-1
4964,11544,3.180862e-05,-1,-1
4965,11545,3.171554e-05,-1,-1
4966,11546,3.184226e-05,-1,-1
4967,11547,3.18776e-05,-1,-1
4968,11550,3.181281e-05,-1,-1
4969,11551,3.172533e-05,-1,-1
4970,11552,3.182747e-05,-1,-1
4971,11553,3.187478e-05,-1,-1
4972,11554,3.181351e-05,-1,-1
4973,11555,3.171857e-05,-1,-1
4974,11556,3.182628e-05,-1,-1
4975,11557,3.187719e-05,-1,-1
4976,11560,3.180901e-05,-1,-1
4977,11561,3.171725e-05,-1,-1
4978,11562,3.183778e-05,-1,-1
4979,11563,3.188155e-05,-1,-1
4980,11564,3.181211e-05,-1,-1
4981,11565,3.172459e-05,-1,-1
4982,11566,3.18456e-05,-1,-1
4983,11567,3.188045e-05,-1,-1
4984,11570,3.18187e-05,-1,-1
4985,11571,3.172258e-05,-1,-1
4986,11572,3.181812e-05,-1,-1
4987,11573,3.188519e-05,-1,-1
4988,11574,3.180748e-05,-1,-1
4989,11575,3.17198e-05,-1,-1
4990,11576,3.185105e-05,-1,-1
4991,11577,3.187486e-05,-1,-1
4992,11600,3.180728e-05,-1,-1
4993,11601,3.17277e-05,-1,-1
4994,11602,3.187054e-05,-1,-1
4995,11603,3.189265e-05,-1,-1
4996,11604,3.182754e-05,-1,-1
4997,11605,3.174583e-05,-1,-1
4998,11606,3.184974e-05,-1,-1
4999,11607,3.191481e-05,-1,-1
5000,11610,3.185726e-05,-1,-1
5001,11611,3.177296e-05,-1,-1
5002,11612,3.188946e-05,-1,-1
5003,11613,3.196681e-05,-1,-1
5004,11614,3.192407e-05,-1,-1
5005,11615,3.186888e-05,-1,-1
5006,11616,3.202873e-05,-1,-1
5007,11617,3.214338e-05,-1,-1
5008,11620,3.217523e-05,-1,-1
5009,11621,3.220212e-05,-1,-1
5010,11622,3.237502e-05,-1,-1
5011,11623,3.243794e-05,-1,-1
5012,11624,3.237e-05,-1,-1
5013,11625,3.230736e-05,-1,-1
5014,11626,3.235623e-05,-1,-1
5015,11627,3.245097e-05,-1,-1
5016,11630,3.237359e-05,-1,-1
5017,11631,3.228016e-05,-1,-1
5018,11632,3.237824e-05,-1,-1
5019,11633,3.242312e-05,-1,-1
5020,11634,3.238515e-05,-1,-1
5021,11635,3.228614e-05,-1,-1
5022,11636,3.234214e-05,-1,-1
5023,11637,3.244386e-05,-1,-1
5024,11640,3.236378e-05,-1,-1
5025,11641,3.229278e-05,-1,-1
5026,11642,3.234323e-05,-1,-1
5027,11643,3.24248e-05,-1,-1
5028,11644,3.238258e-05,-1,-1
5029,11645,3.227583e-05,-1,-1
5030,11646,3.232921e-05,-1,-1
5031,11647,3.244254e-05,-1,-1
5032,11650,3.238038e-05,-1,-1
5033,11651,3.228831e-05,-1,-1
5034,11652,3.233828e-05,-1,-1
5035,11653,3.244148e-05,-1,-1
5036,11654,3.238109e-05,-1,-1
5037,11655,3.228505e-05,-1,-1
5038,11656,3.234979e-05,-1,-1
5039,11657,3.243759e-05,-1,-1
5040,11660,3.239031e-05,-1,-1
5041,11661,3.230599e-05,-1,-1
5042,11662,3.229545e-05,-1,-1
5043,11663,3.243537e-05,-1,-1
5044,11664,3.238929e-05,-1,-1
5045,11665,3.230544e-05,-1,-1
5046,11666,3.23125e-05,-1,-1
5047,11667,3.242061e-05,-1,-1
5048,11670,3.237477e-05,-1,-1
5049,11671,3.229664e-05,-1,-1
5050,11672,3.227513e-05,-1,-1
5051,11673,3.243083e-05,-1,-1
5052,11674,3.238866e-05,-1,-1
5053,11675,3.230742e-05,-1,-1
5054,11676,3.226754e-05,-1,-1
5055,11677,3.239189e-05,-1,-1
5056,11700,3.240828e-05,-1,-1
5057,11701,3.232299e-05,-1,-1
5058,11702,3.224479e-05,-1,-1
5059,11703,3.236391e-05,-1,-1
5060,11704,3.241742e-05,-1,-1
5061,11705,3.236827e-05,-1,-1
5062,11706,3.226808e-05,-1,-1
5063,11707,3.23338e-05,-1,-1
5064,11710,3.242521e-05,-1,-1
5065,11711,3.236235e-05,-1,-1
5066,11712,3.228663e-05,-1,-1
5067,11713,3.229961e-05,-1,-1
5068,11714,3.242295e-05,-1,-1
5069,11715,3.238325e-05,-1,-1
5070,11716,3.229135e-05,-1,-1
5071,11717,3.22948e-05,-1,-1
5072,11720,3.242696e-05,-1,-1
5073,11721,3.237757e-05,-1,-1
5074,11722,3.228783e-05,-1,-1
5075,11723,3.231527e-05,-1,-1
5076,11724,3.242625e-05,-1,-1
5077,11725,3.236454e-05,-1,-1
5078,11726,3.227018e-05,-1,-1
5079,11727,3.234425e-05,-1,-1
5080,11730,3.242357e-05,-1,-1
5081,11731,3.236048e-05,-1,-1
5082,11732,3.227847e-05,-1,-1
5083,11733,3.230938e-05,-1,-1
5084,11734,3.242702e-05,-1,-1
5085,11735,3.237477e-05,-1,-1
5086,11736,3.22871e-05,-1,-1
5087,11737,3.382381e-05,-1,-1
5088,11740,3.401652e-05,-1,-1
5089,11741,3.398293e-05,-1,-1
5090,11742,3.390927e-05,-1,-1
5091,11743,3.396749e-05,-1,-1
5092,11744,3.403704e-05,-1,-1
5093,11745,3.396525e-05,-1,-1
5094,11746,3.386659e-05,-1,-1
5095,11747,3.398249e-05,-1,-1
5096,11750,3.401432e-05,-1,-1
5097,11751,3.393346e-05,-1,-1
5098,11752,3.383977e-05,-1,-1
5099,11753,3.398399e-05,-1,-1
5100,11754,3.397208e-05,-1,-1
5101,11755,3.390447e-05,-1,-1
5102,11756,3.384361e-05,-1,-1
5103,11757,3.398715e-05,-1,-1
5104,11760,3.398223e-05,-1,-1
5105,11761,3.38947e-05,-1,-1
5106,11762,3.385116e-05,-1,-1
5107,11763,3.398507e-05,-1,-1
5108,11764,3.39705e-05,-1,-1
5109,11765,3.3881e-05,-1,-1
5110,11766,3.383532e-05,-1,-1
5111,11767,3.39897e-05,-1,-1
5112,11770,3.396557e-05,-1,-1
5113,11771,3.386246e-05,-1,-1
5114,11772,3.385263e-05,-1,-1
5115,11773,3.400112e-05,-1,-1
5116,11774,3.395559e-05,-1,-1
5117,11775,3.386056e-05,-1,-1
5118,11776,3.389083e-05,-1,-1
5119,11777,3.400466e-05,-1,-1
5120,12000,3.395369e-05,-1,-1
5121,12001,3.388064e-05,-1,-1
5122,12002,3.388044e-05,-1,-1
5123,12003,3.400176e-05,-1,-1
5124,12004,3.397553e-05,-1,-1
5125,12005,3.388047e-05,-1,-1
5126,12006,3.384888e-05,-1,-1
5127,12007,3.398636e-05,-1,-1
5128,12010,3.397046e-05,-1,-1
5129,12011,3.388756e-05,-1,-1
5130,12012,3.383652e-05,-1,-1
5131,12013,3.398361e-05,-1,-1
5132,12014,3.396885e-05,-1,-1
5133,12015,3.388052e-05,-1,-1
5134,12016,3.382124e-05,-1,-1
5135,12017,3.39767e-05,-1,-1
5136,12020,3.397354e-05,-1,-1
5137,12021,3.387851e-05,-1,-1
5138,12022,3.38249e-05,-1,-1
5139,12023,3.398762e-05,-1,-1
5140,12024,3.395869e-05,-1,-1
5141,12025,3.386891e-05,-1,-1
5142,12026,3.386211e-05,-1,-1
5143,12027,3.399547e-05,-1,-1
5144,12030,3.394476e-05,-1,-1
5145,12031,3.385801e-05,-1,-1
5146,12032,3.389777e-05,-1,-1
5147,12033,3.399658e-05,-1,-1
5148,12034,3.393755e-05,-1,-1
5149,12035,3.38357e-05,-1,-1
5150,12036,3.392783e-05,-1,-1
5151,12037,3.399895e-05,-1,-1
5152,12040,3.393744e-05,-1,-1
5153,12041,3.383567e-05,-1,-1
5154,12042,3.394383e-05,-1,-1
5155,12043,3.39974e-05,-1,-1
5156,12044,3.392216e-05,-1,-1
5157,12045,3.382578e-05,-1,-1
5158,12046,3.401614e-05,-1,-1
5159,12047,3.40467e-05,-1,-1
5160,12050,3.400363e-05,-1,-1
5161,12051,3.398935e-05,-1,-1
5162,12052,3.417277e-05,-1,-1
5163,12053,3.415301e-05,-1,-1
5164,12054,3.403602e-05,-1,-1
5165,12055,3.399834e-05,-1,-1
5166,12056,3.411299e-05,-1,-1
5167,12057,3.403473e-05,-1,-1
5168,12060,3.392863e-05,-1,-1
5169,12061,3.395624e-05,-1,-1
5170,12062,3.404594e-05,-1,-1
5171,12063,3.398191e-05,-1,-1
5172,12064,3.38759e-05,-1,-1
5173,12065,3.394538e-05,-1,-1
5174,12066,3.401122e-05,-1,-1
5175,12067,3.393387e-05,-1,-1
5176,12070,3.382911e-05,-1,-1
5177,12071,3.395814e-05,-1,-1
5178,12072,3.397734e-05,-1,-1
5179,12073,3.391372e-05,-1,-1
5180,12074,3.384039e-05,-1,-1
5181,12075,3.396883e-05,-1,-1
5182,12076,3.394127e-05,-1,-1
5183,12077,3.384229e-05,-1,-1
5184,12100,3.381222e-05,-1,-1
5185,12101,3.39688e-05,-1,-1
5186,12102,3.392022e-05,-1,-1
5187,12103,3.382337e-05,4,0
5188,12104,3.381828e-05,4,0
5189,12105,3.388676e-05,4,0
5190,12106,3.380174e-05,4,0
5191,12107,3.373132e-05,4,0
5192,12110,3.387482e-05,4,0
5193,12111,3.386717e-05,4,0
5194,12112,3.3784e-05,4,0
5195,12113,3.376737e-05,4,0
5196,12114,3.388797e-05,4,0
5197,12115,3.383758e-05,4,0
5198,12116,3.376063e-05,4,0
5199,12117,3.379488e-05,4,0
5200,12120,3.388134e-05,4,0
5201,12121,3.382293e-05,4,0
5202,12122,3.372046e-05,4,0
5203,12123,3.383333e-05,4,0
5204,12124,3.387048e-05,4,0
5205,12125,3.380996e-05,4,0
5206,12126,3.371115e-05,4,0
5207,12127,3.38352e-05,4,0
5208,12130,3.388052e-05,4,0
5209,12131,3.379819e-05,4,0
5210,12132,3.371789e-05,4,0
5211,12133,3.381389e-05,4,0
5212,12134,3.38995e-05,4,0
5213,12135,3.382118e-05,4,0
5214,12136,3.373074e-05,4,0
5215,12137,3.385494e-05,4,1
5216,12140,3.388125e-05,4,1
5217,12141,3.380183e-05,4,1
5218,12142,3.372843e-05,4,1
5219,12143,3.387953e-05,4,1
5220,12144,3.385303e-05,4,1
5221,12145,3.378245e-05,4,1
5222,12146,3.370319e-05,4,1
5223,12147,3.384982e-05,4,1
5224,12150,3.383467e-05,4,1
5225,12151,3.377162e-05,4,1
5226,12152,3.368744e-05,4,1
5227,12153,3.382791e-05,4,1
5228,12154,3.383798e-05,4,1
5229,12155,3.376292e-05,4,1
5230,12156,3.367327e-05,4,1
5231,12157,3.381521e-05,4,1
5232,12160,3.382996e-05,4,1
5233,12161,3.376939e-05,4,1
5234,12162,3.36873e-05,4,1
5235,12163,3.3797e-05,4,1
5236,12164,3.384873e-05,4,1
5237,12165,3.377808e-05,4,1
5238,12166,3.368791e-05,4,1
5239,12167,3.379463e-05,4,1
5240,12170,3.384651e-05,4,1
5241,12171,3.378004e-05,4,1
5242,12172,3.369714e-05,4,1
5243,12173,3.381415e-05,4,2
5244,12174,3.385973e-05,4,2
5245,12175,3.379126e-05,4,2
5246,12176,3.370424e-05,4,2
5247,12177,3.382045e-05,4,2
5248,12200,3.385692e-05,4,2
5249,12201,3.379333e-05,4,2
5250,12202,3.36988e-05,4,2
5251,12203,3.383717e-05,4,2
5252,12204,3.386017e-05,4,2
5253,12205,3.379823e-05,4,2
5254,12206,3.370029e-05,4,2
5255,12207,3.382984e-05,4,2
5256,12210,3.386948e-05,4,2
5257,12211,3.380227e-05,4,2
5258,12212,3.371139e-05,4,2
5259,12213,3.384314e-05,4,2
5260,12214,3.386568e-05,4,2
5261,12215,3.378672e-05,4,2
5262,12216,3.37135e-05,4,2
5263,12217,3.385921e-05,4,2
5264,12220,3.386618e-05,4,2
5265,12221,3.380619e-05,4,2
5266,12222,3.371159e-05,4,2
5267,12223,3.382036e-05,4,2
5268,12224,3.385892e-05,4,2
5269,12225,3.378411e-05,4,2
5270,12226,3.369901e-05,4,3
5271,12227,3.383805e-05,4,3
5272,12230,3.385654e-05,4,3
5273,12231,3.37743e-05,4,3
5274,12232,3.371914e-05,4,3
5275,12233,3.387651e-05,4,3
5276,12234,3.385496e-05,4,3
5277,12235,3.378704e-05,4,3
5278,12236,3.370989e-05,4,3
5279,12237,3.387461e-05,4,3
5280,12240,3.388202e-05,4,3
5281,12241,3.381108e-05,4,3
5282,12242,3.372651e-05,4,3
5283,12243,3.385561e-05,4,3
5284,12244,3.387783e-05,4,3
5285,12245,3.379662e-05,4,3
5286,12246,3.373648e-05,4,3
5287,12247,3.389537e-05,4,3
5288,12250,3.385838e-05,4,3
5289,12251,3.379278e-05,4,3
5290,12252,3.372494e-05,4,3
5291,12253,3.386837e-05,4,3
5292,12254,3.387672e-05,4,3
5293,12255,3.381196e-05,4,3
5294,12256,3.371619e-05,4,3
5295,12257,3.386623e-05,4,3
5296,12260,3.385865e-05,4,3
5297,12261,3.378081e-05,4,3
5298,12262,3.372114e-05,4,4
5299,12263,3.388501e-05,4,4
5300,12264,3.384129e-05,4,4
5301,12265,3.376479e-05,4,4
5302,12266,3.344268e-05,4,4
5303,12267,3.284692e-05,4,4
5304,12270,3.249254e-05,4,4
5305,12271,3.222422e-05,4,4
5306,12272,3.218636e-05,4,4
5307,12273,3.204316e-05,4,4
5308,12274,3.185699e-05,4,4
5309,12275,3.186101e-05,4,4
5310,12276,3.19267e-05,4,4
5311,12277,3.184604e-05,4,4
5312,12300,3.173508e-05,4,4
5313,12301,3.181762e-05,4,4
5314,12302,3.186961e-05,4,4
5315,12303,3.178698e-05,4,4
5316,12304,3.16957e-05,4,4
5317,12305,3.182479e-05,4,4
5318,12306,3.185462e-05,4,4
5319,12307,3.179823e-05,4,4
5320,12310,3.169966e-05,4,4
5321,12311,3.182895e-05,4,4
5322,12312,3.185383e-05,4,4
5323,12313,3.178883e-05,4,4
5324,12314,3.16955e-05,4,4
5325,12315,3.181442e-05,4,5
5326,12316,3.186469e-05,4,5
5327,12317,3.180403e-05,4,5
5328,12320,3.171728e-05,4,5
5329,12321,3.179553e-05,4,5
5330,12322,3.187224e-05,4,5
5331,12323,3.180638e-05,4,5
5332,12324,3.171482e-05,4,5
5333,12325,3.181542e-05,4,5
5334,12326,3.187835e-05,4,5
5335,12327,3.182157e-05,4,5
5336,12330,3.172733e-05,4,5
5337,12331,3.182906e-05,4,5
5338,12332,3.18919e-05,4,5
5339,12333,3.182751e-05,4,5
5340,12334,3.174126e-05,4,5
5341,12335,3.183334e-05,4,5
5342,12336,3.189599e-05,4,5
5343,12337,3.183199e-05,4,5
5344,12340,3.174453e-05,4,5
5345,12341,3.18305e-05,4,5
5346,12342,3.190761e-05,4,5
5347,12343,3.184484e-05,4,5
5348,12344,3.175326e-05,4,5
5349,12345,3.183951e-05,4,5
5350,12346,3.190981e-05,4,5
5351,12347,3.184759e-05,4,5
5352,12350,3.175965e-05,4,5
5353,12351,3.186164e-05,4,6
5354,12352,3.192143e-05,4,6
5355,12353,3.18488e-05,4,6
5356,12354,3.176471e-05,4,6
5357,12355,3.188648e-05,4,6
5358,12356,3.192436e-05,4,6
5359,12357,3.185216e-05,4,6
5360,12360,3.177308e-05,4,6
5361,12361,3.191168e-05,4,6
5362,12362,3.19375e-05,4,6
5363,12363,3.185702e-05,4,6
5364,12364,3.17826e-05,4,6
5365,12365,3.192193e-05,4,6
5366,12366,3.194707e-05,4,6
5367,12367,3.18973e-05,4,6
5368,12370,3.181623e-05,4,6
5369,12371,3.191291e-05,4,6
5370,12372,3.198461e-05,4,6
5371,12373,3.193508e-05,4,6
5372,12374,3.184748e-05,4,6
5373,12375,3.193426e-05,4,6
5374,12376,3.205584e-05,4,6
5375,12377,3.204015e-05,4,6
5376,12400,3.201924e-05,4,6
5377,12401,3.216724e-05,4,6
5378,12402,3.237468e-05,4,6
5379,12403,3.24447e-05,4,6
5380,12404,3.245688e-05,4,6
5381,12405,3.26071e-05,4,7
5382,12406,3.279755e-05,4,7
5383,12407,3.286919e-05,4,7
5384,12410,3.296578e-05,4,7
5385,12411,3.325475e-05,4,7
5386,12412,3.380988e-05,4,7
5387,12413,3.439575e-05,4,7
5388,12414,3.531339e-05,4,7
5389,12415,3.689199e-05,4,7
5390,12416,3.911979e-05,4,7
5391,12417,4.215848e-05,4,7
5392,12420,4.615068e-05,4,7
5393,12421,5.179198e-05,4,7
5394,12422,5.919316e-05,4,7
5395,12423,7.040377e-05,4,7
5396,12424,8.678587e-05,4,7
5397,12425,0.001133299,4,7
5398,12426,0.001131647,4,7
5399,12427,0.001130379,4,7
5400,12430,0.001128687,4,7
5401,12431,0.001126383,4,7
5402,12432,0.001124225,4,7
5403,12433,0.001121726,4,7
5404,12434,0.001120041,4,7
5405,12435,0.001119755,4,7
5406,12436,0.001120433,4,7
5407,12437,0.001120373,4,7
5408,12440,0.0011222,4,8
5409,12441,0.001122545,4,8
5410,12442,0.00112435,4,8
5411,12443,0.001125066,4,8
5412,12444,0.001126229,4,8
5413,12445,0.001126272,4,8
5414,12446,0.00112478,4,8
5415,12447,0.001125645,4,8
5416,12450,0.001125899,4,8
5417,12451,0.001125189,4,8
5418,12452,0.001125003,4,8
5419,12453,0.001125984,4,8
5420,12454,0.001125575,4,8
5421,12455,0.001126101,4,8
5422,12456,0.001126916,4,8
5423,12457,0.001128694,4,8
5424,12460,0.001129572,4,8
5425,12461,0.00112994,4,8
5426,12462,0.001130705,4,8
5427,12463,0.001131257,4,8
5428,12464,0.001129391,4,8
5429,12465,0.00112954,4,8
5430,12466,0.001128829,4,8
5431,12467,0.001128547,4,8
5432,12470,0.001128817,4,8
5433,12471,0.001127512,4,8
5434,12472,0.001128109,4,8
5435,12473,0.001127799,4,8
5436,12474,0.00112715,4,9
5437,12475,0.001128114,4,9
5438,12476,0.001128693,4,9
5439,12477,0.001128271,4,9
5440,12500,0.001126686,4,9
5441,12501,0.001126427,4,9
5442,12502,0.00112706,4,9
5443,12503,0.001127037,4,9
5444,12504,0.001126629,4,9
5445,12505,0.001126393,4,9
5446,12506,0.001125762,4,9
5447,12507,0.001128541,4,9
5448,12510,0.00112833,4,9
5449,12511,0.001128757,4,9
5450,12512,0.001129711,4,9
5451,12513,0.0011296,4,9
5452,12514,0.001131243,4,9
5453,12515,0.001130274,4,9
5454,12516,0.001131252,4,9
5455,12517,0.001130526,4,9
5456,12520,0.001130291,4,9
5457,12521,0.001129582,4,9
5458,12522,0.001129761,4,9
5459,12523,0.001130225,4,9
5460,12524,0.001129608,4,9
5461,12525,0.001129646,4,9
5462,12526,0.001130044,4,9
5463,12527,0.001130596,4,10
5464,12530,0.001129585,4,10
5465,12531,0.001129968,4,10
5466,12532,0.001130624,4,10
5467,12533,0.001130216,4,10
5468,12534,0.001129425,4,10
5469,12535,0.001130706,4,10
5470,12536,0.001129256,4,10
5471,12537,0.001128777,4,10
5472,12540,0.00112798,4,10
5473,12541,0.001128518,4,10
5474,12542,0.001129075,4,10
5475,12543,0.001129239,4,10
5476,12544,0.001129289,4,10
5477,12545,0.001129507,4,10
5478,12546,0.001129271,4,10
5479,12547,0.001129318,4,10
5480,12550,0.001129898,4,10
5481,12551,0.001127212,4,10
5482,12552,0.001127657,4,10
5483,12553,0.001126888,4,10
5484,12554,0.001125606,4,10
5485,12555,0.001124798,4,10
5486,12556,0.001123808,4,10
5487,12557,0.00112057,4,10
5488,12560,0.001116414,4,10
5489,12561,0.001112261,4,10
5490,12562,0.001106053,4,10
5491,12563,0.001098085,4,11
5492,12564,0.001088882,4,11
5493,12565,0.001075989,4,11
5494,12566,0.001060181,4,11
5495,12567,0.001040045,4,11
5496,12570,0.001014041,4,11
5497,12571,3.045291e-05,4,11
5498,12572,3.042041e-05,4,11
5499,12573,3.037807e-05,4,11
5500,12574,3.052579e-05,4,11
5501,12575,3.062176e-05,4,11
5502,12576,3.059774e-05,4,11
5503,12577,3.05533e-05,4,11
5504,12600,3.068069e-05,4,11
5505,12601,3.079291e-05,4,11
5506,12602,3.077622e-05,4,11
5507,12603,3.073248e-05,4,11
5508,12604,3.084344e-05,4,11
5509,12605,3.095721e-05,4,11
5510,12606,3.093069e-05,4,11
5511,12607,3.087957e-05,4,11
5512,12610,3.09856e-05,4,11
5513,12611,3.108532e-05,4,11
5514,12612,3.105026e-05,4,11
5515,12613,3.098516e-05,4,11
5516,12614,3.113849e-05,4,11
5517,12615,3.1199e-05,4,11
5518,12616,3.114999e-05,4,11
5519,12617,3.108497e-05,4,12
5520,12620,3.125903e-05,4,12
5521,12621,3.128306e-05,4,12
5522,12622,3.121966e-05,4,12
5523,12623,3.117717e-05,4,12
5524,12624,3.132851e-05,4,12
5525,12625,3.136889e-05,4,12
5526,12626,3.132008e-05,4,12
5527,12627,3.125412e-05,4,12
5528,12630,3.138873e-05,4,12
5529,12631,3.144216e-05,4,12
5530,12632,3.138589e-05,4,12
5531,12633,3.13161e-05,4,12
5532,12634,3.14487e-05,4,12
5533,12635,3.149779e-05,4,12
5534,12636,3.14484e-05,4,12
5535,12637,3.136645e-05,4,12
5536,12640,3.150656e-05,4,12
5537,12641,3.154694e-05,4,12
5538,12642,3.149223e-05,4,12
5539,12643,3.14202e-05,4,12
5540,12644,3.154501e-05,4,12
5541,12645,3.159692e-05,4,12
5542,12646,3.154882e-05,4,12
5543,12647,3.14589e-05,4,12
5544,12650,3.158264e-05,4,12
5545,12651,3.163237e-05,4,12
5546,12652,3.158018e-05,4,13
5547,12653,3.149741e-05,4,13
5548,12654,3.159362e-05,4,13
5549,12655,3.167427e-05,4,13
5550,12656,3.161982e-05,4,13
5551,12657,3.15297e-05,4,13
5552,12660,3.16389e-05,4,13
5553,12661,3.170121e-05,4,13
5554,12662,3.164023e-05,4,13
5555,12663,3.155757e-05,4,13
5556,12664,3.170126e-05,4,13
5557,12665,3.17226e-05,4,13
5558,12666,3.165039e-05,4,13
5559,12667,3.157393e-05,4,13
5560,12670,3.173195e-05,4,13
5561,12671,3.173589e-05,4,13
5562,12672,3.166566e-05,4,13
5563,12673,3.159569e-05,4,13
5564,12674,3.172364e-05,4,13
5565,12675,3.175789e-05,4,13
5566,12676,3.168897e-05,4,13
5567,12677,3.162031e-05,4,13
5568,12700,3.168329e-05,4,13
5569,12701,3.178207e-05,4,13
5570,12702,3.173362e-05,4,13
5571,12703,3.163756e-05,4,13
5572,12704,3.17335e-05,4,13
5573,12705,3.180813e-05,4,13
5574,12706,3.175388e-05,4,14
5575,12707,3.166733e-05,4,14
5576,12710,3.175369e-05,4,14
5577,12711,3.183694e-05,4,14
5578,12712,3.178992e-05,4,14
5579,12713,3.170022e-05,4,14
5580,12714,3.178122e-05,4,14
5581,12715,3.186604e-05,4,14
5582,12716,3.181496e-05,4,14
5583,12717,3.172979e-05,4,14
5584,12720,3.179097e-05,4,14
5585,12721,3.190547e-05,4,14
5586,12722,3.18649e-05,4,14
5587,12723,3.18064e-05,4,14
5588,12724,3.187605e-05,4,14
5589,12725,3.202264e-05,4,14
5590,12726,3.203213e-05,4,14
5591,12727,3.203061e-05,4,14
5592,12730,3.219842e-05,4,14
5593,12731,3.241625e-05,4,14
5594,12732,3.248057e-05,4,14
5595,12733,3.250179e-05,4,14
5596,12734,3.262976e-05,4,14
5597,12735,3.291361e-05,4,14
5598,12736,3.30951e-05,4,14
5599,12737,3.332016e-05,4,14
5600,12740,3.375197e-05,4,14
5601,12741,3.454046e-05,4,15
5602,12742,3.553794e-05,4,15
5603,12743,3.703492e-05,4,15
5604,12744,3.914515e-05,4,15
5605,12745,4.214654e-05,4,15
5606,12746,4.625932e-05,4,15
5607,12747,5.141472e-05,4,15
5608,12750,5.729729e-05,4,15
5609,12751,6.705568e-05,4,15
5610,12752,7.945242e-05,4,15
5611,12753,0.001107385,4,15
5612,12754,0.001106849,4,15
5613,12755,0.001107527,4,15
5614,12756,0.001105938,4,15
5615,12757,0.001105256,4,15
5616,12760,0.001105065,4,15
5617,12761,0.001102444,4,15
5618,12762,0.001101139,4,15
5619,12763,0.001098748,4,15
5620,12764,0.001095365,4,15
5621,12765,0.001091779,4,15
5622,12766,0.001087391,4,15
5623,12767,0.001083395,4,15
5624,12770,0.001080512,4,15
5625,12771,0.001078158,4,15
5626,12772,0.001074556,4,15
5627,12773,0.001072327,4,15
5628,12774,0.001069449,4,15
5629,12775,0.001068396,4,16
5630,12776,0.001065571,4,16
5631,12777,0.001059924,4,16
5632,13000,0.001052432,4,16
5633,13001,0.001043919,4,16
5634,13002,0.001035869,4,16
5635,13003,0.001029469,4,16
5636,13004,0.001023214,4,16
5637,13005,0.001019266,4,16
5638,13006,0.001016774,4,16
5639,13007,0.001017687,4,16
5640,13010,0.001019406,4,16
5641,13011,0.00102232,4,16
5642,13012,0.00101995,4,16
5643,13013,0.001018049,4,16
5644,13014,0.001011118,4,16
5645,13015,0.001002826,4,16
5646,13016,0.001077164,4,16
5647,13017,0.001075926,4,16
5648,13020,0.001073308,4,16
5649,13021,0.001070128,4,16
5650,13022,0.00107087,4,16
5651,13023,0.001070519,4,16
5652,13024,0.001070071,4,16
5653,13025,0.0010697,4,16
5654,13026,0.001068214,4,16
5655,13027,0.001071117,4,16
5656,13030,0.001069327,4,16
5657,13031,0.001069905,4,17
5658,13032,0.001070695,4,17
5659,13033,0.001067341,4,17
5660,13034,0.001067493,4,17
5661,13035,0.001065787,4,17
5662,13036,0.00106423,4,17
5663,13037,0.001065236,4,17
5664,13040,0.00106392,4,17
5665,13041,0.001063557,4,17
5666,13042,0.001062862,4,17
5667,13043,0.001062013,4,17
5668,13044,0.001061973,4,17
5669,13045,0.00105984,4,17
5670,13046,0.001059415,4,17
5671,13047,0.001061824,4,17
5672,13050,0.00105917,4,17
5673,13051,0.001060697,4,17
5674,13052,0.001059274,4,17
5675,13053,0.001058006,4,17
5676,13054,0.001058774,4,17
5677,13055,0.00105635,4,17
5678,13056,0.001055313,4,17
5679,13057,0.001055309,4,17
5680,13060,0.001053306,4,17
5681,13061,0.001052846,4,17
5682,13062,0.001051101,4,17
5683,13063,0.001050792,4,17
5684,13064,0.001048551,4,18
5685,13065,0.001046738,4,18
5686,13066,0.001044199,4,18
5687,13067,0.001045076,4,18
5688,13070,0.00104548,4,18
5689,13071,0.001043738,4,18
5690,13072,0.001043357,4,18
5691,13073,0.00104146,4,18
5692,13074,0.001040484,4,18
5693,13075,0.001036243,4,18
5694,13076,0.001033195,4,18
5695,13077,0.00102673,4,18
5696,13100,0.001020581,4,18
5697,13101,0.001011706,4,18
5698,13102,0.001001416,4,18
5699,13103,0.0001304828,4,18
5700,13104,0.0001061636,4,18
5701,13105,3.048394e-05,4,18
5702,13106,3.048005e-05,4,18
5703,13107,3.062501e-05,4,18
5704,13110,3.061042e-05,4,18
5705,13111,3.056217e-05,4,18
5706,13112,3.060484e-05,4,18
5707,13113,3.078338e-05,4,18
5708,13114,3.07864e-05,4,18
5709,13115,3.074963e-05,4,18
5710,13116,3.077084e-05,4,18
5711,13117,3.095691e-05,4,18
5712,13120,3.096403e-05,4,19
5713,13121,3.093432e-05,4,19
5714,13122,3.090899e-05,4,19
5715,13123,3.108554e-05,4,19
5716,13124,3.112851e-05,4,19
5717,13125,3.108331e-05,4,19
5718,13126,3.104273e-05,4,19
5719,13127,3.1163e-05,4,19
5720,13130,3.125658e-05,4,19
5721,13131,3.122007e-05,4,19
5722,13132,3.115243e-05,4,19
5723,13133,3.129557e-05,4,19
5724,13134,3.136414e-05,4,19
5725,13135,3.131756e-05,4,19
5726,13136,3.126149e-05,4,19
5727,13137,3.133474e-05,4,19
5728,13140,3.145548e-05,4,19
5729,13141,3.142401e-05,4,19
5730,13142,3.134081e-05,4,19
5731,13143,3.143236e-05,4,19
5732,13144,3.153181e-05,4,19
5733,13145,3.148631e-05,4,19
5734,13146,3.143241e-05,4,19
5735,13147,3.144202e-05,4,19
5736,13150,3.159701e-05,4,19
5737,13151,3.157256e-05,4,19
5738,13152,3.151293e-05,4,19
5739,13153,3.14963e-05,4,20
5740,13154,3.165021e-05,4,20
5741,13155,3.162918e-05,4,20
5742,13156,3.156225e-05,4,20
5743,13157,3.15326e-05,4,20
5744,13160,3.169468e-05,4,20
5745,13161,3.16906e-05,4,20
5746,13162,3.162591e-05,4,20
5747,13163,3.157409e-05,4,20
5748,13164,3.173271e-05,4,20
5749,13165,3.17325e-05,4,20
5750,13166,3.168461e-05,4,20
5751,13167,3.161113e-05,4,20
5752,13170,3.171762e-05,4,20
5753,13171,3.179979e-05,4,20
5754,13172,3.175464e-05,4,20
5755,13173,3.166543e-05,4,20
5756,13174,3.173763e-05,4,20
5757,13175,3.183296e-05,4,20
5758,13176,3.180096e-05,4,20
5759,13177,3.173353e-05,4,20
5760,13200,3.170961e-05,4,20
5761,13201,3.186893e-05,4,20
5762,13202,3.18365e-05,4,20
5763,13203,3.17619e-05,4,20
5764,13204,3.173628e-05,4,20
5765,13205,3.189739e-05,4,20
5766,13206,3.188279e-05,4,20
5767,13207,3.181851e-05,4,21
5768,13210,3.175525e-05,4,21
5769,13211,3.190644e-05,4,21
5770,13212,3.193007e-05,4,21
5771,13213,3.187959e-05,4,21
5772,13214,3.179563e-05,4,21
5773,13215,3.19242e-05,4,21
5774,13216,3.197706e-05,4,21
5775,13217,3.192258e-05,4,21
5776,13220,3.185969e-05,4,21
5777,13221,3.196222e-05,4,21
5778,13222,3.208105e-05,4,21
5779,13223,3.207262e-05,4,21
5780,13224,3.203792e-05,4,21
5781,13225,3.212965e-05,4,21
5782,13226,3.23196e-05,4,21
5783,13227,3.235687e-05,4,21
5784,13230,3.243274e-05,4,21
5785,13231,3.273186e-05,4,21
5786,13232,3.315998e-05,4,21
5787,13233,3.366859e-05,4,21
5788,13234,3.43648e-05,4,21
5789,13235,3.534667e-05,4,21
5790,13236,3.700117e-05,4,21
5791,13237,3.897756e-05,4,21
5792,13240,4.166079e-05,4,21
5793,13241,4.473169e-05,4,21
5794,13242,4.898853e-05,4,21
5795,13243,5.521887e-05,4,22
5796,13244,6.040248e-05,4,22
5797,13245,6.793851e-05,4,22
5798,13246,7.77068e-05,4,22
5799,13247,8.728335e-05,4,22
5800,13250,0.001231636,4,22
5801,13251,0.001231836,4,22
5802,13252,0.00123195,4,22
5803,13253,0.00123156,4,22
5804,13254,0.001231551,4,22
5805,13255,0.00123113,4,22
5806,13256,0.00123136,4,22
5807,13257,0.001231544,4,22
5808,13260,0.001230745,4,22
5809,13261,0.001231628,4,22
5810,13262,0.001232337,4,22
5811,13263,0.0012314,4,22
5812,13264,0.001231623,4,22
5813,13265,0.00123154,4,22
5814,13266,0.001231377,4,22
5815,13267,0.001230825,4,22
5816,13270,0.001231324,4,22
5817,13271,0.001231882,4,22
5818,13272,0.001231838,4,22
5819,13273,0.001231704,4,22
5820,13274,0.001231008,4,22
5821,13275,0.001230745,4,22
5822,13276,0.001231507,4,23
5823,13277,0.001231101,4,23
5824,13300,0.001230781,4,23
5825,13301,0.001231283,4,23
5826,13302,0.001231618,4,23
5827,13303,0.001231989,4,23
5828,13304,0.001230835,4,23
5829,13305,0.001230879,4,23
5830,13306,0.001230951,4,23
5831,13307,0.001232099,4,23
5832,13310,0.001231741,4,23
5833,13311,0.001230863,4,23
5834,13312,0.001230839,4,23
5835,13313,0.00123164,4,23
5836,13314,0.001231148,4,23
5837,13315,0.00123026,4,23
5838,13316,0.00123157,4,23
5839,13317,0.00123033,4,23
5840,13320,0.001232171,4,23
5841,13321,0.001231617,4,23
5842,13322,0.001231603,4,23
5843,13323,0.001231329,4,23
5844,13324,0.00123126,4,23
5845,13325,0.001231212,4,23
5846,13326,0.001231019,4,23
5847,13327,0.001231582,4,23
5848,13330,0.001231303,4,23
5849,13331,0.001230061,4,23
5850,13332,0.001231364,4,24
5851,13333,0.001230779,4,24
5852,13334,0.001230873,4,24
5853,13335,0.001230558,4,24
5854,13336,0.001230821,4,24
5855,13337,0.001231536,4,24
5856,13340,0.001231389,4,24
5857,13341,0.001230702,4,24
5858,13342,0.001231084,4,24
5859,13343,0.001231389,4,24
5860,13344,0.001231459,4,24
5861,13345,0.001231828,4,24
5862,13346,0.001230846,4,24
5863,13347,0.00123085,4,24
5864,13350,0.001230407,4,24
5865,13351,0.001230715,4,24
5866,13352,0.001231078,4,24
5867,13353,0.001230547,4,24
5868,13354,0.001230541,4,24
5869,13355,0.001231323,4,24
5870,13356,0.001230594,4,24
5871,13357,0.001231376,4,24
5872,13360,0.0012307,4,24
5873,13361,0.001230418,4,24
5874,13362,0.001230787,4,24
5875,13363,0.00123141,4,24
5876,13364,0.001231774,4,24
5877,13365,0.001230522,-1,-1
5878,13366,0.001230427,-1,-1
5879,13367,0.001229971,-1,-1
5880,13370,0.001230868,-1,-1
5881,13371,0.001230522,-1,-1
5882,13372,0.001230165,-1,-1
5883,13373,0.0012302,-1,-1
5884,13374,0.001230025,-1,-1
5885,13375,0.001230487,-1,-1
5886,13376,0.001230002,-1,-1
5887,13377,0.001230839,-1,-1
5888,13400,0.001230966,-1,-1
5889,13401,0.001230058,-1,-1
5890,13402,0.001230961,-1,-1
5891,13403,0.001230423,-1,-1
5892,13404,0.001230564,-1,-1
5893,13405,0.001230079,-1,-1
5894,13406,0.001230072,-1,-1
5895,13407,0.001230997,-1,-1
5896,13410,0.001230792,-1,-1
5897,13411,0.001230931,-1,-1
5898,13412,0.001231014,-1,-1
5899,13413,0.001230468,-1,-1
5900,13414,0.001230897,-1,-1
5901,13415,0.001230997,-1,-1
5902,13416,0.001229616,-1,-1
5903,13417,0.001230808,-1,-1
5904,13420,0.001230494,-1,-1
5905,13421,0.001231137,-1,-1
5906,13422,0.001231425,-1,-1
5907,13423,0.001231079,-1,-1
5908,13424,0.001230077,-1,-1
5909,13425,0.001230921,-1,-1
5910,13426,0.001231658,-1,-1
5911,13427,0.001230639,-1,-1
5912,13430,0.001230516,-1,-1
5913,13431,0.001230675,-1,-1
5914,13432,0.001230411,-1,-1
5915,13433,0.001229411,-1,-1
5916,13434,0.001230505,-1,-1
5917,13435,0.001230651,-1,-1
5918,13436,0.001231089,-1,-1
5919,13437,0.001231139,-1,-1
5920,13440,0.001230383,-1,-1
5921,13441,0.00123051,-1,-1
5922,13442,0.001230922,-1,-1
5923,13443,0.001230928,-1,-1
5924,13444,0.001231434,-1,-1
5925,13445,0.001230684,-1,-1
5926,13446,0.00123134,-1,-1
5927,13447,0.00123113,-1,-1
5928,13450,0.001230985,-1,-1
5929,13451,0.001231757,-1,-1
5930,13452,0.001230934,-1,-1
5931,13453,0.001229752,-1,-1
5932,13454,0.001230474,-1,-1
5933,13455,0.001230709,-1,-1
5934,13456,0.001230718,-1,-1
5935,13457,0.001230996,-1,-1
5936,13460,0.001230891,-1,-1
5937,13461,0.001230877,-1,-1
5938,13462,0.001230576,-1,-1
5939,13463,0.001231137,-1,-1
5940,13464,0.001229891,-1,-1
5941,13465,0.00123013,-1,-1
5942,13466,0.001230585,-1,-1
5943,13467,0.001230989,-1,-1
5944,13470,0.001230516,-1,-1
5945,13471,0.001230101,-1,-1
5946,13472,0.001230177,-1,-1
5947,13473,0.001229259,-1,-1
5948,13474,0.001230675,-1,-1
5949,13475,0.001229937,-1,-1
5950,13476,0.001230903,-1,-1
5951,13477,0.001230602,-1,-1
5952,13500,0.001229253,-1,-1
5953,13501,0.001230463,-1,-1
5954,13502,0.001229241,-1,-1
5955,13503,0.001230253,-1,-1
5956,13504,0.001230597,-1,-1
5957,13505,0.001230777,-1,-1
5958,13506,0.001231176,-1,-1
5959,13507,0.001230685,-1,-1
5960,13510,0.001230722,-1,-1
5961,13511,0.001230872,-1,-1
5962,13512,0.00123047,-1,-1
5963,13513,0.001230832,-1,-1
5964,13514,0.001232261,-1,-1
5965,13515,0.001231546,-1,-1
5966,13516,0.001231284,-1,-1
5967,13517,0.001230887,-1,-1
5968,13520,0.001230295,-1,-1
5969,13521,0.001230915,-1,-1
5970,13522,0.001229767,-1,-1
5971,13523,0.001229914,-1,-1
5972,13524,0.001230716,-1,-1
5973,13525,0.001230698,-1,-1
5974,13526,0.001230309,-1,-1
5975,13527,0.00123085,-1,-1
5976,13530,0.001230143,-1,-1
5977,13531,0.001229779,-1,-1
5978,13532,0.001230801,-1,-1
5979,13533,0.001230161,-1,-1
5980,13534,0.001230013,-1,-1
5981,13535,0.00122889,-1,-1
5982,13536,0.001228522,-1,-1
5983,13537,0.001229115,-1,-1
5984,13540,0.001230474,-1,-1
5985,13541,0.001230125,-1,-1
5986,13542,0.001230177,-1,-1
5987,13543,0.001230405,-1,-1
5988,13544,0.001229997,-1,-1
5989,13545,0.001230427,-1,-1
5990,13546,0.001230703,-1,-1
5991,13547,0.001230786,-1,-1
5992,13550,0.001230935,-1,-1
5993,13551,0.001230991,-1,-1
5994,13552,0.001230784,-1,-1
5995,13553,0.001230218,-1,-1
5996,13554,0.001230846,-1,-1
5997,13555,0.001229896,-1,-1
5998,13556,0.001230283,-1,-1
5999,13557,0.00122971,-1,-1
6000,13560,0.001226903,-1,-1
6001,13561,0.001228538,-1,-1
6002,13562,0.001229528,-1,-1
6003,13563,0.001229692,-1,-1
6004,13564,0.001229815,-1,-1
6005,13565,0.001230233,-1,-1
6006,13566,0.001230785,-1,-1
6007,13567,0.001230066,-1,-1
6008,13570,0.001230558,-1,-1
6009,13571,0.001229885,-1,-1
6010,13572,0.001229949,-1,-1
6011,13573,0.001230109,-1,-1
6012,13574,0.001229982,-1,-1
6013,13575,0.001230307,-1,-1
6014,13576,0.001231142,-1,-1
6015,13577,0.001231575,-1,-1
6016,13600,0.001231406,-1,-1
6017,13601,0.00123253,-1,-1
6018,13602,0.001231954,-1,-1
6019,13603,0.00123126,-1,-1
6020,13604,0.001230475,-1,-1
6021,13605,0.001230571,-1,-1
6022,13606,0.001230921,-1,-1
6023,13607,0.001231244,-1,-1
6024,13610,0.001230385,-1,-1
6025,13611,0.001230628,-1,-1
6026,13612,0.001230384,-1,-1
6027,13613,0.001230289,-1,-1
6028,13614,0.001229733,-1,-1
6029,13615,0.001230038,-1,-1
6030,13616,0.001229534,-1,-1
6031,13617,0.001229496,-1,-1
6032,13620,0.001230324,-1,-1
6033,13621,0.001230499,-1,-1
6034,13622,0.001230125,-1,-1
6035,13623,0.00123003,-1,-1
6036,13624,0.001230032,-1,-1
6037,13625,0.001229921,-1,-1
6038,13626,0.001229428,-1,-1
6039,13627,0.001231013,-1,-1
6040,13630,0.001231343,-1,-1
6041,13631,0.001230406,-1,-1
6042,13632,0.001230043,-1,-1
6043,13633,0.001230903,-1,-1
6044,13634,0.0012306,-1,-1
6045,13635,0.001230541,-1,-1
6046,13636,0.001230809,-1,-1
6047,13637,0.001229341,-1,-1
6048,13640,0.001230027,-1,-1
6049,13641,0.001229819,-1,-1
6050,13642,0.001229287,-1,-1
6051,13643,0.001231052,-1,-1
6052,13644,0.001229721,-1,-1
6053,13645,0.001230246,-1,-1
6054,13646,0.001229809,-1,-1
6055,13647,0.001230028,-1,-1
6056,13650,0.001230224,-1,-1
6057,13651,0.001230084,-1,-1
6058,13652,0.001230009,-1,-1
6059,13653,0.001229641,-1,-1
6060,13654,0.00123024,-1,-1
6061,13655,0.001230068,-1,-1
6062,13656,0.001229501,-1,-1
6063,13657,0.001229476,-1,-1
6064,13660,0.001230149,-1,-1
6065,13661,0.001229715,-1,-1
6066,13662,0.001230136,-1,-1
6067,13663,0.001230076,-1,-1
6068,13664,0.001230278,-1,-1
6069,13665,0.001229966,-1,-1
6070,13666,0.001230638,-1,-1
6071,13667,0.001229888,-1,-1
6072,13670,0.001229985,-1,-1
6073,13671,0.001229918,-1,-1
6074,13672,0.001229438,-1,-1
6075,13673,0.001229604,-1,-1
6076,13674,0.00123009,-1,-1
6077,13675,0.00122928,-1,-1
6078,13676,0.001229604,-1,-1
6079,13677,0.001229768,-1,-1
6080,13700,0.001229586,-1,-1
6081,13701,0.001229229,-1,-1
6082,13702,0.001229961,-1,-1
6083,13703,0.001229294,-1,-1
6084,13704,0.00122972,-1,-1
6085,13705,0.001230033,-1,-1
6086,13706,0.001229996,-1,-1
6087,13707,0.001228882,-1,-1
6088,13710,0.00122941,-1,-1
6089,13711,0.00123023,-1,-1
6090,13712,0.001228949,-1,-1
6091,13713,0.001229229,-1,-1
6092,13714,0.001230006,-1,-1
6093,13715,0.001229428,-1,-1
6094,13716,0.001229781,-1,-1
6095,13717,0.001229237,-1,-1
6096,13720,0.001230201,-1,-1
6097,13721,0.001230062,-1,-1
6098,13722,0.001230289,-1,-1
6099,13723,0.001229657,-1,-1
6100,13724,0.00122891,-1,-1
6101,13725,0.001229403,-1,-1
6102,13726,0.001229464,-1,-1
6103,13727,0.001229363,-1,-1
6104,13730,0.001229844,-1,-1
6105,13731,0.001229942,-1,-1
6106,13732,0.001229967,-1,-1
6107,13733,0.001230202,-1,-1
6108,13734,0.001229681,-1,-1
6109,13735,0.001230453,-1,-1
6110,13736,0.001230465,-1,-1
6111,13737,0.001230144,-1,-1
6112,13740,0.001229775,-1,-1
6113,13741,0.001229036,-1,-1
6114,13742,0.001229692,-1,-1
6115,13743,0.001228749,-1,-1
6116,13744,0.001229492,-1,-1
6117,13745,0.00122889,-1,-1
6118,13746,0.00122868,-1,-1
6119,13747,0.001229452,-1,-1
6120,13750,0.001229375,-1,-1
6121,13751,0.001229418,-1,-1
6122,13752,0.001229441,-1,-1
6123,13753,0.001228246,-1,-1
6124,13754,0.001229153,-1,-1
6125,13755,0.001228913,-1,-1
6126,13756,0.001228847,-1,-1
6127,13757,0.001229172,-1,-1
6128,13760,0.001229223,-1,-1
6129,13761,0.001229832,-1,-1
6130,13762,0.001230079,-1,-1
6131,13763,0.001230428,5,24
6132,13764,0.001229755,5,24
6133,13765,0.001229926,5,24
6134,13766,0.001229499,5,24
6135,13767,0.001229793,5,24
6136,13770,0.001229757,5,24
6137,13771,0.001230109,5,24
6138,13772,0.001230506,5,24
6139,13773,0.00122985,5,24
6140,13774,0.001229875,5,24
6141,13775,0.001230319,5,24
6142,13776,0.001229647,5,24
6143,13777,0.00122943,5,24
6144,14000,0.001229492,5,24
6145,14001,0.001229808,5,24
6146,14002,0.001229553,5,24
6147,14003,0.00122903,5,24
6148,14004,0.001229941,5,24
6149,14005,0.001229897,5,24
6150,14006,0.001229388,5,24
6151,14007,0.001229505,5,24
6152,14010,0.001229815,5,24
6153,14011,0.001230007,5,24
6154,14012,0.001229598,5,24
6155,14013,0.001229604,5,24
6156,14014,0.001229328,5,23
6157,14015,0.001229955,5,23
6158,14016,0.001228925,5,23
6159,14017,0.0012291,5,23
6160,14020,0.001229124,5,23
6161,14021,0.001229167,5,23
6162,14022,0.00122958,5,23
6163,14023,0.001228688,5,23
6164,14024,0.001228914,5,23
6165,14025,0.001229615,5,23
6166,14026,0.001229082,5,23
6167,14027,0.001228172,5,23
6168,14030,0.001227445,5,23
6169,14031,0.001227705,5,23
6170,14032,0.001227661,5,23
6171,14033,0.001226414,5,23
6172,14034,0.001224336,5,23
6173,14035,0.001221093,5,23
6174,14036,0.001217266,5,23
6175,14037,0.001210913,5,23
6176,14040,0.001206357,5,23
6177,14041,0.001198973,5,23
6178,14042,0.001192787,5,23
6179,14043,0.001186258,5,23
6180,14044,0.001177947,5,23
6181,14045,0.00117085,5,22
6182,14046,0.001162257,5,22
6183,14047,0.001151603,5,22
6184,14050,0.001142494,5,22
6185,14051,0.001129167,5,22
6186,14052,0.001118016,5,22
6187,14053,0.001109103,5,22
6188,14054,0.001099338,5,22
6189,14055,0.001094968,5,22
6190,14056,0.001090241,5,22
6191,14057,0.001085977,5,22
6192,14060,0.001081816,5,22
6193,14061,0.001081111,5,22
6194,14062,0.001084407,5,22
6195,14063,0.001089192,5,22
6196,14064,0.001095254,5,22
6197,14065,0.001101822,5,22
6198,14066,0.001108736,5,22
6199,14067,0.001113893,5,22
6200,14070,0.001117953,5,22
6201,14071,0.001121909,5,22
6202,14072,0.001125149,5,22
6203,14073,0.001127787,5,22
6204,14074,0.001129017,5,22
6205,14075,0.001130804,5,21
6206,14076,0.001130221,5,21
6207,14077,0.001131923,5,21
6208,14100,0.001132478,5,21
6209,14101,0.001134385,5,21
6210,14102,0.00113556,5,21
6211,14103,0.001137113,5,21
6212,14104,0.001137463,5,21
6213,14105,0.001136574,5,21
6214,14106,0.00113537,5,21
6215,14107,0.001132004,5,21
6216,14110,0.001128385,5,21
6217,14111,0.001119392,5,21
6218,14112,0.001110307,5,21
6219,14113,0.001099009,5,21
6220,14114,0.001084372,5,21
6221,14115,0.001065965,5,21
6222,14116,0.001044398,5,21
6223,14117,0.00101544,5,21
6224,14120,3.037462e-05,5,21
6225,14121,3.032082e-05,5,21
6226,14122,3.050382e-05,5,21
6227,14123,3.052294e-05,5,21
6228,14124,3.048523e-05,5,21
6229,14125,3.049644e-05,5,21
6230,14126,3.068826e-05,5,20
6231,14127,3.070897e-05,5,20
6232,14130,3.068045e-05,5,20
6233,14131,3.067742e-05,5,20
6234,14132,3.085861e-05,5,20
6235,14133,3.087919e-05,5,20
6236,14134,3.084078e-05,5,20
6237,14135,3.081846e-05,5,20
6238,14136,3.100174e-05,5,20
6239,14137,3.102923e-05,5,20
6240,14140,3.097515e-05,5,20
6241,14141,3.09537e-05,5,20
6242,14142,3.114122e-05,5,20
6243,14143,3.113498e-05,5,20
6244,14144,3.108012e-05,5,20
6245,14145,3.108799e-05,5,20
6246,14146,3.125172e-05,5,20
6247,14147,3.124117e-05,5,20
6248,14150,3.117972e-05,5,20
6249,14151,3.119949e-05,5,20
6250,14152,3.135269e-05,5,20
6251,14153,3.132371e-05,5,20
6252,14154,3.126729e-05,5,20
6253,14155,3.125935e-05,5,20
6254,14156,3.142597e-05,5,19
6255,14157,3.141976e-05,5,19
6256,14160,3.136217e-05,5,19
6257,14161,3.132078e-05,5,19
6258,14162,3.14871e-05,5,19
6259,14163,3.148903e-05,5,19
6260,14164,3.14311e-05,5,19
6261,14165,3.137808e-05,5,19
6262,14166,3.153626e-05,5,19
6263,14167,3.155678e-05,5,19
6264,14170,3.14915e-05,5,19
6265,14171,3.142816e-05,5,19
6266,14172,3.159936e-05,5,19
6267,14173,3.159186e-05,5,19
6268,14174,3.152297e-05,5,19
6269,14175,3.147516e-05,5,19
6270,14176,3.162849e-05,5,19
6271,14177,3.16543e-05,5,19
6272,14200,3.16074e-05,5,19
6273,14201,3.152366e-05,5,19
6274,14202,3.16199e-05,5,19
6275,14203,3.16974e-05,5,19
6276,14204,3.164555e-05,5,19
6277,14205,3.157558e-05,5,19
6278,14206,3.164102e-05,5,19
6279,14207,3.173933e-05,5,18
6280,14210,3.169944e-05,5,18
6281,14211,3.161663e-05,5,18
6282,14212,3.165395e-05,5,18
6283,14213,3.177724e-05,5,18
6284,14214,3.175595e-05,5,18
6285,14215,3.168406e-05,5,18
6286,14216,3.164584e-05,5,18
6287,14217,3.18038e-05,5,18
6288,14220,3.182274e-05,5,18
6289,14221,3.177127e-05,5,18
6290,14222,3.170129e-05,5,18
6291,14223,3.184258e-05,5,18
6292,14224,3.190188e-05,5,18
6293,14225,3.185896e-05,5,18
6294,14226,3.181138e-05,5,18
6295,14227,3.19963e-05,5,18
6296,14230,3.21139e-05,5,18
6297,14231,3.215082e-05,5,18
6298,14232,3.222299e-05,5,18
6299,14233,3.260101e-05,5,18
6300,14234,3.297691e-05,5,18
6301,14235,3.338392e-05,5,18
6302,14236,3.390354e-05,5,18
6303,14237,3.470969e-05,5,17
6304,14240,3.576449e-05,5,17
6305,14241,3.683215e-05,5,17
6306,14242,3.809558e-05,5,17
6307,14243,3.983843e-05,5,17
6308,14244,4.195936e-05,5,17
6309,14245,4.47861e-05,5,17
6310,14246,4.842754e-05,5,17
6311,14247,5.347102e-05,5,17
6312,14250,6.231401e-05,5,17
6313,14251,7.188146e-05,5,17
6314,14252,8.579792e-05,5,17
6315,14253,0.001128987,5,17
6316,14254,0.001128471,5,17
6317,14255,0.001128647,5,17
6318,14256,0.001126642,5,17
6319,14257,0.001127103,5,17
6320,14260,0.001127583,5,17
6321,14261,0.001127547,5,17
6322,14262,0.001127099,5,17
6323,14263,0.001128338,5,17
6324,14264,0.001129431,5,17
6325,14265,0.001129755,5,17
6326,14266,0.001130555,5,17
6327,14267,0.001130934,5,17
6328,14270,0.001130625,5,16
6329,14271,0.00113121,5,16
6330,14272,0.001130794,5,16
6331,14273,0.00112936,5,16
6332,14274,0.001129326,5,16
6333,14275,0.001128725,5,16
6334,14276,0.001126864,5,16
6335,14277,0.001125683,5,16
6336,14300,0.001125623,5,16
6337,14301,0.001125215,5,16
6338,14302,0.001124733,5,16
6339,14303,0.001124819,5,16
6340,14304,0.001125142,5,16
6341,14305,0.001125277,5,16
6342,14306,0.001126782,5,16
6343,14307,0.001127104,5,16
6344,14310,0.00112832,5,16
6345,14311,0.001126945,5,16
6346,14312,0.0011266,5,16
6347,14313,0.001123773,5,16
6348,14314,0.001123313,5,16
6349,14315,0.001122007,5,16
6350,14316,0.001121334,5,16
6351,14317,0.0011222,5,16
6352,14320,0.001121488,5,15
6353,14321,0.001122182,5,15
6354,14322,0.001122132,5,15
6355,14323,0.001122856,5,15
6356,14324,0.001123302,5,15
6357,14325,0.001123686,5,15
6358,14326,0.001124171,5,15
6359,14327,0.001125488,5,15
6360,14330,0.001124797,5,15
6361,14331,0.001125887,5,15
6362,14332,0.001126852,5,15
6363,14333,0.001126248,5,15
6364,14334,0.001126471,5,15
6365,14335,0.001125733,5,15
6366,14336,0.001123843,5,15
6367,14337,0.001123777,5,15
6368,14340,0.001123599,5,15
6369,14341,0.001123639,5,15
6370,14342,0.001121713,5,15
6371,14343,0.001119029,5,15
6372,14344,0.001114478,5,15
6373,14345,0.001110563,5,15
6374,14346,0.00110297,5,15
6375,14347,0.00109554,5,15
6376,14350,0.001088497,5,15
6377,14351,0.001080507,5,14
6378,14352,0.00107001,5,14
6379,14353,0.001059883,5,14
6380,14354,0.00104978,5,14
6381,14355,0.001041573,5,14
6382,14356,0.001034921,5,14
6383,14357,0.001027106,5,14
6384,14360,0.001019333,5,14
6385,14361,0.001011451,5,14
6386,14362,0.001003317,5,14
6387,14363,0.0009660881,5,14
6388,14364,0.0009607565,5,14
6389,14365,0.0009597106,5,14
6390,14366,0.0009597992,5,14
6391,14367,0.0009628611,5,14
6392,14370,0.0009689581,5,14
6393,14371,0.0009790072,5,14
6394,14372,0.000989588,5,14
6395,14373,0.001000798,5,14
6396,14374,0.001010327,5,14
6397,14375,0.001019794,5,14
6398,14376,0.001028192,5,14
6399,14377,0.001035164,5,14
6400,14400,0.001041484,5,14
6401,14401,0.001141452,5,13
6402,14402,0.001137181,5,13
6403,14403,0.001132508,5,13
6404,14404,0.001124606,5,13
6405,14405,0.001112762,5,13
6406,14406,0.001098517,5,13
6407,14407,0.001081935,5,13
6408,14410,0.00106444,5,13
6409,14411,0.001039853,5,13
6410,14412,0.001011702,5,13
6411,14413,3.026001e-05,5,13
6412,14414,3.034425e-05,5,13
6413,14415,3.041637e-05,5,13
6414,14416,3.037899e-05,5,13
6415,14417,3.03332e-05,5,13
6416,14420,3.042998e-05,5,13
6417,14421,3.056738e-05,5,13
6418,14422,3.054756e-05,5,13
6419,14423,3.050165e-05,5,13
6420,14424,3.059676e-05,5,13
6421,14425,3.073142e-05,5,13
6422,14426,3.071144e-05,5,13
6423,14427,3.065485e-05,5,13
6424,14430,3.073216e-05,5,13
6425,14431,3.087301e-05,5,13
6426,14432,3.084774e-05,5,12
6427,14433,3.079378e-05,5,12
6428,14434,3.082661e-05,5,12
6429,14435,3.098196e-05,5,12
6430,14436,3.096761e-05,5,12
6431,14437,3.090487e-05,5,12
6432,14440,3.093472e-05,5,12
6433,14441,3.107938e-05,5,12
6434,14442,3.104171e-05,5,12
6435,14443,3.09578e-05,5,12
6436,14444,3.107119e-05,5,12
6437,14445,3.11527e-05,5,12
6438,14446,3.111396e-05,5,12
6439,14447,3.104554e-05,5,12
6440,14450,3.109338e-05,5,12
6441,14451,3.122738e-05,5,12
6442,14452,3.11972e-05,5,12
6443,14453,3.111894e-05,5,12
6444,14454,3.116136e-05,5,12
6445,14455,3.128483e-05,5,12
6446,14456,3.124636e-05,5,12
6447,14457,3.116716e-05,5,12
6448,14460,3.119134e-05,5,12
6449,14461,3.133625e-05,5,12
6450,14462,3.131533e-05,5,11
6451,14463,3.124152e-05,5,11
6452,14464,3.122425e-05,5,11
6453,14465,3.137658e-05,5,11
6454,14466,3.135494e-05,5,11
6455,14467,3.129047e-05,5,11
6456,14470,3.125244e-05,5,11
6457,14471,3.140937e-05,5,11
6458,14472,3.139277e-05,5,11
6459,14473,3.131448e-05,5,11
6460,14474,3.132227e-05,5,11
6461,14475,3.145167e-05,5,11
6462,14476,3.141311e-05,5,11
6463,14477,3.133547e-05,5,11
6464,14500,3.133618e-05,5,11
6465,14501,3.148063e-05,5,11
6466,14502,3.145352e-05,5,11
6467,14503,3.13801e-05,5,11
6468,14504,3.137307e-05,5,11
6469,14505,3.150642e-05,5,11
6470,14506,3.1472e-05,5,11
6471,14507,3.140295e-05,5,11
6472,14510,3.139865e-05,5,11
6473,14511,3.153131e-05,5,11
6474,14512,3.150586e-05,5,11
6475,14513,3.142799e-05,5,10
6476,14514,3.139962e-05,5,10
6477,14515,3.155388e-05,5,10
6478,14516,3.152733e-05,5,10
6479,14517,3.145513e-05,5,10
6480,14520,3.142814e-05,5,10
6481,14521,3.157013e-05,5,10
6482,14522,3.155069e-05,5,10
6483,14523,3.147378e-05,5,10
6484,14524,3.142794e-05,5,10
6485,14525,3.158532e-05,5,10
6486,14526,3.158995e-05,5,10
6487,14527,3.152144e-05,5,10
6488,14530,3.144442e-05,5,10
6489,14531,3.158717e-05,5,10
6490,14532,3.161486e-05,5,10
6491,14533,3.156293e-05,5,10
6492,14534,3.147908e-05,5,10
6493,14535,3.15728e-05,5,10
6494,14536,3.164789e-05,5,10
6495,14537,3.158987e-05,5,10
6496,14540,3.149559e-05,5,10
6497,14541,3.163002e-05,5,10
6498,14542,3.168218e-05,5,10
6499,14543,3.165428e-05,5,9
6500,14544,3.157564e-05,5,9
6501,14545,3.164722e-05,5,9
6502,14546,3.176518e-05,5,9
6503,14547,3.173617e-05,5,9
6504,14550,3.171192e-05,5,9
6505,14551,3.181062e-05,5,9
6506,14552,3.201081e-05,5,9
6507,14553,3.21211e-05,5,9
6508,14554,3.221177e-05,5,9
6509,14555,3.243489e-05,5,9
6510,14556,3.293791e-05,5,9
6511,14557,3.336802e-05,5,9
6512,14560,3.405159e-05,5,9
6513,14561,3.484419e-05,5,9
6514,14562,3.585566e-05,5,9
6515,14563,3.70907e-05,5,9
6516,14564,3.832195e-05,5,9
6517,14565,4.017091e-05,5,9
6518,14566,4.316059e-05,5,9
6519,14567,4.633301e-05,5,9
6520,14570,5.136897e-05,5,9
6521,14571,5.804489e-05,5,9
6522,14572,6.948019e-05,5,9
6523,14573,8.308308e-05,5,9
6524,14574,0.001152804,5,8
6525,14575,0.001152762,5,8
6526,14576,0.001152137,5,8
6527,14577,0.001152315,5,8
6528,14600,0.001151889,5,8
6529,14601,0.00115214,5,8
6530,14602,0.001152451,5,8
6531,14603,0.001152086,5,8
6532,14604,0.001152539,5,8
6533,14605,0.001152297,5,8
6534,14606,0.001151625,5,8
6535,14607,0.001151446,5,8
6536,14610,0.00115148,5,8
6537,14611,0.001152493,5,8
6538,14612,0.001151014,5,8
6539,14613,0.001150394,5,8
6540,14614,0.001150604,5,8
6541,14615,0.001149994,5,8
6542,14616,0.00115014,5,8
6543,14617,0.001150878,5,8
6544,14620,0.001150329,5,8
6545,14621,0.001150129,5,8
6546,14622,0.00115044,5,8
6547,14623,0.001151411,5,8
6548,14624,0.001150473,5,7
6549,14625,0.001151176,5,7
6550,14626,0.001150153,5,7
6551,14627,0.001149657,5,7
6552,14630,0.001149848,5,7
6553,14631,0.001149263,5,7
6554,14632,0.00114848,5,7
6555,14633,0.001147713,5,7
6556,14634,0.001147457,5,7
6557,14635,0.001147297,5,7
6558,14636,0.001147619,5,7
6559,14637,0.001147204,5,7
6560,14640,0.001148221,5,7
6561,14641,0.001148714,5,7
6562,14642,0.001149376,5,7
6563,14643,0.001150875,5,7
6564,14644,0.001151329,5,7
6565,14645,0.001152323,5,7
6566,14646,0.001152616,5,7
6567,14647,0.001152791,5,7
6568,14650,0.001153312,5,7
6569,14651,0.001153048,5,7
6570,14652,0.001153937,5,7
6571,14653,0.001152978,5,7
6572,14654,0.00115361,5,7
6573,14655,0.001152423,5,6
6574,14656,0.001153299,5,6
6575,14657,0.001153048,5,6
6576,14660,0.001152474,5,6
6577,14661,0.001154096,5,6
6578,14662,0.001154016,5,6
6579,14663,0.001153903,5,6
6580,14664,0.001154253,5,6
6581,14665,0.001155232,5,6
6582,14666,0.001155082,5,6
6583,14667,0.001154854,5,6
6584,14670,0.001155633,5,6
6585,14671,0.001156137,5,6
6586,14672,0.001155705,5,6
6587,14673,0.001156758,5,6
6588,14674,0.001157388,5,6
6589,14675,0.001157541,5,6
6590,14676,0.00115822,5,6
6591,14677,0.001158441,5,6
6592,14700,0.001158232,5,6
6593,14701,0.0011577,5,6
6594,14702,0.001157926,5,6
6595,14703,0.001158559,5,6
6596,14704,0.001158769,5,6
6597,14705,0.001158717,5,5
6598,14706,0.001159449,5,5
6599,14707,0.001159536,5,5
6600,14710,0.001159271,5,5
6601,14711,0.001159383,5,5
6602,14712,0.001159565,5,5
6603,14713,0.001159553,5,5
6604,14714,0.001160337,5,5
6605,14715,0.001158685,5,5
6606,14716,0.001159593,5,5
6607,14717,0.001158019,5,5
6608,14720,0.001157068,5,5
6609,14721,0.001157183,5,5
6610,14722,0.001156131,5,5
6611,14723,0.001155506,5,5
6612,14724,0.001155039,5,5
6613,14725,0.00115169,5,5
6614,14726,0.001148132,5,5
6615,14727,0.001141711,5,5
6616,14730,0.001134344,5,5
6617,14731,0.001124826,5,5
6618,14732,0.001112377,5,5
6619,14733,0.001095651,5,5
6620,14734,0.001074212,5,5
6621,14735,0.00105105,5,5
6622,14736,0.001016439,5,4
6623,14737,3.020028e-05,5,4
6624,14740,3.012779e-05,5,4
6625,14741,3.024127e-05,5,4
6626,14742,3.035311e-05,5,4
6627,14743,3.03427e-05,5,4
6628,14744,3.029774e-05,5,4
6629,14745,3.041488e-05,5,4
6630,14746,3.053811e-05,5,4
6631,14747,3.052617e-05,5,4
6632,14750,3.048564e-05,5,4
6633,14751,3.054722e-05,5,4
6634,14752,3.069788e-05,5,4
6635,14753,3.069226e-05,5,4
6636,14754,3.065823e-05,5,4
6637,14755,3.06722e-05,5,4
6638,14756,3.083348e-05,5,4
6639,14757,3.083319e-05,5,4
6640,14760,3.077095e-05,5,4
6641,14761,3.07759e-05,5,4
6642,14762,3.094368e-05,5,4
6643,14763,3.093093e-05,5,4
6644,14764,3.087295e-05,5,4
6645,14765,3.088267e-05,5,4
6646,14766,3.104578e-05,5,3
6647,14767,3.103772e-05,5,3
6648,14770,3.098441e-05,5,3
6649,14771,3.094078e-05,5,3
6650,14772,3.110956e-05,5,3
6651,14773,3.112386e-05,5,3
6652,14774,3.107007e-05,5,3
6653,14775,3.101343e-05,5,3
6654,14776,3.117611e-05,5,3
6655,14777,3.118464e-05,5,3
6656,15000,3.112675e-05,5,3
6657,15001,3.106847e-05,5,3
6658,15002,3.122824e-05,5,3
6659,15003,3.124389e-05,5,3
6660,15004,3.117155e-05,5,3
6661,15005,3.111101e-05,5,3
6662,15006,3.127006e-05,5,3
6663,15007,3.128015e-05,5,3
6664,15010,3.121295e-05,5,3
6665,15011,3.11635e-05,5,3
6666,15012,3.131738e-05,5,3
6667,15013,3.133049e-05,5,3
6668,15014,3.126808e-05,5,3
6669,15015,3.120973e-05,5,3
6670,15016,3.137679e-05,5,3
6671,15017,3.136203e-05,5,2
6672,15020,3.129893e-05,5,2
6673,15021,3.126739e-05,5,2
6674,15022,3.142061e-05,5,2
6675,15023,3.142313e-05,5,2
6676,15024,3.136677e-05,5,2
6677,15025,3.130242e-05,5,2
6678,15026,3.14142e-05,5,2
6679,15027,3.148084e-05,5,2
6680,15030,3.142998e-05,5,2
6681,15031,3.134525e-05,5,2
6682,15032,3.143441e-05,5,2
6683,15033,3.152764e-05,5,2
6684,15034,3.148282e-05,5,2
6685,15035,3.141555e-05,5,2
6686,15036,3.143066e-05,5,2
6687,15037,3.159154e-05,5,2
6688,15040,3.158674e-05,5,2
6689,15041,3.154205e-05,5,2
6690,15042,3.152631e-05,5,2
6691,15043,3.17357e-05,5,2
6692,15044,3.18427e-05,5,2
6693,15045,3.190257e-05,5,2
6694,15046,3.202724e-05,5,2
6695,15047,3.243887e-05,5,1
6696,15050,3.283445e-05,5,1
6697,15051,3.327217e-05,5,1
6698,15052,3.354451e-05,5,1
6699,15053,3.354058e-05,5,1
6700,15054,3.359817e-05,5,1
6701,15055,3.358081e-05,5,1
6702,15056,3.340351e-05,5,1
6703,15057,3.357935e-05,5,1
6704,15060,3.357504e-05,5,1
6705,15061,3.353177e-05,5,1
6706,15062,3.350516e-05,5,1
6707,15063,3.34305e-05,5,1
6708,15064,3.363816e-05,5,1
6709,15065,3.356755e-05,5,1
6710,15066,3.344813e-05,5,1
6711,15067,3.351061e-05,5,1
6712,15070,3.358151e-05,5,1
6713,15071,3.359773e-05,5,1
6714,15072,3.34842e-05,5,1
6715,15073,3.34426e-05,5,1
6716,15074,3.366018e-05,5,1
6717,15075,3.354544e-05,5,1
6718,15076,3.34897e-05,5,1
6719,15077,3.350721e-05,5,1
6720,15100,3.360556e-05,5,0
6721,15101,3.361281e-05,5,0
6722,15102,3.352381e-05,5,0
6723,15103,3.346851e-05,5,0
6724,15104,3.360309e-05,5,0
6725,15105,3.360172e-05,5,0
6726,15106,3.357247e-05,5,0
6727,15107,3.346285e-05,5,0
6728,15110,3.357633e-05,5,0
6729,15111,3.364466e-05,5,0
6730,15112,3.356547e-05,5,0
6731,15113,3.350616e-05,5,0
6732,15114,3.346926e-05,5,0
6733,15115,3.362084e-05,5,0
6734,15116,3.361948e-05,5,0
6735,15117,3.351007e-05,5,0
6736,15120,3.347682e-05,5,0
6737,15121,3.364016e-05,5,0
6738,15122,3.358283e-05,5,0
6739,15123,3.351974e-05,5,0
6740,15124,3.345747e-05,5,0
6741,15125,3.360719e-05,5,0
6742,15126,3.360965e-05,5,0
6743,15127,3.353195e-05,5,0
6744,15130,3.347029e-05,-1,-1
6745,15131,3.360626e-05,-1,-1
6746,15132,3.359984e-05,-1,-1
6747,15133,3.35345e-05,-1,-1
6748,15134,3.345793e-05,-1,-1
6749,15135,3.362551e-05,-1,-1
6750,15136,3.358172e-05,-1,-1
6751,15137,3.350241e-05,-1,-1
6752,15140,3.35013e-05,-1,-1
6753,15141,3.362139e-05,-1,-1
6754,15142,3.35977e-05,-1,-1
6755,15143,3.350121e-05,-1,-1
6756,15144,3.347509e-05,-1,-1
6757,15145,3.364004e-05,-1,-1
6758,15146,3.360005e-05,-1,-1
6759,15147,3.352817e-05,-1,-1
6760,15150,3.347272e-05,-1,-1
6761,15151,3.36324e-05,-1,-1
6762,15152,3.362695e-05,-1,-1
6763,15153,3.354152e-05,-1,-1
6764,15154,3.347849e-05,-1,-1
6765,15155,3.359132e-05,-1,-1
6766,15156,3.364031e-05,-1,-1
6767,15157,3.358e-05,-1,-1
6768,15160,3.349641e-05,-1,-1
6769,15161,3.354325e-05,-1,-1
6770,15162,3.36427e-05,-1,-1
6771,15163,3.358555e-05,-1,-1
6772,15164,3.351357e-05,-1,-1
6773,15165,3.348616e-05,-1,-1
6774,15166,3.363828e-05,-1,-1
6775,15167,3.360078e-05,-1,-1
6776,15170,3.351637e-05,-1,-1
6777,15171,3.348095e-05,-1,-1
6778,15172,3.36264e-05,-1,-1
6779,15173,3.359828e-05,-1,-1
6780,15174,3.353265e-05,-1,-1
6781,15175,3.346613e-05,-1,-1
6782,15176,3.360327e-05,-1,-1
6783,15177,3.361156e-05,-1,-1
6784,15200,3.354322e-05,-1,-1
6785,15201,3.34654e-05,-1,-1
6786,15202,3.361041e-05,-1,-1
6787,15203,3.359706e-05,-1,-1
6788,15204,3.351699e-05,-1,-1
6789,15205,3.346476e-05,-1,-1
6790,15206,3.360848e-05,-1,-1
6791,15207,3.35792e-05,-1,-1
6792,15210,3.351169e-05,-1,-1
6793,15211,3.344763e-05,-1,-1
6794,15212,3.360974e-05,-1,-1
6795,15213,3.360327e-05,-1,-1
6796,15214,3.353388e-05,-1,-1
6797,15215,3.345156e-05,-1,-1
6798,15216,3.360207e-05,-1,-1
6799,15217,3.361132e-05,-1,-1
6800,15220,3.352911e-05,-1,-1
6801,15221,3.34625e-05,-1,-1
6802,15222,3.361255e-05,-1,-1
6803,15223,3.36233e-05,-1,-1
6804,15224,3.357399e-05,-1,-1
6805,15225,3.348504e-05,-1,-1
6806,15226,3.360183e-05,-1,-1
6807,15227,3.365746e-05,-1,-1
6808,15230,3.358776e-05,-1,-1
6809,15231,3.351102e-05,-1,-1
6810,15232,3.360254e-05,-1,-1
6811,15233,3.367533e-05,-1,-1
6812,15234,3.362115e-05,-1,-1
6813,15235,3.354179e-05,-1,-1
6814,15236,3.362241e-05,-1,-1
6815,15237,3.37051e-05,-1,-1
6816,15240,3.36649e-05,-1,-1
6817,15241,3.3572e-05,-1,-1
6818,15242,3.364879e-05,-1,-1
6819,15243,3.373098e-05,-1,-1
6820,15244,3.368861e-05,-1,-1
6821,15245,3.358837e-05,-1,-1
6822,15246,3.364888e-05,-1,-1
6823,15247,3.374931e-05,-1,-1
6824,15250,3.369816e-05,-1,-1
6825,15251,3.361902e-05,-1,-1
6826,15252,3.364078e-05,-1,-1
6827,15253,3.376397e-05,-1,-1
6828,15254,3.372963e-05,-1,-1
6829,15255,3.364721e-05,-1,-1
6830,15256,3.363632e-05,-1,-1
6831,15257,3.377656e-05,-1,-1
6832,15260,3.374008e-05,-1,-1
6833,15261,3.366457e-05,-1,-1
6834,15262,3.36372e-05,-1,-1
6835,15263,3.376988e-05,-1,-1
6836,15264,3.377097e-05,-1,-1
6837,15265,3.369274e-05,-1,-1
6838,15266,3.361029e-05,-1,-1
6839,15267,3.373472e-05,-1,-1
6840,15270,3.378722e-05,-1,-1
6841,15271,3.373832e-05,-1,-1
6842,15272,3.364692e-05,-1,-1
6843,15273,3.372114e-05,-1,-1
6844,15274,3.380584e-05,-1,-1
6845,15275,3.373686e-05,-1,-1
6846,15276,3.36442e-05,-1,-1
6847,15277,3.375114e-05,-1,-1
6848,15300,3.382665e-05,-1,-1
6849,15301,3.376069e-05,-1,-1
6850,15302,3.365483e-05,-1,-1
6851,15303,3.37041e-05,-1,-1
6852,15304,3.377817e-05,-1,-1
6853,15305,3.372319e-05,-1,-1
6854,15306,3.361167e-05,-1,-1
6855,15307,3.36913e-05,-1,-1
6856,15310,3.375724e-05,-1,-1
6857,15311,3.367356e-05,-1,-1
6858,15312,3.356576e-05,-1,-1
6859,15313,3.363085e-05,-1,-1
6860,15314,3.366302e-05,-1,-1
6861,15315,3.357739e-05,-1,-1
6862,15316,3.344737e-05,-1,-1
6863,15317,3.350001e-05,-1,-1
6864,15320,3.36014e-05,-1,-1
6865,15321,3.353213e-05,-1,-1
6866,15322,3.341305e-05,-1,-1
6867,15323,3.346956e-05,-1,-1
6868,15324,3.354571e-05,-1,-1
6869,15325,3.350914e-05,-1,-1
6870,15326,3.346654e-05,-1,-1
6871,15327,3.357475e-05,-1,-1
6872,15330,3.366481e-05,-1,-1
6873,15331,3.361226e-05,-1,-1
6874,15332,3.352536e-05,-1,-1
6875,15333,3.354091e-05,-1,-1
6876,15334,3.366894e-05,-1,-1
6877,15335,3.361006e-05,-1,-1
6878,15336,3.351778e-05,-1,-1
6879,15337,3.360435e-05,-1,-1
6880,15340,3.365796e-05,-1,-1
6881,15341,3.360921e-05,-1,-1
6882,15342,3.350127e-05,-1,-1
6883,15343,3.360221e-05,-1,-1
6884,15344,3.368179e-05,-1,-1
6885,15345,3.361568e-05,-1,-1
6886,15346,3.352791e-05,-1,-1
6887,15347,3.35294e-05,-1,-1
6888,15350,3.367775e-05,-1,-1
6889,15351,3.364481e-05,-1,-1
6890,15352,3.355789e-05,-1,-1
6891,15353,3.352144e-05,-1,-1
6892,15354,3.367851e-05,-1,-1
6893,15355,3.364879e-05,-1,-1
6894,15356,3.358348e-05,-1,-1
6895,15357,3.352024e-05,-1,-1
6896,15360,3.367435e-05,-1,-1
6897,15361,3.364976e-05,-1,-1
6898,15362,3.35953e-05,-1,-1
6899,15363,3.35191e-05,-1,-1
6900,15364,3.36245e-05,-1,-1
6901,15365,3.368017e-05,-1,-1
6902,15366,3.360795e-05,-1,-1
6903,15367,3.351611e-05,-1,-1
6904,15370,3.364742e-05,-1,-1
6905,15371,3.367427e-05,-1,-1
6906,15372,3.362241e-05,-1,-1
6907,15373,3.352038e-05,-1,-1
6908,15374,3.361647e-05,-1,-1
6909,15375,3.369499e-05,-1,-1
6910,15376,3.3643e-05,-1,-1
6911,15377,3.355657e-05,-1,-1
6912,15400,3.358002e-05,-1,-1
6913,15401,3.37014e-05,-1,-1
6914,15402,3.365664e-05,-1,-1
6915,15403,3.358172e-05,-1,-1
6916,15404,3.355189e-05,-1,-1
6917,15405,3.369479e-05,-1,-1
6918,15406,3.366282e-05,-1,-1
6919,15407,3.358828e-05,-1,-1
6920,15410,3.353651e-05,-1,-1
6921,15411,3.369561e-05,-1,-1
6922,15412,3.366896e-05,-1,-1
6923,15413,3.358764e-05,-1,-1
6924,15414,3.354627e-05,-1,-1
6925,15415,3.369356e-05,-1,-1
6926,15416,3.366048e-05,-1,-1
6927,15417,3.356535e-05,-1,-1
6928,15420,3.355958e-05,-1,-1
6929,15421,3.369611e-05,-1,-1
6930,15422,3.367304e-05,-1,-1
6931,15423,3.358925e-05,-1,-1
6932,15424,3.352674e-05,-1,-1
6933,15425,3.36827e-05,-1,-1
6934,15426,3.366923e-05,-1,-1
6935,15427,3.359548e-05,-1,-1
6936,15430,3.35241e-05,-1,-1
6937,15431,3.367108e-05,-1,-1
6938,15432,3.368278e-05,-1,-1
6939,15433,3.36069e-05,-1,-1
6940,15434,3.352343e-05,-1,-1
6941,15435,3.361862e-05,-1,-1
6942,15436,3.369625e-05,-1,-1
6943,15437,3.362941e-05,-1,-1
6944,15440,3.354512e-05,-1,-1
6945,15441,3.356922e-05,-1,-1
6946,15442,3.369997e-05,-1,-1
6947,15443,3.365552e-05,-1,-1
6948,15444,3.357153e-05,-1,-1
6949,15445,3.352993e-05,-1,-1
6950,15446,3.368665e-05,-1,-1
6951,15447,3.366858e-05,-1,-1
6952,15450,3.359159e-05,-1,-1
6953,15451,3.352293e-05,-1,-1
6954,15452,3.366659e-05,-1,-1
6955,15453,3.367696e-05,-1,-1
6956,15454,3.359747e-05,-1,-1
6957,15455,3.351857e-05,-1,-1
6958,15456,3.367239e-05,-1,-1
6959,15457,3.367832e-05,-1,-1
6960,15460,3.361056e-05,-1,-1
6961,15461,3.352633e-05,-1,-1
6962,15462,3.365363e-05,-1,-1
6963,15463,3.368223e-05,-1,-1
6964,15464,3.361082e-05,-1,-1
6965,15465,3.352586e-05,-1,-1
6966,15466,3.36495e-05,-1,-1
6967,15467,3.368949e-05,-1,-1
6968,15470,3.363044e-05,-1,-1
6969,15471,3.353944e-05,-1,-1
6970,15472,3.362177e-05,-1,-1
6971,15473,3.369238e-05,-1,-1
6972,15474,3.362018e-05,-1,-1
6973,15475,3.353774e-05,-1,-1
6974,15476,3.362555e-05,-1,-1
6975,15477,3.369048e-05,-1,-1
6976,15500,3.363339e-05,-1,-1
6977,15501,3.354105e-05,-1,-1
6978,15502,3.358553e-05,-1,-1
6979,15503,3.369235e-05,-1,-1
6980,15504,3.364548e-05,-1,-1
6981,15505,3.35621e-05,-1,-1
6982,15506,3.354799e-05,-1,-1
6983,15507,3.369558e-05,6,0
6984,15510,3.367678e-05,6,0
6985,15511,3.360272e-05,6,0
6986,15512,3.353151e-05,6,0
6987,15513,3.368776e-05,6,0
6988,15514,3.369491e-05,6,0
6989,15515,3.363182e-05,6,0
6990,15516,3.353523e-05,6,0
6991,15517,3.365623e-05,6,0
6992,15520,3.355903e-05,6,0
6993,15521,3.297384e-05,6,0
6994,15522,3.250967e-05,6,0
6995,15523,3.241709e-05,6,0
6996,15524,3.225481e-05,6,0
6997,15525,3.207153e-05,6,0
6998,15526,3.191301e-05,6,0
6999,15527,3.199126e-05,6,0
7000,15530,3.199984e-05,6,0
7001,15531,3.189555e-05,6,0
7002,15532,3.17869e-05,6,0
7003,15533,3.182095e-05,6,0
7004,15534,3.192266e-05,6,0
7005,15535,3.186463e-05,6,0
7006,15536,3.177615e-05,6,0
7007,15537,3.179445e-05,6,0
7008,15540,3.190296e-05,6,1
7009,15541,3.183831e-05,6,1
7010,15542,3.173769e-05,6,1
7011,15543,3.187456e-05,6,1
7012,15544,3.190079e-05,6,1
7013,15545,3.183172e-05,6,1
7014,15546,3.175192e-05,6,1
7015,15547,3.185468e-05,6,1
7016,15550,3.19074e-05,6,1
7017,15551,3.183711e-05,6,1
7018,15552,3.174565e-05,6,1
7019,15553,3.188334e-05,6,1
7020,15554,3.190273e-05,6,1
7021,15555,3.182095e-05,6,1
7022,15556,3.175268e-05,6,1
7023,15557,3.190899e-05,6,1
7024,15560,3.190855e-05,6,1
7025,15561,3.18235e-05,6,1
7026,15562,3.176178e-05,6,1
7027,15563,3.192278e-05,6,1
7028,15564,3.18995e-05,6,1
7029,15565,3.180939e-05,6,1
7030,15566,3.178277e-05,6,1
7031,15567,3.193328e-05,6,1
7032,15570,3.191797e-05,6,1
7033,15571,3.183986e-05,6,2
7034,15572,3.177641e-05,6,2
7035,15573,3.19318e-05,6,2
7036,15574,3.192512e-05,6,2
7037,15575,3.184947e-05,6,2
7038,15576,3.177766e-05,6,2
7039,15577,3.190878e-05,6,2
7040,15600,3.193636e-05,6,2
7041,15601,3.185936e-05,6,2
7042,15602,3.178028e-05,6,2
7043,15603,3.19298e-05,6,2
7044,15604,3.194655e-05,6,2
7045,15605,3.187248e-05,6,2
7046,15606,3.17912e-05,6,2
7047,15607,3.192931e-05,6,2
7048,15610,3.195352e-05,6,2
7049,15611,3.186847e-05,6,2
7050,15612,3.179859e-05,6,2
7051,15613,3.195502e-05,6,2
7052,15614,3.195493e-05,6,2
7053,15615,3.188373e-05,6,2
7054,15616,3.181211e-05,6,2
7055,15617,3.194099e-05,6,2
7056,15620,3.197404e-05,6,2
7057,15621,3.190188e-05,6,3
7058,15622,3.182092e-05,6,3
7059,15623,3.196614e-05,6,3
7060,15624,3.198638e-05,6,3
7061,15625,3.191054e-05,6,3
7062,15626,3.184505e-05,6,3
7063,15627,3.201172e-05,6,3
7064,15630,3.200329e-05,6,3
7065,15631,3.193933e-05,6,3
7066,15632,3.195893e-05,6,3
7067,15633,3.215787e-05,6,3
7068,15634,3.219268e-05,6,3
7069,15635,3.219866e-05,6,3
7070,15636,3.232408e-05,6,3
7071,15637,3.257706e-05,6,3
7072,15640,3.262526e-05,6,3
7073,15641,3.263123e-05,6,3
7074,15642,3.275618e-05,6,3
7075,15643,3.303045e-05,6,3
7076,15644,3.323078e-05,6,3
7077,15645,3.349017e-05,6,3
7078,15646,3.39938e-05,6,3
7079,15647,3.496159e-05,6,3
7080,15650,3.614647e-05,6,3
7081,15651,3.800793e-05,6,3
7082,15652,4.040682e-05,6,4
7083,15653,4.389519e-05,6,4
7084,15654,4.841854e-05,6,4
7085,15655,5.4185e-05,6,4
7086,15656,6.407592e-05,6,4
7087,15657,7.687059e-05,6,4
7088,15660,0.001159207,6,4
7089,15661,0.001159605,6,4
7090,15662,0.001160482,6,4
7091,15663,0.001160626,6,4
7092,15664,0.001160941,6,4
7093,15665,0.001160028,6,4
7094,15666,0.001160262,6,4
7095,15667,0.001159455,6,4
7096,15670,0.001159379,6,4
7097,15671,0.001158992,6,4
7098,15672,0.001159448,6,4
7099,15673,0.001159577,6,4
7100,15674,0.001158438,6,4
7101,15675,0.001159027,6,4
7102,15676,0.001158955,6,4
7103,15677,0.001158793,6,4
7104,15700,0.001158068,6,4
7105,15701,0.001157993,6,4
7106,15702,0.001156915,6,5
7107,15703,0.001157455,6,5
7108,15704,0.001157599,6,5
7109,15705,0.001158249,6,5
7110,15706,0.001158909,6,5
7111,15707,0.001157831,6,5
7112,15710,0.001158712,6,5
7113,15711,0.001158858,6,5
7114,15712,0.001159571,6,5
7115,15713,0.001159138,6,5
7116,15714,0.00115821,6,5
7117,15715,0.001157681,6,5
7118,15716,0.001158121,6,5
7119,15717,0.001158221,6,5
7120,15720,0.001158289,6,5
7121,15721,0.001158648,6,5
7122,15722,0.001158145,6,5
7123,15723,0.001157684,6,5
7124,15724,0.001157589,6,5
7125,15725,0.001156642,6,5
7126,15726,0.001156649,6,5
7127,15727,0.00115645,6,5
7128,15730,0.00115626,6,5
7129,15731,0.001155622,6,5
7130,15732,0.001155225,6,5
7131,15733,0.00115578,6,6
7132,15734,0.00115433,6,6
7133,15735,0.001155178,6,6
7134,15736,0.001154705,6,6
7135,15737,0.001154833,6,6
7136,15740,0.001154743,6,6
7137,15741,0.001153603,6,6
7138,15742,0.001154347,6,6
7139,15743,0.001154768,6,6
7140,15744,0.001154915,6,6
7141,15745,0.001155378,6,6
7142,15746,0.001155676,6,6
7143,15747,0.001155606,6,6
7144,15750,0.00115601,6,6
7145,15751,0.001156694,6,6
7146,15752,0.001156458,6,6
7147,15753,0.001156717,6,6
7148,15754,0.001156306,6,6
7149,15755,0.001156237,6,6
7150,15756,0.001155884,6,6
7151,15757,0.001155289,6,6
7152,15760,0.001155592,6,6
7153,15761,0.001155166,6,6
7154,15762,0.001155183,6,6
7155,15763,0.00115485,6,7
7156,15764,0.001155206,6,7
7157,15765,0.001155114,6,7
7158,15766,0.001155024,6,7
7159,15767,0.001154926,6,7
7160,15770,0.001154985,6,7
7161,15771,0.001154704,6,7
7162,15772,0.001154752,6,7
7163,15773,0.001154412,6,7
7164,15774,0.001154249,6,7
7165,15775,0.001155615,6,7
7166,15776,0.001154545,6,7
7167,15777,0.001154153,6,7
7168,16000,0.001153184,6,7
7169,16001,0.001153345,6,7
7170,16002,0.001153276,6,7
7171,16003,0.001151961,6,7
7172,16004,0.001150766,6,7
7173,16005,0.001149018,6,7
7174,16006,0.001146507,6,7
7175,16007,0.001143167,6,7
7176,16010,0.001138141,6,7
7177,16011,0.00113194,6,7
7178,16012,0.001122551,6,7
7179,16013,0.001112828,6,7
7180,16014,0.001098548,6,8
7181,16015,0.001081361,6,8
7182,16016,0.001057673,6,8
7183,16017,0.001028632,6,8
7184,16020,3.04722e-05,6,8
7185,16021,3.041837e-05,6,8
7186,16022,3.041007e-05,6,8
7187,16023,3.060542e-05,6,8
7188,16024,3.062655e-05,6,8
7189,16025,3.059487e-05,6,8
7190,16026,3.060845e-05,6,8
7191,16027,3.079255e-05,6,8
7192,16030,3.080377e-05,6,8
7193,16031,3.075916e-05,6,8
7194,16032,3.076813e-05,6,8
7195,16033,3.094582e-05,6,8
7196,16034,3.096536e-05,6,8
7197,16035,3.092669e-05,6,8
7198,16036,3.090338e-05,6,8
7199,16037,3.108386e-05,6,8
7200,16040,3.109964e-05,6,8
7201,16041,3.104826e-05,6,8
7202,16042,3.102997e-05,6,8
7203,16043,3.120824e-05,6,8
7204,16044,3.121193e-05,6,9
7205,16045,3.115197e-05,6,9
7206,16046,3.112966e-05,6,9
7207,16047,3.130643e-05,6,9
7208,16050,3.130365e-05,6,9
7209,16051,3.123819e-05,6,9
7210,16052,3.12256e-05,6,9
7211,16053,3.139058e-05,6,9
7212,16054,3.138427e-05,6,9
7213,16055,3.132421e-05,6,9
7214,16056,3.129361e-05,6,9
7215,16057,3.146046e-05,6,9
7216,16060,3.146324e-05,6,9
7217,16061,3.14002e-05,6,9
7218,16062,3.134921e-05,6,9
7219,16063,3.151137e-05,6,9
7220,16064,3.152124e-05,6,9
7221,16065,3.146505e-05,6,9
7222,16066,3.141066e-05,6,9
7223,16067,3.157631e-05,6,9
7224,16070,3.157443e-05,6,9
7225,16071,3.150607e-05,6,9
7226,16072,3.145723e-05,6,9
7227,16073,3.162904e-05,6,9
7228,16074,3.163082e-05,6,9
7229,16075,3.157491e-05,6,10
7230,16076,3.150023e-05,6,10
7231,16077,3.165112e-05,6,10
7232,16100,3.167981e-05,6,10
7233,16101,3.161473e-05,6,10
7234,16102,3.154309e-05,6,10
7235,16103,3.170182e-05,6,10
7236,16104,3.17239e-05,6,10
7237,16105,3.165706e-05,6,10
7238,16106,3.158278e-05,6,10
7239,16107,3.173055e-05,6,10
7240,16110,3.176313e-05,6,10
7241,16111,3.169641e-05,6,10
7242,16112,3.161677e-05,6,10
7243,16113,3.176994e-05,6,10
7244,16114,3.179115e-05,6,10
7245,16115,3.172502e-05,6,10
7246,16116,3.165668e-05,6,10
7247,16117,3.176463e-05,6,10
7248,16120,3.184137e-05,6,10
7249,16121,3.178381e-05,6,10
7250,16122,3.169148e-05,6,10
7251,16123,3.17972e-05,6,10
7252,16124,3.187169e-05,6,10
7253,16125,3.181474e-05,6,11
7254,16126,3.173494e-05,6,11
7255,16127,3.176772e-05,6,11
7256,16130,3.19067e-05,6,11
7257,16131,3.186489e-05,6,11
7258,16132,3.179396e-05,6,11
7259,16133,3.177926e-05,6,11
7260,16134,3.193554e-05,6,11
7261,16135,3.191443e-05,6,11
7262,16136,3.182888e-05,6,11
7263,16137,3.179987e-05,6,11
7264,16140,3.195856e-05,6,11
7265,16141,3.195061e-05,6,11
7266,16142,3.188234e-05,6,11
7267,16143,3.184157e-05,6,11
7268,16144,3.200593e-05,6,11
7269,16145,3.200643e-05,6,11
7270,16146,3.193496e-05,6,11
7271,16147,3.189693e-05,6,11
7272,16150,3.207327e-05,6,11
7273,16151,3.207072e-05,6,11
7274,16152,3.203828e-05,6,11
7275,16153,3.203412e-05,6,11
7276,16154,3.225399e-05,6,11
7277,16155,3.238202e-05,6,11
7278,16156,3.243648e-05,6,12
7279,16157,3.249123e-05,6,12
7280,16160,3.278025e-05,6,12
7281,16161,3.292523e-05,6,12
7282,16162,3.302653e-05,6,12
7283,16163,3.314935e-05,6,12
7284,16164,3.361307e-05,6,12
7285,16165,3.409887e-05,6,12
7286,16166,3.470576e-05,6,12
7287,16167,3.55609e-05,6,12
7288,16170,3.7166e-05,6,12
7289,16171,3.909874e-05,6,12
7290,16172,4.152089e-05,6,12
7291,16173,4.547019e-05,6,12
7292,16174,4.997875e-05,6,12
7293,16175,5.625852e-05,6,12
7294,16176,6.604013e-05,6,12
7295,16177,7.792377e-05,6,12
7296,16200,0.001151311,6,12
7297,16201,0.00115158,6,12
7298,16202,0.0011505,6,12
7299,16203,0.001151767,6,12
7300,16204,0.001150825,6,12
7301,16205,0.001151252,6,12
7302,16206,0.001151833,6,13
7303,16207,0.001150819,6,13
7304,16210,0.001150692,6,13
7305,16211,0.001150908,6,13
7306,16212,0.001150152,6,13
7307,16213,0.001149152,6,13
7308,16214,0.001148615,6,13
7309,16215,0.001147543,6,13
7310,16216,0.001146685,6,13
7311,16217,0.001145741,6,13
7312,16220,0.001144959,6,13
7313,16221,0.00114431,6,13
7314,16222,0.00114297,6,13
7315,16223,0.001142189,6,13
7316,16224,0.001141022,6,13
7317,16225,0.001139042,6,13
7318,16226,0.001137409,6,13
7319,16227,0.001137043,6,13
7320,16230,0.001135649,6,13
7321,16231,0.001133708,6,13
7322,16232,0.001131889,6,13
7323,16233,0.001130864,6,13
7324,16234,0.001129529,6,13
7325,16235,0.001127861,6,13
7326,16236,0.001127296,6,13
7327,16237,0.001124225,6,14
7328,16240,0.001121055,6,14
7329,16241,0.001117696,6,14
7330,16242,0.001114209,6,14
7331,16243,0.001110991,6,14
7332,16244,0.001108617,6,14
7333,16245,0.001106504,6,14
7334,16246,0.001103813,6,14
7335,16247,0.00110221,6,14
7336,16250,0.001098775,6,14
7337,16251,0.001096168,6,14
7338,16252,0.001093687,6,14
7339,16253,0.001091713,6,14
7340,16254,0.001089829,6,14
7341,16255,0.001089239,6,14
7342,16256,0.001087,6,14
7343,16257,0.00108608,6,14
7344,16260,0.001085138,6,14
7345,16261,0.00108487,6,14
7346,16262,0.001082371,6,14
7347,16263,0.001079529,6,14
7348,16264,0.001077259,6,14
7349,16265,0.001074438,6,14
7350,16266,0.001070625,6,14
7351,16267,0.001065261,6,15
7352,16270,0.001058339,6,15
7353,16271,0.001050294,6,15
7354,16272,0.001043203,6,15
7355,16273,0.00103226,6,15
7356,16274,0.001021208,6,15
7357,16275,0.001007401,6,15
7358,16276,0.0009038377,6,15
7359,16277,0.0009010971,6,15
7360,16300,0.0008984057,6,15
7361,16301,0.0008898939,6,15
7362,16302,0.0008928707,6,15
7363,16303,0.0009000867,6,15
7364,16304,0.000911683,6,15
7365,16305,0.000931904,6,15
7366,16306,0.0009539588,6,15
7367,16307,0.0009783439,6,15
7368,16310,0.001000285,6,15
7369,16311,0.001018614,6,15
7370,16312,0.001033315,6,15
7371,16313,0.001137705,6,15
7372,16314,0.001138995,6,15
7373,16315,0.001138967,6,15
7374,16316,0.001139191,6,15
7375,16317,0.001138669,6,15
7376,16320,0.001138382,6,16
7377,16321,0.001137895,6,16
7378,16322,0.001137165,6,16
7379,16323,0.001136715,6,16
7380,16324,0.001135896,6,16
7381,16325,0.001135368,6,16
7382,16326,0.001135819,6,16
7383,16327,0.001135169,6,16
7384,16330,0.00113634,6,16
7385,16331,0.001136567,6,16
7386,16332,0.001135374,6,16
7387,16333,0.001133075,6,16
7388,16334,0.001130677,6,16
7389,16335,0.001126213,6,16
7390,16336,0.001118414,6,16
7391,16337,0.00110933,6,16
7392,16340,0.001097494,6,16
7393,16341,0.001081693,6,16
7394,16342,0.001059457,6,16
7395,16343,0.001033925,6,16
7396,16344,0.001001006,6,16
7397,16345,3.061578e-05,6,16
7398,16346,3.059254e-05,6,16
7399,16347,3.079388e-05,6,16
7400,16350,3.08266e-05,6,17
7401,16351,3.07824e-05,6,17
7402,16352,3.078898e-05,6,17
7403,16353,3.098383e-05,6,17
7404,16354,3.09944e-05,6,17
7405,16355,3.0952e-05,6,17
7406,16356,3.097375e-05,6,17
7407,16357,3.11526e-05,6,17
7408,16360,3.114119e-05,6,17
7409,16361,3.109232e-05,6,17
7410,16362,3.113232e-05,6,17
7411,16363,3.128737e-05,6,17
7412,16364,3.128347e-05,6,17
7413,16365,3.122686e-05,6,17
7414,16366,3.122105e-05,6,17
7415,16367,3.139707e-05,6,17
7416,16370,3.139057e-05,6,17
7417,16371,3.133685e-05,6,17
7418,16372,3.130634e-05,6,17
7419,16373,3.148403e-05,6,17
7420,16374,3.149378e-05,6,17
7421,16375,3.143261e-05,6,17
7422,16376,3.139415e-05,6,17
7423,16377,3.157131e-05,6,17
7424,16400,3.156867e-05,6,17
7425,16401,3.150051e-05,6,18
7426,16402,3.14698e-05,6,18
7427,16403,3.164737e-05,6,18
7428,16404,3.1624e-05,6,18
7429,16405,3.156888e-05,6,18
7430,16406,3.153734e-05,6,18
7431,16407,3.170129e-05,6,18
7432,16410,3.168088e-05,6,18
7433,16411,3.161208e-05,6,18
7434,16412,3.161888e-05,6,18
7435,16413,3.176058e-05,6,18
7436,16414,3.173399e-05,6,18
7437,16415,3.16628e-05,6,18
7438,16416,3.163876e-05,6,18
7439,16417,3.18105e-05,6,18
7440,16420,3.177572e-05,6,18
7441,16421,3.169775e-05,6,18
7442,16422,3.170302e-05,6,18
7443,16423,3.185451e-05,6,18
7444,16424,3.180888e-05,6,18
7445,16425,3.172697e-05,6,18
7446,16426,3.177338e-05,6,18
7447,16427,3.18901e-05,6,18
7448,16430,3.184683e-05,6,18
7449,16431,3.177604e-05,6,19
7450,16432,3.180107e-05,6,19
7451,16433,3.193265e-05,6,19
7452,16434,3.18956e-05,6,19
7453,16435,3.181281e-05,6,19
7454,16436,3.182251e-05,6,19
7455,16437,3.196769e-05,6,19
7456,16440,3.19518e-05,6,19
7457,16441,3.187055e-05,6,19
7458,16442,3.183808e-05,6,19
7459,16443,3.200994e-05,6,19
7460,16444,3.200033e-05,6,19
7461,16445,3.194829e-05,6,19
7462,16446,3.190826e-05,6,19
7463,16447,3.209159e-05,6,19
7464,16450,3.21474e-05,6,19
7465,16451,3.214446e-05,6,19
7466,16452,3.21714e-05,6,19
7467,16453,3.245568e-05,6,19
7468,16454,3.25802e-05,6,19
7469,16455,3.262153e-05,6,19
7470,16456,3.263518e-05,6,19
7471,16457,3.287819e-05,6,19
7472,16460,3.306495e-05,6,19
7473,16461,3.321186e-05,6,19
7474,16462,3.349038e-05,6,20
7475,16463,3.407818e-05,6,20
7476,16464,3.503115e-05,6,20
7477,16465,3.63212e-05,6,20
7478,16466,3.809248e-05,6,20
7479,16467,4.053359e-05,6,20
7480,16470,4.383726e-05,6,20
7481,16471,4.815129e-05,6,20
7482,16472,5.461535e-05,6,20
7483,16473,6.277834e-05,6,20
7484,16474,7.386581e-05,6,20
7485,16475,9.141707e-05,6,20
7486,16476,0.001128208,6,20
7487,16477,0.001125589,6,20
7488,16500,0.001121316,6,20
7489,16501,0.001117941,6,20
7490,16502,0.001113447,6,20
7491,16503,0.001109586,6,20
7492,16504,0.001106182,6,20
7493,16505,0.001102772,6,20
7494,16506,0.001099883,6,20
7495,16507,0.00109739,6,20
7496,16510,0.001096266,6,20
7497,16511,0.001097261,6,20
7498,16512,0.001098945,6,21
7499,16513,0.001101994,6,21
7500,16514,0.001105326,6,21
7501,16515,0.001111067,6,21
7502,16516,0.001117337,6,21
7503,16517,0.001126512,6,21
7504,16520,0.001137845,6,21
7505,16521,0.001149895,6,21
7506,16522,0.001161677,6,21
7507,16523,0.001170522,6,21
7508,16524,0.001177905,6,21
7509,16525,0.001185522,6,21
7510,16526,0.001191412,6,21
7511,16527,0.001197149,6,21
7512,16530,0.001202214,6,21
7513,16531,0.001207549,6,21
7514,16532,0.001212394,6,21
7515,16533,0.001216915,6,21
7516,16534,0.001220209,6,21
7517,16535,0.001223988,6,21
7518,16536,0.00122679,6,21
7519,16537,0.001229218,6,21
7520,16540,0.001229173,6,21
7521,16541,0.001229808,6,21
7522,16542,0.001229814,6,21
7523,16543,0.00122971,6,22
7524,16544,0.001229797,6,22
7525,16545,0.001229457,6,22
7526,16546,0.001229187,6,22
7527,16547,0.001229328,6,22
7528,16550,0.001230147,6,22
7529,16551,0.001229148,6,22
7530,16552,0.001229538,6,22
7531,16553,0.001229763,6,22
7532,16554,0.00123026,6,22
7533,16555,0.001229833,6,22
7534,16556,0.001230138,6,22
7535,16557,0.001229341,6,22
7536,16560,0.001229964,6,22
7537,16561,0.00122917,6,22
7538,16562,0.001229824,6,22
7539,16563,0.001230781,6,22
7540,16564,0.001229891,6,22
7541,16565,0.001229405,6,22
7542,16566,0.001229443,6,22
7543,16567,0.001229328,6,22
7544,16570,0.001229908,6,22
7545,16571,0.00123054,6,22
7546,16572,0.001229523,6,22
7547,16573,0.001229179,6,23
7548,16574,0.001228505,6,23
7549,16575,0.001228878,6,23
7550,16576,0.001229324,6,23
7551,16577,0.001229324,6,23
7552,16600,0.001229955,6,23
7553,16601,0.001228988,6,23
7554,16602,0.001228686,6,23
7555,16603,0.001229023,6,23
7556,16604,0.001228769,6,23
7557,16605,0.001228733,6,23
7558,16606,0.001228602,6,23
7559,16607,0.00122847,6,23
7560,16610,0.00122823,6,23
7561,16611,0.001228511,6,23
7562,16612,0.001228961,6,23
7563,16613,0.001228339,6,23
7564,16614,0.001228808,6,23
7565,16615,0.00122867,6,23
7566,16616,0.001228546,6,23
7567,16617,0.001228609,6,23
7568,16620,0.001228968,6,23
7569,16621,0.001229455,6,23
7570,16622,0.001229253,6,23
7571,16623,0.001229205,6,23
7572,16624,0.001228595,6,24
7573,16625,0.001228937,6,24
7574,16626,0.001228463,6,24
7575,16627,0.001229733,6,24
7576,16630,0.001229178,6,24
7577,16631,0.001229703,6,24
7578,16632,0.001228469,6,24
7579,16633,0.001229095,6,24
7580,16634,0.001228985,6,24
7581,16635,0.001228605,6,24
7582,16636,0.001229645,6,24
7583,16637,0.001228651,6,24
7584,16640,0.001229446,6,24
7585,16641,0.001228884,6,24
7586,16642,0.001229345,6,24
7587,16643,0.001230024,6,24
7588,16644,0.001229084,6,24
7589,16645,0.001228932,6,24
7590,16646,0.001229157,6,24
7591,16647,0.001228711,6,24
7592,16650,0.001228856,6,24
7593,16651,0.001228596,6,24
7594,16652,0.001228428,6,24
7595,16653,0.001229256,6,24
7596,16654,0.001228748,-1,-1
7597,16655,0.001228644,-1,-1
7598,16656,0.00122917,-1,-1
7599,16657,0.001229298,-1,-1
7600,16660,0.001228812,-1,-1
7601,16661,0.001228145,-1,-1
7602,16662,0.001229047,-1,-1
7603,16663,0.001228511,-1,-1
7604,16664,0.001228381,-1,-1
7605,16665,0.001229301,-1,-1
7606,16666,0.001228982,-1,-1
7607,16667,0.00122897,-1,-1
7608,16670,0.001228562,-1,-1
7609,16671,0.001228892,-1,-1
7610,16672,0.001228455,-1,-1
7611,16673,0.00122858,-1,-1
7612,16674,0.001227859,-1,-1
7613,16675,0.001229054,-1,-1
7614,16676,0.00122854,-1,-1
7615,16677,0.001228592,-1,-1
7616,16700,0.001228779,-1,-1
7617,16701,0.001228722,-1,-1
7618,16702,0.001229036,-1,-1
7619,16703,0.001228048,-1,-1
7620,16704,0.001229195,-1,-1
7621,16705,0.001228406,-1,-1
7622,16706,0.001228938,-1,-1
7623,16707,0.001228827,-1,-1
7624,16710,0.00122944,-1,-1
7625,16711,0.001229276,-1,-1
7626,16712,0.001228961,-1,-1
7627,16713,0.0012285,-1,-1
7628,16714,0.001229235,-1,-1
7629,16715,0.001228382,-1,-1
7630,16716,0.001228176,-1,-1
7631,16717,0.001229264,-1,-1
7632,16720,0.001228898,-1,-1
7633,16721,0.001228745,-1,-1
7634,16722,0.001229189,-1,-1
7635,16723,0.001228658,-1,-1
7636,16724,0.001229158,-1,-1
7637,16725,0.001228643,-1,-1
7638,16726,0.001229158,-1,-1
7639,16727,0.001228176,-1,-1
7640,16730,0.001228301,-1,-1
7641,16731,0.001228959,-1,-1
7642,16732,0.001228637,-1,-1
7643,16733,0.001228755,-1,-1
7644,16734,0.001228049,-1,-1
7645,16735,0.001228558,-1,-1
7646,16736,0.001228398,-1,-1
7647,16737,0.001228084,-1,-1
7648,16740,0.001228869,-1,-1
7649,16741,0.001228504,-1,-1
7650,16742,0.001228786,-1,-1
7651,16743,0.001228856,-1,-1
7652,16744,0.001228955,-1,-1
7653,16745,0.001229656,-1,-1
7654,16746,0.00122878,-1,-1
7655,16747,0.001228298,-1,-1
7656,16750,0.001228672,-1,-1
7657,16751,0.001228714,-1,-1
7658,16752,0.001228774,-1,-1
7659,16753,0.00122875,-1,-1
7660,16754,0.001227866,-1,-1
7661,16755,0.001228136,-1,-1
7662,16756,0.001228235,-1,-1
7663,16757,0.001228673,-1,-1
7664,16760,0.001228903,-1,-1
7665,16761,0.001228849,-1,-1
7666,16762,0.001228958,-1,-1
7667,16763,0.001229008,-1,-1
7668,16764,0.001227874,-1,-1
7669,16765,0.001228671,-1,-1
7670,16766,0.001227873,-1,-1
7671,16767,0.001228194,-1,-1
7672,16770,0.001228375,-1,-1
7673,16771,0.001228704,-1,-1
7674,16772,0.001228797,-1,-1
7675,16773,0.00122817,-1,-1
7676,16774,0.00122799,-1,-1
7677,16775,0.001228121,-1,-1
7678,16776,0.001228171,-1,-1
7679,16777,0.001228677,-1,-1
7680,17000,0.001229335,-1,-1
7681,17001,0.001227854,-1,-1
7682,17002,0.001229096,-1,-1
7683,17003,0.001229001,-1,-1
7684,17004,0.001229025,-1,-1
7685,17005,0.001229277,-1,-1
7686,17006,0.001228687,-1,-1
7687,17007,0.001228147,-1,-1
7688,17010,0.001228545,-1,-1
7689,17011,0.001228744,-1,-1
7690,17012,0.001228376,-1,-1
7691,17013,0.001228821,-1,-1
7692,17014,0.001228161,-1,-1
7693,17015,0.001228739,-1,-1
7694,17016,0.001228207,-1,-1
7695,17017,0.001228441,-1,-1
7696,17020,0.001227925,-1,-1
7697,17021,0.00122909,-1,-1
7698,17022,0.001229538,-1,-1
7699,17023,0.001228866,-1,-1
7700,17024,0.001228703,-1,-1
7701,17025,0.001228616,-1,-1
7702,17026,0.001229159,-1,-1
7703,17027,0.00122951,-1,-1
7704,17030,0.00122872,-1,-1
7705,17031,0.001227978,-1,-1
7706,17032,0.00122885,-1,-1
7707,17033,0.001228287,-1,-1
7708,17034,0.00122964,-1,-1
7709,17035,0.001228528,-1,-1
7710,17036,0.001228803,-1,-1
7711,17037,0.001228985,-1,-1
7712,17040,0.001229312,-1,-1
7713,17041,0.001228375,-1,-1
7714,17042,0.001228235,-1,-1
7715,17043,0.001228024,-1,-1
7716,17044,0.001228212,-1,-1
7717,17045,0.001227743,-1,-1
7718,17046,0.001228223,-1,-1
7719,17047,0.001228298,-1,-1
7720,17050,0.001228393,-1,-1
7721,17051,0.001228238,-1,-1
7722,17052,0.001228324,-1,-1
7723,17053,0.001228393,-1,-1
7724,17054,0.001228843,-1,-1
7725,17055,0.001227778,-1,-1
7726,17056,0.001228438,-1,-1
7727,17057,0.001228135,-1,-1
7728,17060,0.00122878,-1,-1
7729,17061,0.001228896,-1,-1
7730,17062,0.001228553,-1,-1
7731,17063,0.001228635,-1,-1
7732,17064,0.001228312,-1,-1
7733,17065,0.00122816,-1,-1
7734,17066,0.001228161,-1,-1
7735,17067,0.001228796,-1,-1
7736,17070,0.00122779,-1,-1
7737,17071,0.001228287,-1,-1
7738,17072,0.001228307,-1,-1
7739,17073,0.001228412,-1,-1
7740,17074,0.001228747,-1,-1
7741,17075,0.001228458,-1,-1
7742,17076,0.001228201,-1,-1
7743,17077,0.0012283,-1,-1
7744,17100,0.001227346,-1,-1
7745,17101,0.001228183,-1,-1
7746,17102,0.001228511,-1,-1
7747,17103,0.001227195,-1,-1
7748,17104,0.001227738,-1,-1
7749,17105,0.001227866,-1,-1
7750,17106,0.001227882,-1,-1
7751,17107,0.001228181,-1,-1
7752,17110,0.00122768,-1,-1
7753,17111,0.001227146,-1,-1
7754,17112,0.001226949,-1,-1
7755,17113,0.001227493,-1,-1
7756,17114,0.001226684,-1,-1
7757,17115,0.00122719,-1,-1
7758,17116,0.001227235,-1,-1
7759,17117,0.0012272,-1,-1
7760,17120,0.001226476,-1,-1
7761,17121,0.001227222,-1,-1
7762,17122,0.00122741,-1,-1
7763,17123,0.001226346,-1,-1
7764,17124,0.001227048,-1,-1
7765,17125,0.00122771,-1,-1
7766,17126,0.001227856,-1,-1
7767,17127,0.001228224,-1,-1
7768,17130,0.001227973,-1,-1
7769,17131,0.001227953,-1,-1
7770,17132,0.001227651,-1,-1
7771,17133,0.00122841,-1,-1
7772,17134,0.001228798,-1,-1
7773,17135,0.001228457,-1,-1
7774,17136,0.001227797,-1,-1
7775,17137,0.001228462,-1,-1
7776,17140,0.00122863,-1,-1
7777,17141,0.001227178,-1,-1
7778,17142,0.001228212,-1,-1
7779,17143,0.001227429,-1,-1
7780,17144,0.001228622,-1,-1
7781,17145,0.001228377,-1,-1
7782,17146,0.001227839,-1,-1
7783,17147,0.001228002,-1,-1
7784,17150,0.001227784,-1,-1
7785,17151,0.001227655,-1,-1
7786,17152,0.001228231,-1,-1
7787,17153,0.00122857,-1,-1
7788,17154,0.001227944,-1,-1
7789,17155,0.001228376,-1,-1
7790,17156,0.001227228,-1,-1
7791,17157,0.001227116,-1,-1
7792,17160,0.001226815,-1,-1
7793,17161,0.001226627,-1,-1
7794,17162,0.001228428,-1,-1
7795,17163,0.001227668,-1,-1
7796,17164,0.001228521,-1,-1
7797,17165,0.00122819,-1,-1
7798,17166,0.00122799,-1,-1
7799,17167,0.001227362,-1,-1
7800,17170,0.001227792,-1,-1
7801,17171,0.001227293,-1,-1
7802,17172,0.001227584,-1,-1
7803,17173,0.001228094,-1,-1
7804,17174,0.001228347,-1,-1
7805,17175,0.001228498,-1,-1
7806,17176,0.001227028,-1,-1
7807,17177,0.001227053,-1,-1
7808,17200,0.001227491,-1,-1
7809,17201,0.001227871,-1,-1
7810,17202,0.001228002,-1,-1
7811,17203,0.001228276,-1,-1
7812,17204,0.001229053,-1,-1
7813,17205,0.001226696,-1,-1
7814,17206,0.00122525,-1,-1
7815,17207,0.001229259,-1,-1
7816,17210,0.001228486,-1,-1
7817,17211,0.001228656,-1,-1
7818,17212,0.001229446,-1,-1
7819,17213,0.001228962,-1,-1
7820,17214,0.001228388,-1,-1
7821,17215,0.001228388,-1,-1
7822,17216,0.001226756,-1,-1
7823,17217,0.001227446,-1,-1
7824,17220,0.001225983,-1,-1
7825,17221,0.001227366,-1,-1
7826,17222,0.001229406,-1,-1
7827,17223,0.001228421,-1,-1
7828,17224,0.001228586,-1,-1
7829,17225,0.001227627,-1,-1
7830,17226,0.001228433,-1,-1
7831,17227,0.001228042,-1,-1
7832,17230,0.001228175,-1,-1
7833,17231,0.001228241,-1,-1
7834,17232,0.001227981,-1,-1
7835,17233,0.0012274,-1,-1
7836,17234,0.001228762,7,24
7837,17235,0.001228241,7,24
7838,17236,0.001227908,7,24
7839,17237,0.001227889,7,24
7840,17240,0.00122785,7,24
7841,17241,0.001227996,7,24
7842,17242,0.001227691,7,24
7843,17243,0.001226323,7,24
7844,17244,0.001228538,7,24
7845,17245,0.001227158,7,24
7846,17246,0.001227381,7,24
7847,17247,0.001227812,7,24
7848,17250,0.001227995,7,24
7849,17251,0.001227726,7,24
7850,17252,0.001227972,7,24
7851,17253,0.00122797,7,24
7852,17254,0.001228159,7,24
7853,17255,0.001228708,7,24
7854,17256,0.001227238,7,24
7855,17257,0.001228298,7,24
7856,17260,0.001228148,7,24
7857,17261,0.001226257,7,24
7858,17262,0.001226612,7,24
7859,17263,0.001227657,7,24
7860,17264,0.001227825,7,24
7861,17265,0.001227943,7,23
7862,17266,0.001227797,7,23
7863,17267,0.001228475,7,23
7864,17270,0.001228687,7,23
7865,17271,0.001226785,7,23
7866,17272,0.00122744,7,23
7867,17273,0.00122878,7,23
7868,17274,0.001229717,7,23
7869,17275,0.001229329,7,23
7870,17276,0.00122847,7,23
7871,17277,0.001228658,7,23
7872,17300,0.001227143,7,23
7873,17301,0.001228119,7,23
7874,17302,0.001227831,7,23
7875,17303,0.001227241,7,23
7876,17304,0.001228037,7,23
7877,17305,0.001227257,7,23
7878,17306,0.001227407,7,23
7879,17307,0.00122789,7,23
7880,17310,0.001227352,7,23
7881,17311,0.001227987,7,23
7882,17312,0.001227936,7,23
7883,17313,0.001227708,7,23
7884,17314,0.001227205,7,23
7885,17315,0.001228206,7,23
7886,17316,0.001227406,7,22
7887,17317,0.001228365,7,22
7888,17320,0.001227381,7,22
7889,17321,0.001227948,7,22
7890,17322,0.001227324,7,22
7891,17323,0.001226784,7,22
7892,17324,0.001226094,7,22
7893,17325,0.001223513,7,22
7894,17326,0.001220828,7,22
7895,17327,0.001217661,7,22
7896,17330,0.001212878,7,22
7897,17331,0.001208812,7,22
7898,17332,0.001202177,7,22
7899,17333,0.001195813,7,22
7900,17334,0.001190596,7,22
7901,17335,0.001184424,7,22
7902,17336,0.001177169,7,22
7903,17337,0.001168984,7,22
7904,17340,0.001161583,7,22
7905,17341,0.001153745,7,22
7906,17342,0.0011447,7,22
7907,17343,0.001134883,7,22
7908,17344,0.001126889,7,22
7909,17345,0.001119344,7,22
7910,17346,0.001113004,7,22
7911,17347,0.001106185,7,21
7912,17350,0.00110032,7,21
7913,17351,0.001094365,7,21
7914,17352,0.001090269,7,21
7915,17353,0.001085981,7,21
7916,17354,0.001083336,7,21
7917,17355,0.001084939,7,21
7918,17356,0.001085582,7,21
7919,17357,0.001088158,7,21
7920,17360,0.001090327,7,21
7921,17361,0.001096328,7,21
7922,17362,0.001100355,7,21
7923,17363,0.001104749,7,21
7924,17364,0.001107591,7,21
7925,17365,0.001109616,7,21
7926,17366,0.001111717,7,21
7927,17367,0.001113661,7,21
7928,17370,0.001113121,7,21
7929,17371,0.001114506,7,21
7930,17372,0.001114613,7,21
7931,17373,0.001114782,7,21
7932,17374,0.00111419,7,21
7933,17375,0.001113091,7,21
7934,17376,0.001112542,7,21
7935,17377,0.001112261,7,21
7936,17400,0.00111081,7,20
7937,17401,0.001108757,7,20
7938,17402,0.001104426,7,20
7939,17403,0.001099832,7,20
7940,17404,0.001093516,7,20
7941,17405,0.001086363,7,20
7942,17406,0.001077885,7,20
7943,17407,0.001065863,7,20
7944,17410,0.00104831,7,20
7945,17411,0.001024676,7,20
7946,17412,3.041838e-05,7,20
7947,17413,3.034498e-05,7,20
7948,17414,3.032626e-05,7,20
7949,17415,3.050133e-05,7,20
7950,17416,3.051022e-05,7,20
7951,17417,3.046845e-05,7,20
7952,17420,3.054057e-05,7,20
7953,17421,3.070019e-05,7,20
7954,17422,3.071096e-05,7,20
7955,17423,3.067471e-05,7,20
7956,17424,3.068482e-05,7,20
7957,17425,3.087418e-05,7,20
7958,17426,3.088364e-05,7,20
7959,17427,3.083237e-05,7,20
7960,17430,3.086328e-05,7,19
7961,17431,3.103544e-05,7,19
7962,17432,3.102567e-05,7,19
7963,17433,3.096722e-05,7,19
7964,17434,3.102209e-05,7,19
7965,17435,3.116309e-05,7,19
7966,17436,3.114813e-05,7,19
7967,17437,3.109463e-05,7,19
7968,17440,3.110594e-05,7,19
7969,17441,3.127297e-05,7,19
7970,17442,3.126365e-05,7,19
7971,17443,3.119421e-05,7,19
7972,17444,3.120779e-05,7,19
7973,17445,3.136719e-05,7,19
7974,17446,3.134177e-05,7,19
7975,17447,3.127534e-05,7,19
7976,17450,3.131145e-05,7,19
7977,17451,3.14496e-05,7,19
7978,17452,3.141961e-05,7,19
7979,17453,3.135322e-05,7,19
7980,17454,3.137183e-05,7,19
7981,17455,3.151263e-05,7,19
7982,17456,3.148687e-05,7,19
7983,17457,3.1408e-05,7,19
7984,17460,3.145112e-05,7,19
7985,17461,3.157712e-05,7,18
7986,17462,3.153373e-05,7,18
7987,17463,3.145448e-05,7,18
7988,17464,3.151278e-05,7,18
7989,17465,3.16293e-05,7,18
7990,17466,3.158621e-05,7,18
7991,17467,3.150648e-05,7,18
7992,17470,3.159353e-05,7,18
7993,17471,3.168748e-05,7,18
7994,17472,3.163606e-05,7,18
7995,17473,3.156668e-05,7,18
7996,17474,3.165647e-05,7,18
7997,17475,3.17381e-05,7,18
7998,17476,3.1696e-05,7,18
7999,17477,3.161674e-05,7,18
8000,17500,3.168898e-05,7,18
8001,17501,3.179692e-05,7,18
8002,17502,3.174528e-05,7,18
8003,17503,3.167299e-05,7,18
8004,17504,3.177531e-05,7,18
8005,17505,3.186349e-05,7,18
8006,17506,3.181782e-05,7,18
8007,17507,3.176395e-05,7,18
8008,17510,3.17919e-05,7,18
8009,17511,3.193689e-05,7,18
8010,17512,3.194635e-05,7,17
8011,17513,3.188769e-05,7,17
8012,17514,3.186557e-05,7,17
8013,17515,3.205997e-05,7,17
8014,17516,3.208913e-05,7,17
8015,17517,3.207841e-05,7,17
8016,17520,3.209156e-05,7,17
8017,17521,3.235629e-05,7,17
8018,17522,3.24968e-05,7,17
8019,17523,3.262639e-05,7,17
8020,17524,3.287251e-05,7,17
8021,17525,3.341191e-05,7,17
8022,17526,3.404632e-05,7,17
8023,17527,3.478941e-05,7,17
8024,17530,3.558183e-05,7,17
8025,17531,3.671633e-05,7,17
8026,17532,3.813273e-05,7,17
8027,17533,3.964724e-05,7,17
8028,17534,4.158765e-05,7,17
8029,17535,4.398709e-05,7,17
8030,17536,4.752896e-05,7,17
8031,17537,5.277929e-05,7,17
8032,17540,5.985425e-05,7,17
8033,17541,7.041238e-05,7,17
8034,17542,8.604427e-05,7,17
8035,17543,0.001132374,7,16
8036,17544,0.00113214,7,16
8037,17545,0.001132199,7,16
8038,17546,0.001132039,7,16
8039,17547,0.001132481,7,16
8040,17550,0.001132004,7,16
8041,17551,0.001131439,7,16
8042,17552,0.001129378,7,16
8043,17553,0.001127535,7,16
8044,17554,0.001123904,7,16
8045,17555,0.001120452,7,16
8046,17556,0.001115555,7,16
8047,17557,0.001110856,7,16
8048,17560,0.00110358,7,16
8049,17561,0.001094505,7,16
8050,17562,0.001082232,7,16
8051,17563,0.001070221,7,16
8052,17564,0.001055713,7,16
8053,17565,0.00103557,7,16
8054,17566,0.001015079,7,16
8055,17567,0.0004018846,7,16
8056,17570,0.0003979034,7,16
8057,17571,0.0003952089,7,16
8058,17572,0.0003916046,7,16
8059,17573,0.0003881907,7,16
8060,17574,0.0003854241,7,15
8061,17575,0.0003779736,7,15
8062,17576,0.0003684584,7,15
8063,17577,0.0003587365,7,15
8064,17600,0.0003394182,7,15
8065,17601,0.0003281807,7,15
8066,17602,0.0003198892,7,15
8067,17603,0.0003144741,7,15
8068,17604,0.0003158556,7,15
8069,17605,0.0003181262,7,15
8070,17606,0.000323254,7,15
8071,17607,0.00033167,7,15
8072,17610,0.0003429107,7,15
8073,17611,0.0003559427,7,15
8074,17612,0.0003693386,7,15
8075,17613,0.0003860844,7,15
8076,17614,0.0004066296,7,15
8077,17615,0.0004339509,7,15
8078,17616,0.0004711054,7,15
8079,17617,0.0005137204,7,15
8080,17620,0.0005619182,7,15
8081,17621,0.000608473,7,15
8082,17622,0.0006588603,7,15
8083,17623,0.0007088159,7,15
8084,17624,0.0007542449,7,14
8085,17625,0.0007976401,7,14
8086,17626,0.0008381472,7,14
8087,17627,0.0008790525,7,14
8088,17630,0.000912818,7,14
8089,17631,0.0009401847,7,14
8090,17632,0.0009667831,7,14
8091,17633,0.0009879863,7,14
8092,17634,0.001011425,7,14
8093,17635,0.001033726,7,14
8094,17636,0.001139738,7,14
8095,17637,0.00113826,7,14
8096,17640,0.001138259,7,14
8097,17641,0.001136774,7,14
8098,17642,0.001136838,7,14
8099,17643,0.001135977,7,14
8100,17644,0.001137018,7,14
8101,17645,0.001137334,7,14
8102,17646,0.001137896,7,14
8103,17647,0.001139053,7,14
8104,17650,0.001139037,7,14
8105,17651,0.001139874,7,14
8106,17652,0.001139199,7,14
8107,17653,0.001138078,7,14
8108,17654,0.001136451,7,14
8109,17655,0.001134912,7,13
8110,17656,0.001133525,7,13
8111,17657,0.001131723,7,13
8112,17660,0.00112878,7,13
8113,17661,0.001127588,7,13
8114,17662,0.00112523,7,13
8115,17663,0.00112362,7,13
8116,17664,0.001122438,7,13
8117,17665,0.001122557,7,13
8118,17666,0.001123898,7,13
8119,17667,0.001125324,7,13
8120,17670,0.00112897,7,13
8121,17671,0.001131642,7,13
8122,17672,0.00113493,7,13
8123,17673,0.001136831,7,13
8124,17674,0.001138359,7,13
8125,17675,0.001138492,7,13
8126,17676,0.001138528,7,13
8127,17677,0.001137814,7,13
8128,17700,0.001135464,7,13
8129,17701,0.001131151,7,13
8130,17702,0.001127344,7,13
8131,17703,0.001118462,7,13
8132,17704,0.001109161,7,13
8133,17705,0.001096447,7,13
8134,17706,0.001080324,7,12
8135,17707,0.001063054,7,12
8136,17710,0.001035436,7,12
8137,17711,0.001006881,7,12
8138,17712,3.022732e-05,7,12
8139,17713,3.024123e-05,7,12
8140,17714,3.038083e-05,7,12
8141,17715,3.037368e-05,7,12
8142,17716,3.032839e-05,7,12
8143,17717,3.040656e-05,7,12
8144,17720,3.054792e-05,7,12
8145,17721,3.053793e-05,7,12
8146,17722,3.048989e-05,7,12
8147,17723,3.060268e-05,7,12
8148,17724,3.071451e-05,7,12
8149,17725,3.069732e-05,7,12
8150,17726,3.065662e-05,7,12
8151,17727,3.071424e-05,7,12
8152,17730,3.085132e-05,7,12
8153,17731,3.083349e-05,7,12
8154,17732,3.077728e-05,7,12
8155,17733,3.083173e-05,7,12
8156,17734,3.096346e-05,7,12
8157,17735,3.094067e-05,7,12
8158,17736,3.089388e-05,7,12
8159,17737,3.088519e-05,7,11
8160,17740,3.104384e-05,7,11
8161,17741,3.103583e-05,7,11
8162,17742,3.099093e-05,7,11
8163,17743,3.094642e-05,7,11
8164,17744,3.112313e-05,7,11
8165,17745,3.111841e-05,7,11
8166,17746,3.106448e-05,7,11
8167,17747,3.102631e-05,7,11
8168,17750,3.118318e-05,7,11
8169,17751,3.118745e-05,7,11
8170,17752,3.114292e-05,7,11
8171,17753,3.107107e-05,7,11
8172,17754,3.120156e-05,7,11
8173,17755,3.125282e-05,7,11
8174,17756,3.11989e-05,7,11
8175,17757,3.112061e-05,7,11
8176,17760,3.124539e-05,7,11
8177,17761,3.130405e-05,7,11
8178,17762,3.123789e-05,7,11
8179,17763,3.116251e-05,7,11
8180,17764,3.130464e-05,7,11
8181,17765,3.133667e-05,7,11
8182,17766,3.126643e-05,7,11
8183,17767,3.120171e-05,7,11
8184,17770,3.133038e-05,7,10
8185,17771,3.137836e-05,7,10
8186,17772,3.131949e-05,7,10
8187,17773,3.123891e-05,7,10
8188,17774,3.137297e-05,7,10
8189,17775,3.141897e-05,7,10
8190,17776,3.136964e-05,7,10
8191,17777,3.128283e-05,7,10
8192,20000,3.135798e-05,7,10
8193,20001,3.145205e-05,7,10
8194,20002,3.139248e-05,7,10
8195,20003,3.130534e-05,7,10
8196,20004,3.141798e-05,7,10
8197,20005,3.147785e-05,7,10
8198,20006,3.141839e-05,7,10
8199,20007,3.134388e-05,7,10
8200,20010,3.142931e-05,7,10
8201,20011,3.150897e-05,7,10
8202,20012,3.146039e-05,7,10
8203,20013,3.137357e-05,7,10
8204,20014,3.145613e-05,7,10
8205,20015,3.153727e-05,7,10
8206,20016,3.148496e-05,7,10
8207,20017,3.140864e-05,7,10
8208,20020,3.146576e-05,7,9
8209,20021,3.156756e-05,7,9
8210,20022,3.152677e-05,7,9
8211,20023,3.144591e-05,7,9
8212,20024,3.146791e-05,7,9
8213,20025,3.158894e-05,7,9
8214,20026,3.157452e-05,7,9
8215,20027,3.149308e-05,7,9
8216,20030,3.146775e-05,7,9
8217,20031,3.162131e-05,7,9
8218,20032,3.160319e-05,7,9
8219,20033,3.153169e-05,7,9
8220,20034,3.150291e-05,7,9
8221,20035,3.164312e-05,7,9
8222,20036,3.165099e-05,7,9
8223,20037,3.15835e-05,7,9
8224,20040,3.153095e-05,7,9
8225,20041,3.170768e-05,7,9
8226,20042,3.172077e-05,7,9
8227,20043,3.168446e-05,7,9
8228,20044,3.165386e-05,7,9
8229,20045,3.183774e-05,7,9
8230,20046,3.195173e-05,7,9
8231,20047,3.200122e-05,7,9
8232,20050,3.207742e-05,7,9
8233,20051,3.247749e-05,7,8
8234,20052,3.286563e-05,7,8
8235,20053,3.321327e-05,7,8
8236,20054,3.380847e-05,7,8
8237,20055,3.469312e-05,7,8
8238,20056,3.564041e-05,7,8
8239,20057,3.688022e-05,7,8
8240,20060,3.820657e-05,7,8
8241,20061,4.031281e-05,7,8
8242,20062,4.247052e-05,7,8
8243,20063,4.524979e-05,7,8
8244,20064,5.005879e-05,7,8
8245,20065,5.585871e-05,7,8
8246,20066,6.536017e-05,7,8
8247,20067,7.719696e-05,7,8
8248,20070,0.001156641,7,8
8249,20071,0.00115668,7,8
8250,20072,0.001157025,7,8
8251,20073,0.00115709,7,8
8252,20074,0.001158471,7,8
8253,20075,0.001157905,7,8
8254,20076,0.001157635,7,8
8255,20077,0.00115805,7,8
8256,20100,0.001158957,7,8
8257,20101,0.001158911,7,8
8258,20102,0.001158588,7,7
8259,20103,0.001158974,7,7
8260,20104,0.001158055,7,7
8261,20105,0.001158104,7,7
8262,20106,0.001158069,7,7
8263,20107,0.001157973,7,7
8264,20110,0.001157446,7,7
8265,20111,0.001156997,7,7
8266,20112,0.001157705,7,7
8267,20113,0.001158224,7,7
8268,20114,0.001157167,7,7
8269,20115,0.001157751,7,7
8270,20116,0.001157505,7,7
8271,20117,0.001157501,7,7
8272,20120,0.001157084,7,7
8273,20121,0.001157411,7,7
8274,20122,0.001157996,7,7
8275,20123,0.001158089,7,7
8276,20124,0.001158595,7,7
8277,20125,0.001158917,7,7
8278,20126,0.001158588,7,7
8279,20127,0.001158898,7,7
8280,20130,0.001158758,7,7
8281,20131,0.001158664,7,7
8282,20132,0.001159074,7,7
8283,20133,0.001158951,7,6
8284,20134,0.001159087,7,6
8285,20135,0.001158794,7,6
8286,20136,0.001158841,7,6
8287,20137,0.00115915,7,6
8288,20140,0.001159565,7,6
8289,20141,0.001159348,7,6
8290,20142,0.001159389,7,6
8291,20143,0.001159107,7,6
8292,20144,0.001159524,7,6
8293,20145,0.001159694,7,6
8294,20146,0.001159718,7,6
8295,20147,0.001159934,7,6
8296,20150,0.001158869,7,6
8297,20151,0.001159664,7,6
8298,20152,0.001159483,7,6
8299,20153,0.001159581,7,6
8300,20154,0.001159307,7,6
8301,20155,0.001159338,7,6
8302,20156,0.001158629,7,6
8303,20157,0.001158397,7,6
8304,20160,0.001159613,7,6
8305,20161,0.001159313,7,6
8306,20162,0.001158722,7,6
8307,20163,0.001159119,7,6
8308,20164,0.001159197,7,5
8309,20165,0.001157969,7,5
8310,20166,0.001158898,7,5
8311,20167,0.001158616,7,5
8312,20170,0.001158676,7,5
8313,20171,0.001158395,7,5
8314,20172,0.00115883,7,5
8315,20173,0.00115822,7,5
8316,20174,0.001158711,7,5
8317,20175,0.001158224,7,5
8318,20176,0.001158518,7,5
8319,20177,0.00115829,7,5
8320,20200,0.001158203,7,5
8321,20201,0.001157488,7,5
8322,20202,0.001157662,7,5
8323,20203,0.001157664,7,5
8324,20204,0.001157022,7,5
8325,20205,0.001156484,7,5
8326,20206,0.001157118,7,5
8327,20207,0.001156564,7,5
8328,20210,0.001156789,7,5
8329,20211,0.001156786,7,5
8330,20212,0.001156264,7,5
8331,20213,0.001154102,7,5
8332,20214,0.001153579,7,4
8333,20215,0.001150182,7,4
8334,20216,0.001145461,7,4
8335,20217,0.001138088,7,4
8336,20220,0.001130157,7,4
8337,20221,0.001119292,7,4
8338,20222,0.001103999,7,4
8339,20223,0.001086794,7,4
8340,20224,0.001062177,7,4
8341,20225,0.001037192,7,4
8342,20226,0.001005035,7,4
8343,20227,3.012031e-05,7,4
8344,20230,3.009343e-05,7,4
8345,20231,3.004721e-05,7,4
8346,20232,3.014027e-05,7,4
8347,20233,3.027988e-05,7,4
8348,20234,3.027042e-05,7,4
8349,20235,3.022832e-05,7,4
8350,20236,3.03514e-05,7,4
8351,20237,3.046974e-05,7,4
8352,20240,3.044857e-05,7,4
8353,20241,3.040676e-05,7,4
8354,20242,3.047132e-05,7,4
8355,20243,3.062477e-05,7,4
8356,20244,3.060808e-05,7,4
8357,20245,3.054196e-05,7,3
8358,20246,3.063197e-05,7,3
8359,20247,3.075248e-05,7,3
8360,20250,3.07239e-05,7,3
8361,20251,3.065764e-05,7,3
8362,20252,3.075804e-05,7,3
8363,20253,3.085787e-05,7,3
8364,20254,3.083012e-05,7,3
8365,20255,3.076741e-05,7,3
8366,20256,3.081785e-05,7,3
8367,20257,3.095059e-05,7,3
8368,20260,3.091551e-05,7,3
8369,20261,3.083342e-05,7,3
8370,20262,3.089336e-05,7,3
8371,20263,3.102487e-05,7,3
8372,20264,3.097934e-05,7,3
8373,20265,3.090519e-05,7,3
8374,20266,3.10107e-05,7,3
8375,20267,3.108466e-05,7,3
8376,20270,3.103459e-05,7,3
8377,20271,3.095531e-05,7,3
8378,20272,3.103441e-05,7,3
8379,20273,3.114622e-05,7,3
8380,20274,3.111164e-05,7,3
8381,20275,3.103456e-05,7,3
8382,20276,3.107382e-05,7,2
8383,20277,3.119485e-05,7,2
8384,20300,3.115137e-05,7,2
8385,20301,3.108419e-05,7,2
8386,20302,3.11229e-05,7,2
8387,20303,3.123816e-05,7,2
8388,20304,3.118882e-05,7,2
8389,20305,3.111397e-05,7,2
8390,20306,3.112433e-05,7,2
8391,20307,3.126439e-05,7,2
8392,20310,3.125599e-05,7,2
8393,20311,3.118782e-05,7,2
8394,20312,3.113893e-05,7,2
8395,20313,3.12968e-05,7,2
8396,20314,3.130022e-05,7,2
8397,20315,3.122863e-05,7,2
8398,20316,3.117269e-05,7,2
8399,20317,3.131893e-05,7,2
8400,20320,3.133371e-05,7,2
8401,20321,3.127001e-05,7,2
8402,20322,3.120909e-05,7,2
8403,20323,3.137017e-05,7,2
8404,20324,3.138042e-05,7,2
8405,20325,3.131387e-05,7,2
8406,20326,3.12564e-05,7,2
8407,20327,3.142758e-05,7,1
8408,20330,3.14453e-05,7,1
8409,20331,3.140501e-05,7,1
8410,20332,3.135336e-05,7,1
8411,20333,3.152786e-05,7,1
8412,20334,3.161285e-05,7,1
8413,20335,3.162465e-05,7,1
8414,20336,3.166075e-05,7,1
8415,20337,3.200572e-05,7,1
8416,20340,3.227385e-05,7,1
8417,20341,3.25501e-05,7,1
8418,20342,3.293264e-05,7,1
8419,20343,3.323543e-05,7,1
8420,20344,3.310189e-05,7,1
8421,20345,3.313463e-05,7,1
8422,20346,3.302402e-05,7,1
8423,20347,3.312476e-05,7,1
8424,20350,3.322351e-05,7,1
8425,20351,3.303312e-05,7,1
8426,20352,3.303848e-05,7,1
8427,20353,3.319257e-05,7,1
8428,20354,3.311266e-05,7,1
8429,20355,3.315254e-05,7,1
8430,20356,3.300493e-05,7,1
8431,20357,3.311483e-05,7,1
8432,20360,3.320881e-05,7,0
8433,20361,3.309437e-05,7,0
8434,20362,3.306641e-05,7,0
8435,20363,3.307484e-05,7,0
8436,20364,3.317177e-05,7,0
8437,20365,3.317479e-05,7,0
8438,20366,3.302966e-05,7,0
8439,20367,3.308099e-05,7,0
8440,20370,3.320878e-05,7,0
8441,20371,3.31505e-05,7,0
8442,20372,3.311425e-05,7,0
8443,20373,3.301845e-05,7,0
8444,20374,3.320249e-05,7,0
8445,20375,3.317246e-05,7,0
8446,20376,3.306705e-05,7,0
8447,20377,3.305449e-05,7,0
8448,20400,3.318106e-05,7,0
8449,20401,3.316092e-05,7,0
8450,20402,3.311896e-05,7,0
8451,20403,3.301424e-05,7,0
8452,20404,3.317813e-05,7,0
8453,20405,3.317456e-05,7,0
8454,20406,3.310959e-05,7,0
8455,20407,3.30441e-05,7,0
8456,20410,3.311443e-05,-1,-1
8457,20411,3.319134e-05,-1,-1
8458,20412,3.313425e-05,-1,-1
8459,20413,3.301907e-05,-1,-1
8460,20414,3.315286e-05,-1,-1
8461,20415,3.318803e-05,-1,-1
8462,20416,3.312461e-05,-1,-1
8463,20417,3.303503e-05,-1,-1
8464,20420,3.312406e-05,-1,-1
8465,20421,3.320267e-05,-1,-1
8466,20422,3.311135e-05,-1,-1
8467,20423,3.302644e-05,-1,-1
8468,20424,3.319312e-05,-1,-1
8469,20425,3.317591e-05,-1,-1
8470,20426,3.310253e-05,-1,-1
8471,20427,3.303315e-05,-1,-1
8472,20430,3.319309e-05,-1,-1
8473,20431,3.318147e-05,-1,-1
8474,20432,3.309987e-05,-1,-1
8475,20433,3.390831e-05,-1,-1
8476,20434,3.497403e-05,-1,-1
8477,20435,3.503546e-05,-1,-1
8478,20436,3.500439e-05,-1,-1
8479,20437,3.490965e-05,-1,-1
8480,20440,3.50421e-05,-1,-1
8481,20441,3.506816e-05,-1,-1
8482,20442,3.5e-05,-1,-1
8483,20443,3.492523e-05,-1,-1
8484,20444,3.502354e-05,-1,-1
8485,20445,3.508464e-05,-1,-1
8486,20446,3.501766e-05,-1,-1
8487,20447,3.491114e-05,-1,-1
8488,20450,3.503596e-05,-1,-1
8489,20451,3.507975e-05,-1,-1
8490,20452,3.501101e-05,-1,-1
8491,20453,3.491185e-05,-1,-1
8492,20454,3.501403e-05,-1,-1
8493,20455,3.51044e-05,-1,-1
8494,20456,3.502699e-05,-1,-1
8495,20457,3.494514e-05,-1,-1
8496,20460,3.497553e-05,-1,-1
8497,20461,3.508529e-05,-1,-1
8498,20462,3.50337e-05,-1,-1
8499,20463,3.493943e-05,-1,-1
8500,20464,3.49721e-05,-1,-1
8501,20465,3.508309e-05,-1,-1
8502,20466,3.504737e-05,-1,-1
8503,20467,3.497666e-05,-1,-1
8504,20470,3.491322e-05,-1,-1
8505,20471,3.506321e-05,-1,-1
8506,20472,3.508792e-05,-1,-1
8507,20473,3.500861e-05,-1,-1
8508,20474,3.493319e-05,-1,-1
8509,20475,3.500249e-05,-1,-1
8510,20476,3.510215e-05,-1,-1
8511,20477,3.5033e-05,-1,-1
8512,20500,3.494072e-05,-1,-1
8513,20501,3.502881e-05,-1,-1
8514,20502,3.510757e-05,-1,-1
8515,20503,3.503926e-05,-1,-1
8516,20504,3.494985e-05,-1,-1
8517,20505,3.504225e-05,-1,-1
8518,20506,3.511003e-05,-1,-1
8519,20507,3.504409e-05,-1,-1
8520,20510,3.497125e-05,-1,-1
8521,20511,3.501546e-05,-1,-1
8522,20512,3.510604e-05,-1,-1
8523,20513,3.505431e-05,-1,-1
8524,20514,3.496071e-05,-1,-1
8525,20515,3.504579e-05,-1,-1
8526,20516,3.510575e-05,-1,-1
8527,20517,3.504811e-05,-1,-1
8528,20520,3.49613e-05,-1,-1
8529,20521,3.50044e-05,-1,-1
8530,20522,3.512127e-05,-1,-1
8531,20523,3.506971e-05,-1,-1
8532,20524,3.496718e-05,-1,-1
8533,20525,3.503419e-05,-1,-1
8534,20526,3.512674e-05,-1,-1
8535,20527,3.508833e-05,-1,-1
8536,20530,3.499705e-05,-1,-1
8537,20531,3.498879e-05,-1,-1
8538,20532,3.513635e-05,-1,-1
8539,20533,3.509173e-05,-1,-1
8540,20534,3.501303e-05,-1,-1
8541,20535,3.499666e-05,-1,-1
8542,20536,3.513158e-05,-1,-1
8543,20537,3.508116e-05,-1,-1
8544,20540,3.499819e-05,-1,-1
8545,20541,3.500966e-05,-1,-1
8546,20542,3.512794e-05,-1,-1
8547,20543,3.508652e-05,-1,-1
8548,20544,3.499239e-05,-1,-1
8549,20545,3.500325e-05,-1,-1
8550,20546,3.51345e-05,-1,-1
8551,20547,3.509416e-05,-1,-1
8552,20550,3.500527e-05,-1,-1
8553,20551,3.502398e-05,-1,-1
8554,20552,3.51393e-05,-1,-1
8555,20553,3.509234e-05,-1,-1
8556,20554,3.498879e-05,-1,-1
8557,20555,3.506444e-05,-1,-1
8558,20556,3.515546e-05,-1,-1
8559,20557,3.511281e-05,-1,-1
8560,20560,3.502161e-05,-1,-1
8561,20561,3.501066e-05,-1,-1
8562,20562,3.514911e-05,-1,-1
8563,20563,3.513424e-05,-1,-1
8564,20564,3.505238e-05,-1,-1
8565,20565,3.498355e-05,-1,-1
8566,20566,3.514648e-05,-1,-1
8567,20567,3.51309e-05,-1,-1
8568,20570,3.5058e-05,-1,-1
8569,20571,3.50363e-05,-1,-1
8570,20572,3.520336e-05,-1,-1
8571,20573,3.519634e-05,-1,-1
8572,20574,3.516281e-05,-1,-1
8573,20575,3.507089e-05,-1,-1
8574,20576,3.516609e-05,-1,-1
8575,20577,3.526177e-05,-1,-1
8576,20600,3.519115e-05,-1,-1
8577,20601,3.514141e-05,-1,-1
8578,20602,3.512578e-05,-1,-1
8579,20603,3.526309e-05,-1,-1
8580,20604,3.524977e-05,-1,-1
8581,20605,3.515587e-05,-1,-1
8582,20606,3.515508e-05,-1,-1
8583,20607,3.528964e-05,-1,-1
8584,20610,3.523062e-05,-1,-1
8585,20611,3.51375e-05,-1,-1
8586,20612,3.505472e-05,-1,-1
8587,20613,3.521554e-05,-1,-1
8588,20614,3.516293e-05,-1,-1
8589,20615,3.505059e-05,-1,-1
8590,20616,3.502006e-05,-1,-1
8591,20617,3.513579e-05,-1,-1
8592,20620,3.510543e-05,-1,-1
8593,20621,3.503419e-05,-1,-1
8594,20622,3.497026e-05,-1,-1
8595,20623,3.510754e-05,-1,-1
8596,20624,3.504187e-05,-1,-1
8597,20625,3.496443e-05,-1,-1
8598,20626,3.489718e-05,-1,-1
8599,20627,3.502802e-05,-1,-1
8600,20630,3.506022e-05,-1,-1
8601,20631,3.496525e-05,-1,-1
8602,20632,3.489621e-05,-1,-1
8603,20633,3.50556e-05,-1,-1
8604,20634,3.505645e-05,-1,-1
8605,20635,3.499013e-05,-1,-1
8606,20636,3.489952e-05,-1,-1
8607,20637,3.503203e-05,-1,-1
8608,20640,3.507715e-05,-1,-1
8609,20641,3.499965e-05,-1,-1
8610,20642,3.493527e-05,-1,-1
8611,20643,3.49755e-05,-1,-1
8612,20644,3.508821e-05,-1,-1
8613,20645,3.503563e-05,-1,-1
8614,20646,3.495925e-05,-1,-1
8615,20647,3.493035e-05,-1,-1
8616,20650,3.507395e-05,-1,-1
8617,20651,3.506377e-05,-1,-1
8618,20652,3.500182e-05,-1,-1
8619,20653,3.491764e-05,-1,-1
8620,20654,3.507123e-05,-1,-1
8621,20655,3.508297e-05,-1,-1
8622,20656,3.499901e-05,-1,-1
8623,20657,3.492397e-05,-1,-1
8624,20660,3.504787e-05,-1,-1
8625,20661,3.508482e-05,-1,-1
8626,20662,3.501101e-05,-1,-1
8627,20663,3.492227e-05,-1,-1
8628,20664,3.506728e-05,-1,-1
8629,20665,3.507422e-05,-1,-1
8630,20666,3.499898e-05,-1,-1
8631,20667,3.492687e-05,-1,-1
8632,20670,3.50852e-05,-1,-1
8633,20671,3.506924e-05,-1,-1
8634,20672,3.498328e-05,-1,-1
8635,20673,3.494836e-05,-1,-1
8636,20674,3.509486e-05,-1,-1
8637,20675,3.506005e-05,-1,-1
8638,20676,3.499444e-05,-1,-1
8639,20677,3.49384e-05,-1,-1
8640,20700,3.510303e-05,-1,-1
8641,20701,3.50741e-05,-1,-1
8642,20702,3.473891e-05,-1,-1
8643,20703,3.492628e-05,-1,-1
8644,20704,3.50818e-05,-1,-1
8645,20705,3.509513e-05,-1,-1
8646,20706,3.501742e-05,-1,-1
8647,20707,3.493709e-05,-1,-1
8648,20710,3.506904e-05,-1,-1
8649,20711,3.510982e-05,-1,-1
8650,20712,3.504497e-05,-1,-1
8651,20713,3.495529e-05,-1,-1
8652,20714,3.50404e-05,-1,-1
8653,20715,3.511904e-05,-1,-1
8654,20716,3.505926e-05,-1,-1
8655,20717,3.496165e-05,-1,-1
8656,20720,3.502468e-05,-1,-1
8657,20721,3.511893e-05,-1,-1
8658,20722,3.505955e-05,-1,-1
8659,20723,3.497933e-05,-1,-1
8660,20724,3.503622e-05,-1,-1
8661,20725,3.512241e-05,-1,-1
8662,20726,3.506301e-05,-1,-1
8663,20727,3.497509e-05,-1,-1
8664,20730,3.501543e-05,-1,-1
8665,20731,3.512765e-05,-1,-1
8666,20732,3.509483e-05,-1,-1
8667,20733,3.501265e-05,-1,-1
8668,20734,3.496121e-05,-1,-1
8669,20735,3.51136e-05,-1,-1
8670,20736,3.510727e-05,-1,-1
8671,20737,3.50368e-05,-1,-1
8672,20740,3.496018e-05,-1,-1
8673,20741,3.507091e-05,-1,-1
8674,20742,3.512446e-05,-1,-1
8675,20743,3.50638e-05,-1,-1
8676,20744,3.496835e-05,-1,-1
8677,20745,3.506552e-05,-1,-1
8678,20746,3.512777e-05,-1,-1
8679,20747,3.505856e-05,-1,-1
8680,20750,3.497149e-05,-1,-1
8681,20751,3.509258e-05,-1,-1
8682,20752,3.512674e-05,-1,-1
8683,20753,3.504948e-05,-1,-1
8684,20754,3.496475e-05,-1,-1
8685,20755,3.507278e-05,-1,-1
8686,20756,3.512947e-05,-1,-1
8687,20757,3.506464e-05,-1,-1
8688,20760,3.497289e-05,-1,-1
8689,20761,3.506693e-05,-1,-1
8690,20762,3.513444e-05,-1,-1
8691,20763,3.506277e-05,-1,-1
8692,20764,3.497854e-05,-1,-1
8693,20765,3.507586e-05,-1,-1
8694,20766,3.513532e-05,-1,-1
8695,20767,3.507425e-05,-1,-1
8696,20770,3.497728e-05,-1,-1
8697,20771,3.506137e-05,8,0
8698,20772,3.513971e-05,8,0
8699,20773,3.507457e-05,8,0
8700,20774,3.498273e-05,8,0
8701,20775,3.506175e-05,8,0
8702,20776,3.513564e-05,8,0
8703,20777,3.50741e-05,8,0
8704,21000,3.499157e-05,8,0
8705,21001,3.50695e-05,8,0
8706,21002,3.514762e-05,8,0
8707,21003,3.508816e-05,8,0
8708,21004,3.499789e-05,8,0
8709,21005,3.50147e-05,8,0
8710,21006,3.514258e-05,8,0
8711,21007,3.510929e-05,8,0
8712,21010,3.500571e-05,8,0
8713,21011,3.422954e-05,8,0
8714,21012,3.340579e-05,8,0
8715,21013,3.292096e-05,8,0
8716,21014,3.248297e-05,8,0
8717,21015,3.208205e-05,8,0
8718,21016,3.203248e-05,8,0
8719,21017,3.193669e-05,8,0
8720,21020,3.181463e-05,8,0
8721,21021,3.169611e-05,8,0
8722,21022,3.169524e-05,8,1
8723,21023,3.17747e-05,8,1
8724,21024,3.170394e-05,8,1
8725,21025,3.159364e-05,8,1
8726,21026,3.159136e-05,8,1
8727,21027,3.170504e-05,8,1
8728,21030,3.164599e-05,8,1
8729,21031,3.156757e-05,8,1
8730,21032,3.157838e-05,8,1
8731,21033,3.169713e-05,8,1
8732,21034,3.165902e-05,8,1
8733,21035,3.156894e-05,8,1
8734,21036,3.155137e-05,8,1
8735,21037,3.169668e-05,8,1
8736,21040,3.16535e-05,8,1
8737,21041,3.157028e-05,8,1
8738,21042,3.157335e-05,8,1
8739,21043,3.170185e-05,8,1
8740,21044,3.165751e-05,8,1
8741,21045,3.158076e-05,8,1
8742,21046,3.154404e-05,8,1
8743,21047,3.170334e-05,8,1
8744,21050,3.167969e-05,8,1
8745,21051,3.161276e-05,8,1
8746,21052,3.154946e-05,8,1
8747,21053,3.169834e-05,8,2
8748,21054,3.170543e-05,8,2
8749,21055,3.162675e-05,8,2
8750,21056,3.15516e-05,8,2
8751,21057,3.170598e-05,8,2
8752,21060,3.170724e-05,8,2
8753,21061,3.164306e-05,8,2
8754,21062,3.156237e-05,8,2
8755,21063,3.169889e-05,8,2
8756,21064,3.172038e-05,8,2
8757,21065,3.164663e-05,8,2
8758,21066,3.156697e-05,8,2
8759,21067,3.165064e-05,8,2
8760,21070,3.174354e-05,8,2
8761,21071,3.168554e-05,8,2
8762,21072,3.160404e-05,8,2
8763,21073,3.160661e-05,8,2
8764,21074,3.175423e-05,8,2
8765,21075,3.171092e-05,8,2
8766,21076,3.162643e-05,8,2
8767,21077,3.159876e-05,8,2
8768,21100,3.175057e-05,8,2
8769,21101,3.174753e-05,8,2
8770,21102,3.166634e-05,8,2
8771,21103,3.161132e-05,8,2
8772,21104,3.177335e-05,8,3
8773,21105,3.175165e-05,8,3
8774,21106,3.167362e-05,8,3
8775,21107,3.162318e-05,8,3
8776,21110,3.178152e-05,8,3
8777,21111,3.17693e-05,8,3
8778,21112,3.16936e-05,8,3
8779,21113,3.163856e-05,8,3
8780,21114,3.180444e-05,8,3
8781,21115,3.179906e-05,8,3
8782,21116,3.174392e-05,8,3
8783,21117,3.167641e-05,8,3
8784,21120,3.180084e-05,8,3
8785,21121,3.185956e-05,8,3
8786,21122,3.181516e-05,8,3
8787,21123,3.176547e-05,8,3
8788,21124,3.18875e-05,8,3
8789,21125,3.20798e-05,8,3
8790,21126,3.216856e-05,8,3
8791,21127,3.228462e-05,8,3
8792,21130,3.250511e-05,8,3
8793,21131,3.29129e-05,8,3
8794,21132,3.3103e-05,8,3
8795,21133,3.32072e-05,8,3
8796,21134,3.339197e-05,8,3
8797,21135,3.37806e-05,8,4
8798,21136,3.411998e-05,8,4
8799,21137,3.455209e-05,8,4
8800,21140,3.539308e-05,8,4
8801,21141,3.681119e-05,8,4
8802,21142,3.867179e-05,8,4
8803,21143,4.140122e-05,8,4
8804,21144,4.513573e-05,8,4
8805,21145,4.991125e-05,8,4
8806,21146,5.577756e-05,8,4
8807,21147,6.431322e-05,8,4
8808,21150,7.643225e-05,8,4
8809,21151,9.153713e-05,8,4
8810,21152,0.001341537,8,4
8811,21153,0.001341723,8,4
8812,21154,0.001342139,8,4
8813,21155,0.001341178,8,4
8814,21156,0.001340635,8,4
8815,21157,0.001340683,8,4
8816,21160,0.001340208,8,4
8817,21161,0.00134001,8,4
8818,21162,0.001340214,8,4
8819,21163,0.001340064,8,4
8820,21164,0.001339196,8,4
8821,21165,0.001340876,8,5
8822,21166,0.001340717,8,5
8823,21167,0.001340063,8,5
8824,21170,0.001340035,8,5
8825,21171,0.001340467,8,5
8826,21172,0.001340029,8,5
8827,21173,0.001340039,8,5
8828,21174,0.001341132,8,5
8829,21175,0.001340753,8,5
8830,21176,0.001340765,8,5
8831,21177,0.001340981,8,5
8832,21200,0.001340333,8,5
8833,21201,0.001340808,8,5
8834,21202,0.001342062,8,5
8835,21203,0.001341829,8,5
8836,21204,0.001342988,8,5
8837,21205,0.001342912,8,5
8838,21206,0.001342928,8,5
8839,21207,0.001341977,8,5
8840,21210,0.001342104,8,5
8841,21211,0.001342771,8,5
8842,21212,0.001343047,8,5
8843,21213,0.001342666,8,5
8844,21214,0.00134242,8,5
8845,21215,0.001342596,8,5
8846,21216,0.001342199,8,6
8847,21217,0.001342773,8,6
8848,21220,0.001342363,8,6
8849,21221,0.001342232,8,6
8850,21222,0.001341813,8,6
8851,21223,0.001341367,8,6
8852,21224,0.001341846,8,6
8853,21225,0.001341777,8,6
8854,21226,0.001342426,8,6
8855,21227,0.001341869,8,6
8856,21230,0.001341972,8,6
8857,21231,0.001342127,8,6
8858,21232,0.0013425,8,6
8859,21233,0.001342796,8,6
8860,21234,0.001343269,8,6
8861,21235,0.001342813,8,6
8862,21236,0.001342192,8,6
8863,21237,0.001343064,8,6
8864,21240,0.001342813,8,6
8865,21241,0.001342982,8,6
8866,21242,0.001342142,8,6
8867,21243,0.001342507,8,6
8868,21244,0.001342624,8,6
8869,21245,0.001342308,8,6
8870,21246,0.00134224,8,6
8871,21247,0.001341834,8,7
8872,21250,0.0013418,8,7
8873,21251,0.001341936,8,7
8874,21252,0.001340642,8,7
8875,21253,0.001339613,8,7
8876,21254,0.001339857,8,7
8877,21255,0.001339817,8,7
8878,21256,0.001340664,8,7
8879,21257,0.00133933,8,7
8880,21260,0.001339555,8,7
8881,21261,0.001339877,8,7
8882,21262,0.001340315,8,7
8883,21263,0.001340739,8,7
8884,21264,0.001339665,8,7
8885,21265,0.001338758,8,7
8886,21266,0.001339139,8,7
8887,21267,0.001338096,8,7
8888,21270,0.001338133,8,7
8889,21271,0.001337188,8,7
8890,21272,0.00133725,8,7
8891,21273,0.001335131,8,7
8892,21274,0.001333309,8,7
8893,21275,0.001328367,8,7
8894,21276,0.001322094,8,7
8895,21277,0.001313138,8,7
8896,21300,0.001304206,8,8
8897,21301,0.00129192,8,8
8898,21302,0.001274913,8,8
8899,21303,0.001256966,8,8
8900,21304,0.001233029,8,8
8901,21305,0.001208665,8,8
8902,21306,0.001178444,8,8
8903,21307,0.001139785,8,8
8904,21310,0.001099203,8,8
8905,21311,0.001046831,8,8
8906,21312,3.031337e-05,8,8
8907,21313,3.025403e-05,8,8
8908,21314,3.032741e-05,8,8
8909,21315,3.046125e-05,8,8
8910,21316,3.045416e-05,8,8
8911,21317,3.040919e-05,8,8
8912,21320,3.052829e-05,8,8
8913,21321,3.063578e-05,8,8
8914,21322,3.062055e-05,8,8
8915,21323,3.055737e-05,8,8
8916,21324,3.070303e-05,8,8
8917,21325,3.077502e-05,8,8
8918,21326,3.074223e-05,8,8
8919,21327,3.068868e-05,8,8
8920,21330,3.08473e-05,8,8
8921,21331,3.090214e-05,8,9
8922,21332,3.085735e-05,8,9
8923,21333,3.080028e-05,8,9
8924,21334,3.095671e-05,8,9
8925,21335,3.100423e-05,8,9
8926,21336,3.096164e-05,8,9
8927,21337,3.090317e-05,8,9
8928,21340,3.105477e-05,8,9
8929,21341,3.110743e-05,8,9
8930,21342,3.105397e-05,8,9
8931,21343,3.099003e-05,8,9
8932,21344,3.109707e-05,8,9
8933,21345,3.118433e-05,8,9
8934,21346,3.114192e-05,8,9
8935,21347,3.107935e-05,8,9
8936,21350,3.115951e-05,8,9
8937,21351,3.126026e-05,8,9
8938,21352,3.121623e-05,8,9
8939,21353,3.113732e-05,8,9
8940,21354,3.124329e-05,8,9
8941,21355,3.132055e-05,8,9
8942,21356,3.125801e-05,8,9
8943,21357,3.119058e-05,8,9
8944,21360,3.128248e-05,8,9
8945,21361,3.137892e-05,8,10
8946,21362,3.133299e-05,8,10
8947,21363,3.125734e-05,8,10
8948,21364,3.132591e-05,8,10
8949,21365,3.14295e-05,8,10
8950,21366,3.140419e-05,8,10
8951,21367,3.133354e-05,8,10
8952,21370,3.131371e-05,8,10
8953,21371,3.146775e-05,8,10
8954,21372,3.145226e-05,8,10
8955,21373,3.13841e-05,8,10
8956,21374,3.133724e-05,8,10
8957,21375,3.15032e-05,8,10
8958,21376,3.150139e-05,8,10
8959,21377,3.143388e-05,8,10
8960,21400,3.137816e-05,8,10
8961,21401,3.153368e-05,8,10
8962,21402,3.155686e-05,8,10
8963,21403,3.15003e-05,8,10
8964,21404,3.142494e-05,8,10
8965,21405,3.155102e-05,8,10
8966,21406,3.160524e-05,8,10
8967,21407,3.154826e-05,8,10
8968,21410,3.14638e-05,8,10
8969,21411,3.16045e-05,8,10
8970,21412,3.16418e-05,8,11
8971,21413,3.158908e-05,8,11
8972,21414,3.150722e-05,8,11
8973,21415,3.165867e-05,8,11
8974,21416,3.169462e-05,8,11
8975,21417,3.163838e-05,8,11
8976,21420,3.155915e-05,8,11
8977,21421,3.165623e-05,8,11
8978,21422,3.174878e-05,8,11
8979,21423,3.170595e-05,8,11
8980,21424,3.163741e-05,8,11
8981,21425,3.168072e-05,8,11
8982,21426,3.180859e-05,8,11
8983,21427,3.176687e-05,8,11
8984,21430,3.17134e-05,8,11
8985,21431,3.174354e-05,8,11
8986,21432,3.189224e-05,8,11
8987,21433,3.187298e-05,8,11
8988,21434,3.183e-05,8,11
8989,21435,3.188835e-05,8,11
8990,21436,3.208738e-05,8,11
8991,21437,3.215896e-05,8,11
8992,21440,3.222115e-05,8,11
8993,21441,3.249372e-05,8,11
8994,21442,3.28579e-05,8,11
8995,21443,3.304082e-05,8,12
8996,21444,3.319427e-05,8,12
8997,21445,3.338866e-05,8,12
8998,21446,3.374699e-05,8,12
8999,21447,3.404237e-05,8,12
9000,21450,3.445726e-05,8,12
9001,21451,3.522939e-05,8,12
9002,21452,3.657278e-05,8,12
9003,21453,3.811522e-05,8,12
9004,21454,4.024065e-05,8,12
9005,21455,4.375957e-05,8,12
9006,21456,4.814594e-05,8,12
9007,21457,5.410907e-05,8,12
9008,21460,6.111088e-05,8,12
9009,21461,7.155519e-05,8,12
9010,21462,8.377761e-05,8,12
9011,21463,0.001327283,8,12
9012,21464,0.001327828,8,12
9013,21465,0.001328805,8,12
9014,21466,0.001328869,8,12
9015,21467,0.001328933,8,12
9016,21470,0.001329046,8,12
9017,21471,0.001330742,8,12
9018,21472,0.001330105,8,12
9019,21473,0.001330749,8,12
9020,21474,0.001331048,8,13
9021,21475,0.001331159,8,13
9022,21476,0.001330516,8,13
9023,21477,0.001330469,8,13
9024,21500,0.00133017,8,13
9025,21501,0.001330818,8,13
9026,21502,0.001330106,8,13
9027,21503,0.001329052,8,13
9028,21504,0.001328402,8,13
9029,21505,0.001329519,8,13
9030,21506,0.001327403,8,13
9031,21507,0.00132756,8,13
9032,21510,0.00132739,8,13
9033,21511,0.001327086,8,13
9034,21512,0.001326888,8,13
9035,21513,0.001327884,8,13
9036,21514,0.001326619,8,13
9037,21515,0.001326782,8,13
9038,21516,0.001326544,8,13
9039,21517,0.001326858,8,13
9040,21520,0.001327363,8,13
9041,21521,0.001327062,8,13
9042,21522,0.001329216,8,13
9043,21523,0.001329501,8,13
9044,21524,0.001329806,8,13
9045,21525,0.001331362,8,14
9046,21526,0.001331522,8,14
9047,21527,0.001332334,8,14
9048,21530,0.001332825,8,14
9049,21531,0.001332358,8,14
9050,21532,0.001331804,8,14
9051,21533,0.001331106,8,14
9052,21534,0.001329778,8,14
9053,21535,0.001326601,8,14
9054,21536,0.001325039,8,14
9055,21537,0.001322718,8,14
9056,21540,0.001319862,8,14
9057,21541,0.001316351,8,14
9058,21542,0.001312922,8,14
9059,21543,0.001307594,8,14
9060,21544,0.001302372,8,14
9061,21545,0.001295524,8,14
9062,21546,0.001287991,8,14
9063,21547,0.001280771,8,14
9064,21550,0.001272782,8,14
9065,21551,0.001264371,8,14
9066,21552,0.001252117,8,14
9067,21553,0.001240113,8,14
9068,21554,0.001224357,8,14
9069,21555,0.00120595,8,15
9070,21556,0.001187191,8,15
9071,21557,0.001165938,8,15
9072,21560,0.001142839,8,15
9073,21561,0.001114754,8,15
9074,21562,0.001080582,8,15
9075,21563,0.001043569,8,15
9076,21564,0.0005014742,8,15
9077,21565,0.0004963088,8,15
9078,21566,0.0004924438,8,15
9079,21567,0.0004902371,8,15
9080,21570,0.0004870175,8,15
9081,21571,0.000483391,8,15
9082,21572,0.0004829045,8,15
9083,21573,0.0004805387,8,15
9084,21574,0.0004784279,8,15
9085,21575,0.0004755993,8,15
9086,21576,0.0004715462,8,15
9087,21577,0.0004680771,8,15
9088,21600,0.0004629309,8,15
9089,21601,0.0004574028,8,15
9090,21602,0.000447656,8,15
9091,21603,0.0004347384,8,15
9092,21604,0.0004262253,8,15
9093,21605,0.0004160519,8,15
9094,21606,0.0004099575,8,16
9095,21607,0.0004060077,8,16
9096,21610,0.0004028573,8,16
9097,21611,0.0003991794,8,16
9098,21612,0.0003965276,8,16
9099,21613,0.0003967477,8,16
9100,21614,0.0003983562,8,16
9101,21615,0.0004035664,8,16
9102,21616,0.0004082562,8,16
9103,21617,0.0004145081,8,16
9104,21620,0.0004259483,8,16
9105,21621,0.0004448525,8,16
9106,21622,0.0004710619,8,16
9107,21623,0.0005091433,8,16
9108,21624,0.000548168,8,16
9109,21625,0.0005936227,8,16
9110,21626,0.0006388741,8,16
9111,21627,0.0006861874,8,16
9112,21630,0.0007354659,8,16
9113,21631,0.0007814222,8,16
9114,21632,0.0008298528,8,16
9115,21633,0.0008781529,8,16
9116,21634,0.0009250283,8,16
9117,21635,0.0009738004,8,16
9118,21636,0.001018117,8,16
9119,21637,0.001105628,8,17
9120,21640,0.001063934,8,17
9121,21641,0.001006385,8,17
9122,21642,3.096511e-05,8,17
9123,21643,3.110573e-05,8,17
9124,21644,3.108439e-05,8,17
9125,21645,3.101351e-05,8,17
9126,21646,3.103284e-05,8,17
9127,21647,3.11833e-05,8,17
9128,21650,3.1175e-05,8,17
9129,21651,3.111739e-05,8,17
9130,21652,3.109499e-05,8,17
9131,21653,3.126916e-05,8,17
9132,21654,3.126854e-05,8,17
9133,21655,3.12061e-05,8,17
9134,21656,3.11659e-05,8,17
9135,21657,3.131835e-05,8,17
9136,21660,3.136349e-05,8,17
9137,21661,3.132358e-05,8,17
9138,21662,3.124999e-05,8,17
9139,21663,3.133283e-05,8,17
9140,21664,3.143891e-05,8,17
9141,21665,3.139895e-05,8,17
9142,21666,3.132625e-05,8,17
9143,21667,3.139526e-05,8,17
9144,21670,3.149776e-05,8,18
9145,21671,3.145603e-05,8,18
9146,21672,3.136193e-05,8,18
9147,21673,3.147995e-05,8,18
9148,21674,3.154691e-05,8,18
9149,21675,3.147978e-05,8,18
9150,21676,3.141071e-05,8,18
9151,21677,3.152563e-05,8,18
9152,21700,3.158577e-05,8,18
9153,21701,3.153357e-05,8,18
9154,21702,3.145352e-05,8,18
9155,21703,3.153395e-05,8,18
9156,21704,3.162398e-05,8,18
9157,21705,3.157417e-05,8,18
9158,21706,3.149214e-05,8,18
9159,21707,3.15925e-05,8,18
9160,21710,3.166557e-05,8,18
9161,21711,3.160609e-05,8,18
9162,21712,3.15271e-05,8,18
9163,21713,3.163647e-05,8,18
9164,21714,3.170112e-05,8,18
9165,21715,3.1657e-05,8,18
9166,21716,3.157759e-05,8,18
9167,21717,3.16375e-05,8,18
9168,21720,3.175113e-05,8,18
9169,21721,3.170217e-05,8,19
9170,21722,3.162673e-05,8,19
9171,21723,3.167852e-05,8,19
9172,21724,3.179112e-05,8,19
9173,21725,3.174635e-05,8,19
9174,21726,3.16664e-05,8,19
9175,21727,3.17433e-05,8,19
9176,21730,3.184068e-05,8,19
9177,21731,3.180386e-05,8,19
9178,21732,3.172729e-05,8,19
9179,21733,3.17653e-05,8,19
9180,21734,3.191043e-05,8,19
9181,21735,3.190901e-05,8,19
9182,21736,3.187319e-05,8,19
9183,21737,3.195381e-05,8,19
9184,21740,3.219473e-05,8,19
9185,21741,3.22932e-05,8,19
9186,21742,3.242824e-05,8,19
9187,21743,3.264909e-05,8,19
9188,21744,3.302966e-05,8,19
9189,21745,3.322081e-05,8,19
9190,21746,3.332572e-05,8,19
9191,21747,3.346472e-05,8,19
9192,21750,3.392137e-05,8,19
9193,21751,3.439132e-05,8,20
9194,21752,3.496815e-05,8,20
9195,21753,3.590019e-05,8,20
9196,21754,3.764407e-05,8,20
9197,21755,3.996116e-05,8,20
9198,21756,4.314743e-05,8,20
9199,21757,4.792121e-05,8,20
9200,21760,5.354225e-05,8,20
9201,21761,6.03796e-05,8,20
9202,21762,6.973057e-05,8,20
9203,21763,8.258966e-05,8,20
9204,21764,0.001314928,8,20
9205,21765,0.001315499,8,20
9206,21766,0.001315698,8,20
9207,21767,0.001315942,8,20
9208,21770,0.001314859,8,20
9209,21771,0.001311204,8,20
9210,21772,0.001305301,8,20
9211,21773,0.001300065,8,20
9212,21774,0.001294523,8,20
9213,21775,0.001289503,8,20
9214,21776,0.001285351,8,20
9215,21777,0.001281689,8,20
9216,22000,0.001277897,8,20
9217,22001,0.001273406,8,20
9218,22002,0.00127039,8,21
9219,22003,0.001270673,8,21
9220,22004,0.001270299,8,21
9221,22005,0.001271636,8,21
9222,22006,0.001273072,8,21
9223,22007,0.00127781,8,21
9224,22010,0.001284578,8,21
9225,22011,0.00129388,8,21
9226,22012,0.001305582,8,21
9227,22013,0.001315812,8,21
9228,22014,0.001323384,8,21
9229,22015,0.001334341,8,21
9230,22016,0.001343883,8,21
9231,22017,0.001353336,8,21
9232,22020,0.00136342,8,21
9233,22021,0.001371749,8,21
9234,22022,0.001382109,8,21
9235,22023,0.001389989,8,21
9236,22024,0.001399382,8,21
9237,22025,0.001405583,8,21
9238,22026,0.001411743,8,21
9239,22027,0.001417048,8,21
9240,22030,0.001421258,8,21
9241,22031,0.001422106,8,21
9242,22032,0.00142268,8,21
9243,22033,0.001424423,8,22
9244,22034,0.001424761,8,22
9245,22035,0.001424546,8,22
9246,22036,0.001423785,8,22
9247,22037,0.001423054,8,22
9248,22040,0.001423263,8,22
9249,22041,0.001423357,8,22
9250,22042,0.00142427,8,22
9251,22043,0.001423916,8,22
9252,22044,0.001423314,8,22
9253,22045,0.001424034,8,22
9254,22046,0.001424189,8,22
9255,22047,0.001423878,8,22
9256,22050,0.001422993,8,22
9257,22051,0.001423193,8,22
9258,22052,0.001423287,8,22
9259,22053,0.001422959,8,22
9260,22054,0.001422618,8,22
9261,22055,0.001423005,8,22
9262,22056,0.001422984,8,22
9263,22057,0.001422522,8,22
9264,22060,0.001423626,8,22
9265,22061,0.001423066,8,22
9266,22062,0.001423183,8,22
9267,22063,0.001422897,8,22
9268,22064,0.001422615,8,23
9269,22065,0.001422316,8,23
9270,22066,0.00142362,8,23
9271,22067,0.001422912,8,23
9272,22070,0.001423158,8,23
9273,22071,0.001422732,8,23
9274,22072,0.001422479,8,23
9275,22073,0.001423088,8,23
9276,22074,0.001421342,8,23
9277,22075,0.001421484,8,23
9278,22076,0.001421883,8,23
9279,22077,0.001421715,8,23
9280,22100,0.001421712,8,23
9281,22101,0.001423193,8,23
9282,22102,0.001423019,8,23
9283,22103,0.001422472,8,23
9284,22104,0.001423169,8,23
9285,22105,0.001423591,8,23
9286,22106,0.001423286,8,23
9287,22107,0.001423135,8,23
9288,22110,0.001422988,8,23
9289,22111,0.001422837,8,23
9290,22112,0.001423265,8,23
9291,22113,0.001423341,8,23
9292,22114,0.001422807,8,23
9293,22115,0.001423207,8,24
9294,22116,0.001423188,8,24
9295,22117,0.001422394,8,24
9296,22120,0.001422918,8,24
9297,22121,0.001422416,8,24
9298,22122,0.001423205,8,24
9299,22123,0.001423415,8,24
9300,22124,0.001423111,8,24
9301,22125,0.001424004,8,24
9302,22126,0.00142258,8,24
9303,22127,0.001422826,8,24
9304,22130,0.001422612,8,24
9305,22131,0.001423149,8,24
9306,22132,0.001423188,8,24
9307,22133,0.00142368,8,24
9308,22134,0.001423193,8,24
9309,22135,0.00142326,8,24
9310,22136,0.001422716,8,24
9311,22137,0.001422603,8,24
9312,22140,0.001422392,8,24
9313,22141,0.001422443,8,24
9314,22142,0.001422422,8,24
9315,22143,0.001423351,8,24
9316,22144,0.001422649,8,24
9317,22145,0.001422938,-1,-1
9318,22146,0.001423376,-1,-1
9319,22147,0.001423335,-1,-1
9320,22150,0.001423375,-1,-1
9321,22151,0.001423549,-1,-1
9322,22152,0.001423843,-1,-1
9323,22153,0.001422946,-1,-1
9324,22154,0.001422883,-1,-1
9325,22155,0.001423673,-1,-1
9326,22156,0.001422984,-1,-1
9327,22157,0.001422978,-1,-1
9328,22160,0.001422878,-1,-1
9329,22161,0.00142247,-1,-1
9330,22162,0.001423142,-1,-1
9331,22163,0.001422825,-1,-1
9332,22164,0.001423733,-1,-1
9333,22165,0.001422166,-1,-1
9334,22166,0.001422124,-1,-1
9335,22167,0.001423192,-1,-1
9336,22170,0.001422681,-1,-1
9337,22171,0.001422176,-1,-1
9338,22172,0.001422612,-1,-1
9339,22173,0.00142313,-1,-1
9340,22174,0.001423053,-1,-1
9341,22175,0.001421893,-1,-1
9342,22176,0.001422787,-1,-1
9343,22177,0.001422992,-1,-1
9344,22200,0.001423373,-1,-1
9345,22201,0.001421931,-1,-1
9346,22202,0.00142308,-1,-1
9347,22203,0.001422823,-1,-1
9348,22204,0.001422924,-1,-1
9349,22205,0.0014227,-1,-1
9350,22206,0.001423186,-1,-1
9351,22207,0.001423579,-1,-1
9352,22210,0.001422439,-1,-1
9353,22211,0.001423076,-1,-1
9354,22212,0.00142227,-1,-1
9355,22213,0.00142296,-1,-1
9356,22214,0.001422958,-1,-1
9357,22215,0.001422772,-1,-1
9358,22216,0.001423795,-1,-1
9359,22217,0.001422696,-1,-1
9360,22220,0.001421685,-1,-1
9361,22221,0.001422633,-1,-1
9362,22222,0.001422485,-1,-1
9363,22223,0.00142268,-1,-1
9364,22224,0.001422079,-1,-1
9365,22225,0.001421731,-1,-1
9366,22226,0.001421414,-1,-1
9367,22227,0.001422946,-1,-1
9368,22230,0.001422296,-1,-1
9369,22231,0.001422158,-1,-1
9370,22232,0.001422336,-1,-1
9371,22233,0.00142224,-1,-1
9372,22234,0.001423465,-1,-1
9373,22235,0.001421668,-1,-1
9374,22236,0.001421607,-1,-1
9375,22237,0.001422595,-1,-1
9376,22240,0.001421479,-1,-1
9377,22241,0.001421954,-1,-1
9378,22242,0.001421058,-1,-1
9379,22243,0.001422861,-1,-1
9380,22244,0.001422292,-1,-1
9381,22245,0.00142263,-1,-1
9382,22246,0.00142205,-1,-1
9383,22247,0.001421773,-1,-1
9384,22250,0.001422333,-1,-1
9385,22251,0.001422446,-1,-1
9386,22252,0.001422715,-1,-1
9387,22253,0.001421983,-1,-1
9388,22254,0.001421779,-1,-1
9389,22255,0.001422641,-1,-1
9390,22256,0.001422135,-1,-1
9391,22257,0.001422608,-1,-1
9392,22260,0.001422012,-1,-1
9393,22261,0.001422949,-1,-1
9394,22262,0.001423185,-1,-1
9395,22263,0.00142304,-1,-1
9396,22264,0.001422051,-1,-1
9397,22265,0.00142145,-1,-1
9398,22266,0.001420981,-1,-1
9399,22267,0.001421508,-1,-1
9400,22270,0.001422597,-1,-1
9401,22271,0.00142247,-1,-1
9402,22272,0.001422842,-1,-1
9403,22273,0.001421446,-1,-1
9404,22274,0.001421988,-1,-1
9405,22275,0.001421843,-1,-1
9406,22276,0.001421942,-1,-1
9407,22277,0.001421779,-1,-1
9408,22300,0.001422416,-1,-1
9409,22301,0.00142169,-1,-1
9410,22302,0.001421713,-1,-1
9411,22303,0.001421115,-1,-1
9412,22304,0.001422409,-1,-1
9413,22305,0.001423135,-1,-1
9414,22306,0.001422421,-1,-1
9415,22307,0.001422785,-1,-1
9416,22310,0.001422212,-1,-1
9417,22311,0.001422002,-1,-1
9418,22312,0.001421837,-1,-1
9419,22313,0.00142215,-1,-1
9420,22314,0.001422263,-1,-1
9421,22315,0.001423286,-1,-1
9422,22316,0.001422451,-1,-1
9423,22317,0.00142297,-1,-1
9424,22320,0.00142227,-1,-1
9425,22321,0.001422794,-1,-1
9426,22322,0.001422139,-1,-1
9427,22323,0.001422394,-1,-1
9428,22324,0.001421661,-1,-1
9429,22325,0.001421567,-1,-1
9430,22326,0.00142152,-1,-1
9431,22327,0.001421457,-1,-1
9432,22330,0.001422154,-1,-1
9433,22331,0.001422346,-1,-1
9434,22332,0.001422726,-1,-1
9435,22333,0.001422844,-1,-1
9436,22334,0.001422082,-1,-1
9437,22335,0.001422567,-1,-1
9438,22336,0.001421958,-1,-1
9439,22337,0.001422001,-1,-1
9440,22340,0.00142227,-1,-1
9441,22341,0.001422446,-1,-1
9442,22342,0.001421877,-1,-1
9443,22343,0.001422276,-1,-1
9444,22344,0.001422416,-1,-1
9445,22345,0.001422526,-1,-1
9446,22346,0.001422456,-1,-1
9447,22347,0.001422603,-1,-1
9448,22350,0.001422258,-1,-1
9449,22351,0.001421972,-1,-1
9450,22352,0.001421802,-1,-1
9451,22353,0.001422953,-1,-1
9452,22354,0.001422725,-1,-1
9453,22355,0.001422258,-1,-1
9454,22356,0.001422792,-1,-1
9455,22357,0.001422476,-1,-1
9456,22360,0.00142213,-1,-1
9457,22361,0.001421579,-1,-1
9458,22362,0.001421877,-1,-1
9459,22363,0.001422694,-1,-1
9460,22364,0.001423313,-1,-1
9461,22365,0.001422991,-1,-1
9462,22366,0.001422386,-1,-1
9463,22367,0.001422176,-1,-1
9464,22370,0.001422929,-1,-1
9465,22371,0.001422254,-1,-1
9466,22372,0.001422497,-1,-1
9467,22373,0.001421932,-1,-1
9468,22374,0.001422392,-1,-1
9469,22375,0.001421591,-1,-1
9470,22376,0.00142196,-1,-1
9471,22377,0.001422082,-1,-1
9472,22400,0.00142207,-1,-1
9473,22401,0.001421745,-1,-1
9474,22402,0.001422042,-1,-1
9475,22403,0.001421751,-1,-1
9476,22404,0.001422323,-1,-1
9477,22405,0.001421683,-1,-1
9478,22406,0.001422205,-1,-1
9479,22407,0.001422578,-1,-1
9480,22410,0.001421311,-1,-1
9481,22411,0.0014221,-1,-1
9482,22412,0.001421661,-1,-1
9483,22413,0.001421689,-1,-1
9484,22414,0.001421419,-1,-1
9485,22415,0.001422194,-1,-1
9486,22416,0.001422203,-1,-1
9487,22417,0.001421666,-1,-1
9488,22420,0.001422305,-1,-1
9489,22421,0.001422299,-1,-1
9490,22422,0.001421742,-1,-1
9491,22423,0.001421486,-1,-1
9492,22424,0.001421692,-1,-1
9493,22425,0.001422509,-1,-1
9494,22426,0.00142207,-1,-1
9495,22427,0.001422206,-1,-1
9496,22430,0.001421568,-1,-1
9497,22431,0.001423178,-1,-1
9498,22432,0.001421683,-1,-1
9499,22433,0.001422293,-1,-1
9500,22434,0.001421696,-1,-1
9501,22435,0.001422561,-1,-1
9502,22436,0.001421895,-1,-1
9503,22437,0.001422849,-1,-1
9504,22440,0.001422656,-1,-1
9505,22441,0.0014212,-1,-1
9506,22442,0.001421382,-1,-1
9507,22443,0.00142244,-1,-1
9508,22444,0.001421696,-1,-1
9509,22445,0.001421689,-1,-1
9510,22446,0.001422158,-1,-1
9511,22447,0.00142231,-1,-1
9512,22450,0.001422051,-1,-1
9513,22451,0.00142201,-1,-1
9514,22452,0.001420955,-1,-1
9515,22453,0.001422176,-1,-1
9516,22454,0.001422339,-1,-1
9517,22455,0.001422206,-1,-1
9518,22456,0.001422194,-1,-1
9519,22457,0.001422533,-1,-1
9520,22460,0.001422579,-1,-1
9521,22461,0.001422398,-1,-1
9522,22462,0.001422081,-1,-1
9523,22463,0.001421807,-1,-1
9524,22464,0.001421972,-1,-1
9525,22465,0.001420901,-1,-1
9526,22466,0.001421661,-1,-1
9527,22467,0.00142143,-1,-1
9528,22470,0.001422352,-1,-1
9529,22471,0.001422209,-1,-1
9530,22472,0.001422475,-1,-1
9531,22473,0.00142178,-1,-1
9532,22474,0.00142127,-1,-1
9533,22475,0.001421687,-1,-1
9534,22476,0.001422248,-1,-1
9535,22477,0.001421748,-1,-1
9536,22500,0.001422078,-1,-1
9537,22501,0.001422327,-1,-1
9538,22502,0.001421567,-1,-1
9539,22503,0.001421931,-1,-1
9540,22504,0.001421285,-1,-1
9541,22505,0.001421655,-1,-1
9542,22506,0.001421765,-1,-1
9543,22507,0.001421147,-1,-1
9544,22510,0.001421913,-1,-1
9545,22511,0.0014212,-1,-1
9546,22512,0.001421767,-1,-1
9547,22513,0.001422918,-1,-1
9548,22514,0.001421772,-1,-1
9549,22515,0.001421788,-1,-1
9550,22516,0.001421848,-1,-1
9551,22517,0.001421305,-1,-1
9552,22520,0.001421842,-1,-1
9553,22521,0.001421302,-1,-1
9554,22522,0.001422166,-1,-1
9555,22523,0.00142237,-1,-1
9556,22524,0.001421824,-1,-1
9557,22525,0.001422181,9,24
9558,22526,0.001421485,9,24
9559,22527,0.001421273,9,24
9560,22530,0.001421645,9,24
9561,22531,0.001421767,9,24
9562,22532,0.001421668,9,24
9563,22533,0.001421235,9,24
9564,22534,0.001421274,9,24
9565,22535,0.001422591,9,24
9566,22536,0.001421335,9,24
9567,22537,0.00142196,9,24
9568,22540,0.001421655,9,24
9569,22541,0.001422119,9,24
9570,22542,0.001421054,9,24
9571,22543,0.001422042,9,24
9572,22544,0.001421684,9,24
9573,22545,0.001421498,9,24
9574,22546,0.001420929,9,24
9575,22547,0.001421783,9,24
9576,22550,0.001421388,9,24
9577,22551,0.001421023,9,24
9578,22552,0.001422124,9,24
9579,22553,0.00142185,9,24
9580,22554,0.001421643,9,24
9581,22555,0.001420906,9,24
9582,22556,0.001421008,9,23
9583,22557,0.001420861,9,23
9584,22560,0.001421907,9,23
9585,22561,0.001421151,9,23
9586,22562,0.001420667,9,23
9587,22563,0.001421151,9,23
9588,22564,0.001421264,9,23
9589,22565,0.001420892,9,23
9590,22566,0.001421439,9,23
9591,22567,0.001422169,9,23
9592,22570,0.00142117,9,23
9593,22571,0.0014208,9,23
9594,22572,0.00142073,9,23
9595,22573,0.001421755,9,23
9596,22574,0.001420882,9,23
9597,22575,0.001421579,9,23
9598,22576,0.001421012,9,23
9599,22577,0.001421054,9,23
9600,22600,0.001421263,9,23
9601,22601,0.001420946,9,23
9602,22602,0.001421403,9,23
9603,22603,0.001421838,9,23
9604,22604,0.00142176,9,23
9605,22605,0.001420427,9,23
9606,22606,0.001420765,9,23
9607,22607,0.001421691,9,22
9608,22610,0.001421679,9,22
9609,22611,0.001421404,9,22
9610,22612,0.001421368,9,22
9611,22613,0.001421012,9,22
9612,22614,0.001419935,9,22
9613,22615,0.001418433,9,22
9614,22616,0.001415127,9,22
9615,22617,0.001412477,9,22
9616,22620,0.001406469,9,22
9617,22621,0.001399898,9,22
9618,22622,0.001391931,9,22
9619,22623,0.001383425,9,22
9620,22624,0.001375339,9,22
9621,22625,0.001367359,9,22
9622,22626,0.001359636,9,22
9623,22627,0.001350579,9,22
9624,22630,0.001341875,9,22
9625,22631,0.00133475,9,22
9626,22632,0.001328279,9,22
9627,22633,0.001319725,9,22
9628,22634,0.001312262,9,22
9629,22635,0.001305949,9,22
9630,22636,0.001300894,9,22
9631,22637,0.001296754,9,22
9632,22640,0.001294196,9,21
9633,22641,0.001291633,9,21
9634,22642,0.001287826,9,21
9635,22643,0.00128418,9,21
9636,22644,0.001283311,9,21
9637,22645,0.001282691,9,21
9638,22646,0.001283151,9,21
9639,22647,0.001284596,9,21
9640,22650,0.001285405,9,21
9641,22651,0.00128878,9,21
9642,22652,0.001293694,9,21
9643,22653,0.001297897,9,21
9644,22654,0.001304166,9,21
9645,22655,0.001307981,9,21
9646,22656,0.001309736,9,21
9647,22657,0.001312068,9,21
9648,22660,0.001313144,9,21
9649,22661,0.001314514,9,21
9650,22662,0.001316052,9,21
9651,22663,0.001317035,9,21
9652,22664,0.001317638,9,21
9653,22665,0.001318568,9,21
9654,22666,0.001318365,9,21
9655,22667,0.001318079,9,21
9656,22670,0.001316291,9,21
9657,22671,0.001315342,9,20
9658,22672,0.001314123,9,20
9659,22673,0.001309885,9,20
9660,22674,0.001305153,9,20
9661,22675,0.001297994,9,20
9662,22676,0.001289594,9,20
9663,22677,0.001277671,9,20
9664,22700,0.001262354,9,20
9665,22701,0.001243417,9,20
9666,22702,0.001215943,9,20
9667,22703,0.001182563,9,20
9668,22704,0.001148608,9,20
9669,22705,0.001103409,9,20
9670,22706,0.00105471,9,20
9671,22707,0.001002324,9,20
9672,22710,3.009434e-05,9,20
9673,22711,3.007773e-05,9,20
9674,22712,3.023529e-05,9,20
9675,22713,3.022089e-05,9,20
9676,22714,3.017231e-05,9,20
9677,22715,3.021714e-05,9,20
9678,22716,3.037799e-05,9,20
9679,22717,3.03858e-05,9,20
9680,22720,3.035749e-05,9,20
9681,22721,3.035287e-05,9,19
9682,22722,3.054663e-05,9,19
9683,22723,3.057298e-05,9,19
9684,22724,3.053693e-05,9,19
9685,22725,3.052174e-05,9,19
9686,22726,3.070601e-05,9,19
9687,22727,3.072177e-05,9,19
9688,22730,3.067345e-05,9,19
9689,22731,3.067295e-05,9,19
9690,22732,3.083086e-05,9,19
9691,22733,3.082465e-05,9,19
9692,22734,3.076972e-05,9,19
9693,22735,3.072724e-05,9,19
9694,22736,3.090434e-05,9,19
9695,22737,3.090987e-05,9,19
9696,22740,3.085934e-05,9,19
9697,22741,3.083462e-05,9,19
9698,22742,3.100652e-05,9,19
9699,22743,3.099662e-05,9,19
9700,22744,3.092741e-05,9,19
9701,22745,3.089878e-05,9,19
9702,22746,3.105313e-05,9,19
9703,22747,3.105198e-05,9,19
9704,22750,3.100614e-05,9,19
9705,22751,3.093876e-05,9,19
9706,22752,3.109458e-05,9,18
9707,22753,3.109534e-05,9,18
9708,22754,3.102566e-05,9,18
9709,22755,3.096875e-05,9,18
9710,22756,3.11363e-05,9,18
9711,22757,3.115677e-05,9,18
9712,22760,3.111115e-05,9,18
9713,22761,3.103974e-05,9,18
9714,22762,3.116696e-05,9,18
9715,22763,3.122949e-05,9,18
9716,22764,3.119404e-05,9,18
9717,22765,3.111525e-05,9,18
9718,22766,3.119749e-05,9,18
9719,22767,3.129252e-05,9,18
9720,22770,3.125312e-05,9,18
9721,22771,3.120065e-05,9,18
9722,22772,3.127312e-05,9,18
9723,22773,3.139439e-05,9,18
9724,22774,3.136507e-05,9,18
9725,22775,3.130839e-05,9,18
9726,22776,3.144085e-05,9,18
9727,22777,3.151011e-05,9,18
9728,23000,3.147006e-05,9,18
9729,23001,3.142568e-05,9,18
9730,23002,3.160451e-05,9,18
9731,23003,3.171784e-05,9,17
9732,23004,3.175125e-05,9,17
9733,23005,3.176676e-05,9,17
9734,23006,3.191754e-05,9,17
9735,23007,3.212394e-05,9,17
9736,23010,3.222693e-05,9,17
9737,23011,3.234268e-05,9,17
9738,23012,3.270214e-05,9,17
9739,23013,3.315053e-05,9,17
9740,23014,3.354902e-05,9,17
9741,23015,3.416695e-05,9,17
9742,23016,3.52178e-05,9,17
9743,23017,3.651578e-05,9,17
9744,23020,3.802886e-05,9,17
9745,23021,3.983234e-05,9,17
9746,23022,4.185778e-05,9,17
9747,23023,4.461906e-05,9,17
9748,23024,4.806904e-05,9,17
9749,23025,5.196482e-05,9,17
9750,23026,5.670183e-05,9,17
9751,23027,6.301325e-05,9,17
9752,23030,7.228542e-05,9,17
9753,23031,8.432867e-05,9,17
9754,23032,0.001135709,9,17
9755,23033,0.001109435,9,17
9756,23034,0.001078727,9,16
9757,23035,0.00104541,9,16
9758,23036,0.001004833,9,16
9759,23037,0.0004892974,9,16
9760,23040,0.0005077161,9,16
9761,23041,0.0005299741,9,16
9762,23042,0.0005512965,9,16
9763,23043,0.0005735987,9,16
9764,23044,0.0005921484,9,16
9765,23045,0.000606923,9,16
9766,23046,0.0006138177,9,16
9767,23047,0.0006175669,9,16
9768,23050,0.0006180587,9,16
9769,23051,0.0006134772,9,16
9770,23052,0.0006089034,9,16
9771,23053,0.0006030142,9,16
9772,23054,0.0005920143,9,16
9773,23055,0.000584895,9,16
9774,23056,0.000581195,9,16
9775,23057,0.0005800918,9,16
9776,23060,0.0005800352,9,16
9777,23061,0.0005793346,9,16
9778,23062,0.0005778183,9,16
9779,23063,0.0005770166,9,16
9780,23064,0.0005780042,9,16
9781,23065,0.0005804193,9,15
9782,23066,0.0005891536,9,15
9783,23067,0.0005983902,9,15
9784,23070,0.0006036191,9,15
9785,23071,0.0006081369,9,15
9786,23072,0.0006106839,9,15
9787,23073,0.0006126727,9,15
9788,23074,0.0006186573,9,15
9789,23075,0.0006283706,9,15
9790,23076,0.0006380156,9,15
9791,23077,0.0006509658,9,15
9792,23100,0.0006647676,9,15
9793,23101,0.0006833412,9,15
9794,23102,0.000708649,9,15
9795,23103,0.0007352732,9,15
9796,23104,0.0007701603,9,15
9797,23105,0.0008052399,9,15
9798,23106,0.0008463396,9,15
9799,23107,0.0008887118,9,15
9800,23110,0.0009237062,9,15
9801,23111,0.0009587609,9,15
9802,23112,0.0009901292,9,15
9803,23113,0.001019585,9,15
9804,23114,0.001324584,9,15
9805,23115,0.001324559,9,14
9806,23116,0.001323711,9,14
9807,23117,0.001322644,9,14
9808,23120,0.001322301,9,14
9809,23121,0.001322547,9,14
9810,23122,0.001322657,9,14
9811,23123,0.001322903,9,14
9812,23124,0.001321336,9,14
9813,23125,0.001321997,9,14
9814,23126,0.001320125,9,14
9815,23127,0.001320224,9,14
9816,23130,0.001319816,9,14
9817,23131,0.001320337,9,14
9818,23132,0.001320392,9,14
9819,23133,0.001321144,9,14
9820,23134,0.001321644,9,14
9821,23135,0.001322717,9,14
9822,23136,0.001324233,9,14
9823,23137,0.001325066,9,14
9824,23140,0.001325449,9,14
9825,23141,0.001325952,9,14
9826,23142,0.001325969,9,14
9827,23143,0.001326017,9,14
9828,23144,0.001325988,9,14
9829,23145,0.001325918,9,14
9830,23146,0.001326567,9,13
9831,23147,0.001327426,9,13
9832,23150,0.001327491,9,13
9833,23151,0.00132887,9,13
9834,23152,0.001328724,9,13
9835,23153,0.001328457,9,13
9836,23154,0.001329381,9,13
9837,23155,0.001329714,9,13
9838,23156,0.001330333,9,13
9839,23157,0.001329419,9,13
9840,23160,0.001330116,9,13
9841,23161,0.001329186,9,13
9842,23162,0.001327957,9,13
9843,23163,0.001327577,9,13
9844,23164,0.001326788,9,13
9845,23165,0.001326952,9,13
9846,23166,0.001326093,9,13
9847,23167,0.001326556,9,13
9848,23170,0.00132514,9,13
9849,23171,0.001326214,9,13
9850,23172,0.001326417,9,13
9851,23173,0.001325643,9,13
9852,23174,0.00132351,9,13
9853,23175,0.001318341,9,13
9854,23176,0.001311831,9,13
9855,23177,0.001302997,9,12
9856,23200,0.001290516,9,12
9857,23201,0.001275344,9,12
9858,23202,0.001253942,9,12
9859,23203,0.001233028,9,12
9860,23204,0.001206149,9,12
9861,23205,0.001176115,9,12
9862,23206,0.001142396,9,12
9863,23207,0.001096571,9,12
9864,23210,0.001041995,9,12
9865,23211,3.025385e-05,9,12
9866,23212,3.019544e-05,9,12
9867,23213,3.014867e-05,9,12
9868,23214,3.030994e-05,9,12
9869,23215,3.03832e-05,9,12
9870,23216,3.0362e-05,9,12
9871,23217,3.03195e-05,9,12
9872,23220,3.048716e-05,9,12
9873,23221,3.05528e-05,9,12
9874,23222,3.052783e-05,9,12
9875,23223,3.048024e-05,9,12
9876,23224,3.060835e-05,9,12
9877,23225,3.070189e-05,9,12
9878,23226,3.06738e-05,9,12
9879,23227,3.061725e-05,9,12
9880,23230,3.071959e-05,9,11
9881,23231,3.081483e-05,9,11
9882,23232,3.078324e-05,9,11
9883,23233,3.07143e-05,9,11
9884,23234,3.081336e-05,9,11
9885,23235,3.09124e-05,9,11
9886,23236,3.087767e-05,9,11
9887,23237,3.080245e-05,9,11
9888,23240,3.09137e-05,9,11
9889,23241,3.099595e-05,9,11
9890,23242,3.094759e-05,9,11
9891,23243,3.087076e-05,9,11
9892,23244,3.100959e-05,9,11
9893,23245,3.105535e-05,9,11
9894,23246,3.100593e-05,9,11
9895,23247,3.093774e-05,9,11
9896,23250,3.10829e-05,9,11
9897,23251,3.11238e-05,9,11
9898,23252,3.106428e-05,9,11
9899,23253,3.100291e-05,9,11
9900,23254,3.10971e-05,9,11
9901,23255,3.117798e-05,9,11
9902,23256,3.112883e-05,9,11
9903,23257,3.1074e-05,9,11
9904,23260,3.107529e-05,9,11
9905,23261,3.122788e-05,9,10
9906,23262,3.120226e-05,9,10
9907,23263,3.114122e-05,9,10
9908,23264,3.112046e-05,9,10
9909,23265,3.126658e-05,9,10
9910,23266,3.124398e-05,9,10
9911,23267,3.116821e-05,9,10
9912,23270,3.116657e-05,9,10
9913,23271,3.130942e-05,9,10
9914,23272,3.128705e-05,9,10
9915,23273,3.121295e-05,9,10
9916,23274,3.117712e-05,9,10
9917,23275,3.132168e-05,9,10
9918,23276,3.132531e-05,9,10
9919,23277,3.126061e-05,9,10
9920,23300,3.12075e-05,9,10
9921,23301,3.136481e-05,9,10
9922,23302,3.134941e-05,9,10
9923,23303,3.128391e-05,9,10
9924,23304,3.123067e-05,9,10
9925,23305,3.137148e-05,9,10
9926,23306,3.140373e-05,9,10
9927,23307,3.134232e-05,9,10
9928,23310,3.126457e-05,9,10
9929,23311,3.136965e-05,9,9
9930,23312,3.143783e-05,9,9
9931,23313,3.139426e-05,9,9
9932,23314,3.130511e-05,9,9
9933,23315,3.138149e-05,9,9
9934,23316,3.147518e-05,9,9
9935,23317,3.144196e-05,9,9
9936,23320,3.136294e-05,9,9
9937,23321,3.134782e-05,9,9
9938,23322,3.149337e-05,9,9
9939,23323,3.150427e-05,9,9
9940,23324,3.143724e-05,9,9
9941,23325,3.137347e-05,9,9
9942,23326,3.151227e-05,9,9
9943,23327,3.155721e-05,9,9
9944,23330,3.15018e-05,9,9
9945,23331,3.143703e-05,9,9
9946,23332,3.154853e-05,9,9
9947,23333,3.165817e-05,9,9
9948,23334,3.164382e-05,9,9
9949,23335,3.159648e-05,9,9
9950,23336,3.169075e-05,9,9
9951,23337,3.186308e-05,9,9
9952,23340,3.190483e-05,9,9
9953,23341,3.196998e-05,9,9
9954,23342,3.223353e-05,9,8
9955,23343,3.271042e-05,9,8
9956,23344,3.31507e-05,9,8
9957,23345,3.366932e-05,9,8
9958,23346,3.458561e-05,9,8
9959,23347,3.585979e-05,9,8
9960,23350,3.736859e-05,9,8
9961,23351,3.924996e-05,9,8
9962,23352,4.139188e-05,9,8
9963,23353,4.410584e-05,9,8
9964,23354,4.673748e-05,9,8
9965,23355,5.048616e-05,9,8
9966,23356,5.533075e-05,9,8
9967,23357,6.061702e-05,9,8
9968,23360,6.930705e-05,9,8
9969,23361,7.935259e-05,9,8
9970,23362,0.001337604,9,8
9971,23363,0.001337477,9,8
9972,23364,0.001337138,9,8
9973,23365,0.001337547,9,8
9974,23366,0.00133815,9,8
9975,23367,0.001338571,9,8
9976,23370,0.00133798,9,8
9977,23371,0.001338659,9,8
9978,23372,0.001339048,9,8
9979,23373,0.001338734,9,7
9980,23374,0.001338675,9,7
9981,23375,0.001338422,9,7
9982,23376,0.001339197,9,7
9983,23377,0.001338033,9,7
9984,23400,0.001337851,9,7
9985,23401,0.001337353,9,7
9986,23402,0.001337535,9,7
9987,23403,0.001337992,9,7
9988,23404,0.001336792,9,7
9989,23405,0.001336323,9,7
9990,23406,0.001336802,9,7
9991,23407,0.001336405,9,7
9992,23410,0.001337066,9,7
9993,23411,0.001337716,9,7
9994,23412,0.001337979,9,7
9995,23413,0.001338703,9,7
9996,23414,0.001339099,9,7
9997,23415,0.001338388,9,7
9998,23416,0.001338612,9,7
9999,23417,0.001339144,9,7
10000,23420,0.00133904,9,7
10001,23421,0.00133857,9,7
10002,23422,0.001338738,9,7
10003,23423,0.001338254,9,7
10004,23424,0.00133915,9,6
10005,23425,0.00133894,9,6
10006,23426,0.001338629,9,6
10007,23427,0.001339069,9,6
10008,23430,0.001338208,9,6
10009,23431,0.001339198,9,6
10010,23432,0.001339596,9,6
10011,23433,0.001339582,9,6
10012,23434,0.001339391,9,6
10013,23435,0.001339192,9,6
10014,23436,0.00133981,9,6
10015,23437,0.001339981,9,6
10016,23440,0.001339993,9,6
10017,23441,0.001338583,9,6
10018,23442,0.001338372,9,6
10019,23443,0.001338452,9,6
10020,23444,0.001337684,9,6
10021,23445,0.001337097,9,6
10022,23446,0.001336804,9,6
10023,23447,0.001336675,9,6
10024,23450,0.001336502,9,6
10025,23451,0.001337347,9,6
10026,23452,0.00133686,9,6
10027,23453,0.001336605,9,6
10028,23454,0.001338056,9,6
10029,23455,0.001338145,9,5
10030,23456,0.001337993,9,5
10031,23457,0.001338396,9,5
10032,23460,0.001338947,9,5
10033,23461,0.001338172,9,5
10034,23462,0.001337734,9,5
10035,23463,0.001338068,9,5
10036,23464,0.00133805,9,5
10037,23465,0.001338863,9,5
10038,23466,0.001338374,9,5
10039,23467,0.001338318,9,5
10040,23470,0.001338481,9,5
10041,23471,0.001338442,9,5
10042,23472,0.001337788,9,5
10043,23473,0.001338018,9,5
10044,23474,0.001337727,9,5
10045,23475,0.001336727,9,5
10046,23476,0.001336716,9,5
10047,23477,0.001336576,9,5
10048,23500,0.001335301,9,5
10049,23501,0.001333941,9,5
10050,23502,0.001332638,9,5
10051,23503,0.001330819,9,5
10052,23504,0.001328719,9,5
10053,23505,0.001323873,9,4
10054,23506,0.001317754,9,4
10055,23507,0.001310379,9,4
10056,23510,0.001300651,9,4
10057,23511,0.001284589,9,4
10058,23512,0.001269716,9,4
10059,23513,0.001248926,9,4
10060,23514,0.001224583,9,4
10061,23515,0.001196622,9,4
10062,23516,0.00115761,9,4
10063,23517,0.001113885,9,4
10064,23520,0.001071538,9,4
10065,23521,0.001012662,9,4
10066,23522,2.986551e-05,9,4
10067,23523,2.996359e-05,9,4
10068,23524,3.007581e-05,9,4
10069,23525,3.006859e-05,9,4
10070,23526,3.002644e-05,9,4
10071,23527,3.012293e-05,9,4
10072,23530,3.026538e-05,9,4
10073,23531,3.024825e-05,9,4
10074,23532,3.021324e-05,9,4
10075,23533,3.024811e-05,9,4
10076,23534,3.041833e-05,9,4
10077,23535,3.041782e-05,9,4
10078,23536,3.038366e-05,9,3
10079,23537,3.03755e-05,9,3
10080,23540,3.05473e-05,9,3
10081,23541,3.056303e-05,9,3
10082,23542,3.051234e-05,9,3
10083,23543,3.047618e-05,9,3
10084,23544,3.063095e-05,9,3
10085,23545,3.06793e-05,9,3
10086,23546,3.063341e-05,9,3
10087,23547,3.057289e-05,9,3
10088,23550,3.073475e-05,9,3
10089,23551,3.076872e-05,9,3
10090,23552,3.072361e-05,9,3
10091,23553,3.066272e-05,9,3
10092,23554,3.077526e-05,9,3
10093,23555,3.08533e-05,9,3
10094,23556,3.079607e-05,9,3
10095,23557,3.073125e-05,9,3
10096,23560,3.086999e-05,9,3
10097,23561,3.092665e-05,9,3
10098,23562,3.088319e-05,9,3
10099,23563,3.081468e-05,9,3
10100,23564,3.087494e-05,9,3
10101,23565,3.099058e-05,9,3
10102,23566,3.095305e-05,9,3
10103,23567,3.087403e-05,9,2
10104,23570,3.092916e-05,9,2
10105,23571,3.104341e-05,9,2
10106,23572,3.100557e-05,9,2
10107,23573,3.093997e-05,9,2
10108,23574,3.096663e-05,9,2
10109,23575,3.109587e-05,9,2
10110,23576,3.105403e-05,9,2
10111,23577,3.097982e-05,9,2
10112,23600,3.1003e-05,9,2
10113,23601,3.114228e-05,9,2
10114,23602,3.110577e-05,9,2
10115,23603,3.102791e-05,9,2
10116,23604,3.107365e-05,9,2
10117,23605,3.118828e-05,9,2
10118,23606,3.114117e-05,9,2
10119,23607,3.106346e-05,9,2
10120,23610,3.11332e-05,9,2
10121,23611,3.123517e-05,9,2
10122,23612,3.120074e-05,9,2
10123,23613,3.113531e-05,9,2
10124,23614,3.119473e-05,9,2
10125,23615,3.131018e-05,9,2
10126,23616,3.128509e-05,9,2
10127,23617,3.121377e-05,9,2
10128,23620,3.125355e-05,9,1
10129,23621,3.141187e-05,9,1
10130,23622,3.141227e-05,9,1
10131,23623,3.137646e-05,9,1
10132,23624,3.141681e-05,9,1
10133,23625,3.161592e-05,9,1
10134,23626,3.166903e-05,9,1
10135,23627,3.170666e-05,9,1
10136,23630,3.18314e-05,9,1
10137,23631,3.225844e-05,9,1
10138,23632,3.264365e-05,9,1
10139,23633,3.307297e-05,9,1
10140,23634,3.372665e-05,9,1
10141,23635,3.439648e-05,9,1
10142,23636,3.420038e-05,9,1
10143,23637,3.417813e-05,9,1
10144,23640,3.417154e-05,9,1
10145,23641,3.415479e-05,9,1
10146,23642,3.433813e-05,9,1
10147,23643,3.414803e-05,9,1
10148,23644,3.407569e-05,9,1
10149,23645,3.423088e-05,9,1
10150,23646,3.417183e-05,9,1
10151,23647,3.422278e-05,9,1
10152,23650,3.415594e-05,9,1
10153,23651,3.403646e-05,9,0
10154,23652,3.428279e-05,9,0
10155,23653,3.417244e-05,9,0
10156,23654,3.41463e-05,9,0
10157,23655,3.410253e-05,9,0
10158,23656,3.417226e-05,9,0
10159,23657,3.427749e-05,9,0
10160,23660,3.413629e-05,9,0
10161,23661,3.405309e-05,9,0
10162,23662,3.422925e-05,9,0
10163,23663,3.419994e-05,9,0
10164,23664,3.417503e-05,9,0
10165,23665,3.405853e-05,9,0
10166,23666,3.420252e-05,9,0
10167,23667,3.424544e-05,9,0
10168,23670,3.409934e-05,9,0
10169,23671,3.40756e-05,9,0
10170,23672,3.420741e-05,9,0
10171,23673,3.418636e-05,9,0
10172,23674,3.412888e-05,9,0
10173,23675,3.403932e-05,9,0
10174,23676,3.421502e-05,9,0
10175,23677,3.419063e-05,9,0
10176,23700,3.411331e-05,9,0
10177,23701,3.406816e-05,-1,-1
10178,23702,3.41668e-05,-1,-1
10179,23703,3.42e-05,-1,-1
10180,23704,3.414663e-05,-1,-1
10181,23705,3.404588e-05,-1,-1
10182,23706,3.41398e-05,-1,-1
10183,23707,3.421244e-05,-1,-1
10184,23710,3.416557e-05,-1,-1
10185,23711,3.406887e-05,-1,-1
10186,23712,3.412332e-05,-1,-1
10187,23713,3.423103e-05,-1,-1
10188,23714,3.415447e-05,-1,-1
10189,23715,3.406241e-05,-1,-1
10190,23716,3.41497e-05,-1,-1
10191,23717,3.420829e-05,-1,-1
10192,23720,3.414314e-05,-1,-1
10193,23721,3.405239e-05,-1,-1
10194,23722,3.411644e-05,-1,-1
10195,23723,3.421338e-05,-1,-1
10196,23724,3.415318e-05,-1,-1
10197,23725,3.408529e-05,-1,-1
10198,23726,3.408289e-05,-1,-1
10199,23727,3.419976e-05,-1,-1
10200,23730,3.417564e-05,-1,-1
10201,23731,3.409718e-05,-1,-1
10202,23732,3.404914e-05,-1,-1
10203,23733,3.417962e-05,-1,-1
10204,23734,3.419043e-05,-1,-1
10205,23735,3.412718e-05,-1,-1
10206,23736,3.403045e-05,-1,-1
10207,23737,3.418503e-05,-1,-1
10208,23740,3.420301e-05,-1,-1
10209,23741,3.412347e-05,-1,-1
10210,23742,3.404383e-05,-1,-1
10211,23743,3.418712e-05,-1,-1
10212,23744,3.419663e-05,-1,-1
10213,23745,3.411966e-05,-1,-1
10214,23746,3.403312e-05,-1,-1
10215,23747,3.417388e-05,-1,-1
10216,23750,3.421083e-05,-1,-1
10217,23751,3.414911e-05,-1,-1
10218,23752,3.407563e-05,-1,-1
10219,23753,3.408576e-05,-1,-1
10220,23754,3.421792e-05,-1,-1
10221,23755,3.417936e-05,-1,-1
10222,23756,3.410482e-05,-1,-1
10223,23757,3.408453e-05,-1,-1
10224,23760,3.42202e-05,-1,-1
10225,23761,3.420588e-05,-1,-1
10226,23762,3.412698e-05,-1,-1
10227,23763,3.410458e-05,-1,-1
10228,23764,3.423888e-05,-1,-1
10229,23765,3.419675e-05,-1,-1
10230,23766,3.411677e-05,-1,-1
10231,23767,3.409252e-05,-1,-1
10232,23770,3.424058e-05,-1,-1
10233,23771,3.421317e-05,-1,-1
10234,23772,3.410248e-05,-1,-1
10235,23773,3.410294e-05,-1,-1
10236,23774,3.424555e-05,-1,-1
10237,23775,3.419634e-05,-1,-1
10238,23776,3.409724e-05,-1,-1
10239,23777,3.410382e-05,-1,-1
10240,24000,3.422878e-05,-1,-1
10241,24001,3.418302e-05,-1,-1
10242,24002,3.411322e-05,-1,-1
10243,24003,3.414557e-05,-1,-1
10244,24004,3.424392e-05,-1,-1
10245,24005,3.418527e-05,-1,-1
10246,24006,3.410488e-05,-1,-1
10247,24007,3.416674e-05,-1,-1
10248,24010,3.425203e-05,-1,-1
10249,24011,3.419698e-05,-1,-1
10250,24012,3.412104e-05,-1,-1
10251,24013,3.413834e-05,-1,-1
10252,24014,3.426084e-05,-1,-1
10253,24015,3.421531e-05,-1,-1
10254,24016,3.414106e-05,-1,-1
10255,24017,3.41389e-05,-1,-1
10256,24020,3.4258e-05,-1,-1
10257,24021,3.42108e-05,-1,-1
10258,24022,3.413091e-05,-1,-1
10259,24023,3.414335e-05,-1,-1
10260,24024,3.426376e-05,-1,-1
10261,24025,3.420038e-05,-1,-1
10262,24026,3.410268e-05,-1,-1
10263,24027,3.424485e-05,-1,-1
10264,24030,3.4238e-05,-1,-1
10265,24031,3.416923e-05,-1,-1
10266,24032,3.408968e-05,-1,-1
10267,24033,3.418814e-05,-1,-1
10268,24034,3.425721e-05,-1,-1
10269,24035,3.419479e-05,-1,-1
10270,24036,3.410336e-05,-1,-1
10271,24037,3.417166e-05,-1,-1
10272,24040,3.424535e-05,-1,-1
10273,24041,3.41774e-05,-1,-1
10274,24042,3.409706e-05,-1,-1
10275,24043,3.414516e-05,-1,-1
10276,24044,3.423434e-05,-1,-1
10277,24045,3.418548e-05,-1,-1
10278,24046,3.409718e-05,-1,-1
10279,24047,3.4136e-05,-1,-1
10280,24050,3.424544e-05,-1,-1
10281,24051,3.420173e-05,-1,-1
10282,24052,3.411855e-05,-1,-1
10283,24053,3.416414e-05,-1,-1
10284,24054,3.426675e-05,-1,-1
10285,24055,3.420843e-05,-1,-1
10286,24056,3.412365e-05,-1,-1
10287,24057,3.413538e-05,-1,-1
10288,24060,3.426927e-05,-1,-1
10289,24061,3.423103e-05,-1,-1
10290,24062,3.414639e-05,-1,-1
10291,24063,3.41107e-05,-1,-1
10292,24064,3.425835e-05,-1,-1
10293,24065,3.420635e-05,-1,-1
10294,24066,3.411621e-05,-1,-1
10295,24067,3.410898e-05,-1,-1
10296,24070,3.427115e-05,-1,-1
10297,24071,3.432167e-05,-1,-1
10298,24072,3.43109e-05,-1,-1
10299,24073,3.429202e-05,-1,-1
10300,24074,3.448082e-05,-1,-1
10301,24075,3.448492e-05,-1,-1
10302,24076,3.440612e-05,-1,-1
10303,24077,3.426458e-05,-1,-1
10304,24100,3.43155e-05,-1,-1
10305,24101,3.437168e-05,-1,-1
10306,24102,3.43246e-05,-1,-1
10307,24103,3.42589e-05,-1,-1
10308,24104,3.424763e-05,-1,-1
10309,24105,3.425106e-05,-1,-1
10310,24106,3.420079e-05,-1,-1
10311,24107,3.410906e-05,-1,-1
10312,24110,3.41733e-05,-1,-1
10313,24111,3.433544e-05,-1,-1
10314,24112,3.428909e-05,-1,-1
10315,24113,3.421523e-05,-1,-1
10316,24114,3.410646e-05,-1,-1
10317,24115,3.419819e-05,-1,-1
10318,24116,3.416414e-05,-1,-1
10319,24117,3.401055e-05,-1,-1
10320,24120,3.390038e-05,-1,-1
10321,24121,3.397433e-05,-1,-1
10322,24122,3.397017e-05,-1,-1
10323,24123,3.391961e-05,-1,-1
10324,24124,3.382349e-05,-1,-1
10325,24125,3.399869e-05,-1,-1
10326,24126,3.398279e-05,-1,-1
10327,24127,3.391844e-05,-1,-1
10328,24130,3.386466e-05,-1,-1
10329,24131,3.396882e-05,-1,-1
10330,24132,3.400153e-05,-1,-1
10331,24133,3.393208e-05,-1,-1
10332,24134,3.38552e-05,-1,-1
10333,24135,3.39943e-05,-1,-1
10334,24136,3.401019e-05,-1,-1
10335,24137,3.395638e-05,-1,-1
10336,24140,3.385898e-05,-1,-1
10337,24141,3.398621e-05,-1,-1
10338,24142,3.403121e-05,-1,-1
10339,24143,3.394432e-05,-1,-1
10340,24144,3.385821e-05,-1,-1
10341,24145,3.399008e-05,-1,-1
10342,24146,3.4014e-05,-1,-1
10343,24147,3.395272e-05,-1,-1
10344,24150,3.385306e-05,-1,-1
10345,24151,3.393887e-05,-1,-1
10346,24152,3.402446e-05,-1,-1
10347,24153,3.395243e-05,-1,-1
10348,24154,3.389613e-05,-1,-1
10349,24155,3.386439e-05,-1,-1
10350,24156,3.400589e-05,-1,-1
10351,24157,3.397002e-05,-1,-1
10352,24160,3.388214e-05,-1,-1
10353,24161,3.38369e-05,-1,-1
10354,24162,3.395849e-05,-1,-1
10355,24163,3.39813e-05,-1,-1
10356,24164,3.390936e-05,-1,-1
10357,24165,3.381957e-05,-1,-1
10358,24166,3.390886e-05,-1,-1
10359,24167,3.398613e-05,-1,-1
10360,24170,3.391691e-05,-1,-1
10361,24171,3.382631e-05,-1,-1
10362,24172,3.389259e-05,-1,-1
10363,24173,3.398531e-05,-1,-1
10364,24174,3.390828e-05,-1,-1
10365,24175,3.381626e-05,-1,-1
10366,24176,3.393173e-05,-1,-1
10367,24177,3.39743e-05,-1,-1
10368,24200,3.392189e-05,-1,-1
10369,24201,3.383728e-05,-1,-1
10370,24202,3.388032e-05,-1,-1
10371,24203,3.398636e-05,-1,-1
10372,24204,3.392014e-05,-1,-1
10373,24205,3.385752e-05,-1,-1
10374,24206,3.384062e-05,-1,-1
10375,24207,3.397248e-05,-1,-1
10376,24210,3.394168e-05,-1,-1
10377,24211,3.383872e-05,-1,-1
10378,24212,3.385909e-05,-1,-1
10379,24213,3.397913e-05,-1,-1
10380,24214,3.392734e-05,-1,-1
10381,24215,3.383608e-05,-1,-1
10382,24216,3.388316e-05,-1,-1
10383,24217,3.398299e-05,-1,-1
10384,24220,3.392605e-05,-1,-1
10385,24221,3.383143e-05,-1,-1
10386,24222,3.387798e-05,-1,-1
10387,24223,3.397722e-05,-1,-1
10388,24224,3.391826e-05,-1,-1
10389,24225,3.38266e-05,-1,-1
10390,24226,3.390415e-05,-1,-1
10391,24227,3.397772e-05,-1,-1
10392,24230,3.390693e-05,-1,-1
10393,24231,3.382285e-05,-1,-1
10394,24232,3.389683e-05,-1,-1
10395,24233,3.398191e-05,-1,-1
10396,24234,3.392336e-05,-1,-1
10397,24235,3.382923e-05,-1,-1
10398,24236,3.391686e-05,-1,-1
10399,24237,3.398253e-05,-1,-1
10400,24240,3.393568e-05,-1,-1
10401,24241,3.38506e-05,-1,-1
10402,24242,3.390872e-05,-1,-1
10403,24243,3.399532e-05,-1,-1
10404,24244,3.394332e-05,-1,-1
10405,24245,3.385374e-05,-1,-1
10406,24246,3.385924e-05,-1,-1
10407,24247,3.399676e-05,-1,-1
10408,24250,3.396346e-05,-1,-1
10409,24251,3.38732e-05,-1,-1
10410,24252,3.386923e-05,-1,-1
10411,24253,3.4002e-05,-1,-1
10412,24254,3.396669e-05,-1,-1
10413,24255,3.387373e-05,-1,-1
10414,24256,3.386817e-05,-1,-1
10415,24257,3.400372e-05,-1,-1
10416,24260,3.395989e-05,-1,-1
10417,24261,3.389162e-05,-1,-1
10418,24262,3.385649e-05,10,0
10419,24263,3.39998e-05,10,0
10420,24264,3.397785e-05,10,0
10421,24265,3.389959e-05,10,0
10422,24266,3.384013e-05,10,0
10423,24267,3.398996e-05,10,0
10424,24270,3.397931e-05,10,0
10425,24271,3.391776e-05,10,0
10426,24272,3.383728e-05,10,0
10427,24273,3.398405e-05,10,0
10428,24274,3.400279e-05,10,0
10429,24275,3.394066e-05,10,0
10430,24276,3.383907e-05,10,0
10431,24277,3.394932e-05,10,0
10432,24300,3.400753e-05,10,0
10433,24301,3.39483e-05,10,0
10434,24302,3.383696e-05,10,0
10435,24303,3.338694e-05,10,0
10436,24304,3.27421e-05,10,0
10437,24305,3.232622e-05,10,0
10438,24306,3.195331e-05,10,0
10439,24307,3.180278e-05,10,0
10440,24310,3.180256e-05,10,0
10441,24311,3.169946e-05,10,0
10442,24312,3.153605e-05,10,0
10443,24313,3.144376e-05,10,1
10444,24314,3.155069e-05,10,1
10445,24315,3.149616e-05,10,1
10446,24316,3.140768e-05,10,1
10447,24317,3.131407e-05,10,1
10448,24320,3.145829e-05,10,1
10449,24321,3.143525e-05,10,1
10450,24322,3.135524e-05,10,1
10451,24323,3.131036e-05,10,1
10452,24324,3.145224e-05,10,1
10453,24325,3.142931e-05,10,1
10454,24326,3.134525e-05,10,1
10455,24327,3.128556e-05,10,1
10456,24330,3.142635e-05,10,1
10457,24331,3.142876e-05,10,1
10458,24332,3.136323e-05,10,1
10459,24333,3.128878e-05,10,1
10460,24334,3.143733e-05,10,1
10461,24335,3.142866e-05,10,1
10462,24336,3.135178e-05,10,1
10463,24337,3.12997e-05,10,1
10464,24340,3.145354e-05,10,1
10465,24341,3.142517e-05,10,1
10466,24342,3.135152e-05,10,1
10467,24343,3.131656e-05,10,1
10468,24344,3.146342e-05,10,2
10469,24345,3.144722e-05,10,2
10470,24346,3.13647e-05,10,2
10471,24347,3.131659e-05,10,2
10472,24350,3.147816e-05,10,2
10473,24351,3.144655e-05,10,2
10474,24352,3.136012e-05,10,2
10475,24353,3.133959e-05,10,2
10476,24354,3.148347e-05,10,2
10477,24355,3.14582e-05,10,2
10478,24356,3.138355e-05,10,2
10479,24357,3.133773e-05,10,2
10480,24360,3.149486e-05,10,2
10481,24361,3.147723e-05,10,2
10482,24362,3.139271e-05,10,2
10483,24363,3.134516e-05,10,2
10484,24364,3.148177e-05,10,2
10485,24365,3.149545e-05,10,2
10486,24366,3.144143e-05,10,2
10487,24367,3.135287e-05,10,2
10488,24370,3.14472e-05,10,2
10489,24371,3.151925e-05,10,2
10490,24372,3.146301e-05,10,2
10491,24373,3.139172e-05,10,2
10492,24374,3.143531e-05,10,2
10493,24375,3.154199e-05,10,3
10494,24376,3.149e-05,10,3
10495,24377,3.14164e-05,10,3
10496,24400,3.143218e-05,10,3
10497,24401,3.15581e-05,10,3
10498,24402,3.150818e-05,10,3
10499,24403,3.143168e-05,10,3
10500,24404,3.14602e-05,10,3
10501,24405,3.158062e-05,10,3
10502,24406,3.15425e-05,10,3
10503,24407,3.148678e-05,10,3
10504,24410,3.143859e-05,10,3
10505,24411,3.15879e-05,10,3
10506,24412,3.159988e-05,10,3
10507,24413,3.153353e-05,10,3
10508,24414,3.149075e-05,10,3
10509,24415,3.167499e-05,10,3
10510,24416,3.171406e-05,10,3
10511,24417,3.170513e-05,10,3
10512,24420,3.175048e-05,10,3
10513,24421,3.206375e-05,10,3
10514,24422,3.229343e-05,10,3
10515,24423,3.245726e-05,10,3
10516,24424,3.264511e-05,10,3
10517,24425,3.299052e-05,10,3
10518,24426,3.316645e-05,10,4
10519,24427,3.332314e-05,10,4
10520,24430,3.353169e-05,10,4
10521,24431,3.403435e-05,10,4
10522,24432,3.482118e-05,10,4
10523,24433,3.578513e-05,10,4
10524,24434,3.728293e-05,10,4
10525,24435,3.987453e-05,10,4
10526,24436,4.305199e-05,10,4
10527,24437,4.719882e-05,10,4
10528,24440,5.285264e-05,10,4
10529,24441,6.06127e-05,10,4
10530,24442,7.116282e-05,10,4
10531,24443,8.425231e-05,10,4
10532,24444,0.001339588,10,4
10533,24445,0.001339523,10,4
10534,24446,0.001339414,10,4
10535,24447,0.001339742,10,4
10536,24450,0.001339778,10,4
10537,24451,0.001339136,10,4
10538,24452,0.001339315,10,4
10539,24453,0.00133981,10,4
10540,24454,0.001339418,10,4
10541,24455,0.001339605,10,4
10542,24456,0.001338131,10,5
10543,24457,0.001339168,10,5
10544,24460,0.001338771,10,5
10545,24461,0.001339196,10,5
10546,24462,0.001338068,10,5
10547,24463,0.001337195,10,5
10548,24464,0.001336314,10,5
10549,24465,0.001335442,10,5
10550,24466,0.001335605,10,5
10551,24467,0.001335343,10,5
10552,24470,0.001335721,10,5
10553,24471,0.001335325,10,5
10554,24472,0.001335652,10,5
10555,24473,0.001335915,10,5
10556,24474,0.00133599,10,5
10557,24475,0.00133658,10,5
10558,24476,0.001335317,10,5
10559,24477,0.00133628,10,5
10560,24500,0.001335856,10,5
10561,24501,0.001336026,10,5
10562,24502,0.001335515,10,5
10563,24503,0.001335903,10,5
10564,24504,0.001335756,10,5
10565,24505,0.001336179,10,5
10566,24506,0.001335989,10,5
10567,24507,0.001336332,10,6
10568,24510,0.001336455,10,6
10569,24511,0.001337156,10,6
10570,24512,0.001336494,10,6
10571,24513,0.001335886,10,6
10572,24514,0.001335446,10,6
10573,24515,0.001335048,10,6
10574,24516,0.001334546,10,6
10575,24517,0.001333598,10,6
10576,24520,0.001333515,10,6
10577,24521,0.001332433,10,6
10578,24522,0.001332117,10,6
10579,24523,0.001332211,10,6
10580,24524,0.001332333,10,6
10581,24525,0.00133231,10,6
10582,24526,0.001332473,10,6
10583,24527,0.001333317,10,6
10584,24530,0.001333735,10,6
10585,24531,0.001333615,10,6
10586,24532,0.001333322,10,6
10587,24533,0.001335008,10,6
10588,24534,0.001334675,10,6
10589,24535,0.001335269,10,6
10590,24536,0.001336125,10,6
10591,24537,0.00133664,10,6
10592,24540,0.001336769,10,7
10593,24541,0.001336471,10,7
10594,24542,0.001336986,10,7
10595,24543,0.001336743,10,7
10596,24544,0.001335973,10,7
10597,24545,0.001336524,10,7
10598,24546,0.001336617,10,7
10599,24547,0.00133667,10,7
10600,24550,0.001335647,10,7
10601,24551,0.001335692,10,7
10602,24552,0.001335289,10,7
10603,24553,0.001335151,10,7
10604,24554,0.001335506,10,7
10605,24555,0.00133564,10,7
10606,24556,0.001335164,10,7
10607,24557,0.00133484,10,7
10608,24560,0.001335188,10,7
10609,24561,0.001334822,10,7
10610,24562,0.001334417,10,7
10611,24563,0.001334212,10,7
10612,24564,0.001333382,10,7
10613,24565,0.001330153,10,7
10614,24566,0.001325442,10,7
10615,24567,0.0013187,10,7
10616,24570,0.001309654,10,7
10617,24571,0.001298022,10,8
10618,24572,0.00128642,10,8
10619,24573,0.001268718,10,8
10620,24574,0.001247505,10,8
10621,24575,0.001226046,10,8
10622,24576,0.001194993,10,8
10623,24577,0.001165521,10,8
10624,24600,0.001125301,10,8
10625,24601,0.001081367,10,8
10626,24602,0.00102928,10,8
10627,24603,3.049691e-05,10,8
10628,24604,3.052507e-05,10,8
10629,24605,3.070111e-05,10,8
10630,24606,3.070955e-05,10,8
10631,24607,3.06682e-05,10,8
10632,24610,3.071895e-05,10,8
10633,24611,3.08942e-05,10,8
10634,24612,3.089719e-05,10,8
10635,24613,3.085441e-05,10,8
10636,24614,3.093086e-05,10,8
10637,24615,3.107305e-05,10,8
10638,24616,3.105157e-05,10,8
10639,24617,3.099419e-05,10,8
10640,24620,3.109463e-05,10,8
10641,24621,3.120699e-05,10,9
10642,24622,3.117526e-05,10,9
10643,24623,3.112283e-05,10,9
10644,24624,3.122756e-05,10,9
10645,24625,3.132256e-05,10,9
10646,24626,3.128242e-05,10,9
10647,24627,3.121453e-05,10,9
10648,24630,3.129975e-05,10,9
10649,24631,3.14145e-05,10,9
10650,24632,3.137714e-05,10,9
10651,24633,3.130379e-05,10,9
10652,24634,3.136654e-05,10,9
10653,24635,3.149073e-05,10,9
10654,24636,3.145562e-05,10,9
10655,24637,3.138712e-05,10,9
10656,24640,3.144445e-05,10,9
10657,24641,3.155743e-05,10,9
10658,24642,3.152889e-05,10,9
10659,24643,3.144586e-05,10,9
10660,24644,3.148221e-05,10,9
10661,24645,3.16137e-05,10,9
10662,24646,3.156864e-05,10,9
10663,24647,3.148871e-05,10,9
10664,24650,3.15427e-05,10,9
10665,24651,3.165534e-05,10,9
10666,24652,3.160521e-05,10,10
10667,24653,3.152771e-05,10,10
10668,24654,3.160424e-05,10,10
10669,24655,3.169845e-05,10,10
10670,24656,3.164256e-05,10,10
10671,24657,3.157093e-05,10,10
10672,24660,3.160315e-05,10,10
10673,24661,3.173177e-05,10,10
10674,24662,3.16906e-05,10,10
10675,24663,3.160772e-05,10,10
10676,24664,3.162857e-05,10,10
10677,24665,3.174703e-05,10,10
10678,24666,3.169052e-05,10,10
10679,24667,3.159633e-05,10,10
10680,24670,3.164102e-05,10,10
10681,24671,3.172591e-05,10,10
10682,24672,3.165864e-05,10,10
10683,24673,3.155903e-05,10,10
10684,24674,3.153688e-05,10,10
10685,24675,3.163817e-05,10,10
10686,24676,3.155403e-05,10,10
10687,24677,3.14325e-05,10,10
10688,24700,3.141546e-05,10,10
10689,24701,3.149368e-05,10,10
10690,24702,3.141423e-05,10,10
10691,24703,3.130265e-05,10,11
10692,24704,3.131446e-05,10,11
10693,24705,3.138513e-05,10,11
10694,24706,3.130921e-05,10,11
10695,24707,3.12123e-05,10,11
10696,24710,3.128097e-05,10,11
10697,24711,3.133404e-05,10,11
10698,24712,3.126702e-05,10,11
10699,24713,3.11749e-05,10,11
10700,24714,3.131337e-05,10,11
10701,24715,3.132543e-05,10,11
10702,24716,3.125601e-05,10,11
10703,24717,3.118621e-05,10,11
10704,24720,3.135334e-05,10,11
10705,24721,3.136252e-05,10,11
10706,24722,3.130728e-05,10,11
10707,24723,3.12689e-05,10,11
10708,24724,3.144213e-05,10,11
10709,24725,3.149491e-05,10,11
10710,24726,3.152282e-05,10,11
10711,24727,3.160038e-05,10,11
10712,24730,3.198739e-05,10,11
10713,24731,3.225086e-05,10,11
10714,24732,3.241291e-05,10,11
10715,24733,3.260096e-05,10,11
10716,24734,3.29219e-05,10,12
10717,24735,3.316586e-05,10,12
10718,24736,3.343756e-05,10,12
10719,24737,3.378663e-05,10,12
10720,24740,3.471057e-05,10,12
10721,24741,3.582032e-05,10,12
10722,24742,3.738458e-05,10,12
10723,24743,4.007794e-05,10,12
10724,24744,4.33759e-05,10,12
10725,24745,4.730048e-05,10,12
10726,24746,5.329932e-05,10,12
10727,24747,6.053147e-05,10,12
10728,24750,7.132624e-05,10,12
10729,24751,8.454495e-05,10,12
10730,24752,0.001328315,10,12
10731,24753,0.001328981,10,12
10732,24754,0.001329111,10,12
10733,24755,0.001329505,10,12
10734,24756,0.001329908,10,12
10735,24757,0.001331035,10,12
10736,24760,0.001330485,10,12
10737,24761,0.001329329,10,12
10738,24762,0.001328643,10,12
10739,24763,0.001328423,10,12
10740,24764,0.001327327,10,13
10741,24765,0.0013267,10,13
10742,24766,0.001325834,10,13
10743,24767,0.001325064,10,13
10744,24770,0.001324203,10,13
10745,24771,0.001324611,10,13
10746,24772,0.001324383,10,13
10747,24773,0.001324448,10,13
10748,24774,0.001324364,10,13
10749,24775,0.001323886,10,13
10750,24776,0.001323625,10,13
10751,24777,0.001322647,10,13
10752,25000,0.001322611,10,13
10753,25001,0.001321984,10,13
10754,25002,0.001322073,10,13
10755,25003,0.001322541,10,13
10756,25004,0.001322804,10,13
10757,25005,0.001323278,10,13
10758,25006,0.001323285,10,13
10759,25007,0.001323337,10,13
10760,25010,0.001323434,10,13
10761,25011,0.00132342,10,13
10762,25012,0.001324161,10,13
10763,25013,0.001323434,10,13
10764,25014,0.001322798,10,13
10765,25015,0.001323682,10,14
10766,25016,0.001322658,10,14
10767,25017,0.001321712,10,14
10768,25020,0.001321898,10,14
10769,25021,0.001320154,10,14
10770,25022,0.001319913,10,14
10771,25023,0.001319264,10,14
10772,25024,0.001320012,10,14
10773,25025,0.001319926,10,14
10774,25026,0.001321161,10,14
10775,25027,0.001320294,10,14
10776,25030,0.001320433,10,14
10777,25031,0.001319785,10,14
10778,25032,0.001317825,10,14
10779,25033,0.001315765,10,14
10780,25034,0.001313209,10,14
10781,25035,0.001311737,10,14
10782,25036,0.001308241,10,14
10783,25037,0.001304035,10,14
10784,25040,0.001299577,10,14
10785,25041,0.001294425,10,14
10786,25042,0.001288046,10,14
10787,25043,0.001280643,10,14
10788,25044,0.001273436,10,14
10789,25045,0.001264215,10,14
10790,25046,0.001253518,10,15
10791,25047,0.001243041,10,15
10792,25050,0.001229565,10,15
10793,25051,0.001212219,10,15
10794,25052,0.001194609,10,15
10795,25053,0.001173057,10,15
10796,25054,0.00115068,10,15
10797,25055,0.001129396,10,15
10798,25056,0.001101942,10,15
10799,25057,0.001073515,10,15
10800,25060,0.001042227,10,15
10801,25061,0.001009876,10,15
10802,25062,0.0005575161,10,15
10803,25063,0.0005270176,10,15
10804,25064,0.0004975646,10,15
10805,25065,0.0004696644,10,15
10806,25066,0.0004461687,10,15
10807,25067,0.0004283571,10,15
10808,25070,0.0004146306,10,15
10809,25071,0.0004070289,10,15
10810,25072,0.0004036522,10,15
10811,25073,0.0004047262,10,15
10812,25074,0.0004083366,10,15
10813,25075,0.0004168767,10,15
10814,25076,0.0004281702,10,15
10815,25077,0.0004449933,10,16
10816,25100,0.000468285,10,16
10817,25101,0.000496334,10,16
10818,25102,0.0005290135,10,16
10819,25103,0.0005680136,10,16
10820,25104,0.0006152809,10,16
10821,25105,0.0006650967,10,16
10822,25106,0.0007209937,10,16
10823,25107,0.0007760635,10,16
10824,25110,0.000827522,10,16
10825,25111,0.0008749916,10,16
10826,25112,0.0009221004,10,16
10827,25113,0.0009644622,10,16
10828,25114,0.001002966,10,16
10829,25115,0.001184481,10,16
10830,25116,0.001173863,10,16
10831,25117,0.001160631,10,16
10832,25120,0.001144664,10,16
10833,25121,0.001126575,10,16
10834,25122,0.001109021,10,16
10835,25123,0.001087432,10,16
10836,25124,0.00106412,10,16
10837,25125,0.001039742,10,16
10838,25126,0.001017399,10,16
10839,25127,3.10728e-05,10,17
10840,25130,3.112304e-05,10,17
10841,25131,3.109871e-05,10,17
10842,25132,3.102189e-05,10,17
10843,25133,3.093208e-05,10,17
10844,25134,3.102054e-05,10,17
10845,25135,3.103149e-05,10,17
10846,25136,3.095858e-05,10,17
10847,25137,3.085571e-05,10,17
10848,25140,3.097076e-05,10,17
10849,25141,3.104016e-05,10,17
10850,25142,3.099126e-05,10,17
10851,25143,3.091865e-05,10,17
10852,25144,3.100131e-05,10,17
10853,25145,3.107338e-05,10,17
10854,25146,3.10122e-05,10,17
10855,25147,3.094152e-05,10,17
10856,25150,3.103145e-05,10,17
10857,25151,3.113171e-05,10,17
10858,25152,3.109321e-05,10,17
10859,25153,3.100716e-05,10,17
10860,25154,3.108202e-05,10,17
10861,25155,3.116567e-05,10,17
10862,25156,3.111253e-05,10,17
10863,25157,3.103942e-05,10,17
10864,25160,3.114769e-05,10,18
10865,25161,3.121857e-05,10,18
10866,25162,3.116558e-05,10,18
10867,25163,3.108419e-05,10,18
10868,25164,3.119576e-05,10,18
10869,25165,3.12591e-05,10,18
10870,25166,3.120129e-05,10,18
10871,25167,3.112404e-05,10,18
10872,25170,3.122461e-05,10,18
10873,25171,3.130456e-05,10,18
10874,25172,3.125657e-05,10,18
10875,25173,3.11665e-05,10,18
10876,25174,3.129241e-05,10,18
10877,25175,3.134388e-05,10,18
10878,25176,3.128679e-05,10,18
10879,25177,3.12118e-05,10,18
10880,25200,3.131982e-05,10,18
10881,25201,3.138752e-05,10,18
10882,25202,3.133427e-05,10,18
10883,25203,3.125239e-05,10,18
10884,25204,3.1368e-05,10,18
10885,25205,3.142761e-05,10,18
10886,25206,3.137602e-05,10,18
10887,25207,3.130424e-05,10,18
10888,25210,3.137131e-05,10,18
10889,25211,3.14751e-05,10,19
10890,25212,3.14448e-05,10,19
10891,25213,3.136668e-05,10,19
10892,25214,3.136498e-05,10,19
10893,25215,3.151065e-05,10,19
10894,25216,3.14924e-05,10,19
10895,25217,3.142711e-05,10,19
10896,25220,3.139122e-05,10,19
10897,25221,3.155699e-05,10,19
10898,25222,3.156123e-05,10,19
10899,25223,3.149047e-05,10,19
10900,25224,3.145688e-05,10,19
10901,25225,3.163861e-05,10,19
10902,25226,3.165251e-05,10,19
10903,25227,3.163773e-05,10,19
10904,25230,3.166276e-05,10,19
10905,25231,3.193162e-05,10,19
10906,25232,3.212277e-05,10,19
10907,25233,3.227685e-05,10,19
10908,25234,3.244862e-05,10,19
10909,25235,3.277964e-05,10,19
10910,25236,3.301866e-05,10,19
10911,25237,3.311984e-05,10,19
10912,25240,3.326398e-05,10,19
10913,25241,3.366835e-05,10,19
10914,25242,3.419648e-05,10,20
10915,25243,3.4853e-05,10,20
10916,25244,3.578428e-05,10,20
10917,25245,3.749136e-05,10,20
10918,25246,4.007086e-05,10,20
10919,25247,4.331053e-05,10,20
10920,25250,4.819191e-05,10,20
10921,25251,5.394297e-05,10,20
10922,25252,6.156322e-05,10,20
10923,25253,7.228999e-05,10,20
10924,25254,8.610135e-05,10,20
10925,25255,0.001313192,10,20
10926,25256,0.001312526,10,20
10927,25257,0.001312006,10,20
10928,25260,0.001311935,10,20
10929,25261,0.001310211,10,20
10930,25262,0.001307693,10,20
10931,25263,0.001305171,10,20
10932,25264,0.001301801,10,20
10933,25265,0.001298721,10,20
10934,25266,0.001295067,10,20
10935,25267,0.001294162,10,20
10936,25270,0.001293785,10,20
10937,25271,0.001292425,10,20
10938,25272,0.001291102,10,21
10939,25273,0.001290184,10,21
10940,25274,0.001290722,10,21
10941,25275,0.001292447,10,21
10942,25276,0.001292762,10,21
10943,25277,0.001294814,10,21
10944,25300,0.00129831,10,21
10945,25301,0.00130437,10,21
10946,25302,0.001312809,10,21
10947,25303,0.001323756,10,21
10948,25304,0.001332615,10,21
10949,25305,0.001340017,10,21
10950,25306,0.001348418,10,21
10951,25307,0.001356923,10,21
10952,25310,0.001364287,10,21
10953,25311,0.001371542,10,21
10954,25312,0.001379758,10,21
10955,25313,0.001386467,10,21
10956,25314,0.001394171,10,21
10957,25315,0.00140029,10,21
10958,25316,0.001405971,10,21
10959,25317,0.001410697,10,21
10960,25320,0.001416782,10,21
10961,25321,0.001418491,10,21
10962,25322,0.001420174,10,21
10963,25323,0.001421169,10,22
10964,25324,0.001421197,10,22
10965,25325,0.001421422,10,22
10966,25326,0.001420509,10,22
10967,25327,0.001420679,10,22
10968,25330,0.001421276,10,22
10969,25331,0.001420437,10,22
10970,25332,0.001421374,10,22
10971,25333,0.001420614,10,22
10972,25334,0.001420473,10,22
10973,25335,0.001421123,10,22
10974,25336,0.001420843,10,22
10975,25337,0.001421166,10,22
10976,25340,0.001421374,10,22
10977,25341,0.001421438,10,22
10978,25342,0.001421305,10,22
10979,25343,0.001420876,10,22
10980,25344,0.001420722,10,22
10981,25345,0.00142121,10,22
10982,25346,0.001420185,10,22
10983,25347,0.001420318,10,22
10984,25350,0.001420102,10,22
10985,25351,0.00142083,10,22
10986,25352,0.001420852,10,22
10987,25353,0.001420198,10,22
10988,25354,0.001421343,10,23
10989,25355,0.001421317,10,23
10990,25356,0.001420046,10,23
10991,25357,0.001420066,10,23
10992,25360,0.001421018,10,23
10993,25361,0.001420192,10,23
10994,25362,0.001420811,10,23
10995,25363,0.001420152,10,23
10996,25364,0.001420227,10,23
10997,25365,0.00142049,10,23
10998,25366,0.001421097,10,23
10999,25367,0.001420577,10,23
11000,25370,0.00142013,10,23
11001,25371,0.001420901,10,23
11002,25372,0.001420432,10,23
11003,25373,0.001420097,10,23
11004,25374,0.001420479,10,23
11005,25375,0.00142018,10,23
11006,25376,0.001420302,10,23
11007,25377,0.001421287,10,23
11008,25400,0.001420211,10,23
11009,25401,0.001420811,10,23
11010,25402,0.001421175,10,23
11011,25403,0.001420961,10,23
11012,25404,0.0014197,10,23
11013,25405,0.001420486,10,24
11014,25406,0.00142019,10,24
11015,25407,0.00142009,10,24
11016,25410,0.001420135,10,24
11017,25411,0.00142092,10,24
11018,25412,0.001420296,10,24
11019,25413,0.001420164,10,24
11020,25414,0.001420449,10,24
11021,25415,0.0014208,10,24
11022,25416,0.001421308,10,24
11023,25417,0.001420961,10,24
11024,25420,0.001420479,10,24
11025,25421,0.001420619,10,24
11026,25422,0.001420958,10,24
11027,25423,0.001419983,10,24
11028,25424,0.001420372,10,24
11029,25425,0.00142124,10,24
11030,25426,0.001420397,10,24
11031,25427,0.001421012,10,24
11032,25430,0.001420467,10,24
11033,25431,0.001420797,10,24
11034,25432,0.001420795,10,24
11035,25433,0.001420158,10,24
11036,25434,0.001420816,10,24
11037,25435,0.001420356,-1,-1
11038,25436,0.001420321,-1,-1
11039,25437,0.00142066,-1,-1
11040,25440,0.001420279,-1,-1
11041,25441,0.00142013,-1,-1
11042,25442,0.001421171,-1,-1
11043,25443,0.001420162,-1,-1
11044,25444,0.001420088,-1,-1
11045,25445,0.001419894,-1,-1
11046,25446,0.001419856,-1,-1
11047,25447,0.001419788,-1,-1
11048,25450,0.001419553,-1,-1
11049,25451,0.001419781,-1,-1
11050,25452,0.001419478,-1,-1
11051,25453,0.001420752,-1,-1
11052,25454,0.001420314,-1,-1
11053,25455,0.001421109,-1,-1
11054,25456,0.001420571,-1,-1
11055,25457,0.001420882,-1,-1
11056,25460,0.001420632,-1,-1
11057,25461,0.001420461,-1,-1
11058,25462,0.001419701,-1,-1
11059,25463,0.001420201,-1,-1
11060,25464,0.001420186,-1,-1
11061,25465,0.001420088,-1,-1
11062,25466,0.001420181,-1,-1
11063,25467,0.001420386,-1,-1
11064,25470,0.001419759,-1,-1
11065,25471,0.001419712,-1,-1
11066,25472,0.001419269,-1,-1
11067,25473,0.001420061,-1,-1
11068,25474,0.001420098,-1,-1
11069,25475,0.001420689,-1,-1
11070,25476,0.001419522,-1,-1
11071,25477,0.001420287,-1,-1
11072,25500,0.0014201,-1,-1
11073,25501,0.001419702,-1,-1
11074,25502,0.001421292,-1,-1
11075,25503,0.001420496,-1,-1
11076,25504,0.001420672,-1,-1
11077,25505,0.001420199,-1,-1
11078,25506,0.001419653,-1,-1
11079,25507,0.001419883,-1,-1
11080,25510,0.001420024,-1,-1
11081,25511,0.001420408,-1,-1
11082,25512,0.001419895,-1,-1
11083,25513,0.001420392,-1,-1
11084,25514,0.001420507,-1,-1
11085,25515,0.001420408,-1,-1
11086,25516,0.001419544,-1,-1
11087,25517,0.001420013,-1,-1
11088,25520,0.001420776,-1,-1
11089,25521,0.001419716,-1,-1
11090,25522,0.001419853,-1,-1
11091,25523,0.001419993,-1,-1
11092,25524,0.001419503,-1,-1
11093,25525,0.001419907,-1,-1
11094,25526,0.001419855,-1,-1
11095,25527,0.001419549,-1,-1
11096,25530,0.001419092,-1,-1
11097,25531,0.001419609,-1,-1
11098,25532,0.001419262,-1,-1
11099,25533,0.001419893,-1,-1
11100,25534,0.001419863,-1,-1
11101,25535,0.001419953,-1,-1
11102,25536,0.001419791,-1,-1
11103,25537,0.001419778,-1,-1
11104,25540,0.001419648,-1,-1
11105,25541,0.001420397,-1,-1
11106,25542,0.001418703,-1,-1
11107,25543,0.001419443,-1,-1
11108,25544,0.001419918,-1,-1
11109,25545,0.001420425,-1,-1
11110,25546,0.001420178,-1,-1
11111,25547,0.001418996,-1,-1
11112,25550,0.001419297,-1,-1
11113,25551,0.001420345,-1,-1
11114,25552,0.001420386,-1,-1
11115,25553,0.001420331,-1,-1
11116,25554,0.001420064,-1,-1
11117,25555,0.001419296,-1,-1
11118,25556,0.001419776,-1,-1
11119,25557,0.001419704,-1,-1
11120,25560,0.001419485,-1,-1
11121,25561,0.001419612,-1,-1
11122,25562,0.001419834,-1,-1
11123,25563,0.001420179,-1,-1
11124,25564,0.001419566,-1,-1
11125,25565,0.001419981,-1,-1
11126,25566,0.001420192,-1,-1
11127,25567,0.001419917,-1,-1
11128,25570,0.001419278,-1,-1
11129,25571,0.001419898,-1,-1
11130,25572,0.001420619,-1,-1
11131,25573,0.001419814,-1,-1
11132,25574,0.001419713,-1,-1
11133,25575,0.001419468,-1,-1
11134,25576,0.00141962,-1,-1
11135,25577,0.001419272,-1,-1
11136,25600,0.001419016,-1,-1
11137,25601,0.001419308,-1,-1
11138,25602,0.00141987,-1,-1
11139,25603,0.00141914,-1,-1
11140,25604,0.001420381,-1,-1
11141,25605,0.001419566,-1,-1
11142,25606,0.001419524,-1,-1
11143,25607,0.001419084,-1,-1
11144,25610,0.001419619,-1,-1
11145,25611,0.001419161,-1,-1
11146,25612,0.00141962,-1,-1
11147,25613,0.001419446,-1,-1
11148,25614,0.001420013,-1,-1
11149,25615,0.00141969,-1,-1
11150,25616,0.001419671,-1,-1
11151,25617,0.001419711,-1,-1
11152,25620,0.001419696,-1,-1
11153,25621,0.001419544,-1,-1
11154,25622,0.001419029,-1,-1
11155,25623,0.001418783,-1,-1
11156,25624,0.001419364,-1,-1
11157,25625,0.001419739,-1,-1
11158,25626,0.001419212,-1,-1
11159,25627,0.001419102,-1,-1
11160,25630,0.001419719,-1,-1
11161,25631,0.001420142,-1,-1
11162,25632,0.001419031,-1,-1
11163,25633,0.001420221,-1,-1
11164,25634,0.001419695,-1,-1
11165,25635,0.001419437,-1,-1
11166,25636,0.001420334,-1,-1
11167,25637,0.001419251,-1,-1
11168,25640,0.00142024,-1,-1
11169,25641,0.001419327,-1,-1
11170,25642,0.001419602,-1,-1
11171,25643,0.001419795,-1,-1
11172,25644,0.001420742,-1,-1
11173,25645,0.001418935,-1,-1
11174,25646,0.001419842,-1,-1
11175,25647,0.001419244,-1,-1
11176,25650,0.001419853,-1,-1
11177,25651,0.001419571,-1,-1
11178,25652,0.001419723,-1,-1
11179,25653,0.001419448,-1,-1
11180,25654,0.001419296,-1,-1
11181,25655,0.00142008,-1,-1
11182,25656,0.001419396,-1,-1
11183,25657,0.001418818,-1,-1
11184,25660,0.001420245,-1,-1
11185,25661,0.001420285,-1,-1
11186,25662,0.00141973,-1,-1
11187,25663,0.001419841,-1,-1
11188,25664,0.001420203,-1,-1
11189,25665,0.001420117,-1,-1
11190,25666,0.001420795,-1,-1
11191,25667,0.001419565,-1,-1
11192,25670,0.001418933,-1,-1
11193,25671,0.001419267,-1,-1
11194,25672,0.001419873,-1,-1
11195,25673,0.00141966,-1,-1
11196,25674,0.001419386,-1,-1
11197,25675,0.001418612,-1,-1
11198,25676,0.001419979,-1,-1
11199,25677,0.001419772,-1,-1
11200,25700,0.001419601,-1,-1
11201,25701,0.001419922,-1,-1
11202,25702,0.00141931,-1,-1
11203,25703,0.001419389,-1,-1
11204,25704,0.001419014,-1,-1
11205,25705,0.00141945,-1,-1
11206,25706,0.001418992,-1,-1
11207,25707,0.00141891,-1,-1
11208,25710,0.001420041,-1,-1
11209,25711,0.001419673,-1,-1
11210,25712,0.001418751,-1,-1
11211,25713,0.001418506,-1,-1
11212,25714,0.001419179,-1,-1
11213,25715,0.001419923,-1,-1
11214,25716,0.001419923,-1,-1
11215,25717,0.001419414,-1,-1
11216,25720,0.001418912,-1,-1
11217,25721,0.001418459,-1,-1
11218,25722,0.001419085,-1,-1
11219,25723,0.001419164,-1,-1
11220,25724,0.001419366,-1,-1
11221,25725,0.001419811,-1,-1
11222,25726,0.00141896,-1,-1
11223,25727,0.001419689,-1,-1
11224,25730,0.001419064,-1,-1
11225,25731,0.001418619,-1,-1
11226,25732,0.001419332,-1,-1
11227,25733,0.001419841,-1,-1
11228,25734,0.001419652,-1,-1
11229,25735,0.001418607,-1,-1
11230,25736,0.001418782,-1,-1
11231,25737,0.001419787,-1,-1
11232,25740,0.001419671,-1,-1
11233,25741,0.001419641,-1,-1
11234,25742,0.00141889,-1,-1
11235,25743,0.001420152,-1,-1
11236,25744,0.001420068,-1,-1
11237,25745,0.001419778,-1,-1
11238,25746,0.001419426,-1,-1
11239,25747,0.001419374,-1,-1
11240,25750,0.0014199,-1,-1
11241,25751,0.001419252,-1,-1
11242,25752,0.00141956,-1,-1
11243,25753,0.001419474,-1,-1
11244,25754,0.001419559,-1,-1
11245,25755,0.001419054,-1,-1
11246,25756,0.001419093,-1,-1
11247,25757,0.001419484,-1,-1
11248,25760,0.00141953,-1,-1
11249,25761,0.001419351,-1,-1
11250,25762,0.001418649,-1,-1
11251,25763,0.001418548,-1,-1
11252,25764,0.001418958,-1,-1
11253,25765,0.001419945,-1,-1
11254,25766,0.001418808,-1,-1
11255,25767,0.001418829,-1,-1
11256,25770,0.00141942,-1,-1
11257,25771,0.001418759,-1,-1
11258,25772,0.001418758,-1,-1
11259,25773,0.001419325,-1,-1
11260,25774,0.001418794,-1,-1
11261,25775,0.00141938,-1,-1
11262,25776,0.001418729,-1,-1
11263,25777,0.001419302,-1,-1
11264,26000,0.001419213,-1,-1
11265,26001,0.001419132,-1,-1
11266,26002,0.001419719,-1,-1
11267,26003,0.001419594,-1,-1
11268,26004,0.001419673,-1,-1
11269,26005,0.001419086,-1,-1
11270,26006,0.00141987,-1,-1
11271,26007,0.001418725,-1,-1
11272,26010,0.001419367,-1,-1
11273,26011,0.001419063,-1,-1
11274,26012,0.001419022,-1,-1
11275,26013,0.0014187,-1,-1
11276,26014,0.001418594,-1,-1
11277,26015,0.001418634,-1,-1
11278,26016,0.001418784,11,24
11279,26017,0.001418147,11,24
11280,26020,0.001418994,11,24
11281,26021,0.001419023,11,24
11282,26022,0.001417997,11,24
11283,26023,0.001418635,11,24
11284,26024,0.001418658,11,24
11285,26025,0.001418766,11,24
11286,26026,0.001417472,11,24
11287,26027,0.001418602,11,24
11288,26030,0.001419113,11,24
11289,26031,0.001417882,11,24
11290,26032,0.001418556,11,24
11291,26033,0.001418449,11,24
11292,26034,0.001418693,11,24
11293,26035,0.001417853,11,24
11294,26036,0.001419045,11,24
11295,26037,0.0014187,11,24
11296,26040,0.001419114,11,24
11297,26041,0.001418912,11,24
11298,26042,0.001418583,11,24
11299,26043,0.001418705,11,24
11300,26044,0.001418703,11,24
11301,26045,0.001419345,11,24
11302,26046,0.001418814,11,24
11303,26047,0.00141879,11,23
11304,26050,0.00141893,11,23
11305,26051,0.001419205,11,23
11306,26052,0.001418422,11,23
11307,26053,0.001418848,11,23
11308,26054,0.001418988,11,23
11309,26055,0.001419082,11,23
11310,26056,0.001418266,11,23
11311,26057,0.001419281,11,23
11312,26060,0.001417818,11,23
11313,26061,0.00141876,11,23
11314,26062,0.001419454,11,23
11315,26063,0.001420192,11,23
11316,26064,0.001418987,11,23
11317,26065,0.001419157,11,23
11318,26066,0.001418807,11,23
11319,26067,0.001419708,11,23
11320,26070,0.001419421,11,23
11321,26071,0.001418178,11,23
11322,26072,0.001418698,11,23
11323,26073,0.001418169,11,23
11324,26074,0.001418806,11,23
11325,26075,0.001418287,11,23
11326,26076,0.001417664,11,23
11327,26077,0.00141825,11,23
11328,26100,0.001418565,11,22
11329,26101,0.001419536,11,22
11330,26102,0.001419161,11,22
11331,26103,0.001419737,11,22
11332,26104,0.001418857,11,22
11333,26105,0.001417946,11,22
11334,26106,0.001416553,11,22
11335,26107,0.001414757,11,22
11336,26110,0.001410277,11,22
11337,26111,0.001405832,11,22
11338,26112,0.001399056,11,22
11339,26113,0.001391084,11,22
11340,26114,0.001383504,11,22
11341,26115,0.001376463,11,22
11342,26116,0.001368336,11,22
11343,26117,0.001361587,11,22
11344,26120,0.001353309,11,22
11345,26121,0.001344185,11,22
11346,26122,0.001336957,11,22
11347,26123,0.001329322,11,22
11348,26124,0.001321149,11,22
11349,26125,0.0013123,11,22
11350,26126,0.001303232,11,22
11351,26127,0.00129653,11,22
11352,26130,0.001290844,11,22
11353,26131,0.00128838,11,21
11354,26132,0.001285018,11,21
11355,26133,0.001284726,11,21
11356,26134,0.001282881,11,21
11357,26135,0.001281765,11,21
11358,26136,0.001282821,11,21
11359,26137,0.001285018,11,21
11360,26140,0.001287136,11,21
11361,26141,0.001290452,11,21
11362,26142,0.001295765,11,21
11363,26143,0.001299351,11,21
11364,26144,0.00130434,11,21
11365,26145,0.001309698,11,21
11366,26146,0.001313098,11,21
11367,26147,0.001315227,11,21
11368,26150,0.001316941,11,21
11369,26151,0.001318691,11,21
11370,26152,0.001318815,11,21
11371,26153,0.001319873,11,21
11372,26154,0.001320182,11,21
11373,26155,0.001320143,11,21
11374,26156,0.001318955,11,21
11375,26157,0.001317965,11,21
11376,26160,0.001317579,11,21
11377,26161,0.0013167,11,21
11378,26162,0.001315511,11,20
11379,26163,0.001312513,11,20
11380,26164,0.001308547,11,20
11381,26165,0.001303081,11,20
11382,26166,0.00129476,11,20
11383,26167,0.001282203,11,20
11384,26170,0.001268889,11,20
11385,26171,0.001251068,11,20
11386,26172,0.001228873,11,20
11387,26173,0.0012015,11,20
11388,26174,0.001162221,11,20
11389,26175,0.001125212,11,20
11390,26176,0.001080307,11,20
11391,26177,0.001024636,11,20
11392,26200,2.999918e-05,11,20
11393,26201,3.017159e-05,11,20
11394,26202,3.017325e-05,11,20
11395,26203,3.013779e-05,11,20
11396,26204,3.017738e-05,11,20
11397,26205,3.035137e-05,11,20
11398,26206,3.035636e-05,11,20
11399,26207,3.031478e-05,11,20
11400,26210,3.035006e-05,11,20
11401,26211,3.052973e-05,11,20
11402,26212,3.052583e-05,11,19
11403,26213,3.047221e-05,11,19
11404,26214,3.052479e-05,11,19
11405,26215,3.068022e-05,11,19
11406,26216,3.066131e-05,11,19
11407,26217,3.05995e-05,11,19
11408,26220,3.067695e-05,11,19
11409,26221,3.080535e-05,11,19
11410,26222,3.078119e-05,11,19
11411,26223,3.072478e-05,11,19
11412,26224,3.077921e-05,11,19
11413,26225,3.091367e-05,11,19
11414,26226,3.087889e-05,11,19
11415,26227,3.081891e-05,11,19
11416,26230,3.091801e-05,11,19
11417,26231,3.101788e-05,11,19
11418,26232,3.098388e-05,11,19
11419,26233,3.091614e-05,11,19
11420,26234,3.099082e-05,11,19
11421,26235,3.110365e-05,11,19
11422,26236,3.104622e-05,11,19
11423,26237,3.097935e-05,11,19
11424,26240,3.114283e-05,11,19
11425,26241,3.116546e-05,11,19
11426,26242,3.110167e-05,11,19
11427,26243,3.104537e-05,11,18
11428,26244,3.121816e-05,11,18
11429,26245,3.123836e-05,11,18
11430,26246,3.118926e-05,11,18
11431,26247,3.113414e-05,11,18
11432,26250,3.119448e-05,11,18
11433,26251,3.131823e-05,11,18
11434,26252,3.127912e-05,11,18
11435,26253,3.12022e-05,11,18
11436,26254,3.128772e-05,11,18
11437,26255,3.139573e-05,11,18
11438,26256,3.135661e-05,11,18
11439,26257,3.129416e-05,11,18
11440,26260,3.135596e-05,11,18
11441,26261,3.147779e-05,11,18
11442,26262,3.144725e-05,11,18
11443,26263,3.137954e-05,11,18
11444,26264,3.143786e-05,11,18
11445,26265,3.157663e-05,11,18
11446,26266,3.155046e-05,11,18
11447,26267,3.149605e-05,11,18
11448,26270,3.152178e-05,11,18
11449,26271,3.167857e-05,11,18
11450,26272,3.1668e-05,11,18
11451,26273,3.162749e-05,11,18
11452,26274,3.170577e-05,11,17
11453,26275,3.188185e-05,11,17
11454,26276,3.18956e-05,11,17
11455,26277,3.188984e-05,11,17
11456,26300,3.204161e-05,11,17
11457,26301,3.231275e-05,11,17
11458,26302,3.249123e-05,11,17
11459,26303,3.268984e-05,11,17
11460,26304,3.314005e-05,11,17
11461,26305,3.379266e-05,11,17
11462,26306,3.443498e-05,11,17
11463,26307,3.553056e-05,11,17
11464,26310,3.709889e-05,11,17
11465,26311,3.885799e-05,11,17
11466,26312,4.122934e-05,11,17
11467,26313,4.360676e-05,11,17
11468,26314,4.651444e-05,11,17
11469,26315,5.118363e-05,11,17
11470,26316,5.57333e-05,11,17
11471,26317,6.146537e-05,11,17
11472,26320,7.034586e-05,11,17
11473,26321,8.158217e-05,11,17
11474,26322,0.001306231,11,17
11475,26323,0.001305523,11,17
11476,26324,0.001304327,11,17
11477,26325,0.001303428,11,16
11478,26326,0.00130257,11,16
11479,26327,0.001301451,11,16
11480,26330,0.001299219,11,16
11481,26331,0.001296795,11,16
11482,26332,0.001293055,11,16
11483,26333,0.001289208,11,16
11484,26334,0.001282361,11,16
11485,26335,0.001275597,11,16
11486,26336,0.001265805,11,16
11487,26337,0.001253917,11,16
11488,26340,0.001238814,11,16
11489,26341,0.001219734,11,16
11490,26342,0.001192954,11,16
11491,26343,0.001162373,11,16
11492,26344,0.001129932,11,16
11493,26345,0.001088693,11,16
11494,26346,0.00105123,11,16
11495,26347,0.001008828,11,16
11496,26350,0.0006967072,11,16
11497,26351,0.0007405464,11,16
11498,26352,0.000787808,11,16
11499,26353,0.0008357007,11,16
11500,26354,0.0008827075,11,16
11501,26355,0.0009280381,11,15
11502,26356,0.0009711363,11,15
11503,26357,0.001317644,11,15
11504,26360,0.001317867,11,15
11505,26361,0.001318136,11,15
11506,26362,0.001318909,11,15
11507,26363,0.001319023,11,15
11508,26364,0.0013193,11,15
11509,26365,0.001320422,11,15
11510,26366,0.001321915,11,15
11511,26367,0.001322582,11,15
11512,26370,0.00132332,11,15
11513,26371,0.001323359,11,15
11514,26372,0.001322167,11,15
11515,26373,0.00132074,11,15
11516,26374,0.001320114,11,15
11517,26375,0.001318236,11,15
11518,26376,0.001315901,11,15
11519,26377,0.001314262,11,15
11520,26400,0.001310779,11,15
11521,26401,0.001311402,11,15
11522,26402,0.001311349,11,15
11523,26403,0.001311756,11,15
11524,26404,0.001312232,11,15
11525,26405,0.001313661,11,15
11526,26406,0.001314631,11,14
11527,26407,0.001316091,11,14
11528,26410,0.001316758,11,14
11529,26411,0.001315346,11,14
11530,26412,0.001314261,11,14
11531,26413,0.001314268,11,14
11532,26414,0.001314268,11,14
11533,26415,0.001313223,11,14
11534,26416,0.001313464,11,14
11535,26417,0.001313544,11,14
11536,26420,0.00131363,11,14
11537,26421,0.001313426,11,14
11538,26422,0.001312974,11,14
11539,26423,0.001313848,11,14
11540,26424,0.001314012,11,14
11541,26425,0.001314858,11,14
11542,26426,0.001315985,11,14
11543,26427,0.00131707,11,14
11544,26430,0.001319317,11,14
11545,26431,0.001321704,11,14
11546,26432,0.001323097,11,14
11547,26433,0.001325248,11,14
11548,26434,0.001324819,11,14
11549,26435,0.001324435,11,14
11550,26436,0.001324378,11,14
11551,26437,0.001323316,11,13
11552,26440,0.001322044,11,13
11553,26441,0.001321113,11,13
11554,26442,0.001320697,11,13
11555,26443,0.001318697,11,13
11556,26444,0.001318605,11,13
11557,26445,0.00131971,11,13
11558,26446,0.00132147,11,13
11559,26447,0.001322472,11,13
11560,26450,0.001323937,11,13
11561,26451,0.001324844,11,13
11562,26452,0.001327156,11,13
11563,26453,0.00132907,11,13
11564,26454,0.001329905,11,13
11565,26455,0.00133007,11,13
11566,26456,0.001330505,11,13
11567,26457,0.001329123,11,13
11568,26460,0.00132828,11,13
11569,26461,0.001327646,11,13
11570,26462,0.001327208,11,13
11571,26463,0.00132488,11,13
11572,26464,0.00132454,11,13
11573,26465,0.001322923,11,13
11574,26466,0.001319149,11,13
11575,26467,0.001316203,11,13
11576,26470,0.001314575,11,12
11577,26471,0.00130664,11,12
11578,26472,0.00129746,11,12
11579,26473,0.001283338,11,12
11580,26474,0.001265554,11,12
11581,26475,0.00124571,11,12
11582,26476,0.001220378,11,12
11583,26477,0.001195369,11,12
11584,26500,0.001163679,11,12
11585,26501,0.001121776,11,12
11586,26502,0.001077915,11,12
11587,26503,0.001022905,11,12
11588,26504,3.002061e-05,11,12
11589,26505,3.009203e-05,11,12
11590,26506,3.005085e-05,11,12
11591,26507,3.001044e-05,11,12
11592,26510,3.018159e-05,11,12
11593,26511,3.024436e-05,11,12
11594,26512,3.021192e-05,11,12
11595,26513,3.017427e-05,11,12
11596,26514,3.033308e-05,11,12
11597,26515,3.039508e-05,11,12
11598,26516,3.036007e-05,11,12
11599,26517,3.031566e-05,11,12
11600,26520,3.049057e-05,11,11
11601,26521,3.052212e-05,11,11
11602,26522,3.047513e-05,11,11
11603,26523,3.043853e-05,11,11
11604,26524,3.060931e-05,11,11
11605,26525,3.062116e-05,11,11
11606,26526,3.056674e-05,11,11
11607,26527,3.05576e-05,11,11
11608,26530,3.071411e-05,11,11
11609,26531,3.0709e-05,11,11
11610,26532,3.0645e-05,11,11
11611,26533,3.064883e-05,11,11
11612,26534,3.080094e-05,11,11
11613,26535,3.078583e-05,11,11
11614,26536,3.074062e-05,11,11
11615,26537,3.069235e-05,11,11
11616,26540,3.085281e-05,11,11
11617,26541,3.086373e-05,11,11
11618,26542,3.079724e-05,11,11
11619,26543,3.075555e-05,11,11
11620,26544,3.092313e-05,11,11
11621,26545,3.092334e-05,11,11
11622,26546,3.085463e-05,11,11
11623,26547,3.080599e-05,11,11
11624,26550,3.09691e-05,11,11
11625,26551,3.097273e-05,11,10
11626,26552,3.090001e-05,11,10
11627,26553,3.086523e-05,11,10
11628,26554,3.1022e-05,11,10
11629,26555,3.101715e-05,11,10
11630,26556,3.094826e-05,11,10
11631,26557,3.090118e-05,11,10
11632,26560,3.106396e-05,11,10
11633,26561,3.106741e-05,11,10
11634,26562,3.099446e-05,11,10
11635,26563,3.093581e-05,11,10
11636,26564,3.107948e-05,11,10
11637,26565,3.110181e-05,11,10
11638,26566,3.103766e-05,11,10
11639,26567,3.096854e-05,11,10
11640,26570,3.111009e-05,11,10
11641,26571,3.114383e-05,11,10
11642,26572,3.107572e-05,11,10
11643,26573,3.100002e-05,11,10
11644,26574,3.110538e-05,11,10
11645,26575,3.117431e-05,11,10
11646,26576,3.112061e-05,11,10
11647,26577,3.104463e-05,11,10
11648,26600,3.113765e-05,11,10
11649,26601,3.120897e-05,11,10
11650,26602,3.115478e-05,11,9
11651,26603,3.10757e-05,11,9
11652,26604,3.114693e-05,11,9
11653,26605,3.124392e-05,11,9
11654,26606,3.121236e-05,11,9
11655,26607,3.113873e-05,11,9
11656,26610,3.111247e-05,11,9
11657,26611,3.124975e-05,11,9
11658,26612,3.127012e-05,11,9
11659,26613,3.120583e-05,11,9
11660,26614,3.114294e-05,11,9
11661,26615,3.126611e-05,11,9
11662,26616,3.132431e-05,11,9
11663,26617,3.127299e-05,11,9
11664,26620,3.11882e-05,11,9
11665,26621,3.131454e-05,11,9
11666,26622,3.138159e-05,11,9
11667,26623,3.134577e-05,11,9
11668,26624,3.129405e-05,11,9
11669,26625,3.143853e-05,11,9
11670,26626,3.154015e-05,11,9
11671,26627,3.152238e-05,11,9
11672,26630,3.151401e-05,11,9
11673,26631,3.172694e-05,11,9
11674,26632,3.195521e-05,11,9
11675,26633,3.214423e-05,11,8
11676,26634,3.245082e-05,11,8
11677,26635,3.305098e-05,11,8
11678,26636,3.379047e-05,11,8
11679,26637,3.464911e-05,11,8
11680,26640,3.574687e-05,11,8
11681,26641,3.754154e-05,11,8
11682,26642,3.952971e-05,11,8
11683,26643,4.174175e-05,11,8
11684,26644,4.432389e-05,11,8
11685,26645,4.75894e-05,11,8
11686,26646,5.213345e-05,11,8
11687,26647,5.711668e-05,11,8
11688,26650,6.376721e-05,11,8
11689,26651,7.323775e-05,11,8
11690,26652,8.520205e-05,11,8
11691,26653,0.001333155,11,8
11692,26654,0.001333074,11,8
11693,26655,0.001331519,11,8
11694,26656,0.001330802,11,8
11695,26657,0.001329445,11,8
11696,26660,0.001328788,11,8
11697,26661,0.001328197,11,8
11698,26662,0.00132632,11,8
11699,26663,0.001326292,11,7
11700,26664,0.001327238,11,7
11701,26665,0.001328642,11,7
11702,26666,0.001330441,11,7
11703,26667,0.001332474,11,7
11704,26670,0.001333593,11,7
11705,26671,0.001334728,11,7
11706,26672,0.00133648,11,7
11707,26673,0.001336576,11,7
11708,26674,0.001337514,11,7
11709,26675,0.001336721,11,7
11710,26676,0.001336147,11,7
11711,26677,0.00133482,11,7
11712,26700,0.001334359,11,7
11713,26701,0.00133423,11,7
11714,26702,0.001333744,11,7
11715,26703,0.001331912,11,7
11716,26704,0.00133231,11,7
11717,26705,0.001333901,11,7
11718,26706,0.001332949,11,7
11719,26707,0.001334042,11,7
11720,26710,0.001332502,11,7
11721,26711,0.001332744,11,7
11722,26712,0.001332686,11,7
11723,26713,0.001331638,11,7
11724,26714,0.001333259,11,6
11725,26715,0.001333801,11,6
11726,26716,0.001333889,11,6
11727,26717,0.001333812,11,6
11728,26720,0.001335239,11,6
11729,26721,0.001336083,11,6
11730,26722,0.001336688,11,6
11731,26723,0.001336918,11,6
11732,26724,0.00133802,11,6
11733,26725,0.001338191,11,6
11734,26726,0.001338385,11,6
11735,26727,0.001338089,11,6
11736,26730,0.001338552,11,6
11737,26731,0.001337857,11,6
11738,26732,0.001337801,11,6
11739,26733,0.001337145,11,6
11740,26734,0.001337264,11,6
11741,26735,0.001337796,11,6
11742,26736,0.001337663,11,6
11743,26737,0.001337685,11,6
11744,26740,0.001337796,11,6
11745,26741,0.001338037,11,6
11746,26742,0.00133841,11,6
11747,26743,0.00133868,11,6
11748,26744,0.001338077,11,6
11749,26745,0.001337693,11,5
11750,26746,0.00133725,11,5
11751,26747,0.001337809,11,5
11752,26750,0.001337017,11,5
11753,26751,0.001337105,11,5
11754,26752,0.001336324,11,5
11755,26753,0.001336457,11,5
11756,26754,0.001336821,11,5
11757,26755,0.001336329,11,5
11758,26756,0.001335898,11,5
11759,26757,0.001335874,11,5
11760,26760,0.001336977,11,5
11761,26761,0.001336518,11,5
11762,26762,0.001336824,11,5
11763,26763,0.001336554,11,5
11764,26764,0.001336101,11,5
11765,26765,0.001336208,11,5
11766,26766,0.001335462,11,5
11767,26767,0.001334971,11,5
11768,26770,0.001333695,11,5
11769,26771,0.001332831,11,5
11770,26772,0.001331242,11,5
11771,26773,0.001330631,11,5
11772,26774,0.001328871,11,5
11773,26775,0.001325776,11,5
11774,26776,0.001321955,11,4
11775,26777,0.001315341,11,4
11776,27000,0.001305253,11,4
11777,27001,0.001291037,11,4
11778,27002,0.001273763,11,4
11779,27003,0.001255203,11,4
11780,27004,0.001232166,11,4
11781,27005,0.00120478,11,4
11782,27006,0.001174817,11,4
11783,27007,0.001129202,11,4
11784,27010,0.001083183,11,4
11785,27011,0.001036484,11,4
11786,27012,2.979097e-05,11,4
11787,27013,2.981336e-05,11,4
11788,27014,2.977563e-05,11,4
11789,27015,2.978196e-05,11,4
11790,27016,2.996723e-05,11,4
11791,27017,2.997475e-05,11,4
11792,27020,2.994126e-05,11,4
11793,27021,2.996029e-05,11,4
11794,27022,3.014201e-05,11,4
11795,27023,3.015399e-05,11,4
11796,27024,3.011233e-05,11,4
11797,27025,3.012676e-05,11,4
11798,27026,3.03011e-05,11,3
11799,27027,3.02887e-05,11,3
11800,27030,3.023371e-05,11,3
11801,27031,3.0278e-05,11,3
11802,27032,3.042023e-05,11,3
11803,27033,3.040524e-05,11,3
11804,27034,3.035492e-05,11,3
11805,27035,3.035516e-05,11,3
11806,27036,3.052388e-05,11,3
11807,27037,3.051611e-05,11,3
11808,27040,3.04539e-05,11,3
11809,27041,3.045344e-05,11,3
11810,27042,3.061235e-05,11,3
11811,27043,3.059649e-05,11,3
11812,27044,3.054133e-05,11,3
11813,27045,3.052362e-05,11,3
11814,27046,3.068412e-05,11,3
11815,27047,3.066397e-05,11,3
11816,27050,3.060143e-05,11,3
11817,27051,3.058829e-05,11,3
11818,27052,3.074861e-05,11,3
11819,27053,3.073763e-05,11,3
11820,27054,3.068473e-05,11,3
11821,27055,3.062975e-05,11,3
11822,27056,3.077718e-05,11,3
11823,27057,3.081308e-05,11,2
11824,27060,3.076841e-05,11,2
11825,27061,3.06931e-05,11,2
11826,27062,3.07829e-05,11,2
11827,27063,3.087304e-05,11,2
11828,27064,3.084754e-05,11,2
11829,27065,3.078485e-05,11,2
11830,27066,3.076293e-05,11,2
11831,27067,3.091283e-05,11,2
11832,27070,3.090462e-05,11,2
11833,27071,3.083955e-05,11,2
11834,27072,3.078726e-05,11,2
11835,27073,3.094904e-05,11,2
11836,27074,3.095065e-05,11,2
11837,27075,3.088085e-05,11,2
11838,27076,3.084188e-05,11,2
11839,27077,3.100382e-05,11,2
11840,27100,3.09955e-05,11,2
11841,27101,3.093863e-05,11,2
11842,27102,3.087447e-05,11,2
11843,27103,3.103105e-05,11,2
11844,27104,3.106027e-05,11,2
11845,27105,3.101554e-05,11,2
11846,27106,3.093815e-05,11,2
11847,27107,3.107186e-05,11,2
11848,27110,3.113733e-05,11,1
11849,27111,3.10925e-05,11,1
11850,27112,3.103492e-05,11,1
11851,27113,3.112345e-05,11,1
11852,27114,3.125546e-05,11,1
11853,27115,3.125037e-05,11,1
11854,27116,3.120556e-05,11,1
11855,27117,3.133872e-05,11,1
11856,27120,3.152663e-05,11,1
11857,27121,3.160152e-05,11,1
11858,27122,3.176179e-05,11,1
11859,27123,3.219395e-05,11,1
11860,27124,3.270531e-05,11,1
11861,27125,3.330177e-05,11,1
11862,27126,3.354612e-05,11,1
11863,27127,3.342052e-05,11,1
11864,27130,3.359258e-05,11,1
11865,27131,3.354143e-05,11,1
11866,27132,3.333849e-05,11,1
11867,27133,3.355631e-05,11,1
11868,27134,3.350443e-05,11,1
11869,27135,3.348604e-05,11,1
11870,27136,3.345814e-05,11,1
11871,27137,3.339869e-05,11,1
11872,27140,3.358852e-05,11,1
11873,27141,3.350619e-05,11,0
11874,27142,3.335131e-05,11,0
11875,27143,3.352408e-05,11,0
11876,27144,3.351171e-05,11,0
11877,27145,3.350007e-05,11,0
11878,27146,3.339745e-05,11,0
11879,27147,3.346265e-05,11,0
11880,27150,3.359656e-05,11,0
11881,27151,3.346889e-05,11,0
11882,27152,3.337602e-05,11,0
11883,27153,3.345398e-05,11,0
11884,27154,3.353025e-05,11,0
11885,27155,3.353057e-05,11,0
11886,27156,3.342959e-05,11,0
11887,27157,3.340576e-05,11,0
11888,27160,3.357537e-05,11,0
11889,27161,3.348101e-05,11,0
11890,27162,3.344055e-05,11,0
11891,27163,3.340263e-05,11,0
11892,27164,3.349784e-05,11,0
11893,27165,3.354606e-05,11,0
11894,27166,3.346953e-05,11,0
11895,27167,3.337388e-05,11,0
11896,27170,3.351026e-05,11,0
11897,27171,3.351549e-05,-1,-1
11898,27172,3.349081e-05,-1,-1
11899,27173,3.338306e-05,-1,-1
11900,27174,3.343214e-05,-1,-1
11901,27175,3.352987e-05,-1,-1
11902,27176,3.342031e-05,-1,-1
11903,27177,3.335678e-05,-1,-1
11904,27200,3.350437e-05,-1,-1
11905,27201,3.352006e-05,-1,-1
11906,27202,3.346151e-05,-1,-1
11907,27203,3.336811e-05,-1,-1
11908,27204,3.349052e-05,-1,-1
11909,27205,3.354618e-05,-1,-1
11910,27206,3.345466e-05,-1,-1
11911,27207,3.33682e-05,-1,-1
11912,27210,3.345401e-05,-1,-1
11913,27211,3.351854e-05,-1,-1
11914,27212,3.346432e-05,-1,-1
11915,27213,3.338003e-05,-1,-1
11916,27214,3.345709e-05,-1,-1
11917,27215,3.35342e-05,-1,-1
11918,27216,3.347963e-05,-1,-1
11919,27217,3.339756e-05,-1,-1
11920,27220,3.340948e-05,-1,-1
11921,27221,3.352399e-05,-1,-1
11922,27222,3.348587e-05,-1,-1
11923,27223,3.339384e-05,-1,-1
11924,27224,3.33824e-05,-1,-1
11925,27225,3.35311e-05,-1,-1
11926,27226,3.350659e-05,-1,-1
11927,27227,3.341938e-05,-1,-1
11928,27230,3.338261e-05,-1,-1
11929,27231,3.353151e-05,-1,-1
11930,27232,3.350668e-05,-1,-1
11931,27233,3.342833e-05,-1,-1
11932,27234,3.338111e-05,-1,-1
11933,27235,3.354978e-05,-1,-1
11934,27236,3.35446e-05,-1,-1
11935,27237,3.347383e-05,-1,-1
11936,27240,3.341179e-05,-1,-1
11937,27241,3.354999e-05,-1,-1
11938,27242,3.357721e-05,-1,-1
11939,27243,3.351242e-05,-1,-1
11940,27244,3.341791e-05,-1,-1
11941,27245,3.348507e-05,-1,-1
11942,27246,3.356995e-05,-1,-1
11943,27247,3.35207e-05,-1,-1
11944,27250,3.343677e-05,-1,-1
11945,27251,3.343788e-05,-1,-1
11946,27252,3.355759e-05,-1,-1
11947,27253,3.353394e-05,-1,-1
11948,27254,3.345609e-05,-1,-1
11949,27255,3.340169e-05,-1,-1
11950,27256,3.355798e-05,-1,-1
11951,27257,3.355645e-05,-1,-1
11952,27260,3.347184e-05,-1,-1
11953,27261,3.340521e-05,-1,-1
11954,27262,3.355151e-05,-1,-1
11955,27263,3.356629e-05,-1,-1
11956,27264,3.349705e-05,-1,-1
11957,27265,3.341812e-05,-1,-1
11958,27266,3.355473e-05,-1,-1
11959,27267,3.358031e-05,-1,-1
11960,27270,3.35015e-05,-1,-1
11961,27271,3.342204e-05,-1,-1
11962,27272,3.357662e-05,-1,-1
11963,27273,3.356922e-05,-1,-1
11964,27274,3.349158e-05,-1,-1
11965,27275,3.343032e-05,-1,-1
11966,27276,3.357033e-05,-1,-1
11967,27277,3.358869e-05,-1,-1
11968,27300,3.352228e-05,-1,-1
11969,27301,3.343156e-05,-1,-1
11970,27302,3.356925e-05,-1,-1
11971,27303,3.359357e-05,-1,-1
11972,27304,3.351839e-05,-1,-1
11973,27305,3.343077e-05,-1,-1
11974,27306,3.3565e-05,-1,-1
11975,27307,3.359413e-05,-1,-1
11976,27310,3.352984e-05,-1,-1
11977,27311,3.343428e-05,-1,-1
11978,27312,3.355452e-05,-1,-1
11979,27313,3.359454e-05,-1,-1
11980,27314,3.351792e-05,-1,-1
11981,27315,3.343519e-05,-1,-1
11982,27316,3.357953e-05,-1,-1
11983,27317,3.35857e-05,-1,-1
11984,27320,3.351286e-05,-1,-1
11985,27321,3.343762e-05,-1,-1
11986,27322,3.357905e-05,-1,-1
11987,27323,3.360002e-05,-1,-1
11988,27324,3.354192e-05,-1,-1
11989,27325,3.345243e-05,-1,-1
11990,27326,3.354079e-05,-1,-1
11991,27327,3.361102e-05,-1,-1
11992,27330,3.356562e-05,-1,-1
11993,27331,3.347696e-05,-1,-1
11994,27332,3.348792e-05,-1,-1
11995,27333,3.361422e-05,-1,-1
11996,27334,3.358585e-05,-1,-1
11997,27335,3.274035e-05,-1,-1
11998,27336,3.279478e-05,-1,-1
11999,27337,3.291561e-05,-1,-1
12000,27340,3.293607e-05,-1,-1
12001,27341,3.287728e-05,-1,-1
12002,27342,3.278912e-05,-1,-1
12003,27343,3.286809e-05,-1,-1
12004,27344,3.29517e-05,-1,-1
12005,27345,3.288501e-05,-1,-1
12006,27346,3.279205e-05,-1,-1
12007,27347,3.288328e-05,-1,-1
12008,27350,3.295185e-05,-1,-1
12009,27351,3.290354e-05,-1,-1
12010,27352,3.282235e-05,-1,-1
12011,27353,3.284294e-05,-1,-1
12012,27354,3.296259e-05,-1,-1
12013,27355,3.288414e-05,-1,-1
12014,27356,3.278125e-05,-1,-1
12015,27357,3.281067e-05,-1,-1
12016,27360,3.293425e-05,-1,-1
12017,27361,3.287874e-05,-1,-1
12018,27362,3.279656e-05,-1,-1
12019,27363,3.287102e-05,-1,-1
12020,27364,3.293082e-05,-1,-1
12021,27365,3.285725e-05,-1,-1
12022,27366,3.276022e-05,-1,-1
12023,27367,3.280125e-05,-1,-1
12024,27370,3.287892e-05,-1,-1
12025,27371,3.281e-05,-1,-1
12026,27372,3.270765e-05,-1,-1
12027,27373,3.274137e-05,-1,-1
12028,27374,3.283474e-05,-1,-1
12029,27375,3.274503e-05,-1,-1
12030,27376,3.262198e-05,-1,-1
12031,27377,3.264505e-05,-1,-1
12032,27400,3.274485e-05,-1,-1
12033,27401,3.269456e-05,-1,-1
12034,27402,3.262321e-05,-1,-1
12035,27403,3.261583e-05,-1,-1
12036,27404,3.271617e-05,-1,-1
12037,27405,3.265723e-05,-1,-1
12038,27406,3.25521e-05,-1,-1
12039,27407,3.259981e-05,-1,-1
12040,27410,3.272887e-05,-1,-1
12041,27411,3.270486e-05,-1,-1
12042,27412,3.263027e-05,-1,-1
12043,27413,3.266247e-05,-1,-1
12044,27414,3.277498e-05,-1,-1
12045,27415,3.27114e-05,-1,-1
12046,27416,3.262646e-05,-1,-1
12047,27417,3.268915e-05,-1,-1
12048,27420,3.2771e-05,-1,-1
12049,27421,3.271031e-05,-1,-1
12050,27422,3.26127e-05,-1,-1
12051,27423,3.252601e-05,-1,-1
12052,27424,3.277097e-05,-1,-1
12053,27425,3.270162e-05,-1,-1
12054,27426,3.260986e-05,-1,-1
12055,27427,3.270875e-05,-1,-1
12056,27430,3.277601e-05,-1,-1
12057,27431,3.271171e-05,-1,-1
12058,27432,3.261393e-05,-1,-1
12059,27433,3.272398e-05,-1,-1
12060,27434,3.277823e-05,-1,-1
12061,27435,3.271224e-05,-1,-1
12062,27436,3.263726e-05,-1,-1
12063,27437,3.272773e-05,-1,-1
12064,27440,3.278489e-05,-1,-1
12065,27441,3.270055e-05,-1,-1
12066,27442,3.262643e-05,-1,-1
12067,27443,3.27191e-05,-1,-1
12068,27444,3.27766e-05,-1,-1
12069,27445,3.2709e-05,-1,-1
12070,27446,3.262371e-05,-1,-1
12071,27447,3.272141e-05,-1,-1
12072,27450,3.27823e-05,-1,-1
12073,27451,3.271576e-05,-1,-1
12074,27452,3.263656e-05,-1,-1
12075,27453,3.270902e-05,-1,-1
12076,27454,3.279211e-05,-1,-1
12077,27455,3.274222e-05,-1,-1
12078,27456,3.264244e-05,-1,-1
12079,27457,3.269974e-05,-1,-1
12080,27460,3.278994e-05,-1,-1
12081,27461,3.272711e-05,-1,-1
12082,27462,3.263656e-05,-1,-1
12083,27463,3.271877e-05,-1,-1
12084,27464,3.279583e-05,-1,-1
12085,27465,3.272964e-05,-1,-1
12086,27466,3.263372e-05,-1,-1
12087,27467,3.272149e-05,-1,-1
12088,27470,3.279369e-05,-1,-1
12089,27471,3.273906e-05,-1,-1
12090,27472,3.264924e-05,-1,-1
12091,27473,3.268059e-05,-1,-1
12092,27474,3.278693e-05,-1,-1
12093,27475,3.272943e-05,-1,-1
12094,27476,3.264558e-05,-1,-1
12095,27477,3.272557e-05,-1,-1
12096,27500,3.279834e-05,-1,-1
12097,27501,3.273663e-05,-1,-1
12098,27502,3.265237e-05,-1,-1
12099,27503,3.270829e-05,-1,-1
12100,27504,3.279237e-05,-1,-1
12101,27505,3.274131e-05,-1,-1
12102,27506,3.265433e-05,-1,-1
12103,27507,3.27063e-05,-1,-1
12104,27510,3.279908e-05,-1,-1
12105,27511,3.274758e-05,-1,-1
12106,27512,3.266457e-05,-1,-1
12107,27513,3.26868e-05,-1,-1
12108,27514,3.28037e-05,-1,-1
12109,27515,3.276339e-05,-1,-1
12110,27516,3.2693e-05,-1,-1
12111,27517,3.263967e-05,-1,-1
12112,27520,3.277179e-05,-1,-1
12113,27521,3.278693e-05,-1,-1
12114,27522,3.271464e-05,-1,-1
12115,27523,3.262398e-05,-1,-1
12116,27524,3.275048e-05,-1,-1
12117,27525,3.278482e-05,-1,-1
12118,27526,3.27185e-05,-1,-1
12119,27527,3.264186e-05,-1,-1
12120,27530,3.269705e-05,-1,-1
12121,27531,3.280786e-05,-1,-1
12122,27532,3.275264e-05,-1,-1
12123,27533,3.266929e-05,-1,-1
12124,27534,3.266844e-05,-1,-1
12125,27535,3.279407e-05,-1,-1
12126,27536,3.276541e-05,-1,-1
12127,27537,3.267992e-05,-1,-1
12128,27540,3.266001e-05,-1,-1
12129,27541,3.280877e-05,-1,-1
12130,27542,3.277264e-05,-1,-1
12131,27543,3.267351e-05,-1,-1
12132,27544,3.271663e-05,-1,-1
12133,27545,3.281439e-05,-1,-1
12134,27546,3.276175e-05,-1,-1
12135,27547,3.267485e-05,-1,-1
12136,27550,3.272029e-05,-1,-1
12137,27551,3.281905e-05,-1,-1
12138,27552,3.275918e-05,12,0
12139,27553,3.266139e-05,12,0
12140,27554,3.27667e-05,12,0
12141,27555,3.281123e-05,12,0
12142,27556,3.273525e-05,12,0
12143,27557,3.265861e-05,12,0
12144,27560,3.274029e-05,12,0
12145,27561,3.280595e-05,12,0
12146,27562,3.271997e-05,12,0
12147,27563,3.263328e-05,12,0
12148,27564,3.275765e-05,12,0
12149,27565,3.279516e-05,12,0
12150,27566,3.273241e-05,12,0
12151,27567,3.263644e-05,12,0
12152,27570,3.275393e-05,12,0
12153,27571,3.278696e-05,12,0
12154,27572,3.271985e-05,12,0
12155,27573,3.255695e-05,12,0
12156,27574,3.230227e-05,12,0
12157,27575,3.195844e-05,12,0
12158,27576,3.172267e-05,12,0
12159,27577,3.149703e-05,12,0
12160,27600,3.15391e-05,12,0
12161,27601,3.15225e-05,12,0
12162,27602,3.142026e-05,12,0
12163,27603,3.131422e-05,12,1
12164,27604,3.140887e-05,12,1
12165,27605,3.14301e-05,12,1
12166,27606,3.134973e-05,12,1
12167,27607,3.125595e-05,12,1
12168,27610,3.135664e-05,12,1
12169,27611,3.139768e-05,12,1
12170,27612,3.132271e-05,12,1
12171,27613,3.123482e-05,12,1
12172,27614,3.132354e-05,12,1
12173,27615,3.139005e-05,12,1
12174,27616,3.132686e-05,12,1
12175,27617,3.123057e-05,12,1
12176,27620,3.134604e-05,12,1
12177,27621,3.138308e-05,12,1
12178,27622,3.131483e-05,12,1
12179,27623,3.122791e-05,12,1
12180,27624,3.136097e-05,12,1
12181,27625,3.138721e-05,12,1
12182,27626,3.13151e-05,12,1
12183,27627,3.123705e-05,12,1
12184,27630,3.136856e-05,12,1
12185,27631,3.13949e-05,12,1
12186,27632,3.133418e-05,12,1
12187,27633,3.125192e-05,12,1
12188,27634,3.133219e-05,12,2
12189,27635,3.140789e-05,12,2
12190,27636,3.134522e-05,12,2
12191,27637,3.12711e-05,12,2
12192,27640,3.128377e-05,12,2
12193,27641,3.141555e-05,12,2
12194,27642,3.13709e-05,12,2
12195,27643,3.129191e-05,12,2
12196,27644,3.128361e-05,12,2
12197,27645,3.14174e-05,12,2
12198,27646,3.138143e-05,12,2
12199,27647,3.130412e-05,12,2
12200,27650,3.126878e-05,12,2
12201,27651,3.14246e-05,12,2
12202,27652,3.138527e-05,12,2
12203,27653,3.131572e-05,12,2
12204,27654,3.126788e-05,12,2
12205,27655,3.141637e-05,12,2
12206,27656,3.141423e-05,12,2
12207,27657,3.135031e-05,12,2
12208,27660,3.126342e-05,12,2
12209,27661,3.139327e-05,12,2
12210,27662,3.142708e-05,12,2
12211,27663,3.137637e-05,12,2
12212,27664,3.129238e-05,12,2
12213,27665,3.133606e-05,12,3
12214,27666,3.14504e-05,12,3
12215,27667,3.139262e-05,12,3
12216,27670,3.130383e-05,12,3
12217,27671,3.136103e-05,12,3
12218,27672,3.146031e-05,12,3
12219,27673,3.14246e-05,12,3
12220,27674,3.13493e-05,12,3
12221,27675,3.132224e-05,12,3
12222,27676,3.147518e-05,12,3
12223,27677,3.143636e-05,12,3
12224,27700,3.136996e-05,12,3
12225,27701,3.137482e-05,12,3
12226,27702,3.149351e-05,12,3
12227,27703,3.145623e-05,12,3
12228,27704,3.13884e-05,12,3
12229,27705,3.140237e-05,12,3
12230,27706,3.155362e-05,12,3
12231,27707,3.154484e-05,12,3
12232,27710,3.151179e-05,12,3
12233,27711,3.15816e-05,12,3
12234,27712,3.184874e-05,12,3
12235,27713,3.197091e-05,12,3
12236,27714,3.207695e-05,12,3
12237,27715,3.221137e-05,12,3
12238,27716,3.249822e-05,12,4
12239,27717,3.260265e-05,12,4
12240,27720,3.267986e-05,12,4
12241,27721,3.285389e-05,12,4
12242,27722,3.338067e-05,12,4
12243,27723,3.391308e-05,12,4
12244,27724,3.468322e-05,12,4
12245,27725,3.607415e-05,12,4
12246,27726,3.826269e-05,12,4
12247,27727,4.096716e-05,12,4
12248,27730,4.417091e-05,12,4
12249,27731,4.909855e-05,12,4
12250,27732,5.659471e-05,12,4
12251,27733,6.509533e-05,12,4
12252,27734,7.632796e-05,12,4
12253,27735,0.001292278,12,4
12254,27736,0.001291265,12,4
12255,27737,0.001293325,12,4
12256,27740,0.001292853,12,4
12257,27741,0.001293564,12,4
12258,27742,0.001292298,12,4
12259,27743,0.001293425,12,4
12260,27744,0.00129425,12,4
12261,27745,0.001294137,12,4
12262,27746,0.001293711,12,5
12263,27747,0.001293934,12,5
12264,27750,0.001294206,12,5
12265,27751,0.001294273,12,5
12266,27752,0.001293591,12,5
12267,27753,0.001293769,12,5
12268,27754,0.001293902,12,5
12269,27755,0.001293471,12,5
12270,27756,0.001293623,12,5
12271,27757,0.001293242,12,5
12272,27760,0.001293412,12,5
12273,27761,0.001293565,12,5
12274,27762,0.0012935,12,5
12275,27763,0.001293488,12,5
12276,27764,0.001293961,12,5
12277,27765,0.001292487,12,5
12278,27766,0.001292692,12,5
12279,27767,0.001292809,12,5
12280,27770,0.001291879,12,5
12281,27771,0.00129281,12,5
12282,27772,0.001292857,12,5
12283,27773,0.001291693,12,5
12284,27774,0.001291556,12,5
12285,27775,0.001291315,12,5
12286,27776,0.001291032,12,5
12287,27777,0.001290517,12,6
12288,30000,0.001291172,12,6
12289,30001,0.001291266,12,6
12290,30002,0.001289915,12,6
12291,30003,0.001289651,12,6
12292,30004,0.001288947,12,6
12293,30005,0.001289808,12,6
12294,30006,0.001288452,12,6
12295,30007,0.001288208,12,6
12296,30010,0.001288481,12,6
12297,30011,0.001288014,12,6
12298,30012,0.001287367,12,6
12299,30013,0.001287848,12,6
12300,30014,0.001288425,12,6
12301,30015,0.001288856,12,6
12302,30016,0.001288743,12,6
12303,30017,0.001289072,12,6
12304,30020,0.001288678,12,6
12305,30021,0.001289048,12,6
12306,30022,0.001288585,12,6
12307,30023,0.001288333,12,6
12308,30024,0.001288639,12,6
12309,30025,0.001288304,12,6
12310,30026,0.001287729,12,6
12311,30027,0.001288402,12,6
12312,30030,0.00128707,12,7
12313,30031,0.001287493,12,7
12314,30032,0.001287556,12,7
12315,30033,0.0012871,12,7
12316,30034,0.001286897,12,7
12317,30035,0.00128696,12,7
12318,30036,0.001286977,12,7
12319,30037,0.001287874,12,7
12320,30040,0.001286783,12,7
12321,30041,0.001287106,12,7
12322,30042,0.001287475,12,7
12323,30043,0.001287157,12,7
12324,30044,0.001286168,12,7
12325,30045,0.001286479,12,7
12326,30046,0.001284859,12,7
12327,30047,0.001284374,12,7
12328,30050,0.001283309,12,7
12329,30051,0.001283807,12,7
12330,30052,0.001282787,12,7
12331,30053,0.001282918,12,7
12332,30054,0.001282607,12,7
12333,30055,0.001282403,12,7
12334,30056,0.001280012,12,7
12335,30057,0.001277277,12,7
12336,30060,0.001271309,12,7
12337,30061,0.001263471,12,8
12338,30062,0.001255586,12,8
12339,30063,0.001242042,12,8
12340,30064,0.001224753,12,8
12341,30065,0.001205427,12,8
12342,30066,0.001180538,12,8
12343,30067,0.001154996,12,8
12344,30070,0.00111907,12,8
12345,30071,0.001078915,12,8
12346,30072,0.001032503,12,8
12347,30073,2.999545e-05,12,8
12348,30074,2.995891e-05,12,8
12349,30075,2.994617e-05,12,8
12350,30076,3.013179e-05,12,8
12351,30077,3.016136e-05,12,8
12352,30100,3.012404e-05,12,8
12353,30101,3.011437e-05,12,8
12354,30102,3.031586e-05,12,8
12355,30103,3.03114e-05,12,8
12356,30104,3.027004e-05,12,8
12357,30105,3.028316e-05,12,8
12358,30106,3.046304e-05,12,8
12359,30107,3.045976e-05,12,8
12360,30110,3.041895e-05,12,8
12361,30111,3.039935e-05,12,9
12362,30112,3.057702e-05,12,9
12363,30113,3.060267e-05,12,9
12364,30114,3.055831e-05,12,9
12365,30115,3.050863e-05,12,9
12366,30116,3.067604e-05,12,9
12367,30117,3.070176e-05,12,9
12368,30120,3.065322e-05,12,9
12369,30121,3.060034e-05,12,9
12370,30122,3.075784e-05,12,9
12371,30123,3.079724e-05,12,9
12372,30124,3.073932e-05,12,9
12373,30125,3.068329e-05,12,9
12374,30126,3.084285e-05,12,9
12375,30127,3.086928e-05,12,9
12376,30130,3.079265e-05,12,9
12377,30131,3.077388e-05,12,9
12378,30132,3.09337e-05,12,9
12379,30133,3.091754e-05,12,9
12380,30134,3.084426e-05,12,9
12381,30135,3.085813e-05,12,9
12382,30136,3.099711e-05,12,9
12383,30137,3.094491e-05,12,9
12384,30140,3.087881e-05,12,9
12385,30141,3.092222e-05,12,9
12386,30142,3.105081e-05,12,10
12387,30143,3.101091e-05,12,10
12388,30144,3.092814e-05,12,10
12389,30145,3.094806e-05,12,10
12390,30146,3.109534e-05,12,10
12391,30147,3.107166e-05,12,10
12392,30150,3.100306e-05,12,10
12393,30151,3.096632e-05,12,10
12394,30152,3.113112e-05,12,10
12395,30153,3.11195e-05,12,10
12396,30154,3.105638e-05,12,10
12397,30155,3.100227e-05,12,10
12398,30156,3.11489e-05,12,10
12399,30157,3.117117e-05,12,10
12400,30160,3.110393e-05,12,10
12401,30161,3.103316e-05,12,10
12402,30162,3.117607e-05,12,10
12403,30163,3.120101e-05,12,10
12404,30164,3.114657e-05,12,10
12405,30165,3.106659e-05,12,10
12406,30166,3.119512e-05,12,10
12407,30167,3.124785e-05,12,10
12408,30170,3.118311e-05,12,10
12409,30171,3.110415e-05,12,10
12410,30172,3.122118e-05,12,10
12411,30173,3.127294e-05,12,11
12412,30174,3.120644e-05,12,11
12413,30175,3.113322e-05,12,11
12414,30176,3.124173e-05,12,11
12415,30177,3.130537e-05,12,11
12416,30200,3.124392e-05,12,11
12417,30201,3.115993e-05,12,11
12418,30202,3.129633e-05,12,11
12419,30203,3.132745e-05,12,11
12420,30204,3.127004e-05,12,11
12421,30205,3.12011e-05,12,11
12422,30206,3.127294e-05,12,11
12423,30207,3.138369e-05,12,11
12424,30210,3.133446e-05,12,11
12425,30211,3.12446e-05,12,11
12426,30212,3.139863e-05,12,11
12427,30213,3.144196e-05,12,11
12428,30214,3.141883e-05,12,11
12429,30215,3.138e-05,12,11
12430,30216,3.158483e-05,12,11
12431,30217,3.175133e-05,12,11
12432,30220,3.182991e-05,12,11
12433,30221,3.194722e-05,12,11
12434,30222,3.22556e-05,12,11
12435,30223,3.243911e-05,12,11
12436,30224,3.249319e-05,12,12
12437,30225,3.255086e-05,12,12
12438,30226,3.294238e-05,12,12
12439,30227,3.327978e-05,12,12
12440,30230,3.371295e-05,12,12
12441,30231,3.444982e-05,12,12
12442,30232,3.570828e-05,12,12
12443,30233,3.765935e-05,12,12
12444,30234,4.02616e-05,12,12
12445,30235,4.322546e-05,12,12
12446,30236,4.786688e-05,12,12
12447,30237,5.400582e-05,12,12
12448,30240,6.222692e-05,12,12
12449,30241,7.354481e-05,12,12
12450,30242,8.816751e-05,12,12
12451,30243,0.001288537,12,12
12452,30244,0.001288445,12,12
12453,30245,0.001288294,12,12
12454,30246,0.001288786,12,12
12455,30247,0.001288867,12,12
12456,30250,0.001288171,12,12
12457,30251,0.001287392,12,12
12458,30252,0.001287153,12,12
12459,30253,0.001287474,12,12
12460,30254,0.001287496,12,13
12461,30255,0.001287041,12,13
12462,30256,0.001285387,12,13
12463,30257,0.001285901,12,13
12464,30260,0.001285713,12,13
12465,30261,0.001285894,12,13
12466,30262,0.001286386,12,13
12467,30263,0.00128621,12,13
12468,30264,0.001284678,12,13
12469,30265,0.001285773,12,13
12470,30266,0.001285081,12,13
12471,30267,0.001285568,12,13
12472,30270,0.001285734,12,13
12473,30271,0.001286345,12,13
12474,30272,0.001286831,12,13
12475,30273,0.001287042,12,13
12476,30274,0.001286567,12,13
12477,30275,0.001286643,12,13
12478,30276,0.001286936,12,13
12479,30277,0.001287151,12,13
12480,30300,0.001287798,12,13
12481,30301,0.001287596,12,13
12482,30302,0.001287295,12,13
12483,30303,0.001285977,12,13
12484,30304,0.001285203,12,13
12485,30305,0.001284642,12,14
12486,30306,0.001283882,12,14
12487,30307,0.00128331,12,14
12488,30310,0.001281795,12,14
12489,30311,0.001279459,12,14
12490,30312,0.001278565,12,14
12491,30313,0.001277143,12,14
12492,30314,0.001274919,12,14
12493,30315,0.001275791,12,14
12494,30316,0.001275965,12,14
12495,30317,0.001275687,12,14
12496,30320,0.001275886,12,14
12497,30321,0.001276949,12,14
12498,30322,0.001277412,12,14
12499,30323,0.001278062,12,14
12500,30324,0.001279812,12,14
12501,30325,0.001278902,12,14
12502,30326,0.001279876,12,14
12503,30327,0.001279377,12,14
12504,30330,0.001279762,12,14
12505,30331,0.001278693,12,14
12506,30332,0.001279653,12,14
12507,30333,0.001279794,12,14
12508,30334,0.001278911,12,14
12509,30335,0.001278873,12,14
12510,30336,0.001278826,12,15
12511,30337,0.001280201,12,15
12512,30340,0.001279267,12,15
12513,30341,0.001279464,12,15
12514,30342,0.001279377,12,15
12515,30343,0.001278729,12,15
12516,30344,0.001278998,12,15
12517,30345,0.001277031,12,15
12518,30346,0.001275275,12,15
12519,30347,0.001273901,12,15
12520,30350,0.001272528,12,15
12521,30351,0.00127087,12,15
12522,30352,0.001269685,12,15
12523,30353,0.001268108,12,15
12524,30354,0.001267565,12,15
12525,30355,0.001266841,12,15
12526,30356,0.001265929,12,15
12527,30357,0.001265881,12,15
12528,30360,0.001265855,12,15
12529,30361,0.001266406,12,15
12530,30362,0.001265623,12,15
12531,30363,0.001265731,12,15
12532,30364,0.001265355,12,15
12533,30365,0.001265174,12,15
12534,30366,0.001262925,12,15
12535,30367,0.001262231,12,16
12536,30370,0.001261048,12,16
12537,30371,0.001258348,12,16
12538,30372,0.001256859,12,16
12539,30373,0.001254071,12,16
12540,30374,0.00125213,12,16
12541,30375,0.001249106,12,16
12542,30376,0.001247338,12,16
12543,30377,0.001244269,12,16
12544,30400,0.001242515,12,16
12545,30401,0.001239046,12,16
12546,30402,0.001236337,12,16
12547,30403,0.001229985,12,16
12548,30404,0.001223888,12,16
12549,30405,0.001215096,12,16
12550,30406,0.001206514,12,16
12551,30407,0.001194931,12,16
12552,30410,0.001183129,12,16
12553,30411,0.001168932,12,16
12554,30412,0.001149957,12,16
12555,30413,0.001128794,12,16
12556,30414,0.001105691,12,16
12557,30415,0.001079026,12,16
12558,30416,0.00104812,12,16
12559,30417,0.001015318,12,17
12560,30420,0.001106458,12,17
12561,30421,0.001065523,12,17
12562,30422,0.00102002,12,17
12563,30423,3.041766e-05,12,17
12564,30424,3.038533e-05,12,17
12565,30425,3.032637e-05,12,17
12566,30426,3.040155e-05,12,17
12567,30427,3.053231e-05,12,17
12568,30430,3.050959e-05,12,17
12569,30431,3.047798e-05,12,17
12570,30432,3.052909e-05,12,17
12571,30433,3.067928e-05,12,17
12572,30434,3.067489e-05,12,17
12573,30435,3.063018e-05,12,17
12574,30436,3.061871e-05,12,17
12575,30437,3.078983e-05,12,17
12576,30440,3.079085e-05,12,17
12577,30441,3.074184e-05,12,17
12578,30442,3.073363e-05,12,17
12579,30443,3.08995e-05,12,17
12580,30444,3.090196e-05,12,17
12581,30445,3.085441e-05,12,17
12582,30446,3.080783e-05,12,17
12583,30447,3.097332e-05,12,17
12584,30450,3.09864e-05,12,18
12585,30451,3.09358e-05,12,18
12586,30452,3.089285e-05,12,18
12587,30453,3.106006e-05,12,18
12588,30454,3.107579e-05,12,18
12589,30455,3.100741e-05,12,18
12590,30456,3.104012e-05,12,18
12591,30457,3.114135e-05,12,18
12592,30460,3.109818e-05,12,18
12593,30461,3.101436e-05,12,18
12594,30462,3.111183e-05,12,18
12595,30463,3.119629e-05,12,18
12596,30464,3.114746e-05,12,18
12597,30465,3.108832e-05,12,18
12598,30466,3.113306e-05,12,18
12599,30467,3.12537e-05,12,18
12600,30470,3.121734e-05,12,18
12601,30471,3.11549e-05,12,18
12602,30472,3.11413e-05,12,18
12603,30473,3.12939e-05,12,18
12604,30474,3.128281e-05,12,18
12605,30475,3.120967e-05,12,18
12606,30476,3.116985e-05,12,18
12607,30477,3.133664e-05,12,18
12608,30500,3.132824e-05,12,18
12609,30501,3.126398e-05,12,19
12610,30502,3.122147e-05,12,19
12611,30503,3.137087e-05,12,19
12612,30504,3.137409e-05,12,19
12613,30505,3.130479e-05,12,19
12614,30506,3.125595e-05,12,19
12615,30507,3.141877e-05,12,19
12616,30510,3.14123e-05,12,19
12617,30511,3.135289e-05,12,19
12618,30512,3.128669e-05,12,19
12619,30513,3.143151e-05,12,19
12620,30514,3.146205e-05,12,19
12621,30515,3.139663e-05,12,19
12622,30516,3.133535e-05,12,19
12623,30517,3.15011e-05,12,19
12624,30520,3.152964e-05,12,19
12625,30521,3.14888e-05,12,19
12626,30522,3.145727e-05,12,19
12627,30523,3.165907e-05,12,19
12628,30524,3.177485e-05,12,19
12629,30525,3.183879e-05,12,19
12630,30526,3.19219e-05,12,19
12631,30527,3.224618e-05,12,19
12632,30530,3.24592e-05,12,19
12633,30531,3.254106e-05,12,19
12634,30532,3.25882e-05,12,20
12635,30533,3.278081e-05,12,20
12636,30534,3.314546e-05,12,20
12637,30535,3.348121e-05,12,20
12638,30536,3.399804e-05,12,20
12639,30537,3.484161e-05,12,20
12640,30540,3.626487e-05,12,20
12641,30541,3.827671e-05,12,20
12642,30542,4.06432e-05,12,20
12643,30543,4.387283e-05,12,20
12644,30544,4.82887e-05,12,20
12645,30545,5.453954e-05,12,20
12646,30546,6.349879e-05,12,20
12647,30547,7.571431e-05,12,20
12648,30550,0.001275843,12,20
12649,30551,0.001274422,12,20
12650,30552,0.001274239,12,20
12651,30553,0.00127047,12,20
12652,30554,0.001267245,12,20
12653,30555,0.001264418,12,20
12654,30556,0.001259739,12,20
12655,30557,0.001256885,12,20
12656,30560,0.001254097,12,20
12657,30561,0.001252331,12,20
12658,30562,0.001250074,12,21
12659,30563,0.001248886,12,21
12660,30564,0.001249617,12,21
12661,30565,0.001251951,12,21
12662,30566,0.001254186,12,21
12663,30567,0.001257604,12,21
12664,30570,0.00126176,12,21
12665,30571,0.001267046,12,21
12666,30572,0.001276168,12,21
12667,30573,0.001285239,12,21
12668,30574,0.001295815,12,21
12669,30575,0.001304606,12,21
12670,30576,0.001309244,12,21
12671,30577,0.001315241,12,21
12672,30600,0.001320551,12,21
12673,30601,0.001326611,12,21
12674,30602,0.001331338,12,21
12675,30603,0.00133624,12,21
12676,30604,0.001342484,12,21
12677,30605,0.001347654,12,21
12678,30606,0.00135316,12,21
12679,30607,0.00135918,12,21
12680,30610,0.001361654,12,21
12681,30611,0.001364785,12,21
12682,30612,0.001367489,12,21
12683,30613,0.001369098,12,22
12684,30614,0.00136939,12,22
12685,30615,0.001369102,12,22
12686,30616,0.001368644,12,22
12687,30617,0.001367482,12,22
12688,30620,0.001367739,12,22
12689,30621,0.00136895,12,22
12690,30622,0.00136779,12,22
12691,30623,0.001367816,12,22
12692,30624,0.00136833,12,22
12693,30625,0.001369079,12,22
12694,30626,0.001369229,12,22
12695,30627,0.001368887,12,22
12696,30630,0.001368489,12,22
12697,30631,0.001368413,12,22
12698,30632,0.001367589,12,22
12699,30633,0.00136863,12,22
12700,30634,0.001368962,12,22
12701,30635,0.001368536,12,22
12702,30636,0.001368021,12,22
12703,30637,0.001368133,12,22
12704,30640,0.001368309,12,22
12705,30641,0.001367831,12,22
12706,30642,0.001367758,12,22
12707,30643,0.001367903,12,22
12708,30644,0.001368969,12,23
12709,30645,0.001368306,12,23
12710,30646,0.001368635,12,23
12711,30647,0.001368074,12,23
12712,30650,0.001368302,12,23
12713,30651,0.001368506,12,23
12714,30652,0.001367534,12,23
12715,30653,0.001367591,12,23
12716,30654,0.001368533,12,23
12717,30655,0.001367679,12,23
12718,30656,0.00136765,12,23
12719,30657,0.001367587,12,23
12720,30660,0.001367148,12,23
12721,30661,0.001367644,12,23
12722,30662,0.00136775,12,23
12723,30663,0.0013675,12,23
12724,30664,0.001368353,12,23
12725,30665,0.001368138,12,23
12726,30666,0.001368421,12,23
12727,30667,0.001367582,12,23
12728,30670,0.001367436,12,23
12729,30671,0.001368151,12,23
12730,30672,0.001368001,12,23
12731,30673,0.001368261,12,23
12732,30674,0.001367691,12,23
12733,30675,0.001368426,12,24
12734,30676,0.001368089,12,24
12735,30677,0.001367675,12,24
12736,30700,0.001367097,12,24
12737,30701,0.001367911,12,24
12738,30702,0.001367877,12,24
12739,30703,0.001367198,12,24
12740,30704,0.001367985,12,24
12741,30705,0.001367359,12,24
12742,30706,0.001368119,12,24
12743,30707,0.001367659,12,24
12744,30710,0.00136773,12,24
12745,30711,0.001367154,12,24
12746,30712,0.001367975,12,24
12747,30713,0.001367638,12,24
12748,30714,0.001367554,12,24
12749,30715,0.00136745,12,24
12750,30716,0.001367107,12,24
12751,30717,0.001367284,12,24
12752,30720,0.001367453,12,24
12753,30721,0.001366646,12,24
12754,30722,0.001367153,12,24
12755,30723,0.001367868,12,24
12756,30724,0.001367054,12,24
12757,30725,0.001367353,-1,-1
12758,30726,0.001367754,-1,-1
12759,30727,0.001367321,-1,-1
12760,30730,0.001367169,-1,-1
12761,30731,0.001367982,-1,-1
12762,30732,0.001368201,-1,-1
12763,30733,0.001367733,-1,-1
12764,30734,0.001367699,-1,-1
12765,30735,0.001367489,-1,-1
12766,30736,0.00136856,-1,-1
12767,30737,0.001367283,-1,-1
12768,30740,0.001367683,-1,-1
12769,30741,0.001368412,-1,-1
12770,30742,0.001368651,-1,-1
12771,30743,0.001367861,-1,-1
12772,30744,0.001366486,-1,-1
12773,30745,0.001367324,-1,-1
12774,30746,0.001367656,-1,-1
12775,30747,0.001368067,-1,-1
12776,30750,0.001367721,-1,-1
12777,30751,0.001368652,-1,-1
12778,30752,0.001367755,-1,-1
12779,30753,0.001367505,-1,-1
12780,30754,0.001367744,-1,-1
12781,30755,0.00136829,-1,-1
12782,30756,0.001368659,-1,-1
12783,30757,0.001367617,-1,-1
12784,30760,0.001368408,-1,-1
12785,30761,0.001368649,-1,-1
12786,30762,0.001367986,-1,-1
12787,30763,0.001367954,-1,-1
12788,30764,0.00136834,-1,-1
12789,30765,0.001368003,-1,-1
12790,30766,0.001368539,-1,-1
12791,30767,0.001367863,-1,-1
12792,30770,0.001367782,-1,-1
12793,30771,0.001368401,-1,-1
12794,30772,0.001368576,-1,-1
12795,30773,0.001368175,-1,-1
12796,30774,0.001367809,-1,-1
12797,30775,0.001368202,-1,-1
12798,30776,0.001368255,-1,-1
12799,30777,0.001368682,-1,-1
12800,31000,0.0013686,-1,-1
12801,31001,0.001368068,-1,-1
12802,31002,0.001368179,-1,-1
12803,31003,0.001368255,-1,-1
12804,31004,0.001367768,-1,-1
12805,31005,0.00136888,-1,-1
12806,31006,0.001368984,-1,-1
12807,31007,0.0013682,-1,-1
12808,31010,0.001368168,-1,-1
12809,31011,0.001368219,-1,-1
12810,31012,0.001368079,-1,-1
12811,31013,0.001367541,-1,-1
12812,31014,0.001368166,-1,-1
12813,31015,0.001367774,-1,-1
12814,31016,0.001368388,-1,-1
12815,31017,0.001368702,-1,-1
12816,31020,0.001367441,-1,-1
12817,31021,0.001366206,-1,-1
12818,31022,0.001367903,-1,-1
12819,31023,0.001367813,-1,-1
12820,31024,0.001367897,-1,-1
12821,31025,0.001368546,-1,-1
12822,31026,0.001368463,-1,-1
12823,31027,0.001367762,-1,-1
12824,31030,0.001367673,-1,-1
12825,31031,0.001367587,-1,-1
12826,31032,0.001368268,-1,-1
12827,31033,0.001367997,-1,-1
12828,31034,0.00136806,-1,-1
12829,31035,0.001368348,-1,-1
12830,31036,0.001367224,-1,-1
12831,31037,0.001367964,-1,-1
12832,31040,0.001368389,-1,-1
12833,31041,0.00136798,-1,-1
12834,31042,0.001368589,-1,-1
12835,31043,0.001368289,-1,-1
12836,31044,0.001367478,-1,-1
12837,31045,0.001367308,-1,-1
12838,31046,0.001368244,-1,-1
12839,31047,0.001367939,-1,-1
12840,31050,0.001367103,-1,-1
12841,31051,0.001367981,-1,-1
12842,31052,0.001368532,-1,-1
12843,31053,0.001367569,-1,-1
12844,31054,0.001367585,-1,-1
12845,31055,0.001367494,-1,-1
12846,31056,0.001367975,-1,-1
12847,31057,0.001366978,-1,-1
12848,31060,0.001367291,-1,-1
12849,31061,0.001367253,-1,-1
12850,31062,0.001368237,-1,-1
12851,31063,0.001368296,-1,-1
12852,31064,0.00136712,-1,-1
12853,31065,0.001367313,-1,-1
12854,31066,0.001369066,-1,-1
12855,31067,0.001367635,-1,-1
12856,31070,0.001367232,-1,-1
12857,31071,0.00136784,-1,-1
12858,31072,0.001367635,-1,-1
12859,31073,0.001367577,-1,-1
12860,31074,0.001367524,-1,-1
12861,31075,0.001367257,-1,-1
12862,31076,0.001367628,-1,-1
12863,31077,0.00136763,-1,-1
12864,31100,0.001367671,-1,-1
12865,31101,0.001368154,-1,-1
12866,31102,0.00136748,-1,-1
12867,31103,0.001367692,-1,-1
12868,31104,0.001367049,-1,-1
12869,31105,0.001367575,-1,-1
12870,31106,0.00136798,-1,-1
12871,31107,0.001367335,-1,-1
12872,31110,0.001367453,-1,-1
12873,31111,0.001367506,-1,-1
12874,31112,0.001367599,-1,-1
12875,31113,0.001367898,-1,-1
12876,31114,0.001367429,-1,-1
12877,31115,0.001367792,-1,-1
12878,31116,0.001367342,-1,-1
12879,31117,0.001367938,-1,-1
12880,31120,0.0013678,-1,-1
12881,31121,0.001367863,-1,-1
12882,31122,0.001367093,-1,-1
12883,31123,0.001368074,-1,-1
12884,31124,0.001367928,-1,-1
12885,31125,0.001367711,-1,-1
12886,31126,0.00136836,-1,-1
12887,31127,0.001367838,-1,-1
12888,31130,0.001367769,-1,-1
12889,31131,0.001367764,-1,-1
12890,31132,0.001368226,-1,-1
12891,31133,0.001367426,-1,-1
12892,31134,0.001367838,-1,-1
12893,31135,0.001366766,-1,-1
12894,31136,0.001367932,-1,-1
12895,31137,0.001368337,-1,-1
12896,31140,0.001367581,-1,-1
12897,31141,0.00136785,-1,-1
12898,31142,0.001367638,-1,-1
12899,31143,0.001368522,-1,-1
12900,31144,0.001366568,-1,-1
12901,31145,0.001367767,-1,-1
12902,31146,0.001367665,-1,-1
12903,31147,0.001367775,-1,-1
12904,31150,0.001366856,-1,-1
12905,31151,0.001367921,-1,-1
12906,31152,0.001367938,-1,-1
12907,31153,0.001367589,-1,-1
12908,31154,0.001367126,-1,-1
12909,31155,0.001367589,-1,-1
12910,31156,0.001367372,-1,-1
12911,31157,0.001368256,-1,-1
12912,31160,0.001367523,-1,-1
12913,31161,0.0013672,-1,-1
12914,31162,0.001367767,-1,-1
12915,31163,0.001367224,-1,-1
12916,31164,0.001367621,-1,-1
12917,31165,0.001366901,-1,-1
12918,31166,0.001367449,-1,-1
12919,31167,0.001368117,-1,-1
12920,31170,0.001367855,-1,-1
12921,31171,0.001367353,-1,-1
12922,31172,0.001367676,-1,-1
12923,31173,0.001367441,-1,-1
12924,31174,0.001368084,-1,-1
12925,31175,0.001367838,-1,-1
12926,31176,0.001367195,-1,-1
12927,31177,0.001367597,-1,-1
12928,31200,0.001367072,-1,-1
12929,31201,0.001367324,-1,-1
12930,31202,0.001366926,-1,-1
12931,31203,0.001367027,-1,-1
12932,31204,0.001367406,-1,-1
12933,31205,0.001367657,-1,-1
12934,31206,0.001367166,-1,-1
12935,31207,0.001367989,-1,-1
12936,31210,0.001367336,-1,-1
12937,31211,0.001367647,-1,-1
12938,31212,0.001367277,-1,-1
12939,31213,0.001367043,-1,-1
12940,31214,0.001367093,-1,-1
12941,31215,0.00136801,-1,-1
12942,31216,0.001367113,-1,-1
12943,31217,0.001366932,-1,-1
12944,31220,0.001367189,-1,-1
12945,31221,0.00136643,-1,-1
12946,31222,0.001367318,-1,-1
12947,31223,0.001367215,-1,-1
12948,31224,0.0013663,-1,-1
12949,31225,0.001367038,-1,-1
12950,31226,0.001367477,-1,-1
12951,31227,0.001367635,-1,-1
12952,31230,0.001367558,-1,-1
12953,31231,0.001367706,-1,-1
12954,31232,0.001366886,-1,-1
12955,31233,0.001367026,-1,-1
12956,31234,0.001366805,-1,-1
12957,31235,0.001367154,-1,-1
12958,31236,0.001366453,-1,-1
12959,31237,0.001367765,-1,-1
12960,31240,0.001367898,-1,-1
12961,31241,0.001368102,-1,-1
12962,31242,0.001366633,-1,-1
12963,31243,0.001367184,-1,-1
12964,31244,0.001367184,-1,-1
12965,31245,0.001366522,-1,-1
12966,31246,0.001367237,-1,-1
12967,31247,0.001367711,-1,-1
12968,31250,0.001367675,-1,-1
12969,31251,0.001367511,-1,-1
12970,31252,0.001367307,-1,-1
12971,31253,0.001367653,-1,-1
12972,31254,0.001367699,-1,-1
12973,31255,0.00136719,-1,-1
12974,31256,0.001367445,-1,-1
12975,31257,0.001367051,-1,-1
12976,31260,0.001367697,-1,-1
12977,31261,0.001367575,-1,-1
12978,31262,0.001367118,-1,-1
12979,31263,0.001367149,-1,-1
12980,31264,0.001367744,-1,-1
12981,31265,0.00136644,-1,-1
12982,31266,0.001366863,-1,-1
12983,31267,0.001367528,-1,-1
12984,31270,0.001367484,-1,-1
12985,31271,0.001367622,-1,-1
12986,31272,0.001367135,-1,-1
12987,31273,0.001367553,-1,-1
12988,31274,0.001367027,-1,-1
12989,31275,0.001366541,-1,-1
12990,31276,0.001366775,-1,-1
12991,31277,0.00136678,-1,-1
12992,31300,0.001367459,-1,-1
12993,31301,0.001368441,-1,-1
12994,31302,0.001367132,-1,-1
12995,31303,0.001366276,-1,-1
12996,31304,0.001366785,-1,-1
12997,31305,0.001367734,-1,-1
12998,31306,0.001366591,-1,-1
12999,31307,0.001366509,-1,-1
13000,31310,0.001366927,-1,-1
13001,31311,0.001366515,-1,-1
13002,31312,0.001367208,13,24
13003,31313,0.001366913,13,24
13004,31314,0.001367226,13,24
13005,31315,0.00136729,13,24
13006,31316,0.001366769,13,24
13007,31317,0.001366852,13,24
13008,31320,0.001367077,13,24
13009,31321,0.001366878,13,24
13010,31322,0.001367626,13,24
13011,31323,0.001367148,13,24
13012,31324,0.001366936,13,24
13013,31325,0.001367565,13,24
13014,31326,0.001366785,13,24
13015,31327,0.001367002,13,24
13016,31330,0.001366557,13,24
13017,31331,0.001367366,13,24
13018,31332,0.00136732,13,24
13019,31333,0.001366622,13,24
13020,31334,0.001367211,13,24
13021,31335,0.001366599,13,24
13022,31336,0.001367792,13,24
13023,31337,0.001366844,13,24
13024,31340,0.001366955,13,24
13025,31341,0.001366756,13,24
13026,31342,0.001367447,13,24
13027,31343,0.001366914,13,24
13028,31344,0.00136663,13,23
13029,31345,0.001366014,13,23
13030,31346,0.001366939,13,23
13031,31347,0.001367699,13,23
13032,31350,0.001367173,13,23
13033,31351,0.001366528,13,23
13034,31352,0.001367313,13,23
13035,31353,0.001367616,13,23
13036,31354,0.001366798,13,23
13037,31355,0.001367718,13,23
13038,31356,0.001367504,13,23
13039,31357,0.001367236,13,23
13040,31360,0.001367048,13,23
13041,31361,0.001367675,13,23
13042,31362,0.001367926,13,23
13043,31363,0.001367494,13,23
13044,31364,0.001367541,13,23
13045,31365,0.001366984,13,23
13046,31366,0.001366844,13,23
13047,31367,0.001367166,13,23
13048,31370,0.001367757,13,23
13049,31371,0.001367287,13,23
13050,31372,0.001366898,13,23
13051,31373,0.001367402,13,23
13052,31374,0.001367747,13,23
13053,31375,0.001366716,13,23
13054,31376,0.001365715,13,22
13055,31377,0.001363609,13,22
13056,31400,0.001361034,13,22
13057,31401,0.0013579,13,22
13058,31402,0.001352491,13,22
13059,31403,0.001347129,13,22
13060,31404,0.001341502,13,22
13061,31405,0.001336026,13,22
13062,31406,0.001330205,13,22
13063,31407,0.001324402,13,22
13064,31410,0.001318962,13,22
13065,31411,0.001311045,13,22
13066,31412,0.001304516,13,22
13067,31413,0.001295643,13,22
13068,31414,0.001286403,13,22
13069,31415,0.001277025,13,22
13070,31416,0.001267694,13,22
13071,31417,0.001260957,13,22
13072,31420,0.001256274,13,22
13073,31421,0.001252035,13,22
13074,31422,0.001248887,13,22
13075,31423,0.001247736,13,22
13076,31424,0.001245998,13,22
13077,31425,0.001244494,13,22
13078,31426,0.001244019,13,22
13079,31427,0.001246125,13,21
13080,31430,0.001246932,13,21
13081,31431,0.001247881,13,21
13082,31432,0.001249659,13,21
13083,31433,0.001253041,13,21
13084,31434,0.001255638,13,21
13085,31435,0.001258769,13,21
13086,31436,0.00126219,13,21
13087,31437,0.001264349,13,21
13088,31440,0.001265419,13,21
13089,31441,0.001267899,13,21
13090,31442,0.0012698,13,21
13091,31443,0.00127008,13,21
13092,31444,0.001271324,13,21
13093,31445,0.001272456,13,21
13094,31446,0.00127303,13,21
13095,31447,0.001273084,13,21
13096,31450,0.001271794,13,21
13097,31451,0.001268046,13,21
13098,31452,0.001260084,13,21
13099,31453,0.001251584,13,21
13100,31454,0.001239178,13,21
13101,31455,0.001223017,13,21
13102,31456,0.001204711,13,21
13103,31457,0.00118269,13,21
13104,31460,0.001158499,13,21
13105,31461,0.001129312,13,20
13106,31462,0.001093686,13,20
13107,31463,0.00105181,13,20
13108,31464,3.012752e-05,13,20
13109,31465,3.009458e-05,13,20
13110,31466,3.004677e-05,13,20
13111,31467,3.015451e-05,13,20
13112,31470,3.028998e-05,13,20
13113,31471,3.028005e-05,13,20
13114,31472,3.024144e-05,13,20
13115,31473,3.035684e-05,13,20
13116,31474,3.047345e-05,13,20
13117,31475,3.044963e-05,13,20
13118,31476,3.04147e-05,13,20
13119,31477,3.047901e-05,13,20
13120,31500,3.062868e-05,13,20
13121,31501,3.061478e-05,13,20
13122,31502,3.056702e-05,13,20
13123,31503,3.058637e-05,13,20
13124,31504,3.075649e-05,13,20
13125,31505,3.074355e-05,13,20
13126,31506,3.070299e-05,13,20
13127,31507,3.068535e-05,13,20
13128,31510,3.085273e-05,13,20
13129,31511,3.08642e-05,13,20
13130,31512,3.080254e-05,13,20
13131,31513,3.076659e-05,13,19
13132,31514,3.094615e-05,13,19
13133,31515,3.094374e-05,13,19
13134,31516,3.087907e-05,13,19
13135,31517,3.086019e-05,13,19
13136,31520,3.102914e-05,13,19
13137,31521,3.10108e-05,13,19
13138,31522,3.095968e-05,13,19
13139,31523,3.093267e-05,13,19
13140,31524,3.109628e-05,13,19
13141,31525,3.109181e-05,13,19
13142,31526,3.102754e-05,13,19
13143,31527,3.09877e-05,13,19
13144,31530,3.113258e-05,13,19
13145,31531,3.117114e-05,13,19
13146,31532,3.111645e-05,13,19
13147,31533,3.104419e-05,13,19
13148,31534,3.112245e-05,13,19
13149,31535,3.122812e-05,13,19
13150,31536,3.120601e-05,13,19
13151,31537,3.113188e-05,13,19
13152,31540,3.112395e-05,13,19
13153,31541,3.127408e-05,13,19
13154,31542,3.126439e-05,13,19
13155,31543,3.120695e-05,13,19
13156,31544,3.116113e-05,13,18
13157,31545,3.130707e-05,13,18
13158,31546,3.134756e-05,13,18
13159,31547,3.129385e-05,13,18
13160,31550,3.12142e-05,13,18
13161,31551,3.134452e-05,13,18
13162,31552,3.139684e-05,13,18
13163,31553,3.1345e-05,13,18
13164,31554,3.127212e-05,13,18
13165,31555,3.134842e-05,13,18
13166,31556,3.145463e-05,13,18
13167,31557,3.140987e-05,13,18
13168,31560,3.133975e-05,13,18
13169,31561,3.138076e-05,13,18
13170,31562,3.150617e-05,13,18
13171,31563,3.147812e-05,13,18
13172,31564,3.142363e-05,13,18
13173,31565,3.147952e-05,13,18
13174,31566,3.16541e-05,13,18
13175,31567,3.167237e-05,13,18
13176,31570,3.16736e-05,13,18
13177,31571,3.176213e-05,13,18
13178,31572,3.206506e-05,13,18
13179,31573,3.226081e-05,13,18
13180,31574,3.246131e-05,13,18
13181,31575,3.278998e-05,13,18
13182,31576,3.343252e-05,13,17
13183,31577,3.416615e-05,13,17
13184,31600,3.514668e-05,13,17
13185,31601,3.621809e-05,13,17
13186,31602,3.776279e-05,13,17
13187,31603,3.967021e-05,13,17
13188,31604,4.161612e-05,13,17
13189,31605,4.464626e-05,13,17
13190,31606,4.853723e-05,13,17
13191,31607,5.327082e-05,13,17
13192,31610,6.006744e-05,13,17
13193,31611,6.870394e-05,13,17
13194,31612,8.304154e-05,13,17
13195,31613,0.001255575,13,17
13196,31614,0.001253993,13,17
13197,31615,0.00125249,13,17
13198,31616,0.00125115,13,17
13199,31617,0.001249618,13,17
13200,31620,0.001247612,13,17
13201,31621,0.001247851,13,17
13202,31622,0.001247168,13,17
13203,31623,0.001246952,13,17
13204,31624,0.001246863,13,17
13205,31625,0.001247988,13,17
13206,31626,0.00124836,13,17
13207,31627,0.001248074,13,17
13208,31630,0.001248852,13,16
13209,31631,0.001249839,13,16
13210,31632,0.00125046,13,16
13211,31633,0.001250366,13,16
13212,31634,0.001250119,13,16
13213,31635,0.001249431,13,16
13214,31636,0.001249472,13,16
13215,31637,0.001249383,13,16
13216,31640,0.001248816,13,16
13217,31641,0.001249148,13,16
13218,31642,0.001248554,13,16
13219,31643,0.001248442,13,16
13220,31644,0.001248734,13,16
13221,31645,0.001247193,13,16
13222,31646,0.001247348,13,16
13223,31647,0.001247489,13,16
13224,31650,0.001246096,13,16
13225,31651,0.001245804,13,16
13226,31652,0.001245059,13,16
13227,31653,0.001243845,13,16
13228,31654,0.001243937,13,16
13229,31655,0.00124396,13,16
13230,31656,0.00124334,13,16
13231,31657,0.001242756,13,16
13232,31660,0.001242321,13,16
13233,31661,0.001241982,13,15
13234,31662,0.001243354,13,15
13235,31663,0.001244692,13,15
13236,31664,0.001246851,13,15
13237,31665,0.00124921,13,15
13238,31666,0.00125114,13,15
13239,31667,0.001252666,13,15
13240,31670,0.001254467,13,15
13241,31671,0.001256392,13,15
13242,31672,0.001259452,13,15
13243,31673,0.001261097,13,15
13244,31674,0.001262613,13,15
13245,31675,0.001264121,13,15
13246,31676,0.00126597,13,15
13247,31677,0.001267385,13,15
13248,31700,0.00126745,13,15
13249,31701,0.001267418,13,15
13250,31702,0.001267319,13,15
13251,31703,0.001268548,13,15
13252,31704,0.001268121,13,15
13253,31705,0.001268187,13,15
13254,31706,0.001268087,13,15
13255,31707,0.001269093,13,15
13256,31710,0.001268981,13,15
13257,31711,0.001269711,13,15
13258,31712,0.001270362,13,15
13259,31713,0.001271931,13,14
13260,31714,0.001272463,13,14
13261,31715,0.001274166,13,14
13262,31716,0.001275029,13,14
13263,31717,0.001276302,13,14
13264,31720,0.001276856,13,14
13265,31721,0.001277875,13,14
13266,31722,0.001277992,13,14
13267,31723,0.001279606,13,14
13268,31724,0.001280227,13,14
13269,31725,0.001280733,13,14
13270,31726,0.001281562,13,14
13271,31727,0.001282261,13,14
13272,31730,0.001282268,13,14
13273,31731,0.001282018,13,14
13274,31732,0.001282554,13,14
13275,31733,0.001283041,13,14
13276,31734,0.0012829,13,14
13277,31735,0.001282515,13,14
13278,31736,0.001283208,13,14
13279,31737,0.001283373,13,14
13280,31740,0.001282877,13,14
13281,31741,0.001282886,13,14
13282,31742,0.001282978,13,14
13283,31743,0.001282408,13,14
13284,31744,0.001283156,13,14
13285,31745,0.001283133,13,13
13286,31746,0.001283671,13,13
13287,31747,0.00128287,13,13
13288,31750,0.001283806,13,13
13289,31751,0.001283847,13,13
13290,31752,0.00128253,13,13
13291,31753,0.001281261,13,13
13292,31754,0.001280945,13,13
13293,31755,0.001279755,13,13
13294,31756,0.001279424,13,13
13295,31757,0.001278845,13,13
13296,31760,0.001278597,13,13
13297,31761,0.001278564,13,13
13298,31762,0.001278048,13,13
13299,31763,0.00127784,13,13
13300,31764,0.001276817,13,13
13301,31765,0.001275862,13,13
13302,31766,0.001274424,13,13
13303,31767,0.001273826,13,13
13304,31770,0.0012733,13,13
13305,31771,0.001273048,13,13
13306,31772,0.001271457,13,13
13307,31773,0.001271043,13,13
13308,31774,0.001271926,13,13
13309,31775,0.001271675,13,13
13310,31776,0.001273995,13,12
13311,31777,0.001274892,13,12
13312,32000,0.001277733,13,12
13313,32001,0.001278929,13,12
13314,32002,0.001280268,13,12
13315,32003,0.001281719,13,12
13316,32004,0.001283339,13,12
13317,32005,0.001283291,13,12
13318,32006,0.001283502,13,12
13319,32007,0.00128438,13,12
13320,32010,0.001284544,13,12
13321,32011,0.001284028,13,12
13322,32012,0.001284107,13,12
13323,32013,0.00128393,13,12
13324,32014,0.001283689,13,12
13325,32015,0.001284467,13,12
13326,32016,0.001284796,13,12
13327,32017,0.001285814,13,12
13328,32020,0.00128539,13,12
13329,32021,0.001285136,13,12
13330,32022,0.0012853,13,12
13331,32023,0.001285446,13,12
13332,32024,0.001285581,13,12
13333,32025,0.001285275,13,12
13334,32026,0.001286205,13,12
13335,32027,0.001286083,13,12
13336,32030,0.001285451,13,11
13337,32031,0.00128578,13,11
13338,32032,0.00128625,13,11
13339,32033,0.001286057,13,11
13340,32034,0.001286205,13,11
13341,32035,0.001286353,13,11
13342,32036,0.001285667,13,11
13343,32037,0.001285241,13,11
13344,32040,0.001284188,13,11
13345,32041,0.001281969,13,11
13346,32042,0.001278497,13,11
13347,32043,0.001273919,13,11
13348,32044,0.001266454,13,11
13349,32045,0.001256263,13,11
13350,32046,0.001242153,13,11
13351,32047,0.001226947,13,11
13352,32050,0.001206473,13,11
13353,32051,0.001183018,13,11
13354,32052,0.001156771,13,11
13355,32053,0.001115156,13,11
13356,32054,0.001072198,13,11
13357,32055,0.001028733,13,11
13358,32056,2.994966e-05,13,11
13359,32057,2.9884e-05,13,11
13360,32060,2.996374e-05,13,11
13361,32061,3.012039e-05,13,10
13362,32062,3.011731e-05,13,10
13363,32063,3.008621e-05,13,10
13364,32064,3.012043e-05,13,10
13365,32065,3.030175e-05,13,10
13366,32066,3.0316e-05,13,10
13367,32067,3.027299e-05,13,10
13368,32070,3.028158e-05,13,10
13369,32071,3.046354e-05,13,10
13370,32072,3.044126e-05,13,10
13371,32073,3.038592e-05,13,10
13372,32074,3.05096e-05,13,10
13373,32075,3.058967e-05,13,10
13374,32076,3.055072e-05,13,10
13375,32077,3.04918e-05,13,10
13376,32100,3.063885e-05,13,10
13377,32101,3.069475e-05,13,10
13378,32102,3.06402e-05,13,10
13379,32103,3.058364e-05,13,10
13380,32104,3.074027e-05,13,10
13381,32105,3.077818e-05,13,10
13382,32106,3.073104e-05,13,10
13383,32107,3.066831e-05,13,10
13384,32110,3.082338e-05,13,10
13385,32111,3.085065e-05,13,10
13386,32112,3.079765e-05,13,10
13387,32113,3.074185e-05,13,9
13388,32114,3.090773e-05,13,9
13389,32115,3.092585e-05,13,9
13390,32116,3.085761e-05,13,9
13391,32117,3.080295e-05,13,9
13392,32120,3.095808e-05,13,9
13393,32121,3.097988e-05,13,9
13394,32122,3.092867e-05,13,9
13395,32123,3.085418e-05,13,9
13396,32124,3.101047e-05,13,9
13397,32125,3.10251e-05,13,9
13398,32126,3.097486e-05,13,9
13399,32127,3.090692e-05,13,9
13400,32130,3.098576e-05,13,9
13401,32131,3.109203e-05,13,9
13402,32132,3.10494e-05,13,9
13403,32133,3.097153e-05,13,9
13404,32134,3.096805e-05,13,9
13405,32135,3.111713e-05,13,9
13406,32136,3.110855e-05,13,9
13407,32137,3.103888e-05,13,9
13408,32140,3.098439e-05,13,9
13409,32141,3.112131e-05,13,9
13410,32142,3.115726e-05,13,9
13411,32143,3.109906e-05,13,9
13412,32144,3.102255e-05,13,9
13413,32145,3.114971e-05,13,8
13414,32146,3.119292e-05,13,8
13415,32147,3.112406e-05,13,8
13416,32150,3.104719e-05,13,8
13417,32151,3.119968e-05,13,8
13418,32152,3.1215e-05,13,8
13419,32153,3.114497e-05,13,8
13420,32154,3.107901e-05,13,8
13421,32155,3.120996e-05,13,8
13422,32156,3.124477e-05,13,8
13423,32157,3.118256e-05,13,8
13424,32160,3.110615e-05,13,8
13425,32161,3.123631e-05,13,8
13426,32162,3.12773e-05,13,8
13427,32163,3.120197e-05,13,8
13428,32164,3.113284e-05,13,8
13429,32165,3.128681e-05,13,8
13430,32166,3.130493e-05,13,8
13431,32167,3.124884e-05,13,8
13432,32170,3.11707e-05,13,8
13433,32171,3.131164e-05,13,8
13434,32172,3.134902e-05,13,8
13435,32173,3.1291e-05,13,8
13436,32174,3.123081e-05,13,8
13437,32175,3.138105e-05,13,8
13438,32176,3.143915e-05,13,7
13439,32177,3.139469e-05,13,7
13440,32200,3.134375e-05,13,7
13441,32201,3.154832e-05,13,7
13442,32202,3.160245e-05,13,7
13443,32203,3.160591e-05,13,7
13444,32204,3.170405e-05,13,7
13445,32205,3.203969e-05,13,7
13446,32206,3.239194e-05,13,7
13447,32207,3.27643e-05,13,7
13448,32210,3.323168e-05,13,7
13449,32211,3.422562e-05,13,7
13450,32212,3.522277e-05,13,7
13451,32213,3.632237e-05,13,7
13452,32214,3.810077e-05,13,7
13453,32215,3.988793e-05,13,7
13454,32216,4.192881e-05,13,7
13455,32217,4.4756e-05,13,7
13456,32220,4.774213e-05,13,7
13457,32221,5.267351e-05,13,7
13458,32222,5.8367e-05,13,7
13459,32223,6.682182e-05,13,7
13460,32224,7.932584e-05,13,7
13461,32225,0.00127864,13,7
13462,32226,0.001277847,13,7
13463,32227,0.001278476,13,7
13464,32230,0.001278577,13,6
13465,32231,0.001276991,13,6
13466,32232,0.00127856,13,6
13467,32233,0.001278846,13,6
13468,32234,0.001278694,13,6
13469,32235,0.001278923,13,6
13470,32236,0.001279836,13,6
13471,32237,0.00128164,13,6
13472,32240,0.001281901,13,6
13473,32241,0.001283539,13,6
13474,32242,0.001284343,13,6
13475,32243,0.001285112,13,6
13476,32244,0.001284723,13,6
13477,32245,0.001285994,13,6
13478,32246,0.001286426,13,6
13479,32247,0.001286632,13,6
13480,32250,0.001286678,13,6
13481,32251,0.001287994,13,6
13482,32252,0.001288313,13,6
13483,32253,0.001288755,13,6
13484,32254,0.001288745,13,6
13485,32255,0.001289329,13,6
13486,32256,0.00128968,13,6
13487,32257,0.001289498,13,6
13488,32260,0.001289334,13,6
13489,32261,0.001289237,13,6
13490,32262,0.001288406,13,5
13491,32263,0.0012882,13,5
13492,32264,0.001287621,13,5
13493,32265,0.001288288,13,5
13494,32266,0.001287902,13,5
13495,32267,0.001288341,13,5
13496,32270,0.001287917,13,5
13497,32271,0.001289376,13,5
13498,32272,0.001289616,13,5
13499,32273,0.001288306,13,5
13500,32274,0.001288577,13,5
13501,32275,0.001288626,13,5
13502,32276,0.001289067,13,5
13503,32277,0.001288791,13,5
13504,32300,0.001288617,13,5
13505,32301,0.001287774,13,5
13506,32302,0.001287963,13,5
13507,32303,0.001286031,13,5
13508,32304,0.001285297,13,5
13509,32305,0.001284684,13,5
13510,32306,0.00128434,13,5
13511,32307,0.001284613,13,5
13512,32310,0.001284145,13,5
13513,32311,0.001284297,13,5
13514,32312,0.001285617,13,5
13515,32313,0.001286909,13,4
13516,32314,0.001288357,13,4
13517,32315,0.001288945,13,4
13518,32316,0.001289904,13,4
13519,32317,0.001290973,13,4
13520,32320,0.00129091,13,4
13521,32321,0.00129212,13,4
13522,32322,0.001291562,13,4
13523,32323,0.001292548,13,4
13524,32324,0.001291757,13,4
13525,32325,0.001292067,13,4
13526,32326,0.001291475,13,4
13527,32327,0.001290733,13,4
13528,32330,0.001291259,13,4
13529,32331,0.001291581,13,4
13530,32332,0.001290312,13,4
13531,32333,0.001290492,13,4
13532,32334,0.001290644,13,4
13533,32335,0.001289528,13,4
13534,32336,0.001289715,13,4
13535,32337,0.001288843,13,4
13536,32340,0.001288082,13,4
13537,32341,0.001287077,13,4
13538,32342,0.001286808,13,4
13539,32343,0.001287458,13,4
13540,32344,0.001286829,13,4
13541,32345,0.001286463,13,3
13542,32346,0.001285169,13,3
13543,32347,0.001285068,13,3
13544,32350,0.001281776,13,3
13545,32351,0.001277516,13,3
13546,32352,0.001271566,13,3
13547,32353,0.001264692,13,3
13548,32354,0.001252659,13,3
13549,32355,0.001238424,13,3
13550,32356,0.001223173,13,3
13551,32357,0.001201791,13,3
13552,32360,0.001179427,13,3
13553,32361,0.001147017,13,3
13554,32362,0.001107722,13,3
13555,32363,0.001070437,13,3
13556,32364,0.001019381,13,3
13557,32365,2.985036e-05,13,3
13558,32366,2.985208e-05,13,3
13559,32367,2.981771e-05,13,3
13560,32370,2.987855e-05,13,3
13561,32371,3.003861e-05,13,3
13562,32372,3.00308e-05,13,3
13563,32373,2.999446e-05,13,3
13564,32374,3.011138e-05,13,3
13565,32375,3.021303e-05,13,3
13566,32376,3.018856e-05,13,3
13567,32377,3.014329e-05,13,2
13568,32400,3.02451e-05,13,2
13569,32401,3.036611e-05,13,2
13570,32402,3.033649e-05,13,2
13571,32403,3.026987e-05,13,2
13572,32404,3.039119e-05,13,2
13573,32405,3.048013e-05,13,2
13574,32406,3.04436e-05,13,2
13575,32407,3.037556e-05,13,2
13576,32410,3.05165e-05,13,2
13577,32411,3.058219e-05,13,2
13578,32412,3.053278e-05,13,2
13579,32413,3.0471e-05,13,2
13580,32414,3.058665e-05,13,2
13581,32415,3.066532e-05,13,2
13582,32416,3.062886e-05,13,2
13583,32417,3.055169e-05,13,2
13584,32420,3.066889e-05,13,2
13585,32421,3.073739e-05,13,2
13586,32422,3.068848e-05,13,2
13587,32423,3.061411e-05,13,2
13588,32424,3.074067e-05,13,2
13589,32425,3.080449e-05,13,2
13590,32426,3.076746e-05,13,2
13591,32427,3.069591e-05,13,2
13592,32430,3.075508e-05,13,1
13593,32431,3.086188e-05,13,1
13594,32432,3.0817e-05,13,1
13595,32433,3.075338e-05,13,1
13596,32434,3.080013e-05,13,1
13597,32435,3.090982e-05,13,1
13598,32436,3.088302e-05,13,1
13599,32437,3.080912e-05,13,1
13600,32440,3.080085e-05,13,1
13601,32441,3.094916e-05,13,1
13602,32442,3.092861e-05,13,1
13603,32443,3.085954e-05,13,1
13604,32444,3.082225e-05,13,1
13605,32445,3.097905e-05,13,1
13606,32446,3.09742e-05,13,1
13607,32447,3.091951e-05,13,1
13608,32450,3.086066e-05,13,1
13609,32451,3.101652e-05,13,1
13610,32452,3.102177e-05,13,1
13611,32453,3.096532e-05,13,1
13612,32454,3.089262e-05,13,1
13613,32455,3.100885e-05,13,1
13614,32456,3.10682e-05,13,1
13615,32457,3.10297e-05,13,1
13616,32460,3.09546e-05,13,1
13617,32461,3.099753e-05,13,1
13618,32462,3.112069e-05,13,0
13619,32463,3.108088e-05,13,0
13620,32464,3.100364e-05,13,0
13621,32465,3.106741e-05,13,0
13622,32466,3.118952e-05,13,0
13623,32467,3.116584e-05,13,0
13624,32470,3.111701e-05,13,0
13625,32471,3.116222e-05,13,0
13626,32472,3.133806e-05,13,0
13627,32473,3.135216e-05,13,0
13628,32474,3.137269e-05,13,0
13629,32475,3.159095e-05,13,0
13630,32476,3.191332e-05,13,0
13631,32477,3.218955e-05,13,0
13632,32500,3.241686e-05,13,0
13633,32501,3.241581e-05,13,0
13634,32502,3.247785e-05,13,0
13635,32503,3.247697e-05,13,0
13636,32504,3.22878e-05,13,0
13637,32505,3.251743e-05,13,0
13638,32506,3.248104e-05,13,0
13639,32507,3.237748e-05,13,0
13640,32510,3.240889e-05,13,0
13641,32511,3.245601e-05,13,0
13642,32512,3.248493e-05,13,0
13643,32513,3.245182e-05,-1,-1
13644,32514,3.231099e-05,-1,-1
13645,32515,3.252797e-05,-1,-1
13646,32516,3.249014e-05,-1,-1
13647,32517,3.241961e-05,-1,-1
13648,32520,3.23807e-05,-1,-1
13649,32521,3.245724e-05,-1,-1
13650,32522,3.252443e-05,-1,-1
13651,32523,3.244769e-05,-1,-1
13652,32524,3.232903e-05,-1,-1
13653,32525,3.252999e-05,-1,-1
13654,32526,3.250923e-05,-1,-1
13655,32527,3.244049e-05,-1,-1
13656,32530,3.237113e-05,-1,-1
13657,32531,3.246526e-05,-1,-1
13658,32532,3.253087e-05,-1,-1
13659,32533,3.244187e-05,-1,-1
13660,32534,3.234303e-05,-1,-1
13661,32535,3.252569e-05,-1,-1
13662,32536,3.249711e-05,-1,-1
13663,32537,3.243797e-05,-1,-1
13664,32540,3.237405e-05,-1,-1
13665,32541,3.249e-05,-1,-1
13666,32542,3.252821e-05,-1,-1
13667,32543,3.24344e-05,-1,-1
13668,32544,3.235725e-05,-1,-1
13669,32545,3.25012e-05,-1,-1
13670,32546,3.250179e-05,-1,-1
13671,32547,3.245029e-05,-1,-1
13672,32550,3.236832e-05,-1,-1
13673,32551,3.249459e-05,-1,-1
13674,32552,3.253333e-05,-1,-1
13675,32553,3.245009e-05,-1,-1
13676,32554,3.23721e-05,-1,-1
13677,32555,3.249887e-05,-1,-1
13678,32556,3.252577e-05,-1,-1
13679,32557,3.247117e-05,-1,-1
13680,32560,3.236891e-05,-1,-1
13681,32561,3.248276e-05,-1,-1
13682,32562,3.254446e-05,-1,-1
13683,32563,3.248668e-05,-1,-1
13684,32564,3.23913e-05,-1,-1
13685,32565,3.244947e-05,-1,-1
13686,32566,3.255031e-05,-1,-1
13687,32567,3.249855e-05,-1,-1
13688,32570,3.240333e-05,-1,-1
13689,32571,3.245328e-05,-1,-1
13690,32572,3.255564e-05,-1,-1
13691,32573,3.249567e-05,-1,-1
13692,32574,3.241534e-05,-1,-1
13693,32575,3.244167e-05,-1,-1
13694,32576,3.255807e-05,-1,-1
13695,32577,3.252777e-05,-1,-1
13696,32600,3.244793e-05,-1,-1
13697,32601,3.25653e-05,-1,-1
13698,32602,3.252873e-05,-1,-1
13699,32603,3.245144e-05,-1,-1
13700,32604,3.243452e-05,-1,-1
13701,32605,3.25619e-05,-1,-1
13702,32606,3.253154e-05,-1,-1
13703,32607,3.244189e-05,-1,-1
13704,32610,3.244956e-05,-1,-1
13705,32611,3.257537e-05,-1,-1
13706,32612,3.252211e-05,-1,-1
13707,32613,3.244192e-05,-1,-1
13708,32614,3.246338e-05,-1,-1
13709,32615,3.25771e-05,-1,-1
13710,32616,3.253318e-05,-1,-1
13711,32617,3.242309e-05,-1,-1
13712,32620,3.252228e-05,-1,-1
13713,32621,3.258266e-05,-1,-1
13714,32622,3.252425e-05,-1,-1
13715,32623,3.245147e-05,-1,-1
13716,32624,3.247858e-05,-1,-1
13717,32625,3.259188e-05,-1,-1
13718,32626,3.254861e-05,-1,-1
13719,32627,3.245375e-05,-1,-1
13720,32630,3.246025e-05,-1,-1
13721,32631,3.25958e-05,-1,-1
13722,32632,3.2552e-05,-1,-1
13723,32633,3.247603e-05,-1,-1
13724,32634,3.247012e-05,-1,-1
13725,32635,3.259935e-05,-1,-1
13726,32636,3.256656e-05,-1,-1
13727,32637,3.248806e-05,-1,-1
13728,32640,3.244599e-05,-1,-1
13729,32641,3.259902e-05,-1,-1
13730,32642,3.256691e-05,-1,-1
13731,32643,3.249931e-05,-1,-1
13732,32644,3.244956e-05,-1,-1
13733,32645,3.259668e-05,-1,-1
13734,32646,3.258702e-05,-1,-1
13735,32647,3.252785e-05,-1,-1
13736,32650,3.243745e-05,-1,-1
13737,32651,3.257698e-05,-1,-1
13738,32652,3.260617e-05,-1,-1
13739,32653,3.2554e-05,-1,-1
13740,32654,3.24551e-05,-1,-1
13741,32655,3.25042e-05,-1,-1
13742,32656,3.258889e-05,-1,-1
13743,32657,3.25304e-05,-1,-1
13744,32660,3.241906e-05,-1,-1
13745,32661,3.247214e-05,-1,-1
13746,32662,3.255716e-05,-1,-1
13747,32663,3.251696e-05,-1,-1
13748,32664,3.245202e-05,-1,-1
13749,32665,3.241417e-05,-1,-1
13750,32666,3.253918e-05,-1,-1
13751,32667,3.248118e-05,-1,-1
13752,32670,3.237889e-05,-1,-1
13753,32671,3.236704e-05,-1,-1
13754,32672,3.249237e-05,-1,-1
13755,32673,3.245082e-05,-1,-1
13756,32674,3.23719e-05,-1,-1
13757,32675,3.236173e-05,-1,-1
13758,32676,3.246397e-05,-1,-1
13759,32677,3.24166e-05,-1,-1
13760,32700,3.232244e-05,-1,-1
13761,32701,3.229577e-05,-1,-1
13762,32702,3.244716e-05,-1,-1
13763,32703,3.239233e-05,-1,-1
13764,32704,3.231652e-05,-1,-1
13765,32705,3.231996e-05,-1,-1
13766,32706,3.244098e-05,-1,-1
13767,32707,3.240984e-05,-1,-1
13768,32710,3.233114e-05,-1,-1
13769,32711,3.227879e-05,-1,-1
13770,32712,3.241867e-05,-1,-1
13771,32713,3.238585e-05,-1,-1
13772,32714,3.23057e-05,-1,-1
13773,32715,3.22612e-05,-1,-1
13774,32716,3.242163e-05,-1,-1
13775,32717,3.238802e-05,-1,-1
13776,32720,3.229981e-05,-1,-1
13777,32721,3.226447e-05,-1,-1
13778,32722,3.2411e-05,-1,-1
13779,32723,3.240123e-05,-1,-1
13780,32724,3.232256e-05,-1,-1
13781,32725,3.22565e-05,-1,-1
13782,32726,3.241268e-05,-1,-1
13783,32727,3.240629e-05,-1,-1
13784,32730,3.233922e-05,-1,-1
13785,32731,3.226617e-05,-1,-1
13786,32732,3.235719e-05,-1,-1
13787,32733,3.24286e-05,-1,-1
13788,32734,3.237294e-05,-1,-1
13789,32735,3.229495e-05,-1,-1
13790,32736,3.231893e-05,-1,-1
13791,32737,3.243454e-05,-1,-1
13792,32740,3.239382e-05,-1,-1
13793,32741,3.23261e-05,-1,-1
13794,32742,3.227832e-05,-1,-1
13795,32743,3.24284e-05,-1,-1
13796,32744,3.239661e-05,-1,-1
13797,32745,3.231781e-05,-1,-1
13798,32746,3.229389e-05,-1,-1
13799,32747,3.243264e-05,-1,-1
13800,32750,3.239148e-05,-1,-1
13801,32751,3.230163e-05,-1,-1
13802,32752,3.231647e-05,-1,-1
13803,32753,3.243767e-05,-1,-1
13804,32754,3.239438e-05,-1,-1
13805,32755,3.230467e-05,-1,-1
13806,32756,3.227982e-05,-1,-1
13807,32757,3.241188e-05,-1,-1
13808,32760,3.242029e-05,-1,-1
13809,32761,3.235652e-05,-1,-1
13810,32762,3.226886e-05,-1,-1
13811,32763,3.239962e-05,-1,-1
13812,32764,3.24207e-05,-1,-1
13813,32765,3.235081e-05,-1,-1
13814,32766,3.227399e-05,-1,-1
13815,32767,3.241897e-05,-1,-1
13816,32770,3.242509e-05,-1,-1
13817,32771,3.234526e-05,-1,-1
13818,32772,3.227041e-05,-1,-1
13819,32773,3.242904e-05,-1,-1
13820,32774,3.242105e-05,-1,-1
13821,32775,3.233804e-05,-1,-1
13822,32776,3.22797e-05,-1,-1
13823,32777,3.242348e-05,-1,-1
13824,33000,3.242476e-05,-1,-1
13825,33001,3.234958e-05,-1,-1
13826,33002,3.22864e-05,-1,-1
13827,33003,3.243586e-05,-1,-1
13828,33004,3.242884e-05,-1,-1
13829,33005,3.234393e-05,-1,-1
13830,33006,3.227894e-05,-1,-1
13831,33007,3.242003e-05,-1,-1
13832,33010,3.243069e-05,-1,-1
13833,33011,3.236464e-05,-1,-1
13834,33012,3.227908e-05,-1,-1
13835,33013,3.241522e-05,-1,-1
13836,33014,3.243847e-05,-1,-1
13837,33015,3.236724e-05,-1,-1
13838,33016,3.228301e-05,-1,-1
13839,33017,3.241763e-05,-1,-1
13840,33020,3.244075e-05,-1,-1
13841,33021,3.237848e-05,-1,-1
13842,33022,3.228699e-05,-1,-1
13843,33023,3.241156e-05,-1,-1
13844,33024,3.245381e-05,-1,-1
13845,33025,3.240676e-05,-1,-1
13846,33026,3.231258e-05,-1,-1
13847,33027,3.23448e-05,-1,-1
13848,33030,3.246078e-05,-1,-1
13849,33031,3.242845e-05,-1,-1
13850,33032,3.234493e-05,-1,-1
13851,33033,3.230839e-05,-1,-1
13852,33034,3.245451e-05,-1,-1
13853,33035,3.243031e-05,-1,-1
13854,33036,3.235614e-05,-1,-1
13855,33037,3.230461e-05,-1,-1
13856,33040,3.245847e-05,-1,-1
13857,33041,3.242916e-05,-1,-1
13858,33042,3.234835e-05,-1,-1
13859,33043,3.231115e-05,-1,-1
13860,33044,3.24541e-05,-1,-1
13861,33045,3.244277e-05,-1,-1
13862,33046,3.236908e-05,-1,-1
13863,33047,3.229703e-05,-1,-1
13864,33050,3.244983e-05,-1,-1
13865,33051,3.24507e-05,-1,-1
13866,33052,3.237067e-05,-1,-1
13867,33053,3.229884e-05,-1,-1
13868,33054,3.244146e-05,-1,-1
13869,33055,3.24522e-05,-1,-1
13870,33056,3.237954e-05,-1,-1
13871,33057,3.229601e-05,-1,-1
13872,33060,3.244969e-05,-1,-1
13873,33061,3.244491e-05,-1,-1
13874,33062,3.236457e-05,-1,-1
13875,33063,3.229893e-05,-1,-1
13876,33064,3.244571e-05,-1,-1
13877,33065,3.245952e-05,-1,-1
13878,33066,3.238981e-05,-1,-1
13879,33067,3.230759e-05,-1,-1
13880,33070,3.240506e-05,-1,-1
13881,33071,3.246256e-05,-1,-1
13882,33072,3.239046e-05,-1,-1
13883,33073,3.230282e-05,-1,-1
13884,33074,3.245056e-05,-1,-1
13885,33075,3.238147e-05,-1,-1
13886,33076,3.199298e-05,-1,-1
13887,33077,3.169371e-05,-1,-1
13888,33100,3.173909e-05,-1,-1
13889,33101,3.158889e-05,-1,-1
13890,33102,3.145e-05,-1,-1
13891,33103,3.141467e-05,-1,-1
13892,33104,3.151103e-05,14,0
13893,33105,3.145059e-05,14,0
13894,33106,3.135067e-05,14,0
13895,33107,3.133252e-05,14,0
13896,33110,3.145419e-05,14,0
13897,33111,3.139909e-05,14,0
13898,33112,3.129764e-05,14,0
13899,33113,3.131403e-05,14,0
13900,33114,3.143039e-05,14,0
13901,33115,3.139198e-05,14,0
13902,33116,3.130086e-05,14,0
13903,33117,3.130297e-05,14,0
13904,33120,3.142685e-05,14,0
13905,33121,3.136362e-05,14,0
13906,33122,3.12574e-05,14,0
13907,33123,3.141602e-05,14,0
13908,33124,3.141308e-05,14,0
13909,33125,3.134417e-05,14,0
13910,33126,3.126427e-05,14,0
13911,33127,3.138074e-05,14,0
13912,33130,3.141989e-05,14,0
13913,33131,3.136109e-05,14,0
13914,33132,3.126723e-05,14,0
13915,33133,3.136206e-05,14,0
13916,33134,3.143238e-05,14,0
13917,33135,3.13721e-05,14,0
13918,33136,3.130186e-05,14,1
13919,33137,3.130801e-05,14,1
13920,33140,3.143794e-05,14,1
13921,33141,3.139131e-05,14,1
13922,33142,3.131375e-05,14,1
13923,33143,3.132383e-05,14,1
13924,33144,3.144136e-05,14,1
13925,33145,3.139725e-05,14,1
13926,33146,3.131118e-05,14,1
13927,33147,3.131698e-05,14,1
13928,33150,3.145071e-05,14,1
13929,33151,3.140635e-05,14,1
13930,33152,3.131832e-05,14,1
13931,33153,3.134063e-05,14,1
13932,33154,3.145545e-05,14,1
13933,33155,3.140762e-05,14,1
13934,33156,3.132953e-05,14,1
13935,33157,3.132158e-05,14,1
13936,33160,3.146274e-05,14,1
13937,33161,3.14262e-05,14,1
13938,33162,3.133835e-05,14,1
13939,33163,3.130822e-05,14,1
13940,33164,3.145551e-05,14,1
13941,33165,3.145624e-05,14,1
13942,33166,3.137963e-05,14,1
13943,33167,3.130889e-05,14,1
13944,33170,3.147006e-05,14,2
13945,33171,3.145624e-05,14,2
13946,33172,3.137251e-05,14,2
13947,33173,3.133784e-05,14,2
13948,33174,3.147641e-05,14,2
13949,33175,3.14705e-05,14,2
13950,33176,3.139593e-05,14,2
13951,33177,3.132863e-05,14,2
13952,33200,3.145041e-05,14,2
13953,33201,3.150056e-05,14,2
13954,33202,3.143103e-05,14,2
13955,33203,3.135898e-05,14,2
13956,33204,3.148113e-05,14,2
13957,33205,3.153717e-05,14,2
13958,33206,3.148423e-05,14,2
13959,33207,3.142038e-05,14,2
13960,33210,3.1574e-05,14,2
13961,33211,3.167506e-05,14,2
13962,33212,3.169477e-05,14,2
13963,33213,3.174044e-05,14,2
13964,33214,3.1966e-05,14,2
13965,33215,3.224372e-05,14,2
13966,33216,3.235725e-05,14,2
13967,33217,3.240969e-05,14,2
13968,33220,3.258784e-05,14,2
13969,33221,3.28622e-05,14,3
13970,33222,3.305847e-05,14,3
13971,33223,3.333889e-05,14,3
13972,33224,3.39531e-05,14,3
13973,33225,3.494244e-05,14,3
13974,33226,3.615965e-05,14,3
13975,33227,3.808589e-05,14,3
13976,33230,4.096221e-05,14,3
13977,33231,4.445739e-05,14,3
13978,33232,4.88664e-05,14,3
13979,33233,5.561285e-05,14,3
13980,33234,6.478828e-05,14,3
13981,33235,7.746639e-05,14,3
13982,33236,0.001289225,14,3
13983,33237,0.001288429,14,3
13984,33240,0.001289833,14,3
13985,33241,0.0012893,14,3
13986,33242,0.001288324,14,3
13987,33243,0.001287826,14,3
13988,33244,0.001287171,14,3
13989,33245,0.001285526,14,3
13990,33246,0.001285227,14,3
13991,33247,0.00128552,14,3
13992,33250,0.00128542,14,3
13993,33251,0.001284197,14,3
13994,33252,0.001284275,14,3
13995,33253,0.001283714,14,4
13996,33254,0.001283554,14,4
13997,33255,0.001283814,14,4
13998,33256,0.001283827,14,4
13999,33257,0.001284467,14,4
14000,33260,0.001283794,14,4
14001,33261,0.001283947,14,4
14002,33262,0.001283161,14,4
14003,33263,0.001283226,14,4
14004,33264,0.001282595,14,4
14005,33265,0.001281978,14,4
14006,33266,0.001281208,14,4
14007,33267,0.001280734,14,4
14008,33270,0.001279493,14,4
14009,33271,0.001280166,14,4
14010,33272,0.001280985,14,4
14011,33273,0.00128169,14,4
14012,33274,0.001282499,14,4
14013,33275,0.001282718,14,4
14014,33276,0.001283233,14,4
14015,33277,0.001281859,14,4
14016,33300,0.001281472,14,4
14017,33301,0.001281524,14,4
14018,33302,0.001279683,14,4
14019,33303,0.001279079,14,4
14020,33304,0.001276347,14,4
14021,33305,0.001275152,14,5
14022,33306,0.001273003,14,5
14023,33307,0.00127151,14,5
14024,33310,0.001270525,14,5
14025,33311,0.001270654,14,5
14026,33312,0.00126968,14,5
14027,33313,0.001271357,14,5
14028,33314,0.001272356,14,5
14029,33315,0.001274486,14,5
14030,33316,0.001275779,14,5
14031,33317,0.001277181,14,5
14032,33320,0.00127886,14,5
14033,33321,0.001278851,14,5
14034,33322,0.001278876,14,5
14035,33323,0.00127798,14,5
14036,33324,0.001276962,14,5
14037,33325,0.001277097,14,5
14038,33326,0.001278297,14,5
14039,33327,0.001279061,14,5
14040,33330,0.001280897,14,5
14041,33331,0.001281216,14,5
14042,33332,0.001284053,14,5
14043,33333,0.001284734,14,5
14044,33334,0.001285795,14,5
14045,33335,0.001287584,14,5
14046,33336,0.001287673,14,6
14047,33337,0.001288662,14,6
14048,33340,0.001289709,14,6
14049,33341,0.00128837,14,6
14050,33342,0.001289023,14,6
14051,33343,0.001289808,14,6
14052,33344,0.001289383,14,6
14053,33345,0.001289825,14,6
14054,33346,0.001289732,14,6
14055,33347,0.001289077,14,6
14056,33350,0.001288467,14,6
14057,33351,0.001290616,14,6
14058,33352,0.001290158,14,6
14059,33353,0.001289475,14,6
14060,33354,0.00128989,14,6
14061,33355,0.001289165,14,6
14062,33356,0.001288698,14,6
14063,33357,0.001288929,14,6
14064,33360,0.001287515,14,6
14065,33361,0.001285099,14,6
14066,33362,0.001281694,14,6
14067,33363,0.001277389,14,6
14068,33364,0.001271826,14,6
14069,33365,0.001264154,14,6
14070,33366,0.001253455,14,6
14071,33367,0.001242741,14,6
14072,33370,0.00122624,14,7
14073,33371,0.001207643,14,7
14074,33372,0.001181767,14,7
14075,33373,0.001150073,14,7
14076,33374,0.001114359,14,7
14077,33375,0.001070056,14,7
14078,33376,0.001023578,14,7
14079,33377,3.004276e-05,14,7
14080,33400,2.999658e-05,14,7
14081,33401,2.998494e-05,14,7
14082,33402,3.017652e-05,14,7
14083,33403,3.020027e-05,14,7
14084,33404,3.015729e-05,14,7
14085,33405,3.016485e-05,14,7
14086,33406,3.035688e-05,14,7
14087,33407,3.036353e-05,14,7
14088,33410,3.03098e-05,14,7
14089,33411,3.033917e-05,14,7
14090,33412,3.050405e-05,14,7
14091,33413,3.049355e-05,14,7
14092,33414,3.043075e-05,14,7
14093,33415,3.049325e-05,14,7
14094,33416,3.0632e-05,14,7
14095,33417,3.060922e-05,14,7
14096,33420,3.054958e-05,14,7
14097,33421,3.061053e-05,14,7
14098,33422,3.073628e-05,14,8
14099,33423,3.070704e-05,14,8
14100,33424,3.064128e-05,14,8
14101,33425,3.071795e-05,14,8
14102,33426,3.082548e-05,14,8
14103,33427,3.077706e-05,14,8
14104,33430,3.070189e-05,14,8
14105,33431,3.084841e-05,14,8
14106,33432,3.089075e-05,14,8
14107,33433,3.083363e-05,14,8
14108,33434,3.077522e-05,14,8
14109,33435,3.090232e-05,14,8
14110,33436,3.096582e-05,14,8
14111,33437,3.091561e-05,14,8
14112,33440,3.084358e-05,14,8
14113,33441,3.095061e-05,14,8
14114,33442,3.102272e-05,14,8
14115,33443,3.097185e-05,14,8
14116,33444,3.089399e-05,14,8
14117,33445,3.102812e-05,14,8
14118,33446,3.106864e-05,14,8
14119,33447,3.102036e-05,14,8
14120,33450,3.093847e-05,14,8
14121,33451,3.10586e-05,14,8
14122,33452,3.112116e-05,14,8
14123,33453,3.106902e-05,14,9
14124,33454,3.098927e-05,14,9
14125,33455,3.109915e-05,14,9
14126,33456,3.116393e-05,14,9
14127,33457,3.111469e-05,14,9
14128,33460,3.102449e-05,14,9
14129,33461,3.113604e-05,14,9
14130,33462,3.119963e-05,14,9
14131,33463,3.113835e-05,14,9
14132,33464,3.105716e-05,14,9
14133,33465,3.11786e-05,14,9
14134,33466,3.123467e-05,14,9
14135,33467,3.117216e-05,14,9
14136,33470,3.109156e-05,14,9
14137,33471,3.121585e-05,14,9
14138,33472,3.126038e-05,14,9
14139,33473,3.121108e-05,14,9
14140,33474,3.112205e-05,14,9
14141,33475,3.123787e-05,14,9
14142,33476,3.129165e-05,14,9
14143,33477,3.123221e-05,14,9
14144,33500,3.11572e-05,14,9
14145,33501,3.126454e-05,14,9
14146,33502,3.13273e-05,14,9
14147,33503,3.127957e-05,14,9
14148,33504,3.119327e-05,14,9
14149,33505,3.126205e-05,14,10
14150,33506,3.136197e-05,14,10
14151,33507,3.13221e-05,14,10
14152,33510,3.124355e-05,14,10
14153,33511,3.125077e-05,14,10
14154,33512,3.139439e-05,14,10
14155,33513,3.137836e-05,14,10
14156,33514,3.131671e-05,14,10
14157,33515,3.126593e-05,14,10
14158,33516,3.14269e-05,14,10
14159,33517,3.147738e-05,14,10
14160,33520,3.144666e-05,14,10
14161,33521,3.142592e-05,14,10
14162,33522,3.161548e-05,14,10
14163,33523,3.180792e-05,14,10
14164,33524,3.189886e-05,14,10
14165,33525,3.198654e-05,14,10
14166,33526,3.227501e-05,14,10
14167,33527,3.246711e-05,14,10
14168,33530,3.254016e-05,14,10
14169,33531,3.262069e-05,14,10
14170,33532,3.296935e-05,14,10
14171,33533,3.340012e-05,14,10
14172,33534,3.393308e-05,14,10
14173,33535,3.474801e-05,14,10
14174,33536,3.636418e-05,14,10
14175,33537,3.82222e-05,14,11
14176,33540,4.059507e-05,14,11
14177,33541,4.427239e-05,14,11
14178,33542,4.890019e-05,14,11
14179,33543,5.633162e-05,14,11
14180,33544,6.461906e-05,14,11
14181,33545,7.732087e-05,14,11
14182,33546,0.001289119,14,11
14183,33547,0.001289442,14,11
14184,33550,0.001289854,14,11
14185,33551,0.001290166,14,11
14186,33552,0.001289329,14,11
14187,33553,0.001290879,14,11
14188,33554,0.001289978,14,11
14189,33555,0.001290416,14,11
14190,33556,0.001290101,14,11
14191,33557,0.001289048,14,11
14192,33560,0.001289123,14,11
14193,33561,0.001289105,14,11
14194,33562,0.001288493,14,11
14195,33563,0.001288786,14,11
14196,33564,0.001287768,14,11
14197,33565,0.001288978,14,11
14198,33566,0.001287622,14,11
14199,33567,0.001288406,14,11
14200,33570,0.001288155,14,12
14201,33571,0.00128805,14,12
14202,33572,0.001288376,14,12
14203,33573,0.001288393,14,12
14204,33574,0.001288818,14,12
14205,33575,0.001287989,14,12
14206,33576,0.001287614,14,12
14207,33577,0.001287158,14,12
14208,33600,0.001285736,14,12
14209,33601,0.001286872,14,12
14210,33602,0.001287469,14,12
14211,33603,0.001286959,14,12
14212,33604,0.001286408,14,12
14213,33605,0.001287076,14,12
14214,33606,0.001286544,14,12
14215,33607,0.001287545,14,12
14216,33610,0.001287962,14,12
14217,33611,0.001288621,14,12
14218,33612,0.001288395,14,12
14219,33613,0.001287007,14,12
14220,33614,0.001286219,14,12
14221,33615,0.001286778,14,12
14222,33616,0.001285854,14,12
14223,33617,0.001284955,14,12
14224,33620,0.001284227,14,12
14225,33621,0.001283415,14,12
14226,33622,0.001283349,14,13
14227,33623,0.00128225,14,13
14228,33624,0.001282041,14,13
14229,33625,0.001281887,14,13
14230,33626,0.001282472,14,13
14231,33627,0.001283126,14,13
14232,33630,0.001283052,14,13
14233,33631,0.001283263,14,13
14234,33632,0.001284929,14,13
14235,33633,0.001284427,14,13
14236,33634,0.001285252,14,13
14237,33635,0.001285374,14,13
14238,33636,0.001286743,14,13
14239,33637,0.001285661,14,13
14240,33640,0.001286212,14,13
14241,33641,0.001286704,14,13
14242,33642,0.001287276,14,13
14243,33643,0.001286246,14,13
14244,33644,0.00128637,14,13
14245,33645,0.001286526,14,13
14246,33646,0.001286689,14,13
14247,33647,0.001286578,14,13
14248,33650,0.001285873,14,13
14249,33651,0.001286117,14,13
14250,33652,0.001286193,14,13
14251,33653,0.001285463,14,14
14252,33654,0.001285017,14,14
14253,33655,0.001284491,14,14
14254,33656,0.001284136,14,14
14255,33657,0.001283901,14,14
14256,33660,0.001283466,14,14
14257,33661,0.001282864,14,14
14258,33662,0.001282626,14,14
14259,33663,0.001283252,14,14
14260,33664,0.001282736,14,14
14261,33665,0.001282585,14,14
14262,33666,0.001282644,14,14
14263,33667,0.001282403,14,14
14264,33670,0.001281831,14,14
14265,33671,0.001281302,14,14
14266,33672,0.001280464,14,14
14267,33673,0.001280754,14,14
14268,33674,0.0012806,14,14
14269,33675,0.001280127,14,14
14270,33676,0.001280852,14,14
14271,33677,0.001279359,14,14
14272,33700,0.001279426,14,14
14273,33701,0.001278277,14,14
14274,33702,0.001276881,14,14
14275,33703,0.001276354,14,14
14276,33704,0.001274797,14,14
14277,33705,0.001273587,14,15
14278,33706,0.001274247,14,15
14279,33707,0.001273541,14,15
14280,33710,0.001272761,14,15
14281,33711,0.001273301,14,15
14282,33712,0.001273686,14,15
14283,33713,0.001272329,14,15
14284,33714,0.001272027,14,15
14285,33715,0.001270305,14,15
14286,33716,0.001268193,14,15
14287,33717,0.001266934,14,15
14288,33720,0.001264789,14,15
14289,33721,0.001262699,14,15
14290,33722,0.001261022,14,15
14291,33723,0.001259365,14,15
14292,33724,0.001259685,14,15
14293,33725,0.001258487,14,15
14294,33726,0.001259375,14,15
14295,33727,0.001260389,14,15
14296,33730,0.001263616,14,15
14297,33731,0.001263278,14,15
14298,33732,0.001265103,14,15
14299,33733,0.00126528,14,15
14300,33734,0.001264548,14,15
14301,33735,0.001264219,14,15
14302,33736,0.001263523,14,15
14303,33737,0.001262394,14,16
14304,33740,0.00126129,14,16
14305,33741,0.00125992,14,16
14306,33742,0.001256919,14,16
14307,33743,0.001256754,14,16
14308,33744,0.001254315,14,16
14309,33745,0.00125249,14,16
14310,33746,0.001252549,14,16
14311,33747,0.00125047,14,16
14312,33750,0.001249656,14,16
14313,33751,0.001248976,14,16
14314,33752,0.001248226,14,16
14315,33753,0.001249335,14,16
14316,33754,0.001249372,14,16
14317,33755,0.001250477,14,16
14318,33756,0.001249842,14,16
14319,33757,0.001249664,14,16
14320,33760,0.001249578,14,16
14321,33761,0.00124902,14,16
14322,33762,0.00124733,14,16
14323,33763,0.001244961,14,16
14324,33764,0.001243562,14,16
14325,33765,0.001241661,14,16
14326,33766,0.001240551,14,16
14327,33767,0.001239233,14,16
14328,33770,0.001238929,14,17
14329,33771,0.001240239,14,17
14330,33772,0.001241041,14,17
14331,33773,0.001242494,14,17
14332,33774,0.001242546,14,17
14333,33775,0.001241695,14,17
14334,33776,0.001237849,14,17
14335,33777,0.001231574,14,17
14336,34000,0.00122239,14,17
14337,34001,0.001209005,14,17
14338,34002,0.001192731,14,17
14339,34003,0.001171723,14,17
14340,34004,0.001145485,14,17
14341,34005,0.001117619,14,17
14342,34006,0.001083351,14,17
14343,34007,0.001042514,14,17
14344,34010,3.015881e-05,14,17
14345,34011,3.011229e-05,14,17
14346,34012,3.012807e-05,14,17
14347,34013,3.030085e-05,14,17
14348,34014,3.030872e-05,14,17
14349,34015,3.028808e-05,14,17
14350,34016,3.026741e-05,14,17
14351,34017,3.044826e-05,14,17
14352,34020,3.049773e-05,14,17
14353,34021,3.045669e-05,14,17
14354,34022,3.04271e-05,14,18
14355,34023,3.061086e-05,14,18
14356,34024,3.063311e-05,14,18
14357,34025,3.060781e-05,14,18
14358,34026,3.055555e-05,14,18
14359,34027,3.071972e-05,14,18
14360,34030,3.076201e-05,14,18
14361,34031,3.072929e-05,14,18
14362,34032,3.066669e-05,14,18
14363,34033,3.08323e-05,14,18
14364,34034,3.08688e-05,14,18
14365,34035,3.08357e-05,14,18
14366,34036,3.076459e-05,14,18
14367,34037,3.090069e-05,14,18
14368,34040,3.096168e-05,14,18
14369,34041,3.092179e-05,14,18
14370,34042,3.085629e-05,14,18
14371,34043,3.093774e-05,14,18
14372,34044,3.104326e-05,14,18
14373,34045,3.100033e-05,14,18
14374,34046,3.092826e-05,14,18
14375,34047,3.10297e-05,14,18
14376,34050,3.111021e-05,14,18
14377,34051,3.106045e-05,14,18
14378,34052,3.097893e-05,14,18
14379,34053,3.111577e-05,14,18
14380,34054,3.116224e-05,14,19
14381,34055,3.111823e-05,14,19
14382,34056,3.103819e-05,14,19
14383,34057,3.116127e-05,14,19
14384,34060,3.121827e-05,14,19
14385,34061,3.116314e-05,14,19
14386,34062,3.108556e-05,14,19
14387,34063,3.119275e-05,14,19
14388,34064,3.126444e-05,14,19
14389,34065,3.121172e-05,14,19
14390,34066,3.114184e-05,14,19
14391,34067,3.122935e-05,14,19
14392,34070,3.131247e-05,14,19
14393,34071,3.126407e-05,14,19
14394,34072,3.11818e-05,14,19
14395,34073,3.125614e-05,14,19
14396,34074,3.135348e-05,14,19
14397,34075,3.130218e-05,14,19
14398,34076,3.122062e-05,14,19
14399,34077,3.13172e-05,14,19
14400,34100,3.139804e-05,14,19
14401,34101,3.135416e-05,14,19
14402,34102,3.127077e-05,14,19
14403,34103,3.130977e-05,14,19
14404,34104,3.143542e-05,14,19
14405,34105,3.140466e-05,14,20
14406,34106,3.133421e-05,14,20
14407,34107,3.133911e-05,14,20
14408,34110,3.148549e-05,14,20
14409,34111,3.146862e-05,14,20
14410,34112,3.139968e-05,14,20
14411,34113,3.140717e-05,14,20
14412,34114,3.158943e-05,14,20
14413,34115,3.162754e-05,14,20
14414,34116,3.164014e-05,14,20
14415,34117,3.17092e-05,14,20
14416,34120,3.200391e-05,14,20
14417,34121,3.222434e-05,14,20
14418,34122,3.233011e-05,14,20
14419,34123,3.240442e-05,14,20
14420,34124,3.263843e-05,14,20
14421,34125,3.290155e-05,14,20
14422,34126,3.312403e-05,14,20
14423,34127,3.338495e-05,14,20
14424,34130,3.404691e-05,14,20
14425,34131,3.499511e-05,14,20
14426,34132,3.624344e-05,14,20
14427,34133,3.799343e-05,14,20
14428,34134,4.032974e-05,14,20
14429,34135,4.390276e-05,14,20
14430,34136,4.814072e-05,14,20
14431,34137,5.402764e-05,14,21
14432,34140,6.337051e-05,14,21
14433,34141,7.621959e-05,14,21
14434,34142,0.001249859,14,21
14435,34143,0.001246079,14,21
14436,34144,0.001243254,14,21
14437,34145,0.001240111,14,21
14438,34146,0.001239756,14,21
14439,34147,0.00123796,14,21
14440,34150,0.001238008,14,21
14441,34151,0.001241148,14,21
14442,34152,0.001243469,14,21
14443,34153,0.001246742,14,21
14444,34154,0.001250699,14,21
14445,34155,0.0012568,14,21
14446,34156,0.001263523,14,21
14447,34157,0.001273509,14,21
14448,34160,0.001283731,14,21
14449,34161,0.00129398,14,21
14450,34162,0.001302137,14,21
14451,34163,0.0013085,14,21
14452,34164,0.00131544,14,21
14453,34165,0.001320458,14,21
14454,34166,0.001326708,14,21
14455,34167,0.001331809,14,21
14456,34170,0.001338371,14,21
14457,34171,0.001343457,14,22
14458,34172,0.001348075,14,22
14459,34173,0.00135402,14,22
14460,34174,0.001358545,14,22
14461,34175,0.001362935,14,22
14462,34176,0.001366447,14,22
14463,34177,0.001367734,14,22
14464,34200,0.001368732,14,22
14465,34201,0.001368102,14,22
14466,34202,0.001367879,14,22
14467,34203,0.001368519,14,22
14468,34204,0.00136825,14,22
14469,34205,0.001368642,14,22
14470,34206,0.001368524,14,22
14471,34207,0.001368196,14,22
14472,34210,0.001368898,14,22
14473,34211,0.001368928,14,22
14474,34212,0.001368752,14,22
14475,34213,0.001368735,14,22
14476,34214,0.001368283,14,22
14477,34215,0.001368776,14,22
14478,34216,0.00136871,14,22
14479,34217,0.001368886,14,22
14480,34220,0.001368342,14,22
14481,34221,0.00136856,14,22
14482,34222,0.00136854,14,23
14483,34223,0.00136815,14,23
14484,34224,0.001368009,14,23
14485,34225,0.001368739,14,23
14486,34226,0.001367689,14,23
14487,34227,0.001367717,14,23
14488,34230,0.001367999,14,23
14489,34231,0.001368202,14,23
14490,34232,0.001368176,14,23
14491,34233,0.001368054,14,23
14492,34234,0.00136781,14,23
14493,34235,0.001368607,14,23
14494,34236,0.001368893,14,23
14495,34237,0.001368296,14,23
14496,34240,0.001367823,14,23
14497,34241,0.00136833,14,23
14498,34242,0.001367923,14,23
14499,34243,0.001367574,14,23
14500,34244,0.001368776,14,23
14501,34245,0.001368717,14,23
14502,34246,0.001367935,14,23
14503,34247,0.001368342,14,23
14504,34250,0.001367775,14,23
14505,34251,0.001368054,14,23
14506,34252,0.001368089,14,23
14507,34253,0.001368099,14,23
14508,34254,0.001368101,14,24
14509,34255,0.001367675,14,24
14510,34256,0.001367562,14,24
14511,34257,0.001367857,14,24
14512,34260,0.001367286,14,24
14513,34261,0.001367367,14,24
14514,34262,0.001368162,14,24
14515,34263,0.001367379,14,24
14516,34264,0.001366956,14,24
14517,34265,0.00136736,14,24
14518,34266,0.001367844,14,24
14519,34267,0.001368179,14,24
14520,34270,0.001367265,14,24
14521,34271,0.001367493,14,24
14522,34272,0.001367738,14,24
14523,34273,0.001366863,14,24
14524,34274,0.001368593,14,24
14525,34275,0.001367264,14,24
14526,34276,0.001368013,14,24
14527,34277,0.001368111,14,24
14528,34300,0.001366866,14,24
14529,34301,0.001367143,14,24
14530,34302,0.001367576,14,24
14531,34303,0.001367486,14,24
14532,34304,0.00136777,14,24
14533,34305,0.001368603,-1,-1
14534,34306,0.001367334,-1,-1
14535,34307,0.00136816,-1,-1
14536,34310,0.001367767,-1,-1
14537,34311,0.00136791,-1,-1
14538,34312,0.001368089,-1,-1
14539,34313,0.001368916,-1,-1
14540,34314,0.00136899,-1,-1
14541,34315,0.001367548,-1,-1
14542,34316,0.001368085,-1,-1
14543,34317,0.001368702,-1,-1
14544,34320,0.001367941,-1,-1
14545,34321,0.001368035,-1,-1
14546,34322,0.001367024,-1,-1
14547,34323,0.001367363,-1,-1
14548,34324,0.001368423,-1,-1
14549,34325,0.001368627,-1,-1
14550,34326,0.001368085,-1,-1
14551,34327,0.001367608,-1,-1
14552,34330,0.001367727,-1,-1
14553,34331,0.001367027,-1,-1
14554,34332,0.001367751,-1,-1
14555,34333,0.001367534,-1,-1
14556,34334,0.001368099,-1,-1
14557,34335,0.001368159,-1,-1
14558,34336,0.001368031,-1,-1
14559,34337,0.00136757,-1,-1
14560,34340,0.00136805,-1,-1
14561,34341,0.001367205,-1,-1
14562,34342,0.001367674,-1,-1
14563,34343,0.001367264,-1,-1
14564,34344,0.001367991,-1,-1
14565,34345,0.001368533,-1,-1
14566,34346,0.001368211,-1,-1
14567,34347,0.001367786,-1,-1
14568,34350,0.00136788,-1,-1
14569,34351,0.001368048,-1,-1
14570,34352,0.001367862,-1,-1
14571,34353,0.001367253,-1,-1
14572,34354,0.001368709,-1,-1
14573,34355,0.001368498,-1,-1
14574,34356,0.001368289,-1,-1
14575,34357,0.001368202,-1,-1
14576,34360,0.001368003,-1,-1
14577,34361,0.001368049,-1,-1
14578,34362,0.001368353,-1,-1
14579,34363,0.001368009,-1,-1
14580,34364,0.001368161,-1,-1
14581,34365,0.001368753,-1,-1
14582,34366,0.001367666,-1,-1
14583,34367,0.001368454,-1,-1
14584,34370,0.001368208,-1,-1
14585,34371,0.001367404,-1,-1
14586,34372,0.001367628,-1,-1
14587,34373,0.001367557,-1,-1
14588,34374,0.0013673,-1,-1
14589,34375,0.001367326,-1,-1
14590,34376,0.001367195,-1,-1
14591,34377,0.001367365,-1,-1
14592,34400,0.00136699,-1,-1
14593,34401,0.001366902,-1,-1
14594,34402,0.001367441,-1,-1
14595,34403,0.001367327,-1,-1
14596,34404,0.001366347,-1,-1
14597,34405,0.001366559,-1,-1
14598,34406,0.001367361,-1,-1
14599,34407,0.00136771,-1,-1
14600,34410,0.001366736,-1,-1
14601,34411,0.001366576,-1,-1
14602,34412,0.001366271,-1,-1
14603,34413,0.001367418,-1,-1
14604,34414,0.00136781,-1,-1
14605,34415,0.001367362,-1,-1
14606,34416,0.001367139,-1,-1
14607,34417,0.001367056,-1,-1
14608,34420,0.001367458,-1,-1
14609,34421,0.00136784,-1,-1
14610,34422,0.001367827,-1,-1
14611,34423,0.00136775,-1,-1
14612,34424,0.001368044,-1,-1
14613,34425,0.001368489,-1,-1
14614,34426,0.00136771,-1,-1
14615,34427,0.00136833,-1,-1
14616,34430,0.001367338,-1,-1
14617,34431,0.001367742,-1,-1
14618,34432,0.001366951,-1,-1
14619,34433,0.001367997,-1,-1
14620,34434,0.001367207,-1,-1
14621,34435,0.001368306,-1,-1
14622,34436,0.001368075,-1,-1
14623,34437,0.001367435,-1,-1
14624,34440,0.001367532,-1,-1
14625,34441,0.001367142,-1,-1
14626,34442,0.001366829,-1,-1
14627,34443,0.001367535,-1,-1
14628,34444,0.001367243,-1,-1
14629,34445,0.001367623,-1,-1
14630,34446,0.001367073,-1,-1
14631,34447,0.001367114,-1,-1
14632,34450,0.001367435,-1,-1
14633,34451,0.001367711,-1,-1
14634,34452,0.00136759,-1,-1
14635,34453,0.001367891,-1,-1
14636,34454,0.001367154,-1,-1
14637,34455,0.001367644,-1,-1
14638,34456,0.001367499,-1,-1
14639,34457,0.001367049,-1,-1
14640,34460,0.001367183,-1,-1
14641,34461,0.001366805,-1,-1
14642,34462,0.001367561,-1,-1
14643,34463,0.001367353,-1,-1
14644,34464,0.001368554,-1,-1
14645,34465,0.001367546,-1,-1
14646,34466,0.001366565,-1,-1
14647,34467,0.001367985,-1,-1
14648,34470,0.001367944,-1,-1
14649,34471,0.001367762,-1,-1
14650,34472,0.001367773,-1,-1
14651,34473,0.001367351,-1,-1
14652,34474,0.001367585,-1,-1
14653,34475,0.00136683,-1,-1
14654,34476,0.001366562,-1,-1
14655,34477,0.001366788,-1,-1
14656,34500,0.00136767,-1,-1
14657,34501,0.001366949,-1,-1
14658,34502,0.001366633,-1,-1
14659,34503,0.001366733,-1,-1
14660,34504,0.001367431,-1,-1
14661,34505,0.001366676,-1,-1
14662,34506,0.001367086,-1,-1
14663,34507,0.00136712,-1,-1
14664,34510,0.00136748,-1,-1
14665,34511,0.001367331,-1,-1
14666,34512,0.001366488,-1,-1
14667,34513,0.001367553,-1,-1
14668,34514,0.001367445,-1,-1
14669,34515,0.00136668,-1,-1
14670,34516,0.001367063,-1,-1
14671,34517,0.001368549,-1,-1
14672,34520,0.001366621,-1,-1
14673,34521,0.001367039,-1,-1
14674,34522,0.001366709,-1,-1
14675,34523,0.001367435,-1,-1
14676,34524,0.001367417,-1,-1
14677,34525,0.001366992,-1,-1
14678,34526,0.001367758,-1,-1
14679,34527,0.001367246,-1,-1
14680,34530,0.001366694,-1,-1
14681,34531,0.001367051,-1,-1
14682,34532,0.001367674,-1,-1
14683,34533,0.001366563,-1,-1
14684,34534,0.001366728,-1,-1
14685,34535,0.001367413,-1,-1
14686,34536,0.001367395,-1,-1
14687,34537,0.001366341,-1,-1
14688,34540,0.001367372,-1,-1
14689,34541,0.001367085,-1,-1
14690,34542,0.001367091,-1,-1
14691,34543,0.001367108,-1,-1
14692,34544,0.001366932,-1,-1
14693,34545,0.001366868,-1,-1
14694,34546,0.001367534,-1,-1
14695,34547,0.001367195,-1,-1
14696,34550,0.001366815,-1,-1
14697,34551,0.001367429,-1,-1
14698,34552,0.0013675,-1,-1
14699,34553,0.001367588,-1,-1
14700,34554,0.001367553,-1,-1
14701,34555,0.001366764,-1,-1
14702,34556,0.001367479,-1,-1
14703,34557,0.001366991,-1,-1
14704,34560,0.001366645,-1,-1
14705,34561,0.001367259,-1,-1
14706,34562,0.001367665,-1,-1
14707,34563,0.001367044,-1,-1
14708,34564,0.001367265,-1,-1
14709,34565,0.001367024,-1,-1
14710,34566,0.001367347,-1,-1
14711,34567,0.00136716,-1,-1
14712,34570,0.001366687,-1,-1
14713,34571,0.001367966,-1,-1
14714,34572,0.001366868,-1,-1
14715,34573,0.001367235,-1,-1
14716,34574,0.001367865,-1,-1
14717,34575,0.001366744,-1,-1
14718,34576,0.001366997,-1,-1
14719,34577,0.001367031,-1,-1
14720,34600,0.001367827,-1,-1
14721,34601,0.001367691,-1,-1
14722,34602,0.00136743,-1,-1
14723,34603,0.001367065,-1,-1
14724,34604,0.001366709,-1,-1
14725,34605,0.001367263,-1,-1
14726,34606,0.00136801,-1,-1
14727,34607,0.001367723,-1,-1
14728,34610,0.001366323,-1,-1
14729,34611,0.001367056,-1,-1
14730,34612,0.001366642,-1,-1
14731,34613,0.001366809,-1,-1
14732,34614,0.001367611,-1,-1
14733,34615,0.001366716,-1,-1
14734,34616,0.001367869,-1,-1
14735,34617,0.00136637,-1,-1
14736,34620,0.001367253,-1,-1
14737,34621,0.001367289,-1,-1
14738,34622,0.001367577,-1,-1
14739,34623,0.00136748,-1,-1
14740,34624,0.001367278,-1,-1
14741,34625,0.001366465,-1,-1
14742,34626,0.001366914,-1,-1
14743,34627,0.001367634,-1,-1
14744,34630,0.001366927,-1,-1
14745,34631,0.001367009,-1,-1
14746,34632,0.001367196,-1,-1
14747,34633,0.00136743,-1,-1
14748,34634,0.001366868,-1,-1
14749,34635,0.001367712,-1,-1
14750,34636,0.001367208,-1,-1
14751,34637,0.001367931,-1,-1
14752,34640,0.001367367,-1,-1
14753,34641,0.001367483,-1,-1
14754,34642,0.001368447,-1,-1
14755,34643,0.001367588,-1,-1
14756,34644,0.001368101,-1,-1
14757,34645,0.001368079,-1,-1
14758,34646,0.001367558,-1,-1
14759,34647,0.001367768,-1,-1
14760,34650,0.001368067,-1,-1
14761,34651,0.001367653,-1,-1
14762,34652,0.001366879,-1,-1
14763,34653,0.00136737,-1,-1
14764,34654,0.001368008,-1,-1
14765,34655,0.001367781,-1,-1
14766,34656,0.001366922,-1,-1
14767,34657,0.001367657,-1,-1
14768,34660,0.0013666,-1,-1
14769,34661,0.001367734,-1,-1
14770,34662,0.001366659,-1,-1
14771,34663,0.001366581,-1,-1
14772,34664,0.001366838,-1,-1
14773,34665,0.001367634,-1,-1
14774,34666,0.00136792,-1,-1
14775,34667,0.001367641,-1,-1
14776,34670,0.001367299,-1,-1
14777,34671,0.00136709,-1,-1
14778,34672,0.001365849,-1,-1
14779,34673,0.001367563,-1,-1
14780,34674,0.001366851,-1,-1
14781,34675,0.001366785,-1,-1
14782,34676,0.001367838,-1,-1
14783,34677,0.001368196,-1,-1
14784,34700,0.001367734,-1,-1
14785,34701,0.001367431,15,24
14786,34702,0.00136743,15,24
14787,34703,0.001367097,15,24
14788,34704,0.001366465,15,24
14789,34705,0.001366593,15,24
14790,34706,0.001367256,15,24
14791,34707,0.001367008,15,24
14792,34710,0.001367078,15,24
14793,34711,0.001366956,15,24
14794,34712,0.001366939,15,24
14795,34713,0.001366547,15,24
14796,34714,0.001367323,15,24
14797,34715,0.001366829,15,24
14798,34716,0.001366706,15,24
14799,34717,0.001366932,15,24
14800,34720,0.001367586,15,24
14801,34721,0.001367214,15,24
14802,34722,0.001367054,15,24
14803,34723,0.001366739,15,24
14804,34724,0.001366944,15,24
14805,34725,0.001365978,15,24
14806,34726,0.00136737,15,24
14807,34727,0.001367214,15,24
14808,34730,0.001367095,15,24
14809,34731,0.001367551,15,24
14810,34732,0.001368008,15,24
14811,34733,0.001367012,15,24
14812,34734,0.00136723,15,23
14813,34735,0.001367331,15,23
14814,34736,0.001367402,15,23
14815,34737,0.001367782,15,23
14816,34740,0.001367731,15,23
14817,34741,0.001367647,15,23
14818,34742,0.001367761,15,23
14819,34743,0.001367523,15,23
14820,34744,0.001367298,15,23
14821,34745,0.001367091,15,23
14822,34746,0.001367641,15,23
14823,34747,0.001367056,15,23
14824,34750,0.001366731,15,23
14825,34751,0.001367376,15,23
14826,34752,0.001367503,15,23
14827,34753,0.001366597,15,23
14828,34754,0.001366323,15,23
14829,34755,0.00136643,15,23
14830,34756,0.001366231,15,23
14831,34757,0.001367036,15,23
14832,34760,0.001367716,15,23
14833,34761,0.001367569,15,23
14834,34762,0.001366855,15,23
14835,34763,0.001364938,15,23
14836,34764,0.001362759,15,23
14837,34765,0.001359174,15,23
14838,34766,0.001354278,15,22
14839,34767,0.001350117,15,22
14840,34770,0.001344578,15,22
14841,34771,0.00133717,15,22
14842,34772,0.001332021,15,22
14843,34773,0.001325959,15,22
14844,34774,0.00132054,15,22
14845,34775,0.001314998,15,22
14846,34776,0.001306752,15,22
14847,34777,0.001299501,15,22
14848,35000,0.001290961,15,22
14849,35001,0.001280004,15,22
14850,35002,0.001271294,15,22
14851,35003,0.001261358,15,22
14852,35004,0.001254506,15,22
14853,35005,0.001248372,15,22
14854,35006,0.001244213,15,22
14855,35007,0.001240984,15,22
14856,35010,0.001236941,15,22
14857,35011,0.001234543,15,22
14858,35012,0.001234465,15,22
14859,35013,0.001235829,15,22
14860,35014,0.001237632,15,22
14861,35015,0.001240633,15,22
14862,35016,0.001245635,15,22
14863,35017,0.00124973,15,22
14864,35020,0.001253363,15,21
14865,35021,0.001257937,15,21
14866,35022,0.001261424,15,21
14867,35023,0.001265297,15,21
14868,35024,0.001266648,15,21
14869,35025,0.00126734,15,21
14870,35026,0.001266701,15,21
14871,35027,0.001266572,15,21
14872,35030,0.001263899,15,21
14873,35031,0.001257896,15,21
14874,35032,0.001249794,15,21
14875,35033,0.001238092,15,21
14876,35034,0.001222831,15,21
14877,35035,0.001204086,15,21
14878,35036,0.001177561,15,21
14879,35037,0.001148304,15,21
14880,35040,0.001117346,15,21
14881,35041,0.001078588,15,21
14882,35042,0.001036846,15,21
14883,35043,3.001681e-05,15,21
14884,35044,2.994655e-05,15,21
14885,35045,3.005895e-05,15,21
14886,35046,3.017819e-05,15,21
14887,35047,3.017355e-05,15,21
14888,35050,3.01263e-05,15,21
14889,35051,3.023278e-05,15,21
14890,35052,3.036361e-05,15,20
14891,35053,3.035386e-05,15,20
14892,35054,3.031254e-05,15,20
14893,35055,3.039684e-05,15,20
14894,35056,3.052478e-05,15,20
14895,35057,3.050119e-05,15,20
14896,35060,3.044688e-05,15,20
14897,35061,3.055239e-05,15,20
14898,35062,3.065615e-05,15,20
14899,35063,3.063416e-05,15,20
14900,35064,3.056867e-05,15,20
14901,35065,3.06565e-05,15,20
14902,35066,3.076802e-05,15,20
14903,35067,3.073343e-05,15,20
14904,35070,3.066812e-05,15,20
14905,35071,3.075961e-05,15,20
14906,35072,3.08574e-05,15,20
14907,35073,3.081706e-05,15,20
14908,35074,3.074024e-05,15,20
14909,35075,3.088686e-05,15,20
14910,35076,3.092477e-05,15,20
14911,35077,3.087164e-05,15,20
14912,35100,3.080758e-05,15,20
14913,35101,3.094412e-05,15,20
14914,35102,3.099446e-05,15,20
14915,35103,3.095054e-05,15,20
14916,35104,3.087363e-05,15,19
14917,35105,3.099676e-05,15,19
14918,35106,3.106367e-05,15,19
14919,35107,3.099987e-05,15,19
14920,35110,3.093514e-05,15,19
14921,35111,3.10155e-05,15,19
14922,35112,3.111616e-05,15,19
14923,35113,3.107289e-05,15,19
14924,35114,3.099829e-05,15,19
14925,35115,3.105743e-05,15,19
14926,35116,3.116112e-05,15,19
14927,35117,3.112725e-05,15,19
14928,35120,3.104646e-05,15,19
14929,35121,3.106486e-05,15,19
14930,35122,3.120309e-05,15,19
14931,35123,3.116458e-05,15,19
14932,35124,3.108108e-05,15,19
14933,35125,3.112283e-05,15,19
14934,35126,3.124494e-05,15,19
14935,35127,3.120575e-05,15,19
14936,35130,3.112859e-05,15,19
14937,35131,3.113322e-05,15,19
14938,35132,3.127241e-05,15,19
14939,35133,3.126284e-05,15,19
14940,35134,3.119597e-05,15,19
14941,35135,3.114203e-05,15,19
14942,35136,3.130256e-05,15,19
14943,35137,3.132327e-05,15,18
14944,35140,3.127074e-05,15,18
14945,35141,3.121102e-05,15,18
14946,35142,3.12703e-05,15,18
14947,35143,3.138754e-05,15,18
14948,35144,3.134514e-05,15,18
14949,35145,3.127314e-05,15,18
14950,35146,3.135034e-05,15,18
14951,35147,3.146602e-05,15,18
14952,35150,3.144268e-05,15,18
14953,35151,3.140955e-05,15,18
14954,35152,3.14359e-05,15,18
14955,35153,3.16312e-05,15,18
14956,35154,3.166657e-05,15,18
14957,35155,3.170879e-05,15,18
14958,35156,3.185436e-05,15,18
14959,35157,3.222639e-05,15,18
14960,35160,3.251251e-05,15,18
14961,35161,3.283887e-05,15,18
14962,35162,3.333485e-05,15,18
14963,35163,3.423416e-05,15,18
14964,35164,3.531933e-05,15,18
14965,35165,3.660858e-05,15,18
14966,35166,3.804973e-05,15,18
14967,35167,4.00964e-05,15,18
14968,35170,4.242655e-05,15,18
14969,35171,4.508668e-05,15,17
14970,35172,4.92052e-05,15,17
14971,35173,5.490579e-05,15,17
14972,35174,6.206855e-05,15,17
14973,35175,7.31248e-05,15,17
14974,35176,8.824062e-05,15,17
14975,35177,0.001282445,15,17
14976,35200,0.001283205,15,17
14977,35201,0.001283305,15,17
14978,35202,0.001284555,15,17
14979,35203,0.001283906,15,17
14980,35204,0.001284126,15,17
14981,35205,0.001284931,15,17
14982,35206,0.001284913,15,17
14983,35207,0.001285591,15,17
14984,35210,0.001285489,15,17
14985,35211,0.001286087,15,17
14986,35212,0.001286175,15,17
14987,35213,0.001286234,15,17
14988,35214,0.001286347,15,17
14989,35215,0.001285229,15,17
14990,35216,0.00128611,15,17
14991,35217,0.001286433,15,17
14992,35220,0.001285701,15,17
14993,35221,0.001285635,15,17
14994,35222,0.001285233,15,17
14995,35223,0.001284632,15,16
14996,35224,0.00128446,15,16
14997,35225,0.001283906,15,16
14998,35226,0.00128459,15,16
14999,35227,0.001282471,15,16
15000,35230,0.001282006,15,16
15001,35231,0.001280847,15,16
15002,35232,0.001281555,15,16
15003,35233,0.001281349,15,16
15004,35234,0.001280068,15,16
15005,35235,0.001280641,15,16
15006,35236,0.00128032,15,16
15007,35237,0.00128007,15,16
15008,35240,0.00127853,15,16
15009,35241,0.001279043,15,16
15010,35242,0.001277897,15,16
15011,35243,0.001277131,15,16
15012,35244,0.001277606,15,16
15013,35245,0.001276412,15,16
15014,35246,0.001277851,15,16
15015,35247,0.001277154,15,16
15016,35250,0.001276867,15,16
15017,35251,0.001277149,15,16
15018,35252,0.00127779,15,16
15019,35253,0.00127748,15,16
15020,35254,0.001278664,15,16
15021,35255,0.001279067,15,15
15022,35256,0.00128001,15,15
15023,35257,0.001281047,15,15
15024,35260,0.001282069,15,15
15025,35261,0.00128256,15,15
15026,35262,0.001283432,15,15
15027,35263,0.001283936,15,15
15028,35264,0.001283788,15,15
15029,35265,0.001283789,15,15
15030,35266,0.001283694,15,15
15031,35267,0.00128269,15,15
15032,35270,0.001282134,15,15
15033,35271,0.001282036,15,15
15034,35272,0.001281035,15,15
15035,35273,0.001281437,15,15
15036,35274,0.001280005,15,15
15037,35275,0.001280188,15,15
15038,35276,0.001279601,15,15
15039,35277,0.001279525,15,15
15040,35300,0.001278811,15,15
15041,35301,0.001278199,15,15
15042,35302,0.001277116,15,15
15043,35303,0.001275655,15,15
15044,35304,0.001274427,15,15
15045,35305,0.001273586,15,15
15046,35306,0.001272966,15,15
15047,35307,0.00127358,15,14
15048,35310,0.001273532,15,14
15049,35311,0.001274463,15,14
15050,35312,0.001276329,15,14
15051,35313,0.001275647,15,14
15052,35314,0.001277436,15,14
15053,35315,0.001279093,15,14
15054,35316,0.001280269,15,14
15055,35317,0.001281592,15,14
15056,35320,0.001282713,15,14
15057,35321,0.001283613,15,14
15058,35322,0.001284819,15,14
15059,35323,0.001284713,15,14
15060,35324,0.001284995,15,14
15061,35325,0.001286417,15,14
15062,35326,0.001286764,15,14
15063,35327,0.001287989,15,14
15064,35330,0.001288056,15,14
15065,35331,0.001287948,15,14
15066,35332,0.001287242,15,14
15067,35333,0.001288407,15,14
15068,35334,0.001287949,15,14
15069,35335,0.00128731,15,14
15070,35336,0.001286889,15,14
15071,35337,0.001288014,15,14
15072,35340,0.001287177,15,14
15073,35341,0.001288135,15,14
15074,35342,0.001287777,15,13
15075,35343,0.001288505,15,13
15076,35344,0.001287657,15,13
15077,35345,0.001287838,15,13
15078,35346,0.001286841,15,13
15079,35347,0.001287035,15,13
15080,35350,0.001286907,15,13
15081,35351,0.001285955,15,13
15082,35352,0.001285912,15,13
15083,35353,0.001286089,15,13
15084,35354,0.001286311,15,13
15085,35355,0.001286785,15,13
15086,35356,0.001286838,15,13
15087,35357,0.001286638,15,13
15088,35360,0.001286989,15,13
15089,35361,0.001286566,15,13
15090,35362,0.001286587,15,13
15091,35363,0.001286514,15,13
15092,35364,0.001286104,15,13
15093,35365,0.001285656,15,13
15094,35366,0.001285252,15,13
15095,35367,0.001283995,15,13
15096,35370,0.001283683,15,13
15097,35371,0.001283164,15,13
15098,35372,0.001283514,15,13
15099,35373,0.001283396,15,13
15100,35374,0.001284241,15,12
15101,35375,0.001285158,15,12
15102,35376,0.001285865,15,12
15103,35377,0.00128655,15,12
15104,35400,0.001288306,15,12
15105,35401,0.001288909,15,12
15106,35402,0.001288246,15,12
15107,35403,0.001287887,15,12
15108,35404,0.001288085,15,12
15109,35405,0.001288252,15,12
15110,35406,0.001288587,15,12
15111,35407,0.001288042,15,12
15112,35410,0.001287901,15,12
15113,35411,0.001288047,15,12
15114,35412,0.001287906,15,12
15115,35413,0.001287783,15,12
15116,35414,0.001288234,15,12
15117,35415,0.001287614,15,12
15118,35416,0.001287757,15,12
15119,35417,0.001287515,15,12
15120,35420,0.001286897,15,12
15121,35421,0.001285637,15,12
15122,35422,0.001285058,15,12
15123,35423,0.001283551,15,12
15124,35424,0.001280436,15,12
15125,35425,0.001275096,15,12
15126,35426,0.001266975,15,11
15127,35427,0.001257779,15,11
15128,35430,0.001244448,15,11
15129,35431,0.001228838,15,11
15130,35432,0.001209626,15,11
15131,35433,0.001185799,15,11
15132,35434,0.001160414,15,11
15133,35435,0.00112777,15,11
15134,35436,0.001088644,15,11
15135,35437,0.001046265,15,11
15136,35440,2.990715e-05,15,11
15137,35441,2.984374e-05,15,11
15138,35442,2.998693e-05,15,11
15139,35443,3.008167e-05,15,11
15140,35444,3.007581e-05,15,11
15141,35445,3.004171e-05,15,11
15142,35446,3.01546e-05,15,11
15143,35447,3.027171e-05,15,11
15144,35450,3.025707e-05,15,11
15145,35451,3.020985e-05,15,11
15146,35452,3.031077e-05,15,11
15147,35453,3.043102e-05,15,11
15148,35454,3.041476e-05,15,11
15149,35455,3.036525e-05,15,11
15150,35456,3.045457e-05,15,11
15151,35457,3.05627e-05,15,11
15152,35460,3.053202e-05,15,10
15153,35461,3.047612e-05,15,10
15154,35462,3.054102e-05,15,10
15155,35463,3.067333e-05,15,10
15156,35464,3.063372e-05,15,10
15157,35465,3.05649e-05,15,10
15158,35466,3.067454e-05,15,10
15159,35467,3.075862e-05,15,10
15160,35470,3.072557e-05,15,10
15161,35471,3.066153e-05,15,10
15162,35472,3.074466e-05,15,10
15163,35473,3.084233e-05,15,10
15164,35474,3.078634e-05,15,10
15165,35475,3.071878e-05,15,10
15166,35476,3.08357e-05,15,10
15167,35477,3.090837e-05,15,10
15168,35500,3.087406e-05,15,10
15169,35501,3.081085e-05,15,10
15170,35502,3.080921e-05,15,10
15171,35503,3.095349e-05,15,10
15172,35504,3.094945e-05,15,10
15173,35505,3.089325e-05,15,10
15174,35506,3.083779e-05,15,10
15175,35507,3.099556e-05,15,10
15176,35510,3.100985e-05,15,10
15177,35511,3.094392e-05,15,10
15178,35512,3.087681e-05,15,9
15179,35513,3.100264e-05,15,9
15180,35514,3.105997e-05,15,9
15181,35515,3.100501e-05,15,9
15182,35516,3.092662e-05,15,9
15183,35517,3.101583e-05,15,9
15184,35520,3.109976e-05,15,9
15185,35521,3.104531e-05,15,9
15186,35522,3.095472e-05,15,9
15187,35523,3.103441e-05,15,9
15188,35524,3.113384e-05,15,9
15189,35525,3.109531e-05,15,9
15190,35526,3.101237e-05,15,9
15191,35527,3.104179e-05,15,9
15192,35530,3.116944e-05,15,9
15193,35531,3.112331e-05,15,9
15194,35532,3.103647e-05,15,9
15195,35533,3.105549e-05,15,9
15196,35534,3.119568e-05,15,9
15197,35535,3.117e-05,15,9
15198,35536,3.109483e-05,15,9
15199,35537,3.107008e-05,15,9
15200,35540,3.122167e-05,15,9
15201,35541,3.119339e-05,15,9
15202,35542,3.111889e-05,15,9
15203,35543,3.108881e-05,15,9
15204,35544,3.124406e-05,15,9
15205,35545,3.123107e-05,15,8
15206,35546,3.115785e-05,15,8
15207,35547,3.111446e-05,15,8
15208,35550,3.127577e-05,15,8
15209,35551,3.126278e-05,15,8
15210,35552,3.119772e-05,15,8
15211,35553,3.117564e-05,15,8
15212,35554,3.132101e-05,15,8
15213,35555,3.129487e-05,15,8
15214,35556,3.123204e-05,15,8
15215,35557,3.123573e-05,15,8
15216,35560,3.139505e-05,15,8
15217,35561,3.138472e-05,15,8
15218,35562,3.133451e-05,15,8
15219,35563,3.136965e-05,15,8
15220,35564,3.156238e-05,15,8
15221,35565,3.160603e-05,15,8
15222,35566,3.165683e-05,15,8
15223,35567,3.184692e-05,15,8
15224,35570,3.222071e-05,15,8
15225,35571,3.252399e-05,15,8
15226,35572,3.292676e-05,15,8
15227,35573,3.374822e-05,15,8
15228,35574,3.47647e-05,15,8
15229,35575,3.576745e-05,15,8
15230,35576,3.708633e-05,15,8
15231,35577,3.855769e-05,15,7
15232,35600,4.080385e-05,15,7
15233,35601,4.3519e-05,15,7
15234,35602,4.621913e-05,15,7
15235,35603,5.037809e-05,15,7
15236,35604,5.601236e-05,15,7
15237,35605,6.349359e-05,15,7
15238,35606,7.564844e-05,15,7
15239,35607,8.96717e-05,15,7
15240,35610,0.001289676,15,7
15241,35611,0.001290034,15,7
15242,35612,0.001289883,15,7
15243,35613,0.001290376,15,7
15244,35614,0.001289629,15,7
15245,35615,0.00128962,15,7
15246,35616,0.001289217,15,7
15247,35617,0.001288294,15,7
15248,35620,0.001287544,15,7
15249,35621,0.001287018,15,7
15250,35622,0.001286897,15,7
15251,35623,0.001286222,15,7
15252,35624,0.001286533,15,7
15253,35625,0.001286435,15,7
15254,35626,0.001286596,15,7
15255,35627,0.001287528,15,7
15256,35630,0.001287469,15,7
15257,35631,0.001288458,15,6
15258,35632,0.001288142,15,6
15259,35633,0.001289007,15,6
15260,35634,0.001289295,15,6
15261,35635,0.001289657,15,6
15262,35636,0.001288088,15,6
15263,35637,0.001288143,15,6
15264,35640,0.001287837,15,6
15265,35641,0.001286497,15,6
15266,35642,0.001287017,15,6
15267,35643,0.001286192,15,6
15268,35644,0.001285941,15,6
15269,35645,0.001285718,15,6
15270,35646,0.001285333,15,6
15271,35647,0.001285193,15,6
15272,35650,0.001283701,15,6
15273,35651,0.001282812,15,6
15274,35652,0.001281769,15,6
15275,35653,0.001280536,15,6
15276,35654,0.001278693,15,6
15277,35655,0.001277911,15,6
15278,35656,0.001275703,15,6
15279,35657,0.001274142,15,6
15280,35660,0.001273106,15,6
15281,35661,0.00127354,15,6
15282,35662,0.00127348,15,6
15283,35663,0.001274282,15,5
15284,35664,0.001275201,15,5
15285,35665,0.001275131,15,5
15286,35666,0.00127441,15,5
15287,35667,0.001273907,15,5
15288,35670,0.00127393,15,5
15289,35671,0.001273885,15,5
15290,35672,0.001274592,15,5
15291,35673,0.001276368,15,5
15292,35674,0.001277276,15,5
15293,35675,0.001277435,15,5
15294,35676,0.001278784,15,5
15295,35677,0.001279955,15,5
15296,35700,0.00128131,15,5
15297,35701,0.001283279,15,5
15298,35702,0.001283959,15,5
15299,35703,0.001284922,15,5
15300,35704,0.001286691,15,5
15301,35705,0.001286256,15,5
15302,35706,0.001287433,15,5
15303,35707,0.001288412,15,5
15304,35710,0.00128761,15,5
15305,35711,0.001287743,15,5
15306,35712,0.001288645,15,5
15307,35713,0.001288781,15,5
15308,35714,0.00128858,15,5
15309,35715,0.001288278,15,4
15310,35716,0.001288907,15,4
15311,35717,0.001289599,15,4
15312,35720,0.001289517,15,4
15313,35721,0.001289524,15,4
15314,35722,0.001289118,15,4
15315,35723,0.00128971,15,4
15316,35724,0.001289786,15,4
15317,35725,0.001288984,15,4
15318,35726,0.001289272,15,4
15319,35727,0.00128947,15,4
15320,35730,0.001289645,15,4
15321,35731,0.001288923,15,4
15322,35732,0.00128793,15,4
15323,35733,0.001287492,15,4
15324,35734,0.001286924,15,4
15325,35735,0.001284104,15,4
15326,35736,0.001280858,15,4
15327,35737,0.001275704,15,4
15328,35740,0.00126784,15,4
15329,35741,0.001255252,15,4
15330,35742,0.001242083,15,4
15331,35743,0.001227352,15,4
15332,35744,0.001205929,15,4
15333,35745,0.001181128,15,4
15334,35746,0.001147929,15,4
15335,35747,0.001111868,15,4
15336,35750,0.001072655,15,3
15337,35751,0.001019178,15,3
15338,35752,2.977502e-05,15,3
15339,35753,2.977162e-05,15,3
15340,35754,2.971971e-05,15,3
15341,35755,2.980863e-05,15,3
15342,35756,2.995826e-05,15,3
15343,35757,2.994267e-05,15,3
15344,35760,2.989549e-05,15,3
15345,35761,3.003606e-05,15,3
15346,35762,3.01258e-05,15,3
15347,35763,3.009947e-05,15,3
15348,35764,3.005587e-05,15,3
15349,35765,3.02109e-05,15,3
15350,35766,3.027709e-05,15,3
15351,35767,3.023712e-05,15,3
15352,35770,3.018971e-05,15,3
15353,35771,3.036563e-05,15,3
15354,35772,3.037994e-05,15,3
15355,35773,3.033143e-05,15,3
15356,35774,3.029797e-05,15,3
15357,35775,3.047241e-05,15,3
15358,35776,3.048854e-05,15,3
15359,35777,3.042638e-05,15,3
15360,36000,3.039178e-05,15,3
15361,36001,3.056968e-05,15,3
15362,36002,3.056805e-05,15,2
15363,36003,3.051556e-05,15,2
15364,36004,3.046854e-05,15,2
15365,36005,3.060784e-05,15,2
15366,36006,3.066435e-05,15,2
15367,36007,3.062026e-05,15,2
15368,36010,3.054227e-05,15,2
15369,36011,3.06604e-05,15,2
15370,36012,3.072126e-05,15,2
15371,36013,3.066455e-05,15,2
15372,36014,3.059461e-05,15,2
15373,36015,3.073652e-05,15,2
15374,36016,3.077745e-05,15,2
15375,36017,3.071623e-05,15,2
15376,36020,3.064766e-05,15,2
15377,36021,3.075074e-05,15,2
15378,36022,3.082701e-05,15,2
15379,36023,3.077637e-05,15,2
15380,36024,3.070179e-05,15,2
15381,36025,3.079751e-05,15,2
15382,36026,3.087573e-05,15,2
15383,36027,3.081762e-05,15,2
15384,36030,3.074761e-05,15,2
15385,36031,3.081837e-05,15,2
15386,36032,3.091496e-05,15,2
15387,36033,3.086744e-05,15,2
15388,36034,3.078681e-05,15,1
15389,36035,3.086982e-05,15,1
15390,36036,3.096018e-05,15,1
15391,36037,3.091444e-05,15,1
15392,36040,3.084179e-05,15,1
15393,36041,3.086349e-05,15,1
15394,36042,3.099635e-05,15,1
15395,36043,3.09717e-05,15,1
15396,36044,3.091077e-05,15,1
15397,36045,3.08639e-05,15,1
15398,36046,3.102801e-05,15,1
15399,36047,3.103775e-05,15,1
15400,36050,3.098245e-05,15,1
15401,36051,3.091101e-05,15,1
15402,36052,3.10341e-05,15,1
15403,36053,3.110299e-05,15,1
15404,36054,3.105614e-05,15,1
15405,36055,3.099864e-05,15,1
15406,36056,3.113393e-05,15,1
15407,36057,3.123119e-05,15,1
15408,36060,3.121944e-05,15,1
15409,36061,3.121849e-05,15,1
15410,36062,3.140835e-05,15,1
15411,36063,3.165794e-05,15,1
15412,36064,3.185199e-05,15,1
15413,36065,3.186592e-05,15,1
15414,36066,3.177803e-05,15,0
15415,36067,3.198702e-05,15,0
15416,36070,3.194757e-05,15,0
15417,36071,3.1823e-05,15,0
15418,36072,3.185637e-05,15,0
15419,36073,3.192688e-05,15,0
15420,36074,3.194857e-05,15,0
15421,36075,3.190266e-05,15,0
15422,36076,3.177051e-05,15,0
15423,36077,3.195223e-05,15,0
15424,36100,3.197053e-05,15,0
15425,36101,3.188589e-05,15,0
15426,36102,3.185442e-05,15,0
15427,36103,3.189559e-05,15,0
15428,36104,3.199878e-05,15,0
15429,36105,3.194412e-05,15,0
15430,36106,3.183785e-05,15,0
15431,36107,3.190415e-05,15,0
15432,36110,3.199184e-05,15,0
15433,36111,3.194459e-05,15,0
15434,36112,3.188762e-05,15,0
15435,36113,3.185204e-05,15,0
15436,36114,3.201799e-05,15,0
15437,36115,3.19546e-05,15,0
15438,36116,3.187529e-05,15,0
15439,36117,3.19034e-05,15,0
15440,36120,3.199431e-05,-1,-1
15441,36121,3.195821e-05,-1,-1
15442,36122,3.187936e-05,-1,-1
15443,36123,3.190655e-05,-1,-1
15444,36124,3.202127e-05,-1,-1
15445,36125,3.195662e-05,-1,-1
15446,36126,3.187131e-05,-1,-1
15447,36127,3.191569e-05,-1,-1
15448,36130,3.200845e-05,-1,-1
15449,36131,3.197838e-05,-1,-1
15450,36132,3.186821e-05,-1,-1
15451,36133,3.191765e-05,-1,-1
15452,36134,3.203374e-05,-1,-1
15453,36135,3.196423e-05,-1,-1
15454,36136,3.189406e-05,-1,-1
15455,36137,3.192583e-05,-1,-1
15456,36140,3.203312e-05,-1,-1
15457,36141,3.198387e-05,-1,-1
15458,36142,3.188229e-05,-1,-1
15459,36143,3.195935e-05,-1,-1
15460,36144,3.20364e-05,-1,-1
15461,36145,3.197199e-05,-1,-1
15462,36146,3.188516e-05,-1,-1
15463,36147,3.193571e-05,-1,-1
15464,36150,3.203658e-05,-1,-1
15465,36151,3.197716e-05,-1,-1
15466,36152,3.18915e-05,-1,-1
15467,36153,3.195458e-05,-1,-1
15468,36154,3.203511e-05,-1,-1
15469,36155,3.198391e-05,-1,-1
15470,36156,3.190026e-05,-1,-1
15471,36157,3.194488e-05,-1,-1
15472,36160,3.204235e-05,-1,-1
15473,36161,3.198885e-05,-1,-1
15474,36162,3.190164e-05,-1,-1
15475,36163,3.194706e-05,-1,-1
15476,36164,3.204519e-05,-1,-1
15477,36165,3.199753e-05,-1,-1
15478,36166,3.191426e-05,-1,-1
15479,36167,3.194108e-05,-1,-1
15480,36170,3.205927e-05,-1,-1
15481,36171,3.201072e-05,-1,-1
15482,36172,3.190678e-05,-1,-1
15483,36173,3.198816e-05,-1,-1
15484,36174,3.205684e-05,-1,-1
15485,36175,3.198165e-05,-1,-1
15486,36176,3.189699e-05,-1,-1
15487,36177,3.203485e-05,-1,-1
15488,36200,3.205895e-05,-1,-1
15489,36201,3.197363e-05,-1,-1
15490,36202,3.190138e-05,-1,-1
15491,36203,3.204905e-05,-1,-1
15492,36204,3.205915e-05,-1,-1
15493,36205,3.198373e-05,-1,-1
15494,36206,3.19188e-05,-1,-1
15495,36207,3.206396e-05,-1,-1
15496,36210,3.205597e-05,-1,-1
15497,36211,3.198464e-05,-1,-1
15498,36212,3.191718e-05,-1,-1
15499,36213,3.20631e-05,-1,-1
15500,36214,3.206905e-05,-1,-1
15501,36215,3.199479e-05,-1,-1
15502,36216,3.192219e-05,-1,-1
15503,36217,3.206949e-05,-1,-1
15504,36220,3.207054e-05,-1,-1
15505,36221,3.200273e-05,-1,-1
15506,36222,3.192887e-05,-1,-1
15507,36223,3.207288e-05,-1,-1
15508,36224,3.207607e-05,-1,-1
15509,36225,3.199872e-05,-1,-1
15510,36226,3.193448e-05,-1,-1
15511,36227,3.208369e-05,-1,-1
15512,36230,3.208266e-05,-1,-1
15513,36231,3.20013e-05,-1,-1
15514,36232,3.193162e-05,-1,-1
15515,36233,3.209121e-05,-1,-1
15516,36234,3.207426e-05,-1,-1
15517,36235,3.200493e-05,-1,-1
15518,36236,3.194904e-05,-1,-1
15519,36237,3.209956e-05,-1,-1
15520,36240,3.207402e-05,-1,-1
15521,36241,3.198168e-05,-1,-1
15522,36242,3.191979e-05,-1,-1
15523,36243,3.20564e-05,-1,-1
15524,36244,3.203493e-05,-1,-1
15525,36245,3.194204e-05,-1,-1
15526,36246,3.189101e-05,-1,-1
15527,36247,3.202733e-05,-1,-1
15528,36250,3.200197e-05,-1,-1
15529,36251,3.192389e-05,-1,-1
15530,36252,3.190448e-05,-1,-1
15531,36253,3.207499e-05,-1,-1
15532,36254,3.2052e-05,-1,-1
15533,36255,3.196927e-05,-1,-1
15534,36256,3.193533e-05,-1,-1
15535,36257,3.205883e-05,-1,-1
15536,36260,3.204029e-05,-1,-1
15537,36261,3.195849e-05,-1,-1
15538,36262,3.193922e-05,-1,-1
15539,36263,3.205481e-05,-1,-1
15540,36264,3.202369e-05,-1,-1
15541,36265,3.193387e-05,-1,-1
15542,36266,3.191979e-05,-1,-1
15543,36267,3.205467e-05,-1,-1
15544,36270,3.200458e-05,-1,-1
15545,36271,3.190123e-05,-1,-1
15546,36272,3.192138e-05,-1,-1
15547,36273,3.200448e-05,-1,-1
15548,36274,3.192195e-05,-1,-1
15549,36275,3.181146e-05,-1,-1
15550,36276,3.186624e-05,-1,-1
15551,36277,3.192821e-05,-1,-1
15552,36300,3.186089e-05,-1,-1
15553,36301,3.177155e-05,-1,-1
15554,36302,3.187515e-05,-1,-1
15555,36303,3.192795e-05,-1,-1
15556,36304,3.185631e-05,-1,-1
15557,36305,3.177516e-05,-1,-1
15558,36306,3.184622e-05,-1,-1
15559,36307,3.19354e-05,-1,-1
15560,36310,3.188223e-05,-1,-1
15561,36311,3.179281e-05,-1,-1
15562,36312,3.185125e-05,-1,-1
15563,36313,3.194e-05,-1,-1
15564,36314,3.1878e-05,-1,-1
15565,36315,3.179357e-05,-1,-1
15566,36316,3.186917e-05,-1,-1
15567,36317,3.194307e-05,-1,-1
15568,36320,3.188214e-05,-1,-1
15569,36321,3.179074e-05,-1,-1
15570,36322,3.188378e-05,-1,-1
15571,36323,3.194435e-05,-1,-1
15572,36324,3.188612e-05,-1,-1
15573,36325,3.178743e-05,-1,-1
15574,36326,3.188062e-05,-1,-1
15575,36327,3.194667e-05,-1,-1
15576,36330,3.188214e-05,-1,-1
15577,36331,3.179955e-05,-1,-1
15578,36332,3.188861e-05,-1,-1
15579,36333,3.195123e-05,-1,-1
15580,36334,3.188334e-05,-1,-1
15581,36335,3.179258e-05,-1,-1
15582,36336,3.187448e-05,-1,-1
15583,36337,3.194977e-05,-1,-1
15584,36340,3.189264e-05,-1,-1
15585,36341,3.181077e-05,-1,-1
15586,36342,3.188357e-05,-1,-1
15587,36343,3.194831e-05,-1,-1
15588,36344,3.188064e-05,-1,-1
15589,36345,3.17879e-05,-1,-1
15590,36346,3.192237e-05,-1,-1
15591,36347,3.193976e-05,-1,-1
15592,36350,3.186935e-05,-1,-1
15593,36351,3.179024e-05,-1,-1
15594,36352,3.193326e-05,-1,-1
15595,36353,3.194792e-05,-1,-1
15596,36354,3.187259e-05,-1,-1
15597,36355,3.178941e-05,-1,-1
15598,36356,3.194611e-05,-1,-1
15599,36357,3.193931e-05,-1,-1
15600,36360,3.186106e-05,-1,-1
15601,36361,3.179106e-05,-1,-1
15602,36362,3.192307e-05,-1,-1
15603,36363,3.195121e-05,-1,-1
15604,36364,3.187432e-05,-1,-1
15605,36365,3.179454e-05,-1,-1
15606,36366,3.190204e-05,-1,-1
15607,36367,3.195296e-05,-1,-1
15608,36370,3.188335e-05,-1,-1
15609,36371,3.179645e-05,-1,-1
15610,36372,3.192808e-05,-1,-1
15611,36373,3.195337e-05,-1,-1
15612,36374,3.188642e-05,-1,-1
15613,36375,3.179826e-05,-1,-1
15614,36376,3.19335e-05,-1,-1
15615,36377,3.196224e-05,-1,-1
15616,36400,3.188873e-05,-1,-1
15617,36401,3.180447e-05,-1,-1
15618,36402,3.194257e-05,-1,-1
15619,36403,3.165811e-05,-1,-1
15620,36404,3.147434e-05,-1,-1
15621,36405,3.137e-05,-1,-1
15622,36406,3.148189e-05,-1,-1
15623,36407,3.152396e-05,-1,-1
15624,36410,3.145709e-05,-1,-1
15625,36411,3.137339e-05,-1,-1
15626,36412,3.146347e-05,-1,-1
15627,36413,3.153842e-05,-1,-1
15628,36414,3.148119e-05,-1,-1
15629,36415,3.139689e-05,-1,-1
15630,36416,3.144459e-05,-1,-1
15631,36417,3.154486e-05,-1,-1
15632,36420,3.14941e-05,-1,-1
15633,36421,3.142958e-05,-1,-1
15634,36422,3.139515e-05,-1,-1
15635,36423,3.154177e-05,-1,-1
15636,36424,3.152097e-05,-1,-1
15637,36425,3.143844e-05,-1,-1
15638,36426,3.138914e-05,-1,-1
15639,36427,3.154161e-05,-1,-1
15640,36430,3.1534e-05,-1,-1
15641,36431,3.146163e-05,-1,-1
15642,36432,3.139283e-05,-1,-1
15643,36433,3.152012e-05,-1,-1
15644,36434,3.154776e-05,-1,-1
15645,36435,3.149037e-05,-1,-1
15646,36436,3.140155e-05,-1,-1
15647,36437,3.148508e-05,-1,-1
15648,36440,3.156055e-05,-1,-1
15649,36441,3.150054e-05,-1,-1
15650,36442,3.141586e-05,-1,-1
15651,36443,3.147127e-05,-1,-1
15652,36444,3.156313e-05,-1,-1
15653,36445,3.150955e-05,-1,-1
15654,36446,3.141906e-05,-1,-1
15655,36447,3.146444e-05,-1,-1
15656,36450,3.157057e-05,-1,-1
15657,36451,3.15102e-05,-1,-1
15658,36452,3.143174e-05,-1,-1
15659,36453,3.147432e-05,-1,-1
15660,36454,3.157339e-05,-1,-1
15661,36455,3.153511e-05,-1,-1
15662,36456,3.144766e-05,-1,-1
15663,36457,3.144745e-05,-1,-1
15664,36460,3.157985e-05,-1,-1
15665,36461,3.153245e-05,-1,-1
15666,36462,3.140372e-05,-1,-1
15667,36463,3.134129e-05,-1,-1
15668,36464,3.144207e-05,-1,-1
15669,36465,3.13781e-05,-1,-1
15670,36466,3.127692e-05,-1,-1
15671,36467,3.126279e-05,-1,-1
15672,36470,3.13926e-05,-1,-1
15673,36471,3.137673e-05,-1,-1
15674,36472,3.128954e-05,-1,-1
15675,36473,3.12159e-05,-1,-1
15676,36474,3.134083e-05,-1,-1
15677,36475,3.136867e-05,-1,-1
15678,36476,3.129982e-05,-1,-1
15679,36477,3.121023e-05,-1,-1
15680,36500,3.131868e-05,-1,-1
15681,36501,3.137538e-05,-1,-1
15682,36502,3.132002e-05,-1,-1
15683,36503,3.122158e-05,-1,-1
15684,36504,3.128843e-05,-1,-1
15685,36505,3.138205e-05,-1,-1
15686,36506,3.132552e-05,-1,-1
15687,36507,3.124341e-05,-1,-1
15688,36510,3.126407e-05,-1,-1
15689,36511,3.138182e-05,-1,-1
15690,36512,3.13331e-05,-1,-1
15691,36513,3.124199e-05,-1,-1
15692,36514,3.127074e-05,-1,-1
15693,36515,3.138587e-05,-1,-1
15694,36516,3.133683e-05,-1,-1
15695,36517,3.125781e-05,16,0
15696,36520,3.126301e-05,16,0
15697,36521,3.138437e-05,16,0
15698,36522,3.134771e-05,16,0
15699,36523,3.126311e-05,16,0
15700,36524,3.125209e-05,16,0
15701,36525,3.138747e-05,16,0
15702,36526,3.132341e-05,16,0
15703,36527,3.123444e-05,16,0
15704,36530,3.13264e-05,16,0
15705,36531,3.138762e-05,16,0
15706,36532,3.132973e-05,16,0
15707,36533,3.123344e-05,16,0
15708,36534,3.132988e-05,16,0
15709,36535,3.138522e-05,16,0
15710,36536,3.132086e-05,16,0
15711,36537,3.122734e-05,16,0
15712,36540,3.134839e-05,16,0
15713,36541,3.139116e-05,16,0
15714,36542,3.133395e-05,16,0
15715,36543,3.123994e-05,16,0
15716,36544,3.131624e-05,16,0
15717,36545,3.139249e-05,16,0
15718,36546,3.133164e-05,16,0
15719,36547,3.123827e-05,16,0
15720,36550,3.132336e-05,16,0
15721,36551,3.139272e-05,16,0
15722,36552,3.134194e-05,16,1
15723,36553,3.125031e-05,16,1
15724,36554,3.128427e-05,16,1
15725,36555,3.13973e-05,16,1
15726,36556,3.134314e-05,16,1
15727,36557,3.124664e-05,16,1
15728,36560,3.129941e-05,16,1
15729,36561,3.139531e-05,16,1
15730,36562,3.134493e-05,16,1
15731,36563,3.126306e-05,16,1
15732,36564,3.12489e-05,16,1
15733,36565,3.139652e-05,16,1
15734,36566,3.136212e-05,16,1
15735,36567,3.130245e-05,16,1
15736,36570,3.123602e-05,16,1
15737,36571,3.138604e-05,16,1
15738,36572,3.139316e-05,16,1
15739,36573,3.134493e-05,16,1
15740,36574,3.127548e-05,16,1
15741,36575,3.140794e-05,16,1
15742,36576,3.148119e-05,16,1
15743,36577,3.146453e-05,16,1
15744,36600,3.142933e-05,16,1
15745,36601,3.156229e-05,16,1
15746,36602,3.169983e-05,16,1
15747,36603,3.168279e-05,16,1
15748,36604,3.163682e-05,16,2
15749,36605,3.174849e-05,16,2
15750,36606,3.189497e-05,16,2
15751,36607,3.19409e-05,16,2
15752,36610,3.200232e-05,16,2
15753,36611,3.237546e-05,16,2
15754,36612,3.28093e-05,16,2
15755,36613,3.328722e-05,16,2
15756,36614,3.40833e-05,16,2
15757,36615,3.52233e-05,16,2
15758,36616,3.670511e-05,16,2
15759,36617,3.888364e-05,16,2
15760,36620,4.18515e-05,16,2
15761,36621,4.729845e-05,16,2
15762,36622,5.475564e-05,16,2
15763,36623,6.564395e-05,16,2
15764,36624,8.022568e-05,16,2
15765,36625,0.0008516351,16,2
15766,36626,0.0008520636,16,2
15767,36627,0.000851313,16,2
15768,36630,0.0008510991,16,2
15769,36631,0.0008522532,16,2
15770,36632,0.0008507724,16,2
15771,36633,0.0008520325,16,2
15772,36634,0.0008514669,16,2
15773,36635,0.0008509269,16,2
15774,36636,0.0008522018,16,3
15775,36637,0.0008511018,16,3
15776,36640,0.0008524274,16,3
15777,36641,0.0008534237,16,3
15778,36642,0.0008540486,16,3
15779,36643,0.0008553731,16,3
15780,36644,0.0008553734,16,3
15781,36645,0.0008549436,16,3
15782,36646,0.0008554027,16,3
15783,36647,0.0008555254,16,3
15784,36650,0.0008544664,16,3
15785,36651,0.0008563547,16,3
15786,36652,0.0008559966,16,3
15787,36653,0.000856201,16,3
15788,36654,0.0008559229,16,3
15789,36655,0.0008563504,16,3
15790,36656,0.0008572512,16,3
15791,36657,0.0008566021,16,3
15792,36660,0.0008570187,16,3
15793,36661,0.0008575526,16,3
15794,36662,0.0008572243,16,3
15795,36663,0.0008581771,16,3
15796,36664,0.0008567228,16,3
15797,36665,0.0008566104,16,3
15798,36666,0.0008561577,16,3
15799,36667,0.0008559023,16,3
15800,36670,0.0008543926,16,4
15801,36671,0.0008557865,16,4
15802,36672,0.0008543393,16,4
15803,36673,0.0008553335,16,4
15804,36674,0.0008543639,16,4
15805,36675,0.0008542936,16,4
15806,36676,0.0008555895,16,4
15807,36677,0.0008543687,16,4
15808,36700,0.000855343,16,4
15809,36701,0.0008560779,16,4
15810,36702,0.0008558141,16,4
15811,36703,0.0008562917,16,4
15812,36704,0.0008559014,16,4
15813,36705,0.0008558474,16,4
15814,36706,0.0008573782,16,4
15815,36707,0.0008568359,16,4
15816,36710,0.0008567614,16,4
15817,36711,0.0008581106,16,4
15818,36712,0.0008571531,16,4
15819,36713,0.0008583888,16,4
15820,36714,0.0008580598,16,4
15821,36715,0.0008588988,16,4
15822,36716,0.0008601957,16,4
15823,36717,0.0008596825,16,4
15824,36720,0.0008615268,16,4
15825,36721,0.0008615053,16,4
15826,36722,0.0008613541,16,5
15827,36723,0.0008626598,16,5
15828,36724,0.000861525,16,5
15829,36725,0.0008613241,16,5
15830,36726,0.000862031,16,5
15831,36727,0.0008617478,16,5
15832,36730,0.0008610945,16,5
15833,36731,0.0008622107,16,5
15834,36732,0.0008606717,16,5
15835,36733,0.0008613602,16,5
15836,36734,0.000861739,16,5
15837,36735,0.0008604937,16,5
15838,36736,0.0008617629,16,5
15839,36737,0.0008618685,16,5
15840,36740,0.0008608368,16,5
15841,36741,0.0008614872,16,5
15842,36742,0.000861075,16,5
15843,36743,0.00086069,16,5
15844,36744,0.0008611177,16,5
15845,36745,0.0008602799,16,5
15846,36746,0.0008609716,16,5
15847,36747,0.0008623391,16,5
15848,36750,0.0008604891,16,5
15849,36751,0.0008609059,16,5
15850,36752,0.0008596937,16,5
15851,36753,0.0008573407,16,5
15852,36754,0.0008561197,16,5
15853,36755,0.0008502884,16,6
15854,36756,0.0008481204,16,6
15855,36757,0.0008397217,16,6
15856,36760,0.0008312342,16,6
15857,36761,0.0008196674,16,6
15858,36762,0.0008008214,16,6
15859,36763,0.0007806761,16,6
15860,36764,0.0007572225,16,6
15861,36765,0.0007187782,16,6
15862,36766,0.000680841,16,6
15863,36767,0.000633362,16,6
15864,36770,0.0005692351,16,6
15865,36771,0.0005156696,16,6
15866,36772,0.0004440586,16,6
15867,36773,0.0003833978,16,6
15868,36774,0.0003300017,16,6
15869,36775,0.0002769967,16,6
15870,36776,0.0002400448,16,6
15871,36777,0.0001966805,16,6
15872,37000,0.0001601488,16,6
15873,37001,0.0001340939,16,6
15874,37002,0.0001057739,16,6
15875,37003,2.981293e-05,16,6
15876,37004,2.974332e-05,16,6
15877,37005,2.968541e-05,16,6
15878,37006,2.985862e-05,16,6
15879,37007,2.99099e-05,16,7
15880,37010,2.988311e-05,16,7
15881,37011,2.985518e-05,16,7
15882,37012,3.003503e-05,16,7
15883,37013,3.008989e-05,16,7
15884,37014,3.005532e-05,16,7
15885,37015,3.00286e-05,16,7
15886,37016,3.022443e-05,16,7
15887,37017,3.024331e-05,16,7
15888,37020,3.019749e-05,16,7
15889,37021,3.021359e-05,16,7
15890,37022,3.03848e-05,16,7
15891,37023,3.038679e-05,16,7
15892,37024,3.034561e-05,16,7
15893,37025,3.03266e-05,16,7
15894,37026,3.050294e-05,16,7
15895,37027,3.051433e-05,16,7
15896,37030,3.046509e-05,16,7
15897,37031,3.043274e-05,16,7
15898,37032,3.060585e-05,16,7
15899,37033,3.061133e-05,16,7
15900,37034,3.054914e-05,16,7
15901,37035,3.054411e-05,16,7
15902,37036,3.071204e-05,16,7
15903,37037,3.070103e-05,16,7
15904,37040,3.06476e-05,16,7
15905,37041,3.059842e-05,16,8
15906,37042,3.076931e-05,16,8
15907,37043,3.077358e-05,16,8
15908,37044,3.070299e-05,16,8
15909,37045,3.065128e-05,16,8
15910,37046,3.08155e-05,16,8
15911,37047,3.081445e-05,16,8
15912,37050,3.07482e-05,16,8
15913,37051,3.067046e-05,16,8
15914,37052,3.080467e-05,16,8
15915,37053,3.082664e-05,16,8
15916,37054,3.076682e-05,16,8
15917,37055,3.068253e-05,16,8
15918,37056,3.071105e-05,16,8
15919,37057,3.080728e-05,16,8
15920,37060,3.074843e-05,16,8
15921,37061,3.064134e-05,16,8
15922,37062,3.064997e-05,16,8
15923,37063,3.073851e-05,16,8
15924,37064,3.066326e-05,16,8
15925,37065,3.054894e-05,16,8
15926,37066,3.060615e-05,16,8
15927,37067,3.068052e-05,16,8
15928,37070,3.062855e-05,16,8
15929,37071,3.056264e-05,16,8
15930,37072,3.060975e-05,16,8
15931,37073,3.074457e-05,16,9
15932,37074,3.0715e-05,16,9
15933,37075,3.064444e-05,16,9
15934,37076,3.067893e-05,16,9
15935,37077,3.0794e-05,16,9
15936,37100,3.076515e-05,16,9
15937,37101,3.068394e-05,16,9
15938,37102,3.064251e-05,16,9
15939,37103,3.077156e-05,16,9
15940,37104,3.075681e-05,16,9
15941,37105,3.067723e-05,16,9
15942,37106,3.060442e-05,16,9
15943,37107,3.071819e-05,16,9
15944,37110,3.075128e-05,16,9
15945,37111,3.068626e-05,16,9
15946,37112,3.060723e-05,16,9
15947,37113,3.070201e-05,16,9
15948,37114,3.075506e-05,16,9
15949,37115,3.070411e-05,16,9
15950,37116,3.06274e-05,16,9
15951,37117,3.061332e-05,16,9
15952,37120,3.072846e-05,16,9
15953,37121,3.068046e-05,16,9
15954,37122,3.059209e-05,16,9
15955,37123,3.056101e-05,16,9
15956,37124,3.069756e-05,16,9
15957,37125,3.066325e-05,16,10
15958,37126,3.058311e-05,16,10
15959,37127,3.057744e-05,16,10
15960,37130,3.069978e-05,16,10
15961,37131,3.067592e-05,16,10
15962,37132,3.060072e-05,16,10
15963,37133,3.054654e-05,16,10
15964,37134,3.069437e-05,16,10
15965,37135,3.074293e-05,16,10
15966,37136,3.071839e-05,16,10
15967,37137,3.068233e-05,16,10
15968,37140,3.085571e-05,16,10
15969,37141,3.095261e-05,16,10
15970,37142,3.092808e-05,16,10
15971,37143,3.08792e-05,16,10
15972,37144,3.102194e-05,16,10
15973,37145,3.114482e-05,16,10
15974,37146,3.12142e-05,16,10
15975,37147,3.130417e-05,16,10
15976,37150,3.173794e-05,16,10
15977,37151,3.220598e-05,16,10
15978,37152,3.272896e-05,16,10
15979,37153,3.356395e-05,16,10
15980,37154,3.464873e-05,16,10
15981,37155,3.620781e-05,16,10
15982,37156,3.840695e-05,16,10
15983,37157,4.122114e-05,16,10
15984,37160,4.650103e-05,16,11
15985,37161,5.396709e-05,16,11
15986,37162,6.399006e-05,16,11
15987,37163,8.144813e-05,16,11
15988,37164,0.0008700275,16,11
15989,37165,0.0008711314,16,11
15990,37166,0.0008695135,16,11
15991,37167,0.0008705998,16,11
15992,37170,0.0008702431,16,11
15993,37171,0.0008695904,16,11
15994,37172,0.0008702204,16,11
15995,37173,0.0008690271,16,11
15996,37174,0.0008690839,16,11
15997,37175,0.0008685018,16,11
15998,37176,0.0008676924,16,11
15999,37177,0.0008671355,16,11
16000,37200,0.0008675963,16,11
16001,37201,0.0008671485,16,11
16002,37202,0.0008678477,16,11
16003,37203,0.0008691951,16,11
16004,37204,0.0008694085,16,11
16005,37205,0.0008703045,16,11
16006,37206,0.0008693912,16,11
16007,37207,0.0008702205,16,11
16008,37210,0.0008703236,16,11
16009,37211,0.0008699371,16,11
16010,37212,0.0008697308,16,12
16011,37213,0.0008695319,16,12
16012,37214,0.0008693116,16,12
16013,37215,0.0008698445,16,12
16014,37216,0.0008696029,16,12
16015,37217,0.0008695593,16,12
16016,37220,0.0008700572,16,12
16017,37221,0.0008699782,16,12
16018,37222,0.0008707308,16,12
16019,37223,0.0008712835,16,12
16020,37224,0.0008703865,16,12
16021,37225,0.0008711068,16,12
16022,37226,0.0008705392,16,12
16023,37227,0.0008712356,16,12
16024,37230,0.0008707318,16,12
16025,37231,0.0008695248,16,12
16026,37232,0.0008694429,16,12
16027,37233,0.0008685693,16,12
16028,37234,0.0008689376,16,12
16029,37235,0.0008687795,16,12
16030,37236,0.0008675496,16,12
16031,37237,0.0008675685,16,12
16032,37240,0.000868494,16,12
16033,37241,0.0008680563,16,12
16034,37242,0.0008684702,16,12
16035,37243,0.0008692885,16,12
16036,37244,0.0008678454,16,13
16037,37245,0.0008691835,16,13
16038,37246,0.0008690972,16,13
16039,37247,0.0008693785,16,13
16040,37250,0.0008698045,16,13
16041,37251,0.0008689014,16,13
16042,37252,0.0008688655,16,13
16043,37253,0.0008685275,16,13
16044,37254,0.0008674365,16,13
16045,37255,0.0008680947,16,13
16046,37256,0.0008679084,16,13
16047,37257,0.0008673018,16,13
16048,37260,0.0008682387,16,13
16049,37261,0.0008678465,16,13
16050,37262,0.0008669236,16,13
16051,37263,0.0008675201,16,13
16052,37264,0.0008664372,16,13
16053,37265,0.0008667777,16,13
16054,37266,0.0008663876,16,13
16055,37267,0.0008659004,16,13
16056,37270,0.0008660703,16,13
16057,37271,0.0008650165,16,13
16058,37272,0.0008647633,16,13
16059,37273,0.0008646788,16,13
16060,37274,0.0008620299,16,13
16061,37275,0.0008632505,16,13
16062,37276,0.0008616784,16,14
16063,37277,0.0008596933,16,14
16064,37300,0.0008607369,16,14
16065,37301,0.0008599359,16,14
16066,37302,0.0008584926,16,14
16067,37303,0.0008598759,16,14
16068,37304,0.0008561686,16,14
16069,37305,0.0008572469,16,14
16070,37306,0.0008566632,16,14
16071,37307,0.0008556435,16,14
16072,37310,0.0008571448,16,14
16073,37311,0.0008574732,16,14
16074,37312,0.0008579951,16,14
16075,37313,0.0008584561,16,14
16076,37314,0.000857758,16,14
16077,37315,0.0008583053,16,14
16078,37316,0.0008594594,16,14
16079,37317,0.0008593639,16,14
16080,37320,0.0008599319,16,14
16081,37321,0.0008608235,16,14
16082,37322,0.000860328,16,14
16083,37323,0.0008607797,16,14
16084,37324,0.0008599468,16,14
16085,37325,0.0008606549,16,14
16086,37326,0.0008599215,16,14
16087,37327,0.0008596469,16,14
16088,37330,0.0008598099,16,15
16089,37331,0.0008582074,16,15
16090,37332,0.0008568447,16,15
16091,37333,0.0008561435,16,15
16092,37334,0.0008554357,16,15
16093,37335,0.0008546782,16,15
16094,37336,0.000853917,16,15
16095,37337,0.0008523152,16,15
16096,37340,0.0008520607,16,15
16097,37341,0.0008521805,16,15
16098,37342,0.0008506633,16,15
16099,37343,0.0008520065,16,15
16100,37344,0.0008500437,16,15
16101,37345,0.0008495529,16,15
16102,37346,0.0008497019,16,15
16103,37347,0.0008481665,16,15
16104,37350,0.0008491018,16,15
16105,37351,0.0008479141,16,15
16106,37352,0.000848046,16,15
16107,37353,0.0008474358,16,15
16108,37354,0.0008465883,16,15
16109,37355,0.0008458341,16,15
16110,37356,0.0008443401,16,15
16111,37357,0.000843721,16,15
16112,37360,0.0008413053,16,15
16113,37361,0.0008398857,16,15
16114,37362,0.0008376821,16,15
16115,37363,0.0008366658,16,16
16116,37364,0.0008348429,16,16
16117,37365,0.0008352265,16,16
16118,37366,0.0008334187,16,16
16119,37367,0.0008343415,16,16
16120,37370,0.0008356088,16,16
16121,37371,0.000834809,16,16
16122,37372,0.0008357043,16,16
16123,37373,0.0008353848,16,16
16124,37374,0.0008359419,16,16
16125,37375,0.0008357991,16,16
16126,37376,0.0008356796,16,16
16127,37377,0.0008366759,16,16
16128,37400,0.0008361429,16,16
16129,37401,0.0008346484,16,16
16130,37402,0.0008322667,16,16
16131,37403,0.0008311372,16,16
16132,37404,0.0008262656,16,16
16133,37405,0.0008230322,16,16
16134,37406,0.0008189041,16,16
16135,37407,0.000811421,16,16
16136,37410,0.0008057092,16,16
16137,37411,0.0007955501,16,16
16138,37412,0.0007833484,16,16
16139,37413,0.0007689919,16,16
16140,37414,0.0007508296,16,16
16141,37415,0.0007297184,16,17
16142,37416,0.0007065834,16,17
16143,37417,0.0006784124,16,17
16144,37420,0.0006428253,16,17
16145,37421,0.0005984745,16,17
16146,37422,0.0005446323,16,17
16147,37423,0.0004924589,16,17
16148,37424,0.0004283274,16,17
16149,37425,0.0003700853,16,17
16150,37426,0.0003170026,16,17
16151,37427,0.0002664689,16,17
16152,37430,0.0002258262,16,17
16153,37431,0.0001889558,16,17
16154,37432,0.0001588785,16,17
16155,37433,0.000131617,16,17
16156,37434,0.0001071138,16,17
16157,37435,3.016604e-05,16,17
16158,37436,3.00951e-05,16,17
16159,37437,3.005482e-05,16,17
16160,37440,3.023666e-05,16,17
16161,37441,3.028078e-05,16,17
16162,37442,3.025499e-05,16,17
16163,37443,3.022343e-05,16,17
16164,37444,3.042779e-05,16,17
16165,37445,3.046456e-05,16,17
16166,37446,3.043522e-05,16,17
16167,37447,3.041526e-05,16,18
16168,37450,3.060948e-05,16,18
16169,37451,3.064435e-05,16,18
16170,37452,3.062181e-05,16,18
16171,37453,3.05913e-05,16,18
16172,37454,3.078035e-05,16,18
16173,37455,3.081436e-05,16,18
16174,37456,3.077886e-05,16,18
16175,37457,3.075005e-05,16,18
16176,37460,3.093397e-05,16,18
16177,37461,3.097012e-05,16,18
16178,37462,3.09342e-05,16,18
16179,37463,3.087611e-05,16,18
16180,37464,3.105187e-05,16,18
16181,37465,3.10839e-05,16,18
16182,37466,3.103707e-05,16,18
16183,37467,3.09852e-05,16,18
16184,37470,3.115094e-05,16,18
16185,37471,3.119049e-05,16,18
16186,37472,3.114775e-05,16,18
16187,37473,3.107962e-05,16,18
16188,37474,3.122212e-05,16,18
16189,37475,3.128164e-05,16,18
16190,37476,3.124335e-05,16,18
16191,37477,3.117212e-05,16,18
16192,37500,3.129106e-05,16,18
16193,37501,3.135691e-05,16,19
16194,37502,3.129314e-05,16,19
16195,37503,3.122917e-05,16,19
16196,37504,3.137491e-05,16,19
16197,37505,3.14159e-05,16,19
16198,37506,3.136455e-05,16,19
16199,37507,3.128793e-05,16,19
16200,37510,3.140701e-05,16,19
16201,37511,3.146874e-05,16,19
16202,37512,3.141787e-05,16,19
16203,37513,3.134476e-05,16,19
16204,37514,3.141443e-05,16,19
16205,37515,3.151535e-05,16,19
16206,37516,3.146538e-05,16,19
16207,37517,3.13973e-05,16,19
16208,37520,3.143341e-05,16,19
16209,37521,3.156746e-05,16,19
16210,37522,3.153786e-05,16,19
16211,37523,3.144728e-05,16,19
16212,37524,3.147735e-05,16,19
16213,37525,3.160395e-05,16,19
16214,37526,3.155493e-05,16,19
16215,37527,3.147255e-05,16,19
16216,37530,3.154074e-05,16,19
16217,37531,3.163448e-05,16,19
16218,37532,3.158336e-05,16,19
16219,37533,3.150209e-05,16,20
16220,37534,3.152095e-05,16,20
16221,37535,3.165462e-05,16,20
16222,37536,3.162142e-05,16,20
16223,37537,3.155332e-05,16,20
16224,37540,3.153067e-05,16,20
16225,37541,3.167565e-05,16,20
16226,37542,3.165747e-05,16,20
16227,37543,3.159798e-05,16,20
16228,37544,3.153193e-05,16,20
16229,37545,3.167606e-05,16,20
16230,37546,3.170364e-05,16,20
16231,37547,3.16355e-05,16,20
16232,37550,3.156554e-05,16,20
16233,37551,3.172721e-05,16,20
16234,37552,3.174562e-05,16,20
16235,37553,3.168634e-05,16,20
16236,37554,3.16418e-05,16,20
16237,37555,3.181881e-05,16,20
16238,37556,3.186978e-05,16,20
16239,37557,3.186097e-05,16,20
16240,37560,3.184545e-05,16,20
16241,37561,3.204823e-05,16,20
16242,37562,3.212347e-05,16,20
16243,37563,3.210263e-05,16,20
16244,37564,3.209306e-05,16,20
16245,37565,3.233251e-05,16,20
16246,37566,3.242869e-05,16,21
16247,37567,3.252056e-05,16,21
16248,37570,3.271204e-05,16,21
16249,37571,3.327378e-05,16,21
16250,37572,3.381922e-05,16,21
16251,37573,3.456368e-05,16,21
16252,37574,3.569285e-05,16,21
16253,37575,3.749168e-05,16,21
16254,37576,4.002899e-05,16,21
16255,37577,4.417811e-05,16,21
16256,37600,5.007583e-05,16,21
16257,37601,5.826565e-05,16,21
16258,37602,6.956767e-05,16,21
16259,37603,8.476678e-05,16,21
16260,37604,0.0008814812,16,21
16261,37605,0.0008837598,16,21
16262,37606,0.0008866181,16,21
16263,37607,0.0008901712,16,21
16264,37610,0.0008954181,16,21
16265,37611,0.0009018567,16,21
16266,37612,0.0009097582,16,21
16267,37613,0.0009174013,16,21
16268,37614,0.0009225653,16,21
16269,37615,0.0009272933,16,21
16270,37616,0.0009306237,16,21
16271,37617,0.0009343056,16,21
16272,37620,0.0009369035,16,22
16273,37621,0.000940892,16,22
16274,37622,0.0009440965,16,22
16275,37623,0.0009463413,16,22
16276,37624,0.0009502094,16,22
16277,37625,0.0009533113,16,22
16278,37626,0.0009553776,16,22
16279,37627,0.000957881,16,22
16280,37630,0.0009593266,16,22
16281,37631,0.0009604091,16,22
16282,37632,0.0009613215,16,22
16283,37633,0.0009607407,16,22
16284,37634,0.0009606123,16,22
16285,37635,0.0009608743,16,22
16286,37636,0.0009602523,16,22
16287,37637,0.0009610569,16,22
16288,37640,0.0009603089,16,22
16289,37641,0.000960622,16,22
16290,37642,0.0009609141,16,22
16291,37643,0.0009603733,16,22
16292,37644,0.0009606095,16,22
16293,37645,0.0009605256,16,22
16294,37646,0.0009605213,16,22
16295,37647,0.0009599261,16,22
16296,37650,0.000960038,16,22
16297,37651,0.000960367,16,22
16298,37652,0.000960591,16,23
16299,37653,0.0009598324,16,23
16300,37654,0.0009605808,16,23
16301,37655,0.0009605411,16,23
16302,37656,0.0009617537,16,23
16303,37657,0.0009608268,16,23
16304,37660,0.0009604591,16,23
16305,37661,0.0009606435,16,23
16306,37662,0.0009603419,16,23
16307,37663,0.0009608477,16,23
16308,37664,0.0009604754,16,23
16309,37665,0.0009598574,16,23
16310,37666,0.0009606904,16,23
16311,37667,0.0009608313,16,23
16312,37670,0.000960367,16,23
16313,37671,0.0009611447,16,23
16314,37672,0.0009608972,16,23
16315,37673,0.0009604717,16,23
16316,37674,0.0009611495,16,23
16317,37675,0.0009605029,16,23
16318,37676,0.0009607173,16,23
16319,37677,0.00096055,16,23
16320,37700,0.0009603227,16,23
16321,37701,0.0009601248,16,23
16322,37702,0.0009601294,16,23
16323,37703,0.0009601927,16,23
16324,37704,0.0009601967,16,24
16325,37705,0.000960868,16,24
16326,37706,0.0009603425,16,24
16327,37707,0.0009605229,16,24
16328,37710,0.00096002,16,24
16329,37711,0.000960445,16,24
16330,37712,0.0009598288,16,24
16331,37713,0.0009598064,16,24
16332,37714,0.0009603772,16,24
16333,37715,0.0009606884,16,24
16334,37716,0.0009600309,16,24
16335,37717,0.0009605863,16,24
16336,37720,0.0009605394,16,24
16337,37721,0.0009608188,16,24
16338,37722,0.0009605463,16,24
16339,37723,0.0009598256,16,24
16340,37724,0.0009605977,16,24
16341,37725,0.0009603442,16,24
16342,37726,0.0009603638,16,24
16343,37727,0.0009607601,16,24
16344,37730,0.0009597506,16,24
16345,37731,0.0009597759,16,24
16346,37732,0.0009606527,16,24
16347,37733,0.0009607735,16,24
16348,37734,0.0009607309,16,24
16349,37735,0.0009601067,16,24
16350,37736,0.0009600559,-1,-1
16351,37737,0.0009602228,-1,-1
16352,37740,0.0009595468,-1,-1
16353,37741,0.0009607766,-1,-1
16354,37742,0.0009605205,-1,-1
16355,37743,0.0009600592,-1,-1
16356,37744,0.0009603876,-1,-1
16357,37745,0.0009601921,-1,-1
16358,37746,0.0009598146,-1,-1
16359,37747,0.0009605863,-1,-1
16360,37750,0.0009598637,-1,-1
16361,37751,0.0009607401,-1,-1
16362,37752,0.0009607723,-1,-1
16363,37753,0.0009607411,-1,-1
16364,37754,0.0009598605,-1,-1
16365,37755,0.0009599319,-1,-1
16366,37756,0.00096054,-1,-1
16367,37757,0.0009604353,-1,-1
16368,37760,0.000960206,-1,-1
16369,37761,0.0009597818,-1,-1
16370,37762,0.0009598454,-1,-1
16371,37763,0.0009598367,-1,-1
16372,37764,0.0009594928,-1,-1
16373,37765,0.0009594506,-1,-1
16374,37766,0.0009589823,-1,-1
16375,37767,0.0009594894,-1,-1
16376,37770,0.0009595403,-1,-1
16377,37771,0.000959636,-1,-1
16378,37772,0.000960038,-1,-1
16379,37773,0.0009597135,-1,-1
16380,37774,0.000959821,-1,-1
16381,37775,0.0009602584,-1,-1
16382,37776,0.0009599561,-1,-1
16383,37777,0.0009595331,-1,-1
16384,40000,0.0009602539,-1,-1
16385,40001,0.0009599974,-1,-1
16386,40002,0.0009601816,-1,-1
16387,40003,0.0009598839,-1,-1
16388,40004,0.0009596386,-1,-1
16389,40005,0.0009599206,-1,-1
16390,40006,0.0009597996,-1,-1
16391,40007,0.0009601174,-1,-1
16392,40010,0.0009596366,-1,-1
16393,40011,0.0009600883,-1,-1
16394,40012,0.0009599431,-1,-1
16395,40013,0.0009604463,-1,-1
16396,40014,0.0009598629,-1,-1
16397,40015,0.0009598376,-1,-1
16398,40016,0.0009597713,-1,-1
16399,40017,0.0009599735,-1,-1
16400,40020,0.0009593772,-1,-1
16401,40021,0.0009603027,-1,-1
16402,40022,0.0009603343,-1,-1
16403,40023,0.0009596436,-1,-1
16404,40024,0.0009594198,-1,-1
16405,40025,0.0009590791,-1,-1
16406,40026,0.0009597815,-1,-1
16407,40027,0.0009592215,-1,-1
16408,40030,0.0009602623,-1,-1
16409,40031,0.0009589199,-1,-1
16410,40032,0.0009591327,-1,-1
16411,40033,0.0009600252,-1,-1
16412,40034,0.0009599401,-1,-1
16413,40035,0.0009609783,-1,-1
16414,40036,0.000959915,-1,-1
16415,40037,0.0009603931,-1,-1
16416,40040,0.0009605807,-1,-1
16417,40041,0.0009601397,-1,-1
16418,40042,0.0009608616,-1,-1
16419,40043,0.0009602289,-1,-1
16420,40044,0.0009602459,-1,-1
16421,40045,0.0009601461,-1,-1
16422,40046,0.0009598715,-1,-1
16423,40047,0.0009606308,-1,-1
16424,40050,0.000960713,-1,-1
16425,40051,0.000960223,-1,-1
16426,40052,0.0009602868,-1,-1
16427,40053,0.0009602289,-1,-1
16428,40054,0.000960619,-1,-1
16429,40055,0.0009601719,-1,-1
16430,40056,0.0009598851,-1,-1
16431,40057,0.0009595595,-1,-1
16432,40060,0.0009595128,-1,-1
16433,40061,0.0009597882,-1,-1
16434,40062,0.0009598419,-1,-1
16435,40063,0.0009598729,-1,-1
16436,40064,0.0009593273,-1,-1
16437,40065,0.0009603471,-1,-1
16438,40066,0.0009606568,-1,-1
16439,40067,0.0009597379,-1,-1
16440,40070,0.0009603825,-1,-1
16441,40071,0.0009598172,-1,-1
16442,40072,0.0009598344,-1,-1
16443,40073,0.0009597996,-1,-1
16444,40074,0.0009602478,-1,-1
16445,40075,0.0009593301,-1,-1
16446,40076,0.0009599452,-1,-1
16447,40077,0.0009596077,-1,-1
16448,40100,0.0009599724,-1,-1
16449,40101,0.0009595309,-1,-1
16450,40102,0.0009593297,-1,-1
16451,40103,0.0009598288,-1,-1
16452,40104,0.0009604442,-1,-1
16453,40105,0.000959383,-1,-1
16454,40106,0.000959637,-1,-1
16455,40107,0.000959767,-1,-1
16456,40110,0.0009606513,-1,-1
16457,40111,0.0009601102,-1,-1
16458,40112,0.000959911,-1,-1
16459,40113,0.0009602209,-1,-1
16460,40114,0.0009594234,-1,-1
16461,40115,0.0009596994,-1,-1
16462,40116,0.0009589717,-1,-1
16463,40117,0.0009599819,-1,-1
16464,40120,0.0009599911,-1,-1
16465,40121,0.0009598215,-1,-1
16466,40122,0.0009597166,-1,-1
16467,40123,0.0009594207,-1,-1
16468,40124,0.0009600944,-1,-1
16469,40125,0.0009594572,-1,-1
16470,40126,0.0009594125,-1,-1
16471,40127,0.0009596784,-1,-1
16472,40130,0.000959377,-1,-1
16473,40131,0.000959368,-1,-1
16474,40132,0.0009604707,-1,-1
16475,40133,0.0009595159,-1,-1
16476,40134,0.0009598084,-1,-1
16477,40135,0.0009601119,-1,-1
16478,40136,0.0009594697,-1,-1
16479,40137,0.0009595452,-1,-1
16480,40140,0.0009594225,-1,-1
16481,40141,0.0009593929,-1,-1
16482,40142,0.0009600368,-1,-1
16483,40143,0.0009596427,-1,-1
16484,40144,0.0009593382,-1,-1
16485,40145,0.0009599396,-1,-1
16486,40146,0.000960079,-1,-1
16487,40147,0.0009595206,-1,-1
16488,40150,0.0009603477,-1,-1
16489,40151,0.0009594584,-1,-1
16490,40152,0.0009598962,-1,-1
16491,40153,0.0009602027,-1,-1
16492,40154,0.0009605066,-1,-1
16493,40155,0.0009597858,-1,-1
16494,40156,0.0009598428,-1,-1
16495,40157,0.0009596836,-1,-1
16496,40160,0.0009597174,-1,-1
16497,40161,0.000958671,-1,-1
16498,40162,0.0009584038,-1,-1
16499,40163,0.0009594964,-1,-1
16500,40164,0.0009596391,-1,-1
16501,40165,0.0009601852,-1,-1
16502,40166,0.0009595589,-1,-1
16503,40167,0.0009595489,-1,-1
16504,40170,0.0009602146,-1,-1
16505,40171,0.0009607821,-1,-1
16506,40172,0.0009604004,-1,-1
16507,40173,0.0009598123,-1,-1
16508,40174,0.0009597018,-1,-1
16509,40175,0.0009594984,-1,-1
16510,40176,0.0009602244,-1,-1
16511,40177,0.0009602925,-1,-1
16512,40200,0.000959751,-1,-1
16513,40201,0.0009600138,-1,-1
16514,40202,0.0009602234,-1,-1
16515,40203,0.0009604112,-1,-1
16516,40204,0.0009600461,-1,-1
16517,40205,0.0009596252,-1,-1
16518,40206,0.0009609915,-1,-1
16519,40207,0.000961226,-1,-1
16520,40210,0.000960589,-1,-1
16521,40211,0.0009604607,-1,-1
16522,40212,0.0009601648,-1,-1
16523,40213,0.0009597856,-1,-1
16524,40214,0.0009601887,-1,-1
16525,40215,0.00096002,-1,-1
16526,40216,0.0009603893,-1,-1
16527,40217,0.0009598135,-1,-1
16528,40220,0.0009598527,-1,-1
16529,40221,0.0009600294,-1,-1
16530,40222,0.000959784,-1,-1
16531,40223,0.0009596294,-1,-1
16532,40224,0.0009600883,-1,-1
16533,40225,0.0009593961,-1,-1
16534,40226,0.0009597596,-1,-1
16535,40227,0.000959536,-1,-1
16536,40230,0.0009591724,-1,-1
16537,40231,0.0009587861,-1,-1
16538,40232,0.0009597322,-1,-1
16539,40233,0.0009594826,-1,-1
16540,40234,0.0009595466,-1,-1
16541,40235,0.0009593851,-1,-1
16542,40236,0.0009597614,-1,-1
16543,40237,0.0009592237,-1,-1
16544,40240,0.0009588026,-1,-1
16545,40241,0.0009587937,-1,-1
16546,40242,0.0009591922,-1,-1
16547,40243,0.0009594986,-1,-1
16548,40244,0.0009594,-1,-1
16549,40245,0.0009592606,-1,-1
16550,40246,0.000959923,-1,-1
16551,40247,0.0009594829,-1,-1
16552,40250,0.0009598774,-1,-1
16553,40251,0.0009596418,-1,-1
16554,40252,0.0009596852,-1,-1
16555,40253,0.0009592591,-1,-1
16556,40254,0.0009601092,-1,-1
16557,40255,0.0009594121,-1,-1
16558,40256,0.0009603758,-1,-1
16559,40257,0.0009597123,-1,-1
16560,40260,0.000959513,-1,-1
16561,40261,0.0009597994,-1,-1
16562,40262,0.0009597326,-1,-1
16563,40263,0.0009597511,-1,-1
16564,40264,0.0009601914,-1,-1
16565,40265,0.0009603074,-1,-1
16566,40266,0.000959507,-1,-1
16567,40267,0.0009598308,-1,-1
16568,40270,0.0009597359,-1,-1
16569,40271,0.0009604629,-1,-1
16570,40272,0.0009604877,-1,-1
16571,40273,0.0009599103,-1,-1
16572,40274,0.0009599366,-1,-1
16573,40275,0.0009593983,-1,-1
16574,40276,0.0009598336,-1,-1
16575,40277,0.000960458,-1,-1
16576,40300,0.0009595369,-1,-1
16577,40301,0.0009601892,-1,-1
16578,40302,0.0009600553,-1,-1
16579,40303,0.0009601676,-1,-1
16580,40304,0.0009601838,-1,-1
16581,40305,0.0009605276,-1,-1
16582,40306,0.0009601943,-1,-1
16583,40307,0.0009594494,-1,-1
16584,40310,0.0009604198,-1,-1
16585,40311,0.0009602362,-1,-1
16586,40312,0.0009606993,-1,-1
16587,40313,0.0009605207,-1,-1
16588,40314,0.0009602722,-1,-1
16589,40315,0.0009597786,-1,-1
16590,40316,0.0009592178,-1,-1
16591,40317,0.0009599195,-1,-1
16592,40320,0.000960218,-1,-1
16593,40321,0.0009602353,-1,-1
16594,40322,0.0009603405,-1,-1
16595,40323,0.0009603954,-1,-1
16596,40324,0.0009598357,-1,-1
16597,40325,0.0009604477,-1,-1
16598,40326,0.0009601018,-1,-1
16599,40327,0.0009604669,-1,-1
16600,40330,0.0009602197,-1,-1
16601,40331,0.0009603731,-1,-1
16602,40332,0.0009603021,-1,-1
16603,40333,0.0009598814,-1,-1
16604,40334,0.0009599152,-1,-1
16605,40335,0.0009600748,-1,-1
16606,40336,0.0009601276,-1,-1
16607,40337,0.0009602646,-1,-1
16608,40340,0.0009600627,-1,-1
16609,40341,0.000959913,-1,-1
16610,40342,0.0009592583,-1,-1
16611,40343,0.0009598054,-1,-1
16612,40344,0.0009598376,-1,-1
16613,40345,0.0009597322,-1,-1
16614,40346,0.0009594458,-1,-1
16615,40347,0.0009595857,-1,-1
16616,40350,0.0009601818,-1,-1
16617,40351,0.0009596027,-1,-1
16618,40352,0.0009599609,-1,-1
16619,40353,0.00095971,-1,-1
16620,40354,0.0009598102,-1,-1
16621,40355,0.0009602416,-1,-1
16622,40356,0.0009594859,-1,-1
16623,40357,0.0009597525,-1,-1
16624,40360,0.0009596942,-1,-1
16625,40361,0.0009591965,-1,-1
16626,40362,0.0009596366,-1,-1
16627,40363,0.0009599382,17,24
16628,40364,0.0009599169,17,24
16629,40365,0.00095971,17,24
16630,40366,0.0009593976,17,24
16631,40367,0.0009595347,17,24
16632,40370,0.0009601408,17,24
16633,40371,0.0009599177,17,24
16634,40372,0.0009594797,17,24
16635,40373,0.000959432,17,24
16636,40374,0.0009600158,17,24
16637,40375,0.000959743,17,24
16638,40376,0.0009594155,17,24
16639,40377,0.0009595578,17,24
16640,40400,0.0009604483,17,24
16641,40401,0.0009597885,17,24
16642,40402,0.0009591088,17,24
16643,40403,0.0009592951,17,24
16644,40404,0.0009598166,17,24
16645,40405,0.0009601832,17,24
16646,40406,0.0009599759,17,24
16647,40407,0.0009599964,17,24
16648,40410,0.0009595148,17,24
16649,40411,0.0009600163,17,24
16650,40412,0.000960241,17,24
16651,40413,0.0009588932,17,24
16652,40414,0.0009581787,17,24
16653,40415,0.0009573985,17,24
16654,40416,0.0009551754,17,24
16655,40417,0.0009526396,17,24
16656,40420,0.000949679,17,24
16657,40421,0.0009462885,17,24
16658,40422,0.0009426207,17,23
16659,40423,0.0009392359,17,23
16660,40424,0.0009347615,17,23
16661,40425,0.0009299205,17,23
16662,40426,0.0009248154,17,23
16663,40427,0.0009195086,17,23
16664,40430,0.0009142026,17,23
16665,40431,0.000908023,17,23
16666,40432,0.0009010772,17,23
16667,40433,0.0008945918,17,23
16668,40434,0.0008887525,17,23
16669,40435,0.0008834724,17,23
16670,40436,0.0008805644,17,23
16671,40437,0.0008772429,17,23
16672,40440,0.0008752577,17,23
16673,40441,0.0008742059,17,23
16674,40442,0.0008730075,17,23
16675,40443,0.000873725,17,23
16676,40444,0.000875845,17,23
16677,40445,0.0008770626,17,23
16678,40446,0.0008778779,17,23
16679,40447,0.0008790704,17,23
16680,40450,0.0008787655,17,23
16681,40451,0.0008773225,17,23
16682,40452,0.0008729436,17,23
16683,40453,0.0008669059,17,23
16684,40454,0.0008592489,17,23
16685,40455,0.000847954,17,23
16686,40456,0.0008364962,17,23
16687,40457,0.0008206687,17,23
16688,40460,0.0008010194,17,23
16689,40461,0.0007765824,17,22
16690,40462,0.0007468741,17,22
16691,40463,0.0007120252,17,22
16692,40464,0.0006698891,17,22
16693,40465,0.0006244587,17,22
16694,40466,0.000569073,17,22
16695,40467,0.0005023814,17,22
16696,40470,0.0004356577,17,22
16697,40471,0.0003741968,17,22
16698,40472,0.0003133272,17,22
16699,40473,0.0002612988,17,22
16700,40474,0.00021325,17,22
16701,40475,0.000173032,17,22
16702,40476,0.0001420635,17,22
16703,40477,0.0001128258,17,22
16704,40500,3.024883e-05,17,22
16705,40501,3.020759e-05,17,22
16706,40502,3.014415e-05,17,22
16707,40503,3.029554e-05,17,22
16708,40504,3.033963e-05,17,22
16709,40505,3.031109e-05,17,22
16710,40506,3.026961e-05,17,22
16711,40507,3.040285e-05,17,22
16712,40510,3.050789e-05,17,22
16713,40511,3.048929e-05,17,22
16714,40512,3.044596e-05,17,22
16715,40513,3.060087e-05,17,22
16716,40514,3.06748e-05,17,22
16717,40515,3.065316e-05,17,22
16718,40516,3.060488e-05,17,22
16719,40517,3.071473e-05,17,22
16720,40520,3.082279e-05,17,21
16721,40521,3.079446e-05,17,21
16722,40522,3.073471e-05,17,21
16723,40523,3.083957e-05,17,21
16724,40524,3.09448e-05,17,21
16725,40525,3.090414e-05,17,21
16726,40526,3.083545e-05,17,21
16727,40527,3.095998e-05,17,21
16728,40530,3.103766e-05,17,21
16729,40531,3.101064e-05,17,21
16730,40532,3.095701e-05,17,21
16731,40533,3.098395e-05,17,21
16732,40534,3.112424e-05,17,21
16733,40535,3.111039e-05,17,21
16734,40536,3.104757e-05,17,21
16735,40537,3.10191e-05,17,21
16736,40540,3.117902e-05,17,21
16737,40541,3.117621e-05,17,21
16738,40542,3.111979e-05,17,21
16739,40543,3.106973e-05,17,21
16740,40544,3.123546e-05,17,21
16741,40545,3.124038e-05,17,21
16742,40546,3.116224e-05,17,21
16743,40547,3.114447e-05,17,21
16744,40550,3.129566e-05,17,21
16745,40551,3.128058e-05,17,21
16746,40552,3.120923e-05,17,21
16747,40553,3.118454e-05,17,21
16748,40554,3.134593e-05,17,21
16749,40555,3.132274e-05,17,21
16750,40556,3.124894e-05,17,21
16751,40557,3.123537e-05,17,20
16752,40560,3.13801e-05,17,20
16753,40561,3.135904e-05,17,20
16754,40562,3.128895e-05,17,20
16755,40563,3.127012e-05,17,20
16756,40564,3.142231e-05,17,20
16757,40565,3.140248e-05,17,20
16758,40566,3.132713e-05,17,20
16759,40567,3.129161e-05,17,20
16760,40570,3.144119e-05,17,20
16761,40571,3.144053e-05,17,20
16762,40572,3.136739e-05,17,20
16763,40573,3.131395e-05,17,20
16764,40574,3.147337e-05,17,20
16765,40575,3.147492e-05,17,20
16766,40576,3.141535e-05,17,20
16767,40577,3.133788e-05,17,20
16768,40600,3.148315e-05,17,20
16769,40601,3.150584e-05,17,20
16770,40602,3.144237e-05,17,20
16771,40603,3.136615e-05,17,20
16772,40604,3.145461e-05,17,20
16773,40605,3.154609e-05,17,20
16774,40606,3.149257e-05,17,20
16775,40607,3.141377e-05,17,20
16776,40610,3.147841e-05,17,20
16777,40611,3.157502e-05,17,20
16778,40612,3.153837e-05,17,20
16779,40613,3.145133e-05,17,20
16780,40614,3.147073e-05,17,20
16781,40615,3.159861e-05,17,19
16782,40616,3.155139e-05,17,19
16783,40617,3.146623e-05,17,19
16784,40620,3.148305e-05,17,19
16785,40621,3.16264e-05,17,19
16786,40622,3.160126e-05,17,19
16787,40623,3.152238e-05,17,19
16788,40624,3.150853e-05,17,19
16789,40625,3.16579e-05,17,19
16790,40626,3.162052e-05,17,19
16791,40627,3.154137e-05,17,19
16792,40630,3.152961e-05,17,19
16793,40631,3.168393e-05,17,19
16794,40632,3.166895e-05,17,19
16795,40633,3.159498e-05,17,19
16796,40634,3.155245e-05,17,19
16797,40635,3.171561e-05,17,19
16798,40636,3.169553e-05,17,19
16799,40637,3.163967e-05,17,19
16800,40640,3.158197e-05,17,19
16801,40641,3.174178e-05,17,19
16802,40642,3.17376e-05,17,19
16803,40643,3.166754e-05,17,19
16804,40644,3.162131e-05,17,19
16805,40645,3.17879e-05,17,19
16806,40646,3.178441e-05,17,19
16807,40647,3.172299e-05,17,19
16808,40650,3.166575e-05,17,19
16809,40651,3.182361e-05,17,19
16810,40652,3.184469e-05,17,19
16811,40653,3.179042e-05,17,19
16812,40654,3.173224e-05,17,18
16813,40655,3.189373e-05,17,18
16814,40656,3.193162e-05,17,18
16815,40657,3.187494e-05,17,18
16816,40660,3.182364e-05,17,18
16817,40661,3.198168e-05,17,18
16818,40662,3.203699e-05,17,18
16819,40663,3.200335e-05,17,18
16820,40664,3.195776e-05,17,18
16821,40665,3.211703e-05,17,18
16822,40666,3.21984e-05,17,18
16823,40667,3.215096e-05,17,18
16824,40670,3.210667e-05,17,18
16825,40671,3.230057e-05,17,18
16826,40672,3.235017e-05,17,18
16827,40673,3.231085e-05,17,18
16828,40674,3.227027e-05,17,18
16829,40675,3.246341e-05,17,18
16830,40676,3.247515e-05,17,18
16831,40677,3.242588e-05,17,18
16832,40700,3.239854e-05,17,18
16833,40701,3.256752e-05,17,18
16834,40702,3.258816e-05,17,18
16835,40703,3.253064e-05,17,18
16836,40704,3.246581e-05,17,18
16837,40705,3.263796e-05,17,18
16838,40706,3.266712e-05,17,18
16839,40707,3.258111e-05,17,18
16840,40710,3.253184e-05,17,18
16841,40711,3.270735e-05,17,18
16842,40712,3.270577e-05,17,18
16843,40713,3.265304e-05,17,17
16844,40714,3.25628e-05,17,17
16845,40715,3.271011e-05,17,17
16846,40716,3.273894e-05,17,17
16847,40717,3.266827e-05,17,17
16848,40720,3.259171e-05,17,17
16849,40721,3.266315e-05,17,17
16850,40722,3.274782e-05,17,17
16851,40723,3.272861e-05,17,17
16852,40724,3.263503e-05,17,17
16853,40725,3.261027e-05,17,17
16854,40726,3.279179e-05,17,17
16855,40727,3.277463e-05,17,17
16856,40730,3.271689e-05,17,17
16857,40731,3.266909e-05,17,17
16858,40732,3.2814e-05,17,17
16859,40733,3.283418e-05,17,17
16860,40734,3.274667e-05,17,17
16861,40735,3.26659e-05,17,17
16862,40736,3.282016e-05,17,17
16863,40737,3.280698e-05,17,17
16864,40740,3.275226e-05,17,17
16865,40741,3.265275e-05,17,17
16866,40742,3.277808e-05,17,17
16867,40743,3.281755e-05,17,17
16868,40744,3.272243e-05,17,17
16869,40745,3.265073e-05,17,17
16870,40746,3.283763e-05,17,17
16871,40747,3.283304e-05,17,17
16872,40750,3.279202e-05,17,17
16873,40751,3.274696e-05,17,17
16874,40752,3.284338e-05,17,16
16875,40753,3.291016e-05,17,16
16876,40754,3.281539e-05,17,16
16877,40755,3.273221e-05,17,16
16878,40756,3.292245e-05,17,16
16879,40757,3.288079e-05,17,16
16880,40760,3.285104e-05,17,16
16881,40761,3.276339e-05,17,16
16882,40762,3.285479e-05,17,16
16883,40763,3.295272e-05,17,16
16884,40764,3.286123e-05,17,16
16885,40765,3.275525e-05,17,16
16886,40766,3.298019e-05,17,16
16887,40767,3.297893e-05,17,16
16888,40770,3.290711e-05,17,16
16889,40771,3.288591e-05,17,16
16890,40772,3.288969e-05,17,16
16891,40773,3.300554e-05,17,16
16892,40774,3.29582e-05,17,16
16893,40775,3.279269e-05,17,16
16894,40776,3.285078e-05,17,16
16895,40777,3.291684e-05,17,16
16896,41000,3.279516e-05,17,16
16897,41001,3.270082e-05,17,16
16898,41002,3.264513e-05,17,16
16899,41003,3.275399e-05,17,16
16900,41004,3.269942e-05,17,16
16901,41005,3.255942e-05,17,16
16902,41006,3.258943e-05,17,16
16903,41007,3.266882e-05,17,16
16904,41010,3.258541e-05,17,15
16905,41011,3.254144e-05,17,15
16906,41012,3.241297e-05,17,15
16907,41013,3.259841e-05,17,15
16908,41014,3.25592e-05,17,15
16909,41015,3.24461e-05,17,15
16910,41016,3.238521e-05,17,15
16911,41017,3.244341e-05,17,15
16912,41020,3.248337e-05,17,15
16913,41021,3.240167e-05,17,15
16914,41022,3.227162e-05,17,15
16915,41023,3.242936e-05,17,15
16916,41024,3.244816e-05,17,15
16917,41025,3.236917e-05,17,15
16918,41026,3.234121e-05,17,15
16919,41027,3.240567e-05,17,15
16920,41030,3.245577e-05,17,15
16921,41031,3.246532e-05,17,15
16922,41032,3.227346e-05,17,15
16923,41033,3.238871e-05,17,15
16924,41034,3.240252e-05,17,15
16925,41035,3.230405e-05,17,15
16926,41036,3.222606e-05,17,15
16927,41037,3.220759e-05,17,15
16928,41040,3.232434e-05,17,15
16929,41041,3.224738e-05,17,15
16930,41042,3.214048e-05,17,15
16931,41043,3.219216e-05,17,15
16932,41044,3.226046e-05,17,15
16933,41045,3.221418e-05,17,15
16934,41046,3.221734e-05,17,15
16935,41047,3.222252e-05,17,14
16936,41050,3.233149e-05,17,14
16937,41051,3.234361e-05,17,14
16938,41052,3.215952e-05,17,14
16939,41053,3.234622e-05,17,14
16940,41054,3.236739e-05,17,14
16941,41055,3.22496e-05,17,14
16942,41056,3.222712e-05,17,14
16943,41057,3.220521e-05,17,14
16944,41060,3.23259e-05,17,14
16945,41061,3.234361e-05,17,14
16946,41062,3.219491e-05,17,14
16947,41063,3.232789e-05,17,14
16948,41064,3.250686e-05,17,14
16949,41065,3.24724e-05,17,14
16950,41066,3.258738e-05,17,14
16951,41067,3.258398e-05,17,14
16952,41070,3.267901e-05,17,14
16953,41071,3.284355e-05,17,14
16954,41072,3.274257e-05,17,14
16955,41073,3.278681e-05,17,14
16956,41074,3.306254e-05,17,14
16957,41075,3.308177e-05,17,14
16958,41076,3.312502e-05,17,14
16959,41077,3.309657e-05,17,14
16960,41100,3.327173e-05,17,14
16961,41101,3.342924e-05,17,14
16962,41102,3.334598e-05,17,14
16963,41103,3.328889e-05,17,14
16964,41104,3.347971e-05,17,14
16965,41105,3.348432e-05,17,14
16966,41106,3.345536e-05,17,13
16967,41107,3.339596e-05,17,13
16968,41110,3.345363e-05,17,13
16969,41111,3.356895e-05,17,13
16970,41112,3.345518e-05,17,13
16971,41113,3.337227e-05,17,13
16972,41114,3.350647e-05,17,13
16973,41115,3.356477e-05,17,13
16974,41116,3.357051e-05,17,13
16975,41117,3.343161e-05,17,13
16976,41120,3.351959e-05,17,13
16977,41121,3.370135e-05,17,13
16978,41122,3.357385e-05,17,13
16979,41123,3.352448e-05,17,13
16980,41124,3.348276e-05,17,13
16981,41125,3.357344e-05,17,13
16982,41126,3.358916e-05,17,13
16983,41127,3.351063e-05,17,13
16984,41130,3.353953e-05,17,13
16985,41131,3.373915e-05,17,13
16986,41132,3.359703e-05,17,13
16987,41133,3.359771e-05,17,13
16988,41134,3.364619e-05,17,13
16989,41135,3.359501e-05,17,13
16990,41136,3.355493e-05,17,13
16991,41137,3.331524e-05,17,13
16992,41140,3.338093e-05,17,13
16993,41141,3.346452e-05,17,13
16994,41142,3.322793e-05,17,13
16995,41143,3.311527e-05,17,13
16996,41144,3.310828e-05,17,13
16997,41145,3.306354e-05,17,12
16998,41146,3.303991e-05,17,12
16999,41147,3.287699e-05,17,12
17000,41150,3.278362e-05,17,12
17001,41151,3.293833e-05,17,12
17002,41152,3.268829e-05,17,12
17003,41153,3.255898e-05,17,12
17004,41154,3.250662e-05,17,12
17005,41155,3.240761e-05,17,12
17006,41156,3.226188e-05,17,12
17007,41157,3.197483e-05,17,12
17008,41160,3.185486e-05,17,12
17009,41161,3.174925e-05,17,12
17010,41162,3.150039e-05,17,12
17011,41163,3.128066e-05,17,12
17012,41164,3.122143e-05,17,12
17013,41165,3.122606e-05,17,12
17014,41166,3.110414e-05,17,12
17015,41167,3.097051e-05,17,12
17016,41170,3.093982e-05,17,12
17017,41171,3.104285e-05,17,12
17018,41172,3.099029e-05,17,12
17019,41173,3.09027e-05,17,12
17020,41174,3.089208e-05,17,12
17021,41175,3.103618e-05,17,12
17022,41176,3.100336e-05,17,12
17023,41177,3.093722e-05,17,12
17024,41200,3.089953e-05,17,12
17025,41201,3.105611e-05,17,12
17026,41202,3.107505e-05,17,12
17027,41203,3.10222e-05,17,11
17028,41204,3.095062e-05,17,11
17029,41205,3.10761e-05,17,11
17030,41206,3.111814e-05,17,11
17031,41207,3.106223e-05,17,11
17032,41210,3.097284e-05,17,11
17033,41211,3.105447e-05,17,11
17034,41212,3.11296e-05,17,11
17035,41213,3.107063e-05,17,11
17036,41214,3.098352e-05,17,11
17037,41215,3.104805e-05,17,11
17038,41216,3.113537e-05,17,11
17039,41217,3.109749e-05,17,11
17040,41220,3.101752e-05,17,11
17041,41221,3.102979e-05,17,11
17042,41222,3.115145e-05,17,11
17043,41223,3.110573e-05,17,11
17044,41224,3.102572e-05,17,11
17045,41225,3.10519e-05,17,11
17046,41226,3.115141e-05,17,11
17047,41227,3.109607e-05,17,11
17048,41230,3.09871e-05,17,11
17049,41231,3.108784e-05,17,11
17050,41232,3.113961e-05,17,11
17051,41233,3.108316e-05,17,11
17052,41234,3.099869e-05,17,11
17053,41235,3.106065e-05,17,11
17054,41236,3.116447e-05,17,11
17055,41237,3.112172e-05,17,11
17056,41240,3.10438e-05,17,11
17057,41241,3.110617e-05,17,11
17058,41242,3.121599e-05,17,10
17059,41243,3.117085e-05,17,10
17060,41244,3.110614e-05,17,10
17061,41245,3.114382e-05,17,10
17062,41246,3.127712e-05,17,10
17063,41247,3.124427e-05,17,10
17064,41250,3.116417e-05,17,10
17065,41251,3.119996e-05,17,10
17066,41252,3.133594e-05,17,10
17067,41253,3.130523e-05,17,10
17068,41254,3.1239e-05,17,10
17069,41255,3.124474e-05,17,10
17070,41256,3.140363e-05,17,10
17071,41257,3.140453e-05,17,10
17072,41260,3.135877e-05,17,10
17073,41261,3.131579e-05,17,10
17074,41262,3.147733e-05,17,10
17075,41263,3.147352e-05,17,10
17076,41264,3.139761e-05,17,10
17077,41265,3.133298e-05,17,10
17078,41266,3.147958e-05,17,10
17079,41267,3.148285e-05,17,10
17080,41270,3.140843e-05,17,10
17081,41271,3.130408e-05,17,10
17082,41272,3.139947e-05,17,10
17083,41273,3.142948e-05,17,10
17084,41274,3.135054e-05,17,10
17085,41275,3.124381e-05,17,10
17086,41276,3.123918e-05,17,10
17087,41277,3.133076e-05,17,10
17088,41300,3.125619e-05,17,10
17089,41301,3.114628e-05,17,9
17090,41302,3.113738e-05,17,9
17091,41303,3.125806e-05,17,9
17092,41304,3.121494e-05,17,9
17093,41305,3.113293e-05,17,9
17094,41306,3.110331e-05,17,9
17095,41307,3.125628e-05,17,9
17096,41310,3.123271e-05,17,9
17097,41311,3.115807e-05,17,9
17098,41312,3.115741e-05,17,9
17099,41313,3.128787e-05,17,9
17100,41314,3.124316e-05,17,9
17101,41315,3.115867e-05,17,9
17102,41316,3.117986e-05,17,9
17103,41317,3.131619e-05,17,9
17104,41320,3.12763e-05,17,9
17105,41321,3.120132e-05,17,9
17106,41322,3.119843e-05,17,9
17107,41323,3.133705e-05,17,9
17108,41324,3.130017e-05,17,9
17109,41325,3.122243e-05,17,9
17110,41326,3.119828e-05,17,9
17111,41327,3.135562e-05,17,9
17112,41330,3.132429e-05,17,9
17113,41331,3.122829e-05,17,9
17114,41332,3.121737e-05,17,9
17115,41333,3.136564e-05,17,9
17116,41334,3.133227e-05,17,9
17117,41335,3.126325e-05,17,9
17118,41336,3.123748e-05,17,9
17119,41337,3.138931e-05,17,9
17120,41340,3.13329e-05,17,8
17121,41341,3.123183e-05,17,8
17122,41342,3.129176e-05,17,8
17123,41343,3.139704e-05,17,8
17124,41344,3.135327e-05,17,8
17125,41345,3.12794e-05,17,8
17126,41346,3.127496e-05,17,8
17127,41347,3.140885e-05,17,8
17128,41350,3.136382e-05,17,8
17129,41351,3.129273e-05,17,8
17130,41352,3.130133e-05,17,8
17131,41353,3.141206e-05,17,8
17132,41354,3.135407e-05,17,8
17133,41355,3.125624e-05,17,8
17134,41356,3.134599e-05,17,8
17135,41357,3.141342e-05,17,8
17136,41360,3.13433e-05,17,8
17137,41361,3.126439e-05,17,8
17138,41362,3.130558e-05,17,8
17139,41363,3.141616e-05,17,8
17140,41364,3.136569e-05,17,8
17141,41365,3.12934e-05,17,8
17142,41366,3.125956e-05,17,8
17143,41367,3.1425e-05,17,8
17144,41370,3.138503e-05,17,8
17145,41371,3.130022e-05,17,8
17146,41372,3.130158e-05,17,8
17147,41373,3.14419e-05,17,8
17148,41374,3.138332e-05,17,8
17149,41375,3.129416e-05,17,8
17150,41376,3.14409e-05,17,7
17151,41377,3.147961e-05,17,7
17152,41400,3.142506e-05,17,7
17153,41401,3.136862e-05,17,7
17154,41402,3.148959e-05,17,7
17155,41403,3.156964e-05,17,7
17156,41404,3.152679e-05,17,7
17157,41405,3.148025e-05,17,7
17158,41406,3.167925e-05,17,7
17159,41407,3.175721e-05,17,7
17160,41410,3.172343e-05,17,7
17161,41411,3.176096e-05,17,7
17162,41412,3.199425e-05,17,7
17163,41413,3.206099e-05,17,7
17164,41414,3.209086e-05,17,7
17165,41415,3.20756e-05,17,7
17166,41416,3.232209e-05,17,7
17167,41417,3.238378e-05,17,7
17168,41420,3.231533e-05,17,7
17169,41421,3.234332e-05,17,7
17170,41422,3.24777e-05,17,7
17171,41423,3.248701e-05,17,7
17172,41424,3.244236e-05,17,7
17173,41425,3.230663e-05,17,7
17174,41426,3.241657e-05,17,7
17175,41427,3.246787e-05,17,7
17176,41430,3.230683e-05,17,7
17177,41431,3.223965e-05,17,7
17178,41432,3.239318e-05,17,7
17179,41433,3.238867e-05,17,7
17180,41434,3.234715e-05,17,7
17181,41435,3.224339e-05,17,6
17182,41436,3.237851e-05,17,6
17183,41437,3.242661e-05,17,6
17184,41440,3.231076e-05,17,6
17185,41441,3.223584e-05,17,6
17186,41442,3.234361e-05,17,6
17187,41443,3.234217e-05,17,6
17188,41444,3.226263e-05,17,6
17189,41445,3.215741e-05,17,6
17190,41446,3.224858e-05,17,6
17191,41447,3.233875e-05,17,6
17192,41450,3.219959e-05,17,6
17193,41451,3.215034e-05,17,6
17194,41452,3.225811e-05,17,6
17195,41453,3.227618e-05,17,6
17196,41454,3.224228e-05,17,6
17197,41455,3.212967e-05,17,6
17198,41456,3.224696e-05,17,6
17199,41457,3.228087e-05,17,6
17200,41460,3.219119e-05,17,6
17201,41461,3.212629e-05,17,6
17202,41462,3.22157e-05,17,6
17203,41463,3.221781e-05,17,6
17204,41464,3.215248e-05,17,6
17205,41465,3.20312e-05,17,6
17206,41466,3.213357e-05,17,6
17207,41467,3.220176e-05,17,6
17208,41470,3.208965e-05,17,6
17209,41471,3.203769e-05,17,6
17210,41472,3.20653e-05,17,6
17211,41473,3.212075e-05,17,6
17212,41474,3.207019e-05,17,5
17213,41475,3.193206e-05,17,5
17214,41476,3.200709e-05,17,5
17215,41477,3.206433e-05,17,5
17216,41500,3.198648e-05,17,5
17217,41501,3.191836e-05,17,5
17218,41502,3.19485e-05,17,5
17219,41503,3.20222e-05,17,5
17220,41504,3.198739e-05,17,5
17221,41505,3.1874e-05,17,5
17222,41506,3.185854e-05,17,5
17223,41507,3.204399e-05,17,5
17224,41510,3.195668e-05,17,5
17225,41511,3.188899e-05,17,5
17226,41512,3.183699e-05,17,5
17227,41513,3.193464e-05,17,5
17228,41514,3.198947e-05,17,5
17229,41515,3.191189e-05,17,5
17230,41516,3.181323e-05,17,5
17231,41517,3.19301e-05,17,5
17232,41520,3.195864e-05,17,5
17233,41521,3.189183e-05,17,5
17234,41522,3.181191e-05,17,5
17235,41523,3.192922e-05,17,5
17236,41524,3.19536e-05,17,5
17237,41525,3.188691e-05,17,5
17238,41526,3.175551e-05,17,5
17239,41527,3.183713e-05,17,5
17240,41530,3.193445e-05,17,5
17241,41531,3.184921e-05,17,5
17242,41532,3.175868e-05,17,5
17243,41533,3.179062e-05,17,4
17244,41534,3.188621e-05,17,4
17245,41535,3.18298e-05,17,4
17246,41536,3.170194e-05,17,4
17247,41537,3.176096e-05,17,4
17248,41540,3.183298e-05,17,4
17249,41541,3.177021e-05,17,4
17250,41542,3.167023e-05,17,4
17251,41543,3.168926e-05,17,4
17252,41544,3.178052e-05,17,4
17253,41545,3.172946e-05,17,4
17254,41546,3.163085e-05,17,4
17255,41547,3.161229e-05,17,4
17256,41550,3.173678e-05,17,4
17257,41551,3.167834e-05,17,4
17258,41552,3.159728e-05,17,4
17259,41553,3.15632e-05,17,4
17260,41554,3.169751e-05,17,4
17261,41555,3.169995e-05,17,4
17262,41556,3.161206e-05,17,4
17263,41557,3.152385e-05,17,4
17264,41560,3.165796e-05,17,4
17265,41561,3.169318e-05,17,4
17266,41562,3.160761e-05,17,4
17267,41563,3.150106e-05,17,4
17268,41564,3.156711e-05,17,4
17269,41565,3.16435e-05,17,4
17270,41566,3.157083e-05,17,4
17271,41567,3.14907e-05,17,4
17272,41570,3.149354e-05,17,4
17273,41571,3.159868e-05,17,3
17274,41572,3.156949e-05,17,3
17275,41573,3.146872e-05,17,3
17276,41574,3.142732e-05,17,3
17277,41575,3.157762e-05,17,3
17278,41576,3.153048e-05,17,3
17279,41577,3.144116e-05,17,3
17280,41600,3.140301e-05,17,3
17281,41601,3.153631e-05,17,3
17282,41602,3.150189e-05,17,3
17283,41603,3.140563e-05,17,3
17284,41604,3.133504e-05,17,3
17285,41605,3.148331e-05,17,3
17286,41606,3.144655e-05,17,3
17287,41607,3.134789e-05,17,3
17288,41610,3.127034e-05,17,3
17289,41611,3.139013e-05,17,3
17290,41612,3.136537e-05,17,3
17291,41613,3.125795e-05,17,3
17292,41614,3.116558e-05,17,3
17293,41615,3.128655e-05,17,3
17294,41616,3.122729e-05,17,3
17295,41617,3.112252e-05,17,3
17296,41620,3.105957e-05,17,3
17297,41621,3.118733e-05,17,3
17298,41622,3.113858e-05,17,3
17299,41623,3.104013e-05,17,3
17300,41624,3.099305e-05,17,3
17301,41625,3.113507e-05,17,3
17302,41626,3.11134e-05,17,3
17303,41627,3.103116e-05,17,3
17304,41630,3.094851e-05,17,2
17305,41631,3.108942e-05,17,2
17306,41632,3.109297e-05,17,2
17307,41633,3.101472e-05,17,2
17308,41634,3.093153e-05,17,2
17309,41635,3.105251e-05,17,2
17310,41636,3.10786e-05,17,2
17311,41637,3.100236e-05,17,2
17312,41640,3.09272e-05,17,2
17313,41641,3.100991e-05,17,2
17314,41642,3.107587e-05,17,2
17315,41643,3.101939e-05,17,2
17316,41644,3.094321e-05,17,2
17317,41645,3.094137e-05,17,2
17318,41646,3.105614e-05,17,2
17319,41647,3.099859e-05,17,2
17320,41650,3.09226e-05,17,2
17321,41651,3.087362e-05,17,2
17322,41652,3.099963e-05,17,2
17323,41653,3.096389e-05,17,2
17324,41654,3.088246e-05,17,2
17325,41655,3.080336e-05,17,2
17326,41656,3.094993e-05,17,2
17327,41657,3.092185e-05,17,2
17328,41660,3.083487e-05,17,2
17329,41661,3.077417e-05,17,2
17330,41662,3.092059e-05,17,2
17331,41663,3.0901e-05,17,2
17332,41664,3.08233e-05,17,2
17333,41665,3.075955e-05,17,2
17334,41666,3.090525e-05,17,2
17335,41667,3.088655e-05,17,1
17336,41670,3.081068e-05,17,1
17337,41671,3.075865e-05,17,1
17338,41672,3.089807e-05,17,1
17339,41673,3.088099e-05,17,1
17340,41674,3.081524e-05,17,1
17341,41675,3.072858e-05,17,1
17342,41676,3.086247e-05,17,1
17343,41677,3.08738e-05,17,1
17344,41700,3.080262e-05,17,1
17345,41701,3.072316e-05,17,1
17346,41702,3.084771e-05,17,1
17347,41703,3.087728e-05,17,1
17348,41704,3.081747e-05,17,1
17349,41705,3.072546e-05,17,1
17350,41706,3.081773e-05,17,1
17351,41707,3.088735e-05,17,1
17352,41710,3.083295e-05,17,1
17353,41711,3.075616e-05,17,1
17354,41712,3.08355e-05,17,1
17355,41713,3.092187e-05,17,1
17356,41714,3.087804e-05,17,1
17357,41715,3.081e-05,17,1
17358,41716,3.083206e-05,17,1
17359,41717,3.094053e-05,17,1
17360,41720,3.08948e-05,17,1
17361,41721,3.081162e-05,17,1
17362,41722,3.084373e-05,17,1
17363,41723,3.094881e-05,17,1
17364,41724,3.0907e-05,17,1
17365,41725,3.082637e-05,17,1
17366,41726,3.083779e-05,17,0
17367,41727,3.095976e-05,17,0
17368,41730,3.095068e-05,17,0
17369,41731,3.087819e-05,17,0
17370,41732,3.080921e-05,17,0
17371,41733,3.094877e-05,17,0
17372,41734,3.097091e-05,17,0
17373,41735,3.090439e-05,17,0
17374,41736,3.083008e-05,17,0
17375,41737,3.092699e-05,17,0
17376,41740,3.099144e-05,17,0
17377,41741,3.092808e-05,17,0
17378,41742,3.083828e-05,17,0
17379,41743,3.092864e-05,17,0
17380,41744,3.099287e-05,17,0
17381,41745,3.093505e-05,17,0
17382,41746,3.085026e-05,17,0
17383,41747,3.090021e-05,17,0
17384,41750,3.099687e-05,17,0
17385,41751,3.094066e-05,17,0
17386,41752,3.084551e-05,17,0
17387,41753,3.091458e-05,17,0
17388,41754,3.100036e-05,17,0
17389,41755,3.095129e-05,17,0
17390,41756,3.088188e-05,17,0
17391,41757,3.092728e-05,17,0
17392,41760,3.103869e-05,17,0
17393,41761,3.099523e-05,17,0
17394,41762,3.093277e-05,17,0
17395,41763,3.101957e-05,17,0
17396,41764,3.115387e-05,-1,-1
17397,41765,3.11531e-05,-1,-1
17398,41766,3.10482e-05,-1,-1
17399,41767,3.109572e-05,-1,-1
17400,41770,3.120593e-05,-1,-1
17401,41771,3.113782e-05,-1,-1
17402,41772,3.105295e-05,-1,-1
17403,41773,3.112614e-05,-1,-1
17404,41774,3.118475e-05,-1,-1
17405,41775,3.113969e-05,-1,-1
17406,41776,3.104071e-05,-1,-1
17407,41777,3.11236e-05,-1,-1
17408,42000,3.119949e-05,-1,-1
17409,42001,3.112977e-05,-1,-1
17410,42002,3.103899e-05,-1,-1
17411,42003,3.11042e-05,-1,-1
17412,42004,3.117743e-05,-1,-1
17413,42005,3.112356e-05,-1,-1
17414,42006,3.102068e-05,-1,-1
17415,42007,3.110432e-05,-1,-1
17416,42010,3.118312e-05,-1,-1
17417,42011,3.111226e-05,-1,-1
17418,42012,3.103363e-05,-1,-1
17419,42013,3.105259e-05,-1,-1
17420,42014,3.116662e-05,-1,-1
17421,42015,3.112082e-05,-1,-1
17422,42016,3.102587e-05,-1,-1
17423,42017,3.105723e-05,-1,-1
17424,42020,3.116408e-05,-1,-1
17425,42021,3.110202e-05,-1,-1
17426,42022,3.102739e-05,-1,-1
17427,42023,3.102215e-05,-1,-1
17428,42024,3.11517e-05,-1,-1
17429,42025,3.111648e-05,-1,-1
17430,42026,3.102167e-05,-1,-1
17431,42027,3.1017e-05,-1,-1
17432,42030,3.114564e-05,-1,-1
17433,42031,3.109529e-05,-1,-1
17434,42032,3.100268e-05,-1,-1
17435,42033,3.104086e-05,-1,-1
17436,42034,3.113624e-05,-1,-1
17437,42035,3.107933e-05,-1,-1
17438,42036,3.097475e-05,-1,-1
17439,42037,3.107941e-05,-1,-1
17440,42040,3.112509e-05,-1,-1
17441,42041,3.105936e-05,-1,-1
17442,42042,3.096496e-05,-1,-1
17443,42043,3.108556e-05,-1,-1
17444,42044,3.112008e-05,-1,-1
17445,42045,3.104486e-05,-1,-1
17446,42046,3.095923e-05,-1,-1
17447,42047,3.109965e-05,-1,-1
17448,42050,3.110436e-05,-1,-1
17449,42051,3.102557e-05,-1,-1
17450,42052,3.094403e-05,-1,-1
17451,42053,3.107684e-05,-1,-1
17452,42054,3.107593e-05,-1,-1
17453,42055,3.099942e-05,-1,-1
17454,42056,3.089975e-05,-1,-1
17455,42057,3.101257e-05,-1,-1
17456,42060,3.102446e-05,-1,-1
17457,42061,3.094347e-05,-1,-1
17458,42062,3.084563e-05,-1,-1
17459,42063,3.097286e-05,-1,-1
17460,42064,3.09739e-05,-1,-1
17461,42065,3.088816e-05,-1,-1
17462,42066,3.08117e-05,-1,-1
17463,42067,3.094658e-05,-1,-1
17464,42070,3.095656e-05,-1,-1
17465,42071,3.089547e-05,-1,-1
17466,42072,3.08078e-05,-1,-1
17467,42073,3.093742e-05,-1,-1
17468,42074,3.097765e-05,-1,-1
17469,42075,3.091479e-05,-1,-1
17470,42076,3.084054e-05,-1,-1
17471,42077,3.096277e-05,-1,-1
17472,42100,3.102534e-05,-1,-1
17473,42101,3.098078e-05,-1,-1
17474,42102,3.092362e-05,-1,-1
17475,42103,3.10471e-05,-1,-1
17476,42104,3.113832e-05,-1,-1
17477,42105,3.111273e-05,-1,-1
17478,42106,3.105789e-05,-1,-1
17479,42107,3.114485e-05,-1,-1
17480,42110,3.126454e-05,-1,-1
17481,42111,3.12429e-05,-1,-1
17482,42112,3.118697e-05,-1,-1
17483,42113,3.133213e-05,-1,-1
17484,42114,3.13908e-05,-1,-1
17485,42115,3.133202e-05,-1,-1
17486,42116,3.126154e-05,-1,-1
17487,42117,3.13615e-05,-1,-1
17488,42120,3.144743e-05,-1,-1
17489,42121,3.139768e-05,-1,-1
17490,42122,3.132411e-05,-1,-1
17491,42123,3.140967e-05,-1,-1
17492,42124,3.149114e-05,-1,-1
17493,42125,3.144846e-05,-1,-1
17494,42126,3.136993e-05,-1,-1
17495,42127,3.139997e-05,-1,-1
17496,42130,3.152244e-05,-1,-1
17497,42131,3.148236e-05,-1,-1
17498,42132,3.142357e-05,-1,-1
17499,42133,3.136589e-05,-1,-1
17500,42134,3.152115e-05,-1,-1
17501,42135,3.151058e-05,-1,-1
17502,42136,3.145219e-05,-1,-1
17503,42137,3.138138e-05,-1,-1
17504,42140,3.153078e-05,-1,-1
17505,42141,3.152795e-05,-1,-1
17506,42142,3.145296e-05,-1,-1
17507,42143,3.138364e-05,-1,-1
17508,42144,3.153269e-05,-1,-1
17509,42145,3.15355e-05,-1,-1
17510,42146,3.147571e-05,-1,-1
17511,42147,3.140044e-05,-1,-1
17512,42150,3.153763e-05,-1,-1
17513,42151,3.158085e-05,-1,-1
17514,42152,3.153183e-05,-1,-1
17515,42153,3.144977e-05,-1,-1
17516,42154,3.151465e-05,-1,-1
17517,42155,3.161534e-05,-1,-1
17518,42156,3.156504e-05,-1,-1
17519,42157,3.149606e-05,-1,-1
17520,42160,3.155102e-05,-1,-1
17521,42161,3.165056e-05,-1,-1
17522,42162,3.160681e-05,-1,-1
17523,42163,3.151486e-05,-1,-1
17524,42164,3.152575e-05,-1,-1
17525,42165,3.165342e-05,-1,-1
17526,42166,3.159411e-05,-1,-1
17527,42167,3.148903e-05,-1,-1
17528,42170,3.153877e-05,-1,-1
17529,42171,3.162312e-05,-1,-1
17530,42172,3.155051e-05,-1,-1
17531,42173,3.144245e-05,-1,-1
17532,42174,3.14948e-05,-1,-1
17533,42175,3.156149e-05,-1,-1
17534,42176,3.147826e-05,-1,-1
17535,42177,3.137175e-05,-1,-1
17536,42200,3.140999e-05,-1,-1
17537,42201,3.147097e-05,-1,-1
17538,42202,3.139011e-05,-1,-1
17539,42203,3.129504e-05,-1,-1
17540,42204,3.134546e-05,-1,-1
17541,42205,3.14294e-05,-1,-1
17542,42206,3.136155e-05,-1,-1
17543,42207,3.127198e-05,-1,-1
17544,42210,3.131162e-05,-1,-1
17545,42211,3.14036e-05,-1,-1
17546,42212,3.134269e-05,-1,-1
17547,42213,3.125104e-05,-1,-1
17548,42214,3.130189e-05,-1,-1
17549,42215,3.138229e-05,-1,-1
17550,42216,3.133266e-05,-1,-1
17551,42217,3.123944e-05,-1,-1
17552,42220,3.127135e-05,-1,-1
17553,42221,3.137702e-05,-1,-1
17554,42222,3.132236e-05,-1,-1
17555,42223,3.123699e-05,-1,-1
17556,42224,3.125013e-05,-1,-1
17557,42225,3.136791e-05,-1,-1
17558,42226,3.131257e-05,-1,-1
17559,42227,3.122667e-05,-1,-1
17560,42230,3.127165e-05,-1,-1
17561,42231,3.136653e-05,-1,-1
17562,42232,3.13266e-05,-1,-1
17563,42233,3.124773e-05,-1,-1
17564,42234,3.121663e-05,-1,-1
17565,42235,3.135485e-05,-1,-1
17566,42236,3.132153e-05,-1,-1
17567,42237,3.123669e-05,-1,-1
17568,42240,3.12066e-05,-1,-1
17569,42241,3.133682e-05,-1,-1
17570,42242,3.133761e-05,-1,-1
17571,42243,3.126611e-05,-1,-1
17572,42244,3.120349e-05,-1,-1
17573,42245,3.133621e-05,-1,-1
17574,42246,3.133826e-05,-1,-1
17575,42247,3.125289e-05,-1,-1
17576,42250,3.117422e-05,-1,-1
17577,42251,3.125601e-05,-1,-1
17578,42252,3.131861e-05,-1,-1
17579,42253,3.125821e-05,-1,-1
17580,42254,3.115504e-05,-1,-1
17581,42255,3.119956e-05,-1,-1
17582,42256,3.128201e-05,-1,-1
17583,42257,3.121813e-05,-1,-1
17584,42260,3.109783e-05,-1,-1
17585,42261,3.118604e-05,-1,-1
17586,42262,3.123192e-05,-1,-1
17587,42263,3.116159e-05,-1,-1
17588,42264,3.106102e-05,-1,-1
17589,42265,3.115094e-05,-1,-1
17590,42266,3.120056e-05,-1,-1
17591,42267,3.112547e-05,-1,-1
17592,42270,3.103082e-05,-1,-1
17593,42271,3.108419e-05,-1,-1
17594,42272,3.115868e-05,-1,-1
17595,42273,3.108267e-05,-1,-1
17596,42274,3.097288e-05,-1,-1
17597,42275,3.10117e-05,-1,-1
17598,42276,3.107903e-05,-1,-1
17599,42277,3.100487e-05,-1,-1
17600,42300,3.090211e-05,-1,-1
17601,42301,3.095578e-05,-1,-1
17602,42302,3.099973e-05,-1,-1
17603,42303,3.091674e-05,-1,-1
17604,42304,3.081647e-05,-1,-1
17605,42305,3.084917e-05,-1,-1
17606,42306,3.092697e-05,-1,-1
17607,42307,3.086142e-05,-1,-1
17608,42310,3.075777e-05,-1,-1
17609,42311,3.07983e-05,-1,-1
17610,42312,3.087579e-05,-1,-1
17611,42313,3.082883e-05,-1,-1
17612,42314,3.074179e-05,-1,-1
17613,42315,3.070609e-05,-1,-1
17614,42316,3.084168e-05,-1,-1
17615,42317,3.080588e-05,-1,-1
17616,42320,3.073165e-05,-1,-1
17617,42321,3.067085e-05,-1,-1
17618,42322,3.081609e-05,-1,-1
17619,42323,3.079455e-05,-1,-1
17620,42324,3.072861e-05,-1,-1
17621,42325,3.065404e-05,-1,-1
17622,42326,3.077537e-05,-1,-1
17623,42327,3.079558e-05,-1,-1
17624,42330,3.074281e-05,-1,-1
17625,42331,3.066584e-05,-1,-1
17626,42332,3.076925e-05,-1,-1
17627,42333,3.082731e-05,-1,-1
17628,42334,3.078866e-05,-1,-1
17629,42335,3.07232e-05,-1,-1
17630,42336,3.072832e-05,-1,-1
17631,42337,3.085921e-05,-1,-1
17632,42340,3.08367e-05,-1,-1
17633,42341,3.078038e-05,-1,-1
17634,42342,3.073737e-05,-1,-1
17635,42343,3.089965e-05,-1,-1
17636,42344,3.091311e-05,-1,-1
17637,42345,3.085456e-05,-1,-1
17638,42346,3.080814e-05,-1,-1
17639,42347,3.098013e-05,-1,-1
17640,42350,3.099134e-05,-1,-1
17641,42351,3.093839e-05,-1,-1
17642,42352,3.089982e-05,-1,-1
17643,42353,3.106116e-05,-1,-1
17644,42354,3.107658e-05,-1,-1
17645,42355,3.102116e-05,-1,-1
17646,42356,3.097327e-05,-1,-1
17647,42357,3.113311e-05,-1,-1
17648,42360,3.113621e-05,-1,-1
17649,42361,3.106975e-05,-1,-1
17650,42362,3.101943e-05,-1,-1
17651,42363,3.1167e-05,-1,-1
17652,42364,3.115724e-05,-1,-1
17653,42365,3.107204e-05,-1,-1
17654,42366,3.09893e-05,-1,-1
17655,42367,3.111466e-05,-1,-1
17656,42370,3.11195e-05,-1,-1
17657,42371,3.103128e-05,-1,-1
17658,42372,3.093938e-05,-1,-1
17659,42373,3.105959e-05,-1,-1
17660,42374,3.106609e-05,-1,-1
17661,42375,3.097589e-05,-1,-1
17662,42376,3.088385e-05,-1,-1
17663,42377,3.100636e-05,-1,-1
17664,42400,3.097978e-05,-1,-1
17665,42401,3.085647e-05,-1,-1
17666,42402,3.076899e-05,-1,-1
17667,42403,3.087909e-05,-1,-1
17668,42404,3.081958e-05,-1,-1
17669,42405,3.070095e-05,-1,-1
17670,42406,3.06399e-05,-1,-1
17671,42407,3.075042e-05,-1,-1
17672,42410,3.067947e-05,-1,-1
17673,42411,3.055764e-05,-1,-1
17674,42412,3.050481e-05,-1,-1
17675,42413,3.058591e-05,-1,-1
17676,42414,3.050402e-05,-1,-1
17677,42415,3.03931e-05,-1,-1
17678,42416,3.030961e-05,-1,-1
17679,42417,3.042453e-05,-1,-1
17680,42420,3.035219e-05,-1,-1
17681,42421,3.024313e-05,-1,-1
17682,42422,3.020299e-05,-1,-1
17683,42423,3.033764e-05,-1,-1
17684,42424,3.030959e-05,-1,-1
17685,42425,3.022755e-05,-1,-1
17686,42426,3.022623e-05,-1,-1
17687,42427,3.035292e-05,-1,-1
17688,42430,3.031638e-05,-1,-1
17689,42431,3.025203e-05,-1,-1
17690,42432,3.022303e-05,-1,-1
17691,42433,3.031805e-05,-1,-1
17692,42434,3.025651e-05,-1,-1
17693,42435,3.016954e-05,-1,-1
17694,42436,3.013613e-05,-1,-1
17695,42437,3.028358e-05,18,0
17696,42440,3.026328e-05,18,0
17697,42441,3.019179e-05,18,0
17698,42442,3.018174e-05,18,0
17699,42443,3.032595e-05,18,0
17700,42444,3.031541e-05,18,0
17701,42445,3.026167e-05,18,0
17702,42446,3.025006e-05,18,0
17703,42447,3.040585e-05,18,0
17704,42450,3.039412e-05,18,0
17705,42451,3.033213e-05,18,0
17706,42452,3.031138e-05,18,0
17707,42453,3.046938e-05,18,0
17708,42454,3.046566e-05,18,0
17709,42455,3.041444e-05,18,0
17710,42456,3.039664e-05,18,0
17711,42457,3.055377e-05,18,0
17712,42460,3.05427e-05,18,0
17713,42461,3.050343e-05,18,0
17714,42462,3.050288e-05,18,0
17715,42463,3.067193e-05,18,0
17716,42464,3.068443e-05,18,0
17717,42465,3.063598e-05,18,0
17718,42466,3.059383e-05,18,0
17719,42467,3.075792e-05,18,0
17720,42470,3.07762e-05,18,0
17721,42471,3.072232e-05,18,0
17722,42472,3.067234e-05,18,0
17723,42473,3.082676e-05,18,0
17724,42474,3.087195e-05,18,0
17725,42475,3.083708e-05,18,0
17726,42476,3.077503e-05,18,1
17727,42477,3.085922e-05,18,1
17728,42500,3.098781e-05,18,1
17729,42501,3.098099e-05,18,1
17730,42502,3.093537e-05,18,1
17731,42503,3.090459e-05,18,1
17732,42504,3.107745e-05,18,1
17733,42505,3.109809e-05,18,1
17734,42506,3.104346e-05,18,1
17735,42507,3.099837e-05,18,1
17736,42510,3.115343e-05,18,1
17737,42511,3.117135e-05,18,1
17738,42512,3.11219e-05,18,1
17739,42513,3.10713e-05,18,1
17740,42514,3.123494e-05,18,1
17741,42515,3.127203e-05,18,1
17742,42516,3.1228e-05,18,1
17743,42517,3.116897e-05,18,1
17744,42520,3.133362e-05,18,1
17745,42521,3.136797e-05,18,1
17746,42522,3.132649e-05,18,1
17747,42523,3.125183e-05,18,1
17748,42524,3.140307e-05,18,1
17749,42525,3.143279e-05,18,1
17750,42526,3.137283e-05,18,1
17751,42527,3.130761e-05,18,1
17752,42530,3.145738e-05,18,1
17753,42531,3.148807e-05,18,1
17754,42532,3.142925e-05,18,1
17755,42533,3.135553e-05,18,1
17756,42534,3.147827e-05,18,1
17757,42535,3.154114e-05,18,2
17758,42536,3.149527e-05,18,2
17759,42537,3.142717e-05,18,2
17760,42540,3.151026e-05,18,2
17761,42541,3.159882e-05,18,2
17762,42542,3.155379e-05,18,2
17763,42543,3.149553e-05,18,2
17764,42544,3.150836e-05,18,2
17765,42545,3.163981e-05,18,2
17766,42546,3.161393e-05,18,2
17767,42547,3.153863e-05,18,2
17768,42550,3.149235e-05,18,2
17769,42551,3.164128e-05,18,2
17770,42552,3.165861e-05,18,2
17771,42553,3.160503e-05,18,2
17772,42554,3.155265e-05,18,2
17773,42555,3.171836e-05,18,2
17774,42556,3.179246e-05,18,2
17775,42557,3.176621e-05,18,2
17776,42560,3.172138e-05,18,2
17777,42561,3.181322e-05,18,2
17778,42562,3.192962e-05,18,2
17779,42563,3.190032e-05,18,2
17780,42564,3.182965e-05,18,2
17781,42565,3.188194e-05,18,2
17782,42566,3.201107e-05,18,2
17783,42567,3.197352e-05,18,2
17784,42570,3.190522e-05,18,2
17785,42571,3.191813e-05,18,2
17786,42572,3.206556e-05,18,2
17787,42573,3.204976e-05,18,2
17788,42574,3.199058e-05,18,3
17789,42575,3.197276e-05,18,3
17790,42576,3.214174e-05,18,3
17791,42577,3.212889e-05,18,3
17792,42600,3.205614e-05,18,3
17793,42601,3.200745e-05,18,3
17794,42602,3.214821e-05,18,3
17795,42603,3.215973e-05,18,3
17796,42604,3.209756e-05,18,3
17797,42605,3.201506e-05,18,3
17798,42606,3.215396e-05,18,3
17799,42607,3.219836e-05,18,3
17800,42610,3.213726e-05,18,3
17801,42611,3.204759e-05,18,3
17802,42612,3.218132e-05,18,3
17803,42613,3.221918e-05,18,3
17804,42614,3.215872e-05,18,3
17805,42615,3.208327e-05,18,3
17806,42616,3.215146e-05,18,3
17807,42617,3.223637e-05,18,3
17808,42620,3.217451e-05,18,3
17809,42621,3.209897e-05,18,3
17810,42622,3.208269e-05,18,3
17811,42623,3.221746e-05,18,3
17812,42624,3.217684e-05,18,3
17813,42625,3.209502e-05,18,3
17814,42626,3.208432e-05,18,3
17815,42627,3.221607e-05,18,3
17816,42630,3.217836e-05,18,3
17817,42631,3.210368e-05,18,3
17818,42632,3.203883e-05,18,3
17819,42633,3.218593e-05,18,4
17820,42634,3.21753e-05,18,4
17821,42635,3.209367e-05,18,4
17822,42636,3.201559e-05,18,4
17823,42637,3.215269e-05,18,4
17824,42640,3.216871e-05,18,4
17825,42641,3.209706e-05,18,4
17826,42642,3.199919e-05,18,4
17827,42643,3.213773e-05,18,4
17828,42644,3.215269e-05,18,4
17829,42645,3.208132e-05,18,4
17830,42646,3.20054e-05,18,4
17831,42647,3.216142e-05,18,4
17832,42650,3.216308e-05,18,4
17833,42651,3.208403e-05,18,4
17834,42652,3.203772e-05,18,4
17835,42653,3.219743e-05,18,4
17836,42654,3.218788e-05,18,4
17837,42655,3.211419e-05,18,4
17838,42656,3.207569e-05,18,4
17839,42657,3.223481e-05,18,4
17840,42660,3.222184e-05,18,4
17841,42661,3.215278e-05,18,4
17842,42662,3.208878e-05,18,4
17843,42663,3.224658e-05,18,4
17844,42664,3.224293e-05,18,4
17845,42665,3.217254e-05,18,4
17846,42666,3.210989e-05,18,4
17847,42667,3.226764e-05,18,4
17848,42670,3.226311e-05,18,4
17849,42671,3.218419e-05,18,5
17850,42672,3.213049e-05,18,5
17851,42673,3.226963e-05,18,5
17852,42674,3.22891e-05,18,5
17853,42675,3.222153e-05,18,5
17854,42676,3.213574e-05,18,5
17855,42677,3.226971e-05,18,5
17856,42700,3.230215e-05,18,5
17857,42701,3.222975e-05,18,5
17858,42702,3.214376e-05,18,5
17859,42703,3.228359e-05,18,5
17860,42704,3.230734e-05,18,5
17861,42705,3.22265e-05,18,5
17862,42706,3.215406e-05,18,5
17863,42707,3.224252e-05,18,5
17864,42710,3.23083e-05,18,5
17865,42711,3.224155e-05,18,5
17866,42712,3.214528e-05,18,5
17867,42713,3.216636e-05,18,5
17868,42714,3.22799e-05,18,5
17869,42715,3.222744e-05,18,5
17870,42716,3.213348e-05,18,5
17871,42717,3.210517e-05,18,5
17872,42720,3.222872e-05,18,5
17873,42721,3.219467e-05,18,5
17874,42722,3.208703e-05,18,5
17875,42723,3.20136e-05,18,5
17876,42724,3.212572e-05,18,5
17877,42725,3.213428e-05,18,5
17878,42726,3.203605e-05,18,5
17879,42727,3.192848e-05,18,5
17880,42730,3.202753e-05,18,6
17881,42731,3.205672e-05,18,6
17882,42732,3.197799e-05,18,6
17883,42733,3.188864e-05,18,6
17884,42734,3.19348e-05,18,6
17885,42735,3.2008e-05,18,6
17886,42736,3.19421e-05,18,6
17887,42737,3.1842e-05,18,6
17888,42740,3.187203e-05,18,6
17889,42741,3.196572e-05,18,6
17890,42742,3.19067e-05,18,6
17891,42743,3.181668e-05,18,6
17892,42744,3.182885e-05,18,6
17893,42745,3.194505e-05,18,6
17894,42746,3.190172e-05,18,6
17895,42747,3.183257e-05,18,6
17896,42750,3.17809e-05,18,6
17897,42751,3.192415e-05,18,6
17898,42752,3.191469e-05,18,6
17899,42753,3.183626e-05,18,6
17900,42754,3.177721e-05,18,6
17901,42755,3.19371e-05,18,6
17902,42756,3.193677e-05,18,6
17903,42757,3.18879e-05,18,6
17904,42760,3.18139e-05,18,6
17905,42761,3.191844e-05,18,6
17906,42762,3.199009e-05,18,6
17907,42763,3.195429e-05,18,6
17908,42764,3.188776e-05,18,6
17909,42765,3.191409e-05,18,6
17910,42766,3.205265e-05,18,6
17911,42767,3.203286e-05,18,7
17912,42770,3.196669e-05,18,7
17913,42771,3.195281e-05,18,7
17914,42772,3.212208e-05,18,7
17915,42773,3.211899e-05,18,7
17916,42774,3.205707e-05,18,7
17917,42775,3.200683e-05,18,7
17918,42776,3.216642e-05,18,7
17919,42777,3.220736e-05,18,7
17920,43000,3.214953e-05,18,7
17921,43001,3.208673e-05,18,7
17922,43002,3.225148e-05,18,7
17923,43003,3.228588e-05,18,7
17924,43004,3.22335e-05,18,7
17925,43005,3.217532e-05,18,7
17926,43006,3.234423e-05,18,7
17927,43007,3.238399e-05,18,7
17928,43010,3.233421e-05,18,7
17929,43011,3.227399e-05,18,7
17930,43012,3.245064e-05,18,7
17931,43013,3.248561e-05,18,7
17932,43014,3.243015e-05,18,7
17933,43015,3.236472e-05,18,7
17934,43016,3.250791e-05,18,7
17935,43017,3.255977e-05,18,7
17936,43020,3.249621e-05,18,7
17937,43021,3.241388e-05,18,7
17938,43022,3.252809e-05,18,7
17939,43023,3.258225e-05,18,7
17940,43024,3.251673e-05,18,7
17941,43025,3.242804e-05,18,7
17942,43026,3.254203e-05,18,8
17943,43027,3.26005e-05,18,8
17944,43030,3.25422e-05,18,8
17945,43031,3.245218e-05,18,8
17946,43032,3.255982e-05,18,8
17947,43033,3.263395e-05,18,8
17948,43034,3.257842e-05,18,8
17949,43035,3.249854e-05,18,8
17950,43036,3.255476e-05,18,8
17951,43037,3.266411e-05,18,8
17952,43040,3.2613e-05,18,8
17953,43041,3.252349e-05,18,8
17954,43042,3.256752e-05,18,8
17955,43043,3.26856e-05,18,8
17956,43044,3.264399e-05,18,8
17957,43045,3.255174e-05,18,8
17958,43046,3.253924e-05,18,8
17959,43047,3.269587e-05,18,8
17960,43050,3.267389e-05,18,8
17961,43051,3.260108e-05,18,8
17962,43052,3.253886e-05,18,8
17963,43053,3.265658e-05,18,8
17964,43054,3.271458e-05,18,8
17965,43055,3.265219e-05,18,8
17966,43056,3.257072e-05,18,8
17967,43057,3.266405e-05,18,8
17968,43060,3.273953e-05,18,8
17969,43061,3.267515e-05,18,8
17970,43062,3.258196e-05,18,8
17971,43063,3.269239e-05,18,8
17972,43064,3.275302e-05,18,9
17973,43065,3.269514e-05,18,9
17974,43066,3.261777e-05,18,9
17975,43067,3.266112e-05,18,9
17976,43070,3.276974e-05,18,9
17977,43071,3.273148e-05,18,9
17978,43072,3.263261e-05,18,9
17979,43073,3.263691e-05,18,9
17980,43074,3.277372e-05,18,9
17981,43075,3.274372e-05,18,9
17982,43076,3.266604e-05,18,9
17983,43077,3.26521e-05,18,9
17984,43100,3.278016e-05,18,9
17985,43101,3.27395e-05,18,9
17986,43102,3.265386e-05,18,9
17987,43103,3.261302e-05,18,9
17988,43104,3.277899e-05,18,9
17989,43105,3.273738e-05,18,9
17990,43106,3.264974e-05,18,9
17991,43107,3.261714e-05,18,9
17992,43110,3.276212e-05,18,9
17993,43111,3.274351e-05,18,9
17994,43112,3.266569e-05,18,9
17995,43113,3.259552e-05,18,9
17996,43114,3.276108e-05,18,9
17997,43115,3.275443e-05,18,9
17998,43116,3.266856e-05,18,9
17999,43117,3.261516e-05,18,9
18000,43120,3.276429e-05,18,9
18001,43121,3.277065e-05,18,9
18002,43122,3.269681e-05,18,9
18003,43123,3.261405e-05,18,10
18004,43124,3.272656e-05,18,10
18005,43125,3.279647e-05,18,10
18006,43126,3.273976e-05,18,10
18007,43127,3.265196e-05,18,10
18008,43130,3.270941e-05,18,10
18009,43131,3.280771e-05,18,10
18010,43132,3.27731e-05,18,10
18011,43133,3.269559e-05,18,10
18012,43134,3.266528e-05,18,10
18013,43135,3.281272e-05,18,10
18014,43136,3.278128e-05,18,10
18015,43137,3.269798e-05,18,10
18016,43140,3.266115e-05,18,10
18017,43141,3.282335e-05,18,10
18018,43142,3.278286e-05,18,10
18019,43143,3.269403e-05,18,10
18020,43144,3.266473e-05,18,10
18021,43145,3.282253e-05,18,10
18022,43146,3.278966e-05,18,10
18023,43147,3.269444e-05,18,10
18024,43150,3.267362e-05,18,10
18025,43151,3.282358e-05,18,10
18026,43152,3.279545e-05,18,10
18027,43153,3.271502e-05,18,10
18028,43154,3.26762e-05,18,10
18029,43155,3.283173e-05,18,10
18030,43156,3.279893e-05,18,10
18031,43157,3.27152e-05,18,10
18032,43160,3.267623e-05,18,10
18033,43161,3.283524e-05,18,10
18034,43162,3.281951e-05,18,11
18035,43163,3.274284e-05,18,11
18036,43164,3.268651e-05,18,11
18037,43165,3.284206e-05,18,11
18038,43166,3.282719e-05,18,11
18039,43167,3.274842e-05,18,11
18040,43170,3.267225e-05,18,11
18041,43171,3.283977e-05,18,11
18042,43172,3.283394e-05,18,11
18043,43173,3.275343e-05,18,11
18044,43174,3.268203e-05,18,11
18045,43175,3.285113e-05,18,11
18046,43176,3.282456e-05,18,11
18047,43177,3.273317e-05,18,11
18048,43200,3.269886e-05,18,11
18049,43201,3.285078e-05,18,11
18050,43202,3.282625e-05,18,11
18051,43203,3.275156e-05,18,11
18052,43204,3.271174e-05,18,11
18053,43205,3.285927e-05,18,11
18054,43206,3.28244e-05,18,11
18055,43207,3.274199e-05,18,11
18056,43210,3.269213e-05,18,11
18057,43211,3.286135e-05,18,11
18058,43212,3.284057e-05,18,11
18059,43213,3.275508e-05,18,11
18060,43214,3.269412e-05,18,11
18061,43215,3.284859e-05,18,11
18062,43216,3.285968e-05,18,11
18063,43217,3.278268e-05,18,11
18064,43220,3.26962e-05,18,11
18065,43221,3.283047e-05,18,12
18066,43222,3.28639e-05,18,12
18067,43223,3.27982e-05,18,12
18068,43224,3.27048e-05,18,12
18069,43225,3.279694e-05,18,12
18070,43226,3.287101e-05,18,12
18071,43227,3.281709e-05,18,12
18072,43230,3.274691e-05,18,12
18073,43231,3.270277e-05,18,12
18074,43232,3.285585e-05,18,12
18075,43233,3.28372e-05,18,12
18076,43234,3.275744e-05,18,12
18077,43235,3.268799e-05,18,12
18078,43236,3.283415e-05,18,12
18079,43237,3.284648e-05,18,12
18080,43240,3.278212e-05,18,12
18081,43241,3.269096e-05,18,12
18082,43242,3.284592e-05,18,12
18083,43243,3.285148e-05,18,12
18084,43244,3.278066e-05,18,12
18085,43245,3.268806e-05,18,12
18086,43246,3.280288e-05,18,12
18087,43247,3.285746e-05,18,12
18088,43250,3.278812e-05,18,12
18089,43251,3.269063e-05,18,12
18090,43252,3.281322e-05,18,12
18091,43253,3.286041e-05,18,12
18092,43254,3.280438e-05,18,12
18093,43255,3.270773e-05,18,12
18094,43256,3.275976e-05,18,12
18095,43257,3.286471e-05,18,13
18096,43260,3.280332e-05,18,13
18097,43261,3.270364e-05,18,13
18098,43262,3.279366e-05,18,13
18099,43263,3.286156e-05,18,13
18100,43264,3.279255e-05,18,13
18101,43265,3.270834e-05,18,13
18102,43266,3.278248e-05,18,13
18103,43267,3.286211e-05,18,13
18104,43270,3.27881e-05,18,13
18105,43271,3.269862e-05,18,13
18106,43272,3.276602e-05,18,13
18107,43273,3.286442e-05,18,13
18108,43274,3.280335e-05,18,13
18109,43275,3.270937e-05,18,13
18110,43276,3.276717e-05,18,13
18111,43277,3.286243e-05,18,13
18112,43300,3.280693e-05,18,13
18113,43301,3.272088e-05,18,13
18114,43302,3.275725e-05,18,13
18115,43303,3.286738e-05,18,13
18116,43304,3.281633e-05,18,13
18117,43305,3.27251e-05,18,13
18118,43306,3.273803e-05,18,13
18119,43307,3.286688e-05,18,13
18120,43310,3.281368e-05,18,13
18121,43311,3.271505e-05,18,13
18122,43312,3.276154e-05,18,13
18123,43313,3.286829e-05,18,13
18124,43314,3.279191e-05,18,13
18125,43315,3.269502e-05,18,13
18126,43316,3.2802e-05,18,14
18127,43317,3.285884e-05,18,14
18128,43320,3.278713e-05,18,14
18129,43321,3.269283e-05,18,14
18130,43322,3.28184e-05,18,14
18131,43323,3.286384e-05,18,14
18132,43324,3.279173e-05,18,14
18133,43325,3.269769e-05,18,14
18134,43326,3.277884e-05,18,14
18135,43327,3.286196e-05,18,14
18136,43330,3.280619e-05,18,14
18137,43331,3.270507e-05,18,14
18138,43332,3.278625e-05,18,14
18139,43333,3.286507e-05,18,14
18140,43334,3.279776e-05,18,14
18141,43335,3.270085e-05,18,14
18142,43336,3.280786e-05,18,14
18143,43337,3.286799e-05,18,14
18144,43340,3.279785e-05,18,14
18145,43341,3.27072e-05,18,14
18146,43342,3.276309e-05,18,14
18147,43343,3.286606e-05,18,14
18148,43344,3.280406e-05,18,14
18149,43345,3.270656e-05,18,14
18150,43346,3.276672e-05,18,14
18151,43347,3.285848e-05,18,14
18152,43350,3.278438e-05,18,14
18153,43351,3.268668e-05,18,14
18154,43352,3.278394e-05,18,14
18155,43353,3.285476e-05,18,14
18156,43354,3.278602e-05,18,14
18157,43355,3.269807e-05,18,15
18158,43356,3.275504e-05,18,15
18159,43357,3.285895e-05,18,15
18160,43360,3.280973e-05,18,15
18161,43361,3.271051e-05,18,15
18162,43362,3.274758e-05,18,15
18163,43363,3.286415e-05,18,15
18164,43364,3.280335e-05,18,15
18165,43365,3.271134e-05,18,15
18166,43366,3.278558e-05,18,15
18167,43367,3.28634e-05,18,15
18168,43370,3.279782e-05,18,15
18169,43371,3.270843e-05,18,15
18170,43372,3.276871e-05,18,15
18171,43373,3.286539e-05,18,15
18172,43374,3.280915e-05,18,15
18173,43375,3.27094e-05,18,15
18174,43376,3.27498e-05,18,15
18175,43377,3.285924e-05,18,15
18176,43400,3.279779e-05,18,15
18177,43401,3.269816e-05,18,15
18178,43402,3.277691e-05,18,15
18179,43403,3.286299e-05,18,15
18180,43404,3.27893e-05,18,15
18181,43405,3.268976e-05,18,15
18182,43406,3.280705e-05,18,15
18183,43407,3.285953e-05,18,15
18184,43410,3.278701e-05,18,15
18185,43411,3.270676e-05,18,15
18186,43412,3.279723e-05,18,15
18187,43413,3.286867e-05,18,15
18188,43414,3.28138e-05,18,16
18189,43415,3.271743e-05,18,16
18190,43416,3.276555e-05,18,16
18191,43417,3.28721e-05,18,16
18192,43420,3.28167e-05,18,16
18193,43421,3.272843e-05,18,16
18194,43422,3.275229e-05,18,16
18195,43423,3.287436e-05,18,16
18196,43424,3.282833e-05,18,16
18197,43425,3.273376e-05,18,16
18198,43426,3.27306e-05,18,16
18199,43427,3.287219e-05,18,16
18200,43430,3.283216e-05,18,16
18201,43431,3.274691e-05,18,16
18202,43432,3.271216e-05,18,16
18203,43433,3.286776e-05,18,16
18204,43434,3.285134e-05,18,16
18205,43435,3.276166e-05,18,16
18206,43436,3.270401e-05,18,16
18207,43437,3.284317e-05,18,16
18208,43440,3.287458e-05,18,16
18209,43441,3.279475e-05,18,16
18210,43442,3.270203e-05,18,16
18211,43443,3.279293e-05,18,16
18212,43444,3.288199e-05,18,16
18213,43445,3.284384e-05,18,16
18214,43446,3.275601e-05,18,16
18215,43447,3.27115e-05,18,16
18216,43450,3.286787e-05,18,16
18217,43451,3.284741e-05,18,16
18218,43452,3.277088e-05,18,17
18219,43453,3.271391e-05,18,17
18220,43454,3.287189e-05,18,17
18221,43455,3.285798e-05,18,17
18222,43456,3.277385e-05,18,17
18223,43457,3.271602e-05,18,17
18224,43460,3.288143e-05,18,17
18225,43461,3.284689e-05,18,17
18226,43462,3.275885e-05,18,17
18227,43463,3.27253e-05,18,17
18228,43464,3.287368e-05,18,17
18229,43465,3.28456e-05,18,17
18230,43466,3.277044e-05,18,17
18231,43467,3.271432e-05,18,17
18232,43470,3.288334e-05,18,17
18233,43471,3.282344e-05,18,17
18234,43472,3.272014e-05,18,17
18235,43473,3.277967e-05,18,17
18236,43474,3.288289e-05,18,17
18237,43475,3.282729e-05,18,17
18238,43476,3.274459e-05,18,17
18239,43477,3.273642e-05,18,17
18240,43500,3.288097e-05,18,17
18241,43501,3.284468e-05,18,17
18242,43502,3.276371e-05,18,17
18243,43503,3.273876e-05,18,17
18244,43504,3.287388e-05,18,17
18245,43505,3.284443e-05,18,17
18246,43506,3.276473e-05,18,17
18247,43507,3.272595e-05,18,17
18248,43510,3.288182e-05,18,17
18249,43511,3.285632e-05,18,18
18250,43512,3.277012e-05,18,18
18251,43513,3.272141e-05,18,18
18252,43514,3.287906e-05,18,18
18253,43515,3.285895e-05,18,18
18254,43516,3.278478e-05,18,18
18255,43517,3.271042e-05,18,18
18256,43520,3.285573e-05,18,18
18257,43521,3.287734e-05,18,18
18258,43522,3.282853e-05,18,18
18259,43523,3.27423e-05,18,18
18260,43524,3.278309e-05,18,18
18261,43525,3.289101e-05,18,18
18262,43526,3.28514e-05,18,18
18263,43527,3.277788e-05,18,18
18264,43530,3.272808e-05,18,18
18265,43531,3.288411e-05,18,18
18266,43532,3.286244e-05,18,18
18267,43533,3.277e-05,18,18
18268,43534,3.273288e-05,18,18
18269,43535,3.288971e-05,18,18
18270,43536,3.285109e-05,18,18
18271,43537,3.27621e-05,18,18
18272,43540,3.273382e-05,18,18
18273,43541,3.289165e-05,18,18
18274,43542,3.287113e-05,18,18
18275,43543,3.27907e-05,18,18
18276,43544,3.272354e-05,18,18
18277,43545,3.288301e-05,18,18
18278,43546,3.286881e-05,18,18
18279,43547,3.278801e-05,18,18
18280,43550,3.271927e-05,18,19
18281,43551,3.288636e-05,18,19
18282,43552,3.287297e-05,18,19
18283,43553,3.279068e-05,18,19
18284,43554,3.27224e-05,18,19
18285,43555,3.287645e-05,18,19
18286,43556,3.28834e-05,18,19
18287,43557,3.280514e-05,18,19
18288,43560,3.272032e-05,18,19
18289,43561,3.284961e-05,18,19
18290,43562,3.288586e-05,18,19
18291,43563,3.280815e-05,18,19
18292,43564,3.271754e-05,18,19
18293,43565,3.284206e-05,18,19
18294,43566,3.287783e-05,18,19
18295,43567,3.281436e-05,18,19
18296,43570,3.272445e-05,18,19
18297,43571,3.285963e-05,18,19
18298,43572,3.288697e-05,18,19
18299,43573,3.281005e-05,18,19
18300,43574,3.272427e-05,18,19
18301,43575,3.288014e-05,18,19
18302,43576,3.289022e-05,18,19
18303,43577,3.281026e-05,18,19
18304,43600,3.27286e-05,18,19
18305,43601,3.286729e-05,18,19
18306,43602,3.28923e-05,18,19
18307,43603,3.28198e-05,18,19
18308,43604,3.272703e-05,18,19
18309,43605,3.286255e-05,18,19
18310,43606,3.288998e-05,18,19
18311,43607,3.282996e-05,18,20
18312,43610,3.273929e-05,18,20
18313,43611,3.285468e-05,18,20
18314,43612,3.290084e-05,18,20
18315,43613,3.282329e-05,18,20
18316,43614,3.273349e-05,18,20
18317,43615,3.284372e-05,18,20
18318,43616,3.289707e-05,18,20
18319,43617,3.283357e-05,18,20
18320,43620,3.273923e-05,18,20
18321,43621,3.284352e-05,18,20
18322,43622,3.291168e-05,18,20
18323,43623,3.283307e-05,18,20
18324,43624,3.274268e-05,18,20
18325,43625,3.287277e-05,18,20
18326,43626,3.290331e-05,18,20
18327,43627,3.283002e-05,18,20
18328,43630,3.274181e-05,18,20
18329,43631,3.288835e-05,18,20
18330,43632,3.289867e-05,18,20
18331,43633,3.28164e-05,18,20
18332,43634,3.274266e-05,18,20
18333,43635,3.291086e-05,18,20
18334,43636,3.289306e-05,18,20
18335,43637,3.282135e-05,18,20
18336,43640,3.274706e-05,18,20
18337,43641,3.291522e-05,18,20
18338,43642,3.290272e-05,18,20
18339,43643,3.283207e-05,18,20
18340,43644,3.274564e-05,18,20
18341,43645,3.289985e-05,18,21
18342,43646,3.290407e-05,18,21
18343,43647,3.282434e-05,18,21
18344,43650,3.275262e-05,18,21
18345,43651,3.289695e-05,18,21
18346,43652,3.291847e-05,18,21
18347,43653,3.284133e-05,18,21
18348,43654,3.275168e-05,18,21
18349,43655,3.289209e-05,18,21
18350,43656,3.291917e-05,18,21
18351,43657,3.284797e-05,18,21
18352,43660,3.276654e-05,18,21
18353,43661,3.287906e-05,18,21
18354,43662,3.293668e-05,18,21
18355,43663,3.286272e-05,18,21
18356,43664,3.276237e-05,18,21
18357,43665,3.289862e-05,18,21
18358,43666,3.292945e-05,18,21
18359,43667,3.285342e-05,18,21
18360,43670,3.277144e-05,18,21
18361,43671,3.290892e-05,18,21
18362,43672,3.293513e-05,18,21
18363,43673,3.286413e-05,18,21
18364,43674,3.277528e-05,18,21
18365,43675,3.293282e-05,18,21
18366,43676,3.294072e-05,18,21
18367,43677,3.286811e-05,18,21
18368,43700,3.279208e-05,18,21
18369,43701,3.295791e-05,18,21
18370,43702,3.293586e-05,18,21
18371,43703,3.286103e-05,18,21
18372,43704,3.280818e-05,18,22
18373,43705,3.297049e-05,18,22
18374,43706,3.296394e-05,18,22
18375,43707,3.288413e-05,18,22
18376,43710,3.281735e-05,18,22
18377,43711,3.297708e-05,18,22
18378,43712,3.297822e-05,18,22
18379,43713,3.290442e-05,18,22
18380,43714,3.284185e-05,18,22
18381,43715,3.300695e-05,18,22
18382,43716,3.301696e-05,18,22
18383,43717,3.295448e-05,18,22
18384,43720,3.289305e-05,18,22
18385,43721,3.301804e-05,18,22
18386,43722,3.312063e-05,18,22
18387,43723,3.309428e-05,18,22
18388,43724,3.306735e-05,18,22
18389,43725,3.315216e-05,18,22
18390,43726,3.335213e-05,18,22
18391,43727,3.339674e-05,18,22
18392,43730,3.341091e-05,18,22
18393,43731,3.352612e-05,18,22
18394,43732,3.378815e-05,18,22
18395,43733,3.39401e-05,18,22
18396,43734,3.411685e-05,18,22
18397,43735,3.4398e-05,18,22
18398,43736,3.4975e-05,18,22
18399,43737,3.566562e-05,18,22
18400,43740,3.645201e-05,18,22
18401,43741,3.739685e-05,18,22
18402,43742,3.89561e-05,18,22
18403,43743,4.133312e-05,18,23
18404,43744,4.461647e-05,18,23
18405,43745,4.962863e-05,18,23
18406,43746,5.679765e-05,18,23
18407,43747,6.706271e-05,18,23
18408,43750,8.151546e-05,18,23
18409,43751,0.0009409813,18,23
18410,43752,0.0009445436,18,23
18411,43753,0.0009477489,18,23
18412,43754,0.000951725,18,23
18413,43755,0.0009546068,18,23
18414,43756,0.0009572441,18,23
18415,43757,0.0009600163,18,23
18416,43760,0.0009612092,18,23
18417,43761,0.0009624696,18,23
18418,43762,0.0009630786,18,23
18419,43763,0.0009634389,18,23
18420,43764,0.0009633924,18,23
18421,43765,0.0009626918,18,23
18422,43766,0.0009634739,18,23
18423,43767,0.0009625722,18,23
18424,43770,0.0009625697,18,23
18425,43771,0.0009627905,18,23
18426,43772,0.0009626845,18,23
18427,43773,0.0009625074,18,23
18428,43774,0.0009623229,18,23
18429,43775,0.0009621822,18,23
18430,43776,0.0009624522,18,23
18431,43777,0.0009625744,18,23
18432,44000,0.0009626013,18,23
18433,44001,0.0009629084,18,23
18434,44002,0.0009626871,18,24
18435,44003,0.0009622343,18,24
18436,44004,0.0009626932,18,24
18437,44005,0.0009624777,18,24
18438,44006,0.0009621374,18,24
18439,44007,0.0009623993,18,24
18440,44010,0.0009620971,18,24
18441,44011,0.0009624027,18,24
18442,44012,0.0009626909,18,24
18443,44013,0.0009624453,18,24
18444,44014,0.0009616661,18,24
18445,44015,0.0009627357,18,24
18446,44016,0.0009619832,18,24
18447,44017,0.0009623731,18,24
18448,44020,0.0009621825,18,24
18449,44021,0.0009622044,18,24
18450,44022,0.000962298,18,24
18451,44023,0.0009623571,18,24
18452,44024,0.0009622081,18,24
18453,44025,0.0009626548,18,24
18454,44026,0.0009623934,18,24
18455,44027,0.0009619087,18,24
18456,44030,0.0009625304,18,24
18457,44031,0.000961993,18,24
18458,44032,0.0009625476,18,24
18459,44033,0.0009622091,18,24
18460,44034,0.00096306,18,24
18461,44035,0.0009620463,18,24
18462,44036,0.0009618084,18,24
18463,44037,0.0009622066,18,24
18464,44040,0.0009625123,-1,-1
18465,44041,0.0009620729,-1,-1
18466,44042,0.0009626076,-1,-1
18467,44043,0.0009620945,-1,-1
18468,44044,0.0009620609,-1,-1
18469,44045,0.0009625937,-1,-1
18470,44046,0.000962434,-1,-1
18471,44047,0.0009622152,-1,-1
18472,44050,0.0009625148,-1,-1
18473,44051,0.0009624244,-1,-1
18474,44052,0.0009623194,-1,-1
18475,44053,0.0009623995,-1,-1
18476,44054,0.0009621388,-1,-1
18477,44055,0.0009620834,-1,-1
18478,44056,0.0009622222,-1,-1
18479,44057,0.0009626707,-1,-1
18480,44060,0.0009626421,-1,-1
18481,44061,0.0009625971,-1,-1
18482,44062,0.0009618911,-1,-1
18483,44063,0.0009625448,-1,-1
18484,44064,0.0009617056,-1,-1
18485,44065,0.0009622358,-1,-1
18486,44066,0.0009624369,-1,-1
18487,44067,0.0009619399,-1,-1
18488,44070,0.0009627713,-1,-1
18489,44071,0.0009620929,-1,-1
18490,44072,0.0009623254,-1,-1
18491,44073,0.0009617598,-1,-1
18492,44074,0.0009618693,-1,-1
18493,44075,0.0009615776,-1,-1
18494,44076,0.0009622583,-1,-1
18495,44077,0.0009625749,-1,-1
18496,44100,0.000962529,-1,-1
18497,44101,0.0009619545,-1,-1
18498,44102,0.0009620652,-1,-1
18499,44103,0.0009617912,-1,-1
18500,44104,0.0009614872,-1,-1
18501,44105,0.0009619097,-1,-1
18502,44106,0.0009615161,-1,-1
18503,44107,0.0009619217,-1,-1
18504,44110,0.0009616943,-1,-1
18505,44111,0.0009616648,-1,-1
18506,44112,0.0009622663,-1,-1
18507,44113,0.0009620305,-1,-1
18508,44114,0.0009624244,-1,-1
18509,44115,0.0009624182,-1,-1
18510,44116,0.0009615078,-1,-1
18511,44117,0.0009616503,-1,-1
18512,44120,0.0009624084,-1,-1
18513,44121,0.0009621367,-1,-1
18514,44122,0.0009615633,-1,-1
18515,44123,0.0009618499,-1,-1
18516,44124,0.0009622655,-1,-1
18517,44125,0.0009620168,-1,-1
18518,44126,0.0009620187,-1,-1
18519,44127,0.0009616973,-1,-1
18520,44130,0.0009617658,-1,-1
18521,44131,0.0009624732,-1,-1
18522,44132,0.00096237,-1,-1
18523,44133,0.0009614045,-1,-1
18524,44134,0.0009619293,-1,-1
18525,44135,0.0009615676,-1,-1
18526,44136,0.0009623415,-1,-1
18527,44137,0.0009622263,-1,-1
18528,44140,0.0009615782,-1,-1
18529,44141,0.0009618827,-1,-1
18530,44142,0.0009622458,-1,-1
18531,44143,0.000961579,-1,-1
18532,44144,0.0009625359,-1,-1
18533,44145,0.0009613351,-1,-1
18534,44146,0.0009615908,-1,-1
18535,44147,0.0009616705,-1,-1
18536,44150,0.0009620156,-1,-1
18537,44151,0.0009619793,-1,-1
18538,44152,0.0009630536,-1,-1
18539,44153,0.0009620675,-1,-1
18540,44154,0.0009621117,-1,-1
18541,44155,0.0009615098,-1,-1
18542,44156,0.0009614831,-1,-1
18543,44157,0.0009615647,-1,-1
18544,44160,0.0009606784,-1,-1
18545,44161,0.0009620006,-1,-1
18546,44162,0.0009620292,-1,-1
18547,44163,0.0009619893,-1,-1
18548,44164,0.0009612863,-1,-1
18549,44165,0.0009621721,-1,-1
18550,44166,0.0009617244,-1,-1
18551,44167,0.0009616469,-1,-1
18552,44170,0.0009625928,-1,-1
18553,44171,0.0009623009,-1,-1
18554,44172,0.0009622487,-1,-1
18555,44173,0.0009619899,-1,-1
18556,44174,0.0009622644,-1,-1
18557,44175,0.0009618232,-1,-1
18558,44176,0.0009623666,-1,-1
18559,44177,0.0009616447,-1,-1
18560,44200,0.000961665,-1,-1
18561,44201,0.0009619499,-1,-1
18562,44202,0.0009617627,-1,-1
18563,44203,0.0009623007,-1,-1
18564,44204,0.000962048,-1,-1
18565,44205,0.000961299,-1,-1
18566,44206,0.0009620463,-1,-1
18567,44207,0.0009618119,-1,-1
18568,44210,0.0009615727,-1,-1
18569,44211,0.0009618704,-1,-1
18570,44212,0.0009618763,-1,-1
18571,44213,0.0009616869,-1,-1
18572,44214,0.0009615026,-1,-1
18573,44215,0.0009618979,-1,-1
18574,44216,0.000962179,-1,-1
18575,44217,0.0009619099,-1,-1
18576,44220,0.0009618938,-1,-1
18577,44221,0.0009625755,-1,-1
18578,44222,0.0009616307,-1,-1
18579,44223,0.0009616283,-1,-1
18580,44224,0.0009619276,-1,-1
18581,44225,0.0009616805,-1,-1
18582,44226,0.0009621908,-1,-1
18583,44227,0.0009625767,-1,-1
18584,44230,0.0009622163,-1,-1
18585,44231,0.0009615825,-1,-1
18586,44232,0.0009621402,-1,-1
18587,44233,0.0009625552,-1,-1
18588,44234,0.0009614351,-1,-1
18589,44235,0.00096169,-1,-1
18590,44236,0.0009623409,-1,-1
18591,44237,0.0009621025,-1,-1
18592,44240,0.0009623495,-1,-1
18593,44241,0.0009616048,-1,-1
18594,44242,0.0009620781,-1,-1
18595,44243,0.0009624867,-1,-1
18596,44244,0.000961748,-1,-1
18597,44245,0.0009624452,-1,-1
18598,44246,0.0009618884,-1,-1
18599,44247,0.0009616262,-1,-1
18600,44250,0.000962263,-1,-1
18601,44251,0.000962278,-1,-1
18602,44252,0.0009618967,-1,-1
18603,44253,0.0009622966,-1,-1
18604,44254,0.0009624391,-1,-1
18605,44255,0.0009624779,-1,-1
18606,44256,0.0009623028,-1,-1
18607,44257,0.0009624492,-1,-1
18608,44260,0.0009616075,-1,-1
18609,44261,0.0009621828,-1,-1
18610,44262,0.0009618146,-1,-1
18611,44263,0.0009619829,-1,-1
18612,44264,0.0009614378,-1,-1
18613,44265,0.0009619865,-1,-1
18614,44266,0.0009617328,-1,-1
18615,44267,0.0009618899,-1,-1
18616,44270,0.0009617306,-1,-1
18617,44271,0.000961351,-1,-1
18618,44272,0.000962214,-1,-1
18619,44273,0.0009622297,-1,-1
18620,44274,0.0009617966,-1,-1
18621,44275,0.0009622366,-1,-1
18622,44276,0.0009616939,-1,-1
18623,44277,0.0009614154,-1,-1
18624,44300,0.0009614767,-1,-1
18625,44301,0.0009615718,-1,-1
18626,44302,0.0009618021,-1,-1
18627,44303,0.0009622536,-1,-1
18628,44304,0.0009620012,-1,-1
18629,44305,0.0009623594,-1,-1
18630,44306,0.0009617314,-1,-1
18631,44307,0.0009615735,-1,-1
18632,44310,0.0009618548,-1,-1
18633,44311,0.0009614927,-1,-1
18634,44312,0.0009619571,-1,-1
18635,44313,0.0009617658,-1,-1
18636,44314,0.0009618857,-1,-1
18637,44315,0.0009620973,-1,-1
18638,44316,0.0009619293,-1,-1
18639,44317,0.0009611731,-1,-1
18640,44320,0.0009614952,-1,-1
18641,44321,0.0009609017,-1,-1
18642,44322,0.0009620525,-1,-1
18643,44323,0.0009623401,-1,-1
18644,44324,0.0009616881,-1,-1
18645,44325,0.0009618895,-1,-1
18646,44326,0.0009616695,-1,-1
18647,44327,0.0009619298,-1,-1
18648,44330,0.0009617927,-1,-1
18649,44331,0.0009616211,-1,-1
18650,44332,0.0009613333,-1,-1
18651,44333,0.0009616178,-1,-1
18652,44334,0.000962203,-1,-1
18653,44335,0.0009615665,-1,-1
18654,44336,0.0009620955,-1,-1
18655,44337,0.0009618821,-1,-1
18656,44340,0.0009616196,-1,-1
18657,44341,0.0009613669,-1,-1
18658,44342,0.0009612953,-1,-1
18659,44343,0.0009617158,-1,-1
18660,44344,0.0009618283,-1,-1
18661,44345,0.0009615288,-1,-1
18662,44346,0.0009616846,-1,-1
18663,44347,0.0009611904,-1,-1
18664,44350,0.0009622566,-1,-1
18665,44351,0.0009611739,-1,-1
18666,44352,0.0009616814,-1,-1
18667,44353,0.0009615868,-1,-1
18668,44354,0.0009619233,-1,-1
18669,44355,0.0009621524,-1,-1
18670,44356,0.0009616418,-1,-1
18671,44357,0.0009610486,-1,-1
18672,44360,0.0009606815,-1,-1
18673,44361,0.0009617888,-1,-1
18674,44362,0.0009605977,-1,-1
18675,44363,0.0009614548,-1,-1
18676,44364,0.0009606925,-1,-1
18677,44365,0.0009611104,-1,-1
18678,44366,0.0009616709,-1,-1
18679,44367,0.0009615782,-1,-1
18680,44370,0.0009610177,-1,-1
18681,44371,0.0009613258,-1,-1
18682,44372,0.0009614684,-1,-1
18683,44373,0.0009622328,-1,-1
18684,44374,0.0009615631,-1,-1
18685,44375,0.0009617954,-1,-1
18686,44376,0.0009621092,-1,-1
18687,44377,0.0009615779,-1,-1
18688,44400,0.0009615443,-1,-1
18689,44401,0.0009612299,-1,-1
18690,44402,0.0009617863,-1,-1
18691,44403,0.0009613633,-1,-1
18692,44404,0.0009611169,-1,-1
18693,44405,0.0009614999,-1,-1
18694,44406,0.0009621049,-1,-1
18695,44407,0.0009611606,-1,-1
18696,44410,0.000961494,-1,-1
18697,44411,0.0009616612,-1,-1
18698,44412,0.000961145,-1,-1
18699,44413,0.000962368,-1,-1
18700,44414,0.000961056,-1,-1
18701,44415,0.0009621946,-1,-1
18702,44416,0.0009614509,-1,-1
18703,44417,0.0009615965,-1,-1
18704,44420,0.0009617537,-1,-1
18705,44421,0.0009617421,-1,-1
18706,44422,0.0009617633,-1,-1
18707,44423,0.0009615985,-1,-1
18708,44424,0.0009616653,-1,-1
18709,44425,0.0009624057,-1,-1
18710,44426,0.0009619809,-1,-1
18711,44427,0.0009623959,-1,-1
18712,44430,0.0009615514,-1,-1
18713,44431,0.0009615831,-1,-1
18714,44432,0.0009613765,-1,-1
18715,44433,0.0009611741,-1,-1
18716,44434,0.0009609297,-1,-1
18717,44435,0.0009620978,-1,-1
18718,44436,0.0009613369,-1,-1
18719,44437,0.0009617663,-1,-1
18720,44440,0.0009616301,-1,-1
18721,44441,0.0009616856,-1,-1
18722,44442,0.0009612108,-1,-1
18723,44443,0.0009616543,-1,-1
18724,44444,0.000961745,-1,-1
18725,44445,0.0009614988,-1,-1
18726,44446,0.0009614964,-1,-1
18727,44447,0.0009611766,-1,-1
18728,44450,0.0009621406,-1,-1
18729,44451,0.0009612651,-1,-1
18730,44452,0.0009617947,-1,-1
18731,44453,0.0009621402,-1,-1
18732,44454,0.0009607005,-1,-1
18733,44455,0.000960841,-1,-1
18734,44456,0.0009616607,-1,-1
18735,44457,0.000961447,-1,-1
18736,44460,0.0009618364,-1,-1
18737,44461,0.0009608379,-1,-1
18738,44462,0.0009614597,-1,-1
18739,44463,0.0009613803,-1,-1
18740,44464,0.0009610273,-1,-1
18741,44465,0.0009613223,-1,-1
18742,44466,0.0009608649,-1,-1
18743,44467,0.0009609387,-1,-1
18744,44470,0.0009611096,-1,-1
18745,44471,0.0009614271,-1,-1
18746,44472,0.0009616005,-1,-1
18747,44473,0.0009606334,-1,-1
18748,44474,0.0009610677,-1,-1
18749,44475,0.0009604578,-1,-1
18750,44476,0.0009607013,-1,-1
18751,44477,0.0009613892,-1,-1
18752,44500,0.0009611032,-1,-1
18753,44501,0.0009605369,-1,-1
18754,44502,0.0009607179,-1,-1
18755,44503,0.0009610212,-1,-1
18756,44504,0.0009607682,-1,-1
18757,44505,0.0009614583,-1,-1
18758,44506,0.0009614353,-1,-1
18759,44507,0.0009613306,-1,-1
18760,44510,0.0009615893,19,24
18761,44511,0.0009618847,19,24
18762,44512,0.0009612004,19,24
18763,44513,0.0009605941,19,24
18764,44514,0.0009609429,19,24
18765,44515,0.0009608681,19,24
18766,44516,0.0009603893,19,24
18767,44517,0.0009607821,19,24
18768,44520,0.0009606872,19,24
18769,44521,0.0009611261,19,24
18770,44522,0.0009616631,19,24
18771,44523,0.0009617376,19,24
18772,44524,0.0009606663,19,24
18773,44525,0.000961196,19,24
18774,44526,0.0009608563,19,24
18775,44527,0.0009614224,19,24
18776,44530,0.0009608773,19,24
18777,44531,0.0009611136,19,24
18778,44532,0.0009609143,19,24
18779,44533,0.0009609832,19,24
18780,44534,0.000961278,19,24
18781,44535,0.0009606613,19,24
18782,44536,0.0009616467,19,24
18783,44537,0.0009616903,19,24
18784,44540,0.0009608801,19,24
18785,44541,0.0009616937,19,24
18786,44542,0.0009611924,19,24
18787,44543,0.0009613168,19,24
18788,44544,0.0009617,19,24
18789,44545,0.0009603995,19,24
18790,44546,0.0009589496,19,24
18791,44547,0.0009573585,19,23
18792,44550,0.0009555318,19,23
18793,44551,0.0009529781,19,23
18794,44552,0.0009493431,19,23
18795,44553,0.0009455512,19,23
18796,44554,0.0009417846,19,23
18797,44555,0.0009386772,19,23
18798,44556,0.0009340273,19,23
18799,44557,0.0009309736,19,23
18800,44560,0.0009260423,19,23
18801,44561,0.0009204494,19,23
18802,44562,0.0009141956,19,23
18803,44563,0.0009069348,19,23
18804,44564,0.0008983536,19,23
18805,44565,0.0008900319,19,23
18806,44566,0.0008813777,19,23
18807,44567,0.0008712514,19,23
18808,44570,0.0008602508,19,23
18809,44571,0.0008480589,19,23
18810,44572,0.0008314381,19,23
18811,44573,0.0008096418,19,23
18812,44574,0.0007891772,19,23
18813,44575,0.0007622584,19,23
18814,44576,0.00073164,19,23
18815,44577,0.0006988799,19,23
18816,44600,0.0006550765,19,23
18817,44601,0.0006029009,19,23
18818,44602,0.0005518105,19,23
18819,44603,0.0004888091,19,23
18820,44604,0.0004244327,19,23
18821,44605,0.0003652921,19,22
18822,44606,0.0003096021,19,22
18823,44607,0.0002606417,19,22
18824,44610,0.0002176358,19,22
18825,44611,0.0001784913,19,22
18826,44612,0.0001407216,19,22
18827,44613,0.000109784,19,22
18828,44614,3.1241e-05,19,22
18829,44615,3.120764e-05,19,22
18830,44616,3.11426e-05,19,22
18831,44617,3.120399e-05,19,22
18832,44620,3.1348e-05,19,22
18833,44621,3.133108e-05,19,22
18834,44622,3.127988e-05,19,22
18835,44623,3.134572e-05,19,22
18836,44624,3.150558e-05,19,22
18837,44625,3.150422e-05,19,22
18838,44626,3.146247e-05,19,22
18839,44627,3.151175e-05,19,22
18840,44630,3.167327e-05,19,22
18841,44631,3.167269e-05,19,22
18842,44632,3.161495e-05,19,22
18843,44633,3.16422e-05,19,22
18844,44634,3.180537e-05,19,22
18845,44635,3.181119e-05,19,22
18846,44636,3.176181e-05,19,22
18847,44637,3.174582e-05,19,22
18848,44640,3.192257e-05,19,22
18849,44641,3.192693e-05,19,22
18850,44642,3.186875e-05,19,22
18851,44643,3.183251e-05,19,21
18852,44644,3.199746e-05,19,21
18853,44645,3.202952e-05,19,21
18854,44646,3.197325e-05,19,21
18855,44647,3.191766e-05,19,21
18856,44650,3.209455e-05,19,21
18857,44651,3.21125e-05,19,21
18858,44652,3.206949e-05,19,21
18859,44653,3.199211e-05,19,21
18860,44654,3.211443e-05,19,21
18861,44655,3.218686e-05,19,21
18862,44656,3.213461e-05,19,21
18863,44657,3.206477e-05,19,21
18864,44660,3.215943e-05,19,21
18865,44661,3.224743e-05,19,21
18866,44662,3.220922e-05,19,21
18867,44663,3.214479e-05,19,21
18868,44664,3.2156e-05,19,21
18869,44665,3.23015e-05,19,21
18870,44666,3.226146e-05,19,21
18871,44667,3.22012e-05,19,21
18872,44670,3.21659e-05,19,21
18873,44671,3.232244e-05,19,21
18874,44672,3.232639e-05,19,21
18875,44673,3.225867e-05,19,21
18876,44674,3.219321e-05,19,21
18877,44675,3.235851e-05,19,21
18878,44676,3.236847e-05,19,21
18879,44677,3.230941e-05,19,21
18880,44700,3.222893e-05,19,21
18881,44701,3.235105e-05,19,20
18882,44702,3.240843e-05,19,20
18883,44703,3.236038e-05,19,20
18884,44704,3.228108e-05,19,20
18885,44705,3.231928e-05,19,20
18886,44706,3.244453e-05,19,20
18887,44707,3.240808e-05,19,20
18888,44710,3.233101e-05,19,20
18889,44711,3.229568e-05,19,20
18890,44712,3.246412e-05,19,20
18891,44713,3.244386e-05,19,20
18892,44714,3.236645e-05,19,20
18893,44715,3.232154e-05,19,20
18894,44716,3.247416e-05,19,20
18895,44717,3.246939e-05,19,20
18896,44720,3.23932e-05,19,20
18897,44721,3.233406e-05,19,20
18898,44722,3.249893e-05,19,20
18899,44723,3.249374e-05,19,20
18900,44724,3.241654e-05,19,20
18901,44725,3.235167e-05,19,20
18902,44726,3.249934e-05,19,20
18903,44727,3.251395e-05,19,20
18904,44730,3.244356e-05,19,20
18905,44731,3.236314e-05,19,20
18906,44732,3.252174e-05,19,20
18907,44733,3.254367e-05,19,20
18908,44734,3.246927e-05,19,20
18909,44735,3.2381e-05,19,20
18910,44736,3.251892e-05,19,20
18911,44737,3.255242e-05,19,19
18912,44740,3.247504e-05,19,19
18913,44741,3.239233e-05,19,19
18914,44742,3.253514e-05,19,19
18915,44743,3.256656e-05,19,19
18916,44744,3.249799e-05,19,19
18917,44745,3.241182e-05,19,19
18918,44746,3.25143e-05,19,19
18919,44747,3.258638e-05,19,19
18920,44750,3.252914e-05,19,19
18921,44751,3.243867e-05,19,19
18922,44752,3.246075e-05,19,19
18923,44753,3.259609e-05,19,19
18924,44754,3.256898e-05,19,19
18925,44755,3.248081e-05,19,19
18926,44756,3.243349e-05,19,19
18927,44757,3.25935e-05,19,19
18928,44760,3.258363e-05,19,19
18929,44761,3.2508e-05,19,19
18930,44762,3.243926e-05,19,19
18931,44763,3.259308e-05,19,19
18932,44764,3.260371e-05,19,19
18933,44765,3.253755e-05,19,19
18934,44766,3.244749e-05,19,19
18935,44767,3.257991e-05,19,19
18936,44770,3.261782e-05,19,19
18937,44771,3.25386e-05,19,19
18938,44772,3.245703e-05,19,19
18939,44773,3.259891e-05,19,19
18940,44774,3.262452e-05,19,19
18941,44775,3.255247e-05,19,19
18942,44776,3.24628e-05,19,18
18943,44777,3.260523e-05,19,18
18944,45000,3.262781e-05,19,18
18945,45001,3.256436e-05,19,18
18946,45002,3.247225e-05,19,18
18947,45003,3.258822e-05,19,18
18948,45004,3.264812e-05,19,18
18949,45005,3.257853e-05,19,18
18950,45006,3.248309e-05,19,18
18951,45007,3.259634e-05,19,18
18952,45010,3.264933e-05,19,18
18953,45011,3.257403e-05,19,18
18954,45012,3.24876e-05,19,18
18955,45013,3.261679e-05,19,18
18956,45014,3.265658e-05,19,18
18957,45015,3.258869e-05,19,18
18958,45016,3.248882e-05,19,18
18959,45017,3.261211e-05,19,18
18960,45020,3.265779e-05,19,18
18961,45021,3.259004e-05,19,18
18962,45022,3.249913e-05,19,18
18963,45023,3.263099e-05,19,18
18964,45024,3.267043e-05,19,18
18965,45025,3.259792e-05,19,18
18966,45026,3.250446e-05,19,18
18967,45027,3.259803e-05,19,18
18968,45030,3.26742e-05,19,18
18969,45031,3.260924e-05,19,18
18970,45032,3.251113e-05,19,18
18971,45033,3.261425e-05,19,18
18972,45034,3.268211e-05,19,17
18973,45035,3.261495e-05,19,17
18974,45036,3.253031e-05,19,17
18975,45037,3.260775e-05,19,17
18976,45040,3.267924e-05,19,17
18977,45041,3.262684e-05,19,17
18978,45042,3.252671e-05,19,17
18979,45043,3.258269e-05,19,17
18980,45044,3.268718e-05,19,17
18981,45045,3.262432e-05,19,17
18982,45046,3.252894e-05,19,17
18983,45047,3.260213e-05,19,17
18984,45050,3.269121e-05,19,17
18985,45051,3.263676e-05,19,17
18986,45052,3.254887e-05,19,17
18987,45053,3.255971e-05,19,17
18988,45054,3.269628e-05,19,17
18989,45055,3.264007e-05,19,17
18990,45056,3.254536e-05,19,17
18991,45057,3.257739e-05,19,17
18992,45060,3.269792e-05,19,17
18993,45061,3.264183e-05,19,17
18994,45062,3.254193e-05,19,17
18995,45063,3.259753e-05,19,17
18996,45064,3.270152e-05,19,17
18997,45065,3.266232e-05,19,17
18998,45066,3.257584e-05,19,17
18999,45067,3.255406e-05,19,17
19000,45070,3.270296e-05,19,17
19001,45071,3.266701e-05,19,17
19002,45072,3.259601e-05,19,16
19003,45073,3.254278e-05,19,16
19004,45074,3.270389e-05,19,16
19005,45075,3.268127e-05,19,16
19006,45076,3.258336e-05,19,16
19007,45077,3.257414e-05,19,16
19008,45100,3.271034e-05,19,16
19009,45101,3.268475e-05,19,16
19010,45102,3.259229e-05,19,16
19011,45103,3.254908e-05,19,16
19012,45104,3.271025e-05,19,16
19013,45105,3.268572e-05,19,16
19014,45106,3.261408e-05,19,16
19015,45107,3.254919e-05,19,16
19016,45110,3.270603e-05,19,16
19017,45111,3.270984e-05,19,16
19018,45112,3.264581e-05,19,16
19019,45113,3.25468e-05,19,16
19020,45114,3.267655e-05,19,16
19021,45115,3.272081e-05,19,16
19022,45116,3.265199e-05,19,16
19023,45117,3.256542e-05,19,16
19024,45120,3.262941e-05,19,16
19025,45121,3.273631e-05,19,16
19026,45122,3.26844e-05,19,16
19027,45123,3.259932e-05,19,16
19028,45124,3.259938e-05,19,16
19029,45125,3.273534e-05,19,16
19030,45126,3.269154e-05,19,16
19031,45127,3.25929e-05,19,16
19032,45130,3.261399e-05,19,15
19033,45131,3.274685e-05,19,15
19034,45132,3.268007e-05,19,15
19035,45133,3.258828e-05,19,15
19036,45134,3.261981e-05,19,15
19037,45135,3.274718e-05,19,15
19038,45136,3.272565e-05,19,15
19039,45137,3.264095e-05,19,15
19040,45140,3.25908e-05,19,15
19041,45141,3.275944e-05,19,15
19042,45142,3.272787e-05,19,15
19043,45143,3.263759e-05,19,15
19044,45144,3.25997e-05,19,15
19045,45145,3.274644e-05,19,15
19046,45146,3.273505e-05,19,15
19047,45147,3.265518e-05,19,15
19048,45150,3.258523e-05,19,15
19049,45151,3.274834e-05,19,15
19050,45152,3.274507e-05,19,15
19051,45153,3.265814e-05,19,15
19052,45154,3.25859e-05,19,15
19053,45155,3.274099e-05,19,15
19054,45156,3.273763e-05,19,15
19055,45157,3.266182e-05,19,15
19056,45160,3.258096e-05,19,15
19057,45161,3.273042e-05,19,15
19058,45162,3.274617e-05,19,15
19059,45163,3.266686e-05,19,15
19060,45164,3.258265e-05,19,15
19061,45165,3.270623e-05,19,15
19062,45166,3.273341e-05,19,14
19063,45167,3.26336e-05,19,14
19064,45170,3.255815e-05,19,14
19065,45171,3.271426e-05,19,14
19066,45172,3.269862e-05,19,14
19067,45173,3.262558e-05,19,14
19068,45174,3.254343e-05,19,14
19069,45175,3.268103e-05,19,14
19070,45176,3.272009e-05,19,14
19071,45177,3.264291e-05,19,14
19072,45200,3.254817e-05,19,14
19073,45201,3.269146e-05,19,14
19074,45202,3.271798e-05,19,14
19075,45203,3.264473e-05,19,14
19076,45204,3.256993e-05,19,14
19077,45205,3.265822e-05,19,14
19078,45206,3.273912e-05,19,14
19079,45207,3.266835e-05,19,14
19080,45210,3.259504e-05,19,14
19081,45211,3.260251e-05,19,14
19082,45212,3.274122e-05,19,14
19083,45213,3.269476e-05,19,14
19084,45214,3.261393e-05,19,14
19085,45215,3.258886e-05,19,14
19086,45216,3.273774e-05,19,14
19087,45217,3.270954e-05,19,14
19088,45220,3.261711e-05,19,14
19089,45221,3.257282e-05,19,14
19090,45222,3.272819e-05,19,14
19091,45223,3.269549e-05,19,14
19092,45224,3.26206e-05,19,14
19093,45225,3.255414e-05,19,13
19094,45226,3.271207e-05,19,13
19095,45227,3.270612e-05,19,13
19096,45230,3.260801e-05,19,13
19097,45231,3.254721e-05,19,13
19098,45232,3.269989e-05,19,13
19099,45233,3.269553e-05,19,13
19100,45234,3.262262e-05,19,13
19101,45235,3.253289e-05,19,13
19102,45236,3.26798e-05,19,13
19103,45237,3.268376e-05,19,13
19104,45240,3.260613e-05,19,13
19105,45241,3.253324e-05,19,13
19106,45242,3.267944e-05,19,13
19107,45243,3.269072e-05,19,13
19108,45244,3.260866e-05,19,13
19109,45245,3.252364e-05,19,13
19110,45246,3.265615e-05,19,13
19111,45247,3.268756e-05,19,13
19112,45250,3.260693e-05,19,13
19113,45251,3.251872e-05,19,13
19114,45252,3.265995e-05,19,13
19115,45253,3.267134e-05,19,13
19116,45254,3.257993e-05,19,13
19117,45255,3.251857e-05,19,13
19118,45256,3.267427e-05,19,13
19119,45257,3.265509e-05,19,13
19120,45260,3.257411e-05,19,13
19121,45261,3.250829e-05,19,13
19122,45262,3.265981e-05,19,13
19123,45263,3.265009e-05,19,12
19124,45264,3.25547e-05,19,12
19125,45265,3.249216e-05,19,12
19126,45266,3.265394e-05,19,12
19127,45267,3.263583e-05,19,12
19128,45270,3.254685e-05,19,12
19129,45271,3.248446e-05,19,12
19130,45272,3.263542e-05,19,12
19131,45273,3.262897e-05,19,12
19132,45274,3.254729e-05,19,12
19133,45275,3.252384e-05,19,12
19134,45276,3.265193e-05,19,12
19135,45277,3.260131e-05,19,12
19136,45300,3.253043e-05,19,12
19137,45301,3.248657e-05,19,12
19138,45302,3.263879e-05,19,12
19139,45303,3.261993e-05,19,12
19140,45304,3.252322e-05,19,12
19141,45305,3.247951e-05,19,12
19142,45306,3.264036e-05,19,12
19143,45307,3.260995e-05,19,12
19144,45310,3.253353e-05,19,12
19145,45311,3.247726e-05,19,12
19146,45312,3.262897e-05,19,12
19147,45313,3.261835e-05,19,12
19148,45314,3.253558e-05,19,12
19149,45315,3.250267e-05,19,12
19150,45316,3.264493e-05,19,12
19151,45317,3.260365e-05,19,12
19152,45320,3.251898e-05,19,12
19153,45321,3.25092e-05,19,11
19154,45322,3.26404e-05,19,11
19155,45323,3.261196e-05,19,11
19156,45324,3.254351e-05,19,11
19157,45325,3.247281e-05,19,11
19158,45326,3.262997e-05,19,11
19159,45327,3.263027e-05,19,11
19160,45330,3.254642e-05,19,11
19161,45331,3.247032e-05,19,11
19162,45332,3.261164e-05,19,11
19163,45333,3.26334e-05,19,11
19164,45334,3.257449e-05,19,11
19165,45335,3.248783e-05,19,11
19166,45336,3.256873e-05,19,11
19167,45337,3.264472e-05,19,11
19168,45340,3.258266e-05,19,11
19169,45341,3.24871e-05,19,11
19170,45342,3.254033e-05,19,11
19171,45343,3.264824e-05,19,11
19172,45344,3.26062e-05,19,11
19173,45345,3.25149e-05,19,11
19174,45346,3.248439e-05,19,11
19175,45347,3.263123e-05,19,11
19176,45350,3.262333e-05,19,11
19177,45351,3.2547e-05,19,11
19178,45352,3.247111e-05,19,11
19179,45353,3.263931e-05,19,11
19180,45354,3.26173e-05,19,11
19181,45355,3.253787e-05,19,11
19182,45356,3.249796e-05,19,11
19183,45357,3.263522e-05,19,10
19184,45360,3.263147e-05,19,10
19185,45361,3.254568e-05,19,10
19186,45362,3.247787e-05,19,10
19187,45363,3.260831e-05,19,10
19188,45364,3.264587e-05,19,10
19189,45365,3.257051e-05,19,10
19190,45366,3.247715e-05,19,10
19191,45367,3.257719e-05,19,10
19192,45370,3.264593e-05,19,10
19193,45371,3.257891e-05,19,10
19194,45372,3.247849e-05,19,10
19195,45373,3.259347e-05,19,10
19196,45374,3.262918e-05,19,10
19197,45375,3.255148e-05,19,10
19198,45376,3.246819e-05,19,10
19199,45377,3.264201e-05,19,10
19200,45400,3.259569e-05,19,10
19201,45401,3.250566e-05,19,10
19202,45402,3.250653e-05,19,10
19203,45403,3.263884e-05,19,10
19204,45404,3.260836e-05,19,10
19205,45405,3.252929e-05,19,10
19206,45406,3.249521e-05,19,10
19207,45407,3.264731e-05,19,10
19208,45410,3.265794e-05,19,10
19209,45411,3.259824e-05,19,10
19210,45412,3.250943e-05,19,10
19211,45413,3.263755e-05,19,10
19212,45414,3.268212e-05,19,10
19213,45415,3.261133e-05,19,9
19214,45416,3.253101e-05,19,9
19215,45417,3.261223e-05,19,9
19216,45420,3.26914e-05,19,9
19217,45421,3.263027e-05,19,9
19218,45422,3.253224e-05,19,9
19219,45423,3.259736e-05,19,9
19220,45424,3.268934e-05,19,9
19221,45425,3.262224e-05,19,9
19222,45426,3.252575e-05,19,9
19223,45427,3.263425e-05,19,9
19224,45430,3.267482e-05,19,9
19225,45431,3.260198e-05,19,9
19226,45432,3.250648e-05,19,9
19227,45433,3.263366e-05,19,9
19228,45434,3.267895e-05,19,9
19229,45435,3.262675e-05,19,9
19230,45436,3.250894e-05,19,9
19231,45437,3.261211e-05,19,9
19232,45440,3.267801e-05,19,9
19233,45441,3.261437e-05,19,9
19234,45442,3.25152e-05,19,9
19235,45443,3.260453e-05,19,9
19236,45444,3.267345e-05,19,9
19237,45445,3.260017e-05,19,9
19238,45446,3.251625e-05,19,9
19239,45447,3.260377e-05,19,9
19240,45450,3.267725e-05,19,9
19241,45451,3.261583e-05,19,9
19242,45452,3.251687e-05,19,9
19243,45453,3.257982e-05,19,9
19244,45454,3.267322e-05,19,8
19245,45455,3.260771e-05,19,8
19246,45456,3.250941e-05,19,8
19247,45457,3.25997e-05,19,8
19248,45460,3.267163e-05,19,8
19249,45461,3.260269e-05,19,8
19250,45462,3.25044e-05,19,8
19251,45463,3.261979e-05,19,8
19252,45464,3.265974e-05,19,8
19253,45465,3.258913e-05,19,8
19254,45466,3.249664e-05,19,8
19255,45467,3.262895e-05,19,8
19256,45470,3.266757e-05,19,8
19257,45471,3.258986e-05,19,8
19258,45472,3.24953e-05,19,8
19259,45473,3.26333e-05,19,8
19260,45474,3.265787e-05,19,8
19261,45475,3.259428e-05,19,8
19262,45476,3.249673e-05,19,8
19263,45477,3.260297e-05,19,8
19264,45500,3.266192e-05,19,8
19265,45501,3.259223e-05,19,8
19266,45502,3.250385e-05,19,8
19267,45503,3.259355e-05,19,8
19268,45504,3.265881e-05,19,8
19269,45505,3.258939e-05,19,8
19270,45506,3.249872e-05,19,8
19271,45507,3.25756e-05,19,8
19272,45510,3.26617e-05,19,8
19273,45511,3.260104e-05,19,8
19274,45512,3.251693e-05,19,7
19275,45513,3.255819e-05,19,7
19276,45514,3.266235e-05,19,7
19277,45515,3.261647e-05,19,7
19278,45516,3.252166e-05,19,7
19279,45517,3.251506e-05,19,7
19280,45520,3.266057e-05,19,7
19281,45521,3.261337e-05,19,7
19282,45522,3.253663e-05,19,7
19283,45523,3.251368e-05,19,7
19284,45524,3.265263e-05,19,7
19285,45525,3.262854e-05,19,7
19286,45526,3.256337e-05,19,7
19287,45527,3.248329e-05,19,7
19288,45530,3.263196e-05,19,7
19289,45531,3.263972e-05,19,7
19290,45532,3.25631e-05,19,7
19291,45533,3.248276e-05,19,7
19292,45534,3.263372e-05,19,7
19293,45535,3.264877e-05,19,7
19294,45536,3.257739e-05,19,7
19295,45537,3.24842e-05,19,7
19296,45540,3.260524e-05,19,7
19297,45541,3.265352e-05,19,7
19298,45542,3.259985e-05,19,7
19299,45543,3.251163e-05,19,7
19300,45544,3.254217e-05,19,7
19301,45545,3.265825e-05,19,7
19302,45546,3.260058e-05,19,7
19303,45547,3.250434e-05,19,7
19304,45550,3.254416e-05,19,6
19305,45551,3.265309e-05,19,6
19306,45552,3.260628e-05,19,6
19307,45553,3.252457e-05,19,6
19308,45554,3.249427e-05,19,6
19309,45555,3.26511e-05,19,6
19310,45556,3.26074e-05,19,6
19311,45557,3.252636e-05,19,6
19312,45560,3.250338e-05,19,6
19313,45561,3.265047e-05,19,6
19314,45562,3.260807e-05,19,6
19315,45563,3.253049e-05,19,6
19316,45564,3.249237e-05,19,6
19317,45565,3.264698e-05,19,6
19318,45566,3.261789e-05,19,6
19319,45567,3.252879e-05,19,6
19320,45570,3.248464e-05,19,6
19321,45571,3.263197e-05,19,6
19322,45572,3.262272e-05,19,6
19323,45573,3.254835e-05,19,6
19324,45574,3.247548e-05,19,6
19325,45575,3.263299e-05,19,6
19326,45576,3.262929e-05,19,6
19327,45577,3.254088e-05,19,6
19328,45600,3.2469e-05,19,6
19329,45601,3.262598e-05,19,6
19330,45602,3.262341e-05,19,6
19331,45603,3.25331e-05,19,6
19332,45604,3.246868e-05,19,6
19333,45605,3.263416e-05,19,6
19334,45606,3.261073e-05,19,5
19335,45607,3.252495e-05,19,5
19336,45610,3.247837e-05,19,5
19337,45611,3.262763e-05,19,5
19338,45612,3.262333e-05,19,5
19339,45613,3.254226e-05,19,5
19340,45614,3.24601e-05,19,5
19341,45615,3.256922e-05,19,5
19342,45616,3.263647e-05,19,5
19343,45617,3.257358e-05,19,5
19344,45620,3.248101e-05,19,5
19345,45621,3.25106e-05,19,5
19346,45622,3.264051e-05,19,5
19347,45623,3.258676e-05,19,5
19348,45624,3.251002e-05,19,5
19349,45625,3.246921e-05,19,5
19350,45626,3.262485e-05,19,5
19351,45627,3.260693e-05,19,5
19352,45630,3.254088e-05,19,5
19353,45631,3.245686e-05,19,5
19354,45632,3.2585e-05,19,5
19355,45633,3.26233e-05,19,5
19356,45634,3.254712e-05,19,5
19357,45635,3.245612e-05,19,5
19358,45636,3.259369e-05,19,5
19359,45637,3.261437e-05,19,5
19360,45640,3.253192e-05,19,5
19361,45641,3.245144e-05,19,5
19362,45642,3.261674e-05,19,5
19363,45643,3.260383e-05,19,5
19364,45644,3.251306e-05,19,4
19365,45645,3.246225e-05,19,4
19366,45646,3.261875e-05,19,4
19367,45647,3.259756e-05,19,4
19368,45650,3.249418e-05,19,4
19369,45651,3.2457e-05,19,4
19370,45652,3.26086e-05,19,4
19371,45653,3.25917e-05,19,4
19372,45654,3.25111e-05,19,4
19373,45655,3.245711e-05,19,4
19374,45656,3.261823e-05,19,4
19375,45657,3.257877e-05,19,4
19376,45660,3.249489e-05,19,4
19377,45661,3.247275e-05,19,4
19378,45662,3.262133e-05,19,4
19379,45663,3.258965e-05,19,4
19380,45664,3.250109e-05,19,4
19381,45665,3.245897e-05,19,4
19382,45666,3.260696e-05,19,4
19383,45667,3.259352e-05,19,4
19384,45670,3.251129e-05,19,4
19385,45671,3.244956e-05,19,4
19386,45672,3.260713e-05,19,4
19387,45673,3.260274e-05,19,4
19388,45674,3.251497e-05,19,4
19389,45675,3.244746e-05,19,4
19390,45676,3.261044e-05,19,4
19391,45677,3.259641e-05,19,4
19392,45700,3.251959e-05,19,4
19393,45701,3.24447e-05,19,4
19394,45702,3.258084e-05,19,4
19395,45703,3.261342e-05,19,3
19396,45704,3.253898e-05,19,3
19397,45705,3.244661e-05,19,3
19398,45706,3.258347e-05,19,3
19399,45707,3.260661e-05,19,3
19400,45710,3.252671e-05,19,3
19401,45711,3.244277e-05,19,3
19402,45712,3.259704e-05,19,3
19403,45713,3.259873e-05,19,3
19404,45714,3.253022e-05,19,3
19405,45715,3.244544e-05,19,3
19406,45716,3.258966e-05,19,3
19407,45717,3.259739e-05,19,3
19408,45720,3.252249e-05,19,3
19409,45721,3.244248e-05,19,3
19410,45722,3.25829e-05,19,3
19411,45723,3.260504e-05,19,3
19412,45724,3.252042e-05,19,3
19413,45725,3.244137e-05,19,3
19414,45726,3.258931e-05,19,3
19415,45727,3.260134e-05,19,3
19416,45730,3.252674e-05,19,3
19417,45731,3.243791e-05,19,3
19418,45732,3.25737e-05,19,3
19419,45733,3.260005e-05,19,3
19420,45734,3.252548e-05,19,3
19421,45735,3.243921e-05,19,3
19422,45736,3.25773e-05,19,3
19423,45737,3.260301e-05,19,3
19424,45740,3.251802e-05,19,3
19425,45741,3.243539e-05,19,2
19426,45742,3.25872e-05,19,2
19427,45743,3.259373e-05,19,2
19428,45744,3.252841e-05,19,2
19429,45745,3.243542e-05,19,2
19430,45746,3.255326e-05,19,2
19431,45747,3.260737e-05,19,2
19432,45750,3.253643e-05,19,2
19433,45751,3.244207e-05,19,2
19434,45752,3.254399e-05,19,2
19435,45753,3.260134e-05,19,2
19436,45754,3.252366e-05,19,2
19437,45755,3.242914e-05,19,2
19438,45756,3.256814e-05,19,2
19439,45757,3.259341e-05,19,2
19440,45760,3.251266e-05,19,2
19441,45761,3.242688e-05,19,2
19442,45762,3.256187e-05,19,2
19443,45763,3.258521e-05,19,2
19444,45764,3.251459e-05,19,2
19445,45765,3.242664e-05,19,2
19446,45766,3.255815e-05,19,2
19447,45767,3.259068e-05,19,2
19448,45770,3.252062e-05,19,2
19449,45771,3.242483e-05,19,2
19450,45772,3.254867e-05,19,2
19451,45773,3.25879e-05,19,2
19452,45774,3.251125e-05,19,2
19453,45775,3.24204e-05,19,2
19454,45776,3.25292e-05,19,2
19455,45777,3.259012e-05,19,1
19456,46000,3.252097e-05,19,1
19457,46001,3.243305e-05,19,1
19458,46002,3.253239e-05,19,1
19459,46003,3.258945e-05,19,1
19460,46004,3.251807e-05,19,1
19461,46005,3.242782e-05,19,1
19462,46006,3.249304e-05,19,1
19463,46007,3.25922e-05,19,1
19464,46010,3.25283e-05,19,1
19465,46011,3.244491e-05,19,1
19466,46012,3.248733e-05,19,1
19467,46013,3.258635e-05,19,1
19468,46014,3.254835e-05,19,1
19469,46015,3.246084e-05,19,1
19470,46016,3.243475e-05,19,1
19471,46017,3.257693e-05,19,1
19472,46020,3.256547e-05,19,1
19473,46021,3.248534e-05,19,1
19474,46022,3.240737e-05,19,1
19475,46023,3.253403e-05,19,1
19476,46024,3.258108e-05,19,1
19477,46025,3.250958e-05,19,1
19478,46026,3.241288e-05,19,1
19479,46027,3.253092e-05,19,1
19480,46030,3.256776e-05,19,1
19481,46031,3.249567e-05,19,1
19482,46032,3.240398e-05,19,1
19483,46033,3.252372e-05,19,1
19484,46034,3.257341e-05,19,1
19485,46035,3.250361e-05,19,0
19486,46036,3.242306e-05,19,0
19487,46037,3.246736e-05,19,0
19488,46040,3.257327e-05,19,0
19489,46041,3.251172e-05,19,0
19490,46042,3.24209e-05,19,0
19491,46043,3.245003e-05,19,0
19492,46044,3.257092e-05,19,0
19493,46045,3.25146e-05,19,0
19494,46046,3.243818e-05,19,0
19495,46047,3.243042e-05,19,0
19496,46050,3.256752e-05,19,0
19497,46051,3.252917e-05,19,0
19498,46052,3.242711e-05,19,0
19499,46053,3.244025e-05,19,0
19500,46054,3.256694e-05,19,0
19501,46055,3.251942e-05,19,0
19502,46056,3.243001e-05,19,0
19503,46057,3.241636e-05,19,0
19504,46060,3.256047e-05,19,0
19505,46061,3.253075e-05,19,0
19506,46062,3.244734e-05,19,0
19507,46063,3.239037e-05,19,0
19508,46064,3.255598e-05,19,0
19509,46065,3.253406e-05,19,0
19510,46066,3.243946e-05,19,0
19511,46067,3.240486e-05,19,0
19512,46070,3.256471e-05,19,0
19513,46071,3.252726e-05,19,0
19514,46072,3.243844e-05,19,0
19515,46073,3.24048e-05,-1,-1
19516,46074,3.255625e-05,-1,-1
19517,46075,3.253227e-05,-1,-1
19518,46076,3.245124e-05,-1,-1
19519,46077,3.239347e-05,-1,-1
19520,46100,3.255566e-05,-1,-1
19521,46101,3.254726e-05,-1,-1
19522,46102,3.248189e-05,-1,-1
19523,46103,3.239455e-05,-1,-1
19524,46104,3.253625e-05,-1,-1
19525,46105,3.256989e-05,-1,-1
19526,46106,3.250194e-05,-1,-1
19527,46107,3.243448e-05,-1,-1
19528,46110,3.249401e-05,-1,-1
19529,46111,3.260883e-05,-1,-1
19530,46112,3.256307e-05,-1,-1
19531,46113,3.250674e-05,-1,-1
19532,46114,3.251172e-05,-1,-1
19533,46115,3.26978e-05,-1,-1
19534,46116,3.268972e-05,-1,-1
19535,46117,3.259229e-05,-1,-1
19536,46120,3.255848e-05,-1,-1
19537,46121,3.271233e-05,-1,-1
19538,46122,3.267143e-05,-1,-1
19539,46123,3.260491e-05,-1,-1
19540,46124,3.254064e-05,-1,-1
19541,46125,3.267987e-05,-1,-1
19542,46126,3.27039e-05,-1,-1
19543,46127,3.261563e-05,-1,-1
19544,46130,3.253748e-05,-1,-1
19545,46131,3.269221e-05,-1,-1
19546,46132,3.269649e-05,-1,-1
19547,46133,3.263e-05,-1,-1
19548,46134,3.253772e-05,-1,-1
19549,46135,3.267444e-05,-1,-1
19550,46136,3.270395e-05,-1,-1
19551,46137,3.260643e-05,-1,-1
19552,46140,3.253722e-05,-1,-1
19553,46141,3.265261e-05,-1,-1
19554,46142,3.270278e-05,-1,-1
19555,46143,3.265096e-05,-1,-1
19556,46144,3.255692e-05,-1,-1
19557,46145,3.260947e-05,-1,-1
19558,46146,3.271637e-05,-1,-1
19559,46147,3.26606e-05,-1,-1
19560,46150,3.257987e-05,-1,-1
19561,46151,3.256926e-05,-1,-1
19562,46152,3.270431e-05,-1,-1
19563,46153,3.268244e-05,-1,-1
19564,46154,3.261044e-05,-1,-1
19565,46155,3.253113e-05,-1,-1
19566,46156,3.266648e-05,-1,-1
19567,46157,3.270003e-05,-1,-1
19568,46160,3.263559e-05,-1,-1
19569,46161,3.254407e-05,-1,-1
19570,46162,3.265087e-05,-1,-1
19571,46163,3.271127e-05,-1,-1
19572,46164,3.26416e-05,-1,-1
19573,46165,3.25468e-05,-1,-1
19574,46166,3.26199e-05,-1,-1
19575,46167,3.270664e-05,-1,-1
19576,46170,3.265445e-05,-1,-1
19577,46171,3.257326e-05,-1,-1
19578,46172,3.255165e-05,-1,-1
19579,46173,3.271168e-05,-1,-1
19580,46174,3.268071e-05,-1,-1
19581,46175,3.258892e-05,-1,-1
19582,46176,3.254967e-05,-1,-1
19583,46177,3.270544e-05,-1,-1
19584,46200,3.267409e-05,-1,-1
19585,46201,3.259788e-05,-1,-1
19586,46202,3.254313e-05,-1,-1
19587,46203,3.270507e-05,-1,-1
19588,46204,3.268499e-05,-1,-1
19589,46205,3.262332e-05,-1,-1
19590,46206,3.253538e-05,-1,-1
19591,46207,3.26656e-05,-1,-1
19592,46210,3.269828e-05,-1,-1
19593,46211,3.262116e-05,-1,-1
19594,46212,3.25313e-05,-1,-1
19595,46213,3.268287e-05,-1,-1
19596,46214,3.269591e-05,-1,-1
19597,46215,3.263693e-05,-1,-1
19598,46216,3.254571e-05,-1,-1
19599,46217,3.262824e-05,-1,-1
19600,46220,3.270513e-05,-1,-1
19601,46221,3.265222e-05,-1,-1
19602,46222,3.256274e-05,-1,-1
19603,46223,3.260289e-05,-1,-1
19604,46224,3.271031e-05,-1,-1
19605,46225,3.267544e-05,-1,-1
19606,46226,3.260168e-05,-1,-1
19607,46227,3.25523e-05,-1,-1
19608,46230,3.271048e-05,-1,-1
19609,46231,3.268372e-05,-1,-1
19610,46232,3.26008e-05,-1,-1
19611,46233,3.254436e-05,-1,-1
19612,46234,3.270237e-05,-1,-1
19613,46235,3.267181e-05,-1,-1
19614,46236,3.260585e-05,-1,-1
19615,46237,3.25427e-05,-1,-1
19616,46240,3.270062e-05,-1,-1
19617,46241,3.267922e-05,-1,-1
19618,46242,3.259393e-05,-1,-1
19619,46243,3.256995e-05,-1,-1
19620,46244,3.270834e-05,-1,-1
19621,46245,3.268089e-05,-1,-1
19622,46246,3.259211e-05,-1,-1
19623,46247,3.254123e-05,-1,-1
19624,46250,3.270641e-05,-1,-1
19625,46251,3.268264e-05,-1,-1
19626,46252,3.260916e-05,-1,-1
19627,46253,3.254231e-05,-1,-1
19628,46254,3.26943e-05,-1,-1
19629,46255,3.268817e-05,-1,-1
19630,46256,3.260766e-05,-1,-1
19631,46257,3.254574e-05,-1,-1
19632,46260,3.270841e-05,-1,-1
19633,46261,3.268869e-05,-1,-1
19634,46262,3.260866e-05,-1,-1
19635,46263,3.253813e-05,-1,-1
19636,46264,3.269997e-05,-1,-1
19637,46265,3.267175e-05,-1,-1
19638,46266,3.258415e-05,-1,-1
19639,46267,3.257584e-05,-1,-1
19640,46270,3.27168e-05,-1,-1
19641,46271,3.267227e-05,-1,-1
19642,46272,3.256307e-05,-1,-1
19643,46273,3.258611e-05,-1,-1
19644,46274,3.270114e-05,-1,-1
19645,46275,3.265794e-05,-1,-1
19646,46276,3.256076e-05,-1,-1
19647,46277,3.26074e-05,-1,-1
19648,46300,3.270334e-05,-1,-1
19649,46301,3.263823e-05,-1,-1
19650,46302,3.254316e-05,-1,-1
19651,46303,3.262098e-05,-1,-1
19652,46304,3.270536e-05,-1,-1
19653,46305,3.26581e-05,-1,-1
19654,46306,3.256398e-05,-1,-1
19655,46307,3.259683e-05,-1,-1
19656,46310,3.270981e-05,-1,-1
19657,46311,3.266296e-05,-1,-1
19658,46312,3.256889e-05,-1,-1
19659,46313,3.26257e-05,-1,-1
19660,46314,3.270475e-05,-1,-1
19661,46315,3.264712e-05,-1,-1
19662,46316,3.256433e-05,-1,-1
19663,46317,3.265005e-05,-1,-1
19664,46320,3.279188e-05,-1,-1
19665,46321,3.281968e-05,-1,-1
19666,46322,3.291007e-05,-1,-1
19667,46323,3.334041e-05,-1,-1
19668,46324,3.382211e-05,-1,-1
19669,46325,3.437066e-05,-1,-1
19670,46326,3.504307e-05,-1,-1
19671,46327,3.583239e-05,-1,-1
19672,46330,3.675462e-05,-1,-1
19673,46331,3.756546e-05,-1,-1
19674,46332,3.766131e-05,-1,-1
19675,46333,3.769302e-05,-1,-1
19676,46334,3.775389e-05,-1,-1
19677,46335,3.770487e-05,-1,-1
19678,46336,3.759482e-05,-1,-1
19679,46337,3.751577e-05,-1,-1
19680,46340,3.767033e-05,-1,-1
19681,46341,3.761441e-05,-1,-1
19682,46342,3.748867e-05,-1,-1
19683,46343,3.746105e-05,-1,-1
19684,46344,3.757922e-05,-1,-1
19685,46345,3.753407e-05,-1,-1
19686,46346,3.742598e-05,-1,-1
19687,46347,3.737422e-05,-1,-1
19688,46350,3.753387e-05,-1,-1
19689,46351,3.746674e-05,-1,-1
19690,46352,3.737896e-05,-1,-1
19691,46353,3.731393e-05,-1,-1
19692,46354,3.745614e-05,-1,-1
19693,46355,3.743676e-05,-1,-1
19694,46356,3.734784e-05,-1,-1
19695,46357,3.727713e-05,-1,-1
19696,46360,3.744129e-05,-1,-1
19697,46361,3.738712e-05,-1,-1
19698,46362,3.731253e-05,-1,-1
19699,46363,3.727763e-05,-1,-1
19700,46364,3.74063e-05,-1,-1
19701,46365,3.737884e-05,-1,-1
19702,46366,3.728984e-05,-1,-1
19703,46367,3.723129e-05,-1,-1
19704,46370,3.739106e-05,-1,-1
19705,46371,3.734722e-05,-1,-1
19706,46372,3.726522e-05,-1,-1
19707,46373,3.721492e-05,-1,-1
19708,46374,3.735815e-05,-1,-1
19709,46375,3.734552e-05,-1,-1
19710,46376,3.725854e-05,-1,-1
19711,46377,3.721182e-05,-1,-1
19712,46400,3.736646e-05,-1,-1
19713,46401,3.734611e-05,-1,-1
19714,46402,3.726744e-05,-1,-1
19715,46403,3.719241e-05,-1,-1
19716,46404,3.736105e-05,-1,-1
19717,46405,3.735088e-05,-1,-1
19718,46406,3.726712e-05,-1,-1
19719,46407,3.720371e-05,-1,-1
19720,46410,3.736599e-05,-1,-1
19721,46411,3.736496e-05,-1,-1
19722,46412,3.728431e-05,-1,-1
19723,46413,3.719976e-05,-1,-1
19724,46414,3.732473e-05,-1,-1
19725,46415,3.736564e-05,-1,-1
19726,46416,3.728571e-05,-1,-1
19727,46417,3.719721e-05,-1,-1
19728,46420,3.736658e-05,-1,-1
19729,46421,3.733924e-05,-1,-1
19730,46422,3.725348e-05,-1,-1
19731,46423,3.720005e-05,-1,-1
19732,46424,3.735759e-05,-1,-1
19733,46425,3.733074e-05,-1,-1
19734,46426,3.723419e-05,-1,-1
19735,46427,3.724625e-05,-1,-1
19736,46430,3.736734e-05,-1,-1
19737,46431,3.730937e-05,-1,-1
19738,46432,3.720752e-05,-1,-1
19739,46433,3.726815e-05,-1,-1
19740,46434,3.735574e-05,-1,-1
19741,46435,3.729531e-05,-1,-1
19742,46436,3.720125e-05,-1,-1
19743,46437,3.728583e-05,-1,-1
19744,46440,3.734956e-05,-1,-1
19745,46441,3.729918e-05,-1,-1
19746,46442,3.720555e-05,-1,-1
19747,46443,3.729906e-05,-1,-1
19748,46444,3.734565e-05,-1,-1
19749,46445,3.727819e-05,-1,-1
19750,46446,3.718354e-05,-1,-1
19751,46447,3.732339e-05,-1,-1
19752,46450,3.735261e-05,-1,-1
19753,46451,3.728053e-05,-1,-1
19754,46452,3.71802e-05,-1,-1
19755,46453,3.732096e-05,-1,-1
19756,46454,3.734845e-05,-1,-1
19757,46455,3.728389e-05,-1,-1
19758,46456,3.718854e-05,-1,-1
19759,46457,3.730468e-05,-1,-1
19760,46460,3.734978e-05,-1,-1
19761,46461,3.727541e-05,-1,-1
19762,46462,3.718245e-05,-1,-1
19763,46463,3.734072e-05,-1,-1
19764,46464,3.734268e-05,-1,-1
19765,46465,3.726706e-05,-1,-1
19766,46466,3.718863e-05,-1,-1
19767,46467,3.734561e-05,-1,-1
19768,46470,3.734272e-05,-1,-1
19769,46471,3.727588e-05,-1,-1
19770,46472,3.719041e-05,-1,-1
19771,46473,3.732427e-05,-1,-1
19772,46474,3.735038e-05,-1,-1
19773,46475,3.728399e-05,-1,-1
19774,46476,3.719349e-05,-1,-1
19775,46477,3.731593e-05,-1,-1
19776,46500,3.735806e-05,-1,-1
19777,46501,3.728352e-05,-1,-1
19778,46502,3.719472e-05,-1,-1
19779,46503,3.731845e-05,-1,-1
19780,46504,3.734442e-05,-1,-1
19781,46505,3.726788e-05,-1,-1
19782,46506,3.718547e-05,-1,-1
19783,46507,3.734178e-05,-1,-1
19784,46510,3.734277e-05,-1,-1
19785,46511,3.724595e-05,-1,-1
19786,46512,3.710694e-05,-1,-1
19787,46513,3.737018e-05,-1,-1
19788,46514,3.745997e-05,-1,-1
19789,46515,3.728703e-05,-1,-1
19790,46516,3.735583e-05,-1,-1
19791,46517,3.76121e-05,-1,-1
19792,46520,3.761523e-05,-1,-1
19793,46521,3.772666e-05,-1,-1
19794,46522,3.768915e-05,-1,-1
19795,46523,3.799188e-05,-1,-1
19796,46524,3.823105e-05,-1,-1
19797,46525,3.815504e-05,-1,-1
19798,46526,3.839523e-05,-1,-1
19799,46527,3.871441e-05,-1,-1
19800,46530,3.884646e-05,-1,-1
19801,46531,3.898277e-05,-1,-1
19802,46532,3.914891e-05,-1,-1
19803,46533,3.956108e-05,-1,-1
19804,46534,3.988071e-05,-1,-1
19805,46535,3.988156e-05,-1,-1
19806,46536,4.037883e-05,-1,-1
19807,46537,4.086975e-05,-1,-1
19808,46540,4.100455e-05,-1,-1
19809,46541,4.161966e-05,20,0
19810,46542,4.201218e-05,20,0
19811,46543,4.278259e-05,20,0
19812,46544,4.354517e-05,20,0
19813,46545,4.408631e-05,20,0
19814,46546,4.509262e-05,20,0
19815,46547,4.591482e-05,20,0
19816,46550,4.676273e-05,20,0
19817,46551,4.76867e-05,20,0
19818,46552,4.857868e-05,20,0
19819,46553,4.947547e-05,20,0
19820,46554,5.050743e-05,20,0
19821,46555,5.094005e-05,20,0
19822,46556,5.244672e-05,20,0
19823,46557,5.311189e-05,20,0
19824,46560,5.399788e-05,20,0
19825,46561,5.554741e-05,20,0
19826,46562,5.602348e-05,20,0
19827,46563,5.734386e-05,20,0
19828,46564,5.822776e-05,20,0
19829,46565,5.948904e-05,20,0
19830,46566,6.099878e-05,20,0
19831,46567,6.134906e-05,20,0
19832,46570,6.289661e-05,20,0
19833,46571,6.355177e-05,20,0
19834,46572,6.359001e-05,20,0
19835,46573,6.494384e-05,20,0
19836,46574,6.593864e-05,20,0
19837,46575,6.609598e-05,20,0
19838,46576,6.682492e-05,20,0
19839,46577,6.672772e-05,20,0
19840,46600,6.700744e-05,20,1
19841,46601,6.691064e-05,20,1
19842,46602,6.582551e-05,20,1
19843,46603,6.531041e-05,20,1
19844,46604,6.433688e-05,20,1
19845,46605,6.268507e-05,20,1
19846,46606,6.06754e-05,20,1
19847,46607,5.856283e-05,20,1
19848,46610,5.629137e-05,20,1
19849,46611,5.384875e-05,20,1
19850,46612,5.162499e-05,20,1
19851,46613,4.961994e-05,20,1
19852,46614,4.741782e-05,20,1
19853,46615,4.494638e-05,20,1
19854,46616,4.279024e-05,20,1
19855,46617,4.070229e-05,20,1
19856,46620,3.869126e-05,20,1
19857,46621,3.678767e-05,20,1
19858,46622,3.520488e-05,20,1
19859,46623,3.428692e-05,20,1
19860,46624,3.350393e-05,20,1
19861,46625,3.293475e-05,20,1
19862,46626,3.257813e-05,20,1
19863,46627,3.25355e-05,20,1
19864,46630,3.239517e-05,20,1
19865,46631,3.22241e-05,20,1
19866,46632,3.213343e-05,20,1
19867,46633,3.228681e-05,20,1
19868,46634,3.227094e-05,20,1
19869,46635,3.219415e-05,20,1
19870,46636,3.216938e-05,20,2
19871,46637,3.234548e-05,20,2
19872,46640,3.237871e-05,20,2
19873,46641,3.232451e-05,20,2
19874,46642,3.228573e-05,20,2
19875,46643,3.244526e-05,20,2
19876,46644,3.250568e-05,20,2
19877,46645,3.247749e-05,20,2
19878,46646,3.2406e-05,20,2
19879,46647,3.25631e-05,20,2
19880,46650,3.262977e-05,20,2
19881,46651,3.257598e-05,20,2
19882,46652,3.254308e-05,20,2
19883,46653,3.270718e-05,20,2
19884,46654,3.272477e-05,20,2
19885,46655,3.265386e-05,20,2
19886,46656,3.263135e-05,20,2
19887,46657,3.281307e-05,20,2
19888,46660,3.280742e-05,20,2
19889,46661,3.275364e-05,20,2
19890,46662,3.272237e-05,20,2
19891,46663,3.290085e-05,20,2
19892,46664,3.289554e-05,20,2
19893,46665,3.281784e-05,20,2
19894,46666,3.277761e-05,20,2
19895,46667,3.296522e-05,20,2
19896,46670,3.29517e-05,20,2
19897,46671,3.286835e-05,20,2
19898,46672,3.288185e-05,20,2
19899,46673,3.304349e-05,20,2
19900,46674,3.30022e-05,20,3
19901,46675,3.291949e-05,20,3
19902,46676,3.293082e-05,20,3
19903,46677,3.31062e-05,20,3
19904,46700,3.308608e-05,20,3
19905,46701,3.303218e-05,20,3
19906,46702,3.307568e-05,20,3
19907,46703,3.322646e-05,20,3
19908,46704,3.317901e-05,20,3
19909,46705,3.314402e-05,20,3
19910,46706,3.319611e-05,20,3
19911,46707,3.332452e-05,20,3
19912,46710,3.329395e-05,20,3
19913,46711,3.322137e-05,20,3
19914,46712,3.331699e-05,20,3
19915,46713,3.34348e-05,20,3
19916,46714,3.338641e-05,20,3
19917,46715,3.333602e-05,20,3
19918,46716,3.336717e-05,20,3
19919,46717,3.352193e-05,20,3
19920,46720,3.347948e-05,20,3
19921,46721,3.340145e-05,20,3
19922,46722,3.349034e-05,20,3
19923,46723,3.361685e-05,20,3
19924,46724,3.352091e-05,20,3
19925,46725,3.350562e-05,20,3
19926,46726,3.358623e-05,20,3
19927,46727,3.366109e-05,20,3
19928,46730,3.362877e-05,20,3
19929,46731,3.354383e-05,20,3
19930,46732,3.370369e-05,20,4
19931,46733,3.372003e-05,20,4
19932,46734,3.365567e-05,20,4
19933,46735,3.359975e-05,20,4
19934,46736,3.371885e-05,20,4
19935,46737,3.379422e-05,20,4
19936,46740,3.373651e-05,20,4
19937,46741,3.36531e-05,20,4
19938,46742,3.380689e-05,20,4
19939,46743,3.384645e-05,20,4
19940,46744,3.375452e-05,20,4
19941,46745,3.37443e-05,20,4
19942,46746,3.381863e-05,20,4
19943,46747,3.388791e-05,20,4
19944,46750,3.385165e-05,20,4
19945,46751,3.375156e-05,20,4
19946,46752,3.386012e-05,20,4
19947,46753,3.393091e-05,20,4
19948,46754,3.389449e-05,20,4
19949,46755,3.384115e-05,20,4
19950,46756,3.391331e-05,20,4
19951,46757,3.397459e-05,20,4
19952,46760,3.393135e-05,20,4
19953,46761,3.385906e-05,20,4
19954,46762,3.392602e-05,20,4
19955,46763,3.40383e-05,20,4
19956,46764,3.396449e-05,20,4
19957,46765,3.396253e-05,20,4
19958,46766,3.394973e-05,20,4
19959,46767,3.40806e-05,20,4
19960,46770,3.405718e-05,20,5
19961,46771,3.39144e-05,20,5
19962,46772,3.40296e-05,20,5
19963,46773,3.407016e-05,20,5
19964,46774,3.402252e-05,20,5
19965,46775,3.395785e-05,20,5
19966,46776,3.402044e-05,20,5
19967,46777,3.411934e-05,20,5
19968,47000,3.408014e-05,20,5
19969,47001,3.396201e-05,20,5
19970,47002,3.411445e-05,20,5
19971,47003,3.412514e-05,20,5
19972,47004,3.402902e-05,20,5
19973,47005,3.401429e-05,20,5
19974,47006,3.406547e-05,20,5
19975,47007,3.416727e-05,20,5
19976,47010,3.410538e-05,20,5
19977,47011,3.399503e-05,20,5
19978,47012,3.414712e-05,20,5
19979,47013,3.414519e-05,20,5
19980,47014,3.413977e-05,20,5
19981,47015,3.404234e-05,20,5
19982,47016,3.415743e-05,20,5
19983,47017,3.423604e-05,20,5
19984,47020,3.415348e-05,20,5
19985,47021,3.405578e-05,20,5
19986,47022,3.423543e-05,20,5
19987,47023,3.42012e-05,20,5
19988,47024,3.41374e-05,20,5
19989,47025,3.411881e-05,20,5
19990,47026,3.407006e-05,20,5
19991,47027,3.42481e-05,20,6
19992,47030,3.421877e-05,20,6
19993,47031,3.407589e-05,20,6
19994,47032,3.414768e-05,20,6
19995,47033,3.420377e-05,20,6
19996,47034,3.416657e-05,20,6
19997,47035,3.411235e-05,20,6
19998,47036,3.404304e-05,20,6
19999,47037,3.418735e-05,20,6
20000,47040,3.407642e-05,20,6
20001,47041,3.396941e-05,20,6
20002,47042,3.415638e-05,20,6
20003,47043,3.412443e-05,20,6
20004,47044,3.400838e-05,20,6
20005,47045,3.398581e-05,20,6
20006,47046,3.402846e-05,20,6
20007,47047,3.4077e-05,20,6
20008,47050,3.399646e-05,20,6
20009,47051,3.382255e-05,20,6
20010,47052,3.401614e-05,20,6
20011,47053,3.398153e-05,20,6
20012,47054,3.391838e-05,20,6
20013,47055,3.382226e-05,20,6
20014,47056,3.388131e-05,20,6
20015,47057,3.396402e-05,20,6
20016,47060,3.386263e-05,20,6
20017,47061,3.372568e-05,20,6
20018,47062,3.385611e-05,20,6
20019,47063,3.387479e-05,20,6
20020,47064,3.375243e-05,20,6
20021,47065,3.368425e-05,20,7
20022,47066,3.374509e-05,20,7
20023,47067,3.379507e-05,20,7
20024,47070,3.37022e-05,20,7
20025,47071,3.357203e-05,20,7
20026,47072,3.37113e-05,20,7
20027,47073,3.372574e-05,20,7
20028,47074,3.366495e-05,20,7
20029,47075,3.355044e-05,20,7
20030,47076,3.364791e-05,20,7
20031,47077,3.369844e-05,20,7
20032,47100,3.360405e-05,20,7
20033,47101,3.34976e-05,20,7
20034,47102,3.362517e-05,20,7
20035,47103,3.363825e-05,20,7
20036,47104,3.353493e-05,20,7
20037,47105,3.346168e-05,20,7
20038,47106,3.351643e-05,20,7
20039,47107,3.358514e-05,20,7
20040,47110,3.35251e-05,20,7
20041,47111,3.341685e-05,20,7
20042,47112,3.355657e-05,20,7
20043,47113,3.358579e-05,20,7
20044,47114,3.351947e-05,20,7
20045,47115,3.34139e-05,20,7
20046,47116,3.352767e-05,20,7
20047,47117,3.357525e-05,20,7
20048,47120,3.350299e-05,20,7
20049,47121,3.339783e-05,20,7
20050,47122,3.356416e-05,20,7
20051,47123,3.358213e-05,20,8
20052,47124,3.346473e-05,20,8
20053,47125,3.343773e-05,20,8
20054,47126,3.354788e-05,20,8
20055,47127,3.356518e-05,20,8
20056,47130,3.351277e-05,20,8
20057,47131,3.338009e-05,20,8
20058,47132,3.349889e-05,20,8
20059,47133,3.352323e-05,20,8
20060,47134,3.345489e-05,20,8
20061,47135,3.33434e-05,20,8
20062,47136,3.348446e-05,20,8
20063,47137,3.349854e-05,20,8
20064,47140,3.340708e-05,20,8
20065,47141,3.3323e-05,20,8
20066,47142,3.344251e-05,20,8
20067,47143,3.342119e-05,20,8
20068,47144,3.33364e-05,20,8
20069,47145,3.328834e-05,20,8
20070,47146,3.340933e-05,20,8
20071,47147,3.34079e-05,20,8
20072,47150,3.332282e-05,20,8
20073,47151,3.323262e-05,20,8
20074,47152,3.339704e-05,20,8
20075,47153,3.338076e-05,20,8
20076,47154,3.332686e-05,20,8
20077,47155,3.322064e-05,20,8
20078,47156,3.338647e-05,20,8
20079,47157,3.337338e-05,20,8
20080,47160,3.327329e-05,20,8
20081,47161,3.320399e-05,20,9
20082,47162,3.329706e-05,20,9
20083,47163,3.335321e-05,20,9
20084,47164,3.327329e-05,20,9
20085,47165,3.318434e-05,20,9
20086,47166,3.32717e-05,20,9
20087,47167,3.333169e-05,20,9
20088,47170,3.323686e-05,20,9
20089,47171,3.313547e-05,20,9
20090,47172,3.328956e-05,20,9
20091,47173,3.329199e-05,20,9
20092,47174,3.32308e-05,20,9
20093,47175,3.311854e-05,20,9
20094,47176,3.325352e-05,20,9
20095,47177,3.327823e-05,20,9
20096,47200,3.319558e-05,20,9
20097,47201,3.308503e-05,20,9
20098,47202,3.319122e-05,20,9
20099,47203,3.324766e-05,20,9
20100,47204,3.316548e-05,20,9
20101,47205,3.308415e-05,20,9
20102,47206,3.314314e-05,20,9
20103,47207,3.321599e-05,20,9
20104,47210,3.314681e-05,20,9
20105,47211,3.302241e-05,20,9
20106,47212,3.316083e-05,20,9
20107,47213,3.317485e-05,20,9
20108,47214,3.311056e-05,20,9
20109,47215,3.301938e-05,20,9
20110,47216,3.313302e-05,20,9
20111,47217,3.31695e-05,20,10
20112,47220,3.309469e-05,20,10
20113,47221,3.299203e-05,20,10
20114,47222,3.312143e-05,20,10
20115,47223,3.312889e-05,20,10
20116,47224,3.302683e-05,20,10
20117,47225,3.294699e-05,20,10
20118,47226,3.30561e-05,20,10
20119,47227,3.310919e-05,20,10
20120,47230,3.304386e-05,20,10
20121,47231,3.295639e-05,20,10
20122,47232,3.307815e-05,20,10
20123,47233,3.31098e-05,20,10
20124,47234,3.304176e-05,20,10
20125,47235,3.293961e-05,20,10
20126,47236,3.30834e-05,20,10
20127,47237,3.311079e-05,20,10
20128,47240,3.301632e-05,20,10
20129,47241,3.292582e-05,20,10
20130,47242,3.308072e-05,20,10
20131,47243,3.30787e-05,20,10
20132,47244,3.300841e-05,20,10
20133,47245,3.29312e-05,20,10
20134,47246,3.303268e-05,20,10
20135,47247,3.308743e-05,20,10
20136,47250,3.300618e-05,20,10
20137,47251,3.290726e-05,20,10
20138,47252,3.303367e-05,20,10
20139,47253,3.305932e-05,20,10
20140,47254,3.299301e-05,20,10
20141,47255,3.289528e-05,20,10
20142,47256,3.304246e-05,20,11
20143,47257,3.304992e-05,20,11
20144,47260,3.298007e-05,20,11
20145,47261,3.289024e-05,20,11
20146,47262,3.303307e-05,20,11
20147,47263,3.30544e-05,20,11
20148,47264,3.297416e-05,20,11
20149,47265,3.292014e-05,20,11
20150,47266,3.294906e-05,20,11
20151,47267,3.307069e-05,20,11
20152,47270,3.300835e-05,20,11
20153,47271,3.290828e-05,20,11
20154,47272,3.296271e-05,20,11
20155,47273,3.305209e-05,20,11
20156,47274,3.302662e-05,20,11
20157,47275,3.295964e-05,20,11
20158,47276,3.289795e-05,20,11
20159,47277,3.305529e-05,20,11
20160,47300,3.305101e-05,20,11
20161,47301,3.296362e-05,20,11
20162,47302,3.288747e-05,20,11
20163,47303,3.304992e-05,20,11
20164,47304,3.304302e-05,20,11
20165,47305,3.298812e-05,20,11
20166,47306,3.287947e-05,20,11
20167,47307,3.298643e-05,20,11
20168,47310,3.305455e-05,20,11
20169,47311,3.298731e-05,20,11
20170,47312,3.290913e-05,20,11
20171,47313,3.298182e-05,20,11
20172,47314,3.305842e-05,20,12
20173,47315,3.298564e-05,20,12
20174,47316,3.288682e-05,20,12
20175,47317,3.30191e-05,20,12
20176,47320,3.306129e-05,20,12
20177,47321,3.298502e-05,20,12
20178,47322,3.290137e-05,20,12
20179,47323,3.301748e-05,20,12
20180,47324,3.30417e-05,20,12
20181,47325,3.298305e-05,20,12
20182,47326,3.287441e-05,20,12
20183,47327,3.301948e-05,20,12
20184,47330,3.305944e-05,20,12
20185,47331,3.298373e-05,20,12
20186,47332,3.290562e-05,20,12
20187,47333,3.303563e-05,20,12
20188,47334,3.30705e-05,20,12
20189,47335,3.301869e-05,20,12
20190,47336,3.293525e-05,20,12
20191,47337,3.308801e-05,20,12
20192,47340,3.311963e-05,20,12
20193,47341,3.305056e-05,20,12
20194,47342,3.295568e-05,20,12
20195,47343,3.305757e-05,20,12
20196,47344,3.311182e-05,20,12
20197,47345,3.306925e-05,20,12
20198,47346,3.296326e-05,20,12
20199,47347,3.300552e-05,20,12
20200,47350,3.311937e-05,20,12
20201,47351,3.303859e-05,20,12
20202,47352,3.296532e-05,20,13
20203,47353,3.29803e-05,20,13
20204,47354,3.312602e-05,20,13
20205,47355,3.309387e-05,20,13
20206,47356,3.301957e-05,20,13
20207,47357,3.299088e-05,20,13
20208,47360,3.314891e-05,20,13
20209,47361,3.316241e-05,20,13
20210,47362,3.309185e-05,20,13
20211,47363,3.302436e-05,20,13
20212,47364,3.317316e-05,20,13
20213,47365,3.319878e-05,20,13
20214,47366,3.310962e-05,20,13
20215,47367,3.302589e-05,20,13
20216,47370,3.314174e-05,20,13
20217,47371,3.317863e-05,20,13
20218,47372,3.312444e-05,20,13
20219,47373,3.303025e-05,20,13
20220,47374,3.31238e-05,20,13
20221,47375,3.320428e-05,20,13
20222,47376,3.313483e-05,20,13
20223,47377,3.306052e-05,20,13
20224,47400,3.317664e-05,20,13
20225,47401,3.323917e-05,20,13
20226,47402,3.318489e-05,20,13
20227,47403,3.308324e-05,20,13
20228,47404,3.318996e-05,20,13
20229,47405,3.326901e-05,20,13
20230,47406,3.31945e-05,20,13
20231,47407,3.310028e-05,20,13
20232,47410,3.320717e-05,20,14
20233,47411,3.325563e-05,20,14
20234,47412,3.321074e-05,20,14
20235,47413,3.312183e-05,20,14
20236,47414,3.316724e-05,20,14
20237,47415,3.33049e-05,20,14
20238,47416,3.324046e-05,20,14
20239,47417,3.317933e-05,20,14
20240,47420,3.320522e-05,20,14
20241,47421,3.333629e-05,20,14
20242,47422,3.331242e-05,20,14
20243,47423,3.322784e-05,20,14
20244,47424,3.320395e-05,20,14
20245,47425,3.336636e-05,20,14
20246,47426,3.333986e-05,20,14
20247,47427,3.32498e-05,20,14
20248,47430,3.324141e-05,20,14
20249,47431,3.337863e-05,20,14
20250,47432,3.337777e-05,20,14
20251,47433,3.328956e-05,20,14
20252,47434,3.322163e-05,20,14
20253,47435,3.338334e-05,20,14
20254,47436,3.341203e-05,20,14
20255,47437,3.335743e-05,20,14
20256,47440,3.327258e-05,20,14
20257,47441,3.342046e-05,20,14
20258,47442,3.344581e-05,20,14
20259,47443,3.335848e-05,20,14
20260,47444,3.328207e-05,20,14
20261,47445,3.345729e-05,20,14
20262,47446,3.343709e-05,20,15
20263,47447,3.336753e-05,20,15
20264,47450,3.330883e-05,20,15
20265,47451,3.344816e-05,20,15
20266,47452,3.351271e-05,20,15
20267,47453,3.342139e-05,20,15
20268,47454,3.335532e-05,20,15
20269,47455,3.350483e-05,20,15
20270,47456,3.356049e-05,20,15
20271,47457,3.353494e-05,20,15
20272,47460,3.345251e-05,20,15
20273,47461,3.358157e-05,20,15
20274,47462,3.36718e-05,20,15
20275,47463,3.361474e-05,20,15
20276,47464,3.353045e-05,20,15
20277,47465,3.361225e-05,20,15
20278,47466,3.373873e-05,20,15
20279,47467,3.368767e-05,20,15
20280,47470,3.364762e-05,20,15
20281,47471,3.362391e-05,20,15
20282,47472,3.380598e-05,20,15
20283,47473,3.375366e-05,20,15
20284,47474,3.36805e-05,20,15
20285,47475,3.371215e-05,20,15
20286,47476,3.385547e-05,20,15
20287,47477,3.385066e-05,20,15
20288,47500,3.376974e-05,20,15
20289,47501,3.373177e-05,20,15
20290,47502,3.392862e-05,20,15
20291,47503,3.392125e-05,20,15
20292,47504,3.387482e-05,20,15
20293,47505,3.37941e-05,20,16
20294,47506,3.395934e-05,20,16
20295,47507,3.397178e-05,20,16
20296,47510,3.393753e-05,20,16
20297,47511,3.384454e-05,20,16
20298,47512,3.403286e-05,20,16
20299,47513,3.407451e-05,20,16
20300,47514,3.400817e-05,20,16
20301,47515,3.401101e-05,20,16
20302,47516,3.413249e-05,20,16
20303,47517,3.423466e-05,20,16
20304,47520,3.42084e-05,20,16
20305,47521,3.414317e-05,20,16
20306,47522,3.429269e-05,20,16
20307,47523,3.431793e-05,20,16
20308,47524,3.424839e-05,20,16
20309,47525,3.417628e-05,20,16
20310,47526,3.429881e-05,20,16
20311,47527,3.432264e-05,20,16
20312,47530,3.430557e-05,20,16
20313,47531,3.419845e-05,20,16
20314,47532,3.431427e-05,20,16
20315,47533,3.44235e-05,20,16
20316,47534,3.436779e-05,20,16
20317,47535,3.436603e-05,20,16
20318,47536,3.450275e-05,20,16
20319,47537,3.458851e-05,20,16
20320,47540,3.454928e-05,20,16
20321,47541,3.448343e-05,20,16
20322,47542,3.466522e-05,20,16
20323,47543,3.472046e-05,20,17
20324,47544,3.466601e-05,20,17
20325,47545,3.462358e-05,20,17
20326,47546,3.466635e-05,20,17
20327,47547,3.47621e-05,20,17
20328,47550,3.474892e-05,20,17
20329,47551,3.462344e-05,20,17
20330,47552,3.472427e-05,20,17
20331,47553,3.483476e-05,20,17
20332,47554,3.480537e-05,20,17
20333,47555,3.485558e-05,20,17
20334,47556,3.476613e-05,20,17
20335,47557,3.503994e-05,20,17
20336,47560,3.505156e-05,20,17
20337,47561,3.498835e-05,20,17
20338,47562,3.499529e-05,20,17
20339,47563,3.50833e-05,20,17
20340,47564,3.515854e-05,20,17
20341,47565,3.508051e-05,20,17
20342,47566,3.498422e-05,20,17
20343,47567,3.506766e-05,20,17
20344,47570,3.516105e-05,20,17
20345,47571,3.509322e-05,20,17
20346,47572,3.505905e-05,20,17
20347,47573,3.519941e-05,20,17
20348,47574,3.526353e-05,20,17
20349,47575,3.530446e-05,20,17
20350,47576,3.528493e-05,20,17
20351,47577,3.541231e-05,20,17
20352,47600,3.558356e-05,20,17
20353,47601,3.558414e-05,20,18
20354,47602,3.54942e-05,20,18
20355,47603,3.563345e-05,20,18
20356,47604,3.574836e-05,20,18
20357,47605,3.562399e-05,20,18
20358,47606,3.562384e-05,20,18
20359,47607,3.574268e-05,20,18
20360,47610,3.578543e-05,20,18
20361,47611,3.57695e-05,20,18
20362,47612,3.575501e-05,20,18
20363,47613,3.596993e-05,20,18
20364,47614,3.601566e-05,20,18
20365,47615,3.609114e-05,20,18
20366,47616,3.605146e-05,20,18
20367,47617,3.62187e-05,20,18
20368,47620,3.636649e-05,20,18
20369,47621,3.633599e-05,20,18
20370,47622,3.626142e-05,20,18
20371,47623,3.643989e-05,20,18
20372,47624,3.648858e-05,20,18
20373,47625,3.640903e-05,20,18
20374,47626,3.641011e-05,20,18
20375,47627,3.639454e-05,20,18
20376,47630,3.65748e-05,20,18
20377,47631,3.655949e-05,20,18
20378,47632,3.645816e-05,20,18
20379,47633,3.666717e-05,20,18
20380,47634,3.675553e-05,20,18
20381,47635,3.679415e-05,20,18
20382,47636,3.680489e-05,20,18
20383,47637,3.695467e-05,20,19
20384,47640,3.7089e-05,20,19
20385,47641,3.710902e-05,20,19
20386,47642,3.702143e-05,20,19
20387,47643,3.711353e-05,20,19
20388,47644,3.726932e-05,20,19
20389,47645,3.717911e-05,20,19
20390,47646,3.71956e-05,20,19
20391,47647,3.715528e-05,20,19
20392,47650,3.731619e-05,20,19
20393,47651,3.732415e-05,20,19
20394,47652,3.721861e-05,20,19
20395,47653,3.736151e-05,20,19
20396,47654,3.742308e-05,20,19
20397,47655,3.749581e-05,20,19
20398,47656,3.752239e-05,20,19
20399,47657,3.758323e-05,20,19
20400,47660,3.779996e-05,20,19
20401,47661,3.790581e-05,20,19
20402,47662,3.78257e-05,20,19
20403,47663,3.786429e-05,20,19
20404,47664,3.808662e-05,20,19
20405,47665,3.803047e-05,20,19
20406,47666,3.817285e-05,20,19
20407,47667,3.806728e-05,20,19
20408,47670,3.811649e-05,20,19
20409,47671,3.824812e-05,20,19
20410,47672,3.812255e-05,20,19
20411,47673,3.813658e-05,20,19
20412,47674,3.835718e-05,20,19
20413,47675,3.853793e-05,20,20
20414,47676,3.859142e-05,20,20
20415,47677,3.871858e-05,20,20
20416,47700,3.887046e-05,20,20
20417,47701,3.913709e-05,20,20
20418,47702,3.925959e-05,20,20
20419,47703,3.919922e-05,20,20
20420,47704,3.940738e-05,20,20
20421,47705,3.956361e-05,20,20
20422,47706,3.97022e-05,20,20
20423,47707,3.967661e-05,20,20
20424,47710,3.952583e-05,20,20
20425,47711,3.981489e-05,20,20
20426,47712,3.9944e-05,20,20
20427,47713,3.993914e-05,20,20
20428,47714,3.998547e-05,20,20
20429,47715,4.047345e-05,20,20
20430,47716,4.055184e-05,20,20
20431,47717,4.059848e-05,20,20
20432,47720,4.103994e-05,20,20
20433,47721,4.145553e-05,20,20
20434,47722,4.139598e-05,20,20
20435,47723,4.167719e-05,20,20
20436,47724,4.197848e-05,20,20
20437,47725,4.185219e-05,20,20
20438,47726,4.240612e-05,20,20
20439,47727,4.245725e-05,20,20
20440,47730,4.207967e-05,20,20
20441,47731,4.269008e-05,20,20
20442,47732,4.286652e-05,20,20
20443,47733,4.318767e-05,20,20
20444,47734,4.323294e-05,20,21
20445,47735,4.386943e-05,20,21
20446,47736,4.420062e-05,20,21
20447,47737,4.443192e-05,20,21
20448,47740,4.497843e-05,20,21
20449,47741,4.579258e-05,20,21
20450,47742,4.632486e-05,20,21
20451,47743,4.700655e-05,20,21
20452,47744,4.73037e-05,20,21
20453,47745,4.75897e-05,20,21
20454,47746,4.880582e-05,20,21
20455,47747,4.917356e-05,20,21
20456,47750,4.911255e-05,20,21
20457,47751,5.04487e-05,20,21
20458,47752,5.067301e-05,20,21
20459,47753,5.150054e-05,20,21
20460,47754,5.154666e-05,20,21
20461,47755,5.205941e-05,20,21
20462,47756,5.321209e-05,20,21
20463,47757,5.306085e-05,20,21
20464,47760,5.382508e-05,20,21
20465,47761,5.44247e-05,20,21
20466,47762,5.457746e-05,20,21
20467,47763,5.568767e-05,20,21
20468,47764,5.55062e-05,20,21
20469,47765,5.57882e-05,20,21
20470,47766,5.72281e-05,20,21
20471,47767,5.683991e-05,20,21
20472,47770,5.702561e-05,20,21
20473,47771,5.796859e-05,20,21
20474,47772,5.780944e-05,20,22
20475,47773,5.916251e-05,20,22
20476,47774,5.881917e-05,20,22
20477,47775,5.933003e-05,20,22
20478,47776,6.05714e-05,20,22
20479,47777,6.007888e-05,20,22
20480,50000,6.081564e-05,20,22
20481,50001,6.082408e-05,20,22
20482,50002,6.098428e-05,20,22
20483,50003,6.108114e-05,20,22
20484,50004,6.092286e-05,20,22
20485,50005,6.051812e-05,20,22
20486,50006,6.130564e-05,20,22
20487,50007,6.098218e-05,20,22
20488,50010,6.084075e-05,20,22
20489,50011,6.193e-05,20,22
20490,50012,6.148021e-05,20,22
20491,50013,6.234549e-05,20,22
20492,50014,6.213493e-05,20,22
20493,50015,6.329086e-05,20,22
20494,50016,6.485941e-05,20,22
20495,50017,6.534249e-05,20,22
20496,50020,6.653314e-05,20,22
20497,50021,6.809702e-05,20,22
20498,50022,6.903132e-05,20,22
20499,50023,7.028133e-05,20,22
20500,50024,7.197643e-05,20,22
20501,50025,7.274402e-05,20,22
20502,50026,7.486218e-05,20,22
20503,50027,7.584156e-05,20,22
20504,50030,7.608483e-05,20,23
20505,50031,7.880581e-05,20,23
20506,50032,7.969766e-05,20,23
20507,50033,8.130154e-05,20,23
20508,50034,8.267511e-05,20,23
20509,50035,8.433371e-05,20,23
20510,50036,8.687932e-05,20,23
20511,50037,8.962979e-05,20,23
20512,50040,9.32487e-05,20,23
20513,50041,9.838957e-05,20,23
20514,50042,0.0009640406,20,23
20515,50043,0.0009641778,20,23
20516,50044,0.0009642378,20,23
20517,50045,0.0009631787,20,23
20518,50046,0.000964115,20,23
20519,50047,0.0009641835,20,23
20520,50050,0.0009644537,20,23
20521,50051,0.0009640043,20,23
20522,50052,0.0009643566,20,23
20523,50053,0.0009639524,20,23
20524,50054,0.0009637287,20,23
20525,50055,0.0009638138,20,23
20526,50056,0.000964741,20,23
20527,50057,0.0009643746,20,23
20528,50060,0.0009636238,20,23
20529,50061,0.0009641242,20,23
20530,50062,0.0009642915,20,23
20531,50063,0.0009637308,20,23
20532,50064,0.0009634829,20,23
20533,50065,0.0009640343,20,23
20534,50066,0.0009641247,20,24
20535,50067,0.0009641229,20,24
20536,50070,0.0009633497,20,24
20537,50071,0.000964253,20,24
20538,50072,0.0009641077,20,24
20539,50073,0.0009635528,20,24
20540,50074,0.0009633593,20,24
20541,50075,0.0009636997,20,24
20542,50076,0.0009633875,20,24
20543,50077,0.0009641831,20,24
20544,50100,0.0009628711,20,24
20545,50101,0.0009634623,20,24
20546,50102,0.0009631623,20,24
20547,50103,0.0009629076,20,24
20548,50104,0.0009635223,20,24
20549,50105,0.0009633743,20,24
20550,50106,0.0009632887,20,24
20551,50107,0.0009630824,20,24
20552,50110,0.0009629716,20,24
20553,50111,0.0009623731,20,24
20554,50112,0.0009643493,20,24
20555,50113,0.0009626246,20,24
20556,50114,0.0009638388,20,24
20557,50115,0.0009631313,20,24
20558,50116,0.0009629708,20,24
20559,50117,0.0009630647,20,24
20560,50120,0.0009636223,20,24
20561,50121,0.0009634083,20,24
20562,50122,0.0009628622,20,24
20563,50123,0.0009635508,20,24
20564,50124,0.0009635539,-1,-1
20565,50125,0.000962587,-1,-1
20566,50126,0.0009623395,-1,-1
20567,50127,0.0009631169,-1,-1
20568,50130,0.0009633767,-1,-1
20569,50131,0.0009624711,-1,-1
20570,50132,0.0009627747,-1,-1
20571,50133,0.0009626306,-1,-1
20572,50134,0.0009626446,-1,-1
20573,50135,0.0009623887,-1,-1
20574,50136,0.0009632199,-1,-1
20575,50137,0.0009627518,-1,-1
20576,50140,0.0009622528,-1,-1
20577,50141,0.0009626526,-1,-1
20578,50142,0.0009624255,-1,-1
20579,50143,0.0009620942,-1,-1
20580,50144,0.0009630417,-1,-1
20581,50145,0.0009624289,-1,-1
20582,50146,0.0009630436,-1,-1
20583,50147,0.0009625292,-1,-1
20584,50150,0.0009626782,-1,-1
20585,50151,0.0009628147,-1,-1
20586,50152,0.0009628674,-1,-1
20587,50153,0.0009627397,-1,-1
20588,50154,0.0009627375,-1,-1
20589,50155,0.000962499,-1,-1
20590,50156,0.0009631409,-1,-1
20591,50157,0.0009627288,-1,-1
20592,50160,0.0009626835,-1,-1
20593,50161,0.0009626476,-1,-1
20594,50162,0.0009625896,-1,-1
20595,50163,0.0009629294,-1,-1
20596,50164,0.0009632486,-1,-1
20597,50165,0.0009629581,-1,-1
20598,50166,0.0009627116,-1,-1
20599,50167,0.0009623993,-1,-1
20600,50170,0.0009633237,-1,-1
20601,50171,0.0009626103,-1,-1
20602,50172,0.0009628566,-1,-1
20603,50173,0.0009630841,-1,-1
20604,50174,0.0009626581,-1,-1
20605,50175,0.0009625942,-1,-1
20606,50176,0.0009622558,-1,-1
20607,50177,0.0009628795,-1,-1
20608,50200,0.000963465,-1,-1
20609,50201,0.0009628445,-1,-1
20610,50202,0.0009627722,-1,-1
20611,50203,0.0009627024,-1,-1
20612,50204,0.0009629728,-1,-1
20613,50205,0.0009629583,-1,-1
20614,50206,0.0009625937,-1,-1
20615,50207,0.0009625416,-1,-1
20616,50210,0.0009626351,-1,-1
20617,50211,0.0009627296,-1,-1
20618,50212,0.0009625601,-1,-1
20619,50213,0.0009632423,-1,-1
20620,50214,0.00096323,-1,-1
20621,50215,0.0009628449,-1,-1
20622,50216,0.0009632352,-1,-1
20623,50217,0.0009632078,-1,-1
20624,50220,0.0009628432,-1,-1
20625,50221,0.0009635371,-1,-1
20626,50222,0.0009628591,-1,-1
20627,50223,0.0009634783,-1,-1
20628,50224,0.000963137,-1,-1
20629,50225,0.0009633564,-1,-1
20630,50226,0.000962811,-1,-1
20631,50227,0.0009627875,-1,-1
20632,50230,0.0009636384,-1,-1
20633,50231,0.0009632293,-1,-1
20634,50232,0.0009630368,-1,-1
20635,50233,0.0009628112,-1,-1
20636,50234,0.0009634907,-1,-1
20637,50235,0.0009628837,-1,-1
20638,50236,0.0009632006,-1,-1
20639,50237,0.0009629919,-1,-1
20640,50240,0.0009632644,-1,-1
20641,50241,0.0009627231,-1,-1
20642,50242,0.0009634601,-1,-1
20643,50243,0.0009624269,-1,-1
20644,50244,0.0009622472,-1,-1
20645,50245,0.0009634636,-1,-1
20646,50246,0.0009630657,-1,-1
20647,50247,0.0009630171,-1,-1
20648,50250,0.0009631424,-1,-1
20649,50251,0.0009626974,-1,-1
20650,50252,0.0009627769,-1,-1
20651,50253,0.0009628544,-1,-1
20652,50254,0.0009628898,-1,-1
20653,50255,0.0009626184,-1,-1
20654,50256,0.0009621172,-1,-1
20655,50257,0.000962424,-1,-1
20656,50260,0.0009621751,-1,-1
20657,50261,0.0009619928,-1,-1
20658,50262,0.000961553,-1,-1
20659,50263,0.0009622302,-1,-1
20660,50264,0.0009606419,-1,-1
20661,50265,0.0009610569,-1,-1
20662,50266,0.0009621143,-1,-1
20663,50267,0.0009623514,-1,-1
20664,50270,0.0009627725,-1,-1
20665,50271,0.0009627676,-1,-1
20666,50272,0.0009626069,-1,-1
20667,50273,0.0009624168,-1,-1
20668,50274,0.0009624369,-1,-1
20669,50275,0.0009629688,-1,-1
20670,50276,0.000962864,-1,-1
20671,50277,0.0009622829,-1,-1
20672,50300,0.0009625839,-1,-1
20673,50301,0.000962604,-1,-1
20674,50302,0.0009629628,-1,-1
20675,50303,0.0009628658,-1,-1
20676,50304,0.0009626155,-1,-1
20677,50305,0.0009627606,-1,-1
20678,50306,0.0009626888,-1,-1
20679,50307,0.0009628018,-1,-1
20680,50310,0.0009627138,-1,-1
20681,50311,0.0009631609,-1,-1
20682,50312,0.0009628076,-1,-1
20683,50313,0.0009629193,-1,-1
20684,50314,0.0009625509,-1,-1
20685,50315,0.0009627938,-1,-1
20686,50316,0.0009622882,-1,-1
20687,50317,0.0009630757,-1,-1
20688,50320,0.0009626477,-1,-1
20689,50321,0.0009624974,-1,-1
20690,50322,0.0009628162,-1,-1
20691,50323,0.0009628426,-1,-1
20692,50324,0.0009631155,-1,-1
20693,50325,0.0009625687,-1,-1
20694,50326,0.00096292,-1,-1
20695,50327,0.0009627288,-1,-1
20696,50330,0.0009632471,-1,-1
20697,50331,0.0009629603,-1,-1
20698,50332,0.0009628591,-1,-1
20699,50333,0.000963052,-1,-1
20700,50334,0.000962403,-1,-1
20701,50335,0.0009629952,-1,-1
20702,50336,0.0009627169,-1,-1
20703,50337,0.00096292,-1,-1
20704,50340,0.0009621618,-1,-1
20705,50341,0.0009627005,-1,-1
20706,50342,0.0009620974,-1,-1
20707,50343,0.000962746,-1,-1
20708,50344,0.0009628317,-1,-1
20709,50345,0.0009620152,-1,-1
20710,50346,0.0009622454,-1,-1
20711,50347,0.0009624846,-1,-1
20712,50350,0.0009623495,-1,-1
20713,50351,0.0009619309,-1,-1
20714,50352,0.0009623981,-1,-1
20715,50353,0.0009614751,-1,-1
20716,50354,0.0009622207,-1,-1
20717,50355,0.0009619824,-1,-1
20718,50356,0.0009624943,-1,-1
20719,50357,0.0009618194,-1,-1
20720,50360,0.0009619994,-1,-1
20721,50361,0.0009621603,-1,-1
20722,50362,0.0009617033,-1,-1
20723,50363,0.0009623237,-1,-1
20724,50364,0.0009618485,-1,-1
20725,50365,0.0009625361,-1,-1
20726,50366,0.0009622376,-1,-1
20727,50367,0.0009623272,-1,-1
20728,50370,0.0009624432,-1,-1
20729,50371,0.0009614202,-1,-1
20730,50372,0.0009627932,-1,-1
20731,50373,0.0009625154,-1,-1
20732,50374,0.0009620189,-1,-1
20733,50375,0.0009617918,-1,-1
20734,50376,0.0009613283,-1,-1
20735,50377,0.0009618133,-1,-1
20736,50400,0.0009617912,-1,-1
20737,50401,0.0009613599,-1,-1
20738,50402,0.0009622089,-1,-1
20739,50403,0.0009622306,-1,-1
20740,50404,0.0009621902,-1,-1
20741,50405,0.0009617985,-1,-1
20742,50406,0.0009622296,-1,-1
20743,50407,0.000962285,-1,-1
20744,50410,0.0009622588,-1,-1
20745,50411,0.0009616889,-1,-1
20746,50412,0.0009620824,-1,-1
20747,50413,0.0009618468,-1,-1
20748,50414,0.0009627389,-1,-1
20749,50415,0.000962598,-1,-1
20750,50416,0.0009623147,-1,-1
20751,50417,0.0009618804,-1,-1
20752,50420,0.0009624777,-1,-1
20753,50421,0.0009615799,-1,-1
20754,50422,0.0009618637,-1,-1
20755,50423,0.0009620885,-1,-1
20756,50424,0.0009616812,-1,-1
20757,50425,0.0009622083,-1,-1
20758,50426,0.0009616369,-1,-1
20759,50427,0.000962229,-1,-1
20760,50430,0.0009620022,-1,-1
20761,50431,0.0009618272,-1,-1
20762,50432,0.0009621201,-1,-1
20763,50433,0.0009620838,-1,-1
20764,50434,0.0009624822,-1,-1
20765,50435,0.0009621156,-1,-1
20766,50436,0.0009616975,-1,-1
20767,50437,0.0009624861,-1,-1
20768,50440,0.0009616679,-1,-1
20769,50441,0.0009617949,-1,-1
20770,50442,0.0009620629,-1,-1
20771,50443,0.0009620051,-1,-1
20772,50444,0.0009621652,-1,-1
20773,50445,0.0009617783,-1,-1
20774,50446,0.000961922,-1,-1
20775,50447,0.0009624134,-1,-1
20776,50450,0.000962198,-1,-1
20777,50451,0.0009622208,-1,-1
20778,50452,0.000961661,-1,-1
20779,50453,0.000962367,-1,-1
20780,50454,0.0009628208,-1,-1
20781,50455,0.0009626523,-1,-1
20782,50456,0.000961433,-1,-1
20783,50457,0.0009624672,-1,-1
20784,50460,0.0009624476,-1,-1
20785,50461,0.0009618154,-1,-1
20786,50462,0.0009623473,-1,-1
20787,50463,0.0009619427,-1,-1
20788,50464,0.0009621423,-1,-1
20789,50465,0.000961941,-1,-1
20790,50466,0.0009624258,-1,-1
20791,50467,0.0009616886,-1,-1
20792,50470,0.0009620102,-1,-1
20793,50471,0.0009624927,-1,-1
20794,50472,0.0009618829,-1,-1
20795,50473,0.0009617542,-1,-1
20796,50474,0.0009627073,-1,-1
20797,50475,0.0009623088,-1,-1
20798,50476,0.0009622985,-1,-1
20799,50477,0.0009619293,-1,-1
20800,50500,0.0009624927,-1,-1
20801,50501,0.0009625314,-1,-1
20802,50502,0.0009620867,-1,-1
20803,50503,0.000962754,-1,-1
20804,50504,0.0009621988,-1,-1
20805,50505,0.0009627065,-1,-1
20806,50506,0.0009621175,-1,-1
20807,50507,0.0009623516,-1,-1
20808,50510,0.0009620816,-1,-1
20809,50511,0.0009627503,-1,-1
20810,50512,0.0009625023,-1,-1
20811,50513,0.0009620588,-1,-1
20812,50514,0.000962269,-1,-1
20813,50515,0.0009625201,-1,-1
20814,50516,0.0009619505,-1,-1
20815,50517,0.000961775,-1,-1
20816,50520,0.0009623157,-1,-1
20817,50521,0.0009620268,-1,-1
20818,50522,0.00096224,-1,-1
20819,50523,0.0009621712,-1,-1
20820,50524,0.0009619701,-1,-1
20821,50525,0.0009621794,-1,-1
20822,50526,0.0009623612,-1,-1
20823,50527,0.0009626477,-1,-1
20824,50530,0.0009618351,-1,-1
20825,50531,0.0009626743,-1,-1
20826,50532,0.0009613875,-1,-1
20827,50533,0.000962002,-1,-1
20828,50534,0.0009621416,-1,-1
20829,50535,0.0009623903,-1,-1
20830,50536,0.0009625706,-1,-1
20831,50537,0.0009633708,-1,-1
20832,50540,0.0009621088,-1,-1
20833,50541,0.0009623518,-1,-1
20834,50542,0.0009619799,-1,-1
20835,50543,0.0009630112,-1,-1
20836,50544,0.0009621932,-1,-1
20837,50545,0.000961829,-1,-1
20838,50546,0.0009623805,-1,-1
20839,50547,0.0009621597,-1,-1
20840,50550,0.0009627877,-1,-1
20841,50551,0.0009627986,-1,-1
20842,50552,0.0009624194,-1,-1
20843,50553,0.0009618642,-1,-1
20844,50554,0.0009623444,-1,-1
20845,50555,0.0009626434,-1,-1
20846,50556,0.000962602,-1,-1
20847,50557,0.0009620623,-1,-1
20848,50560,0.000962656,-1,-1
20849,50561,0.0009624363,-1,-1
20850,50562,0.0009619376,-1,-1
20851,50563,0.0009619974,-1,-1
20852,50564,0.0009625882,-1,-1
20853,50565,0.0009630208,-1,-1
20854,50566,0.0009631531,-1,-1
20855,50567,0.0009629562,-1,-1
20856,50570,0.0009621453,-1,-1
20857,50571,0.000962784,-1,-1
20858,50572,0.0009624113,-1,-1
20859,50573,0.0009624221,-1,-1
20860,50574,0.0009618513,-1,-1
20861,50575,0.000961698,-1,-1
20862,50576,0.0009623179,-1,-1
20863,50577,0.0009617659,21,24
20864,50600,0.0009624361,21,24
20865,50601,0.0009626046,21,24
20866,50602,0.0009619364,21,24
20867,50603,0.0009621578,21,24
20868,50604,0.0009628063,21,24
20869,50605,0.0009623697,21,24
20870,50606,0.0009620778,21,24
20871,50607,0.0009622505,21,24
20872,50610,0.0009624031,21,24
20873,50611,0.0009624018,21,24
20874,50612,0.0009620609,21,24
20875,50613,0.0009616234,21,24
20876,50614,0.0009623652,21,24
20877,50615,0.0009619438,21,24
20878,50616,0.000962167,21,24
20879,50617,0.0009625594,21,24
20880,50620,0.0009623496,21,24
20881,50621,0.0009625476,21,24
20882,50622,0.0009611003,21,24
20883,50623,0.0009609498,21,24
20884,50624,0.0009595193,21,24
20885,50625,0.0009577546,21,24
20886,50626,0.0009552287,21,24
20887,50627,0.000953413,21,24
20888,50630,0.0009492474,21,24
20889,50631,0.0009448371,21,24
20890,50632,0.0009393041,21,24
20891,50633,0.0009338789,21,24
20892,50634,0.0009253117,21,24
20893,50635,0.0009182294,21,24
20894,50636,0.0009082442,21,24
20895,50637,0.0008940715,21,23
20896,50640,0.0008807218,21,23
20897,50641,0.0008675062,21,23
20898,50642,0.0008507933,21,23
20899,50643,0.0008344851,21,23
20900,50644,0.0008177656,21,23
20901,50645,0.0008003734,21,23
20902,50646,0.0007843118,21,23
20903,50647,0.0007648082,21,23
20904,50650,0.0007443032,21,23
20905,50651,0.0007187431,21,23
20906,50652,0.0006937017,21,23
20907,50653,0.0006724886,21,23
20908,50654,0.0006504032,21,23
20909,50655,0.0006377515,21,23
20910,50656,0.0006318049,21,23
20911,50657,0.0006387442,21,23
20912,50660,0.0006539455,21,23
20913,50661,0.0006739534,21,23
20914,50662,0.000701113,21,23
20915,50663,0.0007254035,21,23
20916,50664,0.0007530503,21,23
20917,50665,0.0007720121,21,23
20918,50666,0.0007882969,21,23
20919,50667,0.0008013549,21,23
20920,50670,0.0008111918,21,23
20921,50671,0.0008213252,21,23
20922,50672,0.0008287464,21,23
20923,50673,0.0008339836,21,23
20924,50674,0.0008408325,21,23
20925,50675,0.0008466663,21,23
20926,50676,0.0008517519,21,22
20927,50677,0.0008553935,21,22
20928,50700,0.0008568394,21,22
20929,50701,0.0008553494,21,22
20930,50702,0.0008511129,21,22
20931,50703,0.0008462381,21,22
20932,50704,0.0008412867,21,22
20933,50705,0.0008351826,21,22
20934,50706,0.000828928,21,22
20935,50707,0.000823119,21,22
20936,50710,0.0008180229,21,22
20937,50711,0.0008139117,21,22
20938,50712,0.000811825,21,22
20939,50713,0.0008103217,21,22
20940,50714,0.0008103117,21,22
20941,50715,0.0008117472,21,22
20942,50716,0.0008154952,21,22
20943,50717,0.0008189352,21,22
20944,50720,0.0008224555,21,22
20945,50721,0.0008277908,21,22
20946,50722,0.0008323151,21,22
20947,50723,0.0008380815,21,22
20948,50724,0.0008441587,21,22
20949,50725,0.0008500775,21,22
20950,50726,0.0008563792,21,22
20951,50727,0.0008625129,21,22
20952,50730,0.0008691117,21,22
20953,50731,0.0008751018,21,22
20954,50732,0.0008781559,21,22
20955,50733,0.000879487,21,22
20956,50734,0.0008796141,21,22
20957,50735,0.0008801154,21,21
20958,50736,0.0008794955,21,21
20959,50737,0.0008787537,21,21
20960,50740,0.0008783436,21,21
20961,50741,0.0008774506,21,21
20962,50742,0.0008736658,21,21
20963,50743,0.0008718244,21,21
20964,50744,0.0008665199,21,21
20965,50745,0.0008633346,21,21
20966,50746,0.0008604481,21,21
20967,50747,0.0008540529,21,21
20968,50750,0.0008501362,21,21
20969,50751,0.000845556,21,21
20970,50752,0.0008384867,21,21
20971,50753,0.0008355742,21,21
20972,50754,0.0008323591,21,21
20973,50755,0.0008305928,21,21
20974,50756,0.0008311768,21,21
20975,50757,0.000831653,21,21
20976,50760,0.0008350672,21,21
20977,50761,0.0008382435,21,21
20978,50762,0.0008383755,21,21
20979,50763,0.0008450064,21,21
20980,50764,0.0008498179,21,21
20981,50765,0.0008549383,21,21
20982,50766,0.0008579439,21,21
20983,50767,0.0008610559,21,21
20984,50770,0.0008623937,21,21
20985,50771,0.0008647547,21,21
20986,50772,0.000866619,21,21
20987,50773,0.0008691301,21,21
20988,50774,0.0008712827,21,21
20989,50775,0.0008729844,21,20
20990,50776,0.0008745677,21,20
20991,50777,0.0008749215,21,20
20992,51000,0.0008765828,21,20
20993,51001,0.0008781017,21,20
20994,51002,0.0008803873,21,20
20995,51003,0.0008801051,21,20
20996,51004,0.0008819213,21,20
20997,51005,0.0008823019,21,20
20998,51006,0.0008828052,21,20
20999,51007,0.0008824439,21,20
21000,51010,0.000881729,21,20
21001,51011,0.0008803798,21,20
21002,51012,0.0008793714,21,20
21003,51013,0.0008800804,21,20
21004,51014,0.000879905,21,20
21005,51015,0.000879109,21,20
21006,51016,0.0008793788,21,20
21007,51017,0.0008793068,21,20
21008,51020,0.0008793439,21,20
21009,51021,0.0008781944,21,20
21010,51022,0.0008792494,21,20
21011,51023,0.0008788313,21,20
21012,51024,0.0008791728,21,20
21013,51025,0.0008792739,21,20
21014,51026,0.0008785673,21,20
21015,51027,0.0008780875,21,20
21016,51030,0.0008778733,21,20
21017,51031,0.0008773867,21,20
21018,51032,0.0008752051,21,20
21019,51033,0.000876084,21,20
21020,51034,0.0008754561,21,19
21021,51035,0.000874728,21,19
21022,51036,0.0008746621,21,19
21023,51037,0.0008751036,21,19
21024,51040,0.0008744568,21,19
21025,51041,0.0008746095,21,19
21026,51042,0.0008737429,21,19
21027,51043,0.0008736472,21,19
21028,51044,0.0008724711,21,19
21029,51045,0.0008713668,21,19
21030,51046,0.0008704723,21,19
21031,51047,0.0008702989,21,19
21032,51050,0.0008695943,21,19
21033,51051,0.0008687447,21,19
21034,51052,0.0008679071,21,19
21035,51053,0.0008677754,21,19
21036,51054,0.0008681525,21,19
21037,51055,0.0008683043,21,19
21038,51056,0.0008685684,21,19
21039,51057,0.0008678605,21,19
21040,51060,0.0008671038,21,19
21041,51061,0.0008672503,21,19
21042,51062,0.0008663262,21,19
21043,51063,0.0008664216,21,19
21044,51064,0.0008654934,21,19
21045,51065,0.0008648587,21,19
21046,51066,0.0008650144,21,19
21047,51067,0.0008642225,21,19
21048,51070,0.0008638347,21,19
21049,51071,0.0008628379,21,19
21050,51072,0.0008615999,21,19
21051,51073,0.0008623039,21,18
21052,51074,0.0008627548,21,18
21053,51075,0.000861455,21,18
21054,51076,0.0008628627,21,18
21055,51077,0.0008621805,21,18
21056,51100,0.0008624177,21,18
21057,51101,0.0008622004,21,18
21058,51102,0.0008607226,21,18
21059,51103,0.0008602625,21,18
21060,51104,0.000860524,21,18
21061,51105,0.0008606481,21,18
21062,51106,0.000861469,21,18
21063,51107,0.0008625699,21,18
21064,51110,0.0008632781,21,18
21065,51111,0.0008632872,21,18
21066,51112,0.0008607064,21,18
21067,51113,0.000858284,21,18
21068,51114,0.0008558718,21,18
21069,51115,0.0008520861,21,18
21070,51116,0.000849575,21,18
21071,51117,0.0008435208,21,18
21072,51120,0.0008404297,21,18
21073,51121,0.0008396082,21,18
21074,51122,0.000839077,21,18
21075,51123,0.000839528,21,18
21076,51124,0.0008418349,21,18
21077,51125,0.0008433926,21,18
21078,51126,0.0008455178,21,18
21079,51127,0.000849305,21,18
21080,51130,0.0008503476,21,18
21081,51131,0.0008505544,21,18
21082,51132,0.0008504969,21,18
21083,51133,0.0008496844,21,17
21084,51134,0.0008501058,21,17
21085,51135,0.000849016,21,17
21086,51136,0.0008493062,21,17
21087,51137,0.0008482188,21,17
21088,51140,0.000846785,21,17
21089,51141,0.000846756,21,17
21090,51142,0.0008454119,21,17
21091,51143,0.0008444642,21,17
21092,51144,0.0008436784,21,17
21093,51145,0.000842298,21,17
21094,51146,0.0008416831,21,17
21095,51147,0.0008413945,21,17
21096,51150,0.0008413985,21,17
21097,51151,0.0008407104,21,17
21098,51152,0.0008403838,21,17
21099,51153,0.0008410436,21,17
21100,51154,0.0008413214,21,17
21101,51155,0.0008408568,21,17
21102,51156,0.0008415779,21,17
21103,51157,0.0008403707,21,17
21104,51160,0.0008395085,21,17
21105,51161,0.0008405257,21,17
21106,51162,0.0008387023,21,17
21107,51163,0.0008399204,21,17
21108,51164,0.000837416,21,17
21109,51165,0.0008342161,21,17
21110,51166,0.0008342452,21,17
21111,51167,0.0008325425,21,17
21112,51170,0.0008324903,21,17
21113,51171,0.0008328967,21,17
21114,51172,0.000830318,21,16
21115,51173,0.0008302304,21,16
21116,51174,0.000828079,21,16
21117,51175,0.0008253678,21,16
21118,51176,0.0008249622,21,16
21119,51177,0.0008219637,21,16
21120,51200,0.0008201674,21,16
21121,51201,0.000818876,21,16
21122,51202,0.0008162402,21,16
21123,51203,0.0008155132,21,16
21124,51204,0.0008143525,21,16
21125,51205,0.0008139315,21,16
21126,51206,0.0008151483,21,16
21127,51207,0.0008153042,21,16
21128,51210,0.0008154227,21,16
21129,51211,0.0008158771,21,16
21130,51212,0.0008142717,21,16
21131,51213,0.0008136305,21,16
21132,51214,0.0008118705,21,16
21133,51215,0.0008075217,21,16
21134,51216,0.0008066451,21,16
21135,51217,0.0008030058,21,16
21136,51220,0.0007950306,21,16
21137,51221,0.000793915,21,16
21138,51222,0.000786663,21,16
21139,51223,0.0007795052,21,16
21140,51224,0.0007770971,21,16
21141,51225,0.0007676269,21,16
21142,51226,0.0007623573,21,16
21143,51227,0.0007584885,21,16
21144,51230,0.0007519317,21,16
21145,51231,0.0007513221,21,15
21146,51232,0.0007508044,21,15
21147,51233,0.0007540067,21,15
21148,51234,0.0007584809,21,15
21149,51235,0.0007641616,21,15
21150,51236,0.0007704215,21,15
21151,51237,0.0007743892,21,15
21152,51240,0.0007742616,21,15
21153,51241,0.0007756882,21,15
21154,51242,0.000772698,21,15
21155,51243,0.0007698833,21,15
21156,51244,0.0007675278,21,15
21157,51245,0.0007631701,21,15
21158,51246,0.0007605758,21,15
21159,51247,0.0007579767,21,15
21160,51250,0.0007565232,21,15
21161,51251,0.0007526375,21,15
21162,51252,0.0007529889,21,15
21163,51253,0.0007574199,21,15
21164,51254,0.0007629628,21,15
21165,51255,0.0007649534,21,15
21166,51256,0.0007706066,21,15
21167,51257,0.0007739746,21,15
21168,51260,0.0007805654,21,15
21169,51261,0.0007862599,21,15
21170,51262,0.0007839731,21,15
21171,51263,0.000789238,21,15
21172,51264,0.0007895566,21,15
21173,51265,0.0007876001,21,15
21174,51266,0.0007901681,21,15
21175,51267,0.0007875123,21,15
21176,51270,0.000788591,21,15
21177,51271,0.0007911102,21,14
21178,51272,0.0007867241,21,14
21179,51273,0.0007892573,21,14
21180,51274,0.0007890571,21,14
21181,51275,0.0007896352,21,14
21182,51276,0.0007973305,21,14
21183,51277,0.0007952052,21,14
21184,51300,0.000794469,21,14
21185,51301,0.000797479,21,14
21186,51302,0.0007903773,21,14
21187,51303,0.0007921042,21,14
21188,51304,0.0007916521,21,14
21189,51305,0.0007868464,21,14
21190,51306,0.0007891197,21,14
21191,51307,0.0007864271,21,14
21192,51310,0.0007828388,21,14
21193,51311,0.0007894181,21,14
21194,51312,0.0007853594,21,14
21195,51313,0.0007856154,21,14
21196,51314,0.00078962,21,14
21197,51315,0.0007858502,21,14
21198,51316,0.0007886618,21,14
21199,51317,0.0007921844,21,14
21200,51320,0.0007858816,21,14
21201,51321,0.0007880989,21,14
21202,51322,0.0007869003,21,14
21203,51323,0.0007833787,21,14
21204,51324,0.0007858795,21,14
21205,51325,0.000784054,21,14
21206,51326,0.0007810292,21,14
21207,51327,0.000782632,21,14
21208,51330,0.0007799404,21,13
21209,51331,0.0007804976,21,13
21210,51332,0.0007784705,21,13
21211,51333,0.0007760466,21,13
21212,51334,0.0007754551,21,13
21213,51335,0.0007745713,21,13
21214,51336,0.0007755926,21,13
21215,51337,0.0007757068,21,13
21216,51340,0.0007754515,21,13
21217,51341,0.0007763963,21,13
21218,51342,0.0007728484,21,13
21219,51343,0.0007730123,21,13
21220,51344,0.0007707407,21,13
21221,51345,0.0007702781,21,13
21222,51346,0.0007726562,21,13
21223,51347,0.0007677083,21,13
21224,51350,0.0007687121,21,13
21225,51351,0.0007707629,21,13
21226,51352,0.0007659431,21,13
21227,51353,0.0007709914,21,13
21228,51354,0.0007701316,21,13
21229,51355,0.0007658384,21,13
21230,51356,0.0007716601,21,13
21231,51357,0.0007687102,21,13
21232,51360,0.0007639959,21,13
21233,51361,0.0007689193,21,13
21234,51362,0.0007621874,21,13
21235,51363,0.0007611958,21,13
21236,51364,0.000763412,21,13
21237,51365,0.0007577208,21,13
21238,51366,0.0007601845,21,13
21239,51367,0.0007593852,21,12
21240,51370,0.0007557553,21,12
21241,51371,0.0007612099,21,12
21242,51372,0.0007574619,21,12
21243,51373,0.0007544178,21,12
21244,51374,0.0007556172,21,12
21245,51375,0.0007523405,21,12
21246,51376,0.0007530725,21,12
21247,51377,0.0007567311,21,12
21248,51400,0.0007502023,21,12
21249,51401,0.0007508759,21,12
21250,51402,0.0007526305,21,12
21251,51403,0.0007468098,21,12
21252,51404,0.0007470458,21,12
21253,51405,0.0007435553,21,12
21254,51406,0.0007418857,21,12
21255,51407,0.0007443401,21,12
21256,51410,0.0007429949,21,12
21257,51411,0.0007457919,21,12
21258,51412,0.0007446956,21,12
21259,51413,0.0007440725,21,12
21260,51414,0.0007464759,21,12
21261,51415,0.0007457773,21,12
21262,51416,0.0007468606,21,12
21263,51417,0.0007476952,21,12
21264,51420,0.0007428714,21,12
21265,51421,0.0007465,21,12
21266,51422,0.0007442534,21,12
21267,51423,0.0007430037,21,12
21268,51424,0.0007462704,21,12
21269,51425,0.0007433445,21,12
21270,51426,0.0007461867,21,12
21271,51427,0.0007468847,21,11
21272,51430,0.0007433955,21,11
21273,51431,0.0007499892,21,11
21274,51432,0.0007472876,21,11
21275,51433,0.0007409212,21,11
21276,51434,0.0007434775,21,11
21277,51435,0.0007402301,21,11
21278,51436,0.0007388614,21,11
21279,51437,0.0007409691,21,11
21280,51440,0.0007373769,21,11
21281,51441,0.0007449837,21,11
21282,51442,0.0007451875,21,11
21283,51443,0.0007456566,21,11
21284,51444,0.0007513736,21,11
21285,51445,0.0007481895,21,11
21286,51446,0.0007474165,21,11
21287,51447,0.0007480332,21,11
21288,51450,0.0007457129,21,11
21289,51451,0.0007499997,21,11
21290,51452,0.0007502065,21,11
21291,51453,0.0007466581,21,11
21292,51454,0.0007528676,21,11
21293,51455,0.0007514826,21,11
21294,51456,0.0007507019,21,11
21295,51457,0.0007568522,21,11
21296,51460,0.0007514457,21,11
21297,51461,0.0007568441,21,11
21298,51462,0.0007579855,21,11
21299,51463,0.0007536887,21,11
21300,51464,0.0007569922,21,11
21301,51465,0.0007534532,21,11
21302,51466,0.0007558982,21,10
21303,51467,0.0007595533,21,10
21304,51470,0.0007555545,21,10
21305,51471,0.0007589898,21,10
21306,51472,0.0007596585,21,10
21307,51473,0.0007592997,21,10
21308,51474,0.0007620118,21,10
21309,51475,0.0007610104,21,10
21310,51476,0.0007635221,21,10
21311,51477,0.0007683379,21,10
21312,51500,0.0007618192,21,10
21313,51501,0.0007633159,21,10
21314,51502,0.0007636211,21,10
21315,51503,0.0007622963,21,10
21316,51504,0.0007673603,21,10
21317,51505,0.0007691805,21,10
21318,51506,0.0007718996,21,10
21319,51507,0.0007742657,21,10
21320,51510,0.0007739393,21,10
21321,51511,0.0007772577,21,10
21322,51512,0.0007766691,21,10
21323,51513,0.0007764963,21,10
21324,51514,0.0007785473,21,10
21325,51515,0.0007769876,21,10
21326,51516,0.000779179,21,10
21327,51517,0.0007828809,21,10
21328,51520,0.0007797648,21,10
21329,51521,0.0007836921,21,10
21330,51522,0.0007839058,21,10
21331,51523,0.0007839854,21,10
21332,51524,0.000787518,21,10
21333,51525,0.0007839592,21,9
21334,51526,0.0007845723,21,9
21335,51527,0.0007870643,21,9
21336,51530,0.0007868217,21,9
21337,51531,0.000791382,21,9
21338,51532,0.0007926172,21,9
21339,51533,0.0007920198,21,9
21340,51534,0.0007930612,21,9
21341,51535,0.0007920989,21,9
21342,51536,0.0007927731,21,9
21343,51537,0.0007963916,21,9
21344,51540,0.0007938429,21,9
21345,51541,0.0007976255,21,9
21346,51542,0.0007978563,21,9
21347,51543,0.00079518,21,9
21348,51544,0.000800032,21,9
21349,51545,0.000798241,21,9
21350,51546,0.0008000642,21,9
21351,51547,0.000801858,21,9
21352,51550,0.0008004969,21,9
21353,51551,0.000803721,21,9
21354,51552,0.0008029848,21,9
21355,51553,0.000802118,21,9
21356,51554,0.0008034707,21,9
21357,51555,0.0008024453,21,9
21358,51556,0.000801441,21,9
21359,51557,0.0008035921,21,9
21360,51560,0.0008003422,21,9
21361,51561,0.0008013753,21,9
21362,51562,0.0008031218,21,9
21363,51563,0.0008018438,21,9
21364,51564,0.000805459,21,9
21365,51565,0.0008063955,21,8
21366,51566,0.0008075632,21,8
21367,51567,0.0008096698,21,8
21368,51570,0.000809907,21,8
21369,51571,0.0008111463,21,8
21370,51572,0.0008125089,21,8
21371,51573,0.0008113155,21,8
21372,51574,0.0008130619,21,8
21373,51575,0.000814174,21,8
21374,51576,0.0008142095,21,8
21375,51577,0.0008169382,21,8
21376,51600,0.0008141678,21,8
21377,51601,0.0008139654,21,8
21378,51602,0.000815574,21,8
21379,51603,0.000814572,21,8
21380,51604,0.0008156737,21,8
21381,51605,0.0008132656,21,8
21382,51606,0.0008131017,21,8
21383,51607,0.0008130753,21,8
21384,51610,0.0008123081,21,8
21385,51611,0.0008134916,21,8
21386,51612,0.0008098056,21,8
21387,51613,0.0008064981,21,8
21388,51614,0.0008075992,21,8
21389,51615,0.0008045115,21,8
21390,51616,0.0008014672,21,8
21391,51617,0.0008014656,21,8
21392,51620,0.0007928574,21,8
21393,51621,0.0007883361,21,8
21394,51622,0.0007875666,21,8
21395,51623,0.0007814192,21,8
21396,51624,0.0007768507,21,7
21397,51625,0.0007713937,21,7
21398,51626,0.0007664989,21,7
21399,51627,0.0007651203,21,7
21400,51630,0.0007637311,21,7
21401,51631,0.0007637189,21,7
21402,51632,0.000768446,21,7
21403,51633,0.0007736477,21,7
21404,51634,0.0007804547,21,7
21405,51635,0.0007871864,21,7
21406,51636,0.000793289,21,7
21407,51637,0.0008011991,21,7
21408,51640,0.0008052324,21,7
21409,51641,0.000807945,21,7
21410,51642,0.0008115948,21,7
21411,51643,0.0008124839,21,7
21412,51644,0.0008170729,21,7
21413,51645,0.0008190898,21,7
21414,51646,0.0008206159,21,7
21415,51647,0.0008233292,21,7
21416,51650,0.0008250353,21,7
21417,51651,0.0008276812,21,7
21418,51652,0.0008290193,21,7
21419,51653,0.0008290457,21,7
21420,51654,0.0008315775,21,7
21421,51655,0.0008332939,21,7
21422,51656,0.0008339047,21,7
21423,51657,0.0008350691,21,7
21424,51660,0.000834403,21,7
21425,51661,0.0008357764,21,7
21426,51662,0.0008382554,21,7
21427,51663,0.0008378542,21,6
21428,51664,0.0008397089,21,6
21429,51665,0.0008391864,21,6
21430,51666,0.0008394612,21,6
21431,51667,0.0008407959,21,6
21432,51670,0.0008409633,21,6
21433,51671,0.0008410071,21,6
21434,51672,0.0008406683,21,6
21435,51673,0.0008386735,21,6
21436,51674,0.0008402096,21,6
21437,51675,0.0008397676,21,6
21438,51676,0.0008389146,21,6
21439,51677,0.0008408657,21,6
21440,51700,0.0008383889,21,6
21441,51701,0.0008379672,21,6
21442,51702,0.0008396539,21,6
21443,51703,0.0008376388,21,6
21444,51704,0.0008386835,21,6
21445,51705,0.0008377066,21,6
21446,51706,0.0008361056,21,6
21447,51707,0.0008372961,21,6
21448,51710,0.0008355605,21,6
21449,51711,0.00083598,21,6
21450,51712,0.0008343246,21,6
21451,51713,0.0008334913,21,6
21452,51714,0.0008352485,21,6
21453,51715,0.0008354507,21,6
21454,51716,0.000834981,21,6
21455,51717,0.0008366285,21,6
21456,51720,0.0008354392,21,6
21457,51721,0.0008357501,21,6
21458,51722,0.0008365547,21,6
21459,51723,0.0008356229,21,5
21460,51724,0.0008375655,21,5
21461,51725,0.0008363859,21,5
21462,51726,0.0008355871,21,5
21463,51727,0.0008369194,21,5
21464,51730,0.0008360363,21,5
21465,51731,0.0008370108,21,5
21466,51732,0.000836341,21,5
21467,51733,0.0008353019,21,5
21468,51734,0.0008367156,21,5
21469,51735,0.0008352489,21,5
21470,51736,0.0008342713,21,5
21471,51737,0.0008356845,21,5
21472,51740,0.0008332167,21,5
21473,51741,0.0008310156,21,5
21474,51742,0.0008292774,21,5
21475,51743,0.0008274562,21,5
21476,51744,0.0008275529,21,5
21477,51745,0.0008261443,21,5
21478,51746,0.0008262658,21,5
21479,51747,0.0008279912,21,5
21480,51750,0.0008264243,21,5
21481,51751,0.0008274552,21,5
21482,51752,0.0008276788,21,5
21483,51753,0.0008277182,21,5
21484,51754,0.0008307276,21,5
21485,51755,0.0008318158,21,5
21486,51756,0.0008306209,21,5
21487,51757,0.0008311712,21,5
21488,51760,0.0008287276,21,5
21489,51761,0.0008269853,21,5
21490,51762,0.0008271324,21,4
21491,51763,0.0008241169,21,4
21492,51764,0.0008239428,21,4
21493,51765,0.0008255745,21,4
21494,51766,0.0008227764,21,4
21495,51767,0.0008236484,21,4
21496,51770,0.0008251258,21,4
21497,51771,0.0008251083,21,4
21498,51772,0.0008263453,21,4
21499,51773,0.0008275845,21,4
21500,51774,0.0008276707,21,4
21501,51775,0.0008271757,21,4
21502,51776,0.0008249872,21,4
21503,51777,0.0008251253,21,4
21504,52000,0.0008246785,21,4
21505,52001,0.0008223244,21,4
21506,52002,0.0008249492,21,4
21507,52003,0.0008243693,21,4
21508,52004,0.0008235429,21,4
21509,52005,0.0008216479,21,4
21510,52006,0.0008190934,21,4
21511,52007,0.0008180567,21,4
21512,52010,0.0008191964,21,4
21513,52011,0.0008173839,21,4
21514,52012,0.000813356,21,4
21515,52013,0.000812304,21,4
21516,52014,0.0008108352,21,4
21517,52015,0.0008083598,21,4
21518,52016,0.0008064961,21,4
21519,52017,0.0008067715,21,4
21520,52020,0.0008045864,21,4
21521,52021,0.0008006193,21,3
21522,52022,0.0008021778,21,3
21523,52023,0.0007987097,21,3
21524,52024,0.0007968314,21,3
21525,52025,0.0007928333,21,3
21526,52026,0.0007899309,21,3
21527,52027,0.0007898044,21,3
21528,52030,0.0007867233,21,3
21529,52031,0.0007820454,21,3
21530,52032,0.000781822,21,3
21531,52033,0.0007806825,21,3
21532,52034,0.0007821419,21,3
21533,52035,0.0007825085,21,3
21534,52036,0.0007799621,21,3
21535,52037,0.0007822384,21,3
21536,52040,0.0007809278,21,3
21537,52041,0.0007766819,21,3
21538,52042,0.0007797917,21,3
21539,52043,0.0007790397,21,3
21540,52044,0.0007778743,21,3
21541,52045,0.0007779282,21,3
21542,52046,0.0007767867,21,3
21543,52047,0.0007761395,21,3
21544,52050,0.0007739875,21,3
21545,52051,0.0007716356,21,3
21546,52052,0.0007701035,21,3
21547,52053,0.0007674751,21,3
21548,52054,0.0007652235,21,3
21549,52055,0.0007626647,21,3
21550,52056,0.0007599251,21,3
21551,52057,0.0007563527,21,3
21552,52060,0.0007512999,21,3
21553,52061,0.0007437118,21,2
21554,52062,0.0007450663,21,2
21555,52063,0.0007373312,21,2
21556,52064,0.0007373634,21,2
21557,52065,0.000732912,21,2
21558,52066,0.0007266807,21,2
21559,52067,0.0007247159,21,2
21560,52070,0.0007159759,21,2
21561,52071,0.0007153832,21,2
21562,52072,0.0007121657,21,2
21563,52073,0.000703835,21,2
21564,52074,0.0007059773,21,2
21565,52075,0.0007028588,21,2
21566,52076,0.0006967225,21,2
21567,52077,0.0006996542,21,2
21568,52100,0.0006958774,21,2
21569,52101,0.0006910043,21,2
21570,52102,0.000695974,21,2
21571,52103,0.0006933369,21,2
21572,52104,0.0007018931,21,2
21573,52105,0.0007038297,21,2
21574,52106,0.0007065143,21,2
21575,52107,0.0007194452,21,2
21576,52110,0.0007266058,21,2
21577,52111,0.0007400468,21,2
21578,52112,0.000758043,21,2
21579,52113,0.0007754926,21,2
21580,52114,0.00079622,21,2
21581,52115,0.000814834,21,2
21582,52116,0.0008308654,21,2
21583,52117,0.0008449692,21,2
21584,52120,0.0008555527,21,1
21585,52121,0.0008645593,21,1
21586,52122,0.0008705002,21,1
21587,52123,0.0008729831,21,1
21588,52124,0.0008755997,21,1
21589,52125,0.0008778719,21,1
21590,52126,0.0008781017,21,1
21591,52127,0.0008785837,21,1
21592,52130,0.00087922,21,1
21593,52131,0.0008795357,21,1
21594,52132,0.000878816,21,1
21595,52133,0.0008777401,21,1
21596,52134,0.0008777728,21,1
21597,52135,0.0008776591,21,1
21598,52136,0.0008763194,21,1
21599,52137,0.0008765333,21,1
21600,52140,0.0008770967,21,1
21601,52141,0.0008777524,21,1
21602,52142,0.0008777602,21,1
21603,52143,0.0008783017,21,1
21604,52144,0.0008789062,21,1
21605,52145,0.0008795316,21,1
21606,52146,0.0008810276,21,1
21607,52147,0.0008820797,21,1
21608,52150,0.0008824407,21,1
21609,52151,0.0008841655,21,1
21610,52152,0.0008852536,21,1
21611,52153,0.0008855523,21,1
21612,52154,0.0008863187,21,1
21613,52155,0.0008860217,21,1
21614,52156,0.000885181,21,1
21615,52157,0.0008855418,21,0
21616,52160,0.0008857583,21,0
21617,52161,0.0008855609,21,0
21618,52162,0.0008853824,21,0
21619,52163,0.0008849517,21,0
21620,52164,0.0008844405,21,0
21621,52165,0.0008840292,21,0
21622,52166,0.0008831913,21,0
21623,52167,0.0008833066,21,0
21624,52170,0.0008823263,21,0
21625,52171,0.0008823426,21,0
21626,52172,0.0008819662,21,0
21627,52173,0.0008815616,21,0
21628,52174,0.000881182,21,0
21629,52175,0.0008816347,21,0
21630,52176,0.000881089,21,0
21631,52177,0.00088062,21,0
21632,52200,0.0008807886,21,0
21633,52201,0.0008806002,21,0
21634,52202,0.0008802409,21,0
21635,52203,0.0008794965,21,0
21636,52204,0.0008790767,21,0
21637,52205,0.0008781028,21,0
21638,52206,0.000877492,21,0
21639,52207,0.000877153,21,0
21640,52210,0.0008754625,21,0
21641,52211,0.0008746111,21,0
21642,52212,0.0008733032,21,0
21643,52213,0.0008707152,21,0
21644,52214,0.0008699033,21,0
21645,52215,0.0008683313,21,0
21646,52216,0.0008660722,-1,-1
21647,52217,0.0008679279,-1,-1
21648,52220,0.0008684921,-1,-1
21649,52221,0.0008664626,-1,-1
21650,52222,0.0008686003,-1,-1
21651,52223,0.0008678504,-1,-1
21652,52224,0.0008673012,-1,-1
21653,52225,0.0008691032,-1,-1
21654,52226,0.0008665818,-1,-1
21655,52227,0.0008670204,-1,-1
21656,52230,0.0008679337,-1,-1
21657,52231,0.000866192,-1,-1
21658,52232,0.0008677792,-1,-1
21659,52233,0.0008676315,-1,-1
21660,52234,0.0008670032,-1,-1
21661,52235,0.0008680778,-1,-1
21662,52236,0.0008675906,-1,-1
21663,52237,0.0008680327,-1,-1
21664,52240,0.0008683145,-1,-1
21665,52241,0.0008671402,-1,-1
21666,52242,0.0008682652,-1,-1
21667,52243,0.0008678261,-1,-1
21668,52244,0.0008677635,-1,-1
21669,52245,0.0008684677,-1,-1
21670,52246,0.0008675595,-1,-1
21671,52247,0.0008678435,-1,-1
21672,52250,0.000868233,-1,-1
21673,52251,0.0008674231,-1,-1
21674,52252,0.0008684615,-1,-1
21675,52253,0.0008676298,-1,-1
21676,52254,0.0008674624,-1,-1
21677,52255,0.0008680673,-1,-1
21678,52256,0.0008676,-1,-1
21679,52257,0.0008678003,-1,-1
21680,52260,0.0008671744,-1,-1
21681,52261,0.0008669462,-1,-1
21682,52262,0.0008675357,-1,-1
21683,52263,0.0008671412,-1,-1
21684,52264,0.0008668251,-1,-1
21685,52265,0.0008681555,-1,-1
21686,52266,0.0008677479,-1,-1
21687,52267,0.0008678583,-1,-1
21688,52270,0.0008683456,-1,-1
21689,52271,0.0008677389,-1,-1
21690,52272,0.0008683766,-1,-1
21691,52273,0.0008678561,-1,-1
21692,52274,0.0008681573,-1,-1
21693,52275,0.0008689354,-1,-1
21694,52276,0.0008678858,-1,-1
21695,52277,0.0008681252,-1,-1
21696,52300,0.0008682422,-1,-1
21697,52301,0.000868281,-1,-1
21698,52302,0.0008684479,-1,-1
21699,52303,0.0008680233,-1,-1
21700,52304,0.0008679942,-1,-1
21701,52305,0.0008679379,-1,-1
21702,52306,0.0008681721,-1,-1
21703,52307,0.0008681971,-1,-1
21704,52310,0.0008673071,-1,-1
21705,52311,0.0008679482,-1,-1
21706,52312,0.0008685141,-1,-1
21707,52313,0.0008675829,-1,-1
21708,52314,0.0008675481,-1,-1
21709,52315,0.0008680923,-1,-1
21710,52316,0.0008679883,-1,-1
21711,52317,0.0008673192,-1,-1
21712,52320,0.000867953,-1,-1
21713,52321,0.0008677937,-1,-1
21714,52322,0.0008680536,-1,-1
21715,52323,0.0008672092,-1,-1
21716,52324,0.0008680631,-1,-1
21717,52325,0.000868168,-1,-1
21718,52326,0.0008683894,-1,-1
21719,52327,0.0008673028,-1,-1
21720,52330,0.0008676233,-1,-1
21721,52331,0.0008682706,-1,-1
21722,52332,0.0008678798,-1,-1
21723,52333,0.0008678283,-1,-1
21724,52334,0.0008685984,-1,-1
21725,52335,0.0008685112,-1,-1
21726,52336,0.0008677943,-1,-1
21727,52337,0.0008680339,-1,-1
21728,52340,0.0008679852,-1,-1
21729,52341,0.0008682974,-1,-1
21730,52342,0.0008683116,-1,-1
21731,52343,0.0008681417,-1,-1
21732,52344,0.0008685564,-1,-1
21733,52345,0.0008677557,-1,-1
21734,52346,0.0008681932,-1,-1
21735,52347,0.0008684449,-1,-1
21736,52350,0.0008672525,-1,-1
21737,52351,0.0008678832,-1,-1
21738,52352,0.0008686862,-1,-1
21739,52353,0.0008682417,-1,-1
21740,52354,0.00086816,-1,-1
21741,52355,0.0008672677,-1,-1
21742,52356,0.0008687999,-1,-1
21743,52357,0.000868517,-1,-1
21744,52360,0.0008675758,-1,-1
21745,52361,0.0008676556,-1,-1
21746,52362,0.0008681123,-1,-1
21747,52363,0.0008681761,-1,-1
21748,52364,0.000867637,-1,-1
21749,52365,0.0008676802,-1,-1
21750,52366,0.0008668525,-1,-1
21751,52367,0.0008668387,-1,-1
21752,52370,0.0008678563,-1,-1
21753,52371,0.0008681347,-1,-1
21754,52372,0.0008681488,-1,-1
21755,52373,0.000868234,-1,-1
21756,52374,0.0008684873,-1,-1
21757,52375,0.0008684758,-1,-1
21758,52376,0.0008685778,-1,-1
21759,52377,0.0008693942,-1,-1
21760,52400,0.0008689563,-1,-1
21761,52401,0.0008690934,-1,-1
21762,52402,0.0008687224,-1,-1
21763,52403,0.0008682862,-1,-1
21764,52404,0.0008687688,-1,-1
21765,52405,0.0008684655,-1,-1
21766,52406,0.0008683461,-1,-1
21767,52407,0.000867447,-1,-1
21768,52410,0.0008680284,-1,-1
21769,52411,0.0008681232,-1,-1
21770,52412,0.0008683216,-1,-1
21771,52413,0.000868145,-1,-1
21772,52414,0.0008684725,-1,-1
21773,52415,0.0008686264,-1,-1
21774,52416,0.00086844,-1,-1
21775,52417,0.0008681536,-1,-1
21776,52420,0.0008682446,-1,-1
21777,52421,0.0008680245,-1,-1
21778,52422,0.0008685623,-1,-1
21779,52423,0.0008682591,-1,-1
21780,52424,0.0008681592,-1,-1
21781,52425,0.0008681598,-1,-1
21782,52426,0.000868015,-1,-1
21783,52427,0.0008678429,-1,-1
21784,52430,0.0008679968,-1,-1
21785,52431,0.0008689653,-1,-1
21786,52432,0.0008683265,-1,-1
21787,52433,0.0008687284,-1,-1
21788,52434,0.0008685768,-1,-1
21789,52435,0.0008687435,-1,-1
21790,52436,0.0008679204,-1,-1
21791,52437,0.0008681006,-1,-1
21792,52440,0.0008680046,-1,-1
21793,52441,0.0008687453,-1,-1
21794,52442,0.0008702713,-1,-1
21795,52443,0.0008750675,-1,-1
21796,52444,0.0008784196,-1,-1
21797,52445,0.0008809303,-1,-1
21798,52446,0.0008853008,-1,-1
21799,52447,0.0008893569,-1,-1
21800,52450,0.0008925363,-1,-1
21801,52451,0.0008951824,-1,-1
21802,52452,0.0008963246,-1,-1
21803,52453,0.0008970042,-1,-1
21804,52454,0.0008975057,-1,-1
21805,52455,0.0008982327,-1,-1
21806,52456,0.0008986886,-1,-1
21807,52457,0.0008989963,-1,-1
21808,52460,0.0008987911,-1,-1
21809,52461,0.0008990351,-1,-1
21810,52462,0.0008991687,-1,-1
21811,52463,0.0009004209,-1,-1
21812,52464,0.000900495,-1,-1
21813,52465,0.0009000255,-1,-1
21814,52466,0.0008985141,-1,-1
21815,52467,0.0008965433,-1,-1
21816,52470,0.0008962212,-1,-1
21817,52471,0.0008974376,-1,-1
21818,52472,0.0008985105,-1,-1
21819,52473,0.0009007754,-1,-1
21820,52474,0.0009016446,-1,-1
21821,52475,0.0009006017,-1,-1
21822,52476,0.0008992745,-1,-1
21823,52477,0.0008977211,-1,-1
21824,52500,0.0008982757,-1,-1
21825,52501,0.0008993977,-1,-1
21826,52502,0.000900264,-1,-1
21827,52503,0.0008995907,-1,-1
21828,52504,0.0008998925,-1,-1
21829,52505,0.0008993286,-1,-1
21830,52506,0.0008995568,-1,-1
21831,52507,0.0008993643,-1,-1
21832,52510,0.0009000293,-1,-1
21833,52511,0.0008995794,-1,-1
21834,52512,0.0008994697,-1,-1
21835,52513,0.0008994194,-1,-1
21836,52514,0.0008994256,-1,-1
21837,52515,0.0008996461,-1,-1
21838,52516,0.0009001038,-1,-1
21839,52517,0.0008993567,-1,-1
21840,52520,0.0008990495,-1,-1
21841,52521,0.0008998551,-1,-1
21842,52522,0.000899313,-1,-1
21843,52523,0.0008993878,-1,-1
21844,52524,0.0008998791,-1,-1
21845,52525,0.0009003283,-1,-1
21846,52526,0.00089937,-1,-1
21847,52527,0.0008991384,-1,-1
21848,52530,0.0008992497,-1,-1
21849,52531,0.0008992401,-1,-1
21850,52532,0.0008994681,-1,-1
21851,52533,0.0008997191,-1,-1
21852,52534,0.0008997033,-1,-1
21853,52535,0.000898924,-1,-1
21854,52536,0.0009003564,-1,-1
21855,52537,0.0008997202,-1,-1
21856,52540,0.0009002189,-1,-1
21857,52541,0.0008995319,-1,-1
21858,52542,0.0008992791,-1,-1
21859,52543,0.0008998112,-1,-1
21860,52544,0.0009000286,-1,-1
21861,52545,0.0008993805,-1,-1
21862,52546,0.0008993683,-1,-1
21863,52547,0.0009000733,-1,-1
21864,52550,0.0008992792,-1,-1
21865,52551,0.0008986749,-1,-1
21866,52552,0.0008991396,-1,-1
21867,52553,0.00089934,-1,-1
21868,52554,0.0008995158,-1,-1
21869,52555,0.0008998581,-1,-1
21870,52556,0.0009006597,-1,-1
21871,52557,0.0008997056,-1,-1
21872,52560,0.0008992584,-1,-1
21873,52561,0.0008997138,-1,-1
21874,52562,0.0008999567,-1,-1
21875,52563,0.0008998072,-1,-1
21876,52564,0.0009001729,-1,-1
21877,52565,0.000899561,-1,-1
21878,52566,0.0009004403,-1,-1
21879,52567,0.0009003144,-1,-1
21880,52570,0.0008994185,-1,-1
21881,52571,0.0008994256,-1,-1
21882,52572,0.0008994174,-1,-1
21883,52573,0.0008999526,-1,-1
21884,52574,0.0008996277,-1,-1
21885,52575,0.000899906,-1,-1
21886,52576,0.0008997742,-1,-1
21887,52577,0.0008991435,-1,-1
21888,52600,0.0009001331,-1,-1
21889,52601,0.0008998406,-1,-1
21890,52602,0.00089961,-1,-1
21891,52603,0.0008996512,-1,-1
21892,52604,0.000899931,-1,-1
21893,52605,0.0008997754,-1,-1
21894,52606,0.0008990593,-1,-1
21895,52607,0.0008993205,-1,-1
21896,52610,0.0009003317,-1,-1
21897,52611,0.0008993192,-1,-1
21898,52612,0.0009003687,-1,-1
21899,52613,0.0009000804,-1,-1
21900,52614,0.0008998182,-1,-1
21901,52615,0.0008995728,-1,-1
21902,52616,0.00089968,-1,-1
21903,52617,0.0008994848,-1,-1
21904,52620,0.0008992652,-1,-1
21905,52621,0.0008993112,-1,-1
21906,52622,0.0008992958,-1,-1
21907,52623,0.0008989493,-1,-1
21908,52624,0.0008995348,-1,-1
21909,52625,0.000899129,-1,-1
21910,52626,0.0008994622,-1,-1
21911,52627,0.0008995915,-1,-1
21912,52630,0.0009000097,-1,-1
21913,52631,0.0008992807,-1,-1
21914,52632,0.0008994,-1,-1
21915,52633,0.0008994129,-1,-1
21916,52634,0.0008999397,-1,-1
21917,52635,0.0008997445,-1,-1
21918,52636,0.0008998791,-1,-1
21919,52637,0.000899427,-1,-1
21920,52640,0.0008992549,-1,-1
21921,52641,0.000899872,-1,-1
21922,52642,0.000899499,-1,-1
21923,52643,0.0008992516,-1,-1
21924,52644,0.0008999388,-1,-1
21925,52645,0.0008999347,-1,-1
21926,52646,0.000900082,-1,-1
21927,52647,0.0008994574,-1,-1
21928,52650,0.0009004525,-1,-1
21929,52651,0.0008999044,-1,-1
21930,52652,0.0009000473,-1,-1
21931,52653,0.0008994324,-1,-1
21932,52654,0.0008995238,-1,-1
21933,52655,0.000899345,-1,-1
21934,52656,0.0008998257,-1,-1
21935,52657,0.0008997326,-1,-1
21936,52660,0.000899684,-1,-1
21937,52661,0.0008991949,-1,-1
21938,52662,0.0008995922,-1,-1
21939,52663,0.0008985329,-1,-1
21940,52664,0.0009001567,-1,-1
21941,52665,0.0009019115,-1,-1
21942,52666,0.0009012438,-1,-1
21943,52667,0.0009014105,-1,-1
21944,52670,0.0009015294,-1,-1
21945,52671,0.0009020143,-1,-1
21946,52672,0.0009013576,-1,-1
21947,52673,0.0009012398,-1,-1
21948,52674,0.0009012358,-1,-1
21949,52675,0.0009009081,-1,-1
21950,52676,0.0009010726,-1,-1
21951,52677,0.0008997052,22,0
21952,52700,0.0008994972,22,0
21953,52701,0.000899057,22,0
21954,52702,0.0008972863,22,0
21955,52703,0.0008966973,22,0
21956,52704,0.0008958845,22,0
21957,52705,0.0008949732,22,0
21958,52706,0.0008934137,22,0
21959,52707,0.0008930273,22,0
21960,52710,0.0008924814,22,0
21961,52711,0.0008912532,22,0
21962,52712,0.0008916865,22,0
21963,52713,0.0008916703,22,0
21964,52714,0.0008917078,22,0
21965,52715,0.0008925907,22,0
21966,52716,0.0008930992,22,0
21967,52717,0.0008944338,22,0
21968,52720,0.0008951218,22,0
21969,52721,0.0008956732,22,0
21970,52722,0.0008969282,22,0
21971,52723,0.0008978694,22,0
21972,52724,0.0008982898,22,0
21973,52725,0.0008985638,22,0
21974,52726,0.0008990496,22,0
21975,52727,0.0008989302,22,0
21976,52730,0.0008986444,22,0
21977,52731,0.0008980896,22,0
21978,52732,0.0008971347,22,0
21979,52733,0.0008972304,22,0
21980,52734,0.0008969339,22,0
21981,52735,0.0008966431,22,0
21982,52736,0.000896965,22,0
21983,52737,0.0008972125,22,1
21984,52740,0.000897651,22,1
21985,52741,0.0008985813,22,1
21986,52742,0.0008985916,22,1
21987,52743,0.0008995072,22,1
21988,52744,0.0008987529,22,1
21989,52745,0.0008986211,22,1
21990,52746,0.0008989819,22,1
21991,52747,0.0008984488,22,1
21992,52750,0.000899316,22,1
21993,52751,0.0008984682,22,1
21994,52752,0.0008989539,22,1
21995,52753,0.0008990357,22,1
21996,52754,0.000898562,22,1
21997,52755,0.0008994242,22,1
21998,52756,0.0008994439,22,1
21999,52757,0.0008990185,22,1
22000,52760,0.0009000095,22,1
22001,52761,0.000899435,22,1
22002,52762,0.0008999319,22,1
22003,52763,0.0009004141,22,1
22004,52764,0.0009003091,22,1
22005,52765,0.0009006221,22,1
22006,52766,0.0009007668,22,1
22007,52767,0.0009014849,22,1
22008,52770,0.0009010227,22,1
22009,52771,0.0009011657,22,1
22010,52772,0.0009021506,22,1
22011,52773,0.000901634,22,1
22012,52774,0.0009018023,22,1
22013,52775,0.0009023906,22,1
22014,52776,0.0009025272,22,2
22015,52777,0.0009028352,22,2
22016,53000,0.0009022279,22,2
22017,53001,0.0009020493,22,2
22018,53002,0.0009019093,22,2
22019,53003,0.0009021091,22,2
22020,53004,0.000900812,22,2
22021,53005,0.000899996,22,2
22022,53006,0.0009007264,22,2
22023,53007,0.0009009204,22,2
22024,53010,0.000901414,22,2
22025,53011,0.0009012828,22,2
22026,53012,0.0009014297,22,2
22027,53013,0.0009013775,22,2
22028,53014,0.0009019521,22,2
22029,53015,0.0009019907,22,2
22030,53016,0.0009021561,22,2
22031,53017,0.0009019566,22,2
22032,53020,0.0009023461,22,2
22033,53021,0.0009022508,22,2
22034,53022,0.0009023351,22,2
22035,53023,0.0009029142,22,2
22036,53024,0.0009026424,22,2
22037,53025,0.0009030565,22,2
22038,53026,0.0009026439,22,2
22039,53027,0.0009023515,22,2
22040,53030,0.0009029232,22,2
22041,53031,0.0009034674,22,2
22042,53032,0.0009022919,22,2
22043,53033,0.000902181,22,2
22044,53034,0.00090244,22,2
22045,53035,0.0009030065,22,3
22046,53036,0.0009026591,22,3
22047,53037,0.0009030451,22,3
22048,53040,0.0009035059,22,3
22049,53041,0.0009033515,22,3
22050,53042,0.0009031244,22,3
22051,53043,0.0009034733,22,3
22052,53044,0.0009033156,22,3
22053,53045,0.0009029736,22,3
22054,53046,0.0009037958,22,3
22055,53047,0.000903823,22,3
22056,53050,0.000903849,22,3
22057,53051,0.0009036074,22,3
22058,53052,0.0009022385,22,3
22059,53053,0.0009013285,22,3
22060,53054,0.000902153,22,3
22061,53055,0.0009020276,22,3
22062,53056,0.0009020376,22,3
22063,53057,0.0009018771,22,3
22064,53060,0.0009016922,22,3
22065,53061,0.000901501,22,3
22066,53062,0.0009015563,22,3
22067,53063,0.0009022489,22,3
22068,53064,0.0009018338,22,3
22069,53065,0.0009020302,22,3
22070,53066,0.0009027123,22,3
22071,53067,0.0009017877,22,3
22072,53070,0.0009032129,22,3
22073,53071,0.0009029114,22,3
22074,53072,0.0009031875,22,3
22075,53073,0.0009024446,22,3
22076,53074,0.0009025421,22,3
22077,53075,0.0009024527,22,4
22078,53076,0.0009017818,22,4
22079,53077,0.0009005184,22,4
22080,53100,0.0009019288,22,4
22081,53101,0.0009006617,22,4
22082,53102,0.0009003576,22,4
22083,53103,0.0008998463,22,4
22084,53104,0.0008993311,22,4
22085,53105,0.0008997231,22,4
22086,53106,0.0009001,22,4
22087,53107,0.0009007116,22,4
22088,53110,0.0009011136,22,4
22089,53111,0.0009013928,22,4
22090,53112,0.000902196,22,4
22091,53113,0.0009030484,22,4
22092,53114,0.0009020934,22,4
22093,53115,0.0009033905,22,4
22094,53116,0.0009027179,22,4
22095,53117,0.000903232,22,4
22096,53120,0.0009032603,22,4
22097,53121,0.0009029202,22,4
22098,53122,0.0009027116,22,4
22099,53123,0.0009029811,22,4
22100,53124,0.000902695,22,4
22101,53125,0.0009022235,22,4
22102,53126,0.0009022069,22,4
22103,53127,0.0009030903,22,4
22104,53130,0.000902687,22,4
22105,53131,0.0009032227,22,4
22106,53132,0.0009032358,22,4
22107,53133,0.0009023468,22,4
22108,53134,0.00090273,22,5
22109,53135,0.0009033733,22,5
22110,53136,0.0009026041,22,5
22111,53137,0.0009027228,22,5
22112,53140,0.0009025733,22,5
22113,53141,0.0009028932,22,5
22114,53142,0.0009033207,22,5
22115,53143,0.0009033155,22,5
22116,53144,0.0009026169,22,5
22117,53145,0.0009026399,22,5
22118,53146,0.0009028648,22,5
22119,53147,0.0009025432,22,5
22120,53150,0.0009028525,22,5
22121,53151,0.0009027717,22,5
22122,53152,0.0009023162,22,5
22123,53153,0.000902632,22,5
22124,53154,0.0009023563,22,5
22125,53155,0.0009022892,22,5
22126,53156,0.0009015854,22,5
22127,53157,0.0009012725,22,5
22128,53160,0.0009011158,22,5
22129,53161,0.0009018862,22,5
22130,53162,0.0009013621,22,5
22131,53163,0.000902068,22,5
22132,53164,0.0009020224,22,5
22133,53165,0.0009022773,22,5
22134,53166,0.000902187,22,5
22135,53167,0.0009023111,22,5
22136,53170,0.0009023575,22,5
22137,53171,0.0009033882,22,5
22138,53172,0.000902119,22,5
22139,53173,0.0009018884,22,6
22140,53174,0.0009014443,22,6
22141,53175,0.0009022314,22,6
22142,53176,0.0009015423,22,6
22143,53177,0.0009017859,22,6
22144,53200,0.0009027048,22,6
22145,53201,0.0009006937,22,6
22146,53202,0.0009018311,22,6
22147,53203,0.0009008279,22,6
22148,53204,0.0009004048,22,6
22149,53205,0.0009013528,22,6
22150,53206,0.0008998382,22,6
22151,53207,0.0008987832,22,6
22152,53210,0.0008983613,22,6
22153,53211,0.0008979851,22,6
22154,53212,0.0008969928,22,6
22155,53213,0.0008967511,22,6
22156,53214,0.0008959853,22,6
22157,53215,0.000893451,22,6
22158,53216,0.0008898723,22,6
22159,53217,0.0008842796,22,6
22160,53220,0.0008754978,22,6
22161,53221,0.0008659778,22,6
22162,53222,0.000857282,22,6
22163,53223,0.0008477275,22,6
22164,53224,0.0008410775,22,6
22165,53225,0.0008351217,22,6
22166,53226,0.000834286,22,6
22167,53227,0.000835672,22,6
22168,53230,0.0008381481,22,6
22169,53231,0.0008413716,22,6
22170,53232,0.0008447905,22,6
22171,53233,0.0008483129,22,7
22172,53234,0.0008512516,22,7
22173,53235,0.0008535165,22,7
22174,53236,0.0008542305,22,7
22175,53237,0.0008566657,22,7
22176,53240,0.0008602026,22,7
22177,53241,0.0008651004,22,7
22178,53242,0.0008705954,22,7
22179,53243,0.0008754912,22,7
22180,53244,0.0008786784,22,7
22181,53245,0.0008822161,22,7
22182,53246,0.0008839159,22,7
22183,53247,0.0008855647,22,7
22184,53250,0.0008878407,22,7
22185,53251,0.0008893185,22,7
22186,53252,0.0008908656,22,7
22187,53253,0.0008929428,22,7
22188,53254,0.0008938941,22,7
22189,53255,0.000895782,22,7
22190,53256,0.0008966975,22,7
22191,53257,0.0008971688,22,7
22192,53260,0.000898478,22,7
22193,53261,0.0008987059,22,7
22194,53262,0.0008992198,22,7
22195,53263,0.0008985775,22,7
22196,53264,0.0008988021,22,7
22197,53265,0.0008992578,22,7
22198,53266,0.0008979623,22,7
22199,53267,0.0008981251,22,7
22200,53270,0.000898668,22,7
22201,53271,0.0008978134,22,7
22202,53272,0.0008977229,22,8
22203,53273,0.0008978582,22,8
22204,53274,0.0008982279,22,8
22205,53275,0.0008987103,22,8
22206,53276,0.0008983441,22,8
22207,53277,0.0008980887,22,8
22208,53300,0.0008971437,22,8
22209,53301,0.0008967809,22,8
22210,53302,0.0008961568,22,8
22211,53303,0.000895636,22,8
22212,53304,0.0008956036,22,8
22213,53305,0.0008949177,22,8
22214,53306,0.0008945499,22,8
22215,53307,0.0008943817,22,8
22216,53310,0.0008944257,22,8
22217,53311,0.0008947273,22,8
22218,53312,0.000895405,22,8
22219,53313,0.0008962172,22,8
22220,53314,0.0008967876,22,8
22221,53315,0.0008977801,22,8
22222,53316,0.0008985923,22,8
22223,53317,0.000898874,22,8
22224,53320,0.0009002943,22,8
22225,53321,0.0009005521,22,8
22226,53322,0.0009006249,22,8
22227,53323,0.0009003035,22,8
22228,53324,0.0008994833,22,8
22229,53325,0.0008993726,22,8
22230,53326,0.0008992839,22,8
22231,53327,0.0008985983,22,8
22232,53330,0.0009002697,22,8
22233,53331,0.00090005,22,9
22234,53332,0.0009004681,22,9
22235,53333,0.0009009931,22,9
22236,53334,0.0009008458,22,9
22237,53335,0.0009009847,22,9
22238,53336,0.0009013137,22,9
22239,53337,0.0009014469,22,9
22240,53340,0.0009011688,22,9
22241,53341,0.0009008189,22,9
22242,53342,0.0009014259,22,9
22243,53343,0.0009006657,22,9
22244,53344,0.0009013333,22,9
22245,53345,0.0009015473,22,9
22246,53346,0.0009019458,22,9
22247,53347,0.00090138,22,9
22248,53350,0.000901624,22,9
22249,53351,0.0009023641,22,9
22250,53352,0.0009028831,22,9
22251,53353,0.0009022558,22,9
22252,53354,0.0009022565,22,9
22253,53355,0.0009026415,22,9
22254,53356,0.0009027169,22,9
22255,53357,0.0009016008,22,9
22256,53360,0.0009018775,22,9
22257,53361,0.0009015512,22,9
22258,53362,0.0009015555,22,9
22259,53363,0.0009017639,22,9
22260,53364,0.0009026732,22,9
22261,53365,0.0009020804,22,9
22262,53366,0.0009021717,22,9
22263,53367,0.0009014474,22,9
22264,53370,0.0009018105,22,9
22265,53371,0.0009010433,22,10
22266,53372,0.0009010533,22,10
22267,53373,0.0009006968,22,10
22268,53374,0.000899707,22,10
22269,53375,0.000899605,22,10
22270,53376,0.0008999642,22,10
22271,53377,0.0008992836,22,10
22272,53400,0.0009002801,22,10
22273,53401,0.0009002148,22,10
22274,53402,0.0009004707,22,10
22275,53403,0.0009001447,22,10
22276,53404,0.0009001362,22,10
22277,53405,0.0009003493,22,10
22278,53406,0.0009002986,22,10
22279,53407,0.0008997108,22,10
22280,53410,0.0009002836,22,10
22281,53411,0.0009008728,22,10
22282,53412,0.0009012558,22,10
22283,53413,0.0009007251,22,10
22284,53414,0.0009000822,22,10
22285,53415,0.00090126,22,10
22286,53416,0.0009001044,22,10
22287,53417,0.0008996084,22,10
22288,53420,0.0009000269,22,10
22289,53421,0.0008994633,22,10
22290,53422,0.0009004357,22,10
22291,53423,0.0008999977,22,10
22292,53424,0.0009000282,22,10
22293,53425,0.000900762,22,10
22294,53426,0.0009009027,22,10
22295,53427,0.0008998793,22,10
22296,53430,0.0009003315,22,11
22297,53431,0.0009004319,22,11
22298,53432,0.0009002695,22,11
22299,53433,0.0009002574,22,11
22300,53434,0.0009001688,22,11
22301,53435,0.000900299,22,11
22302,53436,0.0009000842,22,11
22303,53437,0.0008997038,22,11
22304,53440,0.0009004811,22,11
22305,53441,0.0008999603,22,11
22306,53442,0.0008999281,22,11
22307,53443,0.0009010761,22,11
22308,53444,0.0009005649,22,11
22309,53445,0.0009003034,22,11
22310,53446,0.0009004131,22,11
22311,53447,0.0009003059,22,11
22312,53450,0.0009008148,22,11
22313,53451,0.000900075,22,11
22314,53452,0.0008999399,22,11
22315,53453,0.0008996833,22,11
22316,53454,0.0008998466,22,11
22317,53455,0.0008994792,22,11
22318,53456,0.0009002858,22,11
22319,53457,0.0008999598,22,11
22320,53460,0.0009015256,22,11
22321,53461,0.0009007936,22,11
22322,53462,0.0009010897,22,11
22323,53463,0.0009013296,22,11
22324,53464,0.000901948,22,11
22325,53465,0.0009018187,22,11
22326,53466,0.0009025131,22,11
22327,53467,0.0009023035,22,12
22328,53470,0.000903254,22,12
22329,53471,0.0009026388,22,12
22330,53472,0.0009026247,22,12
22331,53473,0.0009031329,22,12
22332,53474,0.0009030736,22,12
22333,53475,0.0009031359,22,12
22334,53476,0.0009029882,22,12
22335,53477,0.0009023843,22,12
22336,53500,0.000903097,22,12
22337,53501,0.0009024905,22,12
22338,53502,0.000903031,22,12
22339,53503,0.0009024211,22,12
22340,53504,0.0009028814,22,12
22341,53505,0.0009026236,22,12
22342,53506,0.0009027411,22,12
22343,53507,0.0009044898,22,12
22344,53510,0.000904175,22,12
22345,53511,0.0009043411,22,12
22346,53512,0.0009046917,22,12
22347,53513,0.0009049862,22,12
22348,53514,0.0009046684,22,12
22349,53515,0.0009059514,22,12
22350,53516,0.0009057527,22,12
22351,53517,0.0009055705,22,12
22352,53520,0.000905524,22,12
22353,53521,0.0009051193,22,12
22354,53522,0.000905397,22,12
22355,53523,0.0009058731,22,12
22356,53524,0.0009054507,22,12
22357,53525,0.0009059232,22,12
22358,53526,0.0009053059,22,12
22359,53527,0.0009055819,22,13
22360,53530,0.0009054703,22,13
22361,53531,0.0009060503,22,13
22362,53532,0.0009058891,22,13
22363,53533,0.0009063633,22,13
22364,53534,0.0009055265,22,13
22365,53535,0.0009054283,22,13
22366,53536,0.0009042664,22,13
22367,53537,0.0009056706,22,13
22368,53540,0.0009047278,22,13
22369,53541,0.0009048493,22,13
22370,53542,0.0009062031,22,13
22371,53543,0.0009055919,22,13
22372,53544,0.0009060839,22,13
22373,53545,0.0009057844,22,13
22374,53546,0.0009054174,22,13
22375,53547,0.0009058994,22,13
22376,53550,0.0009051609,22,13
22377,53551,0.0009052593,22,13
22378,53552,0.0009051595,22,13
22379,53553,0.0009051978,22,13
22380,53554,0.0009047636,22,13
22381,53555,0.000904734,22,13
22382,53556,0.0009046413,22,13
22383,53557,0.0009046593,22,13
22384,53560,0.0009036651,22,13
22385,53561,0.0009037608,22,13
22386,53562,0.0009030488,22,13
22387,53563,0.0009027962,22,13
22388,53564,0.0009020937,22,13
22389,53565,0.0009008886,22,13
22390,53566,0.0009017367,22,14
22391,53567,0.0009007622,22,14
22392,53570,0.0009006169,22,14
22393,53571,0.0009009382,22,14
22394,53572,0.0009009274,22,14
22395,53573,0.0009010462,22,14
22396,53574,0.0009017334,22,14
22397,53575,0.0009015316,22,14
22398,53576,0.0009015931,22,14
22399,53577,0.0009025788,22,14
22400,53600,0.0009027799,22,14
22401,53601,0.0009028305,22,14
22402,53602,0.00090405,22,14
22403,53603,0.0009035427,22,14
22404,53604,0.0009042002,22,14
22405,53605,0.0009049472,22,14
22406,53606,0.0009054884,22,14
22407,53607,0.000905233,22,14
22408,53610,0.0009054246,22,14
22409,53611,0.0009051677,22,14
22410,53612,0.0009056469,22,14
22411,53613,0.000905091,22,14
22412,53614,0.0009050823,22,14
22413,53615,0.0009052103,22,14
22414,53616,0.0009049659,22,14
22415,53617,0.0009052668,22,14
22416,53620,0.000905733,22,14
22417,53621,0.0009053668,22,14
22418,53622,0.0009050061,22,14
22419,53623,0.0009051971,22,14
22420,53624,0.0009054039,22,14
22421,53625,0.0009051785,22,15
22422,53626,0.0009048472,22,15
22423,53627,0.0009039684,22,15
22424,53630,0.0009033706,22,15
22425,53631,0.0009022505,22,15
22426,53632,0.0009019598,22,15
22427,53633,0.00090229,22,15
22428,53634,0.0009013807,22,15
22429,53635,0.0009007832,22,15
22430,53636,0.0009003278,22,15
22431,53637,0.0009002995,22,15
22432,53640,0.00089929,22,15
22433,53641,0.0008982726,22,15
22434,53642,0.0008976065,22,15
22435,53643,0.0008973422,22,15
22436,53644,0.0008974052,22,15
22437,53645,0.0008977836,22,15
22438,53646,0.0008967764,22,15
22439,53647,0.0008976415,22,15
22440,53650,0.0008990835,22,15
22441,53651,0.0008997601,22,15
22442,53652,0.0009006748,22,15
22443,53653,0.0009007242,22,15
22444,53654,0.0009012107,22,15
22445,53655,0.0009005753,22,15
22446,53656,0.000901107,22,15
22447,53657,0.0009008306,22,15
22448,53660,0.0008996876,22,15
22449,53661,0.0009001761,22,15
22450,53662,0.0008998863,22,15
22451,53663,0.0008997156,22,15
22452,53664,0.0009005978,22,15
22453,53665,0.0009005662,22,16
22454,53666,0.0009004735,22,16
22455,53667,0.0009003635,22,16
22456,53670,0.0009007378,22,16
22457,53671,0.0009019228,22,16
22458,53672,0.0009015522,22,16
22459,53673,0.0009025531,22,16
22460,53674,0.0009027831,22,16
22461,53675,0.0009029289,22,16
22462,53676,0.0009027889,22,16
22463,53677,0.0009022585,22,16
22464,53700,0.000901941,22,16
22465,53701,0.0009026753,22,16
22466,53702,0.0009016746,22,16
22467,53703,0.0009006227,22,16
22468,53704,0.0009003211,22,16
22469,53705,0.0008999601,22,16
22470,53706,0.0008993045,22,16
22471,53707,0.0008992062,22,16
22472,53710,0.0008990519,22,16
22473,53711,0.000898688,22,16
22474,53712,0.000898067,22,16
22475,53713,0.0008974207,22,16
22476,53714,0.0008961624,22,16
22477,53715,0.0008952924,22,16
22478,53716,0.0008944263,22,16
22479,53717,0.0008940832,22,16
22480,53720,0.0008935628,22,16
22481,53721,0.0008933935,22,16
22482,53722,0.0008927982,22,16
22483,53723,0.0008919625,22,16
22484,53724,0.00089208,22,17
22485,53725,0.0008931296,22,17
22486,53726,0.0008928335,22,17
22487,53727,0.0008929172,22,17
22488,53730,0.000892814,22,17
22489,53731,0.0008932807,22,17
22490,53732,0.0008937492,22,17
22491,53733,0.0008923396,22,17
22492,53734,0.000892709,22,17
22493,53735,0.0008924619,22,17
22494,53736,0.000891437,22,17
22495,53737,0.0008912992,22,17
22496,53740,0.0008918574,22,17
22497,53741,0.000891781,22,17
22498,53742,0.0008923934,22,17
22499,53743,0.0008928367,22,17
22500,53744,0.0008952661,22,17
22501,53745,0.000896206,22,17
22502,53746,0.0008977556,22,17
22503,53747,0.0008975975,22,17
22504,53750,0.0008974503,22,17
22505,53751,0.0008976139,22,17
22506,53752,0.0008983985,22,17
22507,53753,0.0008987628,22,17
22508,53754,0.0008980384,22,17
22509,53755,0.0008979716,22,17
22510,53756,0.0008971118,22,17
22511,53757,0.0008964727,22,17
22512,53760,0.0008966866,22,17
22513,53761,0.0008958954,22,17
22514,53762,0.0008964457,22,17
22515,53763,0.000895854,22,18
22516,53764,0.0008967882,22,18
22517,53765,0.0008965796,22,18
22518,53766,0.0008968912,22,18
22519,53767,0.0008968844,22,18
22520,53770,0.0008964278,22,18
22521,53771,0.0008967355,22,18
22522,53772,0.0008973736,22,18
22523,53773,0.0008960761,22,18
22524,53774,0.0008956672,22,18
22525,53775,0.0008945353,22,18
22526,53776,0.0008941015,22,18
22527,53777,0.0008931904,22,18
22528,54000,0.0008923215,22,18
22529,54001,0.0008914365,22,18
22530,54002,0.0008906637,22,18
22531,54003,0.000889937,22,18
22532,54004,0.0008893521,22,18
22533,54005,0.0008884613,22,18
22534,54006,0.0008886609,22,18
22535,54007,0.0008892508,22,18
22536,54010,0.0008885936,22,18
22537,54011,0.0008885803,22,18
22538,54012,0.0008877252,22,18
22539,54013,0.0008883341,22,18
22540,54014,0.0008873886,22,18
22541,54015,0.0008876119,22,18
22542,54016,0.0008875761,22,18
22543,54017,0.0008876446,22,18
22544,54020,0.0008876036,22,18
22545,54021,0.0008886219,22,18
22546,54022,0.0008891785,22,18
22547,54023,0.0008888011,22,19
22548,54024,0.0008891632,22,19
22549,54025,0.0008889434,22,19
22550,54026,0.0008892263,22,19
22551,54027,0.0008895003,22,19
22552,54030,0.0008897147,22,19
22553,54031,0.0008888426,22,19
22554,54032,0.000888117,22,19
22555,54033,0.0008878863,22,19
22556,54034,0.0008882309,22,19
22557,54035,0.0008882245,22,19
22558,54036,0.0008890981,22,19
22559,54037,0.0008894849,22,19
22560,54040,0.0008898166,22,19
22561,54041,0.000890029,22,19
22562,54042,0.0008903137,22,19
22563,54043,0.0008901766,22,19
22564,54044,0.0008911344,22,19
22565,54045,0.0008918396,22,19
22566,54046,0.0008921305,22,19
22567,54047,0.0008927564,22,19
22568,54050,0.0008937537,22,19
22569,54051,0.0008940928,22,19
22570,54052,0.0008948461,22,19
22571,54053,0.0008950416,22,19
22572,54054,0.0008952015,22,19
22573,54055,0.0008960193,22,19
22574,54056,0.0008961171,22,19
22575,54057,0.0008959848,22,19
22576,54060,0.0008960228,22,19
22577,54061,0.0008967061,22,19
22578,54062,0.0008965922,22,20
22579,54063,0.0008967733,22,20
22580,54064,0.0008971062,22,20
22581,54065,0.000898237,22,20
22582,54066,0.0008986001,22,20
22583,54067,0.0008984155,22,20
22584,54070,0.0008997309,22,20
22585,54071,0.000900119,22,20
22586,54072,0.0008996984,22,20
22587,54073,0.0009004262,22,20
22588,54074,0.000900379,22,20
22589,54075,0.0009003837,22,20
22590,54076,0.0009003335,22,20
22591,54077,0.0009007533,22,20
22592,54100,0.0009004959,22,20
22593,54101,0.0009008485,22,20
22594,54102,0.0009019991,22,20
22595,54103,0.0009016629,22,20
22596,54104,0.0009021444,22,20
22597,54105,0.0009018842,22,20
22598,54106,0.0009013623,22,20
22599,54107,0.0009018278,22,20
22600,54110,0.0009024771,22,20
22601,54111,0.0009017357,22,20
22602,54112,0.000901613,22,20
22603,54113,0.0009019955,22,20
22604,54114,0.0009017088,22,20
22605,54115,0.0009012348,22,20
22606,54116,0.0009023622,22,20
22607,54117,0.0009018789,22,20
22608,54120,0.000901336,22,20
22609,54121,0.0009011294,22,21
22610,54122,0.0009008811,22,21
22611,54123,0.0009006289,22,21
22612,54124,0.0008999624,22,21
22613,54125,0.0009000836,22,21
22614,54126,0.0008995255,22,21
22615,54127,0.0008993903,22,21
22616,54130,0.0008993718,22,21
22617,54131,0.0008987854,22,21
22618,54132,0.0008996095,22,21
22619,54133,0.0008992906,22,21
22620,54134,0.0008989643,22,21
22621,54135,0.0008986986,22,21
22622,54136,0.0008993355,22,21
22623,54137,0.0008993928,22,21
22624,54140,0.0008992511,22,21
22625,54141,0.0008996204,22,21
22626,54142,0.0008992605,22,21
22627,54143,0.000898678,22,21
22628,54144,0.0008989316,22,21
22629,54145,0.000898079,22,21
22630,54146,0.0008984226,22,21
22631,54147,0.0008982018,22,21
22632,54150,0.0008980285,22,21
22633,54151,0.0008977747,22,21
22634,54152,0.0008976728,22,21
22635,54153,0.0008974621,22,21
22636,54154,0.0008980907,22,21
22637,54155,0.0008979125,22,21
22638,54156,0.0008975189,22,21
22639,54157,0.0008971443,22,21
22640,54160,0.0008966511,22,21
22641,54161,0.0008958306,22,22
22642,54162,0.0008958515,22,22
22643,54163,0.0008948521,22,22
22644,54164,0.0008930244,22,22
22645,54165,0.0008914921,22,22
22646,54166,0.0008871745,22,22
22647,54167,0.0008829589,22,22
22648,54170,0.0008768167,22,22
22649,54171,0.0008702223,22,22
22650,54172,0.0008638619,22,22
22651,54173,0.0008584078,22,22
22652,54174,0.0008515821,22,22
22653,54175,0.0008461608,22,22
22654,54176,0.0008422582,22,22
22655,54177,0.0008385417,22,22
22656,54200,0.0008348032,22,22
22657,54201,0.0008326566,22,22
22658,54202,0.0008313576,22,22
22659,54203,0.0008305272,22,22
22660,54204,0.0008307329,22,22
22661,54205,0.0008290738,22,22
22662,54206,0.0008250065,22,22
22663,54207,0.0008212661,22,22
22664,54210,0.0008189997,22,22
22665,54211,0.0008180286,22,22
22666,54212,0.0008161814,22,22
22667,54213,0.0008157177,22,22
22668,54214,0.0008167812,22,22
22669,54215,0.0008192842,22,22
22670,54216,0.0008220308,22,22
22671,54217,0.0008260289,22,22
22672,54220,0.0008283359,22,23
22673,54221,0.0008289074,22,23
22674,54222,0.0008280009,22,23
22675,54223,0.0008268688,22,23
22676,54224,0.0008257017,22,23
22677,54225,0.000823878,22,23
22678,54226,0.0008233456,22,23
22679,54227,0.0008242002,22,23
22680,54230,0.000826847,22,23
22681,54231,0.0008308775,22,23
22682,54232,0.0008359089,22,23
22683,54233,0.0008421785,22,23
22684,54234,0.0008501069,22,23
22685,54235,0.000860391,22,23
22686,54236,0.000871854,22,23
22687,54237,0.000883356,22,23
22688,54240,0.0008934654,22,23
22689,54241,0.0009025615,22,23
22690,54242,0.0009094946,22,23
22691,54243,0.0009168548,22,23
22692,54244,0.0009230271,22,23
22693,54245,0.0009285345,22,23
22694,54246,0.0009341526,22,23
22695,54247,0.0009394345,22,23
22696,54250,0.0009438157,22,23
22697,54251,0.0009482372,22,23
22698,54252,0.000951989,22,23
22699,54253,0.0009553999,22,23
22700,54254,0.0009577911,22,23
22701,54255,0.0009598822,22,23
22702,54256,0.000961011,22,23
22703,54257,0.000961166,22,24
22704,54260,0.0009613559,22,24
22705,54261,0.0009607263,22,24
22706,54262,0.0009605442,22,24
22707,54263,0.0009608945,22,24
22708,54264,0.0009606506,22,24
22709,54265,0.0009596257,22,24
22710,54266,0.0009606769,22,24
22711,54267,0.000960591,22,24
22712,54270,0.0009606981,22,24
22713,54271,0.000960613,22,24
22714,54272,0.0009603046,22,24
22715,54273,0.0009600981,22,24
22716,54274,0.0009598057,22,24
22717,54275,0.0009604557,22,24
22718,54276,0.0009603669,22,24
22719,54277,0.0009602802,22,24
22720,54300,0.0009602533,22,24
22721,54301,0.0009605435,22,24
22722,54302,0.0009602284,22,24
22723,54303,0.0009600266,22,24
22724,54304,0.0009607838,22,24
22725,54305,0.0009611855,22,24
22726,54306,0.0009606015,22,24
22727,54307,0.0009603546,22,24
22728,54310,0.000961128,22,24
22729,54311,0.0009609675,22,24
22730,54312,0.0009609203,22,24
22731,54313,0.0009600788,22,24
22732,54314,0.0009604548,22,24
22733,54315,0.0009606992,22,24
22734,54316,0.0009611834,-1,-1
22735,54317,0.0009606058,-1,-1
22736,54320,0.0009605219,-1,-1
22737,54321,0.0009609028,-1,-1
22738,54322,0.0009602841,-1,-1
22739,54323,0.000960836,-1,-1
22740,54324,0.0009603333,-1,-1
22741,54325,0.000960111,-1,-1
22742,54326,0.0009605869,-1,-1
22743,54327,0.0009601225,-1,-1
22744,54330,0.0009612641,-1,-1
22745,54331,0.0009600809,-1,-1
22746,54332,0.0009601801,-1,-1
22747,54333,0.0009605043,-1,-1
22748,54334,0.0009600946,-1,-1
22749,54335,0.0009608616,-1,-1
22750,54336,0.000960296,-1,-1
22751,54337,0.0009604061,-1,-1
22752,54340,0.0009602447,-1,-1
22753,54341,0.000960331,-1,-1
22754,54342,0.000960139,-1,-1
22755,54343,0.0009603897,-1,-1
22756,54344,0.0009603885,-1,-1
22757,54345,0.0009603275,-1,-1
22758,54346,0.0009605627,-1,-1
22759,54347,0.0009604865,-1,-1
22760,54350,0.0009601844,-1,-1
22761,54351,0.0009604754,-1,-1
22762,54352,0.000960158,-1,-1
22763,54353,0.0009607471,-1,-1
22764,54354,0.0009600777,-1,-1
22765,54355,0.0009610056,-1,-1
22766,54356,0.0009603214,-1,-1
22767,54357,0.0009598509,-1,-1
22768,54360,0.0009605958,-1,-1
22769,54361,0.0009605198,-1,-1
22770,54362,0.0009608959,-1,-1
22771,54363,0.0009609954,-1,-1
22772,54364,0.0009605756,-1,-1
22773,54365,0.0009614114,-1,-1
22774,54366,0.0009606528,-1,-1
22775,54367,0.0009602837,-1,-1
22776,54370,0.0009606533,-1,-1
22777,54371,0.0009606638,-1,-1
22778,54372,0.000960989,-1,-1
22779,54373,0.0009600989,-1,-1
22780,54374,0.0009609425,-1,-1
22781,54375,0.0009611098,-1,-1
22782,54376,0.0009608243,-1,-1
22783,54377,0.0009605658,-1,-1
22784,54400,0.0009602954,-1,-1
22785,54401,0.0009601896,-1,-1
22786,54402,0.0009603569,-1,-1
22787,54403,0.0009605466,-1,-1
22788,54404,0.0009601272,-1,-1
22789,54405,0.0009602048,-1,-1
22790,54406,0.0009594191,-1,-1
22791,54407,0.0009608418,-1,-1
22792,54410,0.0009606765,-1,-1
22793,54411,0.0009599956,-1,-1
22794,54412,0.0009604926,-1,-1
22795,54413,0.0009600861,-1,-1
22796,54414,0.0009604169,-1,-1
22797,54415,0.0009609857,-1,-1
22798,54416,0.0009603495,-1,-1
22799,54417,0.0009598364,-1,-1
22800,54420,0.0009606316,-1,-1
22801,54421,0.0009597637,-1,-1
22802,54422,0.0009596907,-1,-1
22803,54423,0.0009604846,-1,-1
22804,54424,0.0009607844,-1,-1
22805,54425,0.0009604489,-1,-1
22806,54426,0.0009594423,-1,-1
22807,54427,0.0009598779,-1,-1
22808,54430,0.0009605711,-1,-1
22809,54431,0.0009597559,-1,-1
22810,54432,0.0009600463,-1,-1
22811,54433,0.0009601803,-1,-1
22812,54434,0.0009596442,-1,-1
22813,54435,0.0009603276,-1,-1
22814,54436,0.0009601281,-1,-1
22815,54437,0.0009598195,-1,-1
22816,54440,0.0009604602,-1,-1
22817,54441,0.0009610003,-1,-1
22818,54442,0.0009606658,-1,-1
22819,54443,0.0009602429,-1,-1
22820,54444,0.0009605133,-1,-1
22821,54445,0.0009611237,-1,-1
22822,54446,0.0009609545,-1,-1
22823,54447,0.0009608278,-1,-1
22824,54450,0.0009607266,-1,-1
22825,54451,0.0009605805,-1,-1
22826,54452,0.0009602816,-1,-1
22827,54453,0.0009602412,-1,-1
22828,54454,0.0009603751,-1,-1
22829,54455,0.0009598729,-1,-1
22830,54456,0.0009603247,-1,-1
22831,54457,0.0009602599,-1,-1
22832,54460,0.0009607218,-1,-1
22833,54461,0.0009605233,-1,-1
22834,54462,0.000960277,-1,-1
22835,54463,0.0009599929,-1,-1
22836,54464,0.0009607846,-1,-1
22837,54465,0.0009608085,-1,-1
22838,54466,0.0009600217,-1,-1
22839,54467,0.0009611477,-1,-1
22840,54470,0.0009609092,-1,-1
22841,54471,0.0009600891,-1,-1
22842,54472,0.0009604575,-1,-1
22843,54473,0.0009613499,-1,-1
22844,54474,0.0009611314,-1,-1
22845,54475,0.0009606546,-1,-1
22846,54476,0.0009606066,-1,-1
22847,54477,0.0009607406,-1,-1
22848,54500,0.0009611073,-1,-1
22849,54501,0.000960707,-1,-1
22850,54502,0.0009605734,-1,-1
22851,54503,0.0009604808,-1,-1
22852,54504,0.0009603074,-1,-1
22853,54505,0.0009601482,-1,-1
22854,54506,0.0009605351,-1,-1
22855,54507,0.0009609716,-1,-1
22856,54510,0.0009605666,-1,-1
22857,54511,0.0009593333,-1,-1
22858,54512,0.0009598223,-1,-1
22859,54513,0.0009600586,-1,-1
22860,54514,0.0009599538,-1,-1
22861,54515,0.0009602456,-1,-1
22862,54516,0.0009595726,-1,-1
22863,54517,0.0009606681,-1,-1
22864,54520,0.0009604208,-1,-1
22865,54521,0.0009598326,-1,-1
22866,54522,0.000960193,-1,-1
22867,54523,0.0009600313,-1,-1
22868,54524,0.0009597802,-1,-1
22869,54525,0.0009606056,-1,-1
22870,54526,0.0009602577,-1,-1
22871,54527,0.0009597779,-1,-1
22872,54530,0.0009602786,-1,-1
22873,54531,0.0009601213,-1,-1
22874,54532,0.0009598333,-1,-1
22875,54533,0.0009605886,-1,-1
22876,54534,0.0009600474,-1,-1
22877,54535,0.000960467,-1,-1
22878,54536,0.0009601383,-1,-1
22879,54537,0.0009603624,-1,-1
22880,54540,0.0009600149,-1,-1
22881,54541,0.0009599665,-1,-1
22882,54542,0.0009603536,-1,-1
22883,54543,0.0009601791,-1,-1
22884,54544,0.0009601663,-1,-1
22885,54545,0.0009602187,-1,-1
22886,54546,0.0009604365,-1,-1
22887,54547,0.0009607149,-1,-1
22888,54550,0.0009606929,-1,-1
22889,54551,0.0009601559,-1,-1
22890,54552,0.000960548,-1,-1
22891,54553,0.0009604172,-1,-1
22892,54554,0.0009605904,-1,-1
22893,54555,0.000960003,-1,-1
22894,54556,0.000960167,-1,-1
22895,54557,0.0009602603,-1,-1
22896,54560,0.0009601437,-1,-1
22897,54561,0.0009603304,-1,-1
22898,54562,0.0009606817,-1,-1
22899,54563,0.0009606461,-1,-1
22900,54564,0.0009603556,-1,-1
22901,54565,0.0009602431,-1,-1
22902,54566,0.0009601935,-1,-1
22903,54567,0.000960216,-1,-1
22904,54570,0.0009598353,-1,-1
22905,54571,0.0009605277,-1,-1
22906,54572,0.0009602327,-1,-1
22907,54573,0.0009601646,-1,-1
22908,54574,0.0009596561,-1,-1
22909,54575,0.0009593463,-1,-1
22910,54576,0.0009594805,-1,-1
22911,54577,0.0009599969,-1,-1
22912,54600,0.0009605521,-1,-1
22913,54601,0.0009600418,-1,-1
22914,54602,0.0009590912,-1,-1
22915,54603,0.0009604555,-1,-1
22916,54604,0.0009606015,-1,-1
22917,54605,0.0009606624,-1,-1
22918,54606,0.0009602029,-1,-1
22919,54607,0.0009606691,-1,-1
22920,54610,0.000960468,-1,-1
22921,54611,0.000960754,-1,-1
22922,54612,0.0009594883,-1,-1
22923,54613,0.0009603836,-1,-1
22924,54614,0.0009597432,-1,-1
22925,54615,0.0009604158,-1,-1
22926,54616,0.0009599482,-1,-1
22927,54617,0.0009604761,-1,-1
22928,54620,0.0009597697,-1,-1
22929,54621,0.0009599912,-1,-1
22930,54622,0.0009602902,-1,-1
22931,54623,0.0009601022,-1,-1
22932,54624,0.0009597542,-1,-1
22933,54625,0.0009602185,-1,-1
22934,54626,0.0009601768,-1,-1
22935,54627,0.0009598662,-1,-1
22936,54630,0.0009603171,-1,-1
22937,54631,0.000960778,-1,-1
22938,54632,0.0009596062,-1,-1
22939,54633,0.0009604369,-1,-1
22940,54634,0.0009596745,-1,-1
22941,54635,0.0009603283,-1,-1
22942,54636,0.0009601355,-1,-1
22943,54637,0.0009608251,-1,-1
22944,54640,0.0009602214,-1,-1
22945,54641,0.0009602734,-1,-1
22946,54642,0.0009594209,-1,-1
22947,54643,0.0009603653,-1,-1
22948,54644,0.0009603864,-1,-1
22949,54645,0.0009604186,-1,-1
22950,54646,0.0009597467,-1,-1
22951,54647,0.0009601803,-1,-1
22952,54650,0.0009601358,-1,-1
22953,54651,0.0009599897,-1,-1
22954,54652,0.0009608327,-1,-1
22955,54653,0.0009603019,-1,-1
22956,54654,0.0009603167,-1,-1
22957,54655,0.0009599423,-1,-1
22958,54656,0.0009606478,-1,-1
22959,54657,0.0009597979,-1,-1
22960,54660,0.0009598166,-1,-1
22961,54661,0.0009598458,-1,-1
22962,54662,0.0009601056,-1,-1
22963,54663,0.0009598765,-1,-1
22964,54664,0.0009599946,-1,-1
22965,54665,0.0009600241,-1,-1
22966,54666,0.0009598521,-1,-1
22967,54667,0.0009608272,-1,-1
22968,54670,0.0009601053,-1,-1
22969,54671,0.000960053,-1,-1
22970,54672,0.0009597493,-1,-1
22971,54673,0.0009598675,-1,-1
22972,54674,0.0009604499,-1,-1
22973,54675,0.0009607229,-1,-1
22974,54676,0.0009601199,-1,-1
22975,54677,0.0009603173,-1,-1
22976,54700,0.000959941,-1,-1
22977,54701,0.0009601592,-1,-1
22978,54702,0.0009602338,-1,-1
22979,54703,0.0009596192,-1,-1
22980,54704,0.0009601731,-1,-1
22981,54705,0.00095939,-1,-1
22982,54706,0.0009602989,-1,-1
22983,54707,0.0009605113,-1,-1
22984,54710,0.0009593475,-1,-1
22985,54711,0.0009600213,-1,-1
22986,54712,0.0009605773,-1,-1
22987,54713,0.0009605034,-1,-1
22988,54714,0.0009602765,-1,-1
22989,54715,0.0009603028,-1,-1
22990,54716,0.0009600716,-1,-1
22991,54717,0.0009601612,-1,-1
22992,54720,0.0009604451,-1,-1
22993,54721,0.0009595163,-1,-1
22994,54722,0.0009595202,-1,-1
22995,54723,0.0009600472,-1,-1
22996,54724,0.0009595216,-1,-1
22997,54725,0.0009599698,-1,-1
22998,54726,0.0009598176,-1,-1
22999,54727,0.0009599834,-1,-1
23000,54730,0.0009606013,-1,-1
23001,54731,0.0009595343,-1,-1
23002,54732,0.0009602162,-1,-1
23003,54733,0.000959622,-1,-1
23004,54734,0.000959563,-1,-1
23005,54735,0.0009600489,-1,-1
23006,54736,0.00095998,-1,-1
23007,54737,0.0009598113,-1,-1
23008,54740,0.00095973,-1,-1
23009,54741,0.0009600788,-1,-1
23010,54742,0.0009599579,-1,-1
23011,54743,0.0009598843,-1,-1
23012,54744,0.0009608262,-1,-1
23013,54745,0.000960174,-1,-1
23014,54746,0.0009606477,-1,-1
23015,54747,0.0009607284,-1,-1
23016,54750,0.0009599667,-1,-1
23017,54751,0.0009601184,-1,-1
23018,54752,0.0009608502,-1,-1
23019,54753,0.0009603028,-1,-1
23020,54754,0.0009609186,-1,-1
23021,54755,0.0009608163,-1,-1
23022,54756,0.0009603255,-1,-1
23023,54757,0.0009606599,-1,-1
23024,54760,0.0009610616,-1,-1
23025,54761,0.0009608869,-1,-1
23026,54762,0.0009603023,-1,-1
23027,54763,0.000960802,-1,-1
23028,54764,0.0009605787,-1,-1
23029,54765,0.0009603468,-1,-1
23030,54766,0.0009617694,-1,-1
23031,54767,0.0009602741,-1,-1
23032,54770,0.0009611018,-1,-1
23033,54771,0.0009612342,-1,-1
23034,54772,0.0009612092,-1,-1
23035,54773,0.0009605777,-1,-1
23036,54774,0.0009610554,23,24
23037,54775,0.0009612772,23,24
23038,54776,0.0009606226,23,24
23039,54777,0.0009610449,23,24
23040,55000,0.000960619,23,24
23041,55001,0.0009606035,23,24
23042,55002,0.0009611729,23,24
23043,55003,0.0009604426,23,24
23044,55004,0.0009607282,23,24
23045,55005,0.0009605316,23,24
23046,55006,0.0009608784,23,24
23047,55007,0.0009610007,23,24
23048,55010,0.0009605222,23,24
23049,55011,0.0009600319,23,24
23050,55012,0.0009607557,23,24
23051,55013,0.0009602513,23,24
23052,55014,0.0009606394,23,24
23053,55015,0.0009603922,23,24
23054,55016,0.0009608513,23,24
23055,55017,0.0009607234,23,24
23056,55020,0.000959879,23,24
23057,55021,0.0009603312,23,24
23058,55022,0.0009608209,23,24
23059,55023,0.0009602176,23,24
23060,55024,0.0009604834,23,24
23061,55025,0.0009607317,23,24
23062,55026,0.0009603585,23,24
23063,55027,0.0009600559,23,24
23064,55030,0.0009606587,23,24
23065,55031,0.0009609285,23,24
23066,55032,0.0009599005,23,24
23067,55033,0.000960462,23,23
23068,55034,0.0009608663,23,23
23069,55035,0.0009607024,23,23
23070,55036,0.0009611325,23,23
23071,55037,0.0009609111,23,23
23072,55040,0.0009599869,23,23
23073,55041,0.0009590035,23,23
23074,55042,0.0009575806,23,23
23075,55043,0.000955624,23,23
23076,55044,0.0009531883,23,23
23077,55045,0.0009494203,23,23
23078,55046,0.0009458336,23,23
23079,55047,0.0009403115,23,23
23080,55050,0.000934673,23,23
23081,55051,0.000928432,23,23
23082,55052,0.0009208471,23,23
23083,55053,0.0009126713,23,23
23084,55054,0.0009031757,23,23
23085,55055,0.0008928094,23,23
23086,55056,0.0008806182,23,23
23087,55057,0.0008672358,23,23
23088,55060,0.0008549064,23,23
23089,55061,0.0008416912,23,23
23090,55062,0.0008303359,23,23
23091,55063,0.0008217924,23,23
23092,55064,0.0008138501,23,23
23093,55065,0.0008084704,23,23
23094,55066,0.0008044676,23,23
23095,55067,0.0008025255,23,23
23096,55070,0.0008038462,23,23
23097,55071,0.0008071961,23,23
23098,55072,0.0008146924,23,22
23099,55073,0.0008220766,23,22
23100,55074,0.0008295184,23,22
23101,55075,0.0008378337,23,22
23102,55076,0.0008460247,23,22
23103,55077,0.0008520146,23,22
23104,55100,0.0008582879,23,22
23105,55101,0.0008631357,23,22
23106,55102,0.0008666121,23,22
23107,55103,0.0008694267,23,22
23108,55104,0.0008713913,23,22
23109,55105,0.0008736168,23,22
23110,55106,0.0008758502,23,22
23111,55107,0.0008771226,23,22
23112,55110,0.0008787843,23,22
23113,55111,0.0008802235,23,22
23114,55112,0.0008796604,23,22
23115,55113,0.0008802908,23,22
23116,55114,0.000880506,23,22
23117,55115,0.0008807993,23,22
23118,55116,0.0008811557,23,22
23119,55117,0.0008811303,23,22
23120,55120,0.0008812323,23,22
23121,55121,0.0008811642,23,22
23122,55122,0.0008832751,23,22
23123,55123,0.0008849046,23,22
23124,55124,0.000885281,23,22
23125,55125,0.0008852365,23,22
23126,55126,0.000885203,23,22
23127,55127,0.0008863463,23,22
23128,55130,0.0008871005,23,22
23129,55131,0.0008888983,23,21
23130,55132,0.0008910447,23,21
23131,55133,0.000893456,23,21
23132,55134,0.0008948158,23,21
23133,55135,0.0008972125,23,21
23134,55136,0.0008987491,23,21
23135,55137,0.000899607,23,21
23136,55140,0.0009014868,23,21
23137,55141,0.0009022111,23,21
23138,55142,0.0009019955,23,21
23139,55143,0.0009029819,23,21
23140,55144,0.0009037183,23,21
23141,55145,0.0009028484,23,21
23142,55146,0.0009031604,23,21
23143,55147,0.0009026955,23,21
23144,55150,0.0009031304,23,21
23145,55151,0.0009022528,23,21
23146,55152,0.0009030397,23,21
23147,55153,0.0009033672,23,21
23148,55154,0.0009029009,23,21
23149,55155,0.0009028064,23,21
23150,55156,0.0009030304,23,21
23151,55157,0.00090231,23,21
23152,55160,0.000902986,23,21
23153,55161,0.0009023266,23,21
23154,55162,0.0009024039,23,21
23155,55163,0.0009019311,23,21
23156,55164,0.000901305,23,21
23157,55165,0.0009015377,23,21
23158,55166,0.0009013761,23,21
23159,55167,0.0009013543,23,21
23160,55170,0.0009022796,23,20
23161,55171,0.000900987,23,20
23162,55172,0.0009010798,23,20
23163,55173,0.0009011205,23,20
23164,55174,0.0009006796,23,20
23165,55175,0.0009004258,23,20
23166,55176,0.0009005913,23,20
23167,55177,0.0008998045,23,20
23168,55200,0.0008996553,23,20
23169,55201,0.0008992372,23,20
23170,55202,0.0008981457,23,20
23171,55203,0.0008983723,23,20
23172,55204,0.0008988888,23,20
23173,55205,0.0008983555,23,20
23174,55206,0.0008986283,23,20
23175,55207,0.0008983723,23,20
23176,55210,0.0008984731,23,20
23177,55211,0.0008983847,23,20
23178,55212,0.0008977361,23,20
23179,55213,0.0008982283,23,20
23180,55214,0.0008971854,23,20
23181,55215,0.0008973914,23,20
23182,55216,0.0008967222,23,20
23183,55217,0.0008948743,23,20
23184,55220,0.0008953274,23,20
23185,55221,0.0008939893,23,20
23186,55222,0.0008943584,23,20
23187,55223,0.0008939178,23,20
23188,55224,0.0008941192,23,20
23189,55225,0.0008945056,23,20
23190,55226,0.0008933627,23,19
23191,55227,0.0008939114,23,19
23192,55230,0.0008939367,23,19
23193,55231,0.0008939561,23,19
23194,55232,0.0008927697,23,19
23195,55233,0.0008926343,23,19
23196,55234,0.0008923165,23,19
23197,55235,0.0008924879,23,19
23198,55236,0.0008923186,23,19
23199,55237,0.0008911295,23,19
23200,55240,0.0008908412,23,19
23201,55241,0.0008905879,23,19
23202,55242,0.0008896852,23,19
23203,55243,0.0008894381,23,19
23204,55244,0.000888427,23,19
23205,55245,0.0008876325,23,19
23206,55246,0.0008878297,23,19
23207,55247,0.0008867017,23,19
23208,55250,0.00088666,23,19
23209,55251,0.0008856308,23,19
23210,55252,0.0008841564,23,19
23211,55253,0.0008835408,23,19
23212,55254,0.0008826685,23,19
23213,55255,0.0008815509,23,19
23214,55256,0.0008807859,23,19
23215,55257,0.0008803828,23,19
23216,55260,0.0008790285,23,19
23217,55261,0.0008778924,23,19
23218,55262,0.0008763868,23,19
23219,55263,0.0008768642,23,19
23220,55264,0.0008763575,23,19
23221,55265,0.0008782356,23,18
23222,55266,0.0008768212,23,18
23223,55267,0.0008777659,23,18
23224,55270,0.0008775727,23,18
23225,55271,0.0008772284,23,18
23226,55272,0.0008771412,23,18
23227,55273,0.0008767815,23,18
23228,55274,0.000875009,23,18
23229,55275,0.0008741032,23,18
23230,55276,0.0008727784,23,18
23231,55277,0.000871287,23,18
23232,55300,0.0008708497,23,18
23233,55301,0.0008695077,23,18
23234,55302,0.0008699541,23,18
23235,55303,0.0008702067,23,18
23236,55304,0.0008698491,23,18
23237,55305,0.0008712923,23,18
23238,55306,0.0008712416,23,18
23239,55307,0.0008721416,23,18
23240,55310,0.000874455,23,18
23241,55311,0.0008743688,23,18
23242,55312,0.0008746977,23,18
23243,55313,0.0008750831,23,18
23244,55314,0.0008743902,23,18
23245,55315,0.0008752652,23,18
23246,55316,0.0008747698,23,18
23247,55317,0.0008749111,23,18
23248,55320,0.0008754347,23,18
23249,55321,0.0008763271,23,18
23250,55322,0.0008764301,23,18
23251,55323,0.0008776053,23,18
23252,55324,0.0008780248,23,17
23253,55325,0.0008796055,23,17
23254,55326,0.0008807486,23,17
23255,55327,0.0008823915,23,17
23256,55330,0.0008851996,23,17
23257,55331,0.0008872135,23,17
23258,55332,0.0008892563,23,17
23259,55333,0.0008900616,23,17
23260,55334,0.0008905961,23,17
23261,55335,0.0008924129,23,17
23262,55336,0.0008925621,23,17
23263,55337,0.0008934795,23,17
23264,55340,0.0008924796,23,17
23265,55341,0.0008923674,23,17
23266,55342,0.0008925456,23,17
23267,55343,0.0008921225,23,17
23268,55344,0.0008922239,23,17
23269,55345,0.000893073,23,17
23270,55346,0.0008925992,23,17
23271,55347,0.0008930085,23,17
23272,55350,0.0008951637,23,17
23273,55351,0.0008955742,23,17
23274,55352,0.0008969725,23,17
23275,55353,0.0008980713,23,17
23276,55354,0.0008981987,23,17
23277,55355,0.0008987963,23,17
23278,55356,0.0008980208,23,17
23279,55357,0.0008985286,23,17
23280,55360,0.0008978951,23,17
23281,55361,0.0008969837,23,17
23282,55362,0.0008975086,23,17
23283,55363,0.0008979221,23,16
23284,55364,0.0008985212,23,16
23285,55365,0.000899016,23,16
23286,55366,0.0008988293,23,16
23287,55367,0.0009000544,23,16
23288,55370,0.0008995361,23,16
23289,55371,0.0008998236,23,16
23290,55372,0.0009007473,23,16
23291,55373,0.0009006871,23,16
23292,55374,0.0009004654,23,16
23293,55375,0.0009008717,23,16
23294,55376,0.0009000968,23,16
23295,55377,0.0009013698,23,16
23296,55400,0.0009010082,23,16
23297,55401,0.0009012763,23,16
23298,55402,0.0009030868,23,16
23299,55403,0.0009033424,23,16
23300,55404,0.0009039901,23,16
23301,55405,0.0009053617,23,16
23302,55406,0.0009055792,23,16
23303,55407,0.0009051383,23,16
23304,55410,0.0009051469,23,16
23305,55411,0.0009054077,23,16
23306,55412,0.0009051189,23,16
23307,55413,0.0009048618,23,16
23308,55414,0.0009052078,23,16
23309,55415,0.0009043306,23,16
23310,55416,0.0009048431,23,16
23311,55417,0.0009049407,23,16
23312,55420,0.0009048285,23,16
23313,55421,0.0009046682,23,15
23314,55422,0.0009047879,23,15
23315,55423,0.0009049855,23,15
23316,55424,0.000905048,23,15
23317,55425,0.0009051621,23,15
23318,55426,0.0009052248,23,15
23319,55427,0.000905298,23,15
23320,55430,0.0009060078,23,15
23321,55431,0.0009053643,23,15
23322,55432,0.0009060815,23,15
23323,55433,0.0009059259,23,15
23324,55434,0.000906194,23,15
23325,55435,0.0009062967,23,15
23326,55436,0.0009067163,23,15
23327,55437,0.0009064838,23,15
23328,55440,0.000906144,23,15
23329,55441,0.0009063276,23,15
23330,55442,0.0009069511,23,15
23331,55443,0.0009065565,23,15
23332,55444,0.0009066209,23,15
23333,55445,0.0009062825,23,15
23334,55446,0.0009063698,23,15
23335,55447,0.0009063193,23,15
23336,55450,0.0009063357,23,15
23337,55451,0.0009061377,23,15
23338,55452,0.0009059387,23,15
23339,55453,0.0009059682,23,15
23340,55454,0.0009057139,23,15
23341,55455,0.0009066334,23,15
23342,55456,0.0009062877,23,15
23343,55457,0.0009061097,23,15
23344,55460,0.0009058053,23,14
23345,55461,0.0009059883,23,14
23346,55462,0.0009061939,23,14
23347,55463,0.0009063843,23,14
23348,55464,0.0009055025,23,14
23349,55465,0.0009058318,23,14
23350,55466,0.0009051116,23,14
23351,55467,0.0009050251,23,14
23352,55470,0.0009047706,23,14
23353,55471,0.0009050305,23,14
23354,55472,0.0009037408,23,14
23355,55473,0.0009041929,23,14
23356,55474,0.0009033845,23,14
23357,55475,0.0009029513,23,14
23358,55476,0.0009017478,23,14
23359,55477,0.0009015041,23,14
23360,55500,0.0008995619,23,14
23361,55501,0.0008992962,23,14
23362,55502,0.0008975813,23,14
23363,55503,0.0008969999,23,14
23364,55504,0.0008964843,23,14
23365,55505,0.0008965395,23,14
23366,55506,0.0008967809,23,14
23367,55507,0.0008971834,23,14
23368,55510,0.000897616,23,14
23369,55511,0.0008985837,23,14
23370,55512,0.000900086,23,14
23371,55513,0.0009011372,23,14
23372,55514,0.0009024361,23,14
23373,55515,0.0009040324,23,14
23374,55516,0.0009038604,23,14
23375,55517,0.0009030698,23,13
23376,55520,0.0009028135,23,13
23377,55521,0.0009028406,23,13
23378,55522,0.0009037582,23,13
23379,55523,0.0009038182,23,13
23380,55524,0.0009038951,23,13
23381,55525,0.0009045249,23,13
23382,55526,0.0009029109,23,13
23383,55527,0.0009027763,23,13
23384,55530,0.0009009647,23,13
23385,55531,0.0009002461,23,13
23386,55532,0.0009001194,23,13
23387,55533,0.0008989999,23,13
23388,55534,0.0008984693,23,13
23389,55535,0.0008984653,23,13
23390,55536,0.0008989539,23,13
23391,55537,0.000898891,23,13
23392,55540,0.0008994343,23,13
23393,55541,0.0008992073,23,13
23394,55542,0.0008996977,23,13
23395,55543,0.0009002422,23,13
23396,55544,0.0009007585,23,13
23397,55545,0.0009013989,23,13
23398,55546,0.000902248,23,13
23399,55547,0.0009033398,23,13
23400,55550,0.0009035832,23,13
23401,55551,0.000904687,23,13
23402,55552,0.0009057795,23,13
23403,55553,0.0009050989,23,13
23404,55554,0.0009054261,23,13
23405,55555,0.0009060306,23,13
23406,55556,0.0009062028,23,12
23407,55557,0.0009058896,23,12
23408,55560,0.0009061492,23,12
23409,55561,0.0009053484,23,12
23410,55562,0.000905084,23,12
23411,55563,0.0009058976,23,12
23412,55564,0.0009048148,23,12
23413,55565,0.0009049436,23,12
23414,55566,0.0009050496,23,12
23415,55567,0.0009054297,23,12
23416,55570,0.0009049118,23,12
23417,55571,0.0009042448,23,12
23418,55572,0.0009048393,23,12
23419,55573,0.0009049868,23,12
23420,55574,0.0009042746,23,12
23421,55575,0.0009038351,23,12
23422,55576,0.0009038639,23,12
23423,55577,0.000903856,23,12
23424,55600,0.0009040533,23,12
23425,55601,0.0009041211,23,12
23426,55602,0.0009039276,23,12
23427,55603,0.0009041023,23,12
23428,55604,0.0009042797,23,12
23429,55605,0.0009040681,23,12
23430,55606,0.0009037236,23,12
23431,55607,0.0009042076,23,12
23432,55610,0.000903894,23,12
23433,55611,0.0009039014,23,12
23434,55612,0.000903822,23,12
23435,55613,0.0009036622,23,12
23436,55614,0.0009038522,23,11
23437,55615,0.0009036576,23,11
23438,55616,0.0009032548,23,11
23439,55617,0.0009036227,23,11
23440,55620,0.000902693,23,11
23441,55621,0.0009032002,23,11
23442,55622,0.000904328,23,11
23443,55623,0.0009038141,23,11
23444,55624,0.0009040037,23,11
23445,55625,0.0009033847,23,11
23446,55626,0.000903661,23,11
23447,55627,0.0009032087,23,11
23448,55630,0.0009031961,23,11
23449,55631,0.0009027158,23,11
23450,55632,0.0009021172,23,11
23451,55633,0.000901118,23,11
23452,55634,0.0009010163,23,11
23453,55635,0.0008997968,23,11
23454,55636,0.0008994773,23,11
23455,55637,0.0008986387,23,11
23456,55640,0.0008990541,23,11
23457,55641,0.0008987258,23,11
23458,55642,0.0008984109,23,11
23459,55643,0.0008981907,23,11
23460,55644,0.00089824,23,11
23461,55645,0.0008993699,23,11
23462,55646,0.0009001076,23,11
23463,55647,0.0009005101,23,11
23464,55650,0.0009011634,23,11
23465,55651,0.0009012182,23,11
23466,55652,0.000901499,23,11
23467,55653,0.000900879,23,10
23468,55654,0.0009008322,23,10
23469,55655,0.0009009641,23,10
23470,55656,0.0009009268,23,10
23471,55657,0.0009010673,23,10
23472,55660,0.0009007644,23,10
23473,55661,0.0008995596,23,10
23474,55662,0.0008991453,23,10
23475,55663,0.0008986984,23,10
23476,55664,0.0008983378,23,10
23477,55665,0.000898781,23,10
23478,55666,0.0008984088,23,10
23479,55667,0.0008984954,23,10
23480,55670,0.0008988432,23,10
23481,55671,0.0008981936,23,10
23482,55672,0.0008983521,23,10
23483,55673,0.0008996383,23,10
23484,55674,0.0008996624,23,10
23485,55675,0.0008994638,23,10
23486,55676,0.0009000924,23,10
23487,55677,0.0009003633,23,10
23488,55700,0.0009003373,23,10
23489,55701,0.0009002473,23,10
23490,55702,0.0008998585,23,10
23491,55703,0.0009001428,23,10
23492,55704,0.0008999221,23,10
23493,55705,0.000899869,23,10
23494,55706,0.0009001959,23,10
23495,55707,0.0009007385,23,10
23496,55710,0.0009013636,23,10
23497,55711,0.0009017697,23,10
23498,55712,0.0009019029,23,9
23499,55713,0.0009015709,23,9
23500,55714,0.0009023676,23,9
23501,55715,0.0009023433,23,9
23502,55716,0.0009020758,23,9
23503,55717,0.0009022445,23,9
23504,55720,0.0009023553,23,9
23505,55721,0.000901543,23,9
23506,55722,0.000901998,23,9
23507,55723,0.0009011945,23,9
23508,55724,0.0009005936,23,9
23509,55725,0.0009003531,23,9
23510,55726,0.0009006385,23,9
23511,55727,0.0009001287,23,9
23512,55730,0.0009005284,23,9
23513,55731,0.0008995413,23,9
23514,55732,0.0008998152,23,9
23515,55733,0.0008996011,23,9
23516,55734,0.0008998152,23,9
23517,55735,0.0008996161,23,9
23518,55736,0.0009006127,23,9
23519,55737,0.0009001844,23,9
23520,55740,0.0008996221,23,9
23521,55741,0.0008992588,23,9
23522,55742,0.0008994258,23,9
23523,55743,0.0008984791,23,9
23524,55744,0.0008983308,23,9
23525,55745,0.0008973624,23,9
23526,55746,0.0008965818,23,9
23527,55747,0.000896891,23,9
23528,55750,0.0008959989,23,9
23529,55751,0.0008958232,23,8
23530,55752,0.0008965301,23,8
23531,55753,0.000896686,23,8
23532,55754,0.0008967475,23,8
23533,55755,0.0008970792,23,8
23534,55756,0.0008979242,23,8
23535,55757,0.0008989983,23,8
23536,55760,0.000899736,23,8
23537,55761,0.000900229,23,8
23538,55762,0.000901148,23,8
23539,55763,0.0009017846,23,8
23540,55764,0.0009029572,23,8
23541,55765,0.0009027858,23,8
23542,55766,0.0009028486,23,8
23543,55767,0.0009031217,23,8
23544,55770,0.0009030625,23,8
23545,55771,0.0009020742,23,8
23546,55772,0.0009017502,23,8
23547,55773,0.0009011021,23,8
23548,55774,0.000900364,23,8
23549,55775,0.0008998974,23,8
23550,55776,0.0009002995,23,8
23551,55777,0.0008994067,23,8
23552,56000,0.0008997444,23,8
23553,56001,0.0008993596,23,8
23554,56002,0.0008995252,23,8
23555,56003,0.0008996423,23,8
23556,56004,0.0008991788,23,8
23557,56005,0.000899873,23,8
23558,56006,0.0008995804,23,8
23559,56007,0.0008988893,23,7
23560,56010,0.0008984983,23,7
23561,56011,0.0008983078,23,7
23562,56012,0.0008983398,23,7
23563,56013,0.0008986521,23,7
23564,56014,0.0008978146,23,7
23565,56015,0.0008974352,23,7
23566,56016,0.0008969554,23,7
23567,56017,0.0008960058,23,7
23568,56020,0.0008953246,23,7
23569,56021,0.0008951261,23,7
23570,56022,0.0008940301,23,7
23571,56023,0.0008941321,23,7
23572,56024,0.0008928186,23,7
23573,56025,0.0008919991,23,7
23574,56026,0.0008921748,23,7
23575,56027,0.0008919192,23,7
23576,56030,0.0008933545,23,7
23577,56031,0.0008937001,23,7
23578,56032,0.0008947312,23,7
23579,56033,0.0008957597,23,7
23580,56034,0.0008967633,23,7
23581,56035,0.0008979015,23,7
23582,56036,0.0008991229,23,7
23583,56037,0.0008994287,23,7
23584,56040,0.0008995064,23,7
23585,56041,0.0009001854,23,7
23586,56042,0.0008995258,23,7
23587,56043,0.0008994958,23,7
23588,56044,0.0008993496,23,7
23589,56045,0.00089871,23,7
23590,56046,0.0008979807,23,6
23591,56047,0.0008976929,23,6
23592,56050,0.0008971794,23,6
23593,56051,0.0008966661,23,6
23594,56052,0.0008972924,23,6
23595,56053,0.0008972237,23,6
23596,56054,0.0008975306,23,6
23597,56055,0.0008974945,23,6
23598,56056,0.0008979563,23,6
23599,56057,0.0008980289,23,6
23600,56060,0.0008990892,23,6
23601,56061,0.0008979369,23,6
23602,56062,0.0008986122,23,6
23603,56063,0.0008987886,23,6
23604,56064,0.0008987846,23,6
23605,56065,0.000899195,23,6
23606,56066,0.0008985882,23,6
23607,56067,0.0008987144,23,6
23608,56070,0.0008981191,23,6
23609,56071,0.0008989292,23,6
23610,56072,0.0008981416,23,6
23611,56073,0.0008978522,23,6
23612,56074,0.0008982256,23,6
23613,56075,0.0008982755,23,6
23614,56076,0.0008978153,23,6
23615,56077,0.0008970301,23,6
23616,56100,0.0008963852,23,6
23617,56101,0.0008965042,23,6
23618,56102,0.0008950505,23,6
23619,56103,0.0008955317,23,6
23620,56104,0.0008955275,23,6
23621,56105,0.000894541,23,5
23622,56106,0.0008943226,23,5
23623,56107,0.0008936332,23,5
23624,56110,0.0008938762,23,5
23625,56111,0.000894035,23,5
23626,56112,0.0008942948,23,5
23627,56113,0.0008939967,23,5
23628,56114,0.000892934,23,5
23629,56115,0.0008929988,23,5
23630,56116,0.0008928736,23,5
23631,56117,0.0008918711,23,5
23632,56120,0.000891651,23,5
23633,56121,0.000891271,23,5
23634,56122,0.0008912557,23,5
23635,56123,0.0008919038,23,5
23636,56124,0.0008920686,23,5
23637,56125,0.00089345,23,5
23638,56126,0.0008941123,23,5
23639,56127,0.0008952266,23,5
23640,56130,0.0008957933,23,5
23641,56131,0.0008968167,23,5
23642,56132,0.0008985905,23,5
23643,56133,0.0008992094,23,5
23644,56134,0.0008996343,23,5
23645,56135,0.0009005101,23,5
23646,56136,0.0009004091,23,5
23647,56137,0.0009012186,23,5
23648,56140,0.0009013769,23,5
23649,56141,0.0009018143,23,5
23650,56142,0.0009015659,23,5
23651,56143,0.000901308,23,5
23652,56144,0.0009008493,23,4
23653,56145,0.0009009766,23,4
23654,56146,0.0009003581,23,4
23655,56147,0.0009016925,23,4
23656,56150,0.0009011896,23,4
23657,56151,0.0009012565,23,4
23658,56152,0.0009021072,23,4
23659,56153,0.0009030054,23,4
23660,56154,0.0009031446,23,4
23661,56155,0.0009031805,23,4
23662,56156,0.0009028617,23,4
23663,56157,0.0009035128,23,4
23664,56160,0.0009034738,23,4
23665,56161,0.0009036982,23,4
23666,56162,0.0009029358,23,4
23667,56163,0.000902514,23,4
23668,56164,0.0009019613,23,4
23669,56165,0.0009022478,23,4
23670,56166,0.0009023116,23,4
23671,56167,0.0009016042,23,4
23672,56170,0.0009013061,23,4
23673,56171,0.0009002291,23,4
23674,56172,0.0009003351,23,4
23675,56173,0.0009003965,23,4
23676,56174,0.0009002041,23,4
23677,56175,0.0009004177,23,4
23678,56176,0.0009000262,23,4
23679,56177,0.0009005154,23,4
23680,56200,0.0009002435,23,4
23681,56201,0.0009001512,23,4
23682,56202,0.0009001881,23,3
23683,56203,0.0008993155,23,3
23684,56204,0.0008997473,23,3
23685,56205,0.0008990311,23,3
23686,56206,0.0008988249,23,3
23687,56207,0.0008983793,23,3
23688,56210,0.0008979472,23,3
23689,56211,0.0008976519,23,3
23690,56212,0.0008979352,23,3
23691,56213,0.000897475,23,3
23692,56214,0.0008975301,23,3
23693,56215,0.0008976945,23,3
23694,56216,0.0008975207,23,3
23695,56217,0.0008977362,23,3
23696,56220,0.0008967727,23,3
23697,56221,0.0008966245,23,3
23698,56222,0.0008964561,23,3
23699,56223,0.0008958054,23,3
23700,56224,0.0008952864,23,3
23701,56225,0.0008955099,23,3
23702,56226,0.0008953942,23,3
23703,56227,0.0008958932,23,3
23704,56230,0.0008963741,23,3
23705,56231,0.000896019,23,3
23706,56232,0.0008973264,23,3
23707,56233,0.0008975317,23,3
23708,56234,0.0008982873,23,3
23709,56235,0.0008984418,23,3
23710,56236,0.0008977636,23,3
23711,56237,0.0008971547,23,3
23712,56240,0.0008965302,23,3
23713,56241,0.0008950792,23,2
23714,56242,0.0008950355,23,2
23715,56243,0.0008933404,23,2
23716,56244,0.0008920556,23,2
23717,56245,0.0008918383,23,2
23718,56246,0.0008919073,23,2
23719,56247,0.0008911074,23,2
23720,56250,0.0008911458,23,2
23721,56251,0.0008901652,23,2
23722,56252,0.0008909578,23,2
23723,56253,0.0008900462,23,2
23724,56254,0.0008901141,23,2
23725,56255,0.0008909547,23,2
23726,56256,0.0008904568,23,2
23727,56257,0.0008907155,23,2
23728,56260,0.000890683,23,2
23729,56261,0.0008911873,23,2
23730,56262,0.0008911696,23,2
23731,56263,0.0008907816,23,2
23732,56264,0.0008919214,23,2
23733,56265,0.0008917059,23,2
23734,56266,0.0008916366,23,2
23735,56267,0.0008917759,23,2
23736,56270,0.0008919656,23,2
23737,56271,0.0008919067,23,2
23738,56272,0.0008914266,23,2
23739,56273,0.0008911122,23,2
23740,56274,0.0008898597,23,2
23741,56275,0.0008898617,23,2
23742,56276,0.000889696,23,2
23743,56277,0.0008893482,23,2
23744,56300,0.0008882725,23,1
23745,56301,0.0008888458,23,1
23746,56302,0.0008878297,23,1
23747,56303,0.0008874674,23,1
23748,56304,0.0008873897,23,1
23749,56305,0.0008867371,23,1
23750,56306,0.0008868498,23,1
23751,56307,0.0008864065,23,1
23752,56310,0.0008868757,23,1
23753,56311,0.0008869461,23,1
23754,56312,0.0008869958,23,1
23755,56313,0.0008880512,23,1
23756,56314,0.0008881605,23,1
23757,56315,0.0008896294,23,1
23758,56316,0.0008897483,23,1
23759,56317,0.0008907522,23,1
23760,56320,0.0008909192,23,1
23761,56321,0.0008909594,23,1
23762,56322,0.000891658,23,1
23763,56323,0.0008917113,23,1
23764,56324,0.0008915458,23,1
23765,56325,0.0008911308,23,1
23766,56326,0.0008909065,23,1
23767,56327,0.000891328,23,1
23768,56330,0.0008912854,23,1
23769,56331,0.0008910681,23,1
23770,56332,0.0008928871,23,1
23771,56333,0.0008933362,23,1
23772,56334,0.0008939898,23,1
23773,56335,0.000894218,23,1
23774,56336,0.000894671,23,1
23775,56337,0.0008954016,23,0
23776,56340,0.0008954553,23,0
23777,56341,0.000895591,23,0
23778,56342,0.000895272,23,0
23779,56343,0.0008958896,23,0
23780,56344,0.0008954281,23,0
23781,56345,0.0008954855,23,0
23782,56346,0.0008963033,23,0
23783,56347,0.0008953679,23,0
23784,56350,0.0008962603,23,0
23785,56351,0.0008964077,23,0
23786,56352,0.0008962571,23,0
23787,56353,0.000897598,23,0
23788,56354,0.0008979342,23,0
23789,56355,0.0008981889,23,0
23790,56356,0.0008984397,23,0
23791,56357,0.0008995917,23,0
23792,56360,0.0009001725,23,0
23793,56361,0.0009003628,23,0
23794,56362,0.0009006944,23,0
23795,56363,0.0009018755,23,0
23796,56364,0.0009010382,23,0
23797,56365,0.0009021707,23,0
23798,56366,0.0009030353,23,0
23799,56367,0.0009027922,23,0
23800,56370,0.0009028596,23,0
23801,56371,0.0009036771,23,0
23802,56372,0.0009038654,23,0
23803,56373,0.0009039388,23,0
23804,56374,0.0009045236,23,0
23805,56375,0.0009037972,-1,-1
23806,56376,0.0009036976,-1,-1
23807,56377,0.0009038253,-1,-1
23808,56400,0.0009030374,-1,-1
23809,56401,0.0009026547,-1,-1
23810,56402,0.0009023799,-1,-1
23811,56403,0.0009023064,-1,-1
23812,56404,0.0009021438,-1,-1
23813,56405,0.0009011079,-1,-1
23814,56406,0.0008998408,-1,-1
23815,56407,0.0008985248,-1,-1
23816,56410,0.0008976863,-1,-1
23817,56411,0.0008955201,-1,-1
23818,56412,0.0008946705,-1,-1
23819,56413,0.0008937645,-1,-1
23820,56414,0.0008926811,-1,-1
23821,56415,0.0008918404,-1,-1
23822,56416,0.0008919715,-1,-1
23823,56417,0.0008915233,-1,-1
23824,56420,0.0008911339,-1,-1
23825,56421,0.0008910882,-1,-1
23826,56422,0.0008915017,-1,-1
23827,56423,0.0008922965,-1,-1
23828,56424,0.0008929403,-1,-1
23829,56425,0.000894108,-1,-1
23830,56426,0.0008946501,-1,-1
23831,56427,0.0008954763,-1,-1
23832,56430,0.0008955355,-1,-1
23833,56431,0.0008966821,-1,-1
23834,56432,0.000896909,-1,-1
23835,56433,0.0008978802,-1,-1
23836,56434,0.0008987825,-1,-1
23837,56435,0.0008990328,-1,-1
23838,56436,0.0008989069,-1,-1
23839,56437,0.0008992681,-1,-1
23840,56440,0.0008985359,-1,-1
23841,56441,0.00089834,-1,-1
23842,56442,0.0008992482,-1,-1
23843,56443,0.0008988263,-1,-1
23844,56444,0.0008992882,-1,-1
23845,56445,0.000898902,-1,-1
23846,56446,0.0008989871,-1,-1
23847,56447,0.0008997951,-1,-1
23848,56450,0.0008991125,-1,-1
23849,56451,0.0008995214,-1,-1
23850,56452,0.0008994595,-1,-1
23851,56453,0.0008992991,-1,-1
23852,56454,0.0008995135,-1,-1
23853,56455,0.0008996683,-1,-1
23854,56456,0.0008994067,-1,-1
23855,56457,0.000898986,-1,-1
23856,56460,0.0008996616,-1,-1
23857,56461,0.0008991492,-1,-1
23858,56462,0.000899641,-1,-1
23859,56463,0.0008995142,-1,-1
23860,56464,0.0008990776,-1,-1
23861,56465,0.0008997897,-1,-1
23862,56466,0.0008987426,-1,-1
23863,56467,0.0008993224,-1,-1
23864,56470,0.0008990599,-1,-1
23865,56471,0.0008988797,-1,-1
23866,56472,0.000899294,-1,-1
23867,56473,0.0008988521,-1,-1
23868,56474,0.000898968,-1,-1
23869,56475,0.0008986897,-1,-1
23870,56476,0.0008987439,-1,-1
23871,56477,0.0008990698,-1,-1
23872,56500,0.000899395,-1,-1
23873,56501,0.0008984009,-1,-1
23874,56502,0.0008988319,-1,-1
23875,56503,0.0008993653,-1,-1
23876,56504,0.0008986315,-1,-1
23877,56505,0.0008987882,-1,-1
23878,56506,0.0008985748,-1,-1
23879,56507,0.0008987588,-1,-1
23880,56510,0.0008996811,-1,-1
23881,56511,0.0008988118,-1,-1
23882,56512,0.0008989722,-1,-1
23883,56513,0.0008989115,-1,-1
23884,56514,0.0008995411,-1,-1
23885,56515,0.0008990883,-1,-1
23886,56516,0.0008988563,-1,-1
23887,56517,0.00089893,-1,-1
23888,56520,0.0008985712,-1,-1
23889,56521,0.0008987023,-1,-1
23890,56522,0.0008992854,-1,-1
23891,56523,0.0008987945,-1,-1
23892,56524,0.0008987374,-1,-1
23893,56525,0.0008991469,-1,-1
23894,56526,0.0008987242,-1,-1
23895,56527,0.0008992871,-1,-1
23896,56530,0.0008987753,-1,-1
23897,56531,0.0008989139,-1,-1
23898,56532,0.000898617,-1,-1
23899,56533,0.0008988332,-1,-1
23900,56534,0.0008986935,-1,-1
23901,56535,0.0008995078,-1,-1
23902,56536,0.0008986807,-1,-1
23903,56537,0.0008988729,-1,-1
23904,56540,0.0008990673,-1,-1
23905,56541,0.0008989618,-1,-1
23906,56542,0.0008987692,-1,-1
23907,56543,0.0008984883,-1,-1
23908,56544,0.0008985337,-1,-1
23909,56545,0.0008986918,-1,-1
23910,56546,0.0008983781,-1,-1
23911,56547,0.0008989354,-1,-1
23912,56550,0.0008987617,-1,-1
23913,56551,0.0008990727,-1,-1
23914,56552,0.0008982476,-1,-1
23915,56553,0.0008982935,-1,-1
23916,56554,0.0008987254,-1,-1
23917,56555,0.0008991911,-1,-1
23918,56556,0.0008983242,-1,-1
23919,56557,0.0008987867,-1,-1
23920,56560,0.0008986943,-1,-1
23921,56561,0.0008984043,-1,-1
23922,56562,0.0008981563,-1,-1
23923,56563,0.0008984648,-1,-1
23924,56564,0.0008988818,-1,-1
23925,56565,0.0008987142,-1,-1
23926,56566,0.0008983783,-1,-1
23927,56567,0.0008983535,-1,-1
23928,56570,0.0008980349,-1,-1
23929,56571,0.0008990459,-1,-1
23930,56572,0.0008985274,-1,-1
23931,56573,0.0008983065,-1,-1
23932,56574,0.0008988039,-1,-1
23933,56575,0.000898737,-1,-1
23934,56576,0.0008989632,-1,-1
23935,56577,0.0008986601,-1,-1
23936,56600,0.0008987974,-1,-1
23937,56601,0.0008987309,-1,-1
23938,56602,0.0008981598,-1,-1
23939,56603,0.0008986574,-1,-1
23940,56604,0.0008983273,-1,-1
23941,56605,0.0008982885,-1,-1
23942,56606,0.0008990187,-1,-1
23943,56607,0.0008986077,-1,-1
23944,56610,0.0008984751,-1,-1
23945,56611,0.0008988114,-1,-1
23946,56612,0.0008984859,-1,-1
23947,56613,0.0008990722,-1,-1
23948,56614,0.000900598,-1,-1
23949,56615,0.0009010494,-1,-1
23950,56616,0.0009015674,-1,-1
23951,56617,0.0009014216,-1,-1
23952,56620,0.0009013751,-1,-1
23953,56621,0.0009016698,-1,-1
23954,56622,0.0009017529,-1,-1
23955,56623,0.0009024952,-1,-1
23956,56624,0.0009037727,-1,-1
23957,56625,0.0009041289,-1,-1
23958,56626,0.0009041019,-1,-1
23959,56627,0.0009038179,-1,-1
23960,56630,0.0009031672,-1,-1
23961,56631,0.0009034133,-1,-1
23962,56632,0.0009042481,-1,-1
23963,56633,0.0009042696,-1,-1
23964,56634,0.0009048946,-1,-1
23965,56635,0.000904835,-1,-1
23966,56636,0.0009047024,-1,-1
23967,56637,0.0009050286,-1,-1
23968,56640,0.0009042575,-1,-1
23969,56641,0.0009049012,-1,-1
23970,56642,0.000905406,-1,-1
23971,56643,0.0009046775,-1,-1
23972,56644,0.0009053981,-1,-1
23973,56645,0.0009056706,-1,-1
23974,56646,0.0009050441,-1,-1
23975,56647,0.0009048287,-1,-1
23976,56650,0.0009048675,-1,-1
23977,56651,0.0009048682,-1,-1
23978,56652,0.0009045725,-1,-1
23979,56653,0.0009048845,-1,-1
23980,56654,0.000905028,-1,-1
23981,56655,0.0009042139,-1,-1
23982,56656,0.0009044806,-1,-1
23983,56657,0.0009043468,-1,-1
23984,56660,0.0009044262,-1,-1
23985,56661,0.0009050948,-1,-1
23986,56662,0.0009042579,-1,-1
23987,56663,0.0009046679,-1,-1
23988,56664,0.0009048337,-1,-1
23989,56665,0.0009049456,-1,-1
23990,56666,0.0009044825,-1,-1
23991,56667,0.0009045915,-1,-1
23992,56670,0.0009057834,-1,-1
23993,56671,0.0009056741,-1,-1
23994,56672,0.0009051618,-1,-1
23995,56673,0.0009051989,-1,-1
23996,56674,0.0009043646,-1,-1
23997,56675,0.0009053227,-1,-1
23998,56676,0.0009053972,-1,-1
23999,56677,0.0009055889,-1,-1
24000,56700,0.0009044431,-1,-1
24001,56701,0.0009051399,-1,-1
24002,56702,0.0009053807,-1,-1
24003,56703,0.0009046204,-1,-1
24004,56704,0.0009060221,-1,-1
24005,56705,0.0009051844,-1,-1
24006,56706,0.0009048975,-1,-1
24007,56707,0.0009051621,-1,-1
24008,56710,0.0009052576,-1,-1
24009,56711,0.0009051574,-1,-1
24010,56712,0.0009047849,-1,-1
24011,56713,0.0009045597,-1,-1
24012,56714,0.0009055848,-1,-1
24013,56715,0.0009048622,-1,-1
24014,56716,0.0009051482,-1,-1
24015,56717,0.0009051893,-1,-1
24016,56720,0.0009049918,-1,-1
24017,56721,0.0009048173,-1,-1
24018,56722,0.0009054714,-1,-1
24019,56723,0.0009048399,-1,-1
24020,56724,0.0009046046,-1,-1
24021,56725,0.0009048034,-1,-1
24022,56726,0.0009050057,-1,-1
24023,56727,0.0009049376,-1,-1
24024,56730,0.0009052136,-1,-1
24025,56731,0.0009050877,-1,-1
24026,56732,0.00090525,-1,-1
24027,56733,0.0009050674,-1,-1
24028,56734,0.0009046975,-1,-1
24029,56735,0.0009045178,-1,-1
24030,56736,0.0009046413,-1,-1
24031,56737,0.0009047592,-1,-1
24032,56740,0.0009045567,-1,-1
24033,56741,0.0009049991,-1,-1
24034,56742,0.0009052682,-1,-1
24035,56743,0.000904197,-1,-1
24036,56744,0.000905062,-1,-1
24037,56745,0.0009043564,-1,-1
24038,56746,0.0009047478,-1,-1
24039,56747,0.0009051134,-1,-1
24040,56750,0.0009052047,-1,-1
24041,56751,0.0009046817,-1,-1
24042,56752,0.0009045716,-1,-1
24043,56753,0.0009043607,-1,-1
24044,56754,0.0009045101,-1,-1
24045,56755,0.0009047463,-1,-1
24046,56756,0.0009050489,-1,-1
24047,56757,0.0009052855,-1,-1
24048,56760,0.00090437,-1,-1
24049,56761,0.000904347,-1,-1
24050,56762,0.0009048801,-1,-1
24051,56763,0.0009045967,-1,-1
24052,56764,0.0009048014,-1,-1
24053,56765,0.0009048391,-1,-1
24054,56766,0.0009048103,-1,-1
24055,56767,0.0009046941,-1,-1
24056,56770,0.0009047246,-1,-1
24057,56771,0.0009050597,-1,-1
24058,56772,0.0009047078,-1,-1
24059,56773,0.0009043211,-1,-1
24060,56774,0.0009049694,-1,-1
24061,56775,0.0009053439,-1,-1
24062,56776,0.0009051078,-1,-1
24063,56777,0.0009050973,-1,-1
24064,57000,0.0009045408,-1,-1
24065,57001,0.0009051965,-1,-1
24066,57002,0.0009043591,-1,-1
24067,57003,0.0009051333,-1,-1
24068,57004,0.0009048469,-1,-1
24069,57005,0.0009052859,-1,-1
24070,57006,0.0009047575,-1,-1
24071,57007,0.0009051549,-1,-1
24072,57010,0.0009049678,-1,-1
24073,57011,0.0009045642,-1,-1
24074,57012,0.0009040459,-1,-1
24075,57013,0.0009048406,-1,-1
24076,57014,0.0009052939,-1,-1
24077,57015,0.0009044083,-1,-1
24078,57016,0.0009049242,-1,-1
24079,57017,0.0009048605,-1,-1
24080,57020,0.0009044617,-1,-1
24081,57021,0.0009048285,-1,-1
24082,57022,0.0009047071,-1,-1
24083,57023,0.0009049585,-1,-1
24084,57024,0.0009045136,-1,-1
24085,57025,0.0009041221,-1,-1
24086,57026,0.0009041982,-1,-1
24087,57027,0.000904638,-1,-1
24088,57030,0.0009042717,-1,-1
24089,57031,0.0009043037,-1,-1
24090,57032,0.0009048349,-1,-1
24091,57033,0.0009040797,-1,-1
24092,57034,0.00090521,-1,-1
24093,57035,0.0009035456,-1,-1
24094,57036,0.0009044699,-1,-1
24095,57037,0.0009039704,-1,-1
24096,57040,0.0009032384,-1,-1
24097,57041,0.0009033172,-1,-1
24098,57042,0.0009028079,-1,-1
24099,57043,0.0009029927,-1,-1
24100,57044,0.0009019618,-1,-1
24101,57045,0.0009022995,-1,-1
24102,57046,0.0009013796,-1,-1
24103,57047,0.0009013296,-1,-1
24104,57050,0.0009008413,24,0
24105,57051,0.0009013198,24,0
24106,57052,0.0009017143,24,0
24107,57053,0.0009026726,24,0
24108,57054,0.0009023068,24,0
24109,57055,0.0009030796,24,0
24110,57056,0.0009031421,24,0
24111,57057,0.0009037472,24,0
24112,57060,0.00090384,24,0
24113,57061,0.000904367,24,0
24114,57062,0.0009043263,24,0
24115,57063,0.0009051939,24,0
24116,57064,0.0009049056,24,0
24117,57065,0.0009048628,24,0
24118,57066,0.0009048088,24,0
24119,57067,0.0009045588,24,0
24120,57070,0.0009046941,24,0
24121,57071,0.0009050356,24,0
24122,57072,0.0009043086,24,0
24123,57073,0.0009044441,24,0
24124,57074,0.0009043261,24,0
24125,57075,0.0009045259,24,0
24126,57076,0.0009045128,24,0
24127,57077,0.000904316,24,0
24128,57100,0.0009035065,24,0
24129,57101,0.0009049075,24,0
24130,57102,0.000904039,24,0
24131,57103,0.0009040939,24,0
24132,57104,0.0009047178,24,0
24133,57105,0.0009037554,24,0
24134,57106,0.0009039147,24,0
24135,57107,0.0009035974,24,1
24136,57110,0.0009031925,24,1
24137,57111,0.0009037834,24,1
24138,57112,0.0009031444,24,1
24139,57113,0.0009036853,24,1
24140,57114,0.0009018708,24,1
24141,57115,0.000901305,24,1
24142,57116,0.0009028041,24,1
24143,57117,0.0009018719,24,1
24144,57120,0.0009027804,24,1
24145,57121,0.0009028955,24,1
24146,57122,0.0009026525,24,1
24147,57123,0.0009026597,24,1
24148,57124,0.000902915,24,1
24149,57125,0.000902359,24,1
24150,57126,0.0009021705,24,1
24151,57127,0.0009018148,24,1
24152,57130,0.0009022421,24,1
24153,57131,0.0009017581,24,1
24154,57132,0.0009019307,24,1
24155,57133,0.0009015015,24,1
24156,57134,0.000901595,24,1
24157,57135,0.0009024553,24,1
24158,57136,0.0009015677,24,1
24159,57137,0.0009017456,24,1
24160,57140,0.000901772,24,1
24161,57141,0.0009019226,24,1
24162,57142,0.0009020912,24,1
24163,57143,0.0009027714,24,1
24164,57144,0.0009016802,24,1
24165,57145,0.0009019292,24,1
24166,57146,0.0009014191,24,2
24167,57147,0.0009013433,24,2
24168,57150,0.0009014216,24,2
24169,57151,0.0009010433,24,2
24170,57152,0.000901503,24,2
24171,57153,0.0009011581,24,2
24172,57154,0.0009013761,24,2
24173,57155,0.0009011154,24,2
24174,57156,0.0009008144,24,2
24175,57157,0.000900428,24,2
24176,57160,0.0009000493,24,2
24177,57161,0.0008993731,24,2
24178,57162,0.0008992723,24,2
24179,57163,0.0008987336,24,2
24180,57164,0.0008988172,24,2
24181,57165,0.0008982742,24,2
24182,57166,0.0008984068,24,2
24183,57167,0.0008984894,24,2
24184,57170,0.0008981369,24,2
24185,57171,0.0008982801,24,2
24186,57172,0.0008980565,24,2
24187,57173,0.0008971418,24,2
24188,57174,0.0008976755,24,2
24189,57175,0.0008965714,24,2
24190,57176,0.0008968212,24,2
24191,57177,0.000896627,24,2
24192,57200,0.0008958534,24,2
24193,57201,0.0008952994,24,2
24194,57202,0.0008947713,24,2
24195,57203,0.0008957055,24,2
24196,57204,0.0008951038,24,2
24197,57205,0.0008956739,24,3
24198,57206,0.0008955224,24,3
24199,57207,0.0008959096,24,3
24200,57210,0.0008963658,24,3
24201,57211,0.0008966808,24,3
24202,57212,0.0008971781,24,3
24203,57213,0.0008972128,24,3
24204,57214,0.0008962919,24,3
24205,57215,0.0008968061,24,3
24206,57216,0.0008964494,24,3
24207,57217,0.0008965221,24,3
24208,57220,0.0008967751,24,3
24209,57221,0.0008964507,24,3
24210,57222,0.0008957619,24,3
24211,57223,0.0008957559,24,3
24212,57224,0.0008956622,24,3
24213,57225,0.0008958925,24,3
24214,57226,0.0008953186,24,3
24215,57227,0.0008955895,24,3
24216,57230,0.000895581,24,3
24217,57231,0.0008959055,24,3
24218,57232,0.0008947244,24,3
24219,57233,0.0008945522,24,3
24220,57234,0.0008950125,24,3
24221,57235,0.0008945592,24,3
24222,57236,0.0008937279,24,3
24223,57237,0.0008925915,24,3
24224,57240,0.0008931227,24,3
24225,57241,0.000892623,24,3
24226,57242,0.0008934772,24,3
24227,57243,0.0008946951,24,3
24228,57244,0.0008947823,24,4
24229,57245,0.0008971296,24,4
24230,57246,0.0008979994,24,4
24231,57247,0.00089876,24,4
24232,57250,0.0009011388,24,4
24233,57251,0.0009011909,24,4
24234,57252,0.0009019579,24,4
24235,57253,0.0009014259,24,4
24236,57254,0.0009014205,24,4
24237,57255,0.0009003154,24,4
24238,57256,0.0009002766,24,4
24239,57257,0.0009000867,24,4
24240,57260,0.0009003691,24,4
24241,57261,0.0009000141,24,4
24242,57262,0.0008999532,24,4
24243,57263,0.0009013684,24,4
24244,57264,0.0009014409,24,4
24245,57265,0.0009024717,24,4
24246,57266,0.0009033488,24,4
24247,57267,0.0009027937,24,4
24248,57270,0.0009025446,24,4
24249,57271,0.0009023319,24,4
24250,57272,0.0009019489,24,4
24251,57273,0.0009015568,24,4
24252,57274,0.0009014271,24,4
24253,57275,0.0009008655,24,4
24254,57276,0.0008991464,24,4
24255,57277,0.0008987422,24,4
24256,57300,0.0008993327,24,4
24257,57301,0.0008993277,24,4
24258,57302,0.0008989929,24,5
24259,57303,0.0008986519,24,5
24260,57304,0.0008993318,24,5
24261,57305,0.0009000482,24,5
24262,57306,0.0009000513,24,5
24263,57307,0.0009003759,24,5
24264,57310,0.0009008511,24,5
24265,57311,0.0009003564,24,5
24266,57312,0.0009009742,24,5
24267,57313,0.0009016802,24,5
24268,57314,0.0009013817,24,5
24269,57315,0.0009010427,24,5
24270,57316,0.0009010115,24,5
24271,57317,0.0008999113,24,5
24272,57320,0.0009005575,24,5
24273,57321,0.000899468,24,5
24274,57322,0.0009002281,24,5
24275,57323,0.0009004395,24,5
24276,57324,0.0009000018,24,5
24277,57325,0.0008999862,24,5
24278,57326,0.00089958,24,5
24279,57327,0.0008998591,24,5
24280,57330,0.0008995952,24,5
24281,57331,0.0008992245,24,5
24282,57332,0.0008989273,24,5
24283,57333,0.000899701,24,5
24284,57334,0.0008993303,24,5
24285,57335,0.0008990375,24,5
24286,57336,0.0008990272,24,5
24287,57337,0.0008988585,24,5
24288,57340,0.0008985522,24,5
24289,57341,0.0008984993,24,6
24290,57342,0.0008980233,24,6
24291,57343,0.0008989761,24,6
24292,57344,0.000900125,24,6
24293,57345,0.0008994645,24,6
24294,57346,0.0008989911,24,6
24295,57347,0.0008988715,24,6
24296,57350,0.0008985735,24,6
24297,57351,0.000898382,24,6
24298,57352,0.0008988142,24,6
24299,57353,0.0008978526,24,6
24300,57354,0.0008980873,24,6
24301,57355,0.000897378,24,6
24302,57356,0.0008977391,24,6
24303,57357,0.000897116,24,6
24304,57360,0.0008984191,24,6
24305,57361,0.0008986812,24,6
24306,57362,0.0008987532,24,6
24307,57363,0.0008997316,24,6
24308,57364,0.0009003026,24,6
24309,57365,0.0009007751,24,6
24310,57366,0.0009015735,24,6
24311,57367,0.0009020184,24,6
24312,57370,0.0009030002,24,6
24313,57371,0.0009030133,24,6
24314,57372,0.0009027052,24,6
24315,57373,0.000902235,24,6
24316,57374,0.0009025455,24,6
24317,57375,0.000902469,24,6
24318,57376,0.0009027213,24,6
24319,57377,0.0009017996,24,6
24320,57400,0.0009021193,24,7
24321,57401,0.0009020859,24,7
24322,57402,0.0009016427,24,7
24323,57403,0.0009012223,24,7
24324,57404,0.0009012577,24,7
24325,57405,0.0009017521,24,7
24326,57406,0.0009016319,24,7
24327,57407,0.0009014523,24,7
24328,57410,0.0009016469,24,7
24329,57411,0.0009018442,24,7
24330,57412,0.0009016467,24,7
24331,57413,0.0009019417,24,7
24332,57414,0.0009013005,24,7
24333,57415,0.0009019846,24,7
24334,57416,0.000902713,24,7
24335,57417,0.0009021673,24,7
24336,57420,0.000901731,24,7
24337,57421,0.0009030321,24,7
24338,57422,0.0009028496,24,7
24339,57423,0.0009037126,24,7
24340,57424,0.0009026597,24,7
24341,57425,0.0009028523,24,7
24342,57426,0.0009029985,24,7
24343,57427,0.0009031887,24,7
24344,57430,0.0009033087,24,7
24345,57431,0.0009033542,24,7
24346,57432,0.0009034165,24,7
24347,57433,0.0009036267,24,7
24348,57434,0.0009032154,24,7
24349,57435,0.0009040112,24,7
24350,57436,0.0009033415,24,7
24351,57437,0.0009035054,24,8
24352,57440,0.0009035054,24,8
24353,57441,0.0009038443,24,8
24354,57442,0.0009040582,24,8
24355,57443,0.0009037487,24,8
24356,57444,0.0009033165,24,8
24357,57445,0.0009031176,24,8
24358,57446,0.0009026686,24,8
24359,57447,0.0009035245,24,8
24360,57450,0.0009035345,24,8
24361,57451,0.0009033872,24,8
24362,57452,0.0009033866,24,8
24363,57453,0.000902377,24,8
24364,57454,0.0009026469,24,8
24365,57455,0.0009027022,24,8
24366,57456,0.0009023721,24,8
24367,57457,0.0009025175,24,8
24368,57460,0.0009027616,24,8
24369,57461,0.0009038979,24,8
24370,57462,0.0009039699,24,8
24371,57463,0.0009049166,24,8
24372,57464,0.000904276,24,8
24373,57465,0.0009051403,24,8
24374,57466,0.0009047808,24,8
24375,57467,0.0009044046,24,8
24376,57470,0.0009039549,24,8
24377,57471,0.0009024073,24,8
24378,57472,0.0009022117,24,8
24379,57473,0.0009011567,24,8
24380,57474,0.0009010007,24,8
24381,57475,0.0008996741,24,9
24382,57476,0.0008997536,24,9
24383,57477,0.0008992017,24,9
24384,57500,0.0008992489,24,9
24385,57501,0.0008987611,24,9
24386,57502,0.0008986377,24,9
24387,57503,0.0008992443,24,9
24388,57504,0.0008992258,24,9
24389,57505,0.0008996987,24,9
24390,57506,0.0009000154,24,9
24391,57507,0.0009001511,24,9
24392,57510,0.0009008836,24,9
24393,57511,0.0009016488,24,9
24394,57512,0.0009021476,24,9
24395,57513,0.0009037605,24,9
24396,57514,0.0009041217,24,9
24397,57515,0.0009050273,24,9
24398,57516,0.0009042521,24,9
24399,57517,0.0009043581,24,9
24400,57520,0.0009036753,24,9
24401,57521,0.000904016,24,9
24402,57522,0.0009038329,24,9
24403,57523,0.0009038533,24,9
24404,57524,0.0009029052,24,9
24405,57525,0.0009032693,24,9
24406,57526,0.0009025254,24,9
24407,57527,0.0009020744,24,9
24408,57530,0.000902337,24,9
24409,57531,0.0009017705,24,9
24410,57532,0.0009024751,24,9
24411,57533,0.0009020729,24,9
24412,57534,0.0009008207,24,10
24413,57535,0.0009010927,24,10
24414,57536,0.0009003154,24,10
24415,57537,0.0009003017,24,10
24416,57540,0.0009003495,24,10
24417,57541,0.0008999875,24,10
24418,57542,0.0009000853,24,10
24419,57543,0.0008996788,24,10
24420,57544,0.0008994912,24,10
24421,57545,0.0008995669,24,10
24422,57546,0.0009008483,24,10
24423,57547,0.0009007795,24,10
24424,57550,0.0009003571,24,10
24425,57551,0.000901347,24,10
24426,57552,0.000901418,24,10
24427,57553,0.0009015388,24,10
24428,57554,0.0009013894,24,10
24429,57555,0.0009025119,24,10
24430,57556,0.0009026702,24,10
24431,57557,0.0009027819,24,10
24432,57560,0.0009025307,24,10
24433,57561,0.000902596,24,10
24434,57562,0.0009029338,24,10
24435,57563,0.0009027338,24,10
24436,57564,0.0009021924,24,10
24437,57565,0.0009024525,24,10
24438,57566,0.0009029738,24,10
24439,57567,0.0009032927,24,10
24440,57570,0.0009033579,24,10
24441,57571,0.000903302,24,10
24442,57572,0.0009030042,24,10
24443,57573,0.00090382,24,11
24444,57574,0.0009038026,24,11
24445,57575,0.0009034223,24,11
24446,57576,0.0009037291,24,11
24447,57577,0.0009040049,24,11
24448,57600,0.0009038873,24,11
24449,57601,0.0009035085,24,11
24450,57602,0.000903645,24,11
24451,57603,0.0009030086,24,11
24452,57604,0.0009038855,24,11
24453,57605,0.0009045191,24,11
24454,57606,0.0009044156,24,11
24455,57607,0.000904734,24,11
24456,57610,0.0009044545,24,11
24457,57611,0.0009044617,24,11
24458,57612,0.0009035874,24,11
24459,57613,0.0009031475,24,11
24460,57614,0.0009030122,24,11
24461,57615,0.0009028465,24,11
24462,57616,0.0009033367,24,11
24463,57617,0.0009037228,24,11
24464,57620,0.0009033676,24,11
24465,57621,0.0009028642,24,11
24466,57622,0.000903507,24,11
24467,57623,0.0009035108,24,11
24468,57624,0.0009036909,24,11
24469,57625,0.00090352,24,11
24470,57626,0.0009040161,24,11
24471,57627,0.0009037491,24,11
24472,57630,0.0009037706,24,11
24473,57631,0.0009035071,24,11
24474,57632,0.0009035762,24,12
24475,57633,0.0009044237,24,12
24476,57634,0.0009039495,24,12
24477,57635,0.0009042964,24,12
24478,57636,0.0009046067,24,12
24479,57637,0.0009050254,24,12
24480,57640,0.0009054315,24,12
24481,57641,0.0009049418,24,12
24482,57642,0.0009062669,24,12
24483,57643,0.000905713,24,12
24484,57644,0.0009044866,24,12
24485,57645,0.0009050774,24,12
24486,57646,0.0009047387,24,12
24487,57647,0.0009052044,24,12
24488,57650,0.000904546,24,12
24489,57651,0.0009048359,24,12
24490,57652,0.0009057224,24,12
24491,57653,0.0009058171,24,12
24492,57654,0.0009062136,24,12
24493,57655,0.0009063745,24,12
24494,57656,0.0009051129,24,12
24495,57657,0.0009058922,24,12
24496,57660,0.0009062026,24,12
24497,57661,0.0009063376,24,12
24498,57662,0.0009058943,24,12
24499,57663,0.0009055198,24,12
24500,57664,0.0009056199,24,12
24501,57665,0.000905521,24,12
24502,57666,0.0009061355,24,12
24503,57667,0.0009066972,24,12
24504,57670,0.0009062312,24,13
24505,57671,0.0009058191,24,13
24506,57672,0.0009060495,24,13
24507,57673,0.0009061554,24,13
24508,57674,0.0009064352,24,13
24509,57675,0.0009076506,24,13
24510,57676,0.0009053725,24,13
24511,57677,0.0009052606,24,13
24512,57700,0.0009050091,24,13
24513,57701,0.0009047851,24,13
24514,57702,0.0009046742,24,13
24515,57703,0.0009045475,24,13
24516,57704,0.000904934,24,13
24517,57705,0.0009044079,24,13
24518,57706,0.0009043024,24,13
24519,57707,0.000904557,24,13
24520,57710,0.0009041468,24,13
24521,57711,0.0009042431,24,13
24522,57712,0.000903782,24,13
24523,57713,0.0009035036,24,13
24524,57714,0.0009037323,24,13
24525,57715,0.0009035941,24,13
24526,57716,0.0009036578,24,13
24527,57717,0.0009052342,24,13
24528,57720,0.0009051595,24,13
24529,57721,0.0009055264,24,13
24530,57722,0.0009058235,24,13
24531,57723,0.0009054813,24,13
24532,57724,0.0009054778,24,13
24533,57725,0.0009062169,24,13
24534,57726,0.0009068474,24,13
24535,57727,0.0009059645,24,14
24536,57730,0.0009065738,24,14
24537,57731,0.0009053907,24,14
24538,57732,0.0009059473,24,14
24539,57733,0.0009050602,24,14
24540,57734,0.0009064097,24,14
24541,57735,0.0009068735,24,14
24542,57736,0.0009062308,24,14
24543,57737,0.0009061178,24,14
24544,57740,0.0009061458,24,14
24545,57741,0.000906123,24,14
24546,57742,0.0009062988,24,14
24547,57743,0.0009055609,24,14
24548,57744,0.0009057577,24,14
24549,57745,0.0009063725,24,14
24550,57746,0.0009052472,24,14
24551,57747,0.0009056843,24,14
24552,57750,0.0009054949,24,14
24553,57751,0.0009056539,24,14
24554,57752,0.0009062354,24,14
24555,57753,0.0009059536,24,14
24556,57754,0.0009059982,24,14
24557,57755,0.0009060825,24,14
24558,57756,0.0009053517,24,14
24559,57757,0.000906011,24,14
24560,57760,0.0009050672,24,14
24561,57761,0.000905548,24,14
24562,57762,0.0009039231,24,14
24563,57763,0.0009041466,24,14
24564,57764,0.0009042903,24,14
24565,57765,0.0009039663,24,14
24566,57766,0.0009044168,24,15
24567,57767,0.0009040686,24,15
24568,57770,0.0009037431,24,15
24569,57771,0.000904221,24,15
24570,57772,0.0009044664,24,15
24571,57773,0.0009042536,24,15
24572,57774,0.0009046321,24,15
24573,57775,0.0009044557,24,15
24574,57776,0.0009042443,24,15
24575,57777,0.0009043124,24,15
24576,60000,0.0009033459,24,15
24577,60001,0.0009033166,24,15
24578,60002,0.0009034385,24,15
24579,60003,0.0009037466,24,15
24580,60004,0.0009032827,24,15
24581,60005,0.0009030899,24,15
24582,60006,0.0009029408,24,15
24583,60007,0.0009028976,24,15
24584,60010,0.0009037125,24,15
24585,60011,0.0009036009,24,15
24586,60012,0.0009038942,24,15
24587,60013,0.0009030881,24,15
24588,60014,0.0009021868,24,15
24589,60015,0.0009028951,24,15
24590,60016,0.0009027119,24,15
24591,60017,0.000901939,24,15
24592,60020,0.0009018453,24,15
24593,60021,0.0009016625,24,15
24594,60022,0.0009016895,24,15
24595,60023,0.0009009027,24,15
24596,60024,0.0009006802,24,15
24597,60025,0.0009000832,24,16
24598,60026,0.0009006854,24,16
24599,60027,0.0009002531,24,16
24600,60030,0.000900178,24,16
24601,60031,0.0009013549,24,16
24602,60032,0.0009019077,24,16
24603,60033,0.0009033941,24,16
24604,60034,0.0009042124,24,16
24605,60035,0.0009042185,24,16
24606,60036,0.0009036898,24,16
24607,60037,0.0009035807,24,16
24608,60040,0.0009031645,24,16
24609,60041,0.0009039971,24,16
24610,60042,0.0009043294,24,16
24611,60043,0.0009045444,24,16
24612,60044,0.0009051224,24,16
24613,60045,0.0009049447,24,16
24614,60046,0.0009047069,24,16
24615,60047,0.0009057975,24,16
24616,60050,0.0009055451,24,16
24617,60051,0.0009059603,24,16
24618,60052,0.0009060249,24,16
24619,60053,0.0009058519,24,16
24620,60054,0.0009059234,24,16
24621,60055,0.0009052955,24,16
24622,60056,0.0009047787,24,16
24623,60057,0.0009053595,24,16
24624,60060,0.0009047235,24,16
24625,60061,0.0009049683,24,16
24626,60062,0.000905412,24,16
24627,60063,0.0009041926,24,17
24628,60064,0.0009040255,24,17
24629,60065,0.0009037472,24,17
24630,60066,0.0009036504,24,17
24631,60067,0.0009033296,24,17
24632,60070,0.0009030313,24,17
24633,60071,0.0009034995,24,17
24634,60072,0.0009032613,24,17
24635,60073,0.0009032158,24,17
24636,60074,0.0009035961,24,17
24637,60075,0.0009023277,24,17
24638,60076,0.0009034158,24,17
24639,60077,0.0009041892,24,17
24640,60100,0.000903763,24,17
24641,60101,0.0009026029,24,17
24642,60102,0.000902,24,17
24643,60103,0.000902969,24,17
24644,60104,0.000902307,24,17
24645,60105,0.0009025547,24,17
24646,60106,0.000901455,24,17
24647,60107,0.0009017495,24,17
24648,60110,0.0009014471,24,17
24649,60111,0.0009014519,24,17
24650,60112,0.0009027254,24,17
24651,60113,0.0009028724,24,17
24652,60114,0.0009018443,24,17
24653,60115,0.0009017041,24,17
24654,60116,0.0009029566,24,17
24655,60117,0.0009031682,24,17
24656,60120,0.0009026124,24,17
24657,60121,0.0009037991,24,17
24658,60122,0.0009039135,24,18
24659,60123,0.000903743,24,18
24660,60124,0.0009028026,24,18
24661,60125,0.000902396,24,18
24662,60126,0.0009029547,24,18
24663,60127,0.0009014037,24,18
24664,60130,0.0009010431,24,18
24665,60131,0.0009010799,24,18
24666,60132,0.0009011332,24,18
24667,60133,0.0009011775,24,18
24668,60134,0.0009009226,24,18
24669,60135,0.0009008366,24,18
24670,60136,0.0009017045,24,18
24671,60137,0.0009013721,24,18
24672,60140,0.0009014932,24,18
24673,60141,0.0009018208,24,18
24674,60142,0.0009020885,24,18
24675,60143,0.0009040782,24,18
24676,60144,0.000903958,24,18
24677,60145,0.0009028241,24,18
24678,60146,0.000903398,24,18
24679,60147,0.0009018497,24,18
24680,60150,0.0009008402,24,18
24681,60151,0.0008991366,24,18
24682,60152,0.0008992073,24,18
24683,60153,0.000899673,24,18
24684,60154,0.0008982749,24,18
24685,60155,0.0008983423,24,18
24686,60156,0.0008969018,24,18
24687,60157,0.0008958298,24,18
24688,60160,0.0008957474,24,18
24689,60161,0.00089588,24,19
24690,60162,0.0008955798,24,19
24691,60163,0.0008961215,24,19
24692,60164,0.0008975358,24,19
24693,60165,0.0008970439,24,19
24694,60166,0.0008973516,24,19
24695,60167,0.0008958748,24,19
24696,60170,0.0008939613,24,19
24697,60171,0.0008934506,24,19
24698,60172,0.0008934703,24,19
24699,60173,0.000893417,24,19
24700,60174,0.0008920041,24,19
24701,60175,0.0008917791,24,19
24702,60176,0.0008923722,24,19
24703,60177,0.000892438,24,19
24704,60200,0.0008924451,24,19
24705,60201,0.0008925728,24,19
24706,60202,0.0008936654,24,19
24707,60203,0.0008942429,24,19
24708,60204,0.0008949323,24,19
24709,60205,0.0008948319,24,19
24710,60206,0.0008953139,24,19
24711,60207,0.000895319,24,19
24712,60210,0.0008952701,24,19
24713,60211,0.0008950999,24,19
24714,60212,0.0008946444,24,19
24715,60213,0.0008949379,24,19
24716,60214,0.0008943754,24,19
24717,60215,0.0008939705,24,19
24718,60216,0.0008941938,24,19
24719,60217,0.0008939111,24,19
24720,60220,0.0008939101,24,20
24721,60221,0.0008930555,24,20
24722,60222,0.0008925132,24,20
24723,60223,0.0008919226,24,20
24724,60224,0.0008920041,24,20
24725,60225,0.0008929064,24,20
24726,60226,0.000892074,24,20
24727,60227,0.0008927911,24,20
24728,60230,0.0008922559,24,20
24729,60231,0.0008922581,24,20
24730,60232,0.0008921779,24,20
24731,60233,0.000891979,24,20
24732,60234,0.0008917203,24,20
24733,60235,0.0008915479,24,20
24734,60236,0.0008907543,24,20
24735,60237,0.0008904848,24,20
24736,60240,0.0008912187,24,20
24737,60241,0.0008914036,24,20
24738,60242,0.0008920197,24,20
24739,60243,0.0008915747,24,20
24740,60244,0.0008921106,24,20
24741,60245,0.0008922943,24,20
24742,60246,0.0008924555,24,20
24743,60247,0.000892948,24,20
24744,60250,0.000893481,24,20
24745,60251,0.0008937615,24,20
24746,60252,0.0008937521,24,20
24747,60253,0.0008950187,24,20
24748,60254,0.0008962303,24,20
24749,60255,0.0008970756,24,20
24750,60256,0.0008981004,24,21
24751,60257,0.0008987921,24,21
24752,60260,0.0009001854,24,21
24753,60261,0.0009010796,24,21
24754,60262,0.0009014985,24,21
24755,60263,0.000901414,24,21
24756,60264,0.0009018052,24,21
24757,60265,0.000901757,24,21
24758,60266,0.0009023586,24,21
24759,60267,0.0009024569,24,21
24760,60270,0.0009019959,24,21
24761,60271,0.0009026661,24,21
24762,60272,0.0009024871,24,21
24763,60273,0.0009021528,24,21
24764,60274,0.0009023664,24,21
24765,60275,0.0009024342,24,21
24766,60276,0.0009021882,24,21
24767,60277,0.000902015,24,21
24768,60300,0.0009020503,24,21
24769,60301,0.0009029321,24,21
24770,60302,0.0009029462,24,21
24771,60303,0.0009024108,24,21
24772,60304,0.0009027683,24,21
24773,60305,0.0009031464,24,21
24774,60306,0.0009027273,24,21
24775,60307,0.00090216,24,21
24776,60310,0.0009020534,24,21
24777,60311,0.0009013414,24,21
24778,60312,0.000900867,24,21
24779,60313,0.00090127,24,21
24780,60314,0.0009006503,24,21
24781,60315,0.0009010017,24,22
24782,60316,0.0009002022,24,22
24783,60317,0.0009004312,24,22
24784,60320,0.0009004851,24,22
24785,60321,0.0009002482,24,22
24786,60322,0.0009003967,24,22
24787,60323,0.0009010421,24,22
24788,60324,0.0009011189,24,22
24789,60325,0.0009009183,24,22
24790,60326,0.0009009741,24,22
24791,60327,0.0009005373,24,22
24792,60330,0.0009005672,24,22
24793,60331,0.0009002454,24,22
24794,60332,0.000899469,24,22
24795,60333,0.0008991441,24,22
24796,60334,0.0008990882,24,22
24797,60335,0.0008986012,24,22
24798,60336,0.0008975927,24,22
24799,60337,0.0008959922,24,22
24800,60340,0.0008967594,24,22
24801,60341,0.000895686,24,22
24802,60342,0.0008962737,24,22
24803,60343,0.0008965622,24,22
24804,60344,0.0008964908,24,22
24805,60345,0.0008965582,24,22
24806,60346,0.0008966114,24,22
24807,60347,0.0008955726,24,22
24808,60350,0.0008947534,24,22
24809,60351,0.0008939898,24,22
24810,60352,0.0008918676,24,22
24811,60353,0.0008909584,24,22
24812,60354,0.0008893904,24,23
24813,60355,0.0008884604,24,23
24814,60356,0.0008878254,24,23
24815,60357,0.0008866477,24,23
24816,60360,0.0008856775,24,23
24817,60361,0.0008852002,24,23
24818,60362,0.0008855697,24,23
24819,60363,0.0008850437,24,23
24820,60364,0.0008842729,24,23
24821,60365,0.0008823792,24,23
24822,60366,0.0008806668,24,23
24823,60367,0.0008778992,24,23
24824,60370,0.0008757274,24,23
24825,60371,0.0008716527,24,23
24826,60372,0.0008684145,24,23
24827,60373,0.0008649926,24,23
24828,60374,0.0008615081,24,23
24829,60375,0.0008588652,24,23
24830,60376,0.0008564353,24,23
24831,60377,0.0008539372,24,23
24832,60400,0.0008529261,24,23
24833,60401,0.0008548347,24,23
24834,60402,0.0008575961,24,23
24835,60403,0.0008621836,24,23
24836,60404,0.0008668101,24,23
24837,60405,0.000873156,24,23
24838,60406,0.0008812751,24,23
24839,60407,0.0008898875,24,23
24840,60410,0.0008986404,24,23
24841,60411,0.0009072156,24,23
24842,60412,0.0009143374,24,23
24843,60413,0.0009194677,24,24
24844,60414,0.0009249857,24,24
24845,60415,0.0009297371,24,24
24846,60416,0.0009334077,24,24
24847,60417,0.0009367743,24,24
24848,60420,0.0009415835,24,24
24849,60421,0.0009453043,24,24
24850,60422,0.0009486686,24,24
24851,60423,0.0009525103,24,24
24852,60424,0.000955037,24,24
24853,60425,0.0009570836,24,24
24854,60426,0.0009586504,24,24
24855,60427,0.0009596516,24,24
24856,60430,0.0009600302,24,24
24857,60431,0.000959872,24,24
24858,60432,0.00096024,24,24
24859,60433,0.000960004,24,24
24860,60434,0.0009599923,24,24
24861,60435,0.0009602574,24,24
24862,60436,0.0009604204,24,24
24863,60437,0.0009596456,24,24
24864,60440,0.0009600194,24,24
24865,60441,0.0009597658,24,24
24866,60442,0.0009595022,24,24
24867,60443,0.0009592128,24,24
24868,60444,0.0009594379,24,24
24869,60445,0.000960346,24,24
24870,60446,0.0009593125,24,24
24871,60447,0.0009597842,24,24
24872,60450,0.0009598681,24,24
24873,60451,0.0009600461,-1,-1
24874,60452,0.0009595191,-1,-1
24875,60453,0.0009597407,-1,-1
24876,60454,0.0009595274,-1,-1
24877,60455,0.0009600268,-1,-1
24878,60456,0.0009599379,-1,-1
24879,60457,0.0009597385,-1,-1
24880,60460,0.0009601525,-1,-1
24881,60461,0.0009590439,-1,-1
24882,60462,0.000960214,-1,-1
24883,60463,0.0009592758,-1,-1
24884,60464,0.0009598917,-1,-1
24885,60465,0.0009597007,-1,-1
24886,60466,0.0009599813,-1,-1
24887,60467,0.000959734,-1,-1
24888,60470,0.0009597908,-1,-1
24889,60471,0.0009602254,-1,-1
24890,60472,0.0009596602,-1,-1
24891,60473,0.0009598908,-1,-1
24892,60474,0.0009605604,-1,-1
24893,60475,0.0009598505,-1,-1
24894,60476,0.0009595837,-1,-1
24895,60477,0.0009599747,-1,-1
24896,60500,0.0009601641,-1,-1
24897,60501,0.0009598002,-1,-1
24898,60502,0.0009598701,-1,-1
24899,60503,0.0009604971,-1,-1
24900,60504,0.0009602054,-1,-1
24901,60505,0.0009600534,-1,-1
24902,60506,0.0009601248,-1,-1
24903,60507,0.0009594228,-1,-1
24904,60510,0.0009597251,-1,-1
24905,60511,0.0009600387,-1,-1
24906,60512,0.0009603914,-1,-1
24907,60513,0.0009594863,-1,-1
24908,60514,0.0009595095,-1,-1
24909,60515,0.0009600395,-1,-1
24910,60516,0.0009605072,-1,-1
24911,60517,0.000960297,-1,-1
24912,60520,0.0009603471,-1,-1
24913,60521,0.0009603468,-1,-1
24914,60522,0.000960205,-1,-1
24915,60523,0.0009595242,-1,-1
24916,60524,0.0009599262,-1,-1
24917,60525,0.0009602105,-1,-1
24918,60526,0.0009600751,-1,-1
24919,60527,0.0009607958,-1,-1
24920,60530,0.0009599532,-1,-1
24921,60531,0.0009602913,-1,-1
24922,60532,0.000960712,-1,-1
24923,60533,0.0009601529,-1,-1
24924,60534,0.0009603249,-1,-1
24925,60535,0.0009607126,-1,-1
24926,60536,0.0009603426,-1,-1
24927,60537,0.0009606269,-1,-1
24928,60540,0.0009607657,-1,-1
24929,60541,0.0009606841,-1,-1
24930,60542,0.0009604548,-1,-1
24931,60543,0.0009606133,-1,-1
24932,60544,0.000960534,-1,-1
24933,60545,0.000960533,-1,-1
24934,60546,0.0009614488,-1,-1
24935,60547,0.0009614114,-1,-1
24936,60550,0.0009611023,-1,-1
24937,60551,0.0009607765,-1,-1
24938,60552,0.0009608902,-1,-1
24939,60553,0.0009600436,-1,-1
24940,60554,0.0009609326,-1,-1
24941,60555,0.0009600187,-1,-1
24942,60556,0.0009599298,-1,-1
24943,60557,0.0009611757,-1,-1
24944,60560,0.0009603784,-1,-1
24945,60561,0.0009608623,-1,-1
24946,60562,0.0009604639,-1,-1
24947,60563,0.0009605518,-1,-1
24948,60564,0.0009604183,-1,-1
24949,60565,0.0009601361,-1,-1
24950,60566,0.0009593911,-1,-1
24951,60567,0.0009598819,-1,-1
24952,60570,0.0009594117,-1,-1
24953,60571,0.0009591919,-1,-1
24954,60572,0.0009599382,-1,-1
24955,60573,0.0009601377,-1,-1
24956,60574,0.0009597889,-1,-1
24957,60575,0.0009598925,-1,-1
24958,60576,0.0009598146,-1,-1
24959,60577,0.0009596403,-1,-1
24960,60600,0.0009603014,-1,-1
24961,60601,0.0009596815,-1,-1
24962,60602,0.0009596086,-1,-1
24963,60603,0.0009592073,-1,-1
24964,60604,0.0009598316,-1,-1
24965,60605,0.0009596875,-1,-1
24966,60606,0.0009597822,-1,-1
24967,60607,0.0009605394,-1,-1
24968,60610,0.0009600091,-1,-1
24969,60611,0.0009595535,-1,-1
24970,60612,0.0009600325,-1,-1
24971,60613,0.0009593855,-1,-1
24972,60614,0.0009600007,-1,-1
24973,60615,0.0009603974,-1,-1
24974,60616,0.0009596187,-1,-1
24975,60617,0.0009598689,-1,-1
24976,60620,0.0009599676,-1,-1
24977,60621,0.0009597646,-1,-1
24978,60622,0.0009600477,-1,-1
24979,60623,0.000960152,-1,-1
24980,60624,0.0009603782,-1,-1
24981,60625,0.0009598025,-1,-1
24982,60626,0.000960141,-1,-1
24983,60627,0.0009602559,-1,-1
24984,60630,0.000960395,-1,-1
24985,60631,0.0009601662,-1,-1
24986,60632,0.0009591878,-1,-1
24987,60633,0.0009596407,-1,-1
24988,60634,0.0009602611,-1,-1
24989,60635,0.0009604014,-1,-1
24990,60636,0.0009597851,-1,-1
24991,60637,0.0009596014,-1,-1
24992,60640,0.00096049,-1,-1
24993,60641,0.0009599786,-1,-1
24994,60642,0.0009600698,-1,-1
24995,60643,0.0009599337,-1,-1
24996,60644,0.0009605394,-1,-1
24997,60645,0.0009597804,-1,-1
24998,60646,0.0009601973,-1,-1
24999,60647,0.0009592847,-1,-1
25000,60650,0.0009598531,-1,-1
25001,60651,0.0009601599,-1,-1
25002,60652,0.0009601125,-1,-1
25003,60653,0.0009602502,-1,-1
25004,60654,0.000959922,-1,-1
25005,60655,0.0009598929,-1,-1
25006,60656,0.0009598774,-1,-1
25007,60657,0.0009601227,-1,-1
25008,60660,0.0009600456,-1,-1
25009,60661,0.0009604555,-1,-1
25010,60662,0.0009610062,-1,-1
25011,60663,0.0009602326,-1,-1
25012,60664,0.0009599852,-1,-1
25013,60665,0.0009604296,-1,-1
25014,60666,0.0009597408,-1,-1
25015,60667,0.0009605711,-1,-1
25016,60670,0.0009594923,-1,-1
25017,60671,0.0009603505,-1,-1
25018,60672,0.0009598404,-1,-1
25019,60673,0.0009592569,-1,-1
25020,60674,0.0009603275,-1,-1
25021,60675,0.0009600667,-1,-1
25022,60676,0.0009608947,-1,-1
25023,60677,0.0009605695,-1,-1
25024,60700,0.0009597364,-1,-1
25025,60701,0.0009606528,-1,-1
25026,60702,0.0009605369,-1,-1
25027,60703,0.0009601668,-1,-1
25028,60704,0.0009603238,-1,-1
25029,60705,0.0009600291,-1,-1
25030,60706,0.0009601263,-1,-1
25031,60707,0.0009597244,-1,-1
25032,60710,0.0009594312,-1,-1
25033,60711,0.0009599765,-1,-1
25034,60712,0.0009601694,-1,-1
25035,60713,0.0009595841,-1,-1
25036,60714,0.000959345,-1,-1
25037,60715,0.0009597738,-1,-1
25038,60716,0.0009594581,-1,-1
25039,60717,0.0009597873,-1,-1
25040,60720,0.000959666,-1,-1
25041,60721,0.0009602111,-1,-1
25042,60722,0.0009597286,-1,-1
25043,60723,0.0009595992,-1,-1
25044,60724,0.0009599511,-1,-1
25045,60725,0.000960004,-1,-1
25046,60726,0.0009599276,-1,-1
25047,60727,0.0009600825,-1,-1
25048,60730,0.0009599944,-1,-1
25049,60731,0.0009601043,-1,-1
25050,60732,0.0009600682,-1,-1
25051,60733,0.0009599362,-1,-1
25052,60734,0.0009595176,-1,-1
25053,60735,0.0009607478,-1,-1
25054,60736,0.00096085,-1,-1
25055,60737,0.0009600619,-1,-1
25056,60740,0.0009606965,-1,-1
25057,60741,0.000960427,-1,-1
25058,60742,0.0009605982,-1,-1
25059,60743,0.000960548,-1,-1
25060,60744,0.0009609138,-1,-1
25061,60745,0.0009603804,-1,-1
25062,60746,0.0009597315,-1,-1
25063,60747,0.0009600917,-1,-1
25064,60750,0.0009605704,-1,-1
25065,60751,0.0009602939,-1,-1
25066,60752,0.0009604557,-1,-1
25067,60753,0.0009608517,-1,-1
25068,60754,0.0009606619,-1,-1
25069,60755,0.0009598919,-1,-1
25070,60756,0.0009598138,-1,-1
25071,60757,0.0009602461,-1,-1
25072,60760,0.0009603392,-1,-1
25073,60761,0.000960189,-1,-1
25074,60762,0.0009599737,-1,-1
25075,60763,0.0009602197,-1,-1
25076,60764,0.0009599475,-1,-1
25077,60765,0.000959923,-1,-1
25078,60766,0.0009600889,-1,-1
25079,60767,0.0009602013,-1,-1
25080,60770,0.0009598765,-1,-1
25081,60771,0.0009589512,-1,-1
25082,60772,0.0009595795,-1,-1
25083,60773,0.0009605325,-1,-1
25084,60774,0.0009591649,-1,-1
25085,60775,0.0009601881,-1,-1
25086,60776,0.0009599067,-1,-1
25087,60777,0.000958729,-1,-1
25088,61000,0.0009591882,-1,-1
25089,61001,0.0009594601,-1,-1
25090,61002,0.0009594552,-1,-1
25091,61003,0.0009599215,-1,-1
25092,61004,0.0009595705,-1,-1
25093,61005,0.0009592516,-1,-1
25094,61006,0.000959605,-1,-1
25095,61007,0.0009597053,-1,-1
25096,61010,0.0009592744,-1,-1
25097,61011,0.0009594656,-1,-1
25098,61012,0.0009594613,-1,-1
25099,61013,0.0009600858,-1,-1
25100,61014,0.0009593201,-1,-1
25101,61015,0.0009594276,-1,-1
25102,61016,0.0009598216,-1,-1
25103,61017,0.0009593026,-1,-1
25104,61020,0.0009596585,-1,-1
25105,61021,0.0009597307,-1,-1
25106,61022,0.0009587519,-1,-1
25107,61023,0.0009600198,-1,-1
25108,61024,0.0009588517,-1,-1
25109,61025,0.0009590469,-1,-1
25110,61026,0.0009598611,-1,-1
25111,61027,0.0009599361,-1,-1
25112,61030,0.0009598626,-1,-1
25113,61031,0.0009594584,-1,-1
25114,61032,0.0009597761,-1,-1
25115,61033,0.0009596723,-1,-1
25116,61034,0.0009596116,-1,-1
25117,61035,0.000959497,-1,-1
25118,61036,0.0009593013,-1,-1
25119,61037,0.0009598802,-1,-1
25120,61040,0.0009595183,-1,-1
25121,61041,0.0009587132,-1,-1
25122,61042,0.0009595255,-1,-1
25123,61043,0.0009596335,-1,-1
25124,61044,0.0009590841,-1,-1
25125,61045,0.0009594855,-1,-1
25126,61046,0.000959122,-1,-1
25127,61047,0.0009603712,-1,-1
25128,61050,0.0009595143,-1,-1
25129,61051,0.0009596709,-1,-1
25130,61052,0.000959546,-1,-1
25131,61053,0.0009594047,-1,-1
25132,61054,0.000959751,-1,-1
25133,61055,0.0009587166,-1,-1
25134,61056,0.0009591568,-1,-1
25135,61057,0.0009590231,-1,-1
25136,61060,0.0009593047,-1,-1
25137,61061,0.0009596856,-1,-1
25138,61062,0.0009593734,-1,-1
25139,61063,0.0009594148,-1,-1
25140,61064,0.0009591595,-1,-1
25141,61065,0.0009592882,-1,-1
25142,61066,0.0009594336,-1,-1
25143,61067,0.0009595734,-1,-1
25144,61070,0.000959123,-1,-1
25145,61071,0.0009590056,-1,-1
25146,61072,0.0009598131,-1,-1
25147,61073,0.0009595056,-1,-1
25148,61074,0.0009590088,-1,-1
25149,61075,0.0009592422,-1,-1
25150,61076,0.0009600377,-1,-1
25151,61077,0.000960074,-1,-1
25152,61100,0.00095976,-1,-1
25153,61101,0.0009601903,-1,-1
25154,61102,0.0009599636,-1,-1
25155,61103,0.000960083,-1,-1
25156,61104,0.0009596823,-1,-1
25157,61105,0.0009594822,-1,-1
25158,61106,0.0009600858,-1,-1
25159,61107,0.0009596873,-1,-1
25160,61110,0.0009598638,-1,-1
25161,61111,0.0009595538,-1,-1
25162,61112,0.0009595446,-1,-1
25163,61113,0.0009603678,-1,-1
25164,61114,0.000960435,-1,-1
25165,61115,0.0009605802,-1,-1
25166,61116,0.0009602327,-1,-1
25167,61117,0.0009607741,-1,-1
25168,61120,0.000960059,-1,-1
25169,61121,0.0009604167,-1,-1
25170,61122,0.0009602564,-1,-1
25171,61123,0.0009597358,-1,-1
25172,61124,0.0009600582,-1,-1
25173,61125,0.0009598174,-1,-1
25174,61126,0.0009604768,-1,-1
25175,61127,0.0009611225,-1,-1
25176,61130,0.0009597889,-1,-1
25177,61131,0.0009602935,-1,-1
25178,61132,0.0009601726,-1,-1
25179,61133,0.0009604461,-1,-1
25180,61134,0.0009603169,-1,-1
25181,61135,0.0009601177,-1,-1
25182,61136,0.0009604344,-1,-1
25183,61137,0.0009603021,-1,-1
25184,61140,0.0009602185,-1,-1
25185,61141,0.0009595923,-1,-1
25186,61142,0.0009601367,-1,-1
25187,61143,0.0009603718,-1,-1
25188,61144,0.0009603948,-1,-1
25189,61145,0.000960157,-1,-1
25190,61146,0.0009606293,-1,-1
25191,61147,0.0009600885,-1,-1
25192,61150,0.0009599288,-1,-1
25193,61151,0.0009602203,-1,-1
25194,61152,0.000959693,-1,-1
25195,61153,0.0009602942,-1,-1
25196,61154,0.0009598082,-1,-1
25197,61155,0.0009597652,-1,-1
25198,61156,0.0009604446,-1,-1
25199,61157,0.0009591078,-1,-1
25200,61160,0.0009598632,-1,-1
25201,61161,0.00095993,-1,-1
25202,61162,0.0009594209,-1,-1
25203,61163,0.0009603661,-1,-1
25204,61164,0.0009602088,-1,-1
25205,61165,0.0009603646,-1,-1
25206,61166,0.0009595274,-1,-1
25207,61167,0.0009594952,-1,-1
25208,61170,0.0009599466,-1,-1
25209,61171,0.0009601576,-1,-1
25210,61172,0.0009596366,-1,-1
25211,61173,0.0009598623,-1,-1
25212,61174,0.0009605123,-1,-1
25213,61175,0.0009598716,-1,-1
25214,61176,0.0009597953,-1,-1
25215,61177,0.0009602454,-1,-1
25216,61200,0.0009596763,-1,-1
25217,61201,0.0009603407,-1,-1
25218,61202,0.0009600058,-1,-1
25219,61203,0.0009596695,-1,-1
25220,61204,0.0009592839,-1,-1
25221,61205,0.0009595602,-1,-1
25222,61206,0.0009596664,-1,-1
25223,61207,0.0009600987,-1,-1
25224,61210,0.000959728,-1,-1
25225,61211,0.0009589282,-1,-1
25226,61212,0.0009596965,-1,-1
25227,61213,0.0009596436,-1,-1
25228,61214,0.0009601556,-1,-1
25229,61215,0.0009598971,-1,-1
25230,61216,0.0009598078,-1,-1
25231,61217,0.0009605242,-1,-1
25232,61220,0.0009602942,-1,-1
25233,61221,0.0009602295,-1,-1
25234,61222,0.0009600454,-1,-1
25235,61223,0.0009602588,-1,-1
25236,61224,0.0009598049,-1,-1
25237,61225,0.0009603263,-1,-1
25238,61226,0.0009594168,-1,-1
25239,61227,0.0009597098,-1,-1
25240,61230,0.0009603238,-1,-1
25241,61231,0.0009603335,-1,-1
25242,61232,0.0009600395,-1,-1
25243,61233,0.0009596235,-1,-1
25244,61234,0.0009596171,-1,-1
25245,61235,0.0009595345,-1,-1
25246,61236,0.0009596429,-1,-1
25247,61237,0.0009594225,-1,-1
25248,61240,0.0009596171,-1,-1
25249,61241,0.0009599504,-1,-1
25250,61242,0.0009594136,-1,-1
25251,61243,0.0009590365,-1,-1
25252,61244,0.0009594178,-1,-1
25253,61245,0.0009601706,-1,-1
25254,61246,0.0009595548,-1,-1
25255,61247,0.0009591898,-1,-1
25256,61250,0.0009595804,-1,-1
25257,61251,0.0009593129,-1,-1
25258,61252,0.0009593879,-1,-1
25259,61253,0.0009603655,-1,-1
25260,61254,0.0009591533,-1,-1
25261,61255,0.0009591511,-1,-1
25262,61256,0.0009597025,-1,-1
25263,61257,0.0009589682,-1,-1
25264,61260,0.0009600616,-1,-1
25265,61261,0.0009592873,-1,-1
25266,61262,0.0009596552,-1,-1
25267,61263,0.0009601957,-1,-1
25268,61264,0.0009596177,-1,-1
25269,61265,0.0009598224,-1,-1
25270,61266,0.0009591362,-1,-1
25271,61267,0.0009595128,-1,-1
25272,61270,0.0009594305,-1,-1
25273,61271,0.0009595763,-1,-1
25274,61272,0.0009603138,-1,-1
25275,61273,0.0009595935,-1,-1
25276,61274,0.0009594734,-1,-1
25277,61275,0.0009595334,-1,-1
25278,61276,0.0009594384,-1,-1
25279,61277,0.0009604081,-1,-1
25280,61300,0.0009597373,-1,-1
25281,61301,0.0009603307,-1,-1
25282,61302,0.0009598673,-1,-1
25283,61303,0.0009595645,-1,-1
25284,61304,0.0009594759,-1,-1
25285,61305,0.0009595868,-1,-1
25286,61306,0.0009596449,-1,-1
25287,61307,0.0009593923,-1,-1
25288,61310,0.0009600586,-1,-1
25289,61311,0.0009598618,-1,-1
25290,61312,0.000959296,-1,-1
25291,61313,0.0009604641,-1,-1
25292,61314,0.0009589111,-1,-1
25293,61315,0.0009594305,-1,-1
25294,61316,0.0009597065,-1,-1
25295,61317,0.0009591017,-1,-1
25296,61320,0.0009592758,-1,-1
25297,61321,0.0009598618,-1,-1
25298,61322,0.0009597307,-1,-1
25299,61323,0.0009594447,-1,-1
25300,61324,0.0009591024,-1,-1
25301,61325,0.0009596985,-1,-1
25302,61326,0.0009599825,-1,-1
25303,61327,0.0009608303,-1,-1
25304,61330,0.0009596288,-1,-1
25305,61331,0.0009598457,-1,-1
25306,61332,0.0009602177,-1,-1
25307,61333,0.0009599361,-1,-1
25308,61334,0.00095916,-1,-1
25309,61335,0.0009603446,-1,-1
25310,61336,0.0009595497,-1,-1
25311,61337,0.000959956,-1,-1
25312,61340,0.0009601451,-1,-1
25313,61341,0.0009605075,-1,-1
25314,61342,0.00095999,-1,-1
25315,61343,0.0009602821,-1,-1
25316,61344,0.0009602066,-1,-1
25317,61345,0.0009605233,-1,-1
25318,61346,0.0009600411,-1,-1
25319,61347,0.000960004,-1,-1
25320,61350,0.0009598865,-1,-1
25321,61351,0.0009603861,-1,-1
25322,61352,0.0009596552,-1,-1
25323,61353,0.0009603678,-1,-1
25324,61354,0.0009597311,-1,-1
25325,61355,0.000960418,-1,-1
25326,61356,0.0009602138,-1,-1
25327,61357,0.0009600872,-1,-1
25328,61360,0.000960722,-1,-1
25329,61361,0.0009601133,-1,-1
25330,61362,0.0009598312,-1,-1
25331,61363,0.0009600061,-1,-1
25332,61364,0.0009603424,-1,-1
25333,61365,0.0009603061,-1,-1
25334,61366,0.000959452,-1,-1
25335,61367,0.0009599095,-1,-1
25336,61370,0.0009596352,-1,-1
25337,61371,0.0009597937,-1,-1
25338,61372,0.0009598388,-1,-1
25339,61373,0.0009602306,-1,-1
25340,61374,0.0009596953,-1,-1
25341,61375,0.0009602474,-1,-1
25342,61376,0.0009605958,-1,-1
25343,61377,0.0009594428,-1,-1
25344,61400,0.0009595338,-1,-1
25345,61401,0.0009602322,-1,-1
25346,61402,0.0009602502,-1,-1
25347,61403,0.0009598976,-1,-1
25348,61404,0.000960367,-1,-1
25349,61405,0.0009597063,-1,-1
25350,61406,0.000959638,-1,-1
25351,61407,0.0009597184,-1,-1
25352,61410,0.0009600924,-1,-1
25353,61411,0.0009600848,-1,-1
25354,61412,0.0009595665,-1,-1
25355,61413,0.0009597709,-1,-1
25356,61414,0.0009596469,-1,-1
25357,61415,0.0009594115,-1,-1
25358,61416,0.0009593877,-1,-1
25359,61417,0.0009602212,-1,-1
25360,61420,0.0009593273,-1,-1
25361,61421,0.0009593085,-1,-1
25362,61422,0.000959637,-1,-1
25363,61423,0.0009596617,-1,-1
25364,61424,0.0009589506,-1,-1
25365,61425,0.0009596794,-1,-1
25366,61426,0.0009596478,-1,-1
25367,61427,0.0009601592,-1,-1
25368,61430,0.0009598923,-1,-1
25369,61431,0.0009595958,-1,-1
25370,61432,0.0009596053,-1,-1
25371,61433,0.0009599943,-1,-1
25372,61434,0.0009596926,-1,-1
25373,61435,0.0009597721,-1,-1
25374,61436,0.0009594398,-1,-1
25375,61437,0.0009594828,-1,-1
25376,61440,0.0009596969,-1,-1
25377,61441,0.0009595804,-1,-1
25378,61442,0.0009603979,-1,-1
25379,61443,0.0009597286,-1,-1
25380,61444,0.0009596754,-1,-1
25381,61445,0.0009596634,-1,-1
25382,61446,0.0009598093,-1,-1
25383,61447,0.0009599544,-1,-1
25384,61450,0.0009597933,-1,-1
25385,61451,0.0009593698,-1,-1
25386,61452,0.0009595578,-1,-1
25387,61453,0.0009598635,-1,-1
25388,61454,0.0009602687,-1,-1
25389,61455,0.0009596924,-1,-1
25390,61456,0.0009598451,-1,-1
25391,61457,0.0009595072,-1,-1
25392,61460,0.0009595337,-1,-1
25393,61461,0.0009600592,-1,-1
25394,61462,0.0009602324,-1,-1
25395,61463,0.0009598454,-1,-1
25396,61464,0.0009594993,-1,-1
25397,61465,0.0009602626,-1,-1
25398,61466,0.0009607344,-1,-1
25399,61467,0.0009593593,-1,-1
25400,61470,0.0009596247,-1,-1
25401,61471,0.0009603265,-1,-1
25402,61472,0.0009600721,-1,-1
25403,61473,0.0009593091,-1,-1
25404,61474,0.0009598593,-1,-1
25405,61475,0.0009602068,-1,-1
25406,61476,0.0009601795,-1,-1
25407,61477,0.0009597373,-1,-1
25408,61500,0.0009597802,-1,-1
25409,61501,0.0009596565,-1,-1
25410,61502,0.0009605012,-1,-1
25411,61503,0.0009598414,-1,-1
25412,61504,0.0009598285,-1,-1
25413,61505,0.0009593483,-1,-1
25414,61506,0.000959996,-1,-1
25415,61507,0.0009598408,-1,-1
25416,61510,0.0009591571,-1,-1
25417,61511,0.0009590968,-1,-1
25418,61512,0.0009597547,-1,-1
25419,61513,0.0009597699,-1,-1
25420,61514,0.0009587548,-1,-1
25421,61515,0.0009595446,-1,-1
25422,61516,0.0009592525,-1,-1
25423,61517,0.0009588713,-1,-1
25424,61520,0.0009597108,-1,-1
25425,61521,0.0009592811,-1,-1
25426,61522,0.0009602818,-1,-1
25427,61523,0.0009598072,-1,-1
25428,61524,0.0009594142,-1,-1
25429,61525,0.0009588657,-1,-1
25430,61526,0.0009597289,-1,-1
25431,61527,0.000959937,-1,-1
25432,61530,0.0009592997,-1,-1
25433,61531,0.0009593961,-1,-1
25434,61532,0.0009592132,-1,-1
25435,61533,0.0009597522,-1,-1
25436,61534,0.0009590392,-1,-1
25437,61535,0.0009596066,-1,-1
25438,61536,0.0009592883,-1,-1
25439,61537,0.0009593334,-1,-1
25440,61540,0.0009600645,-1,-1
25441,61541,0.0009594834,-1,-1
25442,61542,0.0009595913,-1,-1
25443,61543,0.0009601326,-1,-1
25444,61544,0.0009598709,-1,-1
25445,61545,0.0009597779,-1,-1
25446,61546,0.0009603374,-1,-1
25447,61547,0.0009595237,-1,-1
25448,61550,0.0009599443,-1,-1
25449,61551,0.0009600524,-1,-1
25450,61552,0.0009599515,-1,-1
25451,61553,0.0009592331,-1,-1
25452,61554,0.0009595872,-1,-1
25453,61555,0.0009599858,-1,-1
25454,61556,0.0009596655,-1,-1
25455,61557,0.0009599078,-1,-1
25456,61560,0.0009593971,-1,-1
25457,61561,0.0009593018,-1,-1
25458,61562,0.0009590654,-1,-1
25459,61563,0.0009597154,-1,-1
25460,61564,0.0009600536,-1,-1
25461,61565,0.0009598951,-1,-1
25462,61566,0.0009599118,-1,-1
25463,61567,0.0009597504,-1,-1
25464,61570,0.0009603876,-1,-1
25465,61571,0.0009596617,-1,-1
25466,61572,0.0009590628,-1,-1
25467,61573,0.0009592986,-1,-1
25468,61574,0.0009600579,-1,-1
25469,61575,0.0009600429,-1,-1
25470,61576,0.0009595433,-1,-1
25471,61577,0.0009598876,-1,-1
25472,61600,0.0009592612,-1,-1
25473,61601,0.0009592106,-1,-1
25474,61602,0.0009594391,-1,-1
25475,61603,0.0009592787,-1,-1
25476,61604,0.0009603198,-1,-1
25477,61605,0.0009594587,-1,-1
25478,61606,0.0009602119,-1,-1
25479,61607,0.000959799,-1,-1
25480,61610,0.0009600549,-1,-1
25481,61611,0.0009598355,-1,-1
25482,61612,0.0009595128,-1,-1
25483,61613,0.0009598447,-1,-1
25484,61614,0.0009596967,-1,-1
25485,61615,0.0009599901,-1,-1
25486,61616,0.0009602755,-1,-1
25487,61617,0.0009600091,-1,-1
25488,61620,0.0009602168,-1,-1
25489,61621,0.0009601054,-1,-1
25490,61622,0.0009601229,-1,-1
25491,61623,0.0009604178,-1,-1
25492,61624,0.0009601908,-1,-1
25493,61625,0.0009604217,-1,-1
25494,61626,0.0009601078,-1,-1
25495,61627,0.0009600305,-1,-1
25496,61630,0.0009591485,-1,-1
25497,61631,0.000960099,-1,-1
25498,61632,0.0009600889,-1,-1
25499,61633,0.0009595674,-1,-1
25500,61634,0.0009598306,-1,-1
25501,61635,0.000959547,-1,-1
25502,61636,0.0009594947,-1,-1
25503,61637,0.0009598447,-1,-1
25504,61640,0.0009595486,-1,-1
25505,61641,0.0009590332,-1,-1
25506,61642,0.0009599872,-1,-1
25507,61643,0.0009601298,-1,-1
25508,61644,0.0009593188,-1,-1
25509,61645,0.0009592628,-1,-1
25510,61646,0.0009590735,-1,-1
25511,61647,0.0009596811,-1,-1
25512,61650,0.0009596341,-1,-1
25513,61651,0.0009602002,-1,-1
25514,61652,0.000959795,-1,-1
25515,61653,0.0009597316,-1,-1
25516,61654,0.0009596257,-1,-1
25517,61655,0.0009598084,-1,-1
25518,61656,0.0009594793,-1,-1
25519,61657,0.0009599796,-1,-1
25520,61660,0.0009596038,-1,-1
25521,61661,0.0009596663,-1,-1
25522,61662,0.0009602295,-1,-1
25523,61663,0.0009604194,-1,-1
25524,61664,0.0009600674,-1,-1
25525,61665,0.0009604057,-1,-1
25526,61666,0.0009596684,-1,-1
25527,61667,0.0009592513,-1,-1
25528,61670,0.000960273,-1,-1
25529,61671,0.000960208,-1,-1
25530,61672,0.0009605912,-1,-1
25531,61673,0.0009602945,-1,-1
25532,61674,0.0009604051,-1,-1
25533,61675,0.0009595351,-1,-1
25534,61676,0.0009602082,-1,-1
25535,61677,0.0009605004,-1,-1
25536,61700,0.0009600436,-1,-1
25537,61701,0.0009599854,-1,-1
25538,61702,0.0009593669,-1,-1
25539,61703,0.0009599923,-1,-1
25540,61704,0.000960745,-1,-1
25541,61705,0.0009601463,-1,-1
25542,61706,0.0009605848,-1,-1
25543,61707,0.000959777,-1,-1
25544,61710,0.0009604114,-1,-1
25545,61711,0.0009598181,-1,-1
25546,61712,0.0009605303,-1,-1
25547,61713,0.000960306,-1,-1
25548,61714,0.0009603546,-1,-1
25549,61715,0.0009597936,-1,-1
25550,61716,0.0009605182,-1,-1
25551,61717,0.0009611958,-1,-1
25552,61720,0.0009600352,-1,-1
25553,61721,0.000960023,-1,-1
25554,61722,0.0009606978,-1,-1
25555,61723,0.0009604389,-1,-1
25556,61724,0.0009605187,-1,-1
25557,61725,0.0009601006,-1,-1
25558,61726,0.0009596212,-1,-1
25559,61727,0.000960232,-1,-1
25560,61730,0.0009609597,-1,-1
25561,61731,0.0009606636,-1,-1
25562,61732,0.0009602888,-1,-1
25563,61733,0.0009595989,-1,-1
25564,61734,0.0009604446,-1,-1
25565,61735,0.0009598704,-1,-1
25566,61736,0.0009603278,-1,-1
25567,61737,0.0009602562,-1,-1
25568,61740,0.0009602937,-1,-1
25569,61741,0.0009606673,-1,-1
25570,61742,0.0009614224,-1,-1
25571,61743,0.0009609824,-1,-1
25572,61744,0.0009602631,-1,-1
25573,61745,0.0009602166,-1,-1
25574,61746,0.0009605539,-1,-1
25575,61747,0.0009606121,-1,-1
25576,61750,0.0009606774,-1,-1
25577,61751,0.0009611118,-1,-1
25578,61752,0.0009598281,-1,-1
25579,61753,0.0009602394,-1,-1
25580,61754,0.0009606464,-1,-1
25581,61755,0.0009599652,-1,-1
25582,61756,0.0009599704,-1,-1
25583,61757,0.0009599618,-1,-1
25584,61760,0.0009604891,-1,-1
25585,61761,0.0009598929,-1,-1
25586,61762,0.0009598049,-1,-1
25587,61763,0.0009602654,-1,-1
25588,61764,0.0009603162,-1,-1
25589,61765,0.0009604719,-1,-1
25590,61766,0.000960483,-1,-1
25591,61767,0.000960754,-1,-1
25592,61770,0.0009604607,-1,-1
25593,61771,0.0009604873,-1,-1
25594,61772,0.0009602617,-1,-1
25595,61773,0.0009600674,-1,-1
25596,61774,0.0009598843,-1,-1
25597,61775,0.0009599683,-1,-1
25598,61776,0.0009603819,-1,-1
25599,61777,0.0009598685,-1,-1
25600,62000,0.0009598888,-1,-1
25601,62001,0.0009600102,-1,-1
25602,62002,0.0009594609,-1,-1
25603,62003,0.0009597869,-1,-1
25604,62004,0.0009592153,-1,-1
25605,62005,0.0009589483,-1,-1
25606,62006,0.0009604071,-1,-1
25607,62007,0.0009591667,-1,-1
25608,62010,0.0009589098,-1,-1
25609,62011,0.0009600352,-1,-1
25610,62012,0.000959993,-1,-1
25611,62013,0.000959804,-1,-1
25612,62014,0.0009594178,-1,-1
25613,62015,0.0009598483,-1,-1
25614,62016,0.0009595296,-1,-1
25615,62017,0.0009593092,-1,-1
25616,62020,0.0009597662,-1,-1
25617,62021,0.0009599507,-1,-1
25618,62022,0.0009593815,-1,-1
25619,62023,0.0009596959,-1,-1
25620,62024,0.000959407,-1,-1
25621,62025,0.0009595141,-1,-1
25622,62026,0.000959628,-1,-1
25623,62027,0.0009591131,-1,-1
25624,62030,0.000959276,-1,-1
25625,62031,0.0009595706,-1,-1
25626,62032,0.0009592778,-1,-1
25627,62033,0.0009598527,-1,-1
25628,62034,0.0009596088,-1,-1
25629,62035,0.000960109,-1,-1
25630,62036,0.0009593635,-1,-1
25631,62037,0.0009602089,-1,-1
25632,62040,0.0009602119,-1,-1
25633,62041,0.0009599444,-1,-1
25634,62042,0.0009595964,-1,-1
25635,62043,0.0009596642,-1,-1
25636,62044,0.0009595726,-1,-1
25637,62045,0.0009596203,-1,-1
25638,62046,0.0009597606,-1,-1
25639,62047,0.0009599538,-1,-1
25640,62050,0.000959706,-1,-1
25641,62051,0.0009599522,-1,-1
25642,62052,0.0009600095,-1,-1
25643,62053,0.0009600167,-1,-1
25644,62054,0.0009599834,-1,-1
25645,62055,0.0009590593,-1,-1
25646,62056,0.0009600656,-1,-1
25647,62057,0.0009594947,-1,-1
25648,62060,0.000959358,-1,-1
25649,62061,0.0009599134,-1,-1
25650,62062,0.0009594609,-1,-1
25651,62063,0.0009594492,-1,-1
25652,62064,0.0009595176,-1,-1
25653,62065,0.0009598199,-1,-1
25654,62066,0.0009595964,-1,-1
25655,62067,0.0009596602,-1,-1
25656,62070,0.000959713,-1,-1
25657,62071,0.0009597447,-1,-1
25658,62072,0.0009599652,-1,-1
25659,62073,0.0009602255,-1,-1
25660,62074,0.0009603032,-1,-1
25661,62075,0.000959996,-1,-1
25662,62076,0.0009589469,-1,-1
25663,62077,0.000959663,-1,-1
25664,62100,0.0009594762,-1,-1
25665,62101,0.0009592818,-1,-1
25666,62102,0.0009595011,-1,-1
25667,62103,0.0009600004,-1,-1
25668,62104,0.0009599687,-1,-1
25669,62105,0.0009594125,-1,-1
25670,62106,0.000960124,-1,-1
25671,62107,0.0009594447,-1,-1
25672,62110,0.0009595007,-1,-1
25673,62111,0.0009594635,-1,-1
25674,62112,0.0009595035,-1,-1
25675,62113,0.0009598595,-1,-1
25676,62114,0.0009597149,-1,-1
25677,62115,0.0009596446,-1,-1
25678,62116,0.0009596042,-1,-1
25679,62117,0.0009595731,-1,-1
25680,62120,0.0009596494,-1,-1
25681,62121,0.0009599078,-1,-1
25682,62122,0.0009598607,-1,-1
25683,62123,0.0009600911,-1,-1
25684,62124,0.0009597766,-1,-1
25685,62125,0.000959788,-1,-1
25686,62126,0.0009592557,-1,-1
25687,62127,0.0009596717,-1,-1
25688,62130,0.0009589906,-1,-1
25689,62131,0.0009598802,-1,-1
25690,62132,0.0009593994,-1,-1
25691,62133,0.0009598242,-1,-1
25692,62134,0.000959349,-1,-1
25693,62135,0.0009597629,-1,-1
25694,62136,0.0009591613,-1,-1
25695,62137,0.0009599238,-1,-1
25696,62140,0.0009592267,-1,-1
25697,62141,0.0009598718,-1,-1
25698,62142,0.0009589355,-1,-1
25699,62143,0.0009600225,-1,-1
25700,62144,0.0009597867,-1,-1
25701,62145,0.0009601695,-1,-1
25702,62146,0.0009601131,-1,-1
25703,62147,0.0009597482,-1,-1
25704,62150,0.0009598483,-1,-1
25705,62151,0.0009596534,-1,-1
25706,62152,0.0009599735,-1,-1
25707,62153,0.0009604262,-1,-1
25708,62154,0.0009589483,-1,-1
25709,62155,0.0009592603,-1,-1
25710,62156,0.0009595338,-1,-1
25711,62157,0.000959911,-1,-1
25712,62160,0.0009599848,-1,-1
25713,62161,0.0009597616,-1,-1
25714,62162,0.0009595536,-1,-1
25715,62163,0.0009604492,-1,-1
25716,62164,0.0009594808,-1,-1
25717,62165,0.0009593006,-1,-1
25718,62166,0.0009597994,-1,-1
25719,62167,0.0009597266,-1,-1
25720,62170,0.0009592583,-1,-1
25721,62171,0.0009589567,-1,-1
25722,62172,0.00095882,-1,-1
25723,62173,0.0009596628,-1,-1
25724,62174,0.0009595987,-1,-1
25725,62175,0.0009597611,-1,-1
25726,62176,0.0009601469,-1,-1
25727,62177,0.0009594763,-1,-1
25728,62200,0.0009595401,-1,-1
25729,62201,0.0009595978,-1,-1
25730,62202,0.0009595291,-1,-1
25731,62203,0.0009597451,-1,-1
25732,62204,0.0009591205,-1,-1
25733,62205,0.0009590657,-1,-1
25734,62206,0.0009596401,-1,-1
25735,62207,0.0009595412,-1,-1
25736,62210,0.0009590209,-1,-1
25737,62211,0.0009589611,-1,-1
25738,62212,0.0009589053,-1,-1
25739,62213,0.0009592425,-1,-1
25740,62214,0.0009588411,-1,-1
25741,62215,0.0009588116,-1,-1
25742,62216,0.0009594127,-1,-1
25743,62217,0.0009591252,-1,-1
25744,62220,0.0009598572,-1,-1
25745,62221,0.0009596786,-1,-1
25746,62222,0.0009585951,-1,-1
25747,62223,0.0009590927,-1,-1
25748,62224,0.0009586576,-1,-1
25749,62225,0.0009594976,-1,-1
25750,62226,0.000959034,-1,-1
25751,62227,0.0009590276,-1,-1
25752,62230,0.0009589077,-1,-1
25753,62231,0.0009591507,-1,-1
25754,62232,0.0009596987,-1,-1
25755,62233,0.0009593026,-1,-1
25756,62234,0.0009594525,-1,-1
25757,62235,0.0009590504,-1,-1
25758,62236,0.0009596655,-1,-1
25759,62237,0.0009595248,-1,-1
25760,62240,0.0009594814,-1,-1
25761,62241,0.0009595669,-1,-1
25762,62242,0.0009587351,-1,-1
25763,62243,0.0009598593,-1,-1
25764,62244,0.0009600783,-1,-1
25765,62245,0.0009592448,-1,-1
25766,62246,0.0009595794,-1,-1
25767,62247,0.0009588259,-1,-1
25768,62250,0.0009598678,-1,-1
25769,62251,0.0009596904,-1,-1
25770,62252,0.0009589806,-1,-1
25771,62253,0.0009590191,-1,-1
25772,62254,0.0009599233,-1,-1
25773,62255,0.0009588032,-1,-1
25774,62256,0.0009592554,-1,-1
25775,62257,0.0009587198,-1,-1
25776,62260,0.0009593631,-1,-1
25777,62261,0.0009590964,-1,-1
25778,62262,0.0009596251,-1,-1
25779,62263,0.0009593248,-1,-1
25780,62264,0.0009595462,-1,-1
25781,62265,0.0009594695,-1,-1
25782,62266,0.000959227,-1,-1
25783,62267,0.0009590524,-1,-1
25784,62270,0.0009591327,-1,-1
25785,62271,0.0009594818,-1,-1
25786,62272,0.0009595936,-1,-1
25787,62273,0.0009594937,-1,-1
25788,62274,0.000959171,-1,-1
25789,62275,0.0009597042,-1,-1
25790,62276,0.0009592543,-1,-1
25791,62277,0.0009581272,-1,-1
25792,62300,0.0009591796,-1,-1
25793,62301,0.0009596001,-1,-1
25794,62302,0.0009596899,-1,-1
25795,62303,0.0009591386,-1,-1
25796,62304,0.0009592025,-1,-1
25797,62305,0.0009599894,-1,-1
25798,62306,0.0009600352,-1,-1
25799,62307,0.000960002,-1,-1
25800,62310,0.0009595103,-1,-1
25801,62311,0.0009596416,-1,-1
25802,62312,0.0009598615,-1,-1
25803,62313,0.0009598747,-1,-1
25804,62314,0.000959465,-1,-1
25805,62315,0.0009598115,-1,-1
25806,62316,0.0009603361,-1,-1
25807,62317,0.0009598601,-1,-1
25808,62320,0.000960182,-1,-1
25809,62321,0.0009595522,-1,-1
25810,62322,0.0009597283,-1,-1
25811,62323,0.0009599768,-1,-1
25812,62324,0.0009596816,-1,-1
25813,62325,0.0009589897,-1,-1
25814,62326,0.0009591279,-1,-1
25815,62327,0.0009588679,-1,-1
25816,62330,0.0009592497,-1,-1
25817,62331,0.0009590972,-1,-1
25818,62332,0.000959715,-1,-1
25819,62333,0.0009590379,-1,-1
25820,62334,0.0009592153,-1,-1
25821,62335,0.0009592276,-1,-1
25822,62336,0.0009595915,-1,-1
25823,62337,0.000959349,-1,-1
25824,62340,0.0009590752,-1,-1
25825,62341,0.0009591769,-1,-1
25826,62342,0.0009591749,-1,-1
25827,62343,0.0009595138,-1,-1
25828,62344,0.0009594263,-1,-1
25829,62345,0.0009589323,-1,-1
25830,62346,0.0009600266,-1,-1
25831,62347,0.0009597172,-1,-1
25832,62350,0.0009594458,-1,-1
25833,62351,0.000960017,-1,-1
25834,62352,0.0009603321,-1,-1
25835,62353,0.0009592469,-1,-1
25836,62354,0.0009595309,-1,-1
25837,62355,0.0009601598,-1,-1
25838,62356,0.0009597775,-1,-1
25839,62357,0.0009600493,-1,-1
25840,62360,0.0009600017,-1,-1
25841,62361,0.0009597393,-1,-1
25842,62362,0.0009599061,-1,-1
25843,62363,0.0009601334,-1,-1
25844,62364,0.0009594549,-1,-1
25845,62365,0.0009605836,-1,-1
25846,62366,0.0009594035,-1,-1
25847,62367,0.0009598089,-1,-1
25848,62370,0.0009588331,-1,-1
25849,62371,0.0009588679,-1,-1
25850,62372,0.0009592868,-1,-1
25851,62373,0.0009595262,-1,-1
25852,62374,0.0009599708,-1,-1
25853,62375,0.0009587644,-1,-1
25854,62376,0.0009594228,-1,-1
25855,62377,0.0009587724,-1,-1
25856,62400,0.0009599025,-1,-1
25857,62401,0.0009592086,-1,-1
25858,62402,0.0009592108,-1,-1
25859,62403,0.0009591632,-1,-1
25860,62404,0.0009588538,-1,-1
25861,62405,0.0009595265,-1,-1
25862,62406,0.0009595378,-1,-1
25863,62407,0.0009591007,-1,-1
25864,62410,0.0009592336,-1,-1
25865,62411,0.00095857,-1,-1
25866,62412,0.000959041,-1,-1
25867,62413,0.0009590451,-1,-1
25868,62414,0.0009590812,-1,-1
25869,62415,0.0009587726,-1,-1
25870,62416,0.000958984,-1,-1
25871,62417,0.0009587951,-1,-1
25872,62420,0.0009593656,-1,-1
25873,62421,0.0009584759,-1,-1
25874,62422,0.0009589512,-1,-1
25875,62423,0.0009588587,-1,-1
25876,62424,0.0009588029,-1,-1
25877,62425,0.0009586231,-1,-1
25878,62426,0.0009585424,-1,-1
25879,62427,0.0009587023,-1,-1
25880,62430,0.0009585785,-1,-1
25881,62431,0.0009587693,-1,-1
25882,62432,0.0009581652,-1,-1
25883,62433,0.0009586459,-1,-1
25884,62434,0.0009589678,-1,-1
25885,62435,0.0009591226,-1,-1
25886,62436,0.0009589082,-1,-1
25887,62437,0.0009591436,-1,-1
25888,62440,0.0009596717,-1,-1
25889,62441,0.0009589018,-1,-1
25890,62442,0.0009596088,-1,-1
25891,62443,0.0009593649,-1,-1
25892,62444,0.0009590752,-1,-1
25893,62445,0.0009593822,-1,-1
25894,62446,0.0009588926,-1,-1
25895,62447,0.0009601723,-1,-1
25896,62450,0.0009593598,-1,-1
25897,62451,0.0009590972,-1,-1
25898,62452,0.0009592001,-1,-1
25899,62453,0.000959204,-1,-1
25900,62454,0.0009589242,-1,-1
25901,62455,0.0009596692,-1,-1
25902,62456,0.0009594619,-1,-1
25903,62457,0.000959448,-1,-1
25904,62460,0.0009589561,-1,-1
25905,62461,0.0009594949,-1,-1
25906,62462,0.0009597008,-1,-1
25907,62463,0.0009592528,-1,-1
25908,62464,0.0009587836,-1,-1
25909,62465,0.0009589205,-1,-1
25910,62466,0.000958855,-1,-1
25911,62467,0.000959032,-1,-1
25912,62470,0.0009577803,-1,-1
25913,62471,0.0009577885,-1,-1
25914,62472,0.0009582371,-1,-1
25915,62473,0.0009581422,-1,-1
25916,62474,0.0009579025,-1,-1
25917,62475,0.0009584983,-1,-1
25918,62476,0.0009587609,-1,-1
25919,62477,0.0009590324,-1,-1
25920,62500,0.0009593403,-1,-1
25921,62501,0.0009588741,-1,-1
25922,62502,0.0009595326,-1,-1
25923,62503,0.000959362,-1,-1
25924,62504,0.0009595728,-1,-1
25925,62505,0.0009603314,-1,-1
25926,62506,0.0009599274,-1,-1
25927,62507,0.0009599825,-1,-1
25928,62510,0.0009595191,-1,-1
25929,62511,0.0009598221,-1,-1
25930,62512,0.0009597275,-1,-1
25931,62513,0.0009592177,-1,-1
25932,62514,0.0009596946,-1,-1
25933,62515,0.0009596599,-1,-1
25934,62516,0.0009598075,-1,-1
25935,62517,0.0009592646,-1,-1
25936,62520,0.0009599866,-1,-1
25937,62521,0.0009594077,-1,-1
25938,62522,0.0009592567,-1,-1
25939,62523,0.0009597358,-1,-1
25940,62524,0.0009589528,-1,-1
25941,62525,0.0009597756,-1,-1
25942,62526,0.000959831,-1,-1
25943,62527,0.0009599396,-1,-1
25944,62530,0.0009593479,-1,-1
25945,62531,0.000958961,-1,-1
25946,62532,0.0009600288,-1,-1
25947,62533,0.000959087,-1,-1
25948,62534,0.0009585042,-1,-1
25949,62535,0.0009593485,-1,-1
25950,62536,0.0009591418,-1,-1
25951,62537,0.0009592973,-1,-1
25952,62540,0.000958404,-1,-1
25953,62541,0.0009589881,-1,-1
25954,62542,0.0009586181,-1,-1
25955,62543,0.0009595478,-1,-1
25956,62544,0.000959243,-1,-1
25957,62545,0.0009591425,-1,-1
25958,62546,0.0009593558,-1,-1
25959,62547,0.000959283,-1,-1
25960,62550,0.0009599462,-1,-1
25961,62551,0.0009596337,-1,-1
25962,62552,0.0009596643,-1,-1
25963,62553,0.0009600158,-1,-1
25964,62554,0.0009595449,-1,-1
25965,62555,0.0009599708,-1,-1
25966,62556,0.0009597847,-1,-1
25967,62557,0.0009596706,-1,-1
25968,62560,0.0009593053,-1,-1
25969,62561,0.0009597916,-1,-1
25970,62562,0.0009596449,-1,-1
25971,62563,0.0009600138,-1,-1
25972,62564,0.000959556,-1,-1
25973,62565,0.0009600737,-1,-1
25974,62566,0.0009603727,-1,-1
25975,62567,0.0009604926,-1,-1
25976,62570,0.0009594547,-1,-1
25977,62571,0.0009601297,-1,-1
25978,62572,0.0009603743,-1,-1
25979,62573,0.0009600058,-1,-1
25980,62574,0.0009601441,-1,-1
25981,62575,0.0009598859,-1,-1
25982,62576,0.0009592962,-1,-1
25983,62577,0.0009595458,-1,-1
25984,62600,0.0009600926,-1,-1
25985,62601,0.0009598043,-1,-1
25986,62602,0.0009598948,-1,-1
25987,62603,0.0009587539,-1,-1
25988,62604,0.0009589926,-1,-1
25989,62605,0.0009594767,-1,-1
25990,62606,0.0009593785,-1,-1
25991,62607,0.00095948,-1,-1
25992,62610,0.0009586666,-1,-1
25993,62611,0.0009583474,-1,-1
25994,62612,0.0009595409,-1,-1
25995,62613,0.000959076,-1,-1
25996,62614,0.0009590787,-1,-1
25997,62615,0.000959203,-1,-1
25998,62616,0.0009597994,-1,-1
25999,62617,0.0009597408,-1,-1
26000,62620,0.0009600141,-1,-1
26001,62621,0.0009593342,-1,-1
26002,62622,0.0009605492,-1,-1
26003,62623,0.0009607521,-1,-1
26004,62624,0.0009599731,-1,-1
26005,62625,0.0009602021,-1,-1
26006,62626,0.0009598656,-1,-1
26007,62627,0.000960139,-1,-1
26008,62630,0.0009596981,-1,-1
26009,62631,0.0009588987,-1,-1
26010,62632,0.0009591464,-1,-1
26011,62633,0.0009586797,-1,-1
26012,62634,0.0009589733,-1,-1
26013,62635,0.0009588969,-1,-1
26014,62636,0.0009591181,-1,-1
26015,62637,0.0009591853,-1,-1
26016,62640,0.000958911,-1,-1
26017,62641,0.0009589978,-1,-1
26018,62642,0.0009592118,-1,-1
26019,62643,0.0009595656,-1,-1
26020,62644,0.0009593338,-1,-1
26021,62645,0.0009597603,-1,-1
26022,62646,0.0009594027,-1,-1
26023,62647,0.0009595714,-1,-1
26024,62650,0.0009595412,-1,-1
26025,62651,0.0009595078,-1,-1
26026,62652,0.0009600489,-1,-1
26027,62653,0.0009593975,-1,-1
26028,62654,0.0009593422,-1,-1
26029,62655,0.0009594009,-1,-1
26030,62656,0.0009590338,-1,-1
26031,62657,0.000959571,-1,-1
26032,62660,0.0009598333,-1,-1
26033,62661,0.0009593072,-1,-1
26034,62662,0.0009593759,-1,-1
26035,62663,0.0009596251,-1,-1
26036,62664,0.0009592579,-1,-1
26037,62665,0.0009592868,-1,-1
26038,62666,0.0009595898,-1,-1
26039,62667,0.0009591445,-1,-1
26040,62670,0.000959392,-1,-1
26041,62671,0.000959415,-1,-1
26042,62672,0.0009596494,-1,-1
26043,62673,0.0009589219,-1,-1
26044,62674,0.0009592397,-1,-1
26045,62675,0.0009598106,-1,-1
26046,62676,0.000959246,-1,-1
26047,62677,0.0009590035,-1,-1
26048,62700,0.0009594776,-1,-1
26049,62701,0.000959509,-1,-1
26050,62702,0.0009604143,-1,-1
26051,62703,0.0009594428,-1,-1
26052,62704,0.0009598753,-1,-1
26053,62705,0.0009609439,-1,-1
26054,62706,0.0009597453,-1,-1
26055,62707,0.0009599079,-1,-1
26056,62710,0.0009595837,-1,-1
26057,62711,0.0009596735,-1,-1
26058,62712,0.0009594033,-1,-1
26059,62713,0.0009595084,-1,-1
26060,62714,0.0009596527,-1,-1
26061,62715,0.0009592178,-1,-1
26062,62716,0.0009597614,-1,-1
26063,62717,0.0009595511,-1,-1
26064,62720,0.0009593815,-1,-1
26065,62721,0.000958982,-1,-1
26066,62722,0.0009595943,-1,-1
26067,62723,0.0009593898,-1,-1
26068,62724,0.000959948,-1,-1
26069,62725,0.000959768,-1,-1
26070,62726,0.0009593918,-1,-1
26071,62727,0.0009595802,-1,-1
26072,62730,0.0009589781,-1,-1
26073,62731,0.0009589288,-1,-1
26074,62732,0.0009595497,-1,-1
26075,62733,0.000959433,-1,-1
26076,62734,0.0009587088,-1,-1
26077,62735,0.0009599391,-1,-1
26078,62736,0.0009598989,-1,-1
26079,62737,0.0009593551,-1,-1
26080,62740,0.0009599139,-1,-1
26081,62741,0.0009596124,-1,-1
26082,62742,0.000959955,-1,-1
26083,62743,0.0009590847,-1,-1
26084,62744,0.0009594972,-1,-1
26085,62745,0.00095981,-1,-1
26086,62746,0.0009588638,-1,-1
26087,62747,0.0009599323,-1,-1
26088,62750,0.0009592032,-1,-1
26089,62751,0.0009591085,-1,-1
26090,62752,0.0009597215,-1,-1
26091,62753,0.0009591593,-1,-1
26092,62754,0.0009589375,-1,-1
26093,62755,0.0009588555,-1,-1
26094,62756,0.000959312,-1,-1
26095,62757,0.0009590175,-1,-1
26096,62760,0.0009597939,-1,-1
26097,62761,0.0009595978,-1,-1
26098,62762,0.0009596113,-1,-1
26099,62763,0.0009593664,-1,-1
26100,62764,0.0009590845,-1,-1
26101,62765,0.0009595651,-1,-1
26102,62766,0.0009597372,-1,-1
26103,62767,0.0009593325,-1,-1
26104,62770,0.0009596702,-1,-1
26105,62771,0.0009599961,-1,-1
26106,62772,0.0009597152,-1,-1
26107,62773,0.0009598437,-1,-1
26108,62774,0.000959799,-1,-1
26109,62775,0.00096001,-1,-1
26110,62776,0.0009588983,-1,-1
26111,62777,0.0009601043,-1,-1
26112,63000,0.0009598364,-1,-1
26113,63001,0.0009598765,-1,-1
26114,63002,0.0009592493,-1,-1
26115,63003,0.0009600575,-1,-1
26116,63004,0.0009594343,-1,-1
26117,63005,0.0009585494,-1,-1
26118,63006,0.0009587185,-1,-1
26119,63007,0.0009594277,-1,-1
26120,63010,0.0009594248,-1,-1
26121,63011,0.0009594461,-1,-1
26122,63012,0.0009593629,-1,-1
26123,63013,0.000958309,-1,-1
26124,63014,0.0009592017,-1,-1
26125,63015,0.0009592457,-1,-1
26126,63016,0.0009591074,-1,-1
26127,63017,0.0009594507,-1,-1
26128,63020,0.0009588585,-1,-1
26129,63021,0.0009595964,-1,-1
26130,63022,0.0009595905,-1,-1
26131,63023,0.0009596075,-1,-1
26132,63024,0.0009599852,-1,-1
26133,63025,0.0009593264,-1,-1
26134,63026,0.0009585489,-1,-1
26135,63027,0.0009589528,-1,-1
26136,63030,0.000958848,-1,-1
26137,63031,0.0009584027,-1,-1
26138,63032,0.0009589039,-1,-1
26139,63033,0.0009586244,-1,-1
26140,63034,0.0009589006,-1,-1
26141,63035,0.0009583351,-1,-1
26142,63036,0.000958859,-1,-1
26143,63037,0.0009593272,-1,-1
26144,63040,0.0009582742,-1,-1
26145,63041,0.00095877,-1,-1
26146,63042,0.0009589116,-1,-1
26147,63043,0.0009585805,-1,-1
26148,63044,0.0009582741,-1,-1
26149,63045,0.0009585342,-1,-1
26150,63046,0.000958505,-1,-1
26151,63047,0.0009580251,-1,-1
26152,63050,0.0009589003,-1,-1
26153,63051,0.0009585028,-1,-1
26154,63052,0.0009581358,-1,-1
26155,63053,0.0009583966,-1,-1
26156,63054,0.0009581348,-1,-1
26157,63055,0.0009586761,-1,-1
26158,63056,0.0009579184,-1,-1
26159,63057,0.0009581969,-1,-1
26160,63060,0.0009588341,-1,-1
26161,63061,0.0009587599,-1,-1
26162,63062,0.0009581715,-1,-1
26163,63063,0.0009579379,-1,-1
26164,63064,0.0009581182,-1,-1
26165,63065,0.0009581966,-1,-1
26166,63066,0.0009582377,-1,-1
26167,63067,0.0009579703,-1,-1
26168,63070,0.0009582679,-1,-1
26169,63071,0.0009577152,-1,-1
26170,63072,0.0009579689,-1,-1
26171,63073,0.0009580991,-1,-1
26172,63074,0.0009580126,-1,-1
26173,63075,0.0009584315,-1,-1
26174,63076,0.0009579367,-1,-1
26175,63077,0.0009579415,-1,-1
26176,63100,0.0009577461,-1,-1
26177,63101,0.0009573557,-1,-1
26178,63102,0.000958395,-1,-1
26179,63103,0.0009574436,-1,-1
26180,63104,0.0009582152,-1,-1
26181,63105,0.000957233,-1,-1
26182,63106,0.0009579363,-1,-1
26183,63107,0.0009585196,-1,-1
26184,63110,0.0009579262,-1,-1
26185,63111,0.0009573481,-1,-1
26186,63112,0.000957131,-1,-1
26187,63113,0.0009579872,-1,-1
26188,63114,0.0009574383,-1,-1
26189,63115,0.0009571952,-1,-1
26190,63116,0.0009577406,-1,-1
26191,63117,0.0009576511,-1,-1
26192,63120,0.0009581425,-1,-1
26193,63121,0.0009581245,-1,-1
26194,63122,0.000957742,-1,-1
26195,63123,0.000958476,-1,-1
26196,63124,0.0009577356,-1,-1
26197,63125,0.0009582037,-1,-1
26198,63126,0.0009583285,-1,-1
26199,63127,0.0009581312,-1,-1
26200,63130,0.000957776,-1,-1
26201,63131,0.0009579607,-1,-1
26202,63132,0.0009587476,-1,-1
26203,63133,0.0009582018,-1,-1
26204,63134,0.0009582955,-1,-1
26205,63135,0.0009577759,-1,-1
26206,63136,0.0009576399,-1,-1
26207,63137,0.0009581727,-1,-1
26208,63140,0.000957662,-1,-1
26209,63141,0.0009576171,-1,-1
26210,63142,0.0009580206,-1,-1
26211,63143,0.0009579778,-1,-1
26212,63144,0.000958128,-1,-1
26213,63145,0.0009580251,-1,-1
26214,63146,0.000957897,-1,-1
26215,63147,0.000958634,-1,-1
26216,63150,0.0009574369,-1,-1
26217,63151,0.000957569,-1,-1
26218,63152,0.0009576538,-1,-1
26219,63153,0.0009580942,-1,-1
26220,63154,0.000958092,-1,-1
26221,63155,0.0009582976,-1,-1
26222,63156,0.0009575865,-1,-1
26223,63157,0.0009583193,-1,-1
26224,63160,0.0009576561,-1,-1
26225,63161,0.0009576279,-1,-1
26226,63162,0.0009581643,-1,-1
26227,63163,0.000957197,-1,-1
26228,63164,0.0009577506,-1,-1
26229,63165,0.0009584528,-1,-1
26230,63166,0.000957175,-1,-1
26231,63167,0.0009581342,-1,-1
26232,63170,0.0009570778,-1,-1
26233,63171,0.000957598,-1,-1
26234,63172,0.0009577331,-1,-1
26235,63173,0.000958307,-1,-1
26236,63174,0.0009580784,-1,-1
26237,63175,0.0009576751,-1,-1
26238,63176,0.0009581362,-1,-1
26239,63177,0.0009573282,-1,-1
26240,63200,0.0009580083,-1,-1
26241,63201,0.0009576005,-1,-1
26242,63202,0.0009576759,-1,-1
26243,63203,0.0009580831,-1,-1
26244,63204,0.0009571069,-1,-1
26245,63205,0.0009573002,-1,-1
26246,63206,0.000958047,-1,-1
26247,63207,0.000957499,-1,-1
26248,63210,0.0009577012,-1,-1
26249,63211,0.00095715,-1,-1
26250,63212,0.0009579005,-1,-1
26251,63213,0.0009578578,-1,-1
26252,63214,0.0009578633,-1,-1
26253,63215,0.0009580526,-1,-1
26254,63216,0.0009582883,-1,-1
26255,63217,0.0009574393,-1,-1
26256,63220,0.0009572516,-1,-1
26257,63221,0.0009575037,-1,-1
26258,63222,0.0009570706,-1,-1
26259,63223,0.0009578781,-1,-1
26260,63224,0.000957443,-1,-1
26261,63225,0.0009577981,-1,-1
26262,63226,0.0009582349,-1,-1
26263,63227,0.0009572941,-1,-1
26264,63230,0.0009581043,-1,-1
26265,63231,0.0009573573,-1,-1
26266,63232,0.0009570697,-1,-1
26267,63233,0.0009577065,-1,-1
26268,63234,0.0009576902,-1,-1
26269,63235,0.0009574129,-1,-1
26270,63236,0.0009585606,-1,-1
26271,63237,0.0009580575,-1,-1
26272,63240,0.0009580856,-1,-1
26273,63241,0.0009578301,-1,-1
26274,63242,0.0009576585,-1,-1
26275,63243,0.0009581518,-1,-1
26276,63244,0.0009577325,-1,-1
26277,63245,0.000957622,-1,-1
26278,63246,0.0009580591,-1,-1
26279,63247,0.0009573607,-1,-1
26280,63250,0.0009584007,-1,-1
26281,63251,0.0009581494,-1,-1
26282,63252,0.0009579321,-1,-1
26283,63253,0.0009580514,-1,-1
26284,63254,0.0009582595,-1,-1
26285,63255,0.000958393,-1,-1
26286,63256,0.0009581437,-1,-1
26287,63257,0.0009580138,-1,-1
26288,63260,0.0009580655,-1,-1
26289,63261,0.0009582569,-1,-1
26290,63262,0.0009580564,-1,-1
26291,63263,0.0009584491,-1,-1
26292,63264,0.0009579939,-1,-1
26293,63265,0.000957876,-1,-1
26294,63266,0.0009586466,-1,-1
26295,63267,0.0009579762,-1,-1
26296,63270,0.000957901,-1,-1
26297,63271,0.0009585044,-1,-1
26298,63272,0.000957704,-1,-1
26299,63273,0.0009583245,-1,-1
26300,63274,0.0009578062,-1,-1
26301,63275,0.00095848,-1,-1
26302,63276,0.0009582176,-1,-1
26303,63277,0.0009581068,-1,-1
26304,63300,0.0009586068,-1,-1
26305,63301,0.0009582211,-1,-1
26306,63302,0.0009584731,-1,-1
26307,63303,0.0009585032,-1,-1
26308,63304,0.0009577858,-1,-1
26309,63305,0.0009583357,-1,-1
26310,63306,0.0009590225,-1,-1
26311,63307,0.0009581975,-1,-1
26312,63310,0.0009589017,-1,-1
26313,63311,0.0009587433,-1,-1
26314,63312,0.0009585594,-1,-1
26315,63313,0.0009584409,-1,-1
26316,63314,0.000958281,-1,-1
26317,63315,0.0009581984,-1,-1
26318,63316,0.0009586957,-1,-1
26319,63317,0.0009582209,-1,-1
26320,63320,0.0009587966,-1,-1
26321,63321,0.0009582756,-1,-1
26322,63322,0.0009583984,-1,-1
26323,63323,0.0009578964,-1,-1
26324,63324,0.0009578348,-1,-1
26325,63325,0.0009580897,-1,-1
26326,63326,0.0009582687,-1,-1
26327,63327,0.0009582701,-1,-1
26328,63330,0.0009581397,-1,-1
26329,63331,0.0009592839,-1,-1
26330,63332,0.0009590416,-1,-1
26331,63333,0.0009585231,-1,-1
26332,63334,0.0009582773,-1,-1
26333,63335,0.0009585801,-1,-1
26334,63336,0.0009582015,-1,-1
26335,63337,0.0009582064,-1,-1
26336,63340,0.0009582246,-1,-1
26337,63341,0.0009578723,-1,-1
26338,63342,0.0009583576,-1,-1
26339,63343,0.0009581223,-1,-1
26340,63344,0.0009579622,-1,-1
26341,63345,0.0009580341,-1,-1
26342,63346,0.0009584071,-1,-1
26343,63347,0.0009581612,-1,-1
26344,63350,0.0009583607,-1,-1
26345,63351,0.0009582692,-1,-1
26346,63352,0.0009578699,-1,-1
26347,63353,0.0009586594,-1,-1
26348,63354,0.0009585135,-1,-1
26349,63355,0.0009586826,-1,-1
26350,63356,0.0009579021,-1,-1
26351,63357,0.0009581299,-1,-1
26352,63360,0.0009581428,-1,-1
26353,63361,0.000958559,-1,-1
26354,63362,0.0009584996,-1,-1
26355,63363,0.0009581764,-1,-1
26356,63364,0.0009580493,-1,-1
26357,63365,0.0009578124,-1,-1
26358,63366,0.0009578736,-1,-1
26359,63367,0.0009581356,-1,-1
26360,63370,0.0009582217,-1,-1
26361,63371,0.0009581773,-1,-1
26362,63372,0.0009575361,-1,-1
26363,63373,0.0009574574,-1,-1
26364,63374,0.0009576776,-1,-1
26365,63375,0.0009583057,-1,-1
26366,63376,0.0009574455,-1,-1
26367,63377,0.0009576558,-1,-1
26368,63400,0.0009576259,-1,-1
26369,63401,0.0009572978,-1,-1
26370,63402,0.0009574442,-1,-1
26371,63403,0.0009583218,-1,-1
26372,63404,0.0009587033,-1,-1
26373,63405,0.0009582412,-1,-1
26374,63406,0.0009578237,-1,-1
26375,63407,0.0009578886,-1,-1
26376,63410,0.0009579935,-1,-1
26377,63411,0.0009582943,-1,-1
26378,63412,0.0009584959,-1,-1
26379,63413,0.0009577733,-1,-1
26380,63414,0.0009581827,-1,-1
26381,63415,0.0009580632,-1,-1
26382,63416,0.0009586092,-1,-1
26383,63417,0.0009581827,-1,-1
26384,63420,0.0009582983,-1,-1
26385,63421,0.0009584827,-1,-1
26386,63422,0.0009577114,-1,-1
26387,63423,0.0009590623,-1,-1
26388,63424,0.0009579345,-1,-1
26389,63425,0.0009583773,-1,-1
26390,63426,0.0009582402,-1,-1
26391,63427,0.0009582072,-1,-1
26392,63430,0.0009578162,-1,-1
26393,63431,0.0009579357,-1,-1
26394,63432,0.0009576124,-1,-1
26395,63433,0.0009578996,-1,-1
26396,63434,0.0009577235,-1,-1
26397,63435,0.0009580882,-1,-1
26398,63436,0.0009578902,-1,-1
26399,63437,0.0009581551,-1,-1
26400,63440,0.0009582356,-1,-1
26401,63441,0.0009583121,-1,-1
26402,63442,0.0009580712,-1,-1
26403,63443,0.0009579249,-1,-1
26404,63444,0.0009575324,-1,-1
26405,63445,0.000957792,-1,-1
26406,63446,0.0009585614,-1,-1
26407,63447,0.0009581678,-1,-1
26408,63450,0.0009577108,-1,-1
26409,63451,0.000958122,-1,-1
26410,63452,0.0009573731,-1,-1
26411,63453,0.0009578625,-1,-1
26412,63454,0.0009579865,-1,-1
26413,63455,0.0009584717,-1,-1
26414,63456,0.0009581825,-1,-1
26415,63457,0.0009582037,-1,-1
26416,63460,0.000957696,-1,-1
26417,63461,0.0009582289,-1,-1
26418,63462,0.0009573789,-1,-1
26419,63463,0.0009583234,-1,-1
26420,63464,0.0009580163,-1,-1
26421,63465,0.0009581057,-1,-1
26422,63466,0.0009580647,-1,-1
26423,63467,0.0009579182,-1,-1
26424,63470,0.0009581161,-1,-1
26425,63471,0.0009572433,-1,-1
26426,63472,0.0009579361,-1,-1
26427,63473,0.0009575818,-1,-1
26428,63474,0.0009583441,-1,-1
26429,63475,0.0009581282,-1,-1
26430,63476,0.0009583427,-1,-1
26431,63477,0.0009578197,-1,-1
26432,63500,0.0009586703,-1,-1
26433,63501,0.0009589096,-1,-1
26434,63502,0.0009582101,-1,-1
26435,63503,0.000957901,-1,-1
26436,63504,0.0009584069,-1,-1
26437,63505,0.000958766,-1,-1
26438,63506,0.0009576345,-1,-1
26439,63507,0.0009575515,-1,-1
26440,63510,0.0009582558,-1,-1
26441,63511,0.0009585852,-1,-1
26442,63512,0.0009575029,-1,-1
26443,63513,0.0009581661,-1,-1
26444,63514,0.000958089,-1,-1
26445,63515,0.0009577412,-1,-1
26446,63516,0.000958056,-1,-1
26447,63517,0.0009576819,-1,-1
26448,63520,0.0009581961,-1,-1
26449,63521,0.0009571252,-1,-1
26450,63522,0.0009577639,-1,-1
26451,63523,0.0009577468,-1,-1
26452,63524,0.0009574223,-1,-1
26453,63525,0.0009581559,-1,-1
26454,63526,0.0009582952,-1,-1
26455,63527,0.0009579318,-1,-1
26456,63530,0.0009584486,-1,-1
26457,63531,0.0009578976,-1,-1
26458,63532,0.0009572012,-1,-1
26459,63533,0.000958277,-1,-1
26460,63534,0.0009578314,-1,-1
26461,63535,0.0009582703,-1,-1
26462,63536,0.0009579406,-1,-1
26463,63537,0.0009582238,-1,-1
26464,63540,0.0009576653,-1,-1
26465,63541,0.0009573846,-1,-1
26466,63542,0.0009582752,-1,-1
26467,63543,0.0009576622,-1,-1
26468,63544,0.0009577684,-1,-1
26469,63545,0.000958486,-1,-1
26470,63546,0.0009583189,-1,-1
26471,63547,0.0009572277,-1,-1
26472,63550,0.000958635,-1,-1
26473,63551,0.0009580933,-1,-1
26474,63552,0.0009577526,-1,-1
26475,63553,0.0009579252,-1,-1
26476,63554,0.0009582515,-1,-1
26477,63555,0.0009580452,-1,-1
26478,63556,0.000957556,-1,-1
26479,63557,0.0009573005,-1,-1
26480,63560,0.0009580048,-1,-1
26481,63561,0.0009584052,-1,-1
26482,63562,0.0009575269,-1,-1
26483,63563,0.000957548,-1,-1
26484,63564,0.0009576644,-1,-1
26485,63565,0.0009584921,-1,-1
26486,63566,0.0009577952,-1,-1
26487,63567,0.0009570776,-1,-1
26488,63570,0.0009579156,-1,-1
26489,63571,0.0009581632,-1,-1
26490,63572,0.0009575103,-1,-1
26491,63573,0.0009573967,-1,-1
26492,63574,0.0009580099,-1,-1
26493,63575,0.0009577434,-1,-1
26494,63576,0.0009567371,-1,-1
26495,63577,0.0009567445,-1,-1
26496,63600,0.0009579352,-1,-1
26497,63601,0.0009578151,-1,-1
26498,63602,0.0009575065,-1,-1
26499,63603,0.0009572458,-1,-1
26500,63604,0.0009585383,-1,-1
26501,63605,0.0009581018,-1,-1
26502,63606,0.0009572572,-1,-1
26503,63607,0.000956977,-1,-1
26504,63610,0.000957351,-1,-1
26505,63611,0.0009577704,-1,-1
26506,63612,0.000957728,-1,-1
26507,63613,0.0009576317,-1,-1
26508,63614,0.0009569226,-1,-1
26509,63615,0.0009564916,-1,-1
26510,63616,0.0009573372,-1,-1
26511,63617,0.0009573788,-1,-1
26512,63620,0.0009575739,-1,-1
26513,63621,0.0009574315,-1,-1
26514,63622,0.0009574055,-1,-1
26515,63623,0.0009573051,-1,-1
26516,63624,0.0009578154,-1,-1
26517,63625,0.0009580413,-1,-1
26518,63626,0.0009579185,-1,-1
26519,63627,0.0009571253,-1,-1
26520,63630,0.0009573413,-1,-1
26521,63631,0.0009571382,-1,-1
26522,63632,0.0009576646,-1,-1
26523,63633,0.0009572981,-1,-1
26524,63634,0.000957027,-1,-1
26525,63635,0.0009572681,-1,-1
26526,63636,0.0009575879,-1,-1
26527,63637,0.0009569376,-1,-1
26528,63640,0.0009579568,-1,-1
26529,63641,0.0009573179,-1,-1
26530,63642,0.0009578459,-1,-1
26531,63643,0.0009572787,-1,-1
26532,63644,0.0009573994,-1,-1
26533,63645,0.0009573345,-1,-1
26534,63646,0.0009570724,-1,-1
26535,63647,0.0009574168,-1,-1
26536,63650,0.0009574504,-1,-1
26537,63651,0.0009577198,-1,-1
26538,63652,0.0009569597,-1,-1
26539,63653,0.0009572792,-1,-1
26540,63654,0.0009571356,-1,-1
26541,63655,0.0009570166,-1,-1
26542,63656,0.000957933,-1,-1
26543,63657,0.0009576082,-1,-1
26544,63660,0.0009582215,-1,-1
26545,63661,0.0009573954,-1,-1
26546,63662,0.000957711,-1,-1
26547,63663,0.0009570971,-1,-1
26548,63664,0.0009571863,-1,-1
26549,63665,0.0009574469,-1,-1
26550,63666,0.0009575312,-1,-1
26551,63667,0.0009575019,-1,-1
26552,63670,0.0009575514,-1,-1
26553,63671,0.0009576021,-1,-1
26554,63672,0.0009567838,-1,-1
26555,63673,0.0009567859,-1,-1
26556,63674,0.0009568677,-1,-1
26557,63675,0.0009573954,-1,-1
26558,63676,0.0009574717,-1,-1
26559,63677,0.0009572616,-1,-1
26560,63700,0.0009571748,-1,-1
26561,63701,0.0009569458,-1,-1
26562,63702,0.0009571672,-1,-1
26563,63703,0.0009569815,-1,-1
26564,63704,0.0009565866,-1,-1
26565,63705,0.0009571373,-1,-1
26566,63706,0.0009572178,-1,-1
26567,63707,0.0009578026,-1,-1
26568,63710,0.0009573561,-1,-1
26569,63711,0.0009578135,-1,-1
26570,63712,0.0009572789,-1,-1
26571,63713,0.0009571951,-1,-1
26572,63714,0.000956661,-1,-1
26573,63715,0.0009566219,-1,-1
26574,63716,0.0009568708,-1,-1
26575,63717,0.0009571398,-1,-1
26576,63720,0.000956642,-1,-1
26577,63721,0.0009573208,-1,-1
26578,63722,0.0009572023,-1,-1
26579,63723,0.0009578313,-1,-1
26580,63724,0.0009567467,-1,-1
26581,63725,0.0009571771,-1,-1
26582,63726,0.0009574168,-1,-1
26583,63727,0.0009575913,-1,-1
26584,63730,0.000957069,-1,-1
26585,63731,0.0009575236,-1,-1
26586,63732,0.0009575058,-1,-1
26587,63733,0.0009580671,-1,-1
26588,63734,0.0009572352,-1,-1
26589,63735,0.0009575959,-1,-1
26590,63736,0.00095678,-1,-1
26591,63737,0.0009570143,-1,-1
26592,63740,0.0009569476,-1,-1
26593,63741,0.0009575181,-1,-1
26594,63742,0.0009565179,-1,-1
26595,63743,0.0009571066,-1,-1
26596,63744,0.0009569973,-1,-1
26597,63745,0.0009569618,-1,-1
26598,63746,0.0009570215,-1,-1
26599,63747,0.0009568199,-1,-1
26600,63750,0.0009566016,-1,-1
26601,63751,0.00095682,-1,-1
26602,63752,0.0009569494,-1,-1
26603,63753,0.0009571842,-1,-1
26604,63754,0.0009572021,-1,-1
26605,63755,0.0009572601,-1,-1
26606,63756,0.0009571865,-1,-1
26607,63757,0.0009570541,-1,-1
26608,63760,0.000957337,-1,-1
26609,63761,0.0009577041,-1,-1
26610,63762,0.0009575383,-1,-1
26611,63763,0.0009578535,-1,-1
26612,63764,0.0009568511,-1,-1
26613,63765,0.0009574803,-1,-1
26614,63766,0.000958233,-1,-1
26615,63767,0.0009579683,-1,-1
26616,63770,0.0009585877,-1,-1
26617,63771,0.0009574471,-1,-1
26618,63772,0.0009575983,-1,-1
26619,63773,0.0009579398,-1,-1
26620,63774,0.0009571759,-1,-1
26621,63775,0.000957326,-1,-1
26622,63776,0.0009578607,-1,-1
26623,63777,0.000957276,-1,-1
26624,64000,0.0009578986,-1,-1
26625,64001,0.0009569239,-1,-1
26626,64002,0.000957196,-1,-1
26627,64003,0.0009569149,-1,-1
26628,64004,0.0009577106,-1,-1
26629,64005,0.0009576895,-1,-1
26630,64006,0.0009579126,-1,-1
26631,64007,0.0009573378,-1,-1
26632,64010,0.0009572308,-1,-1
26633,64011,0.0009576864,-1,-1
26634,64012,0.0009577491,-1,-1
26635,64013,0.0009571402,-1,-1
26636,64014,0.0009575773,-1,-1
26637,64015,0.0009577735,-1,-1
26638,64016,0.0009577406,-1,-1
26639,64017,0.0009570764,-1,-1
26640,64020,0.0009577659,-1,-1
26641,64021,0.0009568154,-1,-1
26642,64022,0.0009574301,-1,-1
26643,64023,0.0009568921,-1,-1
26644,64024,0.0009567118,-1,-1
26645,64025,0.0009569735,-1,-1
26646,64026,0.0009570773,-1,-1
26647,64027,0.0009574643,-1,-1
26648,64030,0.0009571978,-1,-1
26649,64031,0.0009569544,-1,-1
26650,64032,0.0009569997,-1,-1
26651,64033,0.000956929,-1,-1
26652,64034,0.0009570287,-1,-1
26653,64035,0.0009567918,-1,-1
26654,64036,0.0009569557,-1,-1
26655,64037,0.0009567305,-1,-1
26656,64040,0.0009564199,-1,-1
26657,64041,0.0009566285,-1,-1
26658,64042,0.0009570901,-1,-1
26659,64043,0.0009570863,-1,-1
26660,64044,0.0009566301,-1,-1
26661,64045,0.0009566814,-1,-1
26662,64046,0.0009564909,-1,-1
26663,64047,0.000955966,-1,-1
26664,64050,0.0009557671,-1,-1
26665,64051,0.0009563427,-1,-1
26666,64052,0.0009563227,-1,-1
26667,64053,0.0009563902,-1,-1
26668,64054,0.0009569987,-1,-1
26669,64055,0.0009563189,-1,-1
26670,64056,0.0009560103,-1,-1
26671,64057,0.0009559935,-1,-1
26672,64060,0.0009568325,-1,-1
26673,64061,0.0009567113,-1,-1
26674,64062,0.0009566607,-1,-1
26675,64063,0.0009564247,-1,-1
26676,64064,0.0009570991,-1,-1
26677,64065,0.0009561041,-1,-1
26678,64066,0.0009564265,-1,-1
26679,64067,0.0009564056,-1,-1
26680,64070,0.0009566061,-1,-1
26681,64071,0.0009566231,-1,-1
26682,64072,0.0009573241,-1,-1
26683,64073,0.0009563189,-1,-1
26684,64074,0.0009564784,-1,-1
26685,64075,0.0009558075,-1,-1
26686,64076,0.000956952,-1,-1
26687,64077,0.0009564851,-1,-1
26688,64100,0.0009566424,-1,-1
26689,64101,0.0009567404,-1,-1
26690,64102,0.0009565856,-1,-1
26691,64103,0.0009569562,-1,-1
26692,64104,0.0009561138,-1,-1
26693,64105,0.0009569382,-1,-1
26694,64106,0.0009566276,-1,-1
26695,64107,0.0009559321,-1,-1
26696,64110,0.000956921,-1,-1
26697,64111,0.0009559319,-1,-1
26698,64112,0.0009560277,-1,-1
26699,64113,0.0009558959,-1,-1
26700,64114,0.0009558655,-1,-1
26701,64115,0.0009560938,-1,-1
26702,64116,0.0009569707,-1,-1
26703,64117,0.000956925,-1,-1
26704,64120,0.0009569409,-1,-1
26705,64121,0.0009566491,-1,-1
26706,64122,0.0009568099,-1,-1
26707,64123,0.0009566602,-1,-1
26708,64124,0.0009562132,-1,-1
26709,64125,0.000956764,-1,-1
26710,64126,0.000956719,-1,-1
26711,64127,0.00095693,-1,-1
26712,64130,0.0009563855,-1,-1
26713,64131,0.0009568751,-1,-1
26714,64132,0.0009568341,-1,-1
26715,64133,0.0009569494,-1,-1
26716,64134,0.0009572708,-1,-1
26717,64135,0.0009569339,-1,-1
26718,64136,0.0009570143,-1,-1
26719,64137,0.0009562866,-1,-1
26720,64140,0.0009577941,-1,-1
26721,64141,0.0009571461,-1,-1
26722,64142,0.0009571105,-1,-1
26723,64143,0.000957267,-1,-1
26724,64144,0.0009570565,-1,-1
26725,64145,0.0009577409,-1,-1
26726,64146,0.0009573829,-1,-1
26727,64147,0.0009570123,-1,-1
26728,64150,0.0009570697,-1,-1
26729,64151,0.0009574525,-1,-1
26730,64152,0.0009567824,-1,-1
26731,64153,0.0009568548,-1,-1
26732,64154,0.0009570465,-1,-1
26733,64155,0.0009567621,-1,-1
26734,64156,0.0009575849,-1,-1
26735,64157,0.0009569911,-1,-1
26736,64160,0.0009571537,-1,-1
26737,64161,0.0009567727,-1,-1
26738,64162,0.0009566731,-1,-1
26739,64163,0.0009568956,-1,-1
26740,64164,0.0009569036,-1,-1
26741,64165,0.0009569669,-1,-1
26742,64166,0.0009577911,-1,-1
26743,64167,0.0009573317,-1,-1
26744,64170,0.0009571757,-1,-1
26745,64171,0.0009574631,-1,-1
26746,64172,0.0009576589,-1,-1
26747,64173,0.0009570303,-1,-1
26748,64174,0.0009577358,-1,-1
26749,64175,0.0009578738,-1,-1
26750,64176,0.0009572274,-1,-1
26751,64177,0.0009574115,-1,-1
26752,64200,0.0009579053,-1,-1
26753,64201,0.0009573821,-1,-1
26754,64202,0.000957767,-1,-1
26755,64203,0.000957759,-1,-1
26756,64204,0.0009575302,-1,-1
26757,64205,0.0009576617,-1,-1
26758,64206,0.0009575164,-1,-1
26759,64207,0.0009575703,-1,-1
26760,64210,0.0009579661,-1,-1
26761,64211,0.0009574693,-1,-1
26762,64212,0.0009570244,-1,-1
26763,64213,0.0009573502,-1,-1
26764,64214,0.0009573524,-1,-1
26765,64215,0.0009564215,-1,-1
26766,64216,0.0009579867,-1,-1
26767,64217,0.0009566003,-1,-1
26768,64220,0.0009566052,-1,-1
26769,64221,0.0009574401,-1,-1
26770,64222,0.0009575782,-1,-1
26771,64223,0.0009574893,-1,-1
26772,64224,0.0009568029,-1,-1
26773,64225,0.0009574348,-1,-1
26774,64226,0.0009566354,-1,-1
26775,64227,0.0009572073,-1,-1
26776,64230,0.0009573481,-1,-1
26777,64231,0.0009575125,-1,-1
26778,64232,0.0009580083,-1,-1
26779,64233,0.0009574124,-1,-1
26780,64234,0.000957495,-1,-1
26781,64235,0.0009579912,-1,-1
26782,64236,0.0009575564,-1,-1
26783,64237,0.0009577869,-1,-1
26784,64240,0.0009576451,-1,-1
26785,64241,0.0009574216,-1,-1
26786,64242,0.0009578398,-1,-1
26787,64243,0.0009581218,-1,-1
26788,64244,0.0009579013,-1,-1
26789,64245,0.0009584798,-1,-1
26790,64246,0.0009577649,-1,-1
26791,64247,0.0009581663,-1,-1
26792,64250,0.000957926,-1,-1
26793,64251,0.0009578342,-1,-1
26794,64252,0.0009578935,-1,-1
26795,64253,0.0009577471,-1,-1
26796,64254,0.0009577984,-1,-1
26797,64255,0.0009580157,-1,-1
26798,64256,0.0009573134,-1,-1
26799,64257,0.0009579883,-1,-1
26800,64260,0.0009575707,-1,-1
26801,64261,0.0009575802,-1,-1
26802,64262,0.0009581637,-1,-1
26803,64263,0.0009579035,-1,-1
26804,64264,0.0009578931,-1,-1
26805,64265,0.0009581828,-1,-1
26806,64266,0.0009578309,-1,-1
26807,64267,0.0009580286,-1,-1
26808,64270,0.0009580464,-1,-1
26809,64271,0.0009578886,-1,-1
26810,64272,0.000957736,-1,-1
26811,64273,0.0009573766,-1,-1
26812,64274,0.0009581177,-1,-1
26813,64275,0.0009582844,-1,-1
26814,64276,0.0009586625,-1,-1
26815,64277,0.0009577469,-1,-1
26816,64300,0.0009583037,-1,-1
26817,64301,0.0009580399,-1,-1
26818,64302,0.0009578789,-1,-1
26819,64303,0.000959007,-1,-1
26820,64304,0.0009581354,-1,-1
26821,64305,0.0009571994,-1,-1
26822,64306,0.000957799,-1,-1
26823,64307,0.0009572777,-1,-1
26824,64310,0.0009576422,-1,-1
26825,64311,0.0009583585,-1,-1
26826,64312,0.000958212,-1,-1
26827,64313,0.0009578106,-1,-1
26828,64314,0.0009582385,-1,-1
26829,64315,0.0009579341,-1,-1
26830,64316,0.0009582121,-1,-1
26831,64317,0.0009579923,-1,-1
26832,64320,0.0009581789,-1,-1
26833,64321,0.0009583525,-1,-1
26834,64322,0.0009589543,-1,-1
26835,64323,0.0009585065,-1,-1
26836,64324,0.0009588905,-1,-1
26837,64325,0.0009585678,-1,-1
26838,64326,0.0009589079,-1,-1
26839,64327,0.0009582166,-1,-1
26840,64330,0.0009587057,-1,-1
26841,64331,0.0009583095,-1,-1
26842,64332,0.0009587245,-1,-1
26843,64333,0.0009584192,-1,-1
26844,64334,0.0009584366,-1,-1
26845,64335,0.0009579668,-1,-1
26846,64336,0.0009584627,-1,-1
26847,64337,0.00095834,-1,-1
26848,64340,0.0009578067,-1,-1
26849,64341,0.0009584315,-1,-1
26850,64342,0.000958122,-1,-1
26851,64343,0.0009581175,-1,-1
26852,64344,0.000958372,-1,-1
26853,64345,0.0009582221,-1,-1
26854,64346,0.0009584249,-1,-1
26855,64347,0.000958826,-1,-1
26856,64350,0.0009591884,-1,-1
26857,64351,0.0009581684,-1,-1
26858,64352,0.0009585436,-1,-1
26859,64353,0.0009589168,-1,-1
26860,64354,0.0009587474,-1,-1
26861,64355,0.000958139,-1,-1
26862,64356,0.0009585628,-1,-1
26863,64357,0.0009589475,-1,-1
26864,64360,0.0009578904,-1,-1
26865,64361,0.0009583935,-1,-1
26866,64362,0.0009582207,-1,-1
26867,64363,0.0009587361,-1,-1
26868,64364,0.0009577096,-1,-1
26869,64365,0.0009584378,-1,-1
26870,64366,0.0009584569,-1,-1
26871,64367,0.0009593047,-1,-1
26872,64370,0.0009585438,-1,-1
26873,64371,0.0009588647,-1,-1
26874,64372,0.0009584206,-1,-1
26875,64373,0.0009588376,-1,-1
26876,64374,0.0009582256,-1,-1
26877,64375,0.0009578402,-1,-1
26878,64376,0.0009585879,-1,-1
26879,64377,0.0009585335,-1,-1
26880,64400,0.0009584246,-1,-1
26881,64401,0.0009582076,-1,-1
26882,64402,0.000958071,-1,-1
26883,64403,0.0009586396,-1,-1
26884,64404,0.0009586473,-1,-1
26885,64405,0.0009586638,-1,-1
26886,64406,0.0009580069,-1,-1
26887,64407,0.0009587801,-1,-1
26888,64410,0.0009587695,-1,-1
26889,64411,0.0009583148,-1,-1
26890,64412,0.0009582822,-1,-1
26891,64413,0.0009582976,-1,-1
26892,64414,0.0009587696,-1,-1
26893,64415,0.0009585536,-1,-1
26894,64416,0.0009581218,-1,-1
26895,64417,0.0009587618,-1,-1
26896,64420,0.0009587104,-1,-1
26897,64421,0.000958387,-1,-1
26898,64422,0.0009585319,-1,-1
26899,64423,0.0009577502,-1,-1
26900,64424,0.0009581959,-1,-1
26901,64425,0.0009577032,-1,-1
26902,64426,0.000957248,-1,-1
26903,64427,0.0009580999,-1,-1
26904,64430,0.0009584958,-1,-1
26905,64431,0.0009578898,-1,-1
26906,64432,0.0009581192,-1,-1
26907,64433,0.00095801,-1,-1
26908,64434,0.0009582776,-1,-1
26909,64435,0.0009577788,-1,-1
26910,64436,0.0009577385,-1,-1
26911,64437,0.0009576021,-1,-1
26912,64440,0.0009584249,-1,-1
26913,64441,0.0009584768,-1,-1
26914,64442,0.0009584481,-1,-1
26915,64443,0.0009583039,-1,-1
26916,64444,0.0009586494,-1,-1
26917,64445,0.0009588101,-1,-1
26918,64446,0.0009580485,-1,-1
26919,64447,0.0009585223,-1,-1
26920,64450,0.000958437,-1,-1
26921,64451,0.0009579808,-1,-1
26922,64452,0.0009585381,-1,-1
26923,64453,0.0009591423,-1,-1
26924,64454,0.000958204,-1,-1
26925,64455,0.0009580286,-1,-1
26926,64456,0.0009578436,-1,-1
26927,64457,0.0009582449,-1,-1
26928,64460,0.0009587408,-1,-1
26929,64461,0.0009582451,-1,-1
26930,64462,0.0009578809,-1,-1
26931,64463,0.0009580025,-1,-1
26932,64464,0.0009584177,-1,-1
26933,64465,0.0009582176,-1,-1
26934,64466,0.0009580872,-1,-1
26935,64467,0.0009585565,-1,-1
26936,64470,0.0009581784,-1,-1
26937,64471,0.0009592218,-1,-1
26938,64472,0.0009585657,-1,-1
26939,64473,0.0009581209,-1,-1
26940,64474,0.0009584264,-1,-1
26941,64475,0.0009586844,-1,-1
26942,64476,0.000958045,-1,-1
26943,64477,0.0009586592,-1,-1
26944,64500,0.0009584087,-1,-1
26945,64501,0.0009579899,-1,-1
26946,64502,0.0009581287,-1,-1
26947,64503,0.0009587568,-1,-1
26948,64504,0.0009584755,-1,-1
26949,64505,0.0009590252,-1,-1
26950,64506,0.0009584239,-1,-1
26951,64507,0.0009587057,-1,-1
26952,64510,0.0009587618,-1,-1
26953,64511,0.0009584185,-1,-1
26954,64512,0.0009588808,-1,-1
26955,64513,0.0009580772,-1,-1
26956,64514,0.0009585947,-1,-1
26957,64515,0.0009591208,-1,-1
26958,64516,0.000957842,-1,-1
26959,64517,0.0009588856,-1,-1
26960,64520,0.0009583121,-1,-1
26961,64521,0.0009580093,-1,-1
26962,64522,0.000958501,-1,-1
26963,64523,0.0009578627,-1,-1
26964,64524,0.0009584994,-1,-1
26965,64525,0.0009583276,-1,-1
26966,64526,0.0009577303,-1,-1
26967,64527,0.0009587142,-1,-1
26968,64530,0.00095871,-1,-1
26969,64531,0.0009584427,-1,-1
26970,64532,0.0009588647,-1,-1
26971,64533,0.000959022,-1,-1
26972,64534,0.0009585625,-1,-1
26973,64535,0.0009587253,-1,-1
26974,64536,0.0009583814,-1,-1
26975,64537,0.0009579468,-1,-1
26976,64540,0.0009586018,-1,-1
26977,64541,0.0009581261,-1,-1
26978,64542,0.0009579113,-1,-1
26979,64543,0.0009578849,-1,-1
26980,64544,0.0009574586,-1,-1
26981,64545,0.0009578938,-1,-1
26982,64546,0.0009577323,-1,-1
26983,64547,0.0009576379,-1,-1
26984,64550,0.0009578168,-1,-1
26985,64551,0.0009578875,-1,-1
26986,64552,0.0009577984,-1,-1
26987,64553,0.0009582281,-1,-1
26988,64554,0.000958109,-1,-1
26989,64555,0.0009574024,-1,-1
26990,64556,0.0009574002,-1,-1
26991,64557,0.0009581272,-1,-1
26992,64560,0.0009577871,-1,-1
26993,64561,0.0009584398,-1,-1
26994,64562,0.0009579498,-1,-1
26995,64563,0.0009578668,-1,-1
26996,64564,0.0009580782,-1,-1
26997,64565,0.0009582414,-1,-1
26998,64566,0.0009576864,-1,-1
26999,64567,0.0009583271,-1,-1
27000,64570,0.0009580887,-1,-1
27001,64571,0.0009581696,-1,-1
27002,64572,0.0009584679,-1,-1
27003,64573,0.0009583861,-1,-1
27004,64574,0.0009581003,-1,-1
27005,64575,0.000958397,-1,-1
27006,64576,0.0009579384,-1,-1
27007,64577,0.0009573752,-1,-1
27008,64600,0.0009582428,-1,-1
27009,64601,0.0009574252,-1,-1
27010,64602,0.0009582145,-1,-1
27011,64603,0.0009590525,-1,-1
27012,64604,0.0009589165,-1,-1
27013,64605,0.0009582781,-1,-1
27014,64606,0.0009579674,-1,-1
27015,64607,0.0009586524,-1,-1
27016,64610,0.000958919,-1,-1
27017,64611,0.0009590397,-1,-1
27018,64612,0.0009585752,-1,-1
27019,64613,0.0009586159,-1,-1
27020,64614,0.0009577635,-1,-1
27021,64615,0.0009579755,-1,-1
27022,64616,0.0009578239,-1,-1
27023,64617,0.0009582547,-1,-1
27024,64620,0.0009578982,-1,-1
27025,64621,0.0009577417,-1,-1
27026,64622,0.0009575853,-1,-1
27027,64623,0.00095834,-1,-1
27028,64624,0.0009583636,-1,-1
27029,64625,0.000957875,-1,-1
27030,64626,0.0009582633,-1,-1
27031,64627,0.000958078,-1,-1
27032,64630,0.0009584282,-1,-1
27033,64631,0.0009583027,-1,-1
27034,64632,0.0009583248,-1,-1
27035,64633,0.0009581532,-1,-1
27036,64634,0.0009583074,-1,-1
27037,64635,0.0009584841,-1,-1
27038,64636,0.0009586283,-1,-1
27039,64637,0.0009580813,-1,-1
27040,64640,0.0009591539,-1,-1
27041,64641,0.0009585286,-1,-1
27042,64642,0.0009580745,-1,-1
27043,64643,0.0009582266,-1,-1
27044,64644,0.0009586358,-1,-1
27045,64645,0.0009585159,-1,-1
27046,64646,0.0009581682,-1,-1
27047,64647,0.0009579968,-1,-1
27048,64650,0.0009583785,-1,-1
27049,64651,0.0009589125,-1,-1
27050,64652,0.0009584573,-1,-1
27051,64653,0.0009585346,-1,-1
27052,64654,0.0009580813,-1,-1
27053,64655,0.0009577664,-1,-1
27054,64656,0.0009572093,-1,-1
27055,64657,0.0009587175,-1,-1
27056,64660,0.000957988,-1,-1
27057,64661,0.000957541,-1,-1
27058,64662,0.0009580772,-1,-1
27059,64663,0.0009583736,-1,-1
27060,64664,0.0009582845,-1,-1
27061,64665,0.000958029,-1,-1
27062,64666,0.0009579876,-1,-1
27063,64667,0.000958144,-1,-1
27064,64670,0.0009586947,-1,-1
27065,64671,0.0009580464,-1,-1
27066,64672,0.0009576833,-1,-1
27067,64673,0.0009586971,-1,-1
27068,64674,0.0009589881,-1,-1
27069,64675,0.0009577249,-1,-1
27070,64676,0.0009583006,-1,-1
27071,64677,0.0009583521,-1,-1
27072,64700,0.00095801,-1,-1
27073,64701,0.0009586564,-1,-1
27074,64702,0.0009583574,-1,-1
27075,64703,0.0009579345,-1,-1
27076,64704,0.0009588276,-1,-1
27077,64705,0.0009583146,-1,-1
27078,64706,0.0009580483,-1,-1
27079,64707,0.0009580108,-1,-1
27080,64710,0.0009582813,-1,-1
27081,64711,0.0009579199,-1,-1
27082,64712,0.000958595,-1,-1
27083,64713,0.0009578906,-1,-1
27084,64714,0.0009588046,-1,-1
27085,64715,0.0009585124,-1,-1
27086,64716,0.0009582593,-1,-1
27087,64717,0.0009581805,-1,-1
27088,64720,0.0009583941,-1,-1
27089,64721,0.0009582406,-1,-1
27090,64722,0.0009581675,-1,-1
27091,64723,0.0009592485,-1,-1
27092,64724,0.000958772,-1,-1
27093,64725,0.0009591105,-1,-1
27094,64726,0.0009585366,-1,-1
27095,64727,0.0009582506,-1,-1
27096,64730,0.0009590617,-1,-1
27097,64731,0.0009584587,-1,-1
27098,64732,0.0009583695,-1,-1
27099,64733,0.0009591384,-1,-1
27100,64734,0.0009583323,-1,-1
27101,64735,0.0009582422,-1,-1
27102,64736,0.0009586822,-1,-1
27103,64737,0.0009580476,-1,-1
27104,64740,0.0009582741,-1,-1
27105,64741,0.0009589655,-1,-1
27106,64742,0.0009586482,-1,-1
27107,64743,0.0009578615,-1,-1
27108,64744,0.0009585953,-1,-1
27109,64745,0.0009574346,-1,-1
27110,64746,0.0009584579,-1,-1
27111,64747,0.0009580203,-1,-1
27112,64750,0.0009581655,-1,-1
27113,64751,0.0009579583,-1,-1
27114,64752,0.0009586908,-1,-1
27115,64753,0.000958046,-1,-1
27116,64754,0.0009581362,-1,-1
27117,64755,0.0009576593,-1,-1
27118,64756,0.0009582724,-1,-1
27119,64757,0.0009581153,-1,-1
27120,64760,0.0009580569,-1,-1
27121,64761,0.0009579536,-1,-1
27122,64762,0.0009579437,-1,-1
27123,64763,0.0009576933,-1,-1
27124,64764,0.0009583798,-1,-1
27125,64765,0.0009585826,-1,-1
27126,64766,0.0009584536,-1,-1
27127,64767,0.0009579539,-1,-1
27128,64770,0.0009580497,-1,-1
27129,64771,0.0009576399,-1,-1
27130,64772,0.0009577797,-1,-1
27131,64773,0.0009580769,-1,-1
27132,64774,0.0009580142,-1,-1
27133,64775,0.000958047,-1,-1
27134,64776,0.0009585051,-1,-1
27135,64777,0.0009585861,-1,-1
27136,65000,0.0009590749,-1,-1
27137,65001,0.000958535,-1,-1
27138,65002,0.0009587638,-1,-1
27139,65003,0.0009583435,-1,-1
27140,65004,0.0009586631,-1,-1
27141,65005,0.0009584521,-1,-1
27142,65006,0.00095914,-1,-1
27143,65007,0.0009590008,-1,-1
27144,65010,0.0009590539,-1,-1
27145,65011,0.0009582848,-1,-1
27146,65012,0.0009579849,-1,-1
27147,65013,0.0009583348,-1,-1
27148,65014,0.0009589026,-1,-1
27149,65015,0.0009583119,-1,-1
27150,65016,0.0009583705,-1,-1
27151,65017,0.0009587664,-1,-1
27152,65020,0.0009584728,-1,-1
27153,65021,0.0009594909,-1,-1
27154,65022,0.0009588446,-1,-1
27155,65023,0.0009592917,-1,-1
27156,65024,0.0009586783,-1,-1
27157,65025,0.0009582023,-1,-1
27158,65026,0.0009580727,-1,-1
27159,65027,0.0009586297,-1,-1
27160,65030,0.0009585151,-1,-1
27161,65031,0.0009591989,-1,-1
27162,65032,0.0009582658,-1,-1
27163,65033,0.0009585993,-1,-1
27164,65034,0.0009584165,-1,-1
27165,65035,0.0009579613,-1,-1
27166,65036,0.0009588257,-1,-1
27167,65037,0.0009582966,-1,-1
27168,65040,0.0009588063,-1,-1
27169,65041,0.000958648,-1,-1
27170,65042,0.0009583044,-1,-1
27171,65043,0.0009582529,-1,-1
27172,65044,0.0009583171,-1,-1
27173,65045,0.0009582732,-1,-1
27174,65046,0.0009582193,-1,-1
27175,65047,0.0009582501,-1,-1
27176,65050,0.0009583302,-1,-1
27177,65051,0.0009581877,-1,-1
27178,65052,0.0009578223,-1,-1
27179,65053,0.000958725,-1,-1
27180,65054,0.0009582098,-1,-1
27181,65055,0.0009575154,-1,-1
27182,65056,0.0009581397,-1,-1
27183,65057,0.0009586719,-1,-1
27184,65060,0.0009585507,-1,-1
27185,65061,0.0009582547,-1,-1
27186,65062,0.0009579531,-1,-1
27187,65063,0.0009583357,-1,-1
27188,65064,0.0009587066,-1,-1
27189,65065,0.000958553,-1,-1
27190,65066,0.0009586961,-1,-1
27191,65067,0.0009579888,-1,-1
27192,65070,0.00095798,-1,-1
27193,65071,0.0009585635,-1,-1
27194,65072,0.0009576877,-1,-1
27195,65073,0.0009583117,-1,-1
27196,65074,0.0009590006,-1,-1
27197,65075,0.0009589039,-1,-1
27198,65076,0.0009586361,-1,-1
27199,65077,0.0009585082,-1,-1
27200,65100,0.0009591571,-1,-1
27201,65101,0.000958855,-1,-1
27202,65102,0.0009589135,-1,-1
27203,65103,0.00095798,-1,-1
27204,65104,0.0009581686,-1,-1
27205,65105,0.0009583441,-1,-1
27206,65106,0.0009586703,-1,-1
27207,65107,0.0009578938,-1,-1
27208,65110,0.0009578506,-1,-1
27209,65111,0.0009583673,-1,-1
27210,65112,0.0009584752,-1,-1
27211,65113,0.0009584842,-1,-1
27212,65114,0.0009586159,-1,-1
27213,65115,0.0009591347,-1,-1
27214,65116,0.0009587897,-1,-1
27215,65117,0.0009579402,-1,-1
27216,65120,0.0009581819,-1,-1
27217,65121,0.0009584842,-1,-1
27218,65122,0.0009582941,-1,-1
27219,65123,0.0009583982,-1,-1
27220,65124,0.00095776,-1,-1
27221,65125,0.0009576534,-1,-1
27222,65126,0.0009581239,-1,-1
27223,65127,0.0009582642,-1,-1
27224,65130,0.000958673,-1,-1
27225,65131,0.000958714,-1,-1
27226,65132,0.0009583314,-1,-1
27227,65133,0.0009574657,-1,-1
27228,65134,0.0009582043,-1,-1
27229,65135,0.0009577533,-1,-1
27230,65136,0.0009584335,-1,-1
27231,65137,0.0009587252,-1,-1
27232,65140,0.0009586097,-1,-1
27233,65141,0.0009581551,-1,-1
27234,65142,0.0009580766,-1,-1
27235,65143,0.0009578373,-1,-1
27236,65144,0.0009583595,-1,-1
27237,65145,0.0009577216,-1,-1
27238,65146,0.0009584081,-1,-1
27239,65147,0.0009574249,-1,-1
27240,65150,0.0009577551,-1,-1
27241,65151,0.0009576281,-1,-1
27242,65152,0.0009575757,-1,-1
27243,65153,0.0009582186,-1,-1
27244,65154,0.000958577,-1,-1
27245,65155,0.0009583835,-1,-1
27246,65156,0.0009584208,-1,-1
27247,65157,0.0009579326,-1,-1
27248,65160,0.0009587966,-1,-1
27249,65161,0.0009581149,-1,-1
27250,65162,0.0009581086,-1,-1
27251,65163,0.0009578938,-1,-1
27252,65164,0.0009578362,-1,-1
27253,65165,0.0009572789,-1,-1
27254,65166,0.0009577928,-1,-1
27255,65167,0.0009581643,-1,-1
27256,65170,0.0009574335,-1,-1
27257,65171,0.00095724,-1,-1
27258,65172,0.0009576831,-1,-1
27259,65173,0.0009581536,-1,-1
27260,65174,0.0009583339,-1,-1
27261,65175,0.0009583751,-1,-1
27262,65176,0.0009580364,-1,-1
27263,65177,0.0009583638,-1,-1
27264,65200,0.0009584392,-1,-1
27265,65201,0.0009580264,-1,-1
27266,65202,0.0009576696,-1,-1
27267,65203,0.0009574973,-1,-1
27268,65204,0.0009571117,-1,-1
27269,65205,0.0009578723,-1,-1
27270,65206,0.0009577694,-1,-1
27271,65207,0.0009574735,-1,-1
27272,65210,0.0009576422,-1,-1
27273,65211,0.0009579919,-1,-1
27274,65212,0.0009576876,-1,-1
27275,65213,0.0009575873,-1,-1
27276,65214,0.0009582966,-1,-1
27277,65215,0.0009579039,-1,-1
27278,65216,0.000957713,-1,-1
27279,65217,0.0009577054,-1,-1
27280,65220,0.0009582064,-1,-1
27281,65221,0.0009581377,-1,-1
27282,65222,0.0009580686,-1,-1
27283,65223,0.0009578775,-1,-1
27284,65224,0.0009588161,-1,-1
27285,65225,0.0009585309,-1,-1
27286,65226,0.0009582606,-1,-1
27287,65227,0.0009572491,-1,-1
27288,65230,0.0009581791,-1,-1
27289,65231,0.000957653,-1,-1
27290,65232,0.0009577713,-1,-1
27291,65233,0.0009581979,-1,-1
27292,65234,0.0009581859,-1,-1
27293,65235,0.0009578295,-1,-1
27294,65236,0.0009588501,-1,-1
27295,65237,0.0009585738,-1,-1
27296,65240,0.0009579717,-1,-1
27297,65241,0.0009573835,-1,-1
27298,65242,0.0009582714,-1,-1
27299,65243,0.000957973,-1,-1
27300,65244,0.0009587058,-1,-1
27301,65245,0.000958592,-1,-1
27302,65246,0.0009583209,-1,-1
27303,65247,0.000957898,-1,-1
27304,65250,0.0009581744,-1,-1
27305,65251,0.0009586219,-1,-1
27306,65252,0.000958038,-1,-1
27307,65253,0.0009581729,-1,-1
27308,65254,0.0009586006,-1,-1
27309,65255,0.000958628,-1,-1
27310,65256,0.0009577363,-1,-1
27311,65257,0.0009586777,-1,-1
27312,65260,0.0009580675,-1,-1
27313,65261,0.0009577869,-1,-1
27314,65262,0.0009582488,-1,-1
27315,65263,0.0009584721,-1,-1
27316,65264,0.000958103,-1,-1
27317,65265,0.0009585021,-1,-1
27318,65266,0.0009585563,-1,-1
27319,65267,0.0009581112,-1,-1
27320,65270,0.0009582037,-1,-1
27321,65271,0.0009586219,-1,-1
27322,65272,0.0009580388,-1,-1
27323,65273,0.000958055,-1,-1
27324,65274,0.0009577262,-1,-1
27325,65275,0.0009580163,-1,-1
27326,65276,0.0009579381,-1,-1
27327,65277,0.0009584044,-1,-1
27328,65300,0.0009576265,-1,-1
27329,65301,0.0009579674,-1,-1
27330,65302,0.0009580501,-1,-1
27331,65303,0.0009584591,-1,-1
27332,65304,0.0009579693,-1,-1
27333,65305,0.0009580021,-1,-1
27334,65306,0.0009578363,-1,-1
27335,65307,0.0009579054,-1,-1
27336,65310,0.0009571644,-1,-1
27337,65311,0.0009578699,-1,-1
27338,65312,0.0009585485,-1,-1
27339,65313,0.0009578787,-1,-1
27340,65314,0.0009583536,-1,-1
27341,65315,0.0009581092,-1,-1
27342,65316,0.0009581413,-1,-1
27343,65317,0.0009574516,-1,-1
27344,65320,0.0009585713,-1,-1
27345,65321,0.0009575282,-1,-1
27346,65322,0.0009574885,-1,-1
27347,65323,0.0009579252,-1,-1
27348,65324,0.0009577992,-1,-1
27349,65325,0.0009579732,-1,-1
27350,65326,0.0009583839,-1,-1
27351,65327,0.0009578879,-1,-1
27352,65330,0.0009583341,-1,-1
27353,65331,0.0009577711,-1,-1
27354,65332,0.0009578783,-1,-1
27355,65333,0.0009579777,-1,-1
27356,65334,0.0009581511,-1,-1
27357,65335,0.0009578547,-1,-1
27358,65336,0.0009580282,-1,-1
27359,65337,0.0009582379,-1,-1
27360,65340,0.000958182,-1,-1
27361,65341,0.0009577561,-1,-1
27362,65342,0.000958269,-1,-1
27363,65343,0.0009582765,-1,-1
27364,65344,0.0009578535,-1,-1
27365,65345,0.0009583164,-1,-1
27366,65346,0.0009582022,-1,-1
27367,65347,0.0009582501,-1,-1
27368,65350,0.0009577784,-1,-1
27369,65351,0.0009579631,-1,-1
27370,65352,0.0009583909,-1,-1
27371,65353,0.0009577702,-1,-1
27372,65354,0.0009585329,-1,-1
27373,65355,0.0009579548,-1,-1
27374,65356,0.000958062,-1,-1
27375,65357,0.0009584881,-1,-1
27376,65360,0.0009582916,-1,-1
27377,65361,0.0009586232,-1,-1
27378,65362,0.0009584121,-1,-1
27379,65363,0.0009584508,-1,-1
27380,65364,0.0009583837,-1,-1
27381,65365,0.0009578617,-1,-1
27382,65366,0.0009580298,-1,-1
27383,65367,0.0009581612,-1,-1
27384,65370,0.000958118,-1,-1
27385,65371,0.0009576817,-1,-1
27386,65372,0.0009582801,-1,-1
27387,65373,0.0009576212,-1,-1
27388,65374,0.0009576077,-1,-1
27389,65375,0.0009579125,-1,-1
27390,65376,0.0009580763,-1,-1
27391,65377,0.0009582531,-1,-1
27392,65400,0.0009585243,-1,-1
27393,65401,0.0009575902,-1,-1
27394,65402,0.0009584978,-1,-1
27395,65403,0.0009581852,-1,-1
27396,65404,0.000958299,-1,-1
27397,65405,0.000957026,-1,-1
27398,65406,0.0009587234,-1,-1
27399,65407,0.0009578943,-1,-1
27400,65410,0.0009578424,-1,-1
27401,65411,0.0009584459,-1,-1
27402,65412,0.0009573711,-1,-1
27403,65413,0.0009578547,-1,-1
27404,65414,0.0009573789,-1,-1
27405,65415,0.0009579047,-1,-1
27406,65416,0.0009570557,-1,-1
27407,65417,0.0009579324,-1,-1
27408,65420,0.0009578026,-1,-1
27409,65421,0.0009566906,-1,-1
27410,65422,0.0009571023,-1,-1
27411,65423,0.0009575586,-1,-1
27412,65424,0.0009576044,-1,-1
27413,65425,0.0009580614,-1,-1
27414,65426,0.0009577653,-1,-1
27415,65427,0.0009572339,-1,-1
27416,65430,0.0009573956,-1,-1
27417,65431,0.0009574232,-1,-1
27418,65432,0.0009574754,-1,-1
27419,65433,0.0009574744,-1,-1
27420,65434,0.0009566116,-1,-1
27421,65435,0.0009572688,-1,-1
27422,65436,0.0009579755,-1,-1
27423,65437,0.0009569167,-1,-1
27424,65440,0.0009572872,-1,-1
27425,65441,0.0009572527,-1,-1
27426,65442,0.0009574742,-1,-1
27427,65443,0.000957298,-1,-1
27428,65444,0.0009571849,-1,-1
27429,65445,0.0009575029,-1,-1
27430,65446,0.0009567646,-1,-1
27431,65447,0.0009573217,-1,-1
27432,65450,0.0009575814,-1,-1
27433,65451,0.0009575607,-1,-1
27434,65452,0.0009582471,-1,-1
27435,65453,0.0009577138,-1,-1
27436,65454,0.0009576093,-1,-1
27437,65455,0.000958292,-1,-1
27438,65456,0.000956863,-1,-1
27439,65457,0.0009573862,-1,-1
27440,65460,0.0009575595,-1,-1
27441,65461,0.0009574982,-1,-1
27442,65462,0.0009575841,-1,-1
27443,65463,0.0009578703,-1,-1
27444,65464,0.0009581043,-1,-1
27445,65465,0.0009580474,-1,-1
27446,65466,0.0009573774,-1,-1
27447,65467,0.0009577578,-1,-1
27448,65470,0.0009581416,-1,-1
27449,65471,0.0009574178,-1,-1
27450,65472,0.0009579152,-1,-1
27451,65473,0.0009577065,-1,-1
27452,65474,0.0009575436,-1,-1
27453,65475,0.0009571133,-1,-1
27454,65476,0.0009573194,-1,-1
27455,65477,0.0009570897,-1,-1
27456,65500,0.0009576296,-1,-1
27457,65501,0.0009584266,-1,-1
27458,65502,0.0009572962,-1,-1
27459,65503,0.0009576078,-1,-1
27460,65504,0.0009569526,-1,-1
27461,65505,0.0009575277,-1,-1
27462,65506,0.0009575316,-1,-1
27463,65507,0.0009570571,-1,-1
27464,65510,0.0009573132,-1,-1
27465,65511,0.000957549,-1,-1
27466,65512,0.0009569277,-1,-1
27467,65513,0.0009569384,-1,-1
27468,65514,0.0009568369,-1,-1
27469,65515,0.0009569778,-1,-1
27470,65516,0.0009578611,-1,-1
27471,65517,0.0009574789,-1,-1
27472,65520,0.0009568204,-1,-1
27473,65521,0.0009576995,-1,-1
27474,65522,0.0009573961,-1,-1
27475,65523,0.0009564948,-1,-1
27476,65524,0.0009568034,-1,-1
27477,65525,0.0009568898,-1,-1
27478,65526,0.0009564296,-1,-1
27479,65527,0.000957039,-1,-1
27480,65530,0.0009570771,-1,-1
27481,65531,0.0009568487,-1,-1
27482,65532,0.0009565957,-1,-1
27483,65533,0.0009574651,-1,-1
27484,65534,0.0009571756,-1,-1
27485,65535,0.0009572156,-1,-1
27486,65536,0.0009570408,-1,-1
27487,65537,0.0009575301,-1,-1
27488,65540,0.0009570771,-1,-1
27489,65541,0.0009567926,-1,-1
27490,65542,0.0009565501,-1,-1
27491,65543,0.0009574631,-1,-1
27492,65544,0.0009574442,-1,-1
27493,65545,0.0009572829,-1,-1
27494,65546,0.0009565272,-1,-1
27495,65547,0.0009570164,-1,-1
27496,65550,0.0009568265,-1,-1
27497,65551,0.0009575425,-1,-1
27498,65552,0.0009570448,-1,-1
27499,65553,0.0009567153,-1,-1
27500,65554,0.000956962,-1,-1
27501,65555,0.00095675,-1,-1
27502,65556,0.0009575183,-1,-1
27503,65557,0.0009565171,-1,-1
27504,65560,0.0009565817,-1,-1
27505,65561,0.0009569776,-1,-1
27506,65562,0.0009564505,-1,-1
27507,65563,0.0009570536,-1,-1
27508,65564,0.0009576997,-1,-1
27509,65565,0.0009572874,-1,-1
27510,65566,0.0009568933,-1,-1
27511,65567,0.0009570488,-1,-1
27512,65570,0.0009573789,-1,-1
27513,65571,0.0009571236,-1,-1
27514,65572,0.0009572349,-1,-1
27515,65573,0.0009571629,-1,-1
27516,65574,0.0009565487,-1,-1
27517,65575,0.0009571877,-1,-1
27518,65576,0.0009572482,-1,-1
27519,65577,0.0009568777,-1,-1
27520,65600,0.0009571114,-1,-1
27521,65601,0.0009572029,-1,-1
27522,65602,0.0009563832,-1,-1
27523,65603,0.0009569376,-1,-1
27524,65604,0.0009572273,-1,-1
27525,65605,0.0009570133,-1,-1
27526,65606,0.0009569671,-1,-1
27527,65607,0.0009572317,-1,-1
27528,65610,0.0009570352,-1,-1
27529,65611,0.0009574869,-1,-1
27530,65612,0.000956975,-1,-1
27531,65613,0.0009573759,-1,-1
27532,65614,0.0009569968,-1,-1
27533,65615,0.0009569745,-1,-1
27534,65616,0.0009576296,-1,-1
27535,65617,0.0009572554,-1,-1
27536,65620,0.0009568794,-1,-1
27537,65621,0.0009571609,-1,-1
27538,65622,0.0009573456,-1,-1
27539,65623,0.000956579,-1,-1
27540,65624,0.0009571552,-1,-1
27541,65625,0.0009569548,-1,-1
27542,65626,0.0009563459,-1,-1
27543,65627,0.0009568061,-1,-1
27544,65630,0.0009573524,-1,-1
27545,65631,0.0009574686,-1,-1
27546,65632,0.0009577112,-1,-1
27547,65633,0.0009572757,-1,-1
27548,65634,0.0009573573,-1,-1
27549,65635,0.000957123,-1,-1
27550,65636,0.0009577188,-1,-1
27551,65637,0.0009582877,-1,-1
27552,65640,0.0009577959,-1,-1
27553,65641,0.00095693,-1,-1
27554,65642,0.0009570742,-1,-1
27555,65643,0.000957399,-1,-1
27556,65644,0.0009575597,-1,-1
27557,65645,0.0009578373,-1,-1
27558,65646,0.0009574547,-1,-1
27559,65647,0.0009571753,-1,-1
27560,65650,0.0009575689,-1,-1
27561,65651,0.0009577785,-1,-1
27562,65652,0.0009574292,-1,-1
27563,65653,0.000957754,-1,-1
27564,65654,0.0009573763,-1,-1
27565,65655,0.0009574906,-1,-1
27566,65656,0.000957947,-1,-1
27567,65657,0.0009572751,-1,-1
27568,65660,0.0009572964,-1,-1
27569,65661,0.0009576316,-1,-1
27570,65662,0.000958238,-1,-1
27571,65663,0.0009570923,-1,-1
27572,65664,0.0009571797,-1,-1
27573,65665,0.0009575152,-1,-1
27574,65666,0.0009568608,-1,-1
27575,65667,0.0009571871,-1,-1
27576,65670,0.0009573245,-1,-1
27577,65671,0.0009577912,-1,-1
27578,65672,0.0009572538,-1,-1
27579,65673,0.0009571057,-1,-1
27580,65674,0.0009573599,-1,-1
27581,65675,0.0009570881,-1,-1
27582,65676,0.0009569483,-1,-1
27583,65677,0.0009567775,-1,-1
27584,65700,0.0009571894,-1,-1
27585,65701,0.0009569154,-1,-1
27586,65702,0.0009573907,-1,-1
27587,65703,0.000956972,-1,-1
27588,65704,0.0009569223,-1,-1
27589,65705,0.0009576223,-1,-1
27590,65706,0.0009574043,-1,-1
27591,65707,0.0009572771,-1,-1
27592,65710,0.0009565451,-1,-1
27593,65711,0.0009570897,-1,-1
27594,65712,0.0009568554,-1,-1
27595,65713,0.0009567391,-1,-1
27596,65714,0.0009560172,-1,-1
27597,65715,0.00095678,-1,-1
27598,65716,0.0009569739,-1,-1
27599,65717,0.0009564749,-1,-1
27600,65720,0.0009576833,-1,-1
27601,65721,0.0009571935,-1,-1
27602,65722,0.000956902,-1,-1
27603,65723,0.0009568117,-1,-1
27604,65724,0.0009568327,-1,-1
27605,65725,0.0009574143,-1,-1
27606,65726,0.0009572503,-1,-1
27607,65727,0.0009570477,-1,-1
27608,65730,0.0009567927,-1,-1
27609,65731,0.0009572605,-1,-1
27610,65732,0.00095702,-1,-1
27611,65733,0.0009574278,-1,-1
27612,65734,0.0009570676,-1,-1
27613,65735,0.0009569387,-1,-1
27614,65736,0.0009566764,-1,-1
27615,65737,0.0009575082,-1,-1
27616,65740,0.0009570483,-1,-1
27617,65741,0.0009574079,-1,-1
27618,65742,0.0009570684,-1,-1
27619,65743,0.0009565573,-1,-1
27620,65744,0.000957183,-1,-1
27621,65745,0.0009566289,-1,-1
27622,65746,0.0009567378,-1,-1
27623,65747,0.000957426,-1,-1
27624,65750,0.0009564125,-1,-1
27625,65751,0.0009567864,-1,-1
27626,65752,0.0009567387,-1,-1
27627,65753,0.0009566995,-1,-1
27628,65754,0.000957186,-1,-1
27629,65755,0.0009572007,-1,-1
27630,65756,0.0009575404,-1,-1
27631,65757,0.000956499,-1,-1
27632,65760,0.0009370179,-1,-1
27633,65761,0.0007101452,-1,-1
27634,65762,0.0001458115,-1,-1
27635,65763,2.514385e-05,-1,-1
27636,65764,2.525516e-05,-1,-1
27637,65765,2.547529e-05,-1,-1
27638,65766,2.554899e-05,-1,-1
27639,65767,2.558627e-05,-1,-1
27640,65770,2.567042e-05,-1,-1
27641,65771,2.58655e-05,-1,-1
27642,65772,2.59149e-05,-1,-1
27643,65773,2.592786e-05,-1,-1
27644,65774,2.59993e-05,-1,-1
27645,65775,2.616936e-05,-1,-1
27646,65776,2.621675e-05,-1,-1
27647,65777,2.622271e-05,-1,-1
27648,66000,2.624224e-05,-1,-1
27649,66001,2.644927e-05,-1,-1
27650,66002,2.666239e-05,-1,-1
27651,66003,2.854301e-05,-1,-1
27652,66004,4.337666e-05,-1,-1
27653,66005,2.49866e-05,-1,-1
27654,66006,2.64432e-05,-1,-1
27655,66007,2.650882e-05,-1,-1
27656,66010,2.664529e-05,-1,-1
27657,66011,2.664381e-05,-1,-1
27658,66012,2.660462e-05,-1,-1
27659,66013,2.669071e-05,-1,-1
27660,66014,2.679959e-05,-1,-1
27661,66015,2.678811e-05,-1,-1
27662,66016,2.675268e-05,-1,-1
27663,66017,2.682806e-05,-1,-1
27664,66020,2.693288e-05,-1,-1
27665,66021,2.691273e-05,-1,-1
27666,66022,2.687401e-05,-1,-1
27667,66023,2.694763e-05,-1,-1
27668,66024,2.710192e-05,-1,-1
27669,66025,2.722953e-05,-1,-1
27670,66026,2.948288e-05,-1,-1
27671,66027,0.0009522352,-1,-1
27672,66030,0.0009424284,-1,-1
27673,66031,0.0009277039,-1,-1
27674,66032,0.0009150234,-1,-1
27675,66033,0.0008998672,-1,-1
27676,66034,0.0008799488,-1,-1
27677,66035,0.0008539359,-1,-1
27678,66036,0.0008147643,-1,-1
27679,66037,0.000723875,-1,-1
27680,66040,0.0004938519,-1,-1
27681,66041,0.0001947072,-1,-1
27682,66042,0.0009573979,-1,-1
27683,66043,0.0009569526,-1,-1
27684,66044,0.0009573274,-1,-1
27685,66045,0.0009573811,-1,-1
27686,66046,0.0009576563,-1,-1
27687,66047,0.0009578959,-1,-1
27688,66050,0.0009573983,-1,-1
27689,66051,0.0009575443,-1,-1
27690,66052,0.0009578929,-1,-1
27691,66053,0.0009577742,-1,-1
27692,66054,0.0009579157,-1,-1
27693,66055,0.0009572059,-1,-1
27694,66056,0.0009573703,-1,-1
27695,66057,0.0009576515,-1,-1
27696,66060,0.0009573885,-1,-1
27697,66061,0.000957677,-1,-1
27698,66062,0.0009576044,-1,-1
27699,66063,0.0009574769,-1,-1
27700,66064,0.0009574379,-1,-1
27701,66065,0.0009572093,-1,-1
27702,66066,0.0009572179,-1,-1
27703,66067,0.0009571051,-1,-1
27704,66070,0.0009572456,-1,-1
27705,66071,0.0009575033,-1,-1
27706,66072,0.000956943,-1,-1
27707,66073,0.000957306,-1,-1
27708,66074,0.0009568722,-1,-1
27709,66075,0.0009574631,-1,-1
27710,66076,0.0009579827,-1,-1
27711,66077,0.0009573628,-1,-1
27712,66100,0.0009572484,-1,-1
27713,66101,0.000957482,-1,-1
27714,66102,0.0009573674,-1,-1
27715,66103,0.0009572759,-1,-1
27716,66104,0.0009578705,-1,-1
27717,66105,0.0009576239,-1,-1
27718,66106,0.0009578775,-1,-1
27719,66107,0.0009576603,-1,-1
27720,66110,0.0009573228,-1,-1
27721,66111,0.0009574286,-1,-1
27722,66112,0.0009581819,-1,-1
27723,66113,0.0009575224,-1,-1
27724,66114,0.0009572794,-1,-1
27725,66115,0.0009582422,-1,-1
27726,66116,0.0009574137,-1,-1
27727,66117,0.0009581639,-1,-1
27728,66120,0.0009569916,-1,-1
27729,66121,0.0009579601,-1,-1
27730,66122,0.000957236,-1,-1
27731,66123,0.0009578409,-1,-1
27732,66124,0.0009577138,-1,-1
27733,66125,0.0009568995,-1,-1
27734,66126,0.0009573918,-1,-1
27735,66127,0.0009572729,-1,-1
27736,66130,0.0009575824,-1,-1
27737,66131,0.0009570778,-1,-1
27738,66132,0.0009573056,-1,-1
27739,66133,0.000956912,-1,-1
27740,66134,0.0009573571,-1,-1
27741,66135,0.0009572837,-1,-1
27742,66136,0.00095702,-1,-1
27743,66137,0.0009578678,-1,-1
27744,66140,0.0009577089,-1,-1
27745,66141,0.0009572187,-1,-1
27746,66142,0.0009571931,-1,-1
27747,66143,0.0009576581,-1,-1
27748,66144,0.0009569118,-1,-1
27749,66145,0.000957288,-1,-1
27750,66146,0.0009566383,-1,-1
27751,66147,0.0009577684,-1,-1
27752,66150,0.0009568378,-1,-1
27753,66151,0.0009571044,-1,-1
27754,66152,0.0009574873,-1,-1
27755,66153,0.0009577696,-1,-1
27756,66154,0.0009578855,-1,-1
27757,66155,0.0009577795,-1,-1
27758,66156,0.0009579016,-1,-1
27759,66157,0.0009579626,-1,-1
27760,66160,0.0009570307,-1,-1
27761,66161,0.0009573046,-1,-1
27762,66162,0.0009571866,-1,-1
27763,66163,0.0009574151,-1,-1
27764,66164,0.0009576671,-1,-1
27765,66165,0.0009577432,-1,-1
27766,66166,0.0009570906,-1,-1
27767,66167,0.0009579574,-1,-1
27768,66170,0.0009575865,-1,-1
27769,66171,0.000956949,-1,-1
27770,66172,0.0009575665,-1,-1
27771,66173,0.0009573547,-1,-1
27772,66174,0.000957843,-1,-1
27773,66175,0.0009579798,-1,-1
27774,66176,0.0009571474,-1,-1
27775,66177,0.000957395,-1,-1
27776,66200,0.0009577237,-1,-1
27777,66201,0.0009574971,-1,-1
27778,66202,0.0009572753,-1,-1
27779,66203,0.0009578281,-1,-1
27780,66204,0.0009575224,-1,-1
27781,66205,0.000957672,-1,-1
27782,66206,0.000958083,-1,-1
27783,66207,0.000957698,-1,-1
27784,66210,0.0009569116,-1,-1
27785,66211,0.0009577944,-1,-1
27786,66212,0.0009571164,-1,-1
27787,66213,0.0009576628,-1,-1
27788,66214,0.0009582553,-1,-1
27789,66215,0.0009581245,-1,-1
27790,66216,0.0009576268,-1,-1
27791,66217,0.0009570012,-1,-1
27792,66220,0.0009569698,-1,-1
27793,66221,0.0009566959,-1,-1
27794,66222,0.0009576337,-1,-1
27795,66223,0.0009575326,-1,-1
27796,66224,0.0009573259,-1,-1
27797,66225,0.0009569415,-1,-1
27798,66226,0.0009573237,-1,-1
27799,66227,0.0009569979,-1,-1
27800,66230,0.0009568686,-1,-1
27801,66231,0.0009572277,-1,-1
27802,66232,0.0009573674,-1,-1
27803,66233,0.000957222,-1,-1
27804,66234,0.0009575966,-1,-1
27805,66235,0.0009578288,-1,-1
27806,66236,0.0009573926,-1,-1
27807,66237,0.000957048,-1,-1
27808,66240,0.0009572728,-1,-1
27809,66241,0.0009576048,-1,-1
27810,66242,0.000957956,-1,-1
27811,66243,0.0009575462,-1,-1
27812,66244,0.0009577949,-1,-1
27813,66245,0.0009569454,-1,-1
27814,66246,0.0009579784,-1,-1
27815,66247,0.0009575447,-1,-1
27816,66250,0.0009577284,-1,-1
27817,66251,0.0009580036,-1,-1
27818,66252,0.0009568912,-1,-1
27819,66253,0.0009577071,-1,-1
27820,66254,0.0009578984,-1,-1
27821,66255,0.0009573942,-1,-1
27822,66256,0.0009576345,-1,-1
27823,66257,0.0009575351,-1,-1
27824,66260,0.0009579012,-1,-1
27825,66261,0.0009572722,-1,-1
27826,66262,0.0009576104,-1,-1
27827,66263,0.0009576,-1,-1
27828,66264,0.0009575869,-1,-1
27829,66265,0.0009577546,-1,-1
27830,66266,0.0009577809,-1,-1
27831,66267,0.0009578984,-1,-1
27832,66270,0.0009575168,-1,-1
27833,66271,0.0009573975,-1,-1
27834,66272,0.0009576554,-1,-1
27835,66273,0.000958397,-1,-1
27836,66274,0.0009579217,-1,-1
27837,66275,0.0009571781,-1,-1
27838,66276,0.0009576763,-1,-1
27839,66277,0.0009573985,-1,-1
27840,66300,0.0009579558,-1,-1
27841,66301,0.000957917,-1,-1
27842,66302,0.0009580897,-1,-1
27843,66303,0.0009580689,-1,-1
27844,66304,0.0009576747,-1,-1
27845,66305,0.0009581321,-1,-1
27846,66306,0.0009580286,-1,-1
27847,66307,0.0009580694,-1,-1
27848,66310,0.000958578,-1,-1
27849,66311,0.0009575548,-1,-1
27850,66312,0.0009574135,-1,-1
27851,66313,0.0009583843,-1,-1
27852,66314,0.0009584927,-1,-1
27853,66315,0.0009574071,-1,-1
27854,66316,0.0009577998,-1,-1
27855,66317,0.000957855,-1,-1
27856,66320,0.0009577119,-1,-1
27857,66321,0.0009567916,-1,-1
27858,66322,0.0009574729,-1,-1
27859,66323,0.0009577546,-1,-1
27860,66324,0.0009576579,-1,-1
27861,66325,0.0009578245,-1,-1
27862,66326,0.0009574459,-1,-1
27863,66327,0.0009577641,-1,-1
27864,66330,0.000957525,-1,-1
27865,66331,0.0009568056,-1,-1
27866,66332,0.0009575553,-1,-1
27867,66333,0.000957753,-1,-1
27868,66334,0.0009580821,-1,-1
27869,66335,0.0009574471,-1,-1
27870,66336,0.0009574603,-1,-1
27871,66337,0.000957345,-1,-1
27872,66340,0.0009577889,-1,-1
27873,66341,0.0009574465,-1,-1
27874,66342,0.0009583019,-1,-1
27875,66343,0.000956776,-1,-1
27876,66344,0.0009570558,-1,-1
27877,66345,0.0009569493,-1,-1
27878,66346,0.0009569801,-1,-1
27879,66347,0.000957526,-1,-1
27880,66350,0.0009570204,-1,-1
27881,66351,0.000958241,-1,-1
27882,66352,0.0009579004,-1,-1
27883,66353,0.0009582484,-1,-1
27884,66354,0.0009576763,-1,-1
27885,66355,0.0009575412,-1,-1
27886,66356,0.0009578553,-1,-1
27887,66357,0.0009586654,-1,-1
27888,66360,0.0009582026,-1,-1
27889,66361,0.0009578908,-1,-1
27890,66362,0.000957761,-1,-1
27891,66363,0.0009578718,-1,-1
27892,66364,0.0009581341,-1,-1
27893,66365,0.0009583646,-1,-1
27894,66366,0.0009580757,-1,-1
27895,66367,0.000957736,-1,-1
27896,66370,0.0009580031,-1,-1
27897,66371,0.0009584438,-1,-1
27898,66372,0.0009574988,-1,-1
27899,66373,0.0009579457,-1,-1
27900,66374,0.0009579943,-1,-1
27901,66375,0.0009576204,-1,-1
27902,66376,0.0009580661,-1,-1
27903,66377,0.0009580565,-1,-1
27904,66400,0.0009579536,-1,-1
27905,66401,0.0009585407,-1,-1
27906,66402,0.000957583,-1,-1
27907,66403,0.0009579847,-1,-1
27908,66404,0.0009575488,-1,-1
27909,66405,0.0009579375,-1,-1
27910,66406,0.0009580745,-1,-1
27911,66407,0.0009573901,-1,-1
27912,66410,0.0009583156,-1,-1
27913,66411,0.0009572509,-1,-1
27914,66412,0.0009578021,-1,-1
27915,66413,0.0009584064,-1,-1
27916,66414,0.0009580985,-1,-1
27917,66415,0.0009578852,-1,-1
27918,66416,0.0009581879,-1,-1
27919,66417,0.0009580179,-1,-1
27920,66420,0.0009576337,-1,-1
27921,66421,0.0009574953,-1,-1
27922,66422,0.0009579426,-1,-1
27923,66423,0.0009583991,-1,-1
27924,66424,0.0009579781,-1,-1
27925,66425,0.0009574344,-1,-1
27926,66426,0.0009575828,-1,-1
27927,66427,0.0009573364,-1,-1
27928,66430,0.0009573376,-1,-1
27929,66431,0.0009574664,-1,-1
27930,66432,0.0009579384,-1,-1
27931,66433,0.0009571053,-1,-1
27932,66434,0.0009572919,-1,-1
27933,66435,0.0009575841,-1,-1
27934,66436,0.0009569928,-1,-1
27935,66437,0.0009574272,-1,-1
27936,66440,0.0009570066,-1,-1
27937,66441,0.0009567557,-1,-1
27938,66442,0.0009578592,-1,-1
27939,66443,0.0009572015,-1,-1
27940,66444,0.0009571976,-1,-1
27941,66445,0.0009577941,-1,-1
27942,66446,0.0009575359,-1,-1
27943,66447,0.0009576494,-1,-1
27944,66450,0.000957078,-1,-1
27945,66451,0.0009570923,-1,-1
27946,66452,0.0009574352,-1,-1
27947,66453,0.0009573593,-1,-1
27948,66454,0.0009573329,-1,-1
27949,66455,0.0009572638,-1,-1
27950,66456,0.0009574869,-1,-1
27951,66457,0.0009575109,-1,-1
27952,66460,0.0009578427,-1,-1
27953,66461,0.0009577259,-1,-1
27954,66462,0.0009577253,-1,-1
27955,66463,0.0009580026,-1,-1
27956,66464,0.0009575977,-1,-1
27957,66465,0.0009580186,-1,-1
27958,66466,0.0009580298,-1,-1
27959,66467,0.000958372,-1,-1
27960,66470,0.0009582074,-1,-1
27961,66471,0.0009575994,-1,-1
27962,66472,0.0009576983,-1,-1
27963,66473,0.0009581693,-1,-1
27964,66474,0.0009573792,-1,-1
27965,66475,0.0009582787,-1,-1
27966,66476,0.0009579242,-1,-1
27967,66477,0.0009581233,-1,-1
27968,66500,0.0009578234,-1,-1
27969,66501,0.000958103,-1,-1
27970,66502,0.0009580823,-1,-1
27971,66503,0.0009577563,-1,-1
27972,66504,0.0009584924,-1,-1
27973,66505,0.0009580573,-1,-1
27974,66506,0.0009578414,-1,-1
27975,66507,0.0009576972,-1,-1
27976,66510,0.0009583512,-1,-1
27977,66511,0.0009577688,-1,-1
27978,66512,0.0009580462,-1,-1
27979,66513,0.0009582026,-1,-1
27980,66514,0.0009585946,-1,-1
27981,66515,0.0009581262,-1,-1
27982,66516,0.0009580819,-1,-1
27983,66517,0.0009582256,-1,-1
27984,66520,0.0009581801,-1,-1
27985,66521,0.0009581639,-1,-1
27986,66522,0.0009582377,-1,-1
27987,66523,0.0009578624,-1,-1
27988,66524,0.0009577788,-1,-1
27989,66525,0.0009576942,-1,-1
27990,66526,0.0009572107,-1,-1
27991,66527,0.0009582519,-1,-1
27992,66530,0.0009580099,-1,-1
27993,66531,0.0009579991,-1,-1
27994,66532,0.0009580212,-1,-1
27995,66533,0.0009579748,-1,-1
27996,66534,0.0009585867,-1,-1
27997,66535,0.0009580281,-1,-1
27998,66536,0.0009575271,-1,-1
27999,66537,0.0009580131,-1,-1
28000,66540,0.0009581887,-1,-1
28001,66541,0.0009580149,-1,-1
28002,66542,0.0009578055,-1,-1
28003,66543,0.0009582541,-1,-1
28004,66544,0.0009579553,-1,-1
28005,66545,0.000957744,-1,-1
28006,66546,0.0009573515,-1,-1
28007,66547,0.0009582724,-1,-1
28008,66550,0.000958023,-1,-1
28009,66551,0.0009579045,-1,-1
28010,66552,0.0009579379,-1,-1
28011,66553,0.000957945,-1,-1
28012,66554,0.000958233,-1,-1
28013,66555,0.0009585125,-1,-1
28014,66556,0.0009570284,-1,-1
28015,66557,0.0009576624,-1,-1
28016,66560,0.0009578771,-1,-1
28017,66561,0.0009583136,-1,-1
28018,66562,0.0009576876,-1,-1
28019,66563,0.0009579303,-1,-1
28020,66564,0.0009579816,-1,-1
28021,66565,0.0009579384,-1,-1
28022,66566,0.0009576968,-1,-1
28023,66567,0.0009572027,-1,-1
28024,66570,0.0009573341,-1,-1
28025,66571,0.0009580456,-1,-1
28026,66572,0.0009578035,-1,-1
28027,66573,0.0009573048,-1,-1
28028,66574,0.0009586141,-1,-1
28029,66575,0.000958072,-1,-1
28030,66576,0.0009578014,-1,-1
28031,66577,0.0009575131,-1,-1
28032,66600,0.0009571866,-1,-1
28033,66601,0.0009575525,-1,-1
28034,66602,0.0009575894,-1,-1
28035,66603,0.0009570063,-1,-1
28036,66604,0.0009576465,-1,-1
28037,66605,0.0009577854,-1,-1
28038,66606,0.0009575039,-1,-1
28039,66607,0.0009580321,-1,-1
28040,66610,0.0009576306,-1,-1
28041,66611,0.0009574272,-1,-1
28042,66612,0.0009577815,-1,-1
28043,66613,0.000957261,-1,-1
28044,66614,0.0009575578,-1,-1
28045,66615,0.0009581827,-1,-1
28046,66616,0.0009575491,-1,-1
28047,66617,0.0009577479,-1,-1
28048,66620,0.0009574611,-1,-1
28049,66621,0.0009576394,-1,-1
28050,66622,0.0009573889,-1,-1
28051,66623,0.0009577584,-1,-1
28052,66624,0.0009579589,-1,-1
28053,66625,0.0009574514,-1,-1
28054,66626,0.0009572809,-1,-1
28055,66627,0.0009576702,-1,-1
28056,66630,0.000957458,-1,-1
28057,66631,0.000957752,-1,-1
28058,66632,0.0009569579,-1,-1
28059,66633,0.0009577489,-1,-1
28060,66634,0.0009578976,-1,-1
28061,66635,0.0009577289,-1,-1
28062,66636,0.000958023,-1,-1
28063,66637,0.0009578424,-1,-1
28064,66640,0.0009575827,-1,-1
28065,66641,0.0009575495,-1,-1
28066,66642,0.000957907,-1,-1
28067,66643,0.0009578331,-1,-1
28068,66644,0.0009579607,-1,-1
28069,66645,0.0009581885,-1,-1
28070,66646,0.0009579275,-1,-1
28071,66647,0.0009578861,-1,-1
28072,66650,0.0009571391,-1,-1
28073,66651,0.0009576257,-1,-1
28074,66652,0.0009578338,-1,-1
28075,66653,0.0009575603,-1,-1
28076,66654,0.000957509,-1,-1
28077,66655,0.0009578268,-1,-1
28078,66656,0.0009573081,-1,-1
28079,66657,0.000957629,-1,-1
28080,66660,0.0009578248,-1,-1
28081,66661,0.000957883,-1,-1
28082,66662,0.0009576103,-1,-1
28083,66663,0.000957132,-1,-1
28084,66664,0.0009580839,-1,-1
28085,66665,0.000957291,-1,-1
28086,66666,0.0009578418,-1,-1
28087,66667,0.0009577278,-1,-1
28088,66670,0.0009576644,-1,-1
28089,66671,0.0009583564,-1,-1
28090,66672,0.0009579243,-1,-1
28091,66673,0.0009578964,-1,-1
28092,66674,0.0009572363,-1,-1
28093,66675,0.0009568462,-1,-1
28094,66676,0.0009574916,-1,-1
28095,66677,0.0009574514,-1,-1
28096,66700,0.0009575898,-1,-1
28097,66701,0.0009581399,-1,-1
28098,66702,0.0009576884,-1,-1
28099,66703,0.0009580479,-1,-1
28100,66704,0.0009571087,-1,-1
28101,66705,0.0009566285,-1,-1
28102,66706,0.0009570129,-1,-1
28103,66707,0.0009566061,-1,-1
28104,66710,0.0009573528,-1,-1
28105,66711,0.0009567711,-1,-1
28106,66712,0.000957175,-1,-1
28107,66713,0.0009580991,-1,-1
28108,66714,0.0009575262,-1,-1
28109,66715,0.0009574518,-1,-1
28110,66716,0.0009572747,-1,-1
28111,66717,0.0009574272,-1,-1
28112,66720,0.0009570789,-1,-1
28113,66721,0.0009564959,-1,-1
28114,66722,0.0009572014,-1,-1
28115,66723,0.0009573454,-1,-1
28116,66724,0.0009571466,-1,-1
28117,66725,0.0009566467,-1,-1
28118,66726,0.0009567888,-1,-1
28119,66727,0.0009574261,-1,-1
28120,66730,0.0009575453,-1,-1
28121,66731,0.0009571631,-1,-1
28122,66732,0.0009580788,-1,-1
28123,66733,0.0009569718,-1,-1
28124,66734,0.0009569226,-1,-1
28125,66735,0.0009569879,-1,-1
28126,66736,0.0009571632,-1,-1
28127,66737,0.0009574705,-1,-1
28128,66740,0.0009572981,-1,-1
28129,66741,0.0009574444,-1,-1
28130,66742,0.0009575396,-1,-1
28131,66743,0.0009571632,-1,-1
28132,66744,0.0009568447,-1,-1
28133,66745,0.0009570905,-1,-1
28134,66746,0.0009577395,-1,-1
28135,66747,0.00095755,-1,-1
28136,66750,0.0009573858,-1,-1
28137,66751,0.0009582301,-1,-1
28138,66752,0.0009572675,-1,-1
28139,66753,0.0009580614,-1,-1
28140,66754,0.0009573125,-1,-1
28141,66755,0.0009574711,-1,-1
28142,66756,0.0009574639,-1,-1
28143,66757,0.0009570871,-1,-1
28144,66760,0.0009574559,-1,-1
28145,66761,0.0009567115,-1,-1
28146,66762,0.000957147,-1,-1
28147,66763,0.0009577245,-1,-1
28148,66764,0.0009572995,-1,-1
28149,66765,0.0009577471,-1,-1
28150,66766,0.0009574957,-1,-1
28151,66767,0.0009574908,-1,-1
28152,66770,0.0009570244,-1,-1
28153,66771,0.000957569,-1,-1
28154,66772,0.000957186,-1,-1
28155,66773,0.0009572486,-1,-1
28156,66774,0.0009573132,-1,-1
28157,66775,0.0009574426,-1,-1
28158,66776,0.0009571629,-1,-1
28159,66777,0.0009567918,-1,-1
28160,67000,0.0009570536,-1,-1
28161,67001,0.0009570727,-1,-1
28162,67002,0.0009566061,-1,-1
28163,67003,0.0009571799,-1,-1
28164,67004,0.0009569398,-1,-1
28165,67005,0.0009571742,-1,-1
28166,67006,0.0009573208,-1,-1
28167,67007,0.0009561821,-1,-1
28168,67010,0.0009571252,-1,-1
28169,67011,0.0009569969,-1,-1
28170,67012,0.0009569069,-1,-1
28171,67013,0.0009572193,-1,-1
28172,67014,0.0009573536,-1,-1
28173,67015,0.0009569546,-1,-1
28174,67016,0.0009574703,-1,-1
28175,67017,0.000956717,-1,-1
28176,67020,0.0009567644,-1,-1
28177,67021,0.0009569768,-1,-1
28178,67022,0.0009561694,-1,-1
28179,67023,0.0009569571,-1,-1
28180,67024,0.0009570979,-1,-1
28181,67025,0.0009569331,-1,-1
28182,67026,0.0009573674,-1,-1
28183,67027,0.0009569473,-1,-1
28184,67030,0.000957336,-1,-1
28185,67031,0.0009570741,-1,-1
28186,67032,0.0009568369,-1,-1
28187,67033,0.0009572323,-1,-1
28188,67034,0.0009577876,-1,-1
28189,67035,0.0009571385,-1,-1
28190,67036,0.0009573274,-1,-1
28191,67037,0.0009575595,-1,-1
28192,67040,0.0009575326,-1,-1
28193,67041,0.0009577237,-1,-1
28194,67042,0.0009575344,-1,-1
28195,67043,0.0009576507,-1,-1
28196,67044,0.0009577093,-1,-1
28197,67045,0.0009571839,-1,-1
28198,67046,0.000957954,-1,-1
28199,67047,0.0009573945,-1,-1
28200,67050,0.0009572558,-1,-1
28201,67051,0.0009581688,-1,-1
28202,67052,0.0009577941,-1,-1
28203,67053,0.000958167,-1,-1
28204,67054,0.0009580413,-1,-1
28205,67055,0.0009575595,-1,-1
28206,67056,0.0009576768,-1,-1
28207,67057,0.000957683,-1,-1
28208,67060,0.0009578789,-1,-1
28209,67061,0.0009575359,-1,-1
28210,67062,0.0009572513,-1,-1
28211,67063,0.0009573979,-1,-1
28212,67064,0.0009572751,-1,-1
28213,67065,0.0009571925,-1,-1
28214,67066,0.0009578821,-1,-1
28215,67067,0.0009573819,-1,-1
28216,67070,0.0009575945,-1,-1
28217,67071,0.0009576087,-1,-1
28218,67072,0.0009578323,-1,-1
28219,67073,0.000957706,-1,-1
28220,67074,0.0009567767,-1,-1
28221,67075,0.0009572587,-1,-1
28222,67076,0.0009578178,-1,-1
28223,67077,0.0009579074,-1,-1
28224,67100,0.0009570902,-1,-1
28225,67101,0.0009574842,-1,-1
28226,67102,0.0009574805,-1,-1
28227,67103,0.0009569046,-1,-1
28228,67104,0.0009565308,-1,-1
28229,67105,0.0009569876,-1,-1
28230,67106,0.0009576741,-1,-1
28231,67107,0.0009578402,-1,-1
28232,67110,0.0009577276,-1,-1
28233,67111,0.0009571517,-1,-1
28234,67112,0.0009573831,-1,-1
28235,67113,0.0009579101,-1,-1
28236,67114,0.0009579415,-1,-1
28237,67115,0.000957844,-1,-1
28238,67116,0.000957387,-1,-1
28239,67117,0.0009573177,-1,-1
28240,67120,0.0009571488,-1,-1
28241,67121,0.0009569566,-1,-1
28242,67122,0.0009569465,-1,-1
28243,67123,0.0009568214,-1,-1
28244,67124,0.0009569079,-1,-1
28245,67125,0.0009574775,-1,-1
28246,67126,0.0009579556,-1,-1
28247,67127,0.0009578745,-1,-1
28248,67130,0.0009577009,-1,-1
28249,67131,0.0009577686,-1,-1
28250,67132,0.000957493,-1,-1
28251,67133,0.000957949,-1,-1
28252,67134,0.0009582307,-1,-1
28253,67135,0.0009580642,-1,-1
28254,67136,0.0009580308,-1,-1
28255,67137,0.0009578274,-1,-1
28256,67140,0.0009579384,-1,-1
28257,67141,0.0009581993,-1,-1
28258,67142,0.0009585815,-1,-1
28259,67143,0.0009580827,-1,-1
28260,67144,0.0009574525,-1,-1
28261,67145,0.0009576738,-1,-1
28262,67146,0.0009578469,-1,-1
28263,67147,0.0009575246,-1,-1
28264,67150,0.0009578262,-1,-1
28265,67151,0.0009574572,-1,-1
28266,67152,0.0009579578,-1,-1
28267,67153,0.0009578385,-1,-1
28268,67154,0.0009582633,-1,-1
28269,67155,0.0009583484,-1,-1
28270,67156,0.0009581571,-1,-1
28271,67157,0.0009582022,-1,-1
28272,67160,0.0009582071,-1,-1
28273,67161,0.0009584587,-1,-1
28274,67162,0.0009581678,-1,-1
28275,67163,0.0009579757,-1,-1
28276,67164,0.0009582069,-1,-1
28277,67165,0.0009582693,-1,-1
28278,67166,0.0009578951,-1,-1
28279,67167,0.0009581069,-1,-1
28280,67170,0.0009581141,-1,-1
28281,67171,0.0009582765,-1,-1
28282,67172,0.0009584946,-1,-1
28283,67173,0.000958445,-1,-1
28284,67174,0.000958732,-1,-1
28285,67175,0.000958284,-1,-1
28286,67176,0.0009578398,-1,-1
28287,67177,0.0009580958,-1,-1
28288,67200,0.00095838,-1,-1
28289,67201,0.000958129,-1,-1
28290,67202,0.0009583543,-1,-1
28291,67203,0.0009573942,-1,-1
28292,67204,0.0009580976,-1,-1
28293,67205,0.0009582664,-1,-1
28294,67206,0.000958349,-1,-1
28295,67207,0.0009588702,-1,-1
28296,67210,0.0009584786,-1,-1
28297,67211,0.0009580434,-1,-1
28298,67212,0.0009585375,-1,-1
28299,67213,0.0009574231,-1,-1
28300,67214,0.0009583306,-1,-1
28301,67215,0.0009581529,-1,-1
28302,67216,0.0009577063,-1,-1
28303,67217,0.0009581025,-1,-1
28304,67220,0.0009584901,-1,-1
28305,67221,0.0009579915,-1,-1
28306,67222,0.0009582114,-1,-1
28307,67223,0.0009581092,-1,-1
28308,67224,0.0009583146,-1,-1
28309,67225,0.0009589971,-1,-1
28310,67226,0.0009579912,-1,-1
28311,67227,0.0009577567,-1,-1
28312,67230,0.000958877,-1,-1
28313,67231,0.0009580806,-1,-1
28314,67232,0.0009581912,-1,-1
28315,67233,0.0009583426,-1,-1
28316,67234,0.0009577949,-1,-1
28317,67235,0.0009580292,-1,-1
28318,67236,0.000958238,-1,-1
28319,67237,0.0009586129,-1,-1
28320,67240,0.0009584446,-1,-1
28321,67241,0.0009581068,-1,-1
28322,67242,0.0009585902,-1,-1
28323,67243,0.0009577202,-1,-1
28324,67244,0.0009583565,-1,-1
28325,67245,0.0009582994,-1,-1
28326,67246,0.0009582233,-1,-1
28327,67247,0.0009583581,-1,-1
28328,67250,0.0009576659,-1,-1
28329,67251,0.0009579334,-1,-1
28330,67252,0.0009581384,-1,-1
28331,67253,0.0009581555,-1,-1
28332,67254,0.000958476,-1,-1
28333,67255,0.0009580296,-1,-1
28334,67256,0.0009581733,-1,-1
28335,67257,0.0009587349,-1,-1
28336,67260,0.0009579145,-1,-1
28337,67261,0.0009581245,-1,-1
28338,67262,0.0009584392,-1,-1
28339,67263,0.0009584835,-1,-1
28340,67264,0.0009586933,-1,-1
28341,67265,0.0009584153,-1,-1
28342,67266,0.0009582423,-1,-1
28343,67267,0.0009585151,-1,-1
28344,67270,0.0009587443,-1,-1
28345,67271,0.0009578846,-1,-1
28346,67272,0.0009586033,-1,-1
28347,67273,0.0009581487,-1,-1
28348,67274,0.0009579717,-1,-1
28349,67275,0.0009583259,-1,-1
28350,67276,0.0009578242,-1,-1
28351,67277,0.0009584875,-1,-1
28352,67300,0.0009579275,-1,-1
28353,67301,0.0009578688,-1,-1
28354,67302,0.0009579769,-1,-1
28355,67303,0.0009576365,-1,-1
28356,67304,0.0009577434,-1,-1
28357,67305,0.0009575669,-1,-1
28358,67306,0.0009575689,-1,-1
28359,67307,0.0009583589,-1,-1
28360,67310,0.0009583259,-1,-1
28361,67311,0.0009585192,-1,-1
28362,67312,0.0009576983,-1,-1
28363,67313,0.0009575645,-1,-1
28364,67314,0.0009575773,-1,-1
28365,67315,0.000958158,-1,-1
28366,67316,0.0009577506,-1,-1
28367,67317,0.0009578713,-1,-1
28368,67320,0.0009579321,-1,-1
28369,67321,0.0009582101,-1,-1
28370,67322,0.0009585879,-1,-1
28371,67323,0.000958006,-1,-1
28372,67324,0.0009585079,-1,-1
28373,67325,0.0009580989,-1,-1
28374,67326,0.0009582163,-1,-1
28375,67327,0.0009576698,-1,-1
28376,67330,0.000957818,-1,-1
28377,67331,0.0009583283,-1,-1
28378,67332,0.0009578231,-1,-1
28379,67333,0.0009579855,-1,-1
28380,67334,0.0009579974,-1,-1
28381,67335,0.0009581498,-1,-1
28382,67336,0.0009578863,-1,-1
28383,67337,0.0009573343,-1,-1
28384,67340,0.0009580146,-1,-1
28385,67341,0.0009580884,-1,-1
28386,67342,0.0009583469,-1,-1
28387,67343,0.0009574108,-1,-1
28388,67344,0.0009581561,-1,-1
28389,67345,0.0009575146,-1,-1
28390,67346,0.0009585143,-1,-1
28391,67347,0.0009585651,-1,-1
28392,67350,0.0009580971,-1,-1
28393,67351,0.0009577484,-1,-1
28394,67352,0.0009585075,-1,-1
28395,67353,0.0009577561,-1,-1
28396,67354,0.0009575566,-1,-1
28397,67355,0.0009580909,-1,-1
28398,67356,0.000957428,-1,-1
28399,67357,0.0009581833,-1,-1
28400,67360,0.0009582367,-1,-1
28401,67361,0.000957598,-1,-1
28402,67362,0.0009574705,-1,-1
28403,67363,0.0009578377,-1,-1
28404,67364,0.0009573338,-1,-1
28405,67365,0.0009581406,-1,-1
28406,67366,0.0009572972,-1,-1
28407,67367,0.000957508,-1,-1
28408,67370,0.0009578783,-1,-1
28409,67371,0.0009572739,-1,-1
28410,67372,0.0009579681,-1,-1
28411,67373,0.0009576458,-1,-1
28412,67374,0.0009573488,-1,-1
28413,67375,0.0009578586,-1,-1
28414,67376,0.0009579298,-1,-1
28415,67377,0.0009580282,-1,-1
28416,67400,0.0009571466,-1,-1
28417,67401,0.0009577987,-1,-1
28418,67402,0.0009578037,-1,-1
28419,67403,0.0009575892,-1,-1
28420,67404,0.0009578047,-1,-1
28421,67405,0.000957866,-1,-1
28422,67406,0.0009583955,-1,-1
28423,67407,0.0009578221,-1,-1
28424,67410,0.0009580704,-1,-1
28425,67411,0.0009573579,-1,-1
28426,67412,0.0009587759,-1,-1
28427,67413,0.0009582819,-1,-1
28428,67414,0.0009585227,-1,-1
28429,67415,0.0009580183,-1,-1
28430,67416,0.0009579899,-1,-1
28431,67417,0.0009573956,-1,-1
28432,67420,0.0009579802,-1,-1
28433,67421,0.0009579402,-1,-1
28434,67422,0.0009580915,-1,-1
28435,67423,0.000957616,-1,-1
28436,67424,0.0009580411,-1,-1
28437,67425,0.0009573731,-1,-1
28438,67426,0.0009583543,-1,-1
28439,67427,0.0009576131,-1,-1
28440,67430,0.0009580224,-1,-1
28441,67431,0.0009577284,-1,-1
28442,67432,0.0009577528,-1,-1
28443,67433,0.0009567182,-1,-1
28444,67434,0.0009581395,-1,-1
28445,67435,0.000958038,-1,-1
28446,67436,0.0009571061,-1,-1
28447,67437,0.0009576827,-1,-1
28448,67440,0.0009583865,-1,-1
28449,67441,0.0009571367,-1,-1
28450,67442,0.0009582284,-1,-1
28451,67443,0.0009576963,-1,-1
28452,67444,0.0009580864,-1,-1
28453,67445,0.0009577463,-1,-1
28454,67446,0.0009583515,-1,-1
28455,67447,0.0009578519,-1,-1
28456,67450,0.0009581677,-1,-1
28457,67451,0.0009585787,-1,-1
28458,67452,0.0009578239,-1,-1
28459,67453,0.0009579334,-1,-1
28460,67454,0.0009576048,-1,-1
28461,67455,0.0009577108,-1,-1
28462,67456,0.0009574238,-1,-1
28463,67457,0.0009571826,-1,-1
28464,67460,0.0009573688,-1,-1
28465,67461,0.0009584134,-1,-1
28466,67462,0.0009581854,-1,-1
28467,67463,0.0009579697,-1,-1
28468,67464,0.0009582479,-1,-1
28469,67465,0.0009576292,-1,-1
28470,67466,0.0009571714,-1,-1
28471,67467,0.0009577087,-1,-1
28472,67470,0.0009578239,-1,-1
28473,67471,0.0009574412,-1,-1
28474,67472,0.0009579571,-1,-1
28475,67473,0.0009577733,-1,-1
28476,67474,0.0009576476,-1,-1
28477,67475,0.0009573289,-1,-1
28478,67476,0.0009579351,-1,-1
28479,67477,0.0009579035,-1,-1
28480,67500,0.0009575687,-1,-1
28481,67501,0.0009574042,-1,-1
28482,67502,0.000957638,-1,-1
28483,67503,0.0009573518,-1,-1
28484,67504,0.0009572023,-1,-1
28485,67505,0.0009574563,-1,-1
28486,67506,0.0009575601,-1,-1
28487,67507,0.0009576982,-1,-1
28488,67510,0.0009570133,-1,-1
28489,67511,0.0009572843,-1,-1
28490,67512,0.0009571114,-1,-1
28491,67513,0.0009572527,-1,-1
28492,67514,0.0009579179,-1,-1
28493,67515,0.0009578411,-1,-1
28494,67516,0.0009575784,-1,-1
28495,67517,0.0009577541,-1,-1
28496,67520,0.0009582244,-1,-1
28497,67521,0.0009578748,-1,-1
28498,67522,0.0009577678,-1,-1
28499,67523,0.0009576946,-1,-1
28500,67524,0.0009575826,-1,-1
28501,67525,0.0009578277,-1,-1
28502,67526,0.0009571573,-1,-1
28503,67527,0.0009583517,-1,-1
28504,67530,0.0009570332,-1,-1
28505,67531,0.0009577791,-1,-1
28506,67532,0.0009579232,-1,-1
28507,67533,0.0009569356,-1,-1
28508,67534,0.0009579418,-1,-1
28509,67535,0.0009572742,-1,-1
28510,67536,0.0009577555,-1,-1
28511,67537,0.0009575874,-1,-1
28512,67540,0.0009573647,-1,-1
28513,67541,0.0009582082,-1,-1
28514,67542,0.0009580565,-1,-1
28515,67543,0.0009567012,-1,-1
28516,67544,0.0009569877,-1,-1
28517,67545,0.0009572288,-1,-1
28518,67546,0.0009571396,-1,-1
28519,67547,0.0009571187,-1,-1
28520,67550,0.0009575968,-1,-1
28521,67551,0.0009573156,-1,-1
28522,67552,0.0009573015,-1,-1
28523,67553,0.0009576841,-1,-1
28524,67554,0.0009573565,-1,-1
28525,67555,0.0009578003,-1,-1
28526,67556,0.0009577997,-1,-1
28527,67557,0.0009575339,-1,-1
28528,67560,0.0009579234,-1,-1
28529,67561,0.0009576698,-1,-1
28530,67562,0.0009576753,-1,-1
28531,67563,0.0009571287,-1,-1
28532,67564,0.0009577175,-1,-1
28533,67565,0.0009582112,-1,-1
28534,67566,0.0009572185,-1,-1
28535,67567,0.0009574994,-1,-1
28536,67570,0.0009578834,-1,-1
28537,67571,0.0009569657,-1,-1
28538,67572,0.0009572807,-1,-1
28539,67573,0.0009577934,-1,-1
28540,67574,0.0009570845,-1,-1
28541,67575,0.0009579083,-1,-1
28542,67576,0.0009573897,-1,-1
28543,67577,0.0009581483,-1,-1
28544,67600,0.0009574979,-1,-1
28545,67601,0.0009580991,-1,-1
28546,67602,0.0009579927,-1,-1
28547,67603,0.0009575551,-1,-1
28548,67604,0.0009573114,-1,-1
28549,67605,0.0009568453,-1,-1
28550,67606,0.0009572196,-1,-1
28551,67607,0.0009562163,-1,-1
28552,67610,0.0009567817,-1,-1
28553,67611,0.0009568289,-1,-1
28554,67612,0.0009572248,-1,-1
28555,67613,0.0009570674,-1,-1
28556,67614,0.0009575687,-1,-1
28557,67615,0.0009567424,-1,-1
28558,67616,0.0009574496,-1,-1
28559,67617,0.0009582859,-1,-1
28560,67620,0.0009580876,-1,-1
28561,67621,0.0009569522,-1,-1
28562,67622,0.0009569973,-1,-1
28563,67623,0.0009565659,-1,-1
28564,67624,0.0009567935,-1,-1
28565,67625,0.0009572839,-1,-1
28566,67626,0.0009562465,-1,-1
28567,67627,0.000956822,-1,-1
28568,67630,0.0009569778,-1,-1
28569,67631,0.0009571629,-1,-1
28570,67632,0.0009570572,-1,-1
28571,67633,0.0009566182,-1,-1
28572,67634,0.0009568796,-1,-1
28573,67635,0.0009566368,-1,-1
28574,67636,0.0009567326,-1,-1
28575,67637,0.0009566469,-1,-1
28576,67640,0.0009558949,-1,-1
28577,67641,0.0009558985,-1,-1
28578,67642,0.0009558261,-1,-1
28579,67643,0.0009568363,-1,-1
28580,67644,0.0009566268,-1,-1
28581,67645,0.0009566034,-1,-1
28582,67646,0.0009564431,-1,-1
28583,67647,0.0009567607,-1,-1
28584,67650,0.0009573645,-1,-1
28585,67651,0.0009575088,-1,-1
28586,67652,0.0009571757,-1,-1
28587,67653,0.0009568825,-1,-1
28588,67654,0.0009576501,-1,-1
28589,67655,0.0009571632,-1,-1
28590,67656,0.0009568334,-1,-1
28591,67657,0.0009576429,-1,-1
28592,67660,0.0009568909,-1,-1
28593,67661,0.0009574467,-1,-1
28594,67662,0.0009572865,-1,-1
28595,67663,0.0009569871,-1,-1
28596,67664,0.0009576252,-1,-1
28597,67665,0.0009575488,-1,-1
28598,67666,0.0009572626,-1,-1
28599,67667,0.000957288,-1,-1
28600,67670,0.0009568605,-1,-1
28601,67671,0.000957737,-1,-1
28602,67672,0.000956832,-1,-1
28603,67673,0.0009567976,-1,-1
28604,67674,0.0009564732,-1,-1
28605,67675,0.000956797,-1,-1
28606,67676,0.0009571465,-1,-1
28607,67677,0.0009565339,-1,-1
28608,67700,0.0009566756,-1,-1
28609,67701,0.0009568923,-1,-1
28610,67702,0.0009565987,-1,-1
28611,67703,0.0009571195,-1,-1
28612,67704,0.000956952,-1,-1
28613,67705,0.0009570312,-1,-1
28614,67706,0.0009572894,-1,-1
28615,67707,0.0009573217,-1,-1
28616,67710,0.0009572878,-1,-1
28617,67711,0.0009570144,-1,-1
28618,67712,0.0009569723,-1,-1
28619,67713,0.0009575849,-1,-1
28620,67714,0.0009566621,-1,-1
28621,67715,0.0009566371,-1,-1
28622,67716,0.000956661,-1,-1
28623,67717,0.0009569272,-1,-1
28624,67720,0.0009558776,-1,-1
28625,67721,0.0009572748,-1,-1
28626,67722,0.0009559077,-1,-1
28627,67723,0.0009560256,-1,-1
28628,67724,0.0009562051,-1,-1
28629,67725,0.0009562204,-1,-1
28630,67726,0.0009566678,-1,-1
28631,67727,0.0009569555,-1,-1
28632,67730,0.0009563973,-1,-1
28633,67731,0.0009567221,-1,-1
28634,67732,0.0009563994,-1,-1
28635,67733,0.0009560236,-1,-1
28636,67734,0.0009567783,-1,-1
28637,67735,0.0009562515,-1,-1
28638,67736,0.0009567088,-1,-1
28639,67737,0.0009563791,-1,-1
28640,67740,0.0009553123,-1,-1
28641,67741,0.000956086,-1,-1
28642,67742,0.0009564605,-1,-1
28643,67743,0.0009563492,-1,-1
28644,67744,0.0009563444,-1,-1
28645,67745,0.0009568111,-1,-1
28646,67746,0.0009562772,-1,-1
28647,67747,0.0009565238,-1,-1
28648,67750,0.0009565481,-1,-1
28649,67751,0.0009558049,-1,-1
28650,67752,0.0009574209,-1,-1
28651,67753,0.0009574939,-1,-1
28652,67754,0.0009567805,-1,-1
28653,67755,0.0009580632,-1,-1
28654,67756,0.0009568327,-1,-1
28655,67757,0.0009569313,-1,-1
28656,67760,0.0009571978,-1,-1
28657,67761,0.0009578976,-1,-1
28658,67762,0.0009572423,-1,-1
28659,67763,0.0009572628,-1,-1
28660,67764,0.0009562161,-1,-1
28661,67765,0.00095807,-1,-1
28662,67766,0.0009573309,-1,-1
28663,67767,0.0009567572,-1,-1
28664,67770,0.0009575748,-1,-1
28665,67771,0.0009573317,-1,-1
28666,67772,0.0009572525,-1,-1
28667,67773,0.0009571697,-1,-1
28668,67774,0.0009569987,-1,-1
28669,67775,0.0009579002,-1,-1
28670,67776,0.0009570852,-1,-1
28671,67777,0.0009575053,-1,-1
28672,70000,0.0009571,-1,-1
28673,70001,0.0009563758,-1,-1
28674,70002,0.000957451,-1,-1
28675,70003,0.0009569915,-1,-1
28676,70004,0.0009572995,-1,-1
28677,70005,0.0009565817,-1,-1
28678,70006,0.0009570664,-1,-1
28679,70007,0.0009570385,-1,-1
28680,70010,0.0009570674,-1,-1
28681,70011,0.0009570598,-1,-1
28682,70012,0.0009575019,-1,-1
28683,70013,0.0009566981,-1,-1
28684,70014,0.0009575674,-1,-1
28685,70015,0.0009569264,-1,-1
28686,70016,0.0009567705,-1,-1
28687,70017,0.0009566328,-1,-1
28688,70020,0.000956888,-1,-1
28689,70021,0.0009578344,-1,-1
28690,70022,0.0009575161,-1,-1
28691,70023,0.0009560691,-1,-1
28692,70024,0.0009568214,-1,-1
28693,70025,0.0009565138,-1,-1
28694,70026,0.0009571149,-1,-1
28695,70027,0.000956643,-1,-1
28696,70030,0.0009571752,-1,-1
28697,70031,0.0009570328,-1,-1
28698,70032,0.000957222,-1,-1
28699,70033,0.0009570381,-1,-1
28700,70034,0.0009571842,-1,-1
28701,70035,0.0009569799,-1,-1
28702,70036,0.0009573867,-1,-1
28703,70037,0.0009573161,-1,-1
28704,70040,0.0009570426,-1,-1
28705,70041,0.0009567438,-1,-1
28706,70042,0.0009576216,-1,-1
28707,70043,0.0009574705,-1,-1
28708,70044,0.0009572148,-1,-1
28709,70045,0.0009564905,-1,-1
28710,70046,0.0009576805,-1,-1
28711,70047,0.0009569436,-1,-1
28712,70050,0.0009571914,-1,-1
28713,70051,0.0009568611,-1,-1
28714,70052,0.0009572044,-1,-1
28715,70053,0.0009570798,-1,-1
28716,70054,0.0009576281,-1,-1
28717,70055,0.0009571125,-1,-1
28718,70056,0.0009576185,-1,-1
28719,70057,0.0009568493,-1,-1
28720,70060,0.0009564142,-1,-1
28721,70061,0.000956727,-1,-1
28722,70062,0.0009570767,-1,-1
28723,70063,0.0009571808,-1,-1
28724,70064,0.0009563703,-1,-1
28725,70065,0.0009566428,-1,-1
28726,70066,0.0009568651,-1,-1
28727,70067,0.0009569413,-1,-1
28728,70070,0.0009566643,-1,-1
28729,70071,0.0009562651,-1,-1
28730,70072,0.0009564445,-1,-1
28731,70073,0.0009566063,-1,-1
28732,70074,0.0009567496,-1,-1
28733,70075,0.000956479,-1,-1
28734,70076,0.0009568269,-1,-1
28735,70077,0.0009578121,-1,-1
28736,70100,0.0009576882,-1,-1
28737,70101,0.0009580339,-1,-1
28738,70102,0.0009575595,-1,-1
28739,70103,0.0009570313,-1,-1
28740,70104,0.0009577108,-1,-1
28741,70105,0.0009572948,-1,-1
28742,70106,0.0009572552,-1,-1
28743,70107,0.000957256,-1,-1
28744,70110,0.0009582088,-1,-1
28745,70111,0.0009572991,-1,-1
28746,70112,0.0009577466,-1,-1
28747,70113,0.0009583554,-1,-1
28748,70114,0.000957746,-1,-1
28749,70115,0.0009570486,-1,-1
28750,70116,0.0009575307,-1,-1
28751,70117,0.0009574547,-1,-1
28752,70120,0.0009572059,-1,-1
28753,70121,0.0009574232,-1,-1
28754,70122,0.0009574258,-1,-1
28755,70123,0.000957133,-1,-1
28756,70124,0.0009566495,-1,-1
28757,70125,0.0009574926,-1,-1
28758,70126,0.0009569828,-1,-1
28759,70127,0.0009566627,-1,-1
28760,70130,0.0009570102,-1,-1
28761,70131,0.0009561204,-1,-1
28762,70132,0.0009568433,-1,-1
28763,70133,0.0009566006,-1,-1
28764,70134,0.000956811,-1,-1
28765,70135,0.0009569933,-1,-1
28766,70136,0.0009567024,-1,-1
28767,70137,0.0009570274,-1,-1
28768,70140,0.0009569051,-1,-1
28769,70141,0.0009574426,-1,-1
28770,70142,0.0009562553,-1,-1
28771,70143,0.000956714,-1,-1
28772,70144,0.0009567371,-1,-1
28773,70145,0.000957018,-1,-1
28774,70146,0.0009571763,-1,-1
28775,70147,0.0009569436,-1,-1
28776,70150,0.0009569369,-1,-1
28777,70151,0.0009570717,-1,-1
28778,70152,0.0009568079,-1,-1
28779,70153,0.0009573179,-1,-1
28780,70154,0.0009577704,-1,-1
28781,70155,0.0009570477,-1,-1
28782,70156,0.0009575291,-1,-1
28783,70157,0.0009581551,-1,-1
28784,70160,0.00095687,-1,-1
28785,70161,0.0009571293,-1,-1
28786,70162,0.0009576944,-1,-1
28787,70163,0.0009581471,-1,-1
28788,70164,0.0009571168,-1,-1
28789,70165,0.0009575605,-1,-1
28790,70166,0.0009577589,-1,-1
28791,70167,0.000957157,-1,-1
28792,70170,0.000957801,-1,-1
28793,70171,0.0009574299,-1,-1
28794,70172,0.0009568869,-1,-1
28795,70173,0.0009572078,-1,-1
28796,70174,0.0009573893,-1,-1
28797,70175,0.00095719,-1,-1
28798,70176,0.0009571544,-1,-1
28799,70177,0.0009573251,-1,-1
28800,70200,0.0009571877,-1,-1
28801,70201,0.0009563367,-1,-1
28802,70202,0.0009570576,-1,-1
28803,70203,0.0009571849,-1,-1
28804,70204,0.0009566345,-1,-1
28805,70205,0.0009572441,-1,-1
28806,70206,0.0009568341,-1,-1
28807,70207,0.0009571488,-1,-1
28808,70210,0.0009570012,-1,-1
28809,70211,0.0009567708,-1,-1
28810,70212,0.0009574068,-1,-1
28811,70213,0.0009571215,-1,-1
28812,70214,0.0009569768,-1,-1
28813,70215,0.0009565659,-1,-1
28814,70216,0.000957002,-1,-1
28815,70217,0.0009563838,-1,-1
28816,70220,0.0009570518,-1,-1
28817,70221,0.0009566885,-1,-1
28818,70222,0.000957526,-1,-1
28819,70223,0.0009571976,-1,-1
28820,70224,0.0009562465,-1,-1
28821,70225,0.0009570756,-1,-1
28822,70226,0.0009572409,-1,-1
28823,70227,0.0009570715,-1,-1
28824,70230,0.0009574588,-1,-1
28825,70231,0.0009570828,-1,-1
28826,70232,0.0009571185,-1,-1
28827,70233,0.0009567761,-1,-1
28828,70234,0.0009571112,-1,-1
28829,70235,0.0009570715,-1,-1
28830,70236,0.0009572718,-1,-1
28831,70237,0.0009566498,-1,-1
28832,70240,0.0009564601,-1,-1
28833,70241,0.0009573559,-1,-1
28834,70242,0.0009569833,-1,-1
28835,70243,0.0009568058,-1,-1
28836,70244,0.0009562672,-1,-1
28837,70245,0.0009570158,-1,-1
28838,70246,0.000956759,-1,-1
28839,70247,0.0009567111,-1,-1
28840,70250,0.0009569407,-1,-1
28841,70251,0.0009568441,-1,-1
28842,70252,0.0009575632,-1,-1
28843,70253,0.0009568847,-1,-1
28844,70254,0.0009571958,-1,-1
28845,70255,0.0009562114,-1,-1
28846,70256,0.000956848,-1,-1
28847,70257,0.0009569429,-1,-1
28848,70260,0.0009572876,-1,-1
28849,70261,0.0009563344,-1,-1
28850,70262,0.0009569337,-1,-1
28851,70263,0.0009559824,-1,-1
28852,70264,0.0009569763,-1,-1
28853,70265,0.0009565009,-1,-1
28854,70266,0.0009565011,-1,-1
28855,70267,0.0009574165,-1,-1
28856,70270,0.0009562378,-1,-1
28857,70271,0.0009564062,-1,-1
28858,70272,0.0009562143,-1,-1
28859,70273,0.0009563451,-1,-1
28860,70274,0.0009564045,-1,-1
28861,70275,0.0009568769,-1,-1
28862,70276,0.0009568685,-1,-1
28863,70277,0.0009570614,-1,-1
28864,70300,0.0009569339,-1,-1
28865,70301,0.0009569093,-1,-1
28866,70302,0.0009565764,-1,-1
28867,70303,0.0009569583,-1,-1
28868,70304,0.0009571509,-1,-1
28869,70305,0.0009567754,-1,-1
28870,70306,0.0009560933,-1,-1
28871,70307,0.0009562125,-1,-1
28872,70310,0.0009563796,-1,-1
28873,70311,0.0009565077,-1,-1
28874,70312,0.0009561433,-1,-1
28875,70313,0.0009568611,-1,-1
28876,70314,0.0009563326,-1,-1
28877,70315,0.0009566098,-1,-1
28878,70316,0.0009565037,-1,-1
28879,70317,0.0009564894,-1,-1
28880,70320,0.0009569013,-1,-1
28881,70321,0.0009561594,-1,-1
28882,70322,0.0009569718,-1,-1
28883,70323,0.0009568673,-1,-1
28884,70324,0.0009566598,-1,-1
28885,70325,0.0009574845,-1,-1
28886,70326,0.0009564158,-1,-1
28887,70327,0.0009574968,-1,-1
28888,70330,0.0009574945,-1,-1
28889,70331,0.0009566014,-1,-1
28890,70332,0.0009569288,-1,-1
28891,70333,0.0009565741,-1,-1
28892,70334,0.0009566906,-1,-1
28893,70335,0.000956585,-1,-1
28894,70336,0.0009575179,-1,-1
28895,70337,0.0009573682,-1,-1
28896,70340,0.0009568394,-1,-1
28897,70341,0.0009571072,-1,-1
28898,70342,0.0009570206,-1,-1
28899,70343,0.0009570002,-1,-1
28900,70344,0.0009566809,-1,-1
28901,70345,0.0009569905,-1,-1
28902,70346,0.000956887,-1,-1
28903,70347,0.0009570097,-1,-1
28904,70350,0.0009570635,-1,-1
28905,70351,0.0009572048,-1,-1
28906,70352,0.0009572722,-1,-1
28907,70353,0.0009574236,-1,-1
28908,70354,0.0009573286,-1,-1
28909,70355,0.0009571008,-1,-1
28910,70356,0.0009567176,-1,-1
28911,70357,0.000956375,-1,-1
28912,70360,0.0009567447,-1,-1
28913,70361,0.0009572592,-1,-1
28914,70362,0.0009574707,-1,-1
28915,70363,0.0009570608,-1,-1
28916,70364,0.0009570594,-1,-1
28917,70365,0.0009565684,-1,-1
28918,70366,0.0009565359,-1,-1
28919,70367,0.0009565437,-1,-1
28920,70370,0.0009566063,-1,-1
28921,70371,0.0009566973,-1,-1
28922,70372,0.0009564674,-1,-1
28923,70373,0.0009567703,-1,-1
28924,70374,0.000956781,-1,-1
28925,70375,0.0009569395,-1,-1
28926,70376,0.0009572614,-1,-1
28927,70377,0.0009566368,-1,-1
28928,70400,0.0009568643,-1,-1
28929,70401,0.0009566871,-1,-1
28930,70402,0.0009567754,-1,-1
28931,70403,0.0009564768,-1,-1
28932,70404,0.0009561263,-1,-1
28933,70405,0.000957066,-1,-1
28934,70406,0.0009562692,-1,-1
28935,70407,0.0009562116,-1,-1
28936,70410,0.0009570048,-1,-1
28937,70411,0.0009568697,-1,-1
28938,70412,0.0009568257,-1,-1
28939,70413,0.0009564179,-1,-1
28940,70414,0.0009566653,-1,-1
28941,70415,0.0009562622,-1,-1
28942,70416,0.0009563579,-1,-1
28943,70417,0.0009565622,-1,-1
28944,70420,0.000957355,-1,-1
28945,70421,0.0009566278,-1,-1
28946,70422,0.0009567334,-1,-1
28947,70423,0.0009568383,-1,-1
28948,70424,0.0009564505,-1,-1
28949,70425,0.0009564732,-1,-1
28950,70426,0.0009570652,-1,-1
28951,70427,0.0009568755,-1,-1
28952,70430,0.0009572903,-1,-1
28953,70431,0.0009568177,-1,-1
28954,70432,0.0009562701,-1,-1
28955,70433,0.0009569763,-1,-1
28956,70434,0.0009571117,-1,-1
28957,70435,0.0009566256,-1,-1
28958,70436,0.0009566578,-1,-1
28959,70437,0.0009571629,-1,-1
28960,70440,0.000956992,-1,-1
28961,70441,0.00095722,-1,-1
28962,70442,0.0009570626,-1,-1
28963,70443,0.0009572446,-1,-1
28964,70444,0.0009563002,-1,-1
28965,70445,0.0009570176,-1,-1
28966,70446,0.0009568669,-1,-1
28967,70447,0.0009563187,-1,-1
28968,70450,0.000957147,-1,-1
28969,70451,0.0009565501,-1,-1
28970,70452,0.0009567164,-1,-1
28971,70453,0.0009568472,-1,-1
28972,70454,0.0009564126,-1,-1
28973,70455,0.000956904,-1,-1
28974,70456,0.0009561366,-1,-1
28975,70457,0.0009565747,-1,-1
28976,70460,0.0009565345,-1,-1
28977,70461,0.0009566479,-1,-1
28978,70462,0.0009562775,-1,-1
28979,70463,0.000957533,-1,-1
28980,70464,0.0009571878,-1,-1
28981,70465,0.0009567797,-1,-1
28982,70466,0.0009570459,-1,-1
28983,70467,0.0009573094,-1,-1
28984,70470,0.0009568294,-1,-1
28985,70471,0.000956463,-1,-1
28986,70472,0.000957094,-1,-1
28987,70473,0.00095692,-1,-1
28988,70474,0.0009572213,-1,-1
28989,70475,0.0009570128,-1,-1
28990,70476,0.0009573036,-1,-1
28991,70477,0.0009565842,-1,-1
28992,70500,0.0009564069,-1,-1
28993,70501,0.0009567456,-1,-1
28994,70502,0.0009564448,-1,-1
28995,70503,0.0009573477,-1,-1
28996,70504,0.000957028,-1,-1
28997,70505,0.0009567078,-1,-1
28998,70506,0.0009577905,-1,-1
28999,70507,0.0009569774,-1,-1
29000,70510,0.0009569591,-1,-1
29001,70511,0.0009571187,-1,-1
29002,70512,0.0009573567,-1,-1
29003,70513,0.0009570994,-1,-1
29004,70514,0.0009570899,-1,-1
29005,70515,0.0009571734,-1,-1
29006,70516,0.0009572657,-1,-1
29007,70517,0.0009565362,-1,-1
29008,70520,0.0009571144,-1,-1
29009,70521,0.0009568021,-1,-1
29010,70522,0.0009559484,-1,-1
29011,70523,0.0009562665,-1,-1
29012,70524,0.0009566434,-1,-1
29013,70525,0.0009571398,-1,-1
29014,70526,0.000956888,-1,-1
29015,70527,0.000956692,-1,-1
29016,70530,0.0009570497,-1,-1
29017,70531,0.0009568005,-1,-1
29018,70532,0.0009578178,-1,-1
29019,70533,0.0009575773,-1,-1
29020,70534,0.000957303,-1,-1
29021,70535,0.0009577411,-1,-1
29022,70536,0.0009572573,-1,-1
29023,70537,0.0009572197,-1,-1
29024,70540,0.0009582745,-1,-1
29025,70541,0.0009578869,-1,-1
29026,70542,0.0009582297,-1,-1
29027,70543,0.0009577934,-1,-1
29028,70544,0.0009570036,-1,-1
29029,70545,0.0009565544,-1,-1
29030,70546,0.0009574507,-1,-1
29031,70547,0.0009562965,-1,-1
29032,70550,0.0009567988,-1,-1
29033,70551,0.0009570247,-1,-1
29034,70552,0.0009571904,-1,-1
29035,70553,0.0009573231,-1,-1
29036,70554,0.0009567458,-1,-1
29037,70555,0.0009567006,-1,-1
29038,70556,0.000956852,-1,-1
29039,70557,0.0009568332,-1,-1
29040,70560,0.000956904,-1,-1
29041,70561,0.0009567662,-1,-1
29042,70562,0.0009571727,-1,-1
29043,70563,0.0009571619,-1,-1
29044,70564,0.0009573091,-1,-1
29045,70565,0.0009569337,-1,-1
29046,70566,0.0009574539,-1,-1
29047,70567,0.0009572735,-1,-1
29048,70570,0.0009563812,-1,-1
29049,70571,0.0009563169,-1,-1
29050,70572,0.0009564517,-1,-1
29051,70573,0.0009566967,-1,-1
29052,70574,0.0009566133,-1,-1
29053,70575,0.0009568318,-1,-1
29054,70576,0.0009569097,-1,-1
29055,70577,0.0009565146,-1,-1
29056,70600,0.0009569911,-1,-1
29057,70601,0.0009571539,-1,-1
29058,70602,0.0009571477,-1,-1
29059,70603,0.0009572691,-1,-1
29060,70604,0.000957033,-1,-1
29061,70605,0.0009571055,-1,-1
29062,70606,0.0009571658,-1,-1
29063,70607,0.0009568621,-1,-1
29064,70610,0.0009565948,-1,-1
29065,70611,0.000957254,-1,-1
29066,70612,0.0009570502,-1,-1
29067,70613,0.0009564388,-1,-1
29068,70614,0.0009569278,-1,-1
29069,70615,0.0009570617,-1,-1
29070,70616,0.0009572062,-1,-1
29071,70617,0.0009568866,-1,-1
29072,70620,0.0009569568,-1,-1
29073,70621,0.0009579126,-1,-1
29074,70622,0.0009567548,-1,-1
29075,70623,0.0009568979,-1,-1
29076,70624,0.0009569598,-1,-1
29077,70625,0.0009569034,-1,-1
29078,70626,0.0009570008,-1,-1
29079,70627,0.0009572456,-1,-1
29080,70630,0.0009579068,-1,-1
29081,70631,0.0009575244,-1,-1
29082,70632,0.0009571654,-1,-1
29083,70633,0.0009567243,-1,-1
29084,70634,0.0009567553,-1,-1
29085,70635,0.0009573668,-1,-1
29086,70636,0.0009571295,-1,-1
29087,70637,0.0009573631,-1,-1
29088,70640,0.0009570934,-1,-1
29089,70641,0.0009570536,-1,-1
29090,70642,0.0009570079,-1,-1
29091,70643,0.0009566302,-1,-1
29092,70644,0.0009571572,-1,-1
29093,70645,0.0009568778,-1,-1
29094,70646,0.0009570104,-1,-1
29095,70647,0.0009568122,-1,-1
29096,70650,0.000956872,-1,-1
29097,70651,0.0009564526,-1,-1
29098,70652,0.0009559914,-1,-1
29099,70653,0.0009569559,-1,-1
29100,70654,0.0009569698,-1,-1
29101,70655,0.0009571087,-1,-1
29102,70656,0.0009573372,-1,-1
29103,70657,0.0009568162,-1,-1
29104,70660,0.0009573599,-1,-1
29105,70661,0.0009574828,-1,-1
29106,70662,0.0009571127,-1,-1
29107,70663,0.000957426,-1,-1
29108,70664,0.0009577124,-1,-1
29109,70665,0.0009576073,-1,-1
29110,70666,0.0009574736,-1,-1
29111,70667,0.000957166,-1,-1
29112,70670,0.0009570881,-1,-1
29113,70671,0.0009569033,-1,-1
29114,70672,0.0009570793,-1,-1
29115,70673,0.000957898,-1,-1
29116,70674,0.0009574153,-1,-1
29117,70675,0.0009573954,-1,-1
29118,70676,0.0009568047,-1,-1
29119,70677,0.0009570477,-1,-1
29120,70700,0.0009567002,-1,-1
29121,70701,0.0009566362,-1,-1
29122,70702,0.0009566504,-1,-1
29123,70703,0.0009566789,-1,-1
29124,70704,0.0009566852,-1,-1
29125,70705,0.0009566371,-1,-1
29126,70706,0.0009568607,-1,-1
29127,70707,0.0009571228,-1,-1
29128,70710,0.0009564374,-1,-1
29129,70711,0.0009568281,-1,-1
29130,70712,0.0009559195,-1,-1
29131,70713,0.000956527,-1,-1
29132,70714,0.0009568603,-1,-1
29133,70715,0.0009566527,-1,-1
29134,70716,0.0009561883,-1,-1
29135,70717,0.00095617,-1,-1
29136,70720,0.0009573125,-1,-1
29137,70721,0.0009575459,-1,-1
29138,70722,0.000956947,-1,-1
29139,70723,0.0009567859,-1,-1
29140,70724,0.0009571761,-1,-1
29141,70725,0.0009568851,-1,-1
29142,70726,0.0009567207,-1,-1
29143,70727,0.000957539,-1,-1
29144,70730,0.0009570274,-1,-1
29145,70731,0.0009569612,-1,-1
29146,70732,0.000956919,-1,-1
29147,70733,0.000956794,-1,-1
29148,70734,0.0009569956,-1,-1
29149,70735,0.0009573419,-1,-1
29150,70736,0.000956755,-1,-1
29151,70737,0.0009566141,-1,-1
29152,70740,0.0009570231,-1,-1
29153,70741,0.0009564793,-1,-1
29154,70742,0.0009571501,-1,-1
29155,70743,0.0009574026,-1,-1
29156,70744,0.0009573224,-1,-1
29157,70745,0.0009570124,-1,-1
29158,70746,0.0009573413,-1,-1
29159,70747,0.0009573782,-1,-1
29160,70750,0.0009569433,-1,-1
29161,70751,0.0009570612,-1,-1
29162,70752,0.0009572832,-1,-1
29163,70753,0.0009572107,-1,-1
29164,70754,0.0009577653,-1,-1
29165,70755,0.0009574826,-1,-1
29166,70756,0.0009567707,-1,-1
29167,70757,0.0009574766,-1,-1
29168,70760,0.0009568468,-1,-1
29169,70761,0.0009570703,-1,-1
29170,70762,0.0009570436,-1,-1
29171,70763,0.0009572731,-1,-1
29172,70764,0.0009576948,-1,-1
29173,70765,0.0009576021,-1,-1
29174,70766,0.000957491,-1,-1
29175,70767,0.0009573292,-1,-1
29176,70770,0.0009575919,-1,-1
29177,70771,0.0009568775,-1,-1
29178,70772,0.0009570126,-1,-1
29179,70773,0.0009560889,-1,-1
29180,70774,0.0009571724,-1,-1
29181,70775,0.0009569798,-1,-1
29182,70776,0.0009563469,-1,-1
29183,70777,0.0009565456,-1,-1
29184,71000,0.0009569987,-1,-1
29185,71001,0.0009574002,-1,-1
29186,71002,0.000957319,-1,-1
29187,71003,0.0009568574,-1,-1
29188,71004,0.0009569971,-1,-1
29189,71005,0.0009573346,-1,-1
29190,71006,0.0009568934,-1,-1
29191,71007,0.0009568612,-1,-1
29192,71010,0.0009573056,-1,-1
29193,71011,0.000956985,-1,-1
29194,71012,0.0009576843,-1,-1
29195,71013,0.0009574536,-1,-1
29196,71014,0.0009571566,-1,-1
29197,71015,0.0009572321,-1,-1
29198,71016,0.0009574337,-1,-1
29199,71017,0.0009575293,-1,-1
29200,71020,0.0009570459,-1,-1
29201,71021,0.0009571904,-1,-1
29202,71022,0.0009568839,-1,-1
29203,71023,0.000956555,-1,-1
29204,71024,0.0009564795,-1,-1
29205,71025,0.0009569752,-1,-1
29206,71026,0.0009565523,-1,-1
29207,71027,0.0009568417,-1,-1
29208,71030,0.0009570971,-1,-1
29209,71031,0.0009575328,-1,-1
29210,71032,0.000957359,-1,-1
29211,71033,0.0009573546,-1,-1
29212,71034,0.0009570422,-1,-1
29213,71035,0.0009571408,-1,-1
29214,71036,0.0009576677,-1,-1
29215,71037,0.0009576097,-1,-1
29216,71040,0.0009573427,-1,-1
29217,71041,0.0009569511,-1,-1
29218,71042,0.0009569817,-1,-1
29219,71043,0.0009567488,-1,-1
29220,71044,0.0009566791,-1,-1
29221,71045,0.0009568097,-1,-1
29222,71046,0.0009561602,-1,-1
29223,71047,0.000956466,-1,-1
29224,71050,0.0009563441,-1,-1
29225,71051,0.0009573976,-1,-1
29226,71052,0.0009565466,-1,-1
29227,71053,0.0009565224,-1,-1
29228,71054,0.000957394,-1,-1
29229,71055,0.0009562768,-1,-1
29230,71056,0.000956855,-1,-1
29231,71057,0.0009565841,-1,-1
29232,71060,0.0009563979,-1,-1
29233,71061,0.0009563371,-1,-1
29234,71062,0.0009571316,-1,-1
29235,71063,0.0009566303,-1,-1
29236,71064,0.0009570988,-1,-1
29237,71065,0.0009575578,-1,-1
29238,71066,0.0009564166,-1,-1
29239,71067,0.0009578098,-1,-1
29240,71070,0.0009566748,-1,-1
29241,71071,0.0009567102,-1,-1
29242,71072,0.0009561567,-1,-1
29243,71073,0.0009567648,-1,-1
29244,71074,0.0009571691,-1,-1
29245,71075,0.0009573078,-1,-1
29246,71076,0.0009567127,-1,-1
29247,71077,0.0009571254,-1,-1
29248,71100,0.0009574162,-1,-1
29249,71101,0.0009579039,-1,-1
29250,71102,0.0009575439,-1,-1
29251,71103,0.0009570699,-1,-1
29252,71104,0.0009575083,-1,-1
29253,71105,0.0009579724,-1,-1
29254,71106,0.0009572142,-1,-1
29255,71107,0.0009576716,-1,-1
29256,71110,0.0009574705,-1,-1
29257,71111,0.0009572156,-1,-1
29258,71112,0.0009570504,-1,-1
29259,71113,0.0009571721,-1,-1
29260,71114,0.0009571631,-1,-1
29261,71115,0.0009567,-1,-1
29262,71116,0.0009565255,-1,-1
29263,71117,0.0009571017,-1,-1
29264,71120,0.0009570966,-1,-1
29265,71121,0.000957002,-1,-1
29266,71122,0.0009567714,-1,-1
29267,71123,0.0009568638,-1,-1
29268,71124,0.0009561923,-1,-1
29269,71125,0.0009571908,-1,-1
29270,71126,0.0009556421,-1,-1
29271,71127,0.0009567998,-1,-1
29272,71130,0.0009565419,-1,-1
29273,71131,0.0009569877,-1,-1
29274,71132,0.0009558085,-1,-1
29275,71133,0.000956561,-1,-1
29276,71134,0.0009567137,-1,-1
29277,71135,0.0009574523,-1,-1
29278,71136,0.000956939,-1,-1
29279,71137,0.0009572058,-1,-1
29280,71140,0.0009568849,-1,-1
29281,71141,0.0009571593,-1,-1
29282,71142,0.0009573458,-1,-1
29283,71143,0.0009565883,-1,-1
29284,71144,0.0009568724,-1,-1
29285,71145,0.0009566278,-1,-1
29286,71146,0.000956993,-1,-1
29287,71147,0.0009572205,-1,-1
29288,71150,0.0009571732,-1,-1
29289,71151,0.0009572706,-1,-1
29290,71152,0.0009569062,-1,-1
29291,71153,0.0009567422,-1,-1
29292,71154,0.0009567519,-1,-1
29293,71155,0.000957704,-1,-1
29294,71156,0.0009573413,-1,-1
29295,71157,0.0009575016,-1,-1
29296,71160,0.0009575816,-1,-1
29297,71161,0.0009571719,-1,-1
29298,71162,0.0009573122,-1,-1
29299,71163,0.0009567541,-1,-1
29300,71164,0.0009569369,-1,-1
29301,71165,0.0009570684,-1,-1
29302,71166,0.0009576209,-1,-1
29303,71167,0.0009575221,-1,-1
29304,71170,0.0009569667,-1,-1
29305,71171,0.0009567838,-1,-1
29306,71172,0.0009571783,-1,-1
29307,71173,0.000957078,-1,-1
29308,71174,0.0009573403,-1,-1
29309,71175,0.000957581,-1,-1
29310,71176,0.0009563773,-1,-1
29311,71177,0.0009562852,-1,-1
29312,71200,0.0009569647,-1,-1
29313,71201,0.000956814,-1,-1
29314,71202,0.000956619,-1,-1
29315,71203,0.0009567617,-1,-1
29316,71204,0.0009572455,-1,-1
29317,71205,0.0009573058,-1,-1
29318,71206,0.0009568152,-1,-1
29319,71207,0.0009571469,-1,-1
29320,71210,0.0009567219,-1,-1
29321,71211,0.0009569948,-1,-1
29322,71212,0.0009574111,-1,-1
29323,71213,0.0009570657,-1,-1
29324,71214,0.000957633,-1,-1
29325,71215,0.0009572193,-1,-1
29326,71216,0.0009572593,-1,-1
29327,71217,0.0009569618,-1,-1
29328,71220,0.0009570115,-1,-1
29329,71221,0.0009573446,-1,-1
29330,71222,0.0009573094,-1,-1
29331,71223,0.0009570592,-1,-1
29332,71224,0.0009567478,-1,-1
29333,71225,0.0009568372,-1,-1
29334,71226,0.0009571009,-1,-1
29335,71227,0.0009568746,-1,-1
29336,71230,0.0009572374,-1,-1
29337,71231,0.0009572162,-1,-1
29338,71232,0.0009571891,-1,-1
29339,71233,0.0009568039,-1,-1
29340,71234,0.0009567872,-1,-1
29341,71235,0.0009572935,-1,-1
29342,71236,0.0009569087,-1,-1
29343,71237,0.0009566905,-1,-1
29344,71240,0.000956874,-1,-1
29345,71241,0.0009568412,-1,-1
29346,71242,0.0009563754,-1,-1
29347,71243,0.0009572462,-1,-1
29348,71244,0.0009570619,-1,-1
29349,71245,0.0009565491,-1,-1
29350,71246,0.0009566314,-1,-1
29351,71247,0.0009566777,-1,-1
29352,71250,0.000956643,-1,-1
29353,71251,0.00095733,-1,-1
29354,71252,0.0009569796,-1,-1
29355,71253,0.0009571316,-1,-1
29356,71254,0.0009573502,-1,-1
29357,71255,0.0009568863,-1,-1
29358,71256,0.000956906,-1,-1
29359,71257,0.0009565915,-1,-1
29360,71260,0.0009568866,-1,-1
29361,71261,0.0009573289,-1,-1
29362,71262,0.0009569683,-1,-1
29363,71263,0.0009571802,-1,-1
29364,71264,0.0009566067,-1,-1
29365,71265,0.0009567605,-1,-1
29366,71266,0.0009569778,-1,-1
29367,71267,0.000957134,-1,-1
29368,71270,0.0009569589,-1,-1
29369,71271,0.0009565483,-1,-1
29370,71272,0.0009568845,-1,-1
29371,71273,0.0009566377,-1,-1
29372,71274,0.0009562075,-1,-1
29373,71275,0.0009564091,-1,-1
29374,71276,0.0009568934,-1,-1
29375,71277,0.0009570114,-1,-1
29376,71300,0.0009563713,-1,-1
29377,71301,0.0009567619,-1,-1
29378,71302,0.0009569862,-1,-1
29379,71303,0.0009576292,-1,-1
29380,71304,0.0009570486,-1,-1
29381,71305,0.0009565526,-1,-1
29382,71306,0.0009570108,-1,-1
29383,71307,0.0009576,-1,-1
29384,71310,0.0009569028,-1,-1
29385,71311,0.0009569051,-1,-1
29386,71312,0.0009572171,-1,-1
29387,71313,0.0009568536,-1,-1
29388,71314,0.0009571753,-1,-1
29389,71315,0.0009566231,-1,-1
29390,71316,0.0009572713,-1,-1
29391,71317,0.0009572999,-1,-1
29392,71320,0.0009573122,-1,-1
29393,71321,0.0009573253,-1,-1
29394,71322,0.0009573112,-1,-1
29395,71323,0.0009563896,-1,-1
29396,71324,0.0009567937,-1,-1
29397,71325,0.0009565481,-1,-1
29398,71326,0.000956864,-1,-1
29399,71327,0.00095772,-1,-1
29400,71330,0.0009575123,-1,-1
29401,71331,0.0009574662,-1,-1
29402,71332,0.0009581721,-1,-1
29403,71333,0.0009571422,-1,-1
29404,71334,0.0009575408,-1,-1
29405,71335,0.0009573723,-1,-1
29406,71336,0.0009583995,-1,-1
29407,71337,0.0009580001,-1,-1
29408,71340,0.0009576153,-1,-1
29409,71341,0.0009575983,-1,-1
29410,71342,0.0009572507,-1,-1
29411,71343,0.0009579054,-1,-1
29412,71344,0.0009583845,-1,-1
29413,71345,0.0009576704,-1,-1
29414,71346,0.0009581942,-1,-1
29415,71347,0.0009580065,-1,-1
29416,71350,0.000957117,-1,-1
29417,71351,0.0009574944,-1,-1
29418,71352,0.0009578113,-1,-1
29419,71353,0.000957894,-1,-1
29420,71354,0.0009572708,-1,-1
29421,71355,0.0009566173,-1,-1
29422,71356,0.0009574625,-1,-1
29423,71357,0.0009576537,-1,-1
29424,71360,0.0009579335,-1,-1
29425,71361,0.0009576677,-1,-1
29426,71362,0.0009566314,-1,-1
29427,71363,0.0009570399,-1,-1
29428,71364,0.0009576429,-1,-1
29429,71365,0.0009574805,-1,-1
29430,71366,0.0009575855,-1,-1
29431,71367,0.0009575543,-1,-1
29432,71370,0.000956953,-1,-1
29433,71371,0.0009574993,-1,-1
29434,71372,0.0009573436,-1,-1
29435,71373,0.0009577081,-1,-1
29436,71374,0.0009572999,-1,-1
29437,71375,0.0009575353,-1,-1
29438,71376,0.0009574332,-1,-1
29439,71377,0.000958081,-1,-1
29440,71400,0.0009574774,-1,-1
29441,71401,0.0009575484,-1,-1
29442,71402,0.0009577098,-1,-1
29443,71403,0.0009578895,-1,-1
29444,71404,0.0009577794,-1,-1
29445,71405,0.0009574389,-1,-1
29446,71406,0.0009571765,-1,-1
29447,71407,0.000957491,-1,-1
29448,71410,0.0009572334,-1,-1
29449,71411,0.0009569172,-1,-1
29450,71412,0.0009574436,-1,-1
29451,71413,0.0009570121,-1,-1
29452,71414,0.0009576895,-1,-1
29453,71415,0.0009575569,-1,-1
29454,71416,0.0009573772,-1,-1
29455,71417,0.0009574097,-1,-1
29456,71420,0.0009571523,-1,-1
29457,71421,0.0009577524,-1,-1
29458,71422,0.0009575551,-1,-1
29459,71423,0.0009571469,-1,-1
29460,71424,0.0009573823,-1,-1
29461,71425,0.0009572909,-1,-1
29462,71426,0.0009571917,-1,-1
29463,71427,0.000957375,-1,-1
29464,71430,0.0009575339,-1,-1
29465,71431,0.0009574383,-1,-1
29466,71432,0.0009572665,-1,-1
29467,71433,0.0009573763,-1,-1
29468,71434,0.0009575759,-1,-1
29469,71435,0.0009573263,-1,-1
29470,71436,0.0009577874,-1,-1
29471,71437,0.0009580667,-1,-1
29472,71440,0.0009579418,-1,-1
29473,71441,0.000957539,-1,-1
29474,71442,0.0009571848,-1,-1
29475,71443,0.0009574168,-1,-1
29476,71444,0.0009574915,-1,-1
29477,71445,0.0009572505,-1,-1
29478,71446,0.0009576655,-1,-1
29479,71447,0.0009577491,-1,-1
29480,71450,0.0009571619,-1,-1
29481,71451,0.0009572691,-1,-1
29482,71452,0.0009573387,-1,-1
29483,71453,0.0009574541,-1,-1
29484,71454,0.000957255,-1,-1
29485,71455,0.0009574022,-1,-1
29486,71456,0.0009575011,-1,-1
29487,71457,0.0009570178,-1,-1
29488,71460,0.0009567613,-1,-1
29489,71461,0.0009571119,-1,-1
29490,71462,0.0009574471,-1,-1
29491,71463,0.0009579587,-1,-1
29492,71464,0.0009579743,-1,-1
29493,71465,0.0009580288,-1,-1
29494,71466,0.0009580232,-1,-1
29495,71467,0.0009569909,-1,-1
29496,71470,0.0009577502,-1,-1
29497,71471,0.000958102,-1,-1
29498,71472,0.0009582834,-1,-1
29499,71473,0.0009576722,-1,-1
29500,71474,0.0009573714,-1,-1
29501,71475,0.0009574274,-1,-1
29502,71476,0.0009577308,-1,-1
29503,71477,0.0009575287,-1,-1
29504,71500,0.000957803,-1,-1
29505,71501,0.0009571734,-1,-1
29506,71502,0.0009576924,-1,-1
29507,71503,0.0009571135,-1,-1
29508,71504,0.0009575408,-1,-1
29509,71505,0.0009570348,-1,-1
29510,71506,0.0009573085,-1,-1
29511,71507,0.0009572073,-1,-1
29512,71510,0.0009578037,-1,-1
29513,71511,0.0009574888,-1,-1
29514,71512,0.0009574143,-1,-1
29515,71513,0.0009578016,-1,-1
29516,71514,0.000957,-1,-1
29517,71515,0.0009568679,-1,-1
29518,71516,0.0009570066,-1,-1
29519,71517,0.0009574397,-1,-1
29520,71520,0.0009574286,-1,-1
29521,71521,0.0009580374,-1,-1
29522,71522,0.0009568082,-1,-1
29523,71523,0.0009574942,-1,-1
29524,71524,0.00095677,-1,-1
29525,71525,0.0009575865,-1,-1
29526,71526,0.0009566005,-1,-1
29527,71527,0.0009577069,-1,-1
29528,71530,0.0009575302,-1,-1
29529,71531,0.0009575739,-1,-1
29530,71532,0.0009565641,-1,-1
29531,71533,0.0009574097,-1,-1
29532,71534,0.0009573424,-1,-1
29533,71535,0.000957819,-1,-1
29534,71536,0.0009566481,-1,-1
29535,71537,0.0009571338,-1,-1
29536,71540,0.0009576975,-1,-1
29537,71541,0.0009570334,-1,-1
29538,71542,0.0009565897,-1,-1
29539,71543,0.0009575988,-1,-1
29540,71544,0.0009578342,-1,-1
29541,71545,0.0009574102,-1,-1
29542,71546,0.0009576089,-1,-1
29543,71547,0.0009578036,-1,-1
29544,71550,0.0009572997,-1,-1
29545,71551,0.0009577524,-1,-1
29546,71552,0.0009571308,-1,-1
29547,71553,0.0009575312,-1,-1
29548,71554,0.0009577213,-1,-1
29549,71555,0.0009578886,-1,-1
29550,71556,0.0009575849,-1,-1
29551,71557,0.0009576153,-1,-1
29552,71560,0.0009579197,-1,-1
29553,71561,0.0009575025,-1,-1
29554,71562,0.0009575638,-1,-1
29555,71563,0.0009571978,-1,-1
29556,71564,0.0009572175,-1,-1
29557,71565,0.0009577774,-1,-1
29558,71566,0.0009571965,-1,-1
29559,71567,0.0009577954,-1,-1
29560,71570,0.0009576507,-1,-1
29561,71571,0.0009578506,-1,-1
29562,71572,0.0009569036,-1,-1
29563,71573,0.0009574162,-1,-1
29564,71574,0.0009577654,-1,-1
29565,71575,0.0009573217,-1,-1
29566,71576,0.0009574633,-1,-1
29567,71577,0.0009567061,-1,-1
29568,71600,0.0009578377,-1,-1
29569,71601,0.0009575853,-1,-1
29570,71602,0.0009577777,-1,-1
29571,71603,0.0009575511,-1,-1
29572,71604,0.0009568261,-1,-1
29573,71605,0.0009573725,-1,-1
29574,71606,0.0009574145,-1,-1
29575,71607,0.000957449,-1,-1
29576,71610,0.000957121,-1,-1
29577,71611,0.0009566725,-1,-1
29578,71612,0.0009575972,-1,-1
29579,71613,0.0009570523,-1,-1
29580,71614,0.0009574931,-1,-1
29581,71615,0.0009570449,-1,-1
29582,71616,0.0009573409,-1,-1
29583,71617,0.0009573358,-1,-1
29584,71620,0.0009572092,-1,-1
29585,71621,0.0009576827,-1,-1
29586,71622,0.0009563272,-1,-1
29587,71623,0.0009573692,-1,-1
29588,71624,0.0009574194,-1,-1
29589,71625,0.0009572115,-1,-1
29590,71626,0.0009573743,-1,-1
29591,71627,0.0009571956,-1,-1
29592,71630,0.0009564137,-1,-1
29593,71631,0.0009576177,-1,-1
29594,71632,0.0009566274,-1,-1
29595,71633,0.0009573502,-1,-1
29596,71634,0.0009570963,-1,-1
29597,71635,0.0009564304,-1,-1
29598,71636,0.0009570594,-1,-1
29599,71637,0.0009571057,-1,-1
29600,71640,0.0009571947,-1,-1
29601,71641,0.0009571958,-1,-1
29602,71642,0.0009570827,-1,-1
29603,71643,0.0009570493,-1,-1
29604,71644,0.0009567178,-1,-1
29605,71645,0.000957972,-1,-1
29606,71646,0.0009572146,-1,-1
29607,71647,0.0009566571,-1,-1
29608,71650,0.0009567334,-1,-1
29609,71651,0.0009572806,-1,-1
29610,71652,0.0009568085,-1,-1
29611,71653,0.0009572037,-1,-1
29612,71654,0.0009568398,-1,-1
29613,71655,0.0009569858,-1,-1
29614,71656,0.0009565278,-1,-1
29615,71657,0.0009568376,-1,-1
29616,71660,0.0009572855,-1,-1
29617,71661,0.0009569976,-1,-1
29618,71662,0.000957183,-1,-1
29619,71663,0.0009575334,-1,-1
29620,71664,0.0009570469,-1,-1
29621,71665,0.0009576805,-1,-1
29622,71666,0.0009571759,-1,-1
29623,71667,0.0009568505,-1,-1
29624,71670,0.0009576597,-1,-1
29625,71671,0.0009569333,-1,-1
29626,71672,0.0009570664,-1,-1
29627,71673,0.0009574057,-1,-1
29628,71674,0.0009564839,-1,-1
29629,71675,0.0009574243,-1,-1
29630,71676,0.0009569522,-1,-1
29631,71677,0.0009567055,-1,-1
29632,71700,0.0009572835,-1,-1
29633,71701,0.0009575564,-1,-1
29634,71702,0.0009573134,-1,-1
29635,71703,0.0009570571,-1,-1
29636,71704,0.0009569434,-1,-1
29637,71705,0.000957652,-1,-1
29638,71706,0.0009577524,-1,-1
29639,71707,0.0009572239,-1,-1
29640,71710,0.0009573366,-1,-1
29641,71711,0.0009571158,-1,-1
29642,71712,0.000956952,-1,-1
29643,71713,0.0009564661,-1,-1
29644,71714,0.0009575948,-1,-1
29645,71715,0.0009577054,-1,-1
29646,71716,0.0009571193,-1,-1
29647,71717,0.0009582069,-1,-1
29648,71720,0.0009565469,-1,-1
29649,71721,0.0009569727,-1,-1
29650,71722,0.0009572369,-1,-1
29651,71723,0.0009570467,-1,-1
29652,71724,0.000957444,-1,-1
29653,71725,0.00095722,-1,-1
29654,71726,0.0009571808,-1,-1
29655,71727,0.0009574732,-1,-1
29656,71730,0.0009571898,-1,-1
29657,71731,0.0009574982,-1,-1
29658,71732,0.0009573513,-1,-1
29659,71733,0.0009569036,-1,-1
29660,71734,0.0009575697,-1,-1
29661,71735,0.0009573642,-1,-1
29662,71736,0.0009571062,-1,-1
29663,71737,0.0009570098,-1,-1
29664,71740,0.0009574518,-1,-1
29665,71741,0.0009575008,-1,-1
29666,71742,0.0009572739,-1,-1
29667,71743,0.0009572952,-1,-1
29668,71744,0.0009568437,-1,-1
29669,71745,0.0009571129,-1,-1
29670,71746,0.0009573668,-1,-1
29671,71747,0.0009575766,-1,-1
29672,71750,0.0009574431,-1,-1
29673,71751,0.0009570583,-1,-1
29674,71752,0.0009567597,-1,-1
29675,71753,0.0009569463,-1,-1
29676,71754,0.0009566149,-1,-1
29677,71755,0.0009573185,-1,-1
29678,71756,0.0009575145,-1,-1
29679,71757,0.0009570195,-1,-1
29680,71760,0.0009571679,-1,-1
29681,71761,0.0009570887,-1,-1
29682,71762,0.0009577811,-1,-1
29683,71763,0.0009570778,-1,-1
29684,71764,0.0009568148,-1,-1
29685,71765,0.0009567832,-1,-1
29686,71766,0.0009575322,-1,-1
29687,71767,0.000957468,-1,-1
29688,71770,0.0009573454,-1,-1
29689,71771,0.0009575922,-1,-1
29690,71772,0.0009577546,-1,-1
29691,71773,0.0009572417,-1,-1
29692,71774,0.0009570204,-1,-1
29693,71775,0.0009570529,-1,-1
29694,71776,0.0009573156,-1,-1
29695,71777,0.0009570094,-1,-1
29696,72000,0.0009576301,-1,-1
29697,72001,0.000957377,-1,-1
29698,72002,0.0009570722,-1,-1
29699,72003,0.0009579619,-1,-1
29700,72004,0.0009572456,-1,-1
29701,72005,0.0009569433,-1,-1
29702,72006,0.0009570493,-1,-1
29703,72007,0.0009576781,-1,-1
29704,72010,0.0009573573,-1,-1
29705,72011,0.000956732,-1,-1
29706,72012,0.0009574888,-1,-1
29707,72013,0.0009574915,-1,-1
29708,72014,0.0009567277,-1,-1
29709,72015,0.0009570791,-1,-1
29710,72016,0.0009577906,-1,-1
29711,72017,0.0009564502,-1,-1
29712,72020,0.0009571273,-1,-1
29713,72021,0.0009573022,-1,-1
29714,72022,0.0009572681,-1,-1
29715,72023,0.0009575543,-1,-1
29716,72024,0.0009567383,-1,-1
29717,72025,0.0009570614,-1,-1
29718,72026,0.000956978,-1,-1
29719,72027,0.0009568217,-1,-1
29720,72030,0.0009567076,-1,-1
29721,72031,0.0009569528,-1,-1
29722,72032,0.0009568307,-1,-1
29723,72033,0.0009571461,-1,-1
29724,72034,0.0009569954,-1,-1
29725,72035,0.0009566896,-1,-1
29726,72036,0.0009570773,-1,-1
29727,72037,0.0009575652,-1,-1
29728,72040,0.0009568621,-1,-1
29729,72041,0.0009568747,-1,-1
29730,72042,0.000956805,-1,-1
29731,72043,0.0009564813,-1,-1
29732,72044,0.0009560279,-1,-1
29733,72045,0.0009568289,-1,-1
29734,72046,0.0009576738,-1,-1
29735,72047,0.0009570635,-1,-1
29736,72050,0.0009571562,-1,-1
29737,72051,0.0009567964,-1,-1
29738,72052,0.000957321,-1,-1
29739,72053,0.0009571055,-1,-1
29740,72054,0.0009570066,-1,-1
29741,72055,0.000957077,-1,-1
29742,72056,0.0009570256,-1,-1
29743,72057,0.000957082,-1,-1
29744,72060,0.000956447,-1,-1
29745,72061,0.0009564704,-1,-1
29746,72062,0.0009570813,-1,-1
29747,72063,0.0009565034,-1,-1
29748,72064,0.0009570617,-1,-1
29749,72065,0.0009569315,-1,-1
29750,72066,0.0009577823,-1,-1
29751,72067,0.0009569548,-1,-1
29752,72070,0.0009571515,-1,-1
29753,72071,0.0009572511,-1,-1
29754,72072,0.0009571004,-1,-1
29755,72073,0.0009575096,-1,-1
29756,72074,0.0009577211,-1,-1
29757,72075,0.000957566,-1,-1
29758,72076,0.0009570668,-1,-1
29759,72077,0.0009579421,-1,-1
29760,72100,0.0009575197,-1,-1
29761,72101,0.0009569114,-1,-1
29762,72102,0.000957255,-1,-1
29763,72103,0.0009572012,-1,-1
29764,72104,0.0009566667,-1,-1
29765,72105,0.0009564105,-1,-1
29766,72106,0.0009569221,-1,-1
29767,72107,0.0009574235,-1,-1
29768,72110,0.0009577358,-1,-1
29769,72111,0.0009571557,-1,-1
29770,72112,0.0009573104,-1,-1
29771,72113,0.0009567507,-1,-1
29772,72114,0.0009576593,-1,-1
29773,72115,0.0009563511,-1,-1
29774,72116,0.0009574051,-1,-1
29775,72117,0.0009570721,-1,-1
29776,72120,0.0009566143,-1,-1
29777,72121,0.000957239,-1,-1
29778,72122,0.0009567213,-1,-1
29779,72123,0.0009572884,-1,-1
29780,72124,0.0009572066,-1,-1
29781,72125,0.0009567392,-1,-1
29782,72126,0.0009570758,-1,-1
29783,72127,0.0009575408,-1,-1
29784,72130,0.0009577471,-1,-1
29785,72131,0.0009569393,-1,-1
29786,72132,0.0009566766,-1,-1
29787,72133,0.0009568347,-1,-1
29788,72134,0.0009566106,-1,-1
29789,72135,0.0009573108,-1,-1
29790,72136,0.0009570284,-1,-1
29791,72137,0.000957198,-1,-1
29792,72140,0.0009566909,-1,-1
29793,72141,0.0009570344,-1,-1
29794,72142,0.0009568111,-1,-1
29795,72143,0.0009567851,-1,-1
29796,72144,0.0009568742,-1,-1
29797,72145,0.0009566877,-1,-1
29798,72146,0.0009572064,-1,-1
29799,72147,0.0009565727,-1,-1
29800,72150,0.0009565179,-1,-1
29801,72151,0.0009572681,-1,-1
29802,72152,0.0009567394,-1,-1
29803,72153,0.0009572128,-1,-1
29804,72154,0.0009576626,-1,-1
29805,72155,0.0009562821,-1,-1
29806,72156,0.0009573438,-1,-1
29807,72157,0.0009571465,-1,-1
29808,72160,0.0009565802,-1,-1
29809,72161,0.0009567718,-1,-1
29810,72162,0.0009568773,-1,-1
29811,72163,0.0009574326,-1,-1
29812,72164,0.0009576987,-1,-1
29813,72165,0.0009575855,-1,-1
29814,72166,0.0009573161,-1,-1
29815,72167,0.0009571794,-1,-1
29816,72170,0.00095688,-1,-1
29817,72171,0.0009571423,-1,-1
29818,72172,0.0009572388,-1,-1
29819,72173,0.0009570193,-1,-1
29820,72174,0.0009573829,-1,-1
29821,72175,0.0009574496,-1,-1
29822,72176,0.0009572343,-1,-1
29823,72177,0.0009576512,-1,-1
29824,72200,0.0009569585,-1,-1
29825,72201,0.0009570149,-1,-1
29826,72202,0.0009570229,-1,-1
29827,72203,0.0009576599,-1,-1
29828,72204,0.0009571434,-1,-1
29829,72205,0.000956604,-1,-1
29830,72206,0.000956569,-1,-1
29831,72207,0.0009569577,-1,-1
29832,72210,0.0009571771,-1,-1
29833,72211,0.0009571168,-1,-1
29834,72212,0.0009574791,-1,-1
29835,72213,0.0009568892,-1,-1
29836,72214,0.0009566745,-1,-1
29837,72215,0.0009566184,-1,-1
29838,72216,0.000956396,-1,-1
29839,72217,0.0009564869,-1,-1
29840,72220,0.000956527,-1,-1
29841,72221,0.0009567455,-1,-1
29842,72222,0.0009570697,-1,-1
29843,72223,0.0009567381,-1,-1
29844,72224,0.0009570742,-1,-1
29845,72225,0.000957058,-1,-1
29846,72226,0.0009567604,-1,-1
29847,72227,0.0009565595,-1,-1
29848,72230,0.0009572122,-1,-1
29849,72231,0.0009572281,-1,-1
29850,72232,0.000956184,-1,-1
29851,72233,0.0009569963,-1,-1
29852,72234,0.0009565949,-1,-1
29853,72235,0.000957003,-1,-1
29854,72236,0.0009566026,-1,-1
29855,72237,0.0009571008,-1,-1
29856,72240,0.0009569025,-1,-1
29857,72241,0.00095696,-1,-1
29858,72242,0.0009575296,-1,-1
29859,72243,0.0009566289,-1,-1
29860,72244,0.0009569384,-1,-1
29861,72245,0.0009573611,-1,-1
29862,72246,0.0009565803,-1,-1
29863,72247,0.0009569965,-1,-1
29864,72250,0.0009561827,-1,-1
29865,72251,0.0009568047,-1,-1
29866,72252,0.0009576525,-1,-1
29867,72253,0.0009573697,-1,-1
29868,72254,0.0009571363,-1,-1
29869,72255,0.0009576072,-1,-1
29870,72256,0.0009559639,-1,-1
29871,72257,0.0009568856,-1,-1
29872,72260,0.0009569204,-1,-1
29873,72261,0.0009568199,-1,-1
29874,72262,0.0009563984,-1,-1
29875,72263,0.0009566,-1,-1
29876,72264,0.0009569633,-1,-1
29877,72265,0.0009566676,-1,-1
29878,72266,0.0009567668,-1,-1
29879,72267,0.0009569033,-1,-1
29880,72270,0.0009566334,-1,-1
29881,72271,0.000957207,-1,-1
29882,72272,0.0009572377,-1,-1
29883,72273,0.0009567214,-1,-1
29884,72274,0.0009570434,-1,-1
29885,72275,0.0009570871,-1,-1
29886,72276,0.0009572958,-1,-1
29887,72277,0.0009565339,-1,-1
29888,72300,0.0009565132,-1,-1
29889,72301,0.0009574461,-1,-1
29890,72302,0.0009568578,-1,-1
29891,72303,0.0009567378,-1,-1
29892,72304,0.0009574979,-1,-1
29893,72305,0.0009571044,-1,-1
29894,72306,0.0009572059,-1,-1
29895,72307,0.0009568275,-1,-1
29896,72310,0.0009565926,-1,-1
29897,72311,0.0009572585,-1,-1
29898,72312,0.000956998,-1,-1
29899,72313,0.0009570791,-1,-1
29900,72314,0.0009575919,-1,-1
29901,72315,0.0009571727,-1,-1
29902,72316,0.0009571423,-1,-1
29903,72317,0.0009568398,-1,-1
29904,72320,0.0009569881,-1,-1
29905,72321,0.0009577366,-1,-1
29906,72322,0.0009571201,-1,-1
29907,72323,0.0009566231,-1,-1
29908,72324,0.0009567761,-1,-1
29909,72325,0.0009563522,-1,-1
29910,72326,0.0009569056,-1,-1
29911,72327,0.000956684,-1,-1
29912,72330,0.0009571205,-1,-1
29913,72331,0.0009568578,-1,-1
29914,72332,0.0009563756,-1,-1
29915,72333,0.0009567486,-1,-1
29916,72334,0.0009570736,-1,-1
29917,72335,0.0009569985,-1,-1
29918,72336,0.0009564583,-1,-1
29919,72337,0.0009568675,-1,-1
29920,72340,0.0009565449,-1,-1
29921,72341,0.000956624,-1,-1
29922,72342,0.0009565203,-1,-1
29923,72343,0.0009567783,-1,-1
29924,72344,0.0009575822,-1,-1
29925,72345,0.0009567033,-1,-1
29926,72346,0.0009566175,-1,-1
29927,72347,0.000957328,-1,-1
29928,72350,0.0009570379,-1,-1
29929,72351,0.0009565778,-1,-1
29930,72352,0.000956425,-1,-1
29931,72353,0.000957248,-1,-1
29932,72354,0.0009567156,-1,-1
29933,72355,0.0009562795,-1,-1
29934,72356,0.0009571205,-1,-1
29935,72357,0.0009566876,-1,-1
29936,72360,0.0009567703,-1,-1
29937,72361,0.0009567274,-1,-1
29938,72362,0.0009561909,-1,-1
29939,72363,0.0009574502,-1,-1
29940,72364,0.0009568856,-1,-1
29941,72365,0.000956628,-1,-1
29942,72366,0.0009571285,-1,-1
29943,72367,0.0009573385,-1,-1
29944,72370,0.0009570657,-1,-1
29945,72371,0.0009579157,-1,-1
29946,72372,0.0009573446,-1,-1
29947,72373,0.0009572431,-1,-1
29948,72374,0.000957186,-1,-1
29949,72375,0.0009562768,-1,-1
29950,72376,0.0009569718,-1,-1
29951,72377,0.0009567363,-1,-1
29952,72400,0.0009568036,-1,-1
29953,72401,0.0009580482,-1,-1
29954,72402,0.0009576529,-1,-1
29955,72403,0.0009580282,-1,-1
29956,72404,0.0009572048,-1,-1
29957,72405,0.0009577009,-1,-1
29958,72406,0.0009574709,-1,-1
29959,72407,0.0009571609,-1,-1
29960,72410,0.0009575115,-1,-1
29961,72411,0.0009569806,-1,-1
29962,72412,0.0009566524,-1,-1
29963,72413,0.0009573282,-1,-1
29964,72414,0.0009572693,-1,-1
29965,72415,0.0009572881,-1,-1
29966,72416,0.0009566629,-1,-1
29967,72417,0.0009568851,-1,-1
29968,72420,0.0009569752,-1,-1
29969,72421,0.0009572932,-1,-1
29970,72422,0.0009574154,-1,-1
29971,72423,0.000957443,-1,-1
29972,72424,0.000956522,-1,-1
29973,72425,0.000956366,-1,-1
29974,72426,0.0009570922,-1,-1
29975,72427,0.0009565252,-1,-1
29976,72430,0.0009572273,-1,-1
29977,72431,0.0009573663,-1,-1
29978,72432,0.0009566834,-1,-1
29979,72433,0.0009572518,-1,-1
29980,72434,0.0009572552,-1,-1
29981,72435,0.0009575763,-1,-1
29982,72436,0.000957575,-1,-1
29983,72437,0.0009575849,-1,-1
29984,72440,0.0009581659,-1,-1
29985,72441,0.0009570518,-1,-1
29986,72442,0.0009579321,-1,-1
29987,72443,0.0009567746,-1,-1
29988,72444,0.0009569624,-1,-1
29989,72445,0.0009566725,-1,-1
29990,72446,0.0009574412,-1,-1
29991,72447,0.0009574723,-1,-1
29992,72450,0.000957614,-1,-1
29993,72451,0.0009570832,-1,-1
29994,72452,0.0009570307,-1,-1
29995,72453,0.0009573651,-1,-1
29996,72454,0.0009570157,-1,-1
29997,72455,0.0009571904,-1,-1
29998,72456,0.0009574438,-1,-1
29999,72457,0.0009570608,-1,-1
30000,72460,0.0009570336,-1,-1
30001,72461,0.0009576768,-1,-1
30002,72462,0.000957237,-1,-1
30003,72463,0.0009569976,-1,-1
30004,72464,0.0009575387,-1,-1
30005,72465,0.0009574353,-1,-1
30006,72466,0.0009577802,-1,-1
30007,72467,0.0009567422,-1,-1
30008,72470,0.0009577809,-1,-1
30009,72471,0.000957784,-1,-1
30010,72472,0.0009575301,-1,-1
30011,72473,0.0009578383,-1,-1
30012,72474,0.0009572796,-1,-1
30013,72475,0.0009579105,-1,-1
30014,72476,0.0009574051,-1,-1
30015,72477,0.0009568247,-1,-1
30016,72500,0.0009571474,-1,-1
30017,72501,0.0009569669,-1,-1
30018,72502,0.0009561909,-1,-1
30019,72503,0.0009577879,-1,-1
30020,72504,0.000957002,-1,-1
30021,72505,0.0009571665,-1,-1
30022,72506,0.0009571519,-1,-1
30023,72507,0.0009572148,-1,-1
30024,72510,0.0009566188,-1,-1
30025,72511,0.0009574785,-1,-1
30026,72512,0.0009562438,-1,-1
30027,72513,0.0009572628,-1,-1
30028,72514,0.000957474,-1,-1
30029,72515,0.000957236,-1,-1
30030,72516,0.0009572395,-1,-1
30031,72517,0.0009567279,-1,-1
30032,72520,0.0009569683,-1,-1
30033,72521,0.0009573317,-1,-1
30034,72522,0.0009574836,-1,-1
30035,72523,0.0009568476,-1,-1
30036,72524,0.0009571572,-1,-1
30037,72525,0.0009567375,-1,-1
30038,72526,0.000956563,-1,-1
30039,72527,0.0009565561,-1,-1
30040,72530,0.0009570852,-1,-1
30041,72531,0.0009576241,-1,-1
30042,72532,0.0009569369,-1,-1
30043,72533,0.0009570235,-1,-1
30044,72534,0.00095603,-1,-1
30045,72535,0.0009574516,-1,-1
30046,72536,0.0009567033,-1,-1
30047,72537,0.0009566089,-1,-1
30048,72540,0.0009569675,-1,-1
30049,72541,0.0009559861,-1,-1
30050,72542,0.000956927,-1,-1
30051,72543,0.0009572366,-1,-1
30052,72544,0.0009567055,-1,-1
30053,72545,0.0009573278,-1,-1
30054,72546,0.000957358,-1,-1
30055,72547,0.0009562059,-1,-1
30056,72550,0.0009571543,-1,-1
30057,72551,0.0009571285,-1,-1
30058,72552,0.000957254,-1,-1
30059,72553,0.0009571631,-1,-1
30060,72554,0.0009575636,-1,-1
30061,72555,0.0009572214,-1,-1
30062,72556,0.0009566727,-1,-1
30063,72557,0.0009569618,-1,-1
30064,72560,0.0009569938,-1,-1
30065,72561,0.0009571053,-1,-1
30066,72562,0.000956521,-1,-1
30067,72563,0.0009570359,-1,-1
30068,72564,0.000956811,-1,-1
30069,72565,0.0009577106,-1,-1
30070,72566,0.0009565448,-1,-1
30071,72567,0.0009573821,-1,-1
30072,72570,0.0009574084,-1,-1
30073,72571,0.00095674,-1,-1
30074,72572,0.0009570282,-1,-1
30075,72573,0.0009573423,-1,-1
30076,72574,0.000957009,-1,-1
30077,72575,0.0009569479,-1,-1
30078,72576,0.0009571119,-1,-1
30079,72577,0.000957493,-1,-1
30080,72600,0.0009571431,-1,-1
30081,72601,0.0009569675,-1,-1
30082,72602,0.0009575183,-1,-1
30083,72603,0.0009572158,-1,-1
30084,72604,0.0009564421,-1,-1
30085,72605,0.0009571098,-1,-1
30086,72606,0.000956488,-1,-1
30087,72607,0.000956497,-1,-1
30088,72610,0.0009571466,-1,-1
30089,72611,0.0009568186,-1,-1
30090,72612,0.0009567883,-1,-1
30091,72613,0.0009572802,-1,-1
30092,72614,0.0009561966,-1,-1
30093,72615,0.0009574168,-1,-1
30094,72616,0.0009569077,-1,-1
30095,72617,0.0009568912,-1,-1
30096,72620,0.00095677,-1,-1
30097,72621,0.0009554528,-1,-1
30098,72622,0.0009575495,-1,-1
30099,72623,0.0009570402,-1,-1
30100,72624,0.0009578371,-1,-1
30101,72625,0.0009568442,-1,-1
30102,72626,0.0009570002,-1,-1
30103,72627,0.000957583,-1,-1
30104,72630,0.0009577705,-1,-1
30105,72631,0.000957528,-1,-1
30106,72632,0.0009571104,-1,-1
30107,72633,0.0009574117,-1,-1
30108,72634,0.0009570612,-1,-1
30109,72635,0.0009575096,-1,-1
30110,72636,0.000956262,-1,-1
30111,72637,0.0009572565,-1,-1
30112,72640,0.0009571503,-1,-1
30113,72641,0.0009571319,-1,-1
30114,72642,0.0009566967,-1,-1
30115,72643,0.0009568191,-1,-1
30116,72644,0.0009561249,-1,-1
30117,72645,0.0009570451,-1,-1
30118,72646,0.0009567828,-1,-1
30119,72647,0.000957464,-1,-1
30120,72650,0.0009574131,-1,-1
30121,72651,0.0009568458,-1,-1
30122,72652,0.0009569146,-1,-1
30123,72653,0.0009573542,-1,-1
30124,72654,0.0009570899,-1,-1
30125,72655,0.0009568892,-1,-1
30126,72656,0.0009566104,-1,-1
30127,72657,0.0009567078,-1,-1
30128,72660,0.0009571814,-1,-1
30129,72661,0.000956118,-1,-1
30130,72662,0.000956481,-1,-1
30131,72663,0.0009568775,-1,-1
30132,72664,0.000956743,-1,-1
30133,72665,0.0009572639,-1,-1
30134,72666,0.0009571443,-1,-1
30135,72667,0.0009568332,-1,-1
30136,72670,0.0009575152,-1,-1
30137,72671,0.0009582916,-1,-1
30138,72672,0.0009570986,-1,-1
30139,72673,0.000957337,-1,-1
30140,72674,0.0009571834,-1,-1
30141,72675,0.0009568681,-1,-1
30142,72676,0.0009570137,-1,-1
30143,72677,0.0009570494,-1,-1
30144,72700,0.000956733,-1,-1
30145,72701,0.0009567472,-1,-1
30146,72702,0.0009569387,-1,-1
30147,72703,0.0009572058,-1,-1
30148,72704,0.0009569778,-1,-1
30149,72705,0.0009573672,-1,-1
30150,72706,0.0009568574,-1,-1
30151,72707,0.0009568869,-1,-1
30152,72710,0.0009568242,-1,-1
30153,72711,0.0009571291,-1,-1
30154,72712,0.0009575488,-1,-1
30155,72713,0.0009571428,-1,-1
30156,72714,0.0009575769,-1,-1
30157,72715,0.0009574196,-1,-1
30158,72716,0.0009571257,-1,-1
30159,72717,0.0009572274,-1,-1
30160,72720,0.0009573975,-1,-1
30161,72721,0.0009566805,-1,-1
30162,72722,0.0009573259,-1,-1
30163,72723,0.0009569899,-1,-1
30164,72724,0.0009571238,-1,-1
30165,72725,0.0009572927,-1,-1
30166,72726,0.0009566598,-1,-1
30167,72727,0.0009572811,-1,-1
30168,72730,0.0009569637,-1,-1
30169,72731,0.0009573277,-1,-1
30170,72732,0.0009573768,-1,-1
30171,72733,0.0009568626,-1,-1
30172,72734,0.0009566511,-1,-1
30173,72735,0.0009576029,-1,-1
30174,72736,0.0009566703,-1,-1
30175,72737,0.0009573881,-1,-1
30176,72740,0.0009566313,-1,-1
30177,72741,0.0009573134,-1,-1
30178,72742,0.0009570802,-1,-1
30179,72743,0.0009566973,-1,-1
30180,72744,0.0009562266,-1,-1
30181,72745,0.0009565616,-1,-1
30182,72746,0.0009568892,-1,-1
30183,72747,0.0009571166,-1,-1
30184,72750,0.0009569557,-1,-1
30185,72751,0.0009571004,-1,-1
30186,72752,0.0009576456,-1,-1
30187,72753,0.0009571105,-1,-1
30188,72754,0.0009573424,-1,-1
30189,72755,0.0009569736,-1,-1
30190,72756,0.0009566748,-1,-1
30191,72757,0.0009571273,-1,-1
30192,72760,0.00095614,-1,-1
30193,72761,0.0009571345,-1,-1
30194,72762,0.0009568189,-1,-1
30195,72763,0.0009567317,-1,-1
30196,72764,0.0009567578,-1,-1
30197,72765,0.0009559373,-1,-1
30198,72766,0.0009567246,-1,-1
30199,72767,0.0009561023,-1,-1
30200,72770,0.0009571344,-1,-1
30201,72771,0.0009569226,-1,-1
30202,72772,0.0009569707,-1,-1
30203,72773,0.0009571262,-1,-1
30204,72774,0.0009568036,-1,-1
30205,72775,0.0009572415,-1,-1
30206,72776,0.0009574032,-1,-1
30207,72777,0.0009567384,-1,-1
30208,73000,0.0009572987,-1,-1
30209,73001,0.0009574729,-1,-1
30210,73002,0.0009570319,-1,-1
30211,73003,0.0009573764,-1,-1
30212,73004,0.0009562594,-1,-1
30213,73005,0.0009568912,-1,-1
30214,73006,0.0009571338,-1,-1
30215,73007,0.0009572644,-1,-1
30216,73010,0.0009577362,-1,-1
30217,73011,0.0009568601,-1,-1
30218,73012,0.0009559473,-1,-1
30219,73013,0.000957926,-1,-1
30220,73014,0.0009573999,-1,-1
30221,73015,0.000957271,-1,-1
30222,73016,0.0009568767,-1,-1
30223,73017,0.000956587,-1,-1
30224,73020,0.0009569528,-1,-1
30225,73021,0.0009567984,-1,-1
30226,73022,0.0009573143,-1,-1
30227,73023,0.0009576417,-1,-1
30228,73024,0.0009579404,-1,-1
30229,73025,0.0009573993,-1,-1
30230,73026,0.0009574994,-1,-1
30231,73027,0.0009570408,-1,-1
30232,73030,0.0009573893,-1,-1
30233,73031,0.0009576589,-1,-1
30234,73032,0.0009576037,-1,-1
30235,73033,0.0009575693,-1,-1
30236,73034,0.0009575736,-1,-1
30237,73035,0.0009576252,-1,-1
30238,73036,0.000957982,-1,-1
30239,73037,0.000957737,-1,-1
30240,73040,0.0009577147,-1,-1
30241,73041,0.0009580864,-1,-1
30242,73042,0.0009580404,-1,-1
30243,73043,0.0009577401,-1,-1
30244,73044,0.0009582611,-1,-1
30245,73045,0.0009575145,-1,-1
30246,73046,0.0009580372,-1,-1
30247,73047,0.0009586402,-1,-1
30248,73050,0.0009582988,-1,-1
30249,73051,0.0009574125,-1,-1
30250,73052,0.0009580698,-1,-1
30251,73053,0.000957892,-1,-1
30252,73054,0.0009579431,-1,-1
30253,73055,0.0009579076,-1,-1
30254,73056,0.0009580503,-1,-1
30255,73057,0.0009582277,-1,-1
30256,73060,0.0009581487,-1,-1
30257,73061,0.0009580655,-1,-1
30258,73062,0.0009580724,-1,-1
30259,73063,0.0009577874,-1,-1
30260,73064,0.0009578664,-1,-1
30261,73065,0.000958615,-1,-1
30262,73066,0.0009581518,-1,-1
30263,73067,0.0009577249,-1,-1
30264,73070,0.0009584095,-1,-1
30265,73071,0.0009582474,-1,-1
30266,73072,0.0009583927,-1,-1
30267,73073,0.0009578254,-1,-1
30268,73074,0.0009579646,-1,-1
30269,73075,0.0009578268,-1,-1
30270,73076,0.0009584401,-1,-1
30271,73077,0.0009578861,-1,-1
30272,73100,0.0009578821,-1,-1
30273,73101,0.0009581169,-1,-1
30274,73102,0.0009576304,-1,-1
30275,73103,0.0009581362,-1,-1
30276,73104,0.0009579257,-1,-1
30277,73105,0.000957843,-1,-1
30278,73106,0.0009578305,-1,-1
30279,73107,0.0009572987,-1,-1
30280,73110,0.0009575193,-1,-1
30281,73111,0.0009578863,-1,-1
30282,73112,0.0009576673,-1,-1
30283,73113,0.0009574004,-1,-1
30284,73114,0.0009577532,-1,-1
30285,73115,0.0009575152,-1,-1
30286,73116,0.0009573091,-1,-1
30287,73117,0.0009572099,-1,-1
30288,73120,0.0009575712,-1,-1
30289,73121,0.000957059,-1,-1
30290,73122,0.0009574288,-1,-1
30291,73123,0.0009576865,-1,-1
30292,73124,0.0009577987,-1,-1
30293,73125,0.0009573985,-1,-1
30294,73126,0.0009573629,-1,-1
30295,73127,0.0009576827,-1,-1
30296,73130,0.0009575045,-1,-1
30297,73131,0.0009576986,-1,-1
30298,73132,0.0009579369,-1,-1
30299,73133,0.000957599,-1,-1
30300,73134,0.0009573842,-1,-1
30301,73135,0.0009577533,-1,-1
30302,73136,0.0009567604,-1,-1
30303,73137,0.0009543216,-1,-1
30304,73140,0.0009559492,-1,-1
30305,73141,0.0008903064,-1,-1
30306,73142,0.0007318713,-1,-1
30307,73143,0.0004180863,-1,-1
30308,73144,0.0009562241,-1,-1
30309,73145,0.0009567696,-1,-1
30310,73146,0.000956504,-1,-1
30311,73147,0.0009565167,-1,-1
30312,73150,0.0009561325,-1,-1
30313,73151,0.0009562253,-1,-1
30314,73152,0.0009560451,-1,-1
30315,73153,0.0009560426,-1,-1
30316,73154,0.0009562717,-1,-1
30317,73155,0.0009567962,-1,-1
30318,73156,0.0009567222,-1,-1
30319,73157,0.0009566705,-1,-1
30320,73160,0.0009560785,-1,-1
30321,73161,0.0009564369,-1,-1
30322,73162,0.0009569196,-1,-1
30323,73163,0.0009566303,-1,-1
30324,73164,0.000957155,-1,-1
30325,73165,0.0009566703,-1,-1
30326,73166,0.0009564203,-1,-1
30327,73167,0.0009564695,-1,-1
30328,73170,0.000956284,-1,-1
30329,73171,0.0009566676,-1,-1
30330,73172,0.0009567945,-1,-1
30331,73173,0.0009560822,-1,-1
30332,73174,0.0009570557,-1,-1
30333,73175,0.0009564611,-1,-1
30334,73176,0.0009566206,-1,-1
30335,73177,0.0009568107,-1,-1
30336,73200,0.0009567562,-1,-1
30337,73201,0.0009569817,-1,-1
30338,73202,0.000956172,-1,-1
30339,73203,0.0009561729,-1,-1
30340,73204,0.0009566979,-1,-1
30341,73205,0.0009562163,-1,-1
30342,73206,0.0009565813,-1,-1
30343,73207,0.0009560985,-1,-1
30344,73210,0.0009568802,-1,-1
30345,73211,0.0009567839,-1,-1
30346,73212,0.0009564632,-1,-1
30347,73213,0.0009569315,-1,-1
30348,73214,0.0009561142,-1,-1
30349,73215,0.0009561993,-1,-1
30350,73216,0.000956498,-1,-1
30351,73217,0.0009566594,-1,-1
30352,73220,0.0009552763,-1,-1
30353,73221,0.0009558049,-1,-1
30354,73222,0.0009561146,-1,-1
30355,73223,0.0009561981,-1,-1
30356,73224,0.0009565739,-1,-1
30357,73225,0.0009562985,-1,-1
30358,73226,0.0009559816,-1,-1
30359,73227,0.0009567961,-1,-1
30360,73230,0.0009564181,-1,-1
30361,73231,0.0009568273,-1,-1
30362,73232,0.000956226,-1,-1
30363,73233,0.0009561917,-1,-1
30364,73234,0.0009561464,-1,-1
30365,73235,0.0009566274,-1,-1
30366,73236,0.0009562323,-1,-1
30367,73237,0.0009574125,-1,-1
30368,73240,0.0009566448,-1,-1
30369,73241,0.0009562883,-1,-1
30370,73242,0.0009571527,-1,-1
30371,73243,0.0009567562,-1,-1
30372,73244,0.0009563018,-1,-1
30373,73245,0.0009566547,-1,-1
30374,73246,0.0009565005,-1,-1
30375,73247,0.0009563718,-1,-1
30376,73250,0.0009565046,-1,-1
30377,73251,0.0009565481,-1,-1
30378,73252,0.0009569465,-1,-1
30379,73253,0.0009567049,-1,-1
30380,73254,0.000956383,-1,-1
30381,73255,0.0009563287,-1,-1
30382,73256,0.0009567591,-1,-1
30383,73257,0.0009567535,-1,-1
30384,73260,0.0009571949,-1,-1
30385,73261,0.0009561845,-1,-1
30386,73262,0.0009565101,-1,-1
30387,73263,0.0009567513,-1,-1
30388,73264,0.0009570174,-1,-1
30389,73265,0.0009568122,-1,-1
30390,73266,0.0009566717,-1,-1
30391,73267,0.0009569676,-1,-1
30392,73270,0.0009566742,-1,-1
30393,73271,0.000956742,-1,-1
30394,73272,0.0009566857,-1,-1
30395,73273,0.0009569828,-1,-1
30396,73274,0.0009564995,-1,-1
30397,73275,0.0009563382,-1,-1
30398,73276,0.0009572285,-1,-1
30399,73277,0.0009567441,-1,-1
30400,73300,0.0009560667,-1,-1
30401,73301,0.0009565655,-1,-1
30402,73302,0.0009563348,-1,-1
30403,73303,0.0009569161,-1,-1
30404,73304,0.000957087,-1,-1
30405,73305,0.0009559982,-1,-1
30406,73306,0.0009561796,-1,-1
30407,73307,0.0009565106,-1,-1
30408,73310,0.0009571785,-1,-1
30409,73311,0.0009566318,-1,-1
30410,73312,0.0009565942,-1,-1
30411,73313,0.0009565058,-1,-1
30412,73314,0.0009567792,-1,-1
30413,73315,0.0009561953,-1,-1
30414,73316,0.0009566977,-1,-1
30415,73317,0.0009565218,-1,-1
30416,73320,0.000956667,-1,-1
30417,73321,0.0009570327,-1,-1
30418,73322,0.0009567088,-1,-1
30419,73323,0.0009571187,-1,-1
30420,73324,0.0009571288,-1,-1
30421,73325,0.0009567371,-1,-1
30422,73326,0.0009564369,-1,-1
30423,73327,0.0009567621,-1,-1
30424,73330,0.0009566178,-1,-1
30425,73331,0.0009562194,-1,-1
30426,73332,0.0009564836,-1,-1
30427,73333,0.0009574767,-1,-1
30428,73334,0.0009569351,-1,-1
30429,73335,0.000956798,-1,-1
