row,col,start_source_index,stop_source_index_exclusive,sample_count,median_current_A,mean_current_A,std_current_A
0,0,2061,2069,8,3.528679e-05,3.5294435e-05,3.77914794563536e-07
0,1,2069,2077,8,3.7186209999999994e-05,3.7013887500000004e-05,6.428471781798146e-07
0,2,2077,2085,8,3.3626565e-05,3.3721495e-05,9.580532760238343e-07
0,3,2085,2093,8,3.229773e-05,3.229761375e-05,6.41761894976454e-08
0,4,2093,2101,8,3.221111e-05,3.22198375e-05,5.734969676249297e-08
0,5,2101,2109,8,3.221601e-05,3.221860875e-05,6.038629799828182e-08
0,6,2109,2116,7,3.220256e-05,3.222418142857142e-05,5.9184024733650894e-08
0,7,2116,2124,8,3.2271079999999995e-05,3.225502875e-05,6.128966418522243e-08
0,8,2124,2132,8,3.229031e-05,3.2279548749999996e-05,5.231965988935255e-08
0,9,2132,2140,8,3.2289285e-05,3.22922525e-05,5.357095732530887e-08
0,10,2140,2148,8,3.232931e-05,3.230936249999999e-05,6.038979854867893e-08
0,11,2148,2156,8,3.2331260000000004e-05,3.2321921249999996e-05,6.126618488968869e-08
0,12,2156,2163,7,3.231949e-05,3.2332521428571424e-05,6.112546334701852e-08
0,13,2163,2171,8,3.2344165e-05,3.2343327500000004e-05,5.773555311720778e-08
0,14,2171,2179,8,3.236642e-05,3.2357036250000006e-05,5.9160567301517405e-08
0,15,2179,2187,8,3.2385900000000004e-05,3.238059625e-05,5.6729165985738405e-08
0,16,2187,2195,8,3.2385769999999995e-05,3.2392086250000005e-05,5.4025071942917906e-08
0,17,2195,2203,8,3.2418660000000006e-05,3.240715e-05,6.102793827420355e-08
0,18,2203,2210,7,3.24347e-05,3.243338e-05,4.904131902211313e-08
0,19,2210,2218,8,3.2445190000000005e-05,3.243878625e-05,5.4172487929183116e-08
0,20,2218,2226,8,3.2458825000000003e-05,3.245512375e-05,5.821875340848034e-08
0,21,2226,2234,8,3.247289e-05,3.2472526249999995e-05,6.324395543004653e-08
0,22,2234,2242,8,3.2517745e-05,3.249657875e-05,6.490068632870974e-08
0,23,2242,2250,8,3.2518725e-05,3.2521723750000004e-05,5.791855400851648e-08
0,24,2250,2257,7,3.25567e-05,3.254036714285714e-05,4.982879537957585e-08
0,25,2257,2265,8,3.257454e-05,3.25679925e-05,5.446960775285584e-08
0,26,2265,2273,8,3.259781e-05,3.259021e-05,5.362661839049751e-08
0,27,2273,2281,8,3.2615995e-05,3.261358875e-05,5.4736256137385e-08
0,28,2281,2289,8,3.263914e-05,3.264108125e-05,5.356810231786708e-08
0,29,2289,2297,8,3.2659955e-05,3.26672575e-05,5.517365013074642e-08
0,30,2297,2305,8,3.2724999999999996e-05,3.270303125e-05,5.5319981344333444e-08
0,31,2305,2312,7,3.284294e-05,3.2838254285714284e-05,6.263395721107102e-08
0,32,2312,2320,8,3.295724e-05,3.296482875e-05,7.968443518615986e-08
0,33,2320,2328,8,3.305599e-05,3.304772e-05,7.326795564911003e-08
0,34,2328,2336,8,3.3120520000000004e-05,3.3103052500000005e-05,7.091233615352028e-08
0,35,2336,2344,8,3.3141119999999995e-05,3.31332425e-05,6.49451073503625e-08
0,36,2344,2352,8,3.3155374999999996e-05,3.315165375e-05,5.679352316450769e-08
0,37,2352,2359,7,3.311525e-05,3.313144e-05,6.569957490621325e-08
0,38,2359,2367,8,3.308644e-05,3.307692375e-05,8.101252433073159e-08
0,39,2367,2375,8,3.2976045e-05,3.295448125e-05,8.864105375579452e-08
0,40,2375,2383,8,3.2796525e-05,3.2784456249999996e-05,9.201485857424118e-08
0,41,2383,2391,8,3.269041e-05,3.26703375e-05,7.581267765848839e-08
0,42,2391,2399,8,3.2631704999999995e-05,3.262388125e-05,5.8595096517861935e-08
0,43,2399,2406,7,3.278111e-05,3.3007381428571424e-05,4.197762229170812e-07
0,44,2406,2414,8,6.518676000000001e-05,0.00026057843250000003,0.0002728941851001146
0,45,2414,2422,8,0.0006126865,0.000612699975,1.523922057554055e-07
0,46,2422,2430,8,0.000612419,0.0006124479625,2.7770756173311655e-07
0,47,2430,2438,8,0.00061242715,0.0006123957125,1.5223465799136902e-07
0,48,2438,2446,8,0.00061216305,0.000612181275,1.6223027422461173e-07
0,49,2446,2453,7,0.0006122911,0.0006121892,3.256267100311673e-07
1,0,3071,3078,7,3.351289e-05,3.3506895714285716e-05,6.857823370994259e-08
1,1,3063,3071,8,3.3468624999999995e-05,3.3495145e-05,7.35777430681324e-08
1,2,3055,3063,8,3.302667e-05,3.30887625e-05,2.292810392700399e-07
1,3,3047,3055,8,3.293845e-05,3.2921566250000006e-05,6.765398619769177e-08
1,4,3039,3047,8,3.291628e-05,3.2906275e-05,5.90772062643451e-08
1,5,3031,3039,8,3.293161e-05,3.2919487500000005e-05,6.292260359958101e-08
1,6,3024,3031,7,3.288686e-05,3.2928875714285714e-05,6.34652057333423e-08
1,7,3016,3024,8,3.293468e-05,3.294514875e-05,5.69200640015229e-08
1,8,3008,3016,8,3.2962535e-05,3.295453375e-05,5.984167693537172e-08
1,9,3000,3008,8,3.297284e-05,3.296374e-05,5.837107909744362e-08
1,10,2992,3000,8,3.2970554999999996e-05,3.2968691249999996e-05,5.8433045966624076e-08
1,11,2984,2992,8,3.2997125e-05,3.2986105e-05,6.308224888984138e-08
1,12,2977,2984,7,3.302958e-05,3.300124428571429e-05,5.8748757520513854e-08
1,13,2969,2977,8,3.3010110000000005e-05,3.299872375e-05,5.7914653356792384e-08
1,14,2961,2969,8,3.3016315e-05,3.301227625e-05,5.669932295396011e-08
1,15,2953,2961,8,3.3020185e-05,3.301722375e-05,5.883985680163999e-08
1,16,2945,2953,8,3.301815e-05,3.302072e-05,5.768596146377402e-08
1,17,2937,2945,8,3.304094e-05,3.3037685e-05,5.665849274380741e-08
1,18,2930,2937,7,3.298944e-05,3.302177714285715e-05,5.8163634371188995e-08
1,19,2922,2930,8,3.3043885e-05,3.30443775e-05,5.6860625601113486e-08
1,20,2914,2922,8,3.3052065e-05,3.305026875e-05,5.7384521963134076e-08
1,21,2906,2914,8,3.3067139999999997e-05,3.3057255e-05,6.215131012295644e-08
1,22,2898,2906,8,3.3076775e-05,3.307621375e-05,5.6743776737520597e-08
1,23,2890,2898,8,3.3093790000000004e-05,3.30837425e-05,5.8367441641294674e-08
1,24,2882,2890,8,3.3091470000000005e-05,3.3091011249999994e-05,6.254195540545155e-08
1,25,2875,2882,7,3.314785e-05,3.311259571428571e-05,5.657710714645348e-08
1,26,2867,2875,8,3.3108055e-05,3.30943125e-05,5.78906583029604e-08
1,27,2859,2867,8,3.311671e-05,3.3106839999999996e-05,6.349946712374863e-08
1,28,2851,2859,8,3.3110119999999995e-05,3.310495e-05,6.530246530568351e-08
1,29,2843,2851,8,3.310469e-05,3.310028e-05,5.9034069188901235e-08
1,30,2835,2843,8,3.3107665e-05,3.309184375e-05,6.117917516146746e-08
1,31,2828,2835,7,3.305737e-05,3.3079791428571434e-05,6.68057923982592e-08
1,32,2820,2828,8,3.306665e-05,3.30759575e-05,6.201935841936704e-08
1,33,2812,2820,8,3.306329e-05,3.30568175e-05,5.888461933094292e-08
1,34,2804,2812,8,3.302147e-05,3.303309375e-05,5.929754188360169e-08
1,35,2796,2804,8,3.2997395e-05,3.299753e-05,6.258126177219374e-08
1,36,2788,2796,8,3.294071e-05,3.29532075e-05,6.789017339608208e-08
1,37,2781,2788,7,3.293689e-05,3.291834714285714e-05,5.9576103482205825e-08
1,38,2773,2781,8,3.2822785e-05,3.2833065e-05,5.4513536163047746e-08
1,39,2765,2773,8,3.2740505e-05,3.2739173749999996e-05,5.191706052385386e-08
1,40,2757,2765,8,3.261058e-05,3.26036575e-05,6.23698969355414e-08
1,41,2749,2757,8,3.2404215e-05,3.241051125e-05,7.478748198019155e-08
1,42,2741,2749,8,3.2101525e-05,3.211470375e-05,9.529550919868927e-08
1,43,2734,2741,7,3.175415e-05,3.1673927142857144e-05,1.434029590962156e-07
1,44,2726,2734,8,0.0002870067,0.00028176122250000003,0.00015507013545371833
1,45,2718,2726,8,0.0005529447,0.0005480867125,1.2831554907282023e-05
1,46,2710,2718,8,0.00055218315,0.0005529963,4.137124752167872e-06
1,47,2702,2710,8,0.0005894742000000001,0.0005869869625,1.5939584698945068e-05
1,48,2694,2702,8,0.0006121501499999999,0.0006120659875,2.639921705160066e-07
1,49,2686,2694,8,0.0006120402,0.0006120827625000001,2.2009449071647334e-07
2,0,3312,3320,8,3.3214805000000006e-05,3.3200136250000005e-05,2.3498878355878459e-07
2,1,3320,3328,8,3.291452e-05,3.2921806249999996e-05,5.5283927351784265e-08
2,2,3328,3336,8,3.294844e-05,3.293855875e-05,6.239578740538135e-08
2,3,3336,3344,8,3.2975869999999995e-05,3.2961797499999997e-05,5.216984132379621e-08
2,4,3344,3352,8,3.2998225e-05,3.297775375e-05,6.115022259515922e-08
2,5,3352,3360,8,3.299222e-05,3.29856025e-05,5.978098291890127e-08
2,6,3360,3367,7,3.300736e-05,3.299639428571429e-05,6.501377587143633e-08
2,7,3367,3375,8,3.303094e-05,3.3017460000000004e-05,6.008316174270515e-08
2,8,3375,3383,8,3.304309e-05,3.303179375e-05,6.838183511311648e-08
2,9,3383,3391,8,3.3051735e-05,3.3045198750000005e-05,6.182454214094586e-08
2,10,3391,3399,8,3.30536e-05,3.305852624999999e-05,5.8926736702768775e-08
2,11,3399,3407,8,3.307568e-05,3.3067173750000004e-05,6.452615553740572e-08
2,12,3407,3414,7,3.308076e-05,3.308665571428571e-05,5.6645634772465804e-08
2,13,3414,3422,8,3.30955e-05,3.3097173749999995e-05,5.666675501065381e-08
2,14,3422,3430,8,3.3099394999999997e-05,3.3107346250000006e-05,5.914421293277604e-08
2,15,3430,3438,8,3.3140555e-05,3.311980625e-05,6.253746535827604e-08
2,16,3438,3446,8,3.3146179999999996e-05,3.312980125e-05,6.663033382730134e-08
2,17,3446,3454,8,3.3158025000000005e-05,3.31445e-05,6.583985039472672e-08
2,18,3454,3461,7,3.315342e-05,3.314672714285715e-05,6.450812567073299e-08
2,19,3461,3469,8,3.318399e-05,3.317390625e-05,6.098366275846038e-08
2,20,3469,3477,8,3.317336e-05,3.3182035000000004e-05,5.892883525914943e-08
2,21,3477,3485,8,3.3227729999999996e-05,3.321228375e-05,6.414413611888115e-08
2,22,3485,3493,8,3.3237920000000004e-05,3.3232686250000005e-05,5.4963246114448875e-08
2,23,3493,3501,8,3.3251435e-05,3.324110625e-05,5.718430683708213e-08
2,24,3501,3508,7,3.328233e-05,3.327562142857143e-05,5.132508170714273e-08
2,25,3508,3516,8,3.3263490000000004e-05,3.3271935000000005e-05,5.836800793242912e-08
2,26,3516,3524,8,3.3279145e-05,3.3283650000000004e-05,6.459602348442269e-08
2,27,3524,3532,8,3.330919e-05,3.3297198749999995e-05,6.504248581456151e-08
2,28,3532,3540,8,3.3294875e-05,3.330945625e-05,6.228196567576856e-08
2,29,3540,3548,8,3.332562e-05,3.332263125e-05,6.178574986141601e-08
2,30,3548,3556,8,3.3354015e-05,3.333499375e-05,6.241965154050114e-08
2,31,3556,3563,7,3.334405e-05,3.333845428571429e-05,6.25625914829391e-08
2,32,3563,3571,8,3.336716e-05,3.3357947499999994e-05,5.6820832392266387e-08
2,33,3571,3579,8,3.336612e-05,3.3370105e-05,5.446214442160825e-08
2,34,3579,3587,8,3.3384200000000005e-05,3.338006625e-05,5.8861811673083036e-08
2,35,3587,3595,8,3.3393264999999995e-05,3.3383228749999996e-05,6.577806652629391e-08
2,36,3595,3603,8,3.3386425000000005e-05,3.339447e-05,6.148175969342513e-08
2,37,3603,3610,7,3.336194e-05,3.339485571428571e-05,6.993347468582194e-08
2,38,3610,3618,8,3.3409235e-05,3.340311375e-05,5.757048743442723e-08
2,39,3618,3626,8,3.3430254999999994e-05,3.342360125e-05,5.6829415234871445e-08
2,40,3626,3634,8,3.342614e-05,3.3430316249999993e-05,6.262969781531471e-08
2,41,3634,3642,8,3.3448075e-05,3.3446345e-05,5.507723758504944e-08
2,42,3642,3650,8,3.3453835000000004e-05,3.346018625e-05,6.03838835985023e-08
2,43,3650,3657,7,3.356708e-05,3.3654550000000005e-05,1.339316891979964e-07
2,44,3657,3665,8,4.5225764999999994e-05,0.00018597411625,0.0002468417861236576
2,45,3665,3673,8,0.00061287745,0.0006128806625000001,2.9031885030729914e-07
2,46,3673,3681,8,0.00061227355,0.0006121684,5.009918786766923e-07
2,47,3681,3689,8,0.0006121053,0.000612154,1.8775412112652816e-07
2,48,3689,3697,8,0.0006120941999999999,0.0006120959125,1.6902548208405346e-07
2,49,3697,3704,7,0.0006122032,0.0006122286857142857,2.2203063770938013e-07
3,0,4323,4330,7,3.336223e-05,3.335429e-05,7.017004957346832e-08
3,1,4315,4323,8,3.3352309999999996e-05,3.334727875e-05,6.830088751939768e-08
3,2,4307,4315,8,3.2963859999999995e-05,3.306081e-05,1.941709983493937e-07
3,3,4299,4307,8,3.2872645000000004e-05,3.28673375e-05,5.4709488608010606e-08
3,4,4291,4299,8,3.2832915e-05,3.282297625e-05,5.524972894446946e-08
3,5,4283,4291,8,3.2833555e-05,3.2814286249999996e-05,6.597958376223426e-08
3,6,4276,4283,7,3.279165e-05,3.282211e-05,5.99004660129755e-08
3,7,4268,4276,8,3.2838065e-05,3.2836803749999996e-05,5.728230244532309e-08
3,8,4260,4268,8,3.285443e-05,3.284011625e-05,6.082025298728563e-08
3,9,4252,4260,8,3.2863e-05,3.284597375e-05,6.34687663220074e-08
3,10,4244,4252,8,3.2871435e-05,3.285674750000001e-05,6.331196505203563e-08
3,11,4236,4244,8,3.2870030000000004e-05,3.286598125e-05,6.057837803983696e-08
3,12,4229,4236,7,3.292008e-05,3.288352714285714e-05,6.119802861304185e-08
3,13,4221,4229,8,3.2884425e-05,3.28821575e-05,6.185463599238022e-08
3,14,4213,4221,8,3.2881090000000005e-05,3.28905e-05,5.985228295562208e-08
3,15,4205,4213,8,3.2921285e-05,3.290602875e-05,6.124607282052897e-08
3,16,4197,4205,8,3.2938255e-05,3.29318075e-05,5.9133864187537464e-08
3,17,4189,4197,8,3.2957265e-05,3.295290874999999e-05,6.081435591977795e-08
3,18,4182,4189,7,3.298253e-05,3.2974402857142854e-05,5.561793665312446e-08
3,19,4174,4182,8,3.2977750000000005e-05,3.297339e-05,5.976924104420286e-08
3,20,4166,4174,8,3.3003684999999996e-05,3.299666125e-05,6.386425456339167e-08
3,21,4158,4166,8,3.301553e-05,3.300465e-05,6.466733468297519e-08
3,22,4150,4158,8,3.3027665e-05,3.3016155e-05,6.516717540295827e-08
3,23,4142,4150,8,3.3041735e-05,3.302537e-05,6.683541239492723e-08
3,24,4134,4142,8,3.3081374999999996e-05,3.3073788750000006e-05,6.430182781956922e-08
3,25,4127,4134,7,3.308333e-05,3.3084701428571425e-05,6.357830434726458e-08
3,26,4119,4127,8,3.3119845000000004e-05,3.30991875e-05,6.551764280520256e-08
3,27,4111,4119,8,3.311446e-05,3.30991675e-05,6.365575715322191e-08
3,28,4103,4111,8,3.3117355e-05,3.310043375e-05,6.357661321930829e-08
3,29,4095,4103,8,3.3112980000000005e-05,3.31033475e-05,5.982859093903159e-08
3,30,4087,4095,8,3.309815e-05,3.3094995e-05,5.632531202754215e-08
3,31,4080,4087,7,3.305359e-05,3.307883428571428e-05,6.118710084816974e-08
3,32,4072,4080,8,3.307329e-05,3.3069992499999996e-05,6.067951069965831e-08
3,33,4064,4072,8,3.307117e-05,3.3052858750000006e-05,5.858280751156962e-08
3,34,4056,4064,8,3.30149e-05,3.30252475e-05,5.5147077835094917e-08
3,35,4048,4056,8,3.2997274999999995e-05,3.29930025e-05,5.528528731724115e-08
3,36,4040,4048,8,3.295257e-05,3.295236375e-05,5.5259377696800864e-08
3,37,4033,4040,7,3.289645e-05,3.289267857142857e-05,5.879346329763695e-08
3,38,4025,4033,8,3.2844285e-05,3.2824916249999994e-05,6.391757347113237e-08
3,39,4017,4025,8,3.273741e-05,3.27303e-05,6.799031640608781e-08
3,40,4009,4017,8,3.2600740000000004e-05,3.2601565e-05,7.67065733819465e-08
3,41,4001,4009,8,3.2408285e-05,3.241029375e-05,8.202653990287161e-08
3,42,3993,4001,8,3.2159250000000006e-05,3.2128043749999996e-05,1.1299021085225659e-07
3,43,3986,3993,7,3.176451e-05,3.171767428571429e-05,1.6007447238771162e-07
3,44,3978,3986,8,0.00021959755,0.00023148570499999997,0.00015602103200214562
3,45,3970,3978,8,0.00055761175,0.000548199325,1.7518709491836867e-05
3,46,3962,3970,8,0.00055227825,0.0005521960249999999,3.757473386050129e-06
3,47,3954,3962,8,0.0005894056,0.0005867951875,1.537159713062028e-05
3,48,3946,3954,8,0.000611344,0.00061117415,4.203583263121898e-07
3,49,3938,3946,8,0.00061171095,0.00061169655,1.767390378495864e-07
4,0,4563,4571,8,3.3136165e-05,3.310798125e-05,1.5618000795856518e-07
4,1,4571,4579,8,3.2908429999999994e-05,3.291397375e-05,5.970738688334659e-08
4,2,4579,4587,8,3.292068e-05,3.291368625e-05,5.604141369056789e-08
4,3,4587,4595,8,3.295422e-05,3.294388e-05,5.3211706183883864e-08
4,4,4595,4603,8,3.29645e-05,3.29556875e-05,5.977786876219339e-08
4,5,4603,4611,8,3.2974705e-05,3.296722499999999e-05,5.686786460735072e-08
4,6,4611,4618,7,3.298912e-05,3.299365142857143e-05,5.599977740480534e-08
4,7,4618,4626,8,3.2998064999999996e-05,3.299846125e-05,6.085573872641355e-08
4,8,4626,4634,8,3.3039229999999996e-05,3.3019341249999995e-05,6.441487705443247e-08
4,9,4634,4642,8,3.3025675e-05,3.3025595000000004e-05,6.57769870471436e-08
4,10,4642,4650,8,3.3047939999999995e-05,3.30375025e-05,6.48161842732982e-08
4,11,4650,4658,8,3.3034765e-05,3.30448175e-05,5.985821450519615e-08
4,12,4658,4665,7,3.304931e-05,3.305741571428571e-05,5.990077530076453e-08
4,13,4665,4673,8,3.3091470000000005e-05,3.308186625e-05,6.207104114188486e-08
4,14,4673,4681,8,3.310563e-05,3.310063125e-05,5.556792677379145e-08
4,15,4681,4689,8,3.3113095e-05,3.31103e-05,5.596003685667176e-08
4,16,4689,4697,8,3.3127120000000005e-05,3.31239575e-05,5.412442811476313e-08
4,17,4697,4705,8,3.3125245e-05,3.3129036250000005e-05,5.925452660714878e-08
4,18,4705,4712,7,3.317448e-05,3.315413857142857e-05,6.079168045254903e-08
4,19,4712,4720,8,3.3178850000000005e-05,3.3157661249999995e-05,6.332362521948313e-08
4,20,4720,4728,8,3.3187975e-05,3.3175285e-05,6.370035243230582e-08
4,21,4728,4736,8,3.3196415e-05,3.31923325e-05,6.419007395033847e-08
4,22,4736,4744,8,3.321927e-05,3.3217008749999996e-05,6.03967733901201e-08
4,23,4744,4752,8,3.3219215e-05,3.3223527499999996e-05,6.389703235479851e-08
4,24,4752,4759,7,3.325461e-05,3.324079571428571e-05,6.096470966460607e-08
4,25,4759,4767,8,3.3272085e-05,3.326636625e-05,5.61463834404104e-08
4,26,4767,4775,8,3.327049e-05,3.327587e-05,5.64168472178299e-08
4,27,4775,4783,8,3.3277665e-05,3.328792e-05,6.312627147234343e-08
4,28,4783,4791,8,3.3296430000000004e-05,3.32996875e-05,6.543176689307715e-08
4,29,4791,4799,8,3.329944e-05,3.330901375e-05,6.116783896327713e-08
4,30,4799,4807,8,3.3315525e-05,3.332440375e-05,5.860648810871939e-08
4,31,4807,4814,7,3.336621e-05,3.3344014285714286e-05,5.756486350373862e-08
4,32,4814,4822,8,3.334997e-05,3.334150125e-05,5.726708488248342e-08
4,33,4822,4830,8,3.335677e-05,3.335339375e-05,5.934290583917627e-08
4,34,4830,4838,8,3.337006e-05,3.3362235000000006e-05,6.034477027879158e-08
4,35,4838,4846,8,3.3383295e-05,3.3374225000000005e-05,6.290364158774896e-08
4,36,4846,4854,8,3.339793e-05,3.33822425e-05,6.519244660042948e-08
4,37,4854,4861,7,3.338762e-05,3.338433428571429e-05,6.291285874857604e-08
4,38,4861,4869,8,3.342115e-05,3.340001875e-05,6.465622213629158e-08
4,39,4869,4877,8,3.3429245e-05,3.34116875e-05,6.25985536474294e-08
4,40,4877,4885,8,3.343206e-05,3.34199425e-05,6.169114214172078e-08
4,41,4885,4893,8,3.3451305e-05,3.343499875e-05,6.328450608906855e-08
4,42,4893,4901,8,3.345239e-05,3.344531e-05,5.7572456739312446e-08
4,43,4901,4908,7,3.359768e-05,3.357934571428571e-05,9.671178416262589e-08
4,44,4908,4916,8,4.092368e-05,0.0001162762075,0.00018801360852068345
4,45,4916,4924,8,0.0006126587999999999,0.0006126074875,2.4355269161670087e-07
4,46,4924,4932,8,0.00061253285,0.00061247305,2.7301653338213856e-07
4,47,4932,4940,8,0.00061248475,0.0006125140250000001,2.602293015303982e-07
4,48,4940,4948,8,0.0006123987499999999,0.0006122636375,3.445758948965299e-07
4,49,4948,4955,7,0.0006121193,0.0006120857714285714,1.0684874107535784e-07
5,0,5557,5564,7,3.293314e-05,3.2918422857142855e-05,7.298259219338015e-08
5,1,5549,5557,8,3.288773e-05,3.2877605e-05,6.521554875947963e-08
5,2,5542,5549,7,3.290404e-05,3.288825857142857e-05,5.3281655226479616e-08
5,3,5534,5542,8,3.2891215e-05,3.289062125e-05,5.6982945132182595e-08
5,4,5527,5534,7,3.287912e-05,3.288965857142857e-05,6.550506729113648e-08
5,5,5519,5527,8,3.2912e-05,3.2903055000000004e-05,6.355933409028146e-08
5,6,5511,5519,8,3.293304e-05,3.291949875e-05,6.434941189270994e-08
5,7,5504,5511,7,3.289927e-05,3.2919982857142855e-05,6.356261540835913e-08
5,8,5496,5504,8,3.293682e-05,3.2938751249999995e-05,6.069627509936192e-08
5,9,5489,5496,7,3.296857e-05,3.296580285714285e-05,5.1306833773258185e-08
5,10,5481,5489,8,3.2987345000000005e-05,3.296532625e-05,6.466210867608328e-08
5,11,5474,5481,7,3.293285e-05,3.2955995714285714e-05,6.158009577711334e-08
5,12,5466,5474,8,3.29759e-05,3.297554125e-05,6.159054136746514e-08
5,13,5458,5466,8,3.2978975e-05,3.29867825e-05,5.634688827921205e-08
5,14,5451,5458,7,3.296271e-05,3.298798142857142e-05,6.114036156455698e-08
5,15,5443,5451,8,3.3002005e-05,3.2998326249999996e-05,5.6492978532181875e-08
5,16,5436,5443,7,3.302188e-05,3.300805142857143e-05,5.813711905697556e-08
5,17,5428,5436,8,3.3021704999999996e-05,3.3004931250000004e-05,6.423587460241794e-08
5,18,5420,5428,8,3.3025184999999996e-05,3.302541125e-05,5.632873055499809e-08
5,19,5413,5420,7,3.303529e-05,3.302704142857143e-05,6.057644766941197e-08
5,20,5405,5413,8,3.304489e-05,3.3033625000000003e-05,6.40587060827807e-08
5,21,5398,5405,7,3.301383e-05,3.3036312857142855e-05,6.607918771428512e-08
5,22,5390,5398,8,3.3060875e-05,3.30546475e-05,6.25168780710452e-08
5,23,5383,5390,7,3.311059e-05,3.306893142857142e-05,6.705869250750745e-08
5,24,5375,5383,8,3.3085804999999995e-05,3.30733275e-05,6.689528846450954e-08
5,25,5367,5375,8,3.309764e-05,3.3080771249999996e-05,6.425842249026467e-08
5,26,5360,5367,7,3.310957e-05,3.3097135714285714e-05,5.320346440307933e-08
5,27,5352,5360,8,3.3103765000000004e-05,3.3084625e-05,6.623886680039111e-08
5,28,5345,5352,7,3.306541e-05,3.3072124285714286e-05,6.576376897809505e-08
5,29,5337,5345,8,3.3094695e-05,3.307456e-05,6.65304208614368e-08
5,30,5330,5337,7,3.306884e-05,3.3057159999999996e-05,5.822456280888416e-08
5,31,5322,5330,8,3.3053955e-05,3.3050293749999995e-05,5.9107489571435685e-08
5,32,5314,5322,8,3.3042329999999996e-05,3.303513625e-05,6.009985647601343e-08
5,33,5307,5314,7,3.30145e-05,3.3007680000000004e-05,6.593922266537738e-08
5,34,5299,5307,8,3.299648e-05,3.298490375e-05,6.657849576580618e-08
5,35,5292,5299,7,3.296011e-05,3.295579e-05,5.6354772646156785e-08
5,36,5284,5292,8,3.2902134999999994e-05,3.2900394999999994e-05,5.277044816940731e-08
5,37,5276,5284,8,3.2817235000000004e-05,3.2831951250000005e-05,5.217407460547433e-08
5,38,5269,5276,7,3.272627e-05,3.273469714285715e-05,5.46538399420212e-08
5,39,5261,5269,8,3.2647414999999996e-05,3.263804125e-05,8.423689444618207e-08
5,40,5254,5261,7,3.249339e-05,3.2488055714285715e-05,9.645442726373781e-08
5,41,5246,5254,8,3.2263465e-05,3.225815625e-05,1.1233114104484854e-07
5,42,5239,5246,7,3.188923e-05,3.1945927142857144e-05,1.1128596352438544e-07
5,43,5231,5239,8,3.1608634999999997e-05,7.78281525e-05,6.724480284218341e-05
5,44,5223,5231,8,0.0005005318,0.0004700596125,8.492472491076195e-05
5,45,5216,5223,7,0.0005570472,0.0005546227999999999,4.9506384050082755e-06
5,46,5208,5216,8,0.0005543859,0.00055859695,1.8355095082088236e-05
5,47,5201,5208,7,0.0006091787,0.0006062662285714285,6.060340145266334e-06
5,48,5193,5201,8,0.0006114062,0.0006114376875,1.7962489692064293e-07
5,49,5185,5193,8,0.0006112865499999999,0.0006113085249999999,3.0027148445200903e-07
6,0,5790,5798,8,3.2919135e-05,3.290818375e-05,6.348839912485987e-08
6,1,5798,5806,8,3.2938764999999995e-05,3.29214125e-05,6.031559888412008e-08
6,2,5806,5813,7,3.293742e-05,3.2934198571428574e-05,6.200697274813232e-08
6,3,5813,5821,8,3.3014635e-05,3.306626e-05,1.3782431280438155e-07
6,4,5821,5828,7,3.444403e-05,3.452344142857143e-05,5.88168704112994e-07
6,5,5828,5836,8,3.714205e-05,3.68707425e-05,6.386327852481026e-07
6,6,5836,5844,8,3.7076189999999995e-05,3.7108422500000004e-05,2.5187802627214273e-07
6,7,5844,5851,7,3.663034e-05,3.671485e-05,2.4644190981707076e-07
6,8,5851,5859,8,3.632029e-05,3.63976875e-05,2.9180471058355106e-07
6,9,5859,5866,7,3.615883e-05,3.617642857142857e-05,1.3982914323544627e-07
6,10,5866,5874,8,3.602718e-05,3.6049596249999996e-05,1.370683670597902e-07
6,11,5874,5881,7,3.589592e-05,3.594013571428572e-05,1.6009127047291552e-07
6,12,5881,5889,8,3.5356570000000004e-05,3.5353105e-05,2.898558702614106e-07
6,13,5889,5897,8,3.397252e-05,3.3991609999999996e-05,4.491885398972242e-07
6,14,5897,5904,7,3.302363e-05,3.301847714285714e-05,6.37166931960265e-08
6,15,5904,5912,8,3.3022310000000005e-05,3.302267375e-05,6.362235631786592e-08
6,16,5912,5919,7,3.303043e-05,3.305064142857142e-05,5.481307128480885e-08
6,17,5919,5927,8,3.3106115e-05,3.309511125e-05,6.305260728897288e-08
6,18,5927,5935,8,3.3137955e-05,3.312237375e-05,5.9341090303748103e-08
6,19,5935,5942,7,3.316355e-05,3.316176428571429e-05,4.983009757656282e-08
6,20,5942,5950,8,3.3155010000000004e-05,3.31637225e-05,6.717688325421161e-08
6,21,5950,5957,7,3.317014e-05,3.317413e-05,6.532337275869487e-08
6,22,5957,5965,8,3.321848e-05,3.32223125e-05,6.455091590171312e-08
6,23,5965,5972,7,3.377009e-05,3.378473142857143e-05,2.853982004362406e-07
6,24,5972,5980,8,3.4699925e-05,3.470966e-05,1.875255883206343e-07
6,25,5980,5988,8,3.4908975000000006e-05,3.49106075e-05,1.4759783397377435e-07
6,26,5988,5995,7,3.472954e-05,3.474219857142857e-05,1.0842253606391381e-07
6,27,5995,6003,8,3.4503065e-05,3.4478918750000006e-05,1.6257304746155621e-07
6,28,6003,6010,7,3.431837e-05,3.433095e-05,1.1989414473967122e-07
6,29,6010,6018,8,3.4482835e-05,3.446046e-05,8.910023625109035e-08
6,30,6018,6025,7,3.437189e-05,3.4347951428571434e-05,1.0471142104832182e-07
6,31,6025,6033,8,3.4257995e-05,3.425803375e-05,1.0854080476225299e-07
6,32,6033,6041,8,3.416405e-05,3.415952e-05,1.1511697919942151e-07
6,33,6041,6048,7,3.403432e-05,3.406758e-05,7.515364509741765e-08
6,34,6048,6056,8,3.375456e-05,3.378694125e-05,8.949755016724024e-08
6,35,6056,6063,7,3.343847e-05,3.3448151428571426e-05,8.311562831012899e-08
6,36,6063,6071,8,3.3347839999999995e-05,3.334310375e-05,6.027387243605264e-08
6,37,6071,6079,8,3.3374295e-05,3.33597975e-05,6.583645812731791e-08
6,38,6079,6086,7,3.336302e-05,3.336615857142857e-05,6.490698695134548e-08
6,39,6086,6094,8,3.3377430000000005e-05,3.338216625e-05,6.299858826543182e-08
6,40,6094,6101,7,3.343938e-05,3.341728285714286e-05,5.7003763463296184e-08
6,41,6101,6109,8,3.3429130000000004e-05,3.341757625e-05,6.310650975483858e-08
6,42,6109,6116,7,3.345311e-05,3.345469142857143e-05,8.239005738013532e-08
6,43,6116,6124,8,3.414565e-05,3.527793875e-05,2.3977793314827654e-06
6,44,6124,6132,8,0.0006123446,0.00047451403125,0.00023897517847703992
6,45,6132,6139,7,0.0006123613,0.0006123765,1.5049127169753579e-07
6,46,6139,6147,8,0.00061216995,0.000612219625,2.019999737004943e-07
6,47,6147,6154,7,0.0006122183,0.0006122048142857143,1.5215542268700468e-07
6,48,6154,6162,8,0.0006120602000000001,0.0006121565250000001,3.5828688138837723e-07
6,49,6162,6169,7,0.0006121927,0.0006121021714285714,1.8610126056442697e-07
7,0,6678,6684,6,3.2773595e-05,3.278174333333333e-05,5.439152436016173e-08
7,1,6672,6678,6,3.2738605e-05,3.272749833333333e-05,7.291949748790768e-08
7,2,6666,6672,6,3.2695559999999996e-05,3.2675986666666665e-05,6.546428407069784e-08
7,3,6660,6666,6,3.2538275000000005e-05,3.2533998333333335e-05,9.604181787406919e-08
7,4,6653,6660,7,3.229622e-05,3.2290929999999995e-05,6.172264599457325e-08
7,5,6647,6653,6,3.2151525e-05,3.2147213333333335e-05,8.472570953114247e-08
7,6,6641,6647,6,3.197938e-05,3.199294333333333e-05,7.362676973915254e-08
7,7,6635,6641,6,3.1753809999999995e-05,3.170518166666667e-05,1.0365750614671155e-07
7,8,6629,6635,6,0.00010928715,0.00010109643166666665,5.417481305843224e-05
7,9,6622,6629,7,0.0002214224,0.00021678970000000002,1.5761942424351493e-05
7,10,6616,6622,6,0.00022634015,0.00022722569999999997,9.25662410709217e-06
7,11,6610,6616,6,0.0002165275,0.00021643738333333335,7.812885881119013e-06
7,12,6604,6610,6,0.0002138804,0.00021042516666666667,6.9564953644457764e-06
7,13,6598,6604,6,0.00020006545000000002,0.00016057009333333335,6.951911553954823e-05
7,14,6591,6598,7,3.418928e-05,3.582139142857142e-05,3.5213886462483136e-06
7,15,6585,6591,6,3.2853625e-05,3.285603e-05,9.249172431448598e-08
7,16,6579,6585,6,3.2795585e-05,3.2790303333333335e-05,5.5120150479555116e-08
7,17,6573,6579,6,3.2744815000000006e-05,3.273135666666667e-05,6.30949207323553e-08
7,18,6567,6573,6,3.2705475e-05,3.269505333333333e-05,5.597560738591612e-08
7,19,6560,6567,7,3.260503e-05,3.2590508571428566e-05,7.440884498663364e-08
7,20,6554,6560,6,3.24912e-05,3.250084166666667e-05,6.73444678293801e-08
7,21,6548,6554,6,3.2308935e-05,3.23138e-05,6.980116617936773e-08
7,22,6542,6548,6,3.2083074999999996e-05,3.20763e-05,1.1259259759563806e-07
7,23,6536,6542,6,0.0001193438,9.582599999999999e-05,4.5920240569671816e-05
7,24,6529,6536,7,0.0001283526,0.00013227344285714286,6.822974143887931e-06
7,25,6523,6529,6,0.00012939745,0.00013050515000000002,4.816978193414764e-06
7,26,6517,6523,6,0.00013436094999999998,0.00013250133333333333,5.455585066292665e-06
7,27,6511,6517,6,0.00011822475000000001,0.00011534587166666668,1.15390827718677e-05
7,28,6505,6511,6,9.6602555e-05,9.632671333333332e-05,2.5778918139290136e-06
7,29,6498,6505,7,9.054229e-05,9.081676999999999e-05,3.0938843043148387e-06
7,30,6492,6498,6,7.231343500000001e-05,7.118848333333334e-05,8.579688729458014e-06
7,31,6486,6492,6,3.7664645e-05,3.9551791666666665e-05,6.011588677572168e-06
7,32,6480,6486,6,3.283684e-05,3.288023666666667e-05,1.2123934312846747e-07
7,33,6474,6480,6,3.2681494999999995e-05,3.268468e-05,6.120532193635994e-08
7,34,6467,6474,7,3.259907e-05,3.2602307142857145e-05,7.22464428613788e-08
7,35,6461,6467,6,3.2418935e-05,3.243018333333333e-05,6.81669232269016e-08
7,36,6455,6461,6,3.2261185e-05,3.2245843333333336e-05,9.86208958025078e-08
7,37,6449,6455,6,3.1983285e-05,3.197108166666667e-05,1.0573181583873167e-07
7,38,6443,6449,6,3.1574835000000004e-05,3.160307333333333e-05,1.5034535395400606e-07
7,39,6436,6443,7,0.0003030304,0.00028412598,0.00015101592596480904
7,40,6430,6436,6,0.00054991005,0.0005412104166666666,1.739927309424322e-05
7,41,6424,6430,6,0.00053793245,0.0005382323,8.061738331567635e-06
7,42,6418,6424,6,0.00056263335,0.0005616013,1.9710502674378108e-05
7,43,6412,6418,6,0.0006085295,0.0006062401,5.688203401192098e-06
7,44,6405,6412,7,0.0006116076,0.0006116302142857142,2.824951449826771e-07
7,45,6399,6405,6,0.0006113628,0.0006113684166666667,2.2225286962278442e-07
7,46,6393,6399,6,0.00061138165,0.0006114781666666666,2.894810913034195e-07
7,47,6387,6393,6,0.00061154145,0.0006115214333333334,1.8469615288058773e-07
7,48,6381,6387,6,0.0006116231,0.0006116113666666667,1.6816641228920353e-07
7,49,6374,6381,7,0.0006116903,0.0006116680285714285,9.926820400577468e-08
8,0,6868,6875,7,3.309139e-05,3.306070142857143e-05,6.063421133051469e-08
8,1,6875,6881,6,3.2942685e-05,3.291821666666667e-05,6.563942912271307e-08
8,2,6881,6887,6,3.286825e-05,3.286753e-05,5.247292254105794e-08
8,3,6887,6893,6,3.288164e-05,3.289601666666667e-05,5.720571989660588e-08
8,4,6893,6899,6,3.289373e-05,3.2887578333333336e-05,5.338337113642127e-08
8,5,6899,6906,7,3.293785e-05,3.293471e-05,5.063558517203509e-08
8,6,6906,6912,6,3.2939805e-05,3.294000666666666e-05,6.249759853164204e-08
8,7,6912,6918,6,3.3237935e-05,3.3436245e-05,4.3485636347917666e-07
8,8,6918,6924,6,5.4232595e-05,0.00021753736,0.00024310175433643245
8,9,6924,6930,6,0.0005611596000000001,0.0005613824000000001,1.148246455833133e-06
8,10,6930,6937,7,0.0005627925,0.0005628037000000001,4.880903341449456e-07
8,11,6937,6943,6,0.00056228075,0.0005622592333333333,5.46811971542514e-07
8,12,6943,6949,6,0.00056070025,0.00056028505,1.5541549930750143e-06
8,13,6949,6955,6,0.00051689995,0.0005010946333333334,4.840681730068836e-05
8,14,6955,6961,6,0.0001566974,0.00015975730166666667,0.00010994889644784533
8,15,6961,6968,7,3.149984e-05,3.156565e-05,1.4094563602426813e-07
8,16,6968,6974,6,3.192478e-05,3.192349666666667e-05,1.15330304295484e-07
8,17,6974,6980,6,3.2178489999999996e-05,3.2171964999999994e-05,7.861977184525414e-08
8,18,6980,6986,6,3.236045e-05,3.2351388333333334e-05,8.978224739458214e-08
8,19,6986,6992,6,3.249921e-05,3.249936e-05,6.639812924071485e-08
8,20,6992,6999,7,3.264872e-05,3.263468e-05,8.781138357704206e-08
8,21,6999,7005,6,3.297277e-05,3.295416833333333e-05,2.0511585453239702e-07
8,22,7005,7011,6,3.9975915e-05,4.519020500000001e-05,1.1974636295819524e-05
8,23,7011,7017,6,0.0004892464,0.00049214905,1.4903960237886453e-05
8,24,7017,7023,6,0.0005284700500000001,0.0005281442166666666,4.159305989151177e-06
8,25,7023,7030,7,0.0005319753,0.0005324023142857143,2.4246316465031417e-06
8,26,7030,7036,6,0.0005315164,0.0005312764666666667,2.6318834350243546e-06
8,27,7036,7042,6,0.00052777335,0.00052875395,1.7935241386257574e-06
8,28,7042,7048,6,0.0005240092500000001,0.0005240354333333333,2.5850983318929273e-06
8,29,7048,7054,6,0.0005223712500000001,0.0005215211833333333,2.5705007459096853e-06
8,30,7054,7061,7,0.000510135,0.0005067852857142857,1.1908723326972025e-05
8,31,7061,7067,6,0.0003350588,0.0003230082,0.00010533390697917108
8,32,7067,7073,6,3.1717535e-05,4.587779333333334e-05,3.182754949309569e-05
8,33,7073,7079,6,3.201454e-05,3.1984715e-05,1.1757372647974348e-07
8,34,7079,7085,6,3.2296055e-05,3.2292965e-05,8.573710665944754e-08
8,35,7085,7092,7,3.250361e-05,3.250435285714286e-05,1.0086785410544173e-07
8,36,7092,7098,6,3.2662545e-05,3.2660089999999995e-05,6.80756495868135e-08
8,37,7098,7104,6,3.285443e-05,3.2907206666666665e-05,1.671070566699339e-07
8,38,7104,7110,6,3.767046e-05,3.9898149999999993e-05,6.203832171416308e-06
8,39,7110,7116,6,0.000349161925,0.00034311198333333333,0.0002692410188541556
8,40,7116,7123,7,0.000612438,0.0006123518857142857,2.9443434110932585e-07
8,41,7123,7129,6,0.0006121314,0.0006121628666666667,2.989993571156149e-07
8,42,7129,7135,6,0.00061172995,0.0006117468833333334,1.6389715694774004e-07
8,43,7135,7141,6,0.0006115140000000001,0.0006115019333333333,3.753680534562692e-07
8,44,7141,7147,6,0.0006121252,0.0006118431166666667,5.794682286851677e-07
8,45,7147,7154,7,0.0006119389,0.0006119210285714286,4.686863761447173e-07
8,46,7154,7160,6,0.00061284885,0.0006126053499999999,7.148092816735763e-07
8,47,7160,7166,6,0.00061145645,0.0006112210666666666,8.867423990213961e-07
8,48,7166,7172,6,0.0006107323,0.0006107974166666667,4.3794100217825385e-07
8,49,7172,7178,6,0.0006107319000000001,0.0006107120833333334,2.7191775972812544e-07
9,0,7665,7671,6,3.2465540000000006e-05,3.2477606666666665e-05,5.902881659739345e-08
9,1,7659,7665,6,3.247053e-05,3.2456993333333335e-05,6.364403969649467e-08
9,2,7653,7659,6,3.233874e-05,3.2341631666666667e-05,6.908268871834346e-08
9,3,7647,7653,6,3.2228659999999996e-05,3.2243583333333334e-05,8.207108659909175e-08
9,4,7641,7647,6,3.1968099999999996e-05,3.194372999999999e-05,6.995099213020531e-08
9,5,7634,7641,7,3.176794e-05,3.176828714285714e-05,1.0630234787277897e-07
9,6,7628,7634,6,3.1502795e-05,3.1509346666666665e-05,9.675954951436095e-08
9,7,7622,7628,6,3.1177805e-05,3.1158498333333334e-05,1.4316784711387662e-07
9,8,7616,7622,6,0.0001542946,0.00016053969499999998,0.00011365236907563163
9,9,7610,7616,6,0.0005232163500000001,0.0005046090333333333,5.575302796128856e-05
9,10,7604,7610,6,0.0005739815,0.0005732532166666667,1.6826955313986048e-06
9,11,7597,7604,7,0.0005741312,0.0005741362142857143,1.7774841312187417e-07
9,12,7591,7597,6,0.00057232645,0.0005721545833333334,8.014613432488246e-07
9,13,7585,7591,6,0.0005723774499999999,0.0005721457333333332,6.430284614402486e-07
9,14,7579,7585,6,5.0467435e-05,0.00013644745,0.00019521267382865902
9,15,7573,7579,6,3.290326e-05,3.3163013333333326e-05,6.02056534905338e-07
9,16,7566,7573,7,3.245247e-05,3.2430535714285716e-05,6.91895266345886e-08
9,17,7560,7566,6,3.237992e-05,3.236919166666667e-05,5.7993312377856536e-08
9,18,7554,7560,6,3.2217429999999996e-05,3.221495666666667e-05,6.690707527774924e-08
9,19,7548,7554,6,3.2072475e-05,3.209903666666667e-05,7.50989628571681e-08
9,20,7542,7548,6,3.1893485e-05,3.185548666666667e-05,9.347239568747367e-08
9,21,7536,7542,6,3.155121e-05,3.1586271666666666e-05,1.1307951854287775e-07
9,22,7529,7536,7,3.137569e-05,9.661628428571428e-05,8.531935001990427e-05
9,23,7523,7529,6,0.0004697224,0.0004585426666666667,7.384709419531833e-05
9,24,7517,7523,6,0.0005711391500000001,0.000569178,5.16593661982027e-06
9,25,7511,7517,6,0.00057216025,0.00057168475,2.018172900381255e-06
9,26,7505,7511,6,0.00054250235,0.0005389980833333333,2.120874708490317e-05
9,27,7498,7505,7,0.0004914792,0.0004900877285714286,6.655265987968646e-06
9,28,7492,7498,6,0.00049316795,0.0004935713333333333,8.43774028767313e-06
9,29,7486,7492,6,0.0005093807000000001,0.0005078898166666667,1.0691941965395638e-05
9,30,7480,7486,6,0.000554821,0.0005498081833333334,9.878330701324072e-06
9,31,7474,7480,6,0.0005611882,0.0005612960000000001,1.1994536756373733e-06
9,32,7468,7474,6,4.419157e-05,0.00013115353166666668,0.00019181597921848022
9,33,7461,7468,7,3.285916e-05,3.304601857142857e-05,4.6995968323824053e-07
9,34,7455,7461,6,3.249805e-05,3.2492543333333335e-05,7.91356419208317e-08
9,35,7449,7455,6,3.2314630000000006e-05,3.2328185e-05,7.217549716951583e-08
9,36,7443,7449,6,3.2129020000000005e-05,3.2132661666666664e-05,9.287223596903869e-08
9,37,7437,7443,6,3.1834085e-05,3.180828e-05,1.1444719116984097e-07
9,38,7430,7437,7,3.167074e-05,8.688682285714285e-05,7.095931532421995e-05
9,39,7424,7430,6,0.0004574214,0.0004366724666666666,8.204944981218473e-05
9,40,7418,7424,6,0.00055472265,0.0005529382,5.8899701660251805e-06
9,41,7412,7418,6,0.0005478069,0.00054625355,7.282183439910063e-06
9,42,7406,7412,6,0.0005324103,0.0005382038833333334,1.4425621078994212e-05
9,43,7400,7406,6,0.0005955655,0.0005948855,1.0662892261795887e-05
9,44,7393,7400,7,0.0006115782,0.0006114409142857142,3.96959348147414e-07
9,45,7387,7393,6,0.00061167875,0.0006116338333333333,6.248941448135329e-07
9,46,7381,7387,6,0.00061118495,0.0006111518333333333,2.3107064335871924e-07
9,47,7375,7381,6,0.0006116278000000001,0.00061159475,3.800640110560207e-07
9,48,7369,7375,6,0.00061128515,0.0006112721333333334,1.5761905200688983e-07
9,49,7362,7369,7,0.000611119,0.0006112375000000001,3.109156890770809e-07
10,0,7855,7862,7,3.158685e-05,3.158009571428571e-05,5.4864980466893284e-08
10,1,7862,7868,6,3.1450745e-05,3.144943666666666e-05,6.100956992326814e-08
10,2,7868,7874,6,3.1417620000000004e-05,3.1408998333333335e-05,5.559064412191171e-08
10,3,7874,7880,6,3.1484135e-05,3.145885833333333e-05,5.816659906872851e-08
10,4,7880,7886,6,3.1426360000000005e-05,3.143162833333333e-05,5.7752420271553695e-08
10,5,7886,7893,7,3.148828e-05,3.1483231428571426e-05,5.007946925453897e-08
10,6,7893,7899,6,3.151634e-05,3.1510189999999995e-05,6.638695579705436e-08
10,7,7899,7905,6,3.1940085e-05,3.237574166666666e-05,8.715774810540674e-07
10,8,7905,7911,6,6.759198e-05,0.00022522284666666665,0.00024310220523698038
10,9,7911,7917,6,0.0005693395500000001,0.0005691625500000001,8.308381726706215e-07
10,10,7917,7923,6,0.00056992175,0.0005699480666666667,3.0818276323563447e-07
10,11,7923,7930,7,0.0005704892,0.0005705603714285714,3.286758138534692e-07
10,12,7930,7936,6,0.0005683406,0.0005659653,5.871220986586467e-06
10,13,7936,7942,6,0.00045303330000000003,0.0004308927666666666,9.447416083363159e-05
10,14,7942,7948,6,3.118519e-05,7.658109333333334e-05,6.60521720557648e-05
10,15,7948,7954,6,3.1480184999999996e-05,3.141290833333334e-05,1.3232358739300886e-07
10,16,7954,7961,7,3.178705e-05,3.182655285714286e-05,1.0165773721017886e-07
10,17,7961,7967,6,3.2072745e-05,3.207635833333333e-05,9.982767241880251e-08
10,18,7967,7973,6,3.2278744999999996e-05,3.227268333333333e-05,7.018506148430268e-08
10,19,7973,7979,6,3.2434565e-05,3.241981e-05,7.59709295279004e-08
10,20,7979,7985,6,3.259405e-05,3.257104333333334e-05,7.824413666353599e-08
10,21,7985,7991,6,3.3003115e-05,3.3192805000000006e-05,5.754133349674237e-07
10,22,7991,7998,7,5.296562e-05,0.0001773309114285714,0.0002006144982017134
10,23,7998,8004,6,0.00048877435,0.0004891403166666666,4.744539023767798e-06
10,24,8004,8010,6,0.00053030875,0.0005295925666666666,1.5076339292930343e-05
10,25,8010,8016,6,0.0005577283500000001,0.0005574092000000001,1.2356935906607131e-06
10,26,8016,8022,6,0.00055602645,0.0005562405333333334,1.0143776263743703e-06
10,27,8022,8029,7,0.0005576251,0.0005576513714285714,7.963327422168091e-07
10,28,8029,8035,6,0.00055947185,0.0005592994166666665,8.005286553619009e-07
10,29,8035,8041,6,0.0005586495,0.0005583022166666666,7.552146459046368e-07
10,30,8041,8047,6,0.00055514125,0.0005536242499999999,2.7007611388581963e-06
10,31,8047,8053,6,0.00045341945,0.0004362710166666666,8.648268469898885e-05
10,32,8053,8059,6,6.7135885e-05,9.388125333333333e-05,6.986034380573327e-05
10,33,8059,8066,7,3.184927e-05,3.177943714285714e-05,1.1806761328206297e-07
10,34,8066,8072,6,3.2093365e-05,3.2135693333333335e-05,9.003583576677708e-08
10,35,8072,8078,6,3.233973e-05,3.231737e-05,7.655643669868645e-08
10,36,8078,8084,6,3.2512574999999996e-05,3.253307666666666e-05,7.857041039022948e-08
10,37,8084,8090,6,3.28876e-05,3.2847068333333335e-05,1.7617311896887898e-07
10,38,8090,8097,7,4.29609e-05,0.00012637464,0.00019840091027075173
10,39,8097,8103,6,0.0006119191,0.0006119581166666666,3.380248630730577e-07
10,40,8103,8109,6,0.0006118096500000001,0.0006118105666666668,2.4625282852298484e-07
10,41,8109,8115,6,0.0006115357,0.0006115279666666667,2.2361133443741064e-07
10,42,8115,8121,6,0.0006115798,0.0006117162166666667,3.1381052891123724e-07
10,43,8121,8127,6,0.00061155355,0.0006116396000000001,3.00470608656922e-07
10,44,8127,8134,7,0.0006114194,0.0006114621857142858,2.1842834345499325e-07
10,45,8134,8140,6,0.00061147835,0.0006115058166666667,1.473583773963495e-07
10,46,8140,8146,6,0.00061137075,0.00061144015,1.940505153304089e-07
10,47,8146,8152,6,0.0006112331499999999,0.0006112408333333333,1.9553178485579576e-07
10,48,8152,8158,6,0.0006114746000000001,0.0006114733,1.9154846210121241e-07
10,49,8158,8164,6,0.00061158825,0.0006115560333333334,1.1606099928724878e-07
11,0,8651,8657,6,3.2290390000000004e-05,3.230129166666667e-05,5.892348807752596e-08
11,1,8645,8651,6,3.2259995e-05,3.22731e-05,5.7320441380017525e-08
11,2,8639,8645,6,3.2183024999999995e-05,3.2183705e-05,5.759626977215451e-08
11,3,8633,8639,6,3.198584e-05,3.2041421666666665e-05,1.2301633284739906e-07
11,4,8627,8633,6,3.1816140000000005e-05,3.180794666666666e-05,7.144809576810933e-08
11,5,8620,8627,7,3.162099e-05,3.163765428571429e-05,1.1362431742459005e-07
11,6,8614,8620,6,3.1303445000000006e-05,3.135314e-05,8.617311181569313e-08
11,7,8608,8614,6,3.100948e-05,3.0932871666666663e-05,1.3744599308051585e-07
11,8,8602,8608,6,0.00031633345,0.0003081890666666667,0.00011913989593575371
11,9,8596,8602,6,0.0005584706499999999,0.0005519379,1.929337018477246e-05
11,10,8590,8596,6,0.0005740762,0.0005739576333333333,3.2298684011716883e-07
11,11,8583,8590,7,0.0005745975,0.0005746514714285714,3.275514821663812e-07
11,12,8577,8583,6,0.00057422425,0.0005741999333333333,3.8501751763896813e-07
11,13,8571,8577,6,0.0005711109,0.0004028447166666666,0.00023958112655678908
11,14,8565,8571,6,3.462549e-05,3.590797e-05,3.2505246718645283e-06
11,15,8559,8565,6,3.2477805e-05,3.2485390000000005e-05,1.1873677905350124e-07
11,16,8552,8559,7,3.233808e-05,3.2316747142857145e-05,8.314019892657816e-08
11,17,8546,8552,6,3.2208895e-05,3.2205224999999996e-05,6.766701627577937e-08
11,18,8540,8546,6,3.2064379999999996e-05,3.2060925e-05,8.797826753428117e-08
11,19,8534,8540,6,3.186924e-05,3.1875771666666664e-05,8.205584021804319e-08
11,20,8528,8534,6,3.1625255e-05,3.162494666666666e-05,1.0949911318768428e-07
11,21,8522,8528,6,3.1245089999999996e-05,3.1236839999999995e-05,1.3884591195518372e-07
11,22,8515,8522,7,0.0003118024,0.00030027331428571425,0.00013095420504762538
11,23,8509,8515,6,0.0005558703999999999,0.0005467204499999999,2.1981531869863674e-05
11,24,8503,8509,6,0.00057093065,0.0005705621666666666,8.603553309857171e-07
11,25,8497,8503,6,0.00056907835,0.0005683946666666667,2.257798439237263e-06
11,26,8491,8497,6,0.00055381285,0.0005521520166666666,8.388525622820878e-06
11,27,8484,8491,7,0.0005035282,0.0005062117285714286,1.251197361818033e-05
11,28,8478,8484,6,0.0005190139499999999,0.0005181206666666666,4.1414581955581305e-06
11,29,8472,8478,6,0.00052145655,0.0005223824166666666,4.369898443296182e-06
11,30,8466,8472,6,0.0005436266,0.0005425393166666666,3.6894774677076246e-06
11,31,8460,8466,6,0.000549169,0.00047067574833333333,0.00017600653009430364
11,32,8454,8460,6,3.6350185e-05,3.9446765e-05,7.15119652664445e-06
11,33,8447,8454,7,3.258483e-05,3.2702215714285714e-05,2.591769908138975e-07
11,34,8441,8447,6,3.238652e-05,3.238623e-05,7.381140223569772e-08
11,35,8435,8441,6,3.220863e-05,3.2202791666666664e-05,9.4704342634795e-08
11,36,8429,8435,6,3.1944944999999996e-05,3.195324833333334e-05,9.800429742561832e-08
11,37,8423,8429,6,3.1597955e-05,3.162277666666667e-05,1.3058627412131978e-07
11,38,8416,8423,7,0.0001713406,0.00018714523285714288,0.0001286411475115269
11,39,8410,8416,6,0.00053546525,0.0005226375,3.6134011118842965e-05
11,40,8404,8410,6,0.0005620771,0.0005613800166666666,1.7729581790674808e-06
11,41,8398,8404,6,0.0005417892,0.0005423658999999999,8.855603151865677e-06
11,42,8392,8398,6,0.0005605027500000001,0.0005611625000000001,1.7983871395317886e-05
11,43,8386,8392,6,0.0006070045,0.0006050218333333333,5.981923394044945e-06
11,44,8379,8386,7,0.0006113163,0.0006111898571428571,2.485777651080779e-07
11,45,8373,8379,6,0.0006110915,0.0006111206666666666,1.9394477449922577e-07
11,46,8367,8373,6,0.0006110494,0.0006111695000000001,2.415809043226138e-07
11,47,8361,8367,6,0.0006112769,0.0006112675,7.001911643732814e-08
11,48,8355,8361,6,0.00061143455,0.0006114678833333333,2.5713651637905534e-07
11,49,8348,8355,7,0.0006112732,0.0006112618285714286,1.1060858548808319e-07
12,0,8842,8849,7,3.284104e-05,3.2854778571428574e-05,5.261773232572969e-08
12,1,8849,8855,6,3.2768515e-05,3.277503166666666e-05,7.828695281179042e-08
12,2,8855,8861,6,3.2697095e-05,3.270888833333333e-05,5.3267625382486344e-08
12,3,8861,8867,6,3.2759705e-05,3.275520166666667e-05,5.5893134168897e-08
12,4,8867,8873,6,3.2709784999999995e-05,3.272835833333333e-05,5.881273541693382e-08
12,5,8873,8880,7,3.278014e-05,3.278072571428571e-05,4.854684802395726e-08
12,6,8880,8886,6,3.275795e-05,3.2769366666666665e-05,5.439057383611764e-08
12,7,8886,8892,6,3.2972815000000005e-05,3.312636333333334e-05,2.513434087503038e-07
12,8,8892,8898,6,4.4971515e-05,0.00013304335333333333,0.00019727788468284696
12,9,8898,8904,6,0.00057289375,0.00057284975,7.093313864713563e-07
12,10,8904,8910,6,0.0005731529500000001,0.0005732557000000001,3.937602654746619e-07
12,11,8910,8917,7,0.0005723286,0.0005724701142857143,6.407957384122675e-07
12,12,8917,8923,6,0.0005697032,0.0005668902666666666,6.544011709358582e-06
12,13,8923,8929,6,0.00045451895,0.00043150340000000005,9.209462553556894e-05
12,14,8929,8935,6,6.6611345e-05,8.910542333333332e-05,6.489378138610322e-05
12,15,8935,8941,6,3.1511625e-05,3.1443306666666674e-05,1.2271954349473242e-07
12,16,8941,8948,7,3.17638e-05,3.182051571428571e-05,8.806515734827044e-08
12,17,8948,8954,6,3.2068335e-05,3.206292666666667e-05,9.313509375573166e-08
12,18,8954,8960,6,3.2240325e-05,3.224430833333334e-05,6.93563182453875e-08
12,19,8960,8966,6,3.2393919999999996e-05,3.2380371666666666e-05,8.120981271099865e-08
12,20,8966,8972,6,3.2530875e-05,3.2536011666666665e-05,5.413598230895488e-08
12,21,8972,8978,6,3.3010695e-05,3.327592666666666e-05,6.342632607381744e-07
12,22,8978,8985,7,6.387518e-05,0.00025904249714285717,0.0002446499236008946
12,23,8985,8991,6,0.00053465235,0.0005326987166666667,5.051536007795586e-06
12,24,8991,8997,6,0.0004792059,0.00048033173333333337,2.1905525775449648e-05
12,25,8997,9003,6,0.00043940025000000003,0.0004392082833333333,3.957991633567308e-06
12,26,9003,9009,6,0.0004541221,0.00046331924999999994,2.896604217181156e-05
12,27,9009,9016,7,0.0005489254,0.0005453852428571429,1.2183740674341052e-05
12,28,9016,9022,6,0.00055860695,0.0005586489666666667,9.817843732488066e-07
12,29,9022,9028,6,0.0005640558,0.0005634066166666666,1.4803596234436564e-06
12,30,9028,9034,6,0.0005627905,0.0005627579166666667,7.250903723368188e-07
12,31,9034,9040,6,0.0005034497,0.00048469050000000003,6.523923650347746e-05
12,32,9040,9046,6,8.9277875e-05,0.000122008785,9.809567053014466e-05
12,33,9046,9053,7,3.169954e-05,3.166208714285714e-05,1.5599130513445484e-07
12,34,9053,9059,6,3.202629e-05,3.2029243333333336e-05,9.350127230269293e-08
12,35,9059,9065,6,3.226956e-05,3.226573166666667e-05,9.178390298533934e-08
12,36,9065,9071,6,3.2440124999999996e-05,3.244385166666667e-05,7.055210401225055e-08
12,37,9071,9077,6,3.2748565e-05,3.2778856666666665e-05,1.9912043965622552e-07
12,38,9077,9084,7,4.118088e-05,0.00012496543714285714,0.00019917242358408776
12,39,9084,9090,6,0.0006119565500000001,0.00061193055,1.2133328411172888e-07
12,40,9090,9096,6,0.00061188805,0.0006118456833333334,2.686648805771889e-07
12,41,9096,9102,6,0.0006114108,0.0006114435,2.006505835193753e-07
12,42,9102,9108,6,0.0006118501,0.00061186265,7.203864125129426e-08
12,43,9108,9114,6,0.00061174655,0.0006116816833333334,1.9307130303480433e-07
12,44,9114,9121,7,0.0006119314,0.0006119334285714286,1.777112884451134e-07
12,45,9121,9127,6,0.0006116415,0.00061167595,3.814063220503892e-07
12,46,9127,9133,6,0.00061183295,0.0006116999,3.6935227989910797e-07
12,47,9133,9139,6,0.00061178465,0.0006116359333333334,2.3164283330639795e-07
12,48,9139,9145,6,0.00061151355,0.0006115722000000001,2.002668136927791e-07
12,49,9145,9151,6,0.00061153725,0.0006116225166666666,2.2780990918355483e-07
13,0,9638,9644,6,3.2452409999999995e-05,3.242345e-05,6.301851923575013e-08
13,1,9632,9638,6,3.23686e-05,3.23444e-05,6.616859627748763e-08
13,2,9626,9632,6,3.2251175000000006e-05,3.225943333333333e-05,6.812905563870774e-08
13,3,9620,9626,6,3.208013e-05,3.210048666666666e-05,1.0292624975626264e-07
13,4,9614,9620,6,3.184587e-05,3.1855195e-05,6.831305725603815e-08
13,5,9607,9614,7,3.169225e-05,3.166599857142857e-05,1.0597665611263756e-07
13,6,9601,9607,6,3.138888e-05,3.141818666666666e-05,9.657547888683884e-08
13,7,9595,9601,6,3.108491e-05,3.1027528333333334e-05,1.3824353588464419e-07
13,8,9589,9595,6,0.0001911676,0.00020407879,0.00012129763034792216
13,9,9583,9589,6,0.0005359748,0.0005241894,4.3118530852098055e-05
13,10,9577,9583,6,0.0005733189500000001,0.0005732576500000001,4.5017298804644975e-07
13,11,9570,9577,7,0.000574608,0.0005745503714285713,2.458433863504448e-07
13,12,9564,9570,6,0.0005757225,0.0005757310166666666,2.8074242890751065e-07
13,13,9558,9564,6,0.0005751378499999999,0.00040773315833333334,0.00023708558360702832
13,14,9552,9558,6,3.49661e-05,3.630878333333334e-05,3.5147516355102846e-06
13,15,9546,9552,6,3.246306e-05,3.248924166666667e-05,1.5087017204831557e-07
13,16,9539,9546,7,3.225572e-05,3.227960428571428e-05,7.767595746012288e-08
13,17,9533,9539,6,3.2175395e-05,3.2180606666666664e-05,6.32126806019864e-08
13,18,9527,9533,6,3.2018995e-05,3.200447666666666e-05,6.956993212268825e-08
13,19,9521,9527,6,3.182804e-05,3.1843168333333336e-05,8.00305450888725e-08
13,20,9515,9521,6,3.1584889999999996e-05,3.154563833333333e-05,1.0424584922458895e-07
13,21,9509,9515,6,3.113894e-05,3.1180071666666663e-05,1.4324514807567413e-07
13,22,9502,9509,7,0.0003436762,0.0003343595142857144,0.00013496047471088317
13,23,9496,9502,6,0.000562448,0.0005570509833333333,1.3259957269717055e-05
13,24,9490,9496,6,0.0005708957999999999,0.0005706864833333334,4.949491301021713e-07
13,25,9484,9490,6,0.00056924015,0.0005690703666666666,1.4481739969891594e-06
13,26,9478,9484,6,0.0005645856,0.0005647412000000001,4.924017533139474e-07
13,27,9471,9478,7,0.0005620638,0.0005599881857142857,4.0265110247772794e-06
13,28,9465,9471,6,0.0005448220499999999,0.0005436698666666666,4.087052540102194e-06
13,29,9459,9465,6,0.0004551161,0.00044616975,6.261193050193523e-05
13,30,9453,9459,6,0.00019122815,0.00020561953333333335,4.444278338806975e-05
13,31,9447,9453,6,0.0001504885,0.00016058941666666668,2.5048791189557542e-05
13,32,9441,9447,6,3.819502e-05,4.388319333333333e-05,1.236442054772438e-05
13,33,9434,9441,7,3.254472e-05,3.2759538571428566e-05,3.224289923346829e-07
13,34,9428,9434,6,3.233704e-05,3.231923e-05,7.862931048067581e-08
13,35,9422,9428,6,3.2122085e-05,3.21484e-05,8.032393810896907e-08
13,36,9416,9422,6,3.1897445e-05,3.1868805e-05,1.0546407820517155e-07
13,37,9410,9416,6,3.1491015e-05,3.153962666666666e-05,1.2912200660185455e-07
13,38,9403,9410,7,0.0001782303,0.00019201051142857142,0.00013085859700072883
13,39,9397,9403,6,0.0005341212,0.0005234986500000001,3.471906874167518e-05
13,40,9391,9397,6,0.0005588470499999999,0.00055918155,1.430935086752743e-06
13,41,9385,9391,6,0.0005482785000000001,0.0005482393666666667,6.708802946295427e-06
13,42,9379,9385,6,0.0005573391,0.0005593453333333334,1.5994038869285723e-05
13,43,9373,9379,6,0.0006055358,0.0006036963833333333,7.195932290865598e-06
13,44,9366,9373,7,0.0006114194,0.0006114066428571428,2.0565783550869094e-07
13,45,9360,9366,6,0.0006113308500000001,0.0006113379833333335,2.4125553131250605e-07
13,46,9354,9360,6,0.0006114671999999999,0.0006113833666666667,2.355894144952956e-07
13,47,9348,9354,6,0.0006115633,0.0006115471333333335,6.24353710292003e-08
13,48,9342,9348,6,0.0006114379499999999,0.0006114948333333334,1.2533546540741003e-07
13,49,9335,9342,7,0.0006114448,0.000611383242857143,2.3593697013726637e-07
14,0,9828,9835,7,3.284938e-05,3.284259142857143e-05,6.12283838074588e-08
14,1,9835,9841,6,3.272002e-05,3.273366833333333e-05,6.927902554565581e-08
14,2,9841,9847,6,3.2693625e-05,3.270513166666667e-05,6.42545869741792e-08
14,3,9847,9853,6,3.2716210000000004e-05,3.271380666666667e-05,5.88929004398859e-08
14,4,9853,9859,6,3.2733909999999996e-05,3.272082666666667e-05,6.363932344776278e-08
14,5,9859,9866,7,3.276169e-05,3.275814285714286e-05,5.3833373003925276e-08
14,6,9866,9872,6,3.278884e-05,3.2768108333333334e-05,6.884757207451617e-08
14,7,9872,9878,6,3.2940345e-05,3.2997493333333334e-05,1.596133503884375e-07
14,8,9878,9884,6,4.0311055e-05,4.626512333333333e-05,1.4192972112077942e-05
14,9,9884,9890,6,0.0005751285,0.0005751158166666667,2.615205181030617e-07
14,10,9890,9896,6,0.00057532625,0.0005753712833333332,3.578675519269959e-07
14,11,9896,9903,7,0.0005748729,0.0005747805142857143,8.006232669053417e-07
14,12,9903,9909,6,0.0005713452000000001,0.0005685320833333334,6.854050151167708e-06
14,13,9909,9915,6,0.00045651145,0.0004315248166666667,9.632382320299268e-05
14,14,9915,9921,6,3.119966e-05,7.636231333333333e-05,6.703025910924102e-05
14,15,9921,9927,6,3.1468435e-05,3.143969833333333e-05,1.289886410265984e-07
14,16,9927,9934,7,3.181519e-05,3.1790750000000004e-05,8.874588376772412e-08
14,17,9934,9940,6,3.205061e-05,3.2065555e-05,8.006240435851669e-08
14,18,9940,9946,6,3.2218015e-05,3.2203795000000005e-05,7.41820977392799e-08
14,19,9946,9952,6,3.2376945e-05,3.2385303333333334e-05,6.680659764490948e-08
14,20,9952,9958,6,3.2544035e-05,3.2516760000000004e-05,8.004373138062446e-08
14,21,9958,9964,6,3.3153995e-05,3.369477166666667e-05,1.0980344691525967e-06
14,22,9964,9971,7,0.0005578763,0.0003419389671428571,0.0002538576528829861
14,23,9971,9977,6,0.0005347185,0.0005278148166666666,2.3714826268491246e-05
14,24,9977,9983,6,0.0003462262,0.00034369081666666665,7.982167468086632e-05
14,25,9983,9989,6,0.000160328,0.00016601895,1.684766421819852e-05
14,26,9989,9995,6,0.00018371805,0.00017954476666666666,1.1940406028225713e-05
14,27,9995,10002,7,0.0003166515,0.0003205250857142857,8.324724327314608e-05
14,28,10002,10008,6,0.0005282463999999999,0.0005211699333333334,2.821168301848643e-05
14,29,10008,10014,6,0.0005616982000000001,0.00056083515,1.6256788579441893e-06
14,30,10014,10020,6,0.0005625347,0.0005625915166666667,5.665622484677894e-07
14,31,10020,10026,6,0.00052286095,0.0005063610166666666,4.948873712675834e-05
14,32,10026,10032,6,0.00016639029999999998,0.00016370991999999998,0.00011075289907148149
14,33,10032,10039,7,3.162189e-05,3.1600952857142855e-05,1.6566143423210156e-07
14,34,10039,10045,6,3.1962839999999994e-05,3.195964166666666e-05,9.595534680545747e-08
14,35,10045,10051,6,3.222494e-05,3.2218913333333336e-05,8.882084302434504e-08
14,36,10051,10057,6,3.2377275000000004e-05,3.2385675e-05,7.443633717255646e-08
14,37,10057,10063,6,3.2676169999999995e-05,3.2715791666666664e-05,1.6743724460392846e-07
14,38,10063,10070,7,3.923072e-05,0.00012297584142857143,0.00019970982701316537
14,39,10070,10076,6,0.00061201405,0.0006120033833333334,1.0791733590525811e-07
14,40,10076,10082,6,0.0006118399,0.0006117938833333334,1.6176046505730925e-07
14,41,10082,10088,6,0.0006115637999999999,0.0006115475333333333,1.1188626169263619e-07
14,42,10088,10094,6,0.0006119349,0.00061197625,3.355682878839208e-07
14,43,10094,10100,6,0.00061197385,0.0006119570666666666,1.4755007812791064e-07
14,44,10100,10107,7,0.0006111847,0.0006110925142857143,3.444415083189984e-07
14,45,10107,10113,6,0.00061093065,0.0006109702666666667,2.0759186453765428e-07
14,46,10113,10119,6,0.0006112280999999999,0.0006112419833333334,2.0964751701103554e-07
14,47,10119,10125,6,0.0006117131000000001,0.0006116384499999999,3.106834602936128e-07
14,48,10125,10131,6,0.00061160615,0.0006115834666666668,2.3259734640693142e-07
14,49,10131,10137,6,0.00061159585,0.0006116379333333333,2.2105064779116506e-07
15,0,10625,10631,6,3.2414065e-05,3.241792e-05,5.545468660687426e-08
15,1,10619,10625,6,3.2322399999999994e-05,3.232053833333334e-05,6.760790102166778e-08
15,2,10613,10619,6,3.2292925e-05,3.227760333333333e-05,5.745969679310514e-08
15,3,10607,10613,6,3.2122655e-05,3.2076971666666665e-05,1.1461999787946641e-07
15,4,10601,10607,6,3.1863584999999997e-05,3.1879159999999995e-05,7.031041459129802e-08
15,5,10594,10601,7,3.168967e-05,3.166150714285714e-05,7.154536617006132e-08
15,6,10588,10594,6,3.1411964999999994e-05,3.139655e-05,1.1140647916526288e-07
15,7,10582,10588,6,3.1023285e-05,3.1066086666666665e-05,1.2405485999705426e-07
15,8,10576,10582,6,0.00015071335,0.00016029851166666665,0.00011324093211172192
15,9,10570,10576,6,0.00052014345,0.0005047273666666666,5.45051315448575e-05
15,10,10564,10570,6,0.00057273,0.0005720536333333333,2.332411312831057e-06
15,11,10557,10564,7,0.0005742888,0.0005741727428571427,2.5132833878725764e-07
15,12,10551,10557,6,0.0005731691499999999,0.0005736480666666667,9.575766577959008e-07
15,13,10545,10551,6,0.00057553915,0.0004053484283333333,0.00024098242465508146
15,14,10539,10545,6,3.4570255e-05,3.574339833333334e-05,2.962215507596843e-06
15,15,10533,10539,6,3.2444590000000004e-05,3.2448556666666666e-05,1.303096999033027e-07
15,16,10526,10533,7,3.229624e-05,3.229086e-05,6.348289105847992e-08
15,17,10520,10526,6,3.2137324999999996e-05,3.2131479999999994e-05,7.068322054537985e-08
15,18,10514,10520,6,3.1999205e-05,3.2018271666666665e-05,7.082216588438493e-08
15,19,10508,10514,6,3.181488e-05,3.1776765e-05,8.584317226780406e-08
15,20,10502,10508,6,3.148095e-05,3.153749166666667e-05,1.052458772615622e-07
15,21,10496,10502,6,3.119611e-05,4.705225333333333e-05,3.559353987806105e-05
15,22,10489,10496,7,0.0004012167,0.00038005062857142857,0.00012314032175700688
15,23,10483,10489,6,0.0005641132,0.0005607134166666668,6.872480464484586e-06
15,24,10477,10483,6,0.00056650685,0.0005664969000000001,2.3273682562068825e-07
15,25,10471,10477,6,0.0005657274,0.0005657192833333334,3.3163092646629183e-07
15,26,10465,10471,6,0.0005671974,0.0005672123333333334,6.048244061065975e-07
15,27,10458,10465,7,0.0005672536,0.0005665466142857143,1.5912554454433321e-06
15,28,10452,10458,6,0.0005452657000000001,0.0005382244166666667,1.9767327815228896e-05
15,29,10446,10452,6,0.00032667769999999996,0.00033161676666666664,8.836776048636491e-05
15,30,10440,10446,6,0.00015314835,0.00015655438333333333,9.206044986025335e-06
15,31,10434,10440,6,0.00015392205,0.0001556983666666667,9.951964724727582e-06
15,32,10428,10434,6,4.1532015e-05,6.3857015e-05,4.77858741487303e-05
15,33,10421,10428,7,3.276606e-05,3.288175142857143e-05,4.567526693464437e-07
15,34,10415,10421,6,3.2335135e-05,3.235511833333334e-05,8.110818031424974e-08
15,35,10409,10415,6,3.215014e-05,3.211930833333333e-05,8.565593682803911e-08
15,36,10403,10409,6,3.1856014999999996e-05,3.1896155000000005e-05,9.906457805391441e-08
15,37,10397,10403,6,3.155663e-05,3.150992166666667e-05,1.277635540646167e-07
15,38,10390,10397,7,0.0001769726,0.00018836582285714287,0.00012763998291342107
15,39,10384,10390,6,0.0005217539,0.0005113737333333334,3.483432363180826e-05
15,40,10378,10384,6,0.00055224565,0.0005521372333333333,1.3000900054312303e-06
15,41,10372,10378,6,0.0005406643500000001,0.0005410165666666667,6.48484396693981e-06
15,42,10366,10372,6,0.0005540375,0.0005557341666666667,1.689914288898176e-05
15,43,10360,10366,6,0.00060455585,0.0006028143666666667,7.646154960864687e-06
15,44,10353,10360,7,0.0006109036,0.0006110009285714285,2.721037234705299e-07
15,45,10347,10353,6,0.00061099605,0.0006109483333333333,2.977761724666559e-07
15,46,10341,10347,6,0.0006111878000000001,0.0006111862166666666,1.1332033381328525e-07
15,47,10335,10341,6,0.0006109760500000001,0.0006109772499999999,1.8834238990023351e-07
15,48,10329,10335,6,0.000610921,0.0006110407000000001,2.723015240501008e-07
15,49,10322,10329,7,0.0006106846,0.0006107057142857144,1.4826162617455155e-07
16,0,10815,10822,7,3.281668e-05,3.2816892857142854e-05,6.67905251437635e-08
16,1,10822,10828,6,3.274013e-05,3.2737420000000004e-05,7.563015580221147e-08
16,2,10828,10834,6,3.2678615e-05,3.2673935e-05,6.317638291587594e-08
16,3,10834,10840,6,3.2728695000000004e-05,3.2718986666666664e-05,5.623790971301197e-08
16,4,10840,10846,6,3.2721555000000006e-05,3.270626666666667e-05,6.000080601310437e-08
16,5,10846,10853,7,3.275329e-05,3.2744831428571434e-05,5.336343034287892e-08
16,6,10853,10859,6,3.271014e-05,3.2727748333333336e-05,5.827374005978644e-08
16,7,10859,10865,6,3.2897365e-05,3.300217833333333e-05,1.7518442685892338e-07
16,8,10865,10871,6,4.0815409999999996e-05,4.637964166666667e-05,1.4317829290692564e-05
16,9,10871,10877,6,0.0005745984,0.0005746593333333334,4.0333990903732874e-07
16,10,10877,10883,6,0.0005744675,0.0005742189333333333,4.91769579060047e-07
16,11,10883,10890,7,0.000573504,0.0005734926428571428,1.6925447330776035e-07
16,12,10890,10896,6,0.0005677036999999999,0.0005634813666666667,1.08477872730904e-05
16,13,10896,10902,6,0.00039149845000000004,0.0003739511666666666,0.0001159619858258827
16,14,10902,10908,6,3.112242e-05,4.907410333333332e-05,4.02260111660033e-05
16,15,10908,10914,6,3.151731e-05,3.145171166666667e-05,1.1667211555132817e-07
16,16,10914,10921,7,3.177131e-05,3.1818888571428574e-05,9.332628192507853e-08
16,17,10921,10927,6,3.204386e-05,3.203499166666666e-05,9.101897355618777e-08
16,18,10927,10933,6,3.2238575000000005e-05,3.222611166666666e-05,6.875312972674202e-08
16,19,10933,10939,6,3.236007e-05,3.2349825e-05,8.261735163793934e-08
16,20,10939,10945,6,3.256718e-05,3.2564420000000004e-05,1.1462517902566762e-07
16,21,10945,10951,6,3.4321205e-05,3.549057666666667e-05,3.0208571426813435e-06
16,22,10951,10958,7,0.0005596044,0.00041938339428571433,0.00022663779038348055
16,23,10958,10964,6,0.00052544035,0.0005168907,2.8271186344167935e-05
16,24,10964,10970,6,0.00032020615,0.0003261446333333333,6.451198016623647e-05
16,25,10970,10976,6,0.0002073492,0.00021014736666666667,8.254548511511023e-06
16,26,10976,10982,6,0.00019381735,0.00019294513333333334,5.379635031817261e-06
16,27,10982,10989,7,0.000160256,0.0001624877142857143,6.1480058084898105e-06
16,28,10989,10995,6,0.00029808035,0.000300151,8.140700254294261e-05
16,29,10995,11001,6,0.0005232251,0.0005148424166666667,3.18301007131309e-05
16,30,11001,11007,6,0.0005608142500000001,0.0005601566666666667,1.8589612311419807e-06
16,31,11007,11013,6,0.00052689945,0.0005114794999999999,4.577854068986182e-05
16,32,11013,11019,6,0.0001621796,0.00016616390499999998,0.0001156198390441813
16,33,11019,11026,7,3.165773e-05,3.157731142857143e-05,1.3022687208193575e-07
16,34,11026,11032,6,3.192843e-05,3.1972185e-05,8.770064286157437e-08
16,35,11032,11038,6,3.2195044999999996e-05,3.2167624999999995e-05,8.054292701203874e-08
16,36,11038,11044,6,3.2373815e-05,3.239698e-05,7.206027430792526e-08
16,37,11044,11050,6,3.2747000000000003e-05,3.2711441666666665e-05,1.789304741528276e-07
16,38,11050,11057,7,4.264371e-05,0.00012650691857142858,0.00019849429092643573
16,39,11057,11063,6,0.0006119774,0.0006120117333333334,2.444775290741844e-07
16,40,11063,11069,6,0.00061142975,0.0006114152166666666,2.657193094016535e-07
16,41,11069,11075,6,0.00061040335,0.0006108118500000001,7.798125047086706e-07
16,42,11075,11081,6,0.000611912,0.0006118800333333334,2.9949889074177804e-07
16,43,11081,11087,6,0.00061162305,0.0006118093833333333,5.446978930767363e-07
16,44,11087,11094,7,0.0006117101,0.0006116554714285714,4.0086147844107665e-07
16,45,11094,11100,6,0.00061209035,0.0006121487666666666,3.312856907397063e-07
16,46,11100,11106,6,0.0006114954,0.0006114780666666667,1.671837478810577e-07
16,47,11106,11112,6,0.00061152965,0.0006113797166666667,3.9346608247161864e-07
16,48,11112,11118,6,0.0006111098499999999,0.00061117655,1.9308603220672858e-07
16,49,11118,11124,6,0.0006115006500000001,0.0006114565,1.2838896629641744e-07
17,0,11612,11618,6,3.237178e-05,3.2354121666666666e-05,6.007038688534866e-08
17,1,11606,11612,6,3.2288440000000004e-05,3.226418166666666e-05,6.129060950821838e-08
17,2,11600,11606,6,3.221143e-05,3.219905833333333e-05,6.713874252041256e-08
17,3,11594,11600,6,3.203445e-05,3.203092166666667e-05,9.919968756951204e-08
17,4,11588,11594,6,3.1815225e-05,3.182064333333333e-05,6.754736527471197e-08
17,5,11581,11588,7,3.163777e-05,3.1627734285714284e-05,1.023054218444736e-07
17,6,11575,11581,6,3.133852e-05,3.139429166666666e-05,9.454687010801668e-08
17,7,11569,11575,6,3.1085905e-05,3.1012446666666674e-05,1.287504887585124e-07
17,8,11563,11569,6,0.00015579315,0.0001635097683333333,0.00011433940139153583
17,9,11557,11563,6,0.0005179158,0.0005053327500000001,5.14998597423252e-05
17,10,11551,11557,6,0.00057045285,0.0005704855666666667,2.459214568154282e-06
17,11,11544,11551,7,0.0005733967,0.0005734008999999999,4.369058643297334e-07
17,12,11538,11544,6,0.0005747473,0.0005746988666666667,2.1320373407195132e-07
17,13,11532,11538,6,0.00032544983500000003,0.00031721880666666665,0.0002574713867670909
17,14,11526,11532,6,3.3749055e-05,3.421028e-05,1.5739856074310208e-06
17,15,11520,11526,6,3.2267219999999996e-05,3.2292603333333334e-05,9.753701120885082e-08
17,16,11513,11520,7,3.213665e-05,3.211447571428572e-05,7.255311883758842e-08
17,17,11507,11513,6,3.2017005e-05,3.2023523333333335e-05,6.705336970569624e-08
17,18,11501,11507,6,3.185083e-05,3.183852166666666e-05,7.330437013272399e-08
17,19,11495,11501,6,3.1650585000000004e-05,3.1676921666666665e-05,8.763429701828431e-08
17,20,11489,11495,6,3.1397685e-05,3.135111333333333e-05,1.111722580302994e-07
17,21,11483,11489,6,3.1134275e-05,7.5179825e-05,6.556549342630433e-05
17,22,11476,11483,7,0.0004630041,0.0004407369857142857,9.881328815227273e-05
17,23,11470,11476,6,0.00056790895,0.0005662658333333334,3.094203516074677e-06
17,24,11464,11470,6,0.0005679491499999999,0.00056796355,3.832102501673765e-07
17,25,11458,11464,6,0.00056818585,0.0005680956333333334,2.5842597693644144e-07
17,26,11452,11458,6,0.00056531985,0.0005653968166666666,9.498929104846178e-07
17,27,11445,11452,7,0.0005672639,0.0005663112857142857,1.8693672920678359e-06
17,28,11439,11445,6,0.0005469645,0.0005458102666666666,1.1379342318380646e-05
17,29,11433,11439,6,0.00051132335,0.0005016142333333333,2.778056532798103e-05
17,30,11427,11433,6,0.00035938095,0.00036008958333333337,3.6779326386591e-05
17,31,11421,11427,6,0.0002319778,0.00023905281666666668,2.8297039250094498e-05
17,32,11415,11421,6,4.3294045000000006e-05,7.041888e-05,5.9291917862845637e-05
17,33,11408,11415,7,3.262143e-05,3.290430714285714e-05,4.995690732654152e-07
17,34,11402,11408,6,3.2298575e-05,3.225592833333333e-05,8.402131801248651e-08
17,35,11396,11402,6,3.203635e-05,3.207681666666666e-05,8.567482821044159e-08
17,36,11390,11396,6,3.183184e-05,3.1772926666666666e-05,1.0073172533461692e-07
17,37,11384,11390,6,3.1384225e-05,3.1450690000000006e-05,1.3029169236755037e-07
17,38,11377,11384,7,0.0002041782,0.00020923276714285716,0.00014069901876846157
17,39,11371,11377,6,0.0005336819,0.00052538295,2.952382033351769e-05
17,40,11365,11371,6,0.00056435085,0.0005636175833333333,2.5318268723174854e-06
17,41,11359,11365,6,0.0005557809,0.0005541404500000001,8.951361391011968e-06
17,42,11353,11359,6,0.0005480484,0.0005519899666666667,1.4817062811239692e-05
17,43,11347,11353,6,0.0006033379000000001,0.0006009096833333333,9.240104514635588e-06
17,44,11340,11347,7,0.0006111133,0.0006111480428571429,2.2286590367396408e-07
17,45,11334,11340,6,0.0006110436499999999,0.0006110503833333333,2.8039835601434256e-07
17,46,11328,11334,6,0.00061124995,0.0006111831999999999,2.2149723850801164e-07
17,47,11322,11328,6,0.0006112444500000001,0.0006112612666666667,9.825771668875429e-08
17,48,11316,11322,6,0.0006112031,0.0006111851833333334,2.563436457613547e-07
17,49,11309,11316,7,0.0006111402,0.0006112470857142858,2.3057665864132866e-07
18,0,11802,11809,7,3.270042e-05,3.272751857142857e-05,6.068162240711109e-08
18,1,11809,11815,6,3.2693955e-05,3.2677741666666666e-05,7.512762905364528e-08
18,2,11815,11821,6,3.259127e-05,3.261338666666667e-05,5.729700826007854e-08
18,3,11821,11827,6,3.2691435e-05,3.2667025e-05,5.8724822335476194e-08
18,4,11827,11833,6,3.2609105e-05,3.2635540000000006e-05,5.989354695346306e-08
18,5,11833,11840,7,3.270976e-05,3.2690702857142855e-05,5.917909928206724e-08
18,6,11840,11846,6,3.2714535e-05,3.2694173333333325e-05,6.729137702723989e-08
18,7,11846,11852,6,3.2885485e-05,3.292995833333333e-05,1.5882373724947023e-07
18,8,11852,11858,6,3.8981755000000004e-05,4.3758115e-05,1.1790071762112324e-05
18,9,11858,11864,6,0.0005741483499999999,0.0005741159166666667,3.7388218026836474e-07
18,10,11864,11871,7,0.0005744071,0.0005739143428571429,8.588415001902167e-07
18,11,11871,11877,6,0.0005733288,0.0005733574333333333,3.5941119286347793e-07
18,12,11877,11883,6,0.00056474695,0.0005594631833333333,1.3724133963012822e-05
18,13,11883,11889,6,0.00037057605,0.0003555806,0.00011582701772198921
18,14,11889,11895,6,3.1178380000000005e-05,4.6362028333333334e-05,3.418594852187441e-05
18,15,11895,11902,7,3.146589e-05,3.1494332857142857e-05,1.4078753604677738e-07
18,16,11902,11908,6,3.1831775e-05,3.178709666666666e-05,8.683229769056239e-08
18,17,11908,11914,6,3.201881e-05,3.204178833333333e-05,7.51191536641769e-08
18,18,11914,11920,6,3.2179065e-05,3.2168373333333324e-05,6.686583798090595e-08
18,19,11920,11926,6,3.234379e-05,3.234506666666666e-05,6.560026668306155e-08
18,20,11926,11933,7,3.262309e-05,3.257681142857143e-05,1.62498948869442e-07
18,21,11933,11939,6,3.709775e-05,4.082896166666666e-05,8.967780970802116e-06
18,22,11939,11945,6,0.0005635185,0.000483230775,0.00018058845426369724
18,23,11945,11951,6,0.00053997995,0.0005382938166666667,1.3197579490373321e-05
18,24,11951,11957,6,0.0004561563,0.0004494586,4.485466471394031e-05
18,25,11957,11964,7,0.0002610952,0.0002779794142857142,3.249087745609434e-05
18,26,11964,11970,6,0.00023718030000000002,0.00023856545,5.208731517605806e-06
18,27,11970,11976,6,0.0002541978,0.0002498881666666666,1.3952524059188077e-05
18,28,11976,11982,6,0.00017597775,0.00018012181666666666,1.5395445455546982e-05
18,29,11982,11988,6,0.00038559974999999996,0.00037351014999999996,7.963939403245e-05
18,30,11988,11995,7,0.0005307292,0.0005262435,1.878524743545925e-05
18,31,11995,12001,6,0.00049353975,0.00047253035,6.611115304343512e-05
18,32,12001,12007,6,8.6820925e-05,0.00011832844666666668,9.464153986558117e-05
18,33,12007,12013,6,3.1610835e-05,3.1593906666666665e-05,1.3799548032051198e-07
18,34,12013,12019,6,3.193074e-05,3.1926751666666666e-05,9.348383129658789e-08
18,35,12019,12026,7,3.216877e-05,3.2170360000000003e-05,1.060315444977182e-07
18,36,12026,12032,6,3.2353675e-05,3.235629166666667e-05,7.389844617596561e-08
18,37,12032,12038,6,3.2717615e-05,3.285869166666667e-05,3.566163575149375e-07
18,38,12038,12044,6,4.784607e-05,0.00014153786833333333,0.0002106790177128498
18,39,12044,12050,6,0.00061180315,0.0006118546333333334,2.5649229791340095e-07
18,40,12050,12057,7,0.0006117251,0.0006118058571428572,2.2411399431759018e-07
18,41,12057,12063,6,0.0006115479,0.0006115784333333333,1.8067486143778754e-07
18,42,12063,12069,6,0.0006117031,0.0006117584833333333,1.670661786704632e-07
18,43,12069,12075,6,0.00061184495,0.0006118636166666667,2.1071579925472563e-07
18,44,12075,12081,6,0.0006115858,0.0006116528666666667,3.055696738152397e-07
18,45,12081,12088,7,0.0006115383,0.0006115025857142858,2.1241856542867027e-07
18,46,12088,12094,6,0.0006114112499999999,0.0006113987833333334,1.5674649827737573e-07
18,47,12094,12100,6,0.00061141685,0.0006114394,1.0224040297258694e-07
18,48,12100,12106,6,0.0006114605,0.0006115396833333333,2.1065703894137255e-07
18,49,12106,12112,6,0.0006114568,0.0006114917333333333,3.292874512573327e-07
19,0,12600,12606,6,3.2378615e-05,3.2364586666666666e-05,5.7271638899390716e-08
19,1,12594,12600,6,3.2268185e-05,3.2271088333333334e-05,5.929633418030383e-08
19,2,12588,12594,6,3.224461e-05,3.2227415000000004e-05,5.927601137897092e-08
19,3,12582,12588,6,3.2085035e-05,3.206145833333333e-05,9.676307894658212e-08
19,4,12575,12582,7,3.184804e-05,3.185704142857143e-05,6.630252019096666e-08
19,5,12569,12575,6,3.1666459999999996e-05,3.1638768333333335e-05,7.75399145422671e-08
19,6,12563,12569,6,3.140131e-05,3.144795166666667e-05,8.94202684735904e-08
19,7,12557,12563,6,3.1158535e-05,3.108676833333333e-05,1.2291866083128224e-07
19,8,12551,12557,6,7.924066499999999e-05,0.0001119200283333333,9.101150371089641e-05
19,9,12544,12551,7,0.0005073688,0.00048563141428571434,7.544172705770857e-05
19,10,12538,12544,6,0.0005729653,0.0005727718166666667,1.2401287747873349e-06
19,11,12532,12538,6,0.00057318855,0.0005731578833333334,3.618782641380393e-07
19,12,12526,12532,6,0.00057328925,0.0005732343833333333,3.299937848741267e-07
19,13,12520,12526,6,0.00057298095,0.00040145146666666667,0.00024308313692704002
19,14,12513,12520,7,3.363574e-05,3.4778504285714286e-05,2.537074202720567e-06
19,15,12507,12513,6,3.2312325e-05,3.23097e-05,8.538538419034745e-08
19,16,12501,12507,6,3.221014e-05,3.2196046666666674e-05,6.135685337071671e-08
19,17,12495,12501,6,3.2076705e-05,3.2059326666666664e-05,8.210379562209917e-08
19,18,12489,12495,6,3.1929795e-05,3.191596833333333e-05,7.304589411611153e-08
19,19,12482,12489,7,3.166868e-05,3.165824857142857e-05,1.0569886597966802e-07
19,20,12476,12482,6,3.1308580000000006e-05,3.1334794999999997e-05,1.326187963990533e-07
19,21,12470,12476,6,7.9222165e-05,0.00011396756333333334,9.26941274095633e-05
19,22,12464,12470,6,0.00048793375,0.0004705273666666667,7.275858583994667e-05
19,23,12458,12464,6,0.000569871,0.0005681117,3.2922562592645716e-06
19,24,12451,12458,7,0.0005697784,0.0005693982857142858,6.809293343419497e-07
19,25,12445,12451,6,0.0005664143,0.0005665073166666667,1.1789361014868005e-06
19,26,12439,12445,6,0.0005646753500000001,0.00056469535,4.068138425619143e-07
19,27,12433,12439,6,0.0005640644999999999,0.0005640802833333333,6.484363150859078e-07
19,28,12427,12433,6,0.0005532663500000001,0.0005509443333333333,9.754342902295127e-06
19,29,12420,12427,7,0.0004214701,0.0004309991714285714,5.688716963922569e-05
19,30,12414,12420,6,0.00028125175,0.0002857414666666667,4.821798098478294e-05
19,31,12408,12414,6,0.0001925415,0.00019231519999999996,1.7643120047485936e-05
19,32,12402,12408,6,3.949057e-05,4.6158338333333335e-05,1.4346591077256435e-05
19,33,12396,12402,6,3.2762835e-05,3.2840885e-05,3.860458327172204e-07
19,34,12389,12396,7,3.22963e-05,3.231351714285714e-05,8.489143448534468e-08
19,35,12383,12389,6,3.2055015e-05,3.20393e-05,8.329368663550295e-08
19,36,12377,12383,6,3.1773920000000006e-05,3.179360666666667e-05,1.0353967720422848e-07
19,37,12371,12377,6,3.1450965e-05,3.139139e-05,1.3851409988396923e-07
19,38,12365,12371,6,0.00020213605,0.00020722019166666665,0.00012167250491295072
19,39,12358,12365,7,0.0005397689,0.0005237931714285714,4.1009257275077165e-05
19,40,12352,12358,6,0.00056284375,0.0005628951833333333,4.721989990694723e-07
19,41,12346,12352,6,0.0005542072,0.0005536056000000001,6.635199996232207e-06
19,42,12340,12346,6,0.00056075615,0.0005624086666666667,1.5225240338515353e-05
19,43,12334,12340,6,0.0006063317999999999,0.0006045188499999999,6.60463260238601e-06
19,44,12327,12334,7,0.0006110616,0.0006111449857142857,2.406497302160612e-07
19,45,12321,12327,6,0.000611153,0.00061110705,3.007528816708992e-07
19,46,12315,12321,6,0.0006108194,0.0006108470666666667,2.4139020048231523e-07
19,47,12309,12315,6,0.0006110892000000001,0.0006110625666666667,2.0370399003345836e-07
19,48,12303,12309,6,0.0006107205,0.0006108035666666666,1.6399965108364624e-07
19,49,12296,12303,7,0.0006110001,0.0006109756857142856,2.3047303795562308e-07
20,0,12790,12797,7,3.277967e-05,3.275409285714286e-05,5.891406131313736e-08
20,1,12797,12803,6,3.2638130000000004e-05,3.2654455e-05,5.413048086183339e-08
20,2,12803,12809,6,3.2703635e-05,3.2678608333333334e-05,6.135045134761141e-08
20,3,12809,12815,6,3.2623825e-05,3.265250333333333e-05,5.4739353810175514e-08
20,4,12815,12821,6,3.272766e-05,3.2704770000000004e-05,5.89840811858028e-08
20,5,12821,12828,7,3.267172e-05,3.269745285714285e-05,6.473808720292741e-08
20,6,12828,12834,6,3.274757e-05,3.273815e-05,5.635299075174921e-08
20,7,12834,12840,6,3.2947845e-05,3.2941588333333333e-05,1.6969026974821629e-07
20,8,12840,12846,6,3.9568470000000004e-05,4.519364833333333e-05,1.363773152073738e-05
20,9,12846,12852,6,0.0005715734,0.0005716040833333333,5.774039903356652e-07
20,10,12852,12859,7,0.0005732716,0.0005731411857142857,4.721599197262627e-07
20,11,12859,12865,6,0.0005728916000000001,0.00057290145,3.2235543400618915e-07
20,12,12865,12871,6,0.0005646946,0.0005583152666666667,1.5540232851930548e-05
20,13,12871,12877,6,0.0003521631,0.0003399657833333333,0.00011670092405237439
20,14,12877,12883,6,3.1153465000000003e-05,4.410066833333333e-05,2.9056621874092322e-05
20,15,12883,12890,7,3.144333e-05,3.1530951428571423e-05,1.1748883003789607e-07
20,16,12890,12896,6,3.182765e-05,3.180851333333333e-05,8.885929826916726e-08
20,17,12896,12902,6,3.20533e-05,3.2057491666666664e-05,7.420721537619511e-08
20,18,12902,12908,6,3.2204005e-05,3.2187226666666666e-05,7.845469662309846e-08
20,19,12908,12914,6,3.235456e-05,3.235607166666667e-05,6.882922645133352e-08
20,20,12914,12921,7,3.267729e-05,3.260769714285714e-05,1.6195273505512801e-07
20,21,12921,12927,6,3.8499825e-05,4.3446698333333336e-05,1.1889900948930592e-05
20,22,12927,12933,6,0.0005649445,0.00056433775,1.3786766502096434e-06
20,23,12933,12939,6,0.0005458471,0.0005426070166666667,1.3209474243564327e-05
20,24,12939,12945,6,0.00042205095,0.00042486886666666667,4.9612053084865915e-05
20,25,12945,12952,7,0.0003106962,0.00030189567142857143,3.662001113223339e-05
20,26,12952,12958,6,0.00016406055000000002,0.00017377539999999998,2.0023276352285603e-05
20,27,12958,12964,6,0.00023806119999999998,0.00025396848333333335,7.491676186275931e-05
20,28,12964,12970,6,0.0004806741,0.00047307563333333336,2.9268370745150073e-05
20,29,12970,12976,6,0.0005107025,0.0005126030333333333,5.281429172003421e-06
20,30,12976,12983,7,0.0005183617,0.0005158105428571428,1.0069747873969164e-05
20,31,12983,12989,6,0.00044780285000000004,0.00043939045,4.223714761899963e-05
20,32,12989,12995,6,0.0001375712,0.00014441049,9.845592871972633e-05
20,33,12995,13001,6,3.154741e-05,3.1538009999999996e-05,1.2585606593777268e-07
20,34,13001,13007,6,3.1889215e-05,3.188716833333333e-05,1.0865064019088273e-07
20,35,13007,13014,7,3.215351e-05,3.213627857142857e-05,7.885226121018464e-08
20,36,13014,13020,6,3.2342455e-05,3.2367345e-05,8.054187125340402e-08
20,37,13020,13026,6,3.274247e-05,3.273668666666667e-05,2.184245792538514e-07
20,38,13026,13032,6,4.359805e-05,0.00013840268166666667,0.00021200963487570012
20,39,13032,13038,6,0.0006118229,0.0006118945666666667,1.6325777844326625e-07
20,40,13038,13045,7,0.0006115829,0.0006115781428571429,2.5873597605688135e-07
20,41,13045,13051,6,0.0006117937500000001,0.0006116652333333334,2.5952648976335453e-07
20,42,13051,13057,6,0.0006115228,0.0006113701666666667,3.010848311614944e-07
20,43,13057,13063,6,0.0006116693,0.0006116723833333332,1.4587964693158268e-07
20,44,13063,13069,6,0.00061217235,0.0006121553333333333,2.0268943128725852e-07
20,45,13069,13076,7,0.0006116737,0.0006117196142857144,3.4420003083163005e-07
20,46,13076,13082,6,0.0006118370500000001,0.00061177755,2.7923101994586204e-07
20,47,13082,13088,6,0.0006112178499999999,0.0006111689666666667,1.8278052108716245e-07
20,48,13088,13094,6,0.00061115455,0.000611107,1.2380737727076984e-07
20,49,13094,13100,6,0.00061150675,0.0006114546166666666,2.1808277034700462e-07
21,0,13588,13594,6,3.228821e-05,3.228813166666667e-05,6.293722703791582e-08
21,1,13582,13588,6,3.2273229999999997e-05,3.2256168333333334e-05,5.782257789037978e-08
21,2,13576,13582,6,3.213577e-05,3.2138e-05,6.52568246750217e-08
21,3,13570,13576,6,3.198838e-05,3.2031956666666674e-05,8.984962783574729e-08
21,4,13563,13570,7,3.179774e-05,3.179734571428571e-05,6.484788857828163e-08
21,5,13557,13563,6,3.162045e-05,3.1623595000000006e-05,8.892858890705507e-08
21,6,13551,13557,6,3.1389435e-05,3.1375995e-05,9.52024118654568e-08
21,7,13545,13551,6,3.103438e-05,3.106157666666667e-05,1.2597889435227677e-07
21,8,13539,13545,6,0.00013827985,0.00014821058666666668,0.00010319051296423307
21,9,13532,13539,7,0.0005291771,0.0005076747285714286,6.032292649600183e-05
21,10,13526,13532,6,0.00057377905,0.0005735225333333333,1.0121740342231356e-06
21,11,13520,13526,6,0.0005746672999999999,0.0005745364833333334,3.402446248248707e-07
21,12,13514,13520,6,0.0005743643500000001,0.0005743977833333333,1.9919648103206327e-07
21,13,13508,13514,6,0.000321975445,0.00031485187333333333,0.00025921247299073256
21,14,13501,13508,7,3.335108e-05,3.377292e-05,1.387840908502948e-06
21,15,13495,13501,6,3.2280045000000006e-05,3.228551e-05,7.366420139162998e-08
21,16,13489,13495,6,3.2129275e-05,3.2126485000000004e-05,6.295356297833058e-08
21,17,13483,13489,6,3.2029675e-05,3.203799500000001e-05,6.715894349724961e-08
21,18,13477,13483,6,3.1859065e-05,3.183167e-05,7.759883418368304e-08
21,19,13470,13477,7,3.158869e-05,3.160908e-05,1.178387793312776e-07
21,20,13464,13470,6,3.1242155e-05,3.1231336666666665e-05,1.2773717556851832e-07
21,21,13458,13464,6,0.00016113059999999998,0.0001639788,0.000112357907206101
21,22,13452,13458,6,0.0005218256500000001,0.0005079910666666666,5.134091709558328e-05
21,23,13446,13452,6,0.0005711639000000001,0.00057085365,9.456348075058962e-07
21,24,13439,13446,7,0.0005707411,0.0005701191571428571,1.1633218862466284e-06
21,25,13433,13439,6,0.0005681862,0.0005679960166666666,6.977518121716906e-07
21,26,13427,13433,6,0.0005657482,0.0005656539833333333,5.622704996016017e-07
21,27,13421,13427,6,0.0005621847499999999,0.0005621921666666667,1.7810500354815784e-06
21,28,13415,13421,6,0.0005622494500000001,0.0005621118833333334,1.0332744930828161e-06
21,29,13408,13415,7,0.0005369335,0.0005342595714285714,1.8077738655335512e-05
21,30,13402,13408,6,0.00045043169999999997,0.0004522855,2.552265601532621e-05
21,31,13396,13402,6,0.0002888423,0.00029144146666666666,6.715011522074173e-05
21,32,13390,13396,6,3.8421859999999996e-05,4.347693666666667e-05,1.1585754887460816e-05
21,33,13384,13390,6,3.254996e-05,3.272478333333333e-05,3.336554745875188e-07
21,34,13377,13384,7,3.226024e-05,3.2235192857142866e-05,7.602606878363529e-08
21,35,13371,13377,6,3.20159e-05,3.20183e-05,1.0026886223216745e-07
21,36,13365,13371,6,3.1752655e-05,3.175295000000001e-05,1.0184015972755187e-07
21,37,13359,13365,6,3.1399255e-05,3.1364905e-05,1.574401749607331e-07
21,38,13353,13359,6,0.0002411609,0.00023902294166666668,0.0001346314695100246
21,39,13346,13353,7,0.0005495538,0.0005369142142857143,2.8883500484059267e-05
21,40,13340,13346,6,0.00056492895,0.0005647997999999999,6.452718626026376e-07
21,41,13334,13340,6,0.0005500228999999999,0.0005489077666666666,9.7396612685224e-06
21,42,13328,13334,6,0.00056235295,0.0005609780166666667,2.021665507705768e-05
21,43,13322,13328,6,0.000609191,0.0006066037166666667,5.713021371806903e-06
21,44,13315,13322,7,0.0006114634,0.000611442,1.2344915668288621e-07
21,45,13309,13315,6,0.00061140855,0.00061140015,1.4878541315152091e-07
21,46,13303,13309,6,0.0006113933499999999,0.0006113923,2.0361405485213685e-07
21,47,13297,13303,6,0.0006114323,0.0006113840499999999,1.8376445748111391e-07
21,48,13291,13297,6,0.00061150775,0.00061147875,9.627607439027927e-08
21,49,13284,13291,7,0.0006112983,0.0006113129,1.557008762247121e-07
22,0,13779,13786,7,3.271731e-05,3.271230428571429e-05,6.52234350646512e-08
22,1,13786,13792,6,3.2676890000000005e-05,3.266355333333334e-05,5.931735880461528e-08
22,2,13792,13798,6,3.264447e-05,3.2631535e-05,5.19949080038923e-08
22,3,13798,13804,6,3.264814e-05,3.265628e-05,6.033873189475302e-08
22,4,13804,13810,6,3.2662295e-05,3.266005333333334e-05,5.3819738221420405e-08
22,5,13810,13817,7,3.270332e-05,3.269687857142857e-05,5.217990812798464e-08
22,6,13817,13823,6,3.2678954999999993e-05,3.2692161666666665e-05,5.3616086024210587e-08
22,7,13823,13829,6,3.2840015e-05,3.2937643333333335e-05,1.5641676877993496e-07
22,8,13829,13835,6,3.91992e-05,4.4365640000000004e-05,1.2479656388731222e-05
22,9,13835,13841,6,0.0005718519500000001,0.0005720498666666666,5.65467572505765e-07
22,10,13841,13847,6,0.000573286,0.0005719535833333334,2.3954555582161794e-06
22,11,13847,13854,7,0.0005712471,0.0005706314142857143,1.2090990487945621e-06
22,12,13854,13860,6,0.00056170965,0.0005554164333333333,1.6423804938733145e-05
22,13,13860,13866,6,0.00034597044999999996,0.00033671565,0.00011714108960030136
22,14,13866,13872,6,3.119514e-05,4.3858765000000005e-05,2.8509639551614675e-05
22,15,13872,13878,6,3.149235e-05,3.147627666666667e-05,1.2730026468507068e-07
22,16,13878,13885,7,3.182503e-05,3.179485285714285e-05,8.440623888828025e-08
22,17,13885,13891,6,3.2029115e-05,3.205022e-05,7.616535958032378e-08
22,18,13891,13897,6,3.2187725e-05,3.2175956666666664e-05,6.797671897217735e-08
22,19,13897,13903,6,3.235108e-05,3.2357369999999994e-05,6.968239064976542e-08
22,20,13903,13909,6,3.265807e-05,3.2609835e-05,1.481295348391622e-07
22,21,13909,13915,6,3.778737e-05,4.226528500000001e-05,1.061369546854872e-05
22,22,13915,13922,7,0.000563465,0.0005626441571428572,2.346575282562792e-06
22,23,13922,13928,6,0.0005664196000000001,0.0005663547166666667,1.1322094732817245e-06
22,24,13928,13934,6,0.00055627995,0.0005561558666666667,5.0081783536753355e-06
22,25,13934,13940,6,0.0005325639999999999,0.0005285927166666667,1.5479319918245384e-05
22,26,13940,13946,6,0.0003817404,0.00037667758333333336,7.580447948389807e-05
22,27,13946,13953,7,0.000225925,0.00023430247142857143,4.234315073001652e-05
22,28,13953,13959,6,0.00048585359999999995,0.0004738602,5.56337918906007e-05
22,29,13959,13965,6,0.0005582037,0.0005566967833333334,3.7662398593365824e-06
22,30,13965,13971,6,0.00056008315,0.0005593911166666666,1.639718211987103e-06
22,31,13971,13977,6,0.0005154303,0.0005001855166666666,4.849212082340172e-05
22,32,13977,13983,6,0.00015283395,0.00015881345833333333,0.00011010492059753497
22,33,13983,13990,7,3.150523e-05,3.152299142857143e-05,1.701790304715744e-07
22,34,13990,13996,6,3.189454e-05,3.186274833333334e-05,9.609392148945811e-08
22,35,13996,14002,6,3.2125e-05,3.2132885000000004e-05,7.506653554236629e-08
22,36,14002,14008,6,3.227251e-05,3.228159833333334e-05,6.677445579877233e-08
22,37,14008,14014,6,3.2583175e-05,3.270124166666667e-05,2.1624753581768744e-07
22,38,14014,14021,7,4.43967e-05,0.00012803618142857143,0.00019793940105045796
22,39,14021,14027,6,0.00061168605,0.0006116258666666667,1.9669242204236596e-07
22,40,14027,14033,6,0.00061154295,0.0006116265,2.584480605460206e-07
22,41,14033,14039,6,0.00061130335,0.0006112795,1.4572136654130987e-07
22,42,14039,14045,6,0.00061133145,0.0006112971333333333,1.8611155854006718e-07
22,43,14045,14051,6,0.0006113631,0.00061142315,1.4070924809692097e-07
22,44,14051,14058,7,0.0006115739,0.0006117353428571427,3.2612175139769617e-07
22,45,14058,14064,6,0.0006116932,0.0006117062666666667,2.0018152317890128e-07
22,46,14064,14070,6,0.00061175385,0.0006116791333333334,2.4030404121074354e-07
22,47,14070,14076,6,0.00061143115,0.0006116094166666667,4.352867921139757e-07
22,48,14076,14082,6,0.0006118807,0.0006118662833333333,1.7806839899945125e-07
22,49,14082,14088,6,0.0006115656999999999,0.0006114724166666666,1.8973878901151256e-07
23,0,14576,14582,6,3.2252020000000004e-05,3.2254375e-05,5.443371435363631e-08
23,1,14570,14576,6,3.223202e-05,3.2221345e-05,5.780549389980217e-08
23,2,14564,14570,6,3.2103905e-05,3.2111648333333334e-05,5.485868555256949e-08
23,3,14558,14564,6,3.1979830000000004e-05,3.201039333333333e-05,8.150779301528207e-08
23,4,14551,14558,7,3.178088e-05,3.1799262857142856e-05,6.393888414824349e-08
23,5,14545,14551,6,3.1633085e-05,3.163438333333333e-05,7.946657508383862e-08
23,6,14539,14545,6,3.1386825e-05,3.1387023333333336e-05,9.028881449117812e-08
23,7,14533,14539,6,3.1053845e-05,3.1073551666666666e-05,1.2551909435309963e-07
23,8,14527,14533,6,8.5614885e-05,0.00012142399500000003,9.969952024425773e-05
23,9,14520,14527,7,0.000519513,0.0004965301714285714,6.709150440990946e-05
23,10,14514,14520,6,0.0005728426500000001,0.0005723263833333333,1.9082725263237835e-06
23,11,14508,14514,6,0.0005751223000000001,0.000575031,3.087470431707442e-07
23,12,14502,14508,6,0.00057515475,0.0005752789,3.0347123422163346e-07
23,13,14496,14502,6,0.000325459495,0.0003174807666666667,0.00025773762157894214
23,14,14489,14496,7,3.345548e-05,3.397957714285715e-05,1.5927970681137747e-06
23,15,14483,14489,6,3.2278045e-05,3.2279450000000005e-05,8.368628820382232e-08
23,16,14477,14483,6,3.2117049999999994e-05,3.213262e-05,6.505258590811986e-08
23,17,14471,14477,6,3.2039055e-05,3.203008166666667e-05,6.88953020693148e-08
23,18,14465,14471,6,3.1842765000000004e-05,3.184181e-05,7.349087857233245e-08
23,19,14458,14465,7,3.16231e-05,3.159611857142857e-05,1.2549379169943844e-07
23,20,14452,14458,6,3.118114e-05,3.1241319999999997e-05,1.2687405172059393e-07
23,21,14446,14452,6,0.00016693535,0.00017210155,0.00012032714839711763
23,22,14440,14446,6,0.00052521925,0.0005137174666666667,4.583650956318069e-05
23,23,14434,14440,6,0.00057167145,0.0005709634833333333,1.2421008566358658e-06
23,24,14427,14434,7,0.0005722101,0.0005721545714285714,2.6618871777255147e-07
23,25,14421,14427,6,0.0005723701,0.00057228065,2.525130013154414e-07
23,26,14415,14421,6,0.0005675078499999999,0.0005682119333333333,2.1666318804899643e-06
23,27,14409,14415,6,0.00056812255,0.00056788405,1.0035112933262402e-06
23,28,14403,14409,6,0.0005699082,0.0005695259166666666,1.2350822029547519e-06
23,29,14396,14403,7,0.0005636652,0.0005640484142857143,1.105775901384018e-06
23,30,14390,14396,6,0.00055900885,0.0005579574333333333,4.015893931893895e-06
23,31,14384,14390,6,0.00052242685,0.0005199976833333333,1.7890424429790816e-05
23,32,14378,14384,6,3.85455e-05,4.226634666666667e-05,9.06025629978841e-06
23,33,14372,14378,6,3.252212e-05,3.272978166666667e-05,3.626939252049264e-07
23,34,14365,14372,7,3.223201e-05,3.221815142857143e-05,8.118096740854799e-08
23,35,14359,14365,6,3.1996035e-05,3.2026898333333334e-05,7.988627508666458e-08
23,36,14353,14359,6,3.1761275e-05,3.1731951666666666e-05,9.601838772107901e-08
23,37,14347,14353,6,3.1347985000000004e-05,3.139973833333334e-05,1.3188622463025349e-07
23,38,14341,14347,6,0.00018399675,0.0001824120116666667,0.00012610834533132193
23,39,14334,14341,7,0.0005412359,0.0005235424857142856,4.350323122269783e-05
23,40,14328,14334,6,0.0005677977,0.0005675698166666667,5.245784924320007e-07
23,41,14322,14328,6,0.0005560096999999999,0.0005560164166666667,6.4956076183363055e-06
23,42,14316,14322,6,0.0005710493,0.0005710272333333333,1.3726438447107173e-05
23,43,14310,14316,6,0.0006079172,0.00060598745,5.5249961763938374e-06
23,44,14303,14310,7,0.0006113942,0.0006112988,1.377088647421476e-07
23,45,14297,14303,6,0.0006113515,0.0006113203166666667,2.365195088265323e-07
23,46,14291,14297,6,0.0006113604,0.0006114291166666666,2.3197402452765954e-07
23,47,14285,14291,6,0.0006112553000000001,0.0006112480333333334,1.6556650895906624e-07
23,48,14279,14285,6,0.00061129035,0.0006113220166666667,1.2992204607204947e-07
23,49,14272,14279,7,0.0006111705,0.0006112218857142858,1.2494902307478525e-07
24,0,14766,14773,7,3.265214e-05,3.265696428571429e-05,5.345264201866434e-08
24,1,14773,14779,6,3.2567895e-05,3.2575395000000006e-05,5.026574371942119e-08
24,2,14779,14785,6,3.2583365e-05,3.2587761666666666e-05,5.38689825461328e-08
24,3,14785,14791,6,3.2574849999999995e-05,3.256961833333333e-05,5.564337079912468e-08
24,4,14791,14797,6,3.2623955e-05,3.260786833333333e-05,5.7480183662622656e-08
24,5,14797,14804,7,3.255145e-05,3.2595185714285715e-05,6.21221186413494e-08
24,6,14804,14810,6,3.262816e-05,3.261827333333333e-05,5.5410920002790795e-08
24,7,14810,14816,6,3.276807e-05,3.2760475e-05,1.2428141973628475e-07
24,8,14816,14822,6,3.6760609999999996e-05,4.0366031666666664e-05,8.227212501048812e-06
24,9,14822,14828,6,0.0005733596,0.0004913484850000001,0.00018348497540326145
24,10,14828,14834,6,0.00057284025,0.0005730076500000001,5.23924468952037e-07
24,11,14834,14841,7,0.0005725013,0.0005722878857142858,6.210846259995856e-07
24,12,14841,14847,6,0.0005687191,0.0005639121833333334,9.452807389591833e-06
24,13,14847,14853,6,0.00040300635,0.00038361443333333325,0.00011056969950195318
24,14,14853,14859,6,3.0271110000000003e-05,4.978496333333333e-05,4.358481582445988e-05
24,15,14859,14865,6,3.066807e-05,3.0663775e-05,1.0754355284410709e-07
24,16,14865,14872,7,3.098167e-05,3.1007877142857143e-05,1.0679649843300645e-07
24,17,14872,14878,6,3.125734e-05,3.1227335e-05,7.956364784456074e-08
24,18,14878,14884,6,3.1428470000000004e-05,3.1443778333333335e-05,7.219200981102776e-08
24,19,14884,14890,6,3.156653e-05,3.1553995e-05,6.841327715923696e-08
24,20,14890,14896,6,3.1762529999999995e-05,3.183855333333334e-05,1.3123594650687718e-07
24,21,14896,14902,6,3.489544e-05,3.744475166666666e-05,6.036378361378111e-06
24,22,14902,14909,7,0.0005676542,0.0004970071842857143,0.00017432089118434526
24,23,14909,14915,6,0.00056962895,0.0005696175833333334,1.4614378099057563e-07
24,24,14915,14921,6,0.0005658792,0.0005658515,2.50194524587036e-06
24,25,14921,14927,6,0.00056225125,0.00056215475,9.538046388892651e-07
24,26,14927,14933,6,0.0005505661,0.0005497453333333333,6.253408270339912e-06
24,27,14933,14940,7,0.0004686204,0.00045569658571428573,6.18822969834422e-05
24,28,14940,14946,6,0.00040596,0.00041281158333333337,5.818197840229156e-05
24,29,14946,14952,6,0.0005448429,0.00054175815,1.2913872521665736e-05
24,30,14952,14958,6,0.0005649582,0.0005639280333333334,2.4914753705830877e-06
24,31,14958,14964,6,0.0005413012,0.0005302944,3.3626080856878525e-05
24,32,14964,14970,6,0.00022273620000000003,0.00022655298666666667,0.0001276231603262102
24,33,14970,14977,7,3.134104e-05,3.138023857142857e-05,1.6936688809703403e-07
24,34,14977,14983,6,3.1792175e-05,3.173685833333333e-05,1.0174321769642511e-07
24,35,14983,14989,6,3.199642e-05,3.203325166666666e-05,8.400993798685768e-08
24,36,14989,14995,6,3.220099e-05,3.218900333333333e-05,7.255616184875287e-08
24,37,14995,15001,6,3.2412155000000005e-05,3.248223166666667e-05,1.2617754731814081e-07
24,38,15001,15008,7,3.532208e-05,3.962447285714285e-05,8.880998970662373e-06
24,39,15008,15014,6,0.000612298,0.0006122133999999999,1.5855499571654717e-07
24,40,15014,15020,6,0.00061193065,0.0006120472,2.6735957061605866e-07
24,41,15020,15026,6,0.0006119711,0.0006119480666666666,2.655344715014532e-07
24,42,15026,15032,6,0.00061172585,0.0006117599,2.9245946157830795e-07
24,43,15032,15038,6,0.0006117099000000001,0.0006116879666666667,2.5101936622943027e-07
24,44,15038,15045,7,0.0006115641,0.0006115532857142856,1.4384196117932028e-07
24,45,15045,15051,6,0.0006118200999999999,0.0006117816833333333,2.1297514265493148e-07
24,46,15051,15057,6,0.0006114174,0.0006114187666666666,2.0939713995715248e-07
24,47,15057,15063,6,0.0006114161000000001,0.0006113527833333333,1.9469633121578063e-07
24,48,15063,15069,6,0.00061141395,0.0006113863166666666,7.083279411557194e-08
24,49,15069,15075,6,0.0006114532,0.0006115047500000001,2.838648724892328e-07
25,0,15563,15569,6,3.2264725000000005e-05,3.226933833333333e-05,5.448592889198146e-08
25,1,15557,15563,6,3.22026e-05,3.2208918333333335e-05,6.291946954021637e-08
25,2,15551,15557,6,3.20931e-05,3.210502833333333e-05,6.195633365972772e-08
25,3,15545,15551,6,3.197138e-05,3.198937666666667e-05,7.668919603756876e-08
25,4,15539,15545,6,3.1776965e-05,3.1792068333333326e-05,6.039787949276316e-08
25,5,15532,15539,7,3.162096e-05,3.161074e-05,1.0558779569628328e-07
25,6,15526,15532,6,3.131762e-05,3.1369861666666666e-05,9.154341291006138e-08
25,7,15520,15526,6,3.1042835e-05,3.097800833333334e-05,1.2829676709575443e-07
25,8,15514,15520,6,0.0001771848,0.0001777294,0.00012336178680216926
25,9,15508,15514,6,0.00053324175,0.0005209544166666667,4.398193818009906e-05
25,10,15502,15508,6,0.0005750407,0.00057488435,8.688222809259437e-07
25,11,15495,15502,7,0.0005758802,0.0005757963857142858,2.0563675622369536e-07
25,12,15489,15495,6,0.00057479365,0.00057477655,3.802972510637968e-07
25,13,15483,15489,6,0.00032061651499999997,0.00031371003499999994,0.0002616943526503179
25,14,15477,15483,6,3.3436255e-05,3.3801115e-05,1.2684121539776926e-06
25,15,15471,15477,6,3.2231195000000004e-05,3.2242675e-05,1.0062620910246586e-07
25,16,15464,15471,7,3.210957e-05,3.2109727142857144e-05,6.224860473807268e-08
25,17,15458,15464,6,3.194985e-05,3.193569e-05,7.023952401129403e-08
25,18,15452,15458,6,3.1766785e-05,3.1797028333333334e-05,7.707148963065961e-08
25,19,15446,15452,6,3.1560355e-05,3.152119833333333e-05,9.302650077919851e-08
25,20,15440,15446,6,3.1147105000000006e-05,3.121530833333334e-05,1.2553237024989095e-07
25,21,15434,15440,6,0.00014652255,0.00015501081666666666,0.0001076247936199292
25,22,15427,15434,7,0.0005323548,0.0005115584142857143,5.734400809543921e-05
25,23,15421,15427,6,0.0005734104,0.0005731979166666667,6.123889951565933e-07
25,24,15415,15421,6,0.0005735655,0.0005734680166666667,5.883065057622744e-07
25,25,15409,15415,6,0.0005690383,0.0005693197833333334,1.099283056385191e-06
25,26,15403,15409,6,0.00057043065,0.0005704769666666666,5.071381359047259e-07
25,27,15396,15403,7,0.0005694423,0.0005693947428571429,9.072348473043116e-07
25,28,15390,15396,6,0.00056839485,0.0005683414666666667,7.014131751130999e-07
25,29,15384,15390,6,0.0005682757500000001,0.0005676632333333334,1.393825596056502e-06
25,30,15378,15384,6,0.0005558724,0.00055693235,2.899036384588268e-06
25,31,15372,15378,6,0.0005574009,0.0005566729333333333,1.9010980657387146e-06
25,32,15366,15372,6,4.3376225e-05,0.00012826789,0.00018910961464852513
25,33,15359,15366,7,3.254217e-05,3.271061285714286e-05,4.987165368856986e-07
25,34,15353,15359,6,3.216358e-05,3.2187625e-05,7.237728735591039e-08
25,35,15347,15353,6,3.1996169999999995e-05,3.196417166666667e-05,7.84738182276243e-08
25,36,15341,15347,6,3.1707404999999994e-05,3.176086833333333e-05,9.379984797725253e-08
25,37,15335,15341,6,3.145127e-05,3.139013166666667e-05,1.2468721057331973e-07
25,38,15328,15335,7,0.0001373504,0.00015178800857142856,0.0001215398876874676
25,39,15322,15328,6,0.00052803365,0.0005128665333333334,4.6396373004279354e-05
25,40,15316,15322,6,0.0005684628,0.0005683193166666667,8.816119600229726e-07
25,41,15310,15316,6,0.0005576554499999999,0.00055833065,5.731532687030575e-06
25,42,15304,15310,6,0.0005683547,0.00056974245,1.2233314384329121e-05
25,43,15298,15304,6,0.00060748075,0.0006055874999999999,5.957709996858435e-06
25,44,15291,15298,7,0.0006113182,0.0006113495428571428,1.914818593208883e-07
25,45,15285,15291,6,0.0006113161,0.0006112738,1.844581705066674e-07
25,46,15279,15285,6,0.0006114096,0.0006113190166666667,2.0584395721569318e-07
25,47,15273,15279,6,0.00061133325,0.0006113243166666666,3.2218061920124165e-07
25,48,15267,15273,6,0.0006113469,0.0006112766666666666,2.4762820697347565e-07
25,49,15260,15267,7,0.0006113029,0.0006113068,3.0976114300260643e-07
26,0,15753,15760,7,3.265226e-05,3.2684544285714285e-05,5.99490040086792e-08
26,1,15760,15766,6,3.2639169999999995e-05,3.264943e-05,5.954131898662164e-08
26,2,15766,15772,6,3.265354e-05,3.2644535000000005e-05,6.724359715492161e-08
26,3,15772,15778,6,3.263996e-05,3.2644218333333334e-05,5.644690555931468e-08
26,4,15778,15784,6,3.2676705e-05,3.267817666666666e-05,5.5715747225438014e-08
26,5,15784,15791,7,3.268467e-05,3.267239428571429e-05,5.2266048214096394e-08
26,6,15791,15797,6,3.2740645e-05,3.272063666666667e-05,5.9263586815364e-08
26,7,15797,15803,6,3.2927245e-05,3.2884214999999994e-05,1.367580918690614e-07
26,8,15803,15809,6,3.8207715e-05,4.2679199999999996e-05,1.0553681797963524e-05
26,9,15809,15815,6,0.00057460925,0.00057458795,1.8610479798578742e-07
26,10,15815,15821,6,0.0005723779,0.0005722283499999999,1.2644327183233906e-06
26,11,15821,15828,7,0.0005684441,0.0005685360428571429,4.682355904491474e-07
26,12,15828,15834,6,0.00056677365,0.0005630007166666667,7.2155857113650606e-06
26,13,15834,15840,6,0.0004234991,0.0004002614833333333,0.00010709506730552405
26,14,15840,15846,6,3.1098799999999994e-05,6.567368500000001e-05,5.126279888527409e-05
26,15,15846,15852,6,3.1393855e-05,3.1429158333333335e-05,1.1292401374621569e-07
26,16,15852,15859,7,3.175687e-05,3.174318142857143e-05,1.1622199256208809e-07
26,17,15859,15865,6,3.199101e-05,3.199064333333333e-05,7.345806483218057e-08
26,18,15865,15871,6,3.215606e-05,3.21569e-05,8.353048445527754e-08
26,19,15871,15877,6,3.2301685e-05,3.229722833333334e-05,6.548299917196487e-08
26,20,15877,15883,6,3.251694e-05,3.252096333333333e-05,1.3737609637617218e-07
26,21,15883,15889,6,3.5062700000000006e-05,3.745168e-05,5.389303614778691e-06
26,22,15889,15896,7,0.0005710584,0.0004995086957142857,0.0001766778728921224
26,23,15896,15902,6,0.00057174925,0.0005717432666666666,7.324435511050366e-08
26,24,15902,15908,6,0.0005696063,0.0005695792833333333,1.7617728262715479e-06
26,25,15908,15914,6,0.000565368,0.0005653571666666666,4.0521988132644816e-07
26,26,15914,15920,6,0.00056120495,0.000560574,3.6217270249610637e-06
26,27,15920,15927,7,0.0005526288,0.0005527361,1.2519947695007219e-06
26,28,15927,15933,6,0.00055516615,0.0005551059666666667,3.152890772326547e-07
26,29,15933,15939,6,0.0005548201,0.0005548215166666666,6.811607211631937e-07
26,30,15939,15945,6,0.00056159,0.0005605263833333333,2.519479005281763e-06
26,31,15945,15951,6,0.0005430981499999999,0.0005325719833333334,2.8949372578774876e-05
26,32,15951,15957,6,0.00024158135,0.0002525546666666667,0.000114175162497595
26,33,15957,15964,7,3.132796e-05,3.140610571428571e-05,1.5331752633548661e-07
26,34,15964,15970,6,3.179453e-05,3.178555166666667e-05,1.1807461248671949e-07
26,35,15970,15976,6,3.206609e-05,3.2058321666666675e-05,8.475974485109289e-08
26,36,15976,15982,6,3.2250465e-05,3.2239625000000004e-05,9.05075246871783e-08
26,37,15982,15988,6,3.247107e-05,3.246723e-05,1.1150168593643171e-07
26,38,15988,15995,7,3.390009e-05,3.5902652857142854e-05,4.204179028204181e-06
26,39,15995,16001,6,0.0006113296500000001,0.00051919955,0.00020617594417185491
26,40,16001,16007,6,0.0006115251,0.00061155185,2.3357045154158314e-07
26,41,16007,16013,6,0.00061159215,0.0006116607,2.50859064018057e-07
26,42,16013,16019,6,0.00061138435,0.0006113451833333333,2.025415958650471e-07
26,43,16019,16025,6,0.00061142655,0.0006114307,1.4141097317157966e-07
26,44,16025,16032,7,0.000610979,0.0006110609000000001,1.740129387636015e-07
26,45,16032,16038,6,0.000611105,0.0006110341833333333,2.0819664916184274e-07
26,46,16038,16044,6,0.0006110038,0.0006110847666666666,2.7551190940180945e-07
26,47,16044,16050,6,0.0006112889500000001,0.0006112308166666667,1.990538404273819e-07
26,48,16050,16056,6,0.00061148915,0.0006114750000000001,1.6826128491129352e-07
26,49,16056,16062,6,0.00061136915,0.00061138445,1.6434539593999202e-07
27,0,16549,16555,6,3.2274035e-05,3.224595333333334e-05,6.960827337480977e-08
27,1,16543,16549,6,3.2205025e-05,3.219010166666667e-05,6.011748703349363e-08
27,2,16537,16543,6,3.2112345e-05,3.209894333333333e-05,7.585432742361422e-08
27,3,16531,16537,6,3.197456e-05,3.1974773333333333e-05,8.536956105987452e-08
27,4,16525,16531,6,3.181271e-05,3.1808564999999997e-05,8.577136716294165e-08
27,5,16518,16525,7,3.15986e-05,3.163258e-05,7.563271325481925e-08
27,6,16512,16518,6,3.1398065e-05,3.1341935e-05,9.930502869945801e-08
27,7,16506,16512,6,3.096597e-05,3.1032954999999996e-05,1.2668238627238803e-07
27,8,16500,16506,6,0.0001595957,0.0001651125283333333,0.00011487953985372946
27,9,16494,16500,6,0.0005267037499999999,0.0005122563333333334,4.969401864023028e-05
27,10,16488,16494,6,0.0005716624500000001,0.0005713961833333333,1.4569412930481574e-06
27,11,16481,16488,7,0.0005727806,0.0005727838571428571,2.4933514368725664e-07
27,12,16475,16481,6,0.00057446185,0.00057434255,4.2697374138620725e-07
27,13,16469,16475,6,0.0005715932999999999,0.000400048165,0.0002443274240026053
27,14,16463,16469,6,3.388023e-05,3.457816833333333e-05,1.932061431773643e-06
27,15,16457,16463,6,3.231614e-05,3.230997833333333e-05,8.414636066930394e-08
27,16,16450,16457,7,3.215009e-05,3.214258e-05,8.046944832845466e-08
27,17,16444,16450,6,3.2021675e-05,3.2015096666666666e-05,6.874554644161138e-08
27,18,16438,16444,6,3.1851975e-05,3.1837609999999996e-05,9.28237880789907e-08
27,19,16432,16438,6,3.1625305e-05,3.162083166666667e-05,9.208102110219185e-08
27,20,16426,16432,6,3.1306185e-05,3.128405333333333e-05,1.3462033274691012e-07
27,21,16420,16426,6,7.676148499999999e-05,0.00011075078333333333,8.903391018472507e-05
27,22,16413,16420,7,0.0005053499,0.00048256427142857135,7.880721320718073e-05
27,23,16407,16413,6,0.0005731572,0.0005724924833333334,1.2892992481921572e-06
27,24,16401,16407,6,0.00057339575,0.0005733679,1.6921745378852243e-07
27,25,16395,16401,6,0.00057409555,0.0005740735,1.5192635277219625e-07
27,26,16389,16395,6,0.0005725942499999999,0.0005723025999999999,1.2237505859719346e-06
27,27,16382,16389,7,0.0005704442,0.0005707792571428571,1.0566617378155104e-06
27,28,16376,16382,6,0.00057308285,0.0005729949333333333,3.222403640486781e-07
27,29,16370,16376,6,0.00057104485,0.0005712310333333333,6.153634282997925e-07
27,30,16364,16370,6,0.000569659,0.0005696218333333334,8.869009690426868e-07
27,31,16358,16364,6,0.0005646211,0.0005632479,4.0517822202087845e-06
27,32,16352,16358,6,4.7761385e-05,0.00013224142666666666,0.00018898176313383543
27,33,16345,16352,7,3.258708e-05,3.290497e-05,5.52455948056366e-07
27,34,16339,16345,6,3.225756e-05,3.223004666666667e-05,7.156225114464211e-08
27,35,16333,16339,6,3.2054605e-05,3.208642499999999e-05,7.535139608306384e-08
27,36,16327,16333,6,3.1862505e-05,3.184171666666667e-05,9.463296037263495e-08
27,37,16321,16327,6,3.155081e-05,3.156683666666666e-05,1.1383515459743598e-07
27,38,16314,16321,7,3.116707e-05,7.016256142857142e-05,6.396219352758101e-05
27,39,16308,16314,6,0.00046450245000000004,0.00044105824999999995,8.75743119838565e-05
27,40,16302,16308,6,0.0005631326,0.0005605246333333333,4.401309470928942e-06
27,41,16296,16302,6,0.00055631025,0.0005555747,5.655139675257048e-06
27,42,16290,16296,6,0.00056146305,0.0005636330166666667,1.4277563021213472e-05
27,43,16284,16290,6,0.0006057066999999999,0.0006041449166666667,6.529769190003746e-06
27,44,16277,16284,7,0.0006111297,0.0006111973,2.0462849962101727e-07
27,45,16271,16277,6,0.00061121045,0.0006112308166666666,1.43605633787649e-07
27,46,16265,16271,6,0.0006112035,0.0006111974166666666,2.0261561651452344e-07
27,47,16259,16265,6,0.0006113396,0.000611265,2.1949744113923753e-07
27,48,16253,16259,6,0.00061122015,0.0006111875000000001,1.0335280999242979e-07
27,49,16246,16253,7,0.0006112608,0.0006112332142857143,2.475182384539379e-07
28,0,16739,16746,7,3.264789e-05,3.260800142857143e-05,6.378477234946755e-08
28,1,16746,16752,6,3.2538275000000005e-05,3.2552198333333334e-05,5.120252676599258e-08
28,2,16752,16758,6,3.2603100000000006e-05,3.2578923333333333e-05,5.802516685791596e-08
28,3,16758,16764,6,3.2530869999999995e-05,3.255206166666667e-05,5.539615281968671e-08
28,4,16764,16770,6,3.259452e-05,3.259758166666667e-05,5.0420949156961206e-08
28,5,16770,16776,6,3.260263e-05,3.258509333333334e-05,6.772085465759881e-08
28,6,16776,16783,7,3.262447e-05,3.261015857142857e-05,6.079718236623686e-08
28,7,16783,16789,6,3.282408e-05,3.288386666666667e-05,1.8908486478004753e-07
28,8,16789,16795,6,4.1638739999999994e-05,0.00012938497666666667,0.00019569582115212488
28,9,16795,16801,6,0.00056786075,0.0005677762,2.020982257055546e-06
28,10,16801,16807,6,0.00057156595,0.0005717066166666666,1.756941704986866e-06
28,11,16807,16813,6,0.00057482285,0.0005747492999999999,2.183079934404728e-07
28,12,16813,16820,7,0.0005719849,0.0005679081571428572,8.52093664735065e-06
28,13,16820,16826,6,0.0004071901,0.0003886629166666667,0.00011165178982163574
28,14,16826,16832,6,3.100039e-05,6.239418833333333e-05,4.614084101307627e-05
28,15,16832,16838,6,3.130048e-05,3.135521833333333e-05,1.1262120528814894e-07
28,16,16838,16844,6,3.167107e-05,3.1623744999999997e-05,9.312580858709323e-08
28,17,16844,16850,6,3.1856004999999995e-05,3.188879e-05,8.051413292087273e-08
28,18,16850,16857,7,3.203166e-05,3.2048721428571425e-05,9.095611240413435e-08
28,19,16857,16863,6,3.221406e-05,3.2205715000000003e-05,6.578843863729607e-08
28,20,16863,16869,6,3.2439615e-05,3.2431796666666665e-05,1.267668123848768e-07
28,21,16869,16875,6,3.537668e-05,3.822555166666667e-05,6.481399382979e-06
28,22,16875,16881,6,0.0005712472000000001,0.0004880117816666667,0.0001867747196452052
28,23,16881,16887,6,0.0005728085999999999,0.0005726417666666666,7.194827926287729e-07
28,24,16887,16893,6,0.00057279345,0.0005727405,5.266575579380886e-07
28,25,16893,16900,7,0.000570749,0.0005708368571428571,2.7588748667912804e-07
28,26,16900,16906,6,0.0005680972,0.0005682181,1.2554170767783324e-06
28,27,16906,16912,6,0.0005619796,0.0005621894499999999,3.0394394591492063e-06
28,28,16912,16918,6,0.00056208955,0.0005617122333333334,1.0319712571363599e-06
28,29,16918,16924,6,0.0005544715499999999,0.0005548736166666667,1.3029485605306513e-06
28,30,16924,16930,6,0.0005524632000000001,0.0005526965833333333,1.297710710464991e-06
28,31,16930,16937,7,0.0005392883,0.0005222787999999999,3.641046265233584e-05
28,32,16937,16943,6,0.00018707835,0.00019994875333333333,0.00011656664878938668
28,33,16943,16949,6,3.1227995e-05,3.129348666666667e-05,1.310230021366038e-07
28,34,16949,16955,6,3.1683645e-05,3.1628076666666664e-05,1.0036129959080618e-07
28,35,16955,16961,6,3.188844e-05,3.1927908333333335e-05,8.041909690628426e-08
28,36,16961,16967,6,3.2106409999999995e-05,3.208487833333333e-05,7.795602316192396e-08
28,37,16967,16974,7,3.229753e-05,3.2328995714285715e-05,1.0098479501632825e-07
28,38,16974,16980,6,3.306909e-05,3.3462124999999994e-05,1.0961675530646158e-06
28,39,16980,16986,6,0.00033809861500000004,0.00033104923666666666,0.00028078660916341583
28,40,16986,16992,6,0.00061165165,0.0006115924166666667,3.979785229409158e-07
28,41,16992,16998,6,0.00061133615,0.0006114092999999999,1.517563397907085e-07
28,42,16998,17004,6,0.0006114488,0.0006113743166666668,1.837021630853148e-07
28,43,17004,17011,7,0.0006113867,0.0006113202285714285,3.9170857868095094e-07
28,44,17011,17017,6,0.0006109831,0.00061099535,2.2090931585910728e-07
28,45,17017,17023,6,0.00061099615,0.0006109401666666666,2.0102591596331953e-07
28,46,17023,17029,6,0.00061107795,0.0006111591166666667,2.7000168157912476e-07
28,47,17029,17035,6,0.0006112099,0.0006111475000000001,1.95748844185619e-07
28,48,17035,17041,6,0.00061097005,0.0006109414166666666,1.6294372665297303e-07
28,49,17041,17047,6,0.0006109323999999999,0.00061074555,3.1227457335918866e-07
29,0,17535,17541,6,3.2235445e-05,3.2221796666666666e-05,5.738894454122398e-08
29,1,17529,17535,6,3.2111635e-05,3.2115945e-05,5.898009968059903e-08
29,2,17523,17529,6,3.2059680000000006e-05,3.2059305e-05,5.979592927895058e-08
29,3,17517,17523,6,3.1923244999999996e-05,3.190228e-05,7.696867609618933e-08
29,4,17511,17517,6,3.1766615e-05,3.175348833333334e-05,6.339641982968998e-08
29,5,17504,17511,7,3.154027e-05,3.154993857142857e-05,7.8541629258188e-08
29,6,17498,17504,6,3.129227e-05,3.133066833333333e-05,9.256405879473661e-08
29,7,17492,17498,6,3.1009665e-05,3.0943793333333324e-05,1.274174324371998e-07
29,8,17486,17492,6,0.0001628795,0.00016702234500000002,0.00011610291696998944
29,9,17480,17486,6,0.0005254147,0.0005121306833333333,5.040405639266271e-05
29,10,17474,17480,6,0.0005740820000000001,0.0005736666999999999,1.1695868700813412e-06
29,11,17467,17474,7,0.0005742803,0.0005742342571428572,5.431488926545e-07
29,12,17461,17467,6,0.0005672772,0.000567417,2.5809476928704724e-06
29,13,17455,17461,6,0.00057018565,0.00048559260833333333,0.00018931172907571083
29,14,17449,17455,6,3.4854315000000004e-05,3.641847833333333e-05,3.940578231408078e-06
29,15,17443,17449,6,3.2248005e-05,3.231568666666666e-05,1.7666808489996853e-07
29,16,17436,17443,7,3.207898e-05,3.205880285714286e-05,7.58769094773675e-08
29,17,17430,17436,6,3.1947095e-05,3.1934673333333334e-05,7.301170492157765e-08
29,18,17424,17430,6,3.17505e-05,3.176147833333334e-05,7.648495416674376e-08
29,19,17418,17424,6,3.1546414999999994e-05,3.155298666666667e-05,9.054886299059177e-08
29,20,17412,17418,6,3.1257705e-05,3.121777166666667e-05,1.1437830409313703e-07
29,21,17406,17412,6,3.0986815e-05,7.752708333333332e-05,6.853300325891427e-05
29,22,17399,17406,7,0.0004747643,0.00045001730000000003,9.874893212720256e-05
29,23,17393,17399,6,0.0005738935,0.0005724852333333334,2.705935836678727e-06
29,24,17387,17393,6,0.00057336975,0.00057331555,6.699572218930411e-07
29,25,17381,17387,6,0.0005710328,0.00057104325,6.688430626836213e-07
29,26,17375,17381,6,0.00057107805,0.0005711294833333333,7.258119991124242e-07
29,27,17368,17375,7,0.0005721439,0.0005721436,2.0967891099078098e-07
29,28,17362,17368,6,0.0005666550499999999,0.0005669074166666666,2.6239335258454134e-06
29,29,17356,17362,6,0.0005673631,0.0005671928166666667,1.2240355120347522e-06
29,30,17350,17356,6,0.0005703085,0.0005701951,2.826559510547626e-07
29,31,17344,17350,6,0.00057094755,0.0005709981166666667,7.551989636660109e-07
29,32,17338,17344,6,5.3757199999999994e-05,0.00022108250166666667,0.00024827541361262506
29,33,17331,17338,7,3.25937e-05,3.288614142857143e-05,7.293240053330905e-07
29,34,17325,17331,6,3.2087514999999995e-05,3.2072431666666666e-05,8.138133803615926e-08
29,35,17319,17325,6,3.192471e-05,3.1927974999999995e-05,7.075844254692567e-08
29,36,17313,17319,6,3.1761484999999996e-05,3.175516666666667e-05,8.245402631500566e-08
29,37,17307,17313,6,3.1503899999999995e-05,3.1480468333333333e-05,1.0175086869680899e-07
29,38,17300,17307,7,3.107936e-05,3.107506e-05,1.836666490450245e-07
29,39,17294,17300,6,0.0003513895,0.0003390016,0.00012048269899173631
29,40,17288,17294,6,0.0005589707,0.0005519512499999999,1.5659315756204034e-05
29,41,17282,17288,6,0.00055932095,0.0005581003333333333,5.51582592536138e-06
29,42,17276,17282,6,0.00055731355,0.0005608538,1.276249141142381e-05
29,43,17270,17276,6,0.0006034407,0.00060212015,7.3744793338806845e-06
29,44,17263,17270,7,0.0006107957,0.0006107478857142857,1.0580208516135008e-07
29,45,17257,17263,6,0.0006110134,0.0006111135333333333,2.2118921512788487e-07
29,46,17251,17257,6,0.0006109906,0.0006110003,2.3026688863143408e-07
29,47,17245,17251,6,0.00061098355,0.0006109396,2.8522849904361804e-07
29,48,17239,17245,6,0.0006109688,0.0006109935166666668,2.4383208988062033e-07
29,49,17232,17239,7,0.000611276,0.0006112567571428571,1.2329100137645362e-07
30,0,17725,17732,7,3.260336e-05,3.262870857142857e-05,5.911067402486097e-08
30,1,17732,17738,6,3.2600375e-05,3.2606325e-05,5.4891913414758816e-08
30,2,17738,17744,6,3.259477e-05,3.260272833333333e-05,6.690366044212948e-08
30,3,17744,17750,6,3.2605395e-05,3.2611866666666665e-05,5.576936604345559e-08
30,4,17750,17756,6,3.262323e-05,3.2625635e-05,6.552863566157031e-08
30,5,17756,17763,7,3.262573e-05,3.263135571428571e-05,6.151865822825007e-08
30,6,17763,17769,6,3.2707175e-05,3.2684701666666665e-05,5.936018458435729e-08
30,7,17769,17775,6,3.2877335e-05,3.2849098333333335e-05,1.3005198107124652e-07
30,8,17775,17781,6,3.77286e-05,4.2149175000000005e-05,1.0043678790238746e-05
30,9,17781,17787,6,0.000572606,0.0005722903333333333,9.682156141870194e-07
30,10,17787,17793,6,0.0005734621000000001,0.0005732246333333334,9.448678314393495e-07
30,11,17793,17800,7,0.0005738818,0.0005738898857142857,8.241364769581908e-07
30,12,17800,17806,6,0.00057087365,0.0005699795166666666,3.4039570592751016e-06
30,13,17806,17812,6,0.00049335175,0.0004693271666666667,7.815324908986331e-05
30,14,17812,17818,6,7.891387999999999e-05,0.00010731411499999998,8.400408816629973e-05
30,15,17818,17824,6,3.124574e-05,3.125991666666667e-05,1.3268411530984258e-07
30,16,17824,17831,7,3.166146e-05,3.160227e-05,9.312275109460948e-08
30,17,17831,17837,6,3.186692e-05,3.189310333333334e-05,7.659906563108692e-08
30,18,17837,17843,6,3.204159e-05,3.203306333333333e-05,7.163253582617959e-08
30,19,17843,17849,6,3.2207850000000004e-05,3.221063e-05,6.668890662371724e-08
30,20,17849,17855,6,3.240268e-05,3.235379666666667e-05,9.130727328945675e-08
30,21,17855,17861,6,3.3370735000000005e-05,3.428459833333333e-05,1.955711228678854e-06
30,22,17861,17868,7,0.0005746706,0.00042557698,0.00023600713216827577
30,23,17868,17874,6,0.00057277555,0.0005725271166666666,1.6591561313076148e-06
30,24,17874,17880,6,0.00056754965,0.0005674008833333333,1.292903075017159e-06
30,25,17880,17886,6,0.0005714499,0.0005713266333333333,6.93208003095435e-07
30,26,17886,17892,6,0.0005713345999999999,0.0005712746666666667,1.2729887727531485e-06
30,27,17892,17899,7,0.0005693205,0.0005697270142857143,8.075551381945848e-07
30,28,17899,17905,6,0.00057189025,0.00057207925,8.316989734874179e-07
30,29,17905,17911,6,0.00057259665,0.0005726183666666668,2.1384759110689015e-07
30,30,17911,17917,6,0.00057073465,0.0005709511833333333,5.69689557029867e-07
30,31,17917,17923,6,0.00055432585,0.0005458384,2.2859061138273676e-05
30,32,17923,17929,6,0.00026393305,0.00027499716666666666,0.0001230171125886241
30,33,17929,17936,7,3.131554e-05,3.124872571428571e-05,1.695229348880595e-07
30,34,17936,17942,6,3.1650545e-05,3.167698666666667e-05,1.0294815599233609e-07
30,35,17942,17948,6,3.1927769999999994e-05,3.191702333333333e-05,9.032770923451734e-08
30,36,17948,17954,6,3.21303e-05,3.214932833333333e-05,6.828168407820307e-08
30,37,17954,17960,6,3.228423e-05,3.227160166666667e-05,6.723020611220021e-08
30,38,17960,17967,7,3.260972e-05,3.289171142857143e-05,4.836706092086267e-07
30,39,17967,17973,6,5.4163590000000004e-05,0.0002342393766666667,0.0002669154633208968
30,40,17973,17979,6,0.0006114479,0.0006114856666666666,2.8409945246140996e-07
30,41,17979,17985,6,0.00061133445,0.0006113964166666666,2.0693889127521546e-07
30,42,17985,17991,6,0.0006113433,0.0006113585666666666,1.8394893917122265e-07
30,43,17991,17997,6,0.00061140635,0.0006113808,1.9346737881790694e-07
30,44,17997,18004,7,0.0006112725,0.0006112929,2.499452225702896e-07
30,45,18004,18010,6,0.0006113681,0.0006112865166666665,2.3316696032862753e-07
30,46,18010,18016,6,0.0006114336,0.0006114163333333333,1.953758486154951e-07
30,47,18016,18022,6,0.00061167315,0.0006115806166666666,2.542590635334024e-07
30,48,18022,18028,6,0.0006117185,0.0006117184333333333,9.053878849543189e-08
30,49,18028,18034,6,0.00061167285,0.0006116691833333333,1.403026658889852e-07
31,0,18521,18527,6,3.2220355000000004e-05,3.2227969999999995e-05,6.577727697819968e-08
31,1,18515,18521,6,3.2145915e-05,3.2150698333333335e-05,6.072328532412834e-08
31,2,18509,18515,6,3.2072935e-05,3.208078833333333e-05,5.800454390725743e-08
31,3,18503,18509,6,3.1932895e-05,3.192817333333333e-05,7.09330131571726e-08
31,4,18497,18503,6,3.1789585e-05,3.180571833333333e-05,6.771197614815932e-08
31,5,18490,18497,7,3.159948e-05,3.158656857142857e-05,7.461244006360341e-08
31,6,18484,18490,6,3.1322775e-05,3.1313496666666666e-05,1.1361050826789189e-07
31,7,18478,18484,6,3.0951245000000006e-05,3.0966240000000005e-05,1.359370527119075e-07
31,8,18472,18478,6,0.00021373945,0.00021878655833333332,0.00012546641757594745
31,9,18466,18472,6,0.0005440587500000001,0.0005329446666666667,3.525490113807661e-05
31,10,18460,18466,6,0.0005727987,0.0005729061666666667,3.9467867380385045e-07
31,11,18453,18460,7,0.000573393,0.0005734491714285713,2.5637229466029884e-07
31,12,18447,18453,6,0.00057433735,0.0005741777333333333,6.522045810599388e-07
31,13,18441,18447,6,0.0005731316,0.00040434028,0.00023945979536327486
31,14,18435,18441,6,3.461023e-05,3.595610833333334e-05,3.445951981138723e-06
31,15,18429,18435,6,3.2330464999999996e-05,3.229284499999999e-05,1.1867630130597422e-07
31,16,18422,18429,7,3.213668e-05,3.2115874285714294e-05,8.302351144742808e-08
31,17,18416,18422,6,3.1972075e-05,3.196882e-05,7.012364151981939e-08
31,18,18410,18416,6,3.1801630000000006e-05,3.181062166666667e-05,7.703704009904607e-08
31,19,18404,18410,6,3.1570475e-05,3.158068333333334e-05,8.750952437052545e-08
31,20,18398,18404,6,3.12686e-05,3.127863166666667e-05,1.2079767497992525e-07
31,21,18392,18398,6,3.0972355e-05,7.549258166666666e-05,6.460458249944283e-05
31,22,18385,18392,7,0.0004909645,0.00045874995714285715,8.962275699096994e-05
31,23,18379,18385,6,0.0005731454000000001,0.0005715876333333334,3.0716059793245556e-06
31,24,18373,18379,6,0.0005736227,0.00057362745,2.516590931531416e-07
31,25,18367,18373,6,0.00057397885,0.0005738555499999999,4.2463251072741565e-07
31,26,18361,18367,6,0.0005737455,0.0005737746666666666,5.952010239313204e-07
31,27,18354,18361,7,0.0005747561,0.0005748088428571428,3.5185367436373194e-07
31,28,18348,18354,6,0.00057178145,0.0005724593666666665,1.3953476802893496e-06
31,29,18342,18348,6,0.0005729717500000001,0.0005728550833333333,4.87684253784049e-07
31,30,18336,18342,6,0.0005731293,0.0005732924,3.67179629064569e-07
31,31,18330,18336,6,0.00057234075,0.0005723815166666667,7.674475914065506e-08
31,32,18324,18330,6,4.3792259999999995e-05,0.00013241812,0.0001966195383575807
31,33,18317,18324,7,3.254147e-05,3.2753528571428566e-05,5.167912762540081e-07
31,34,18311,18317,6,3.2220675e-05,3.221825833333333e-05,6.943479373164103e-08
31,35,18305,18311,6,3.205987e-05,3.20419e-05,8.436476357658504e-08
31,36,18299,18305,6,3.1858595e-05,3.186587833333334e-05,8.03462874928827e-08
31,37,18293,18299,6,3.1599615e-05,3.1571324999999995e-05,1.0957736912793733e-07
31,38,18286,18293,7,3.10986e-05,3.116898714285714e-05,1.671439343555027e-07
31,39,18280,18286,6,0.00034683654999999997,0.0003317906333333333,0.00011902129067688782
31,40,18274,18280,6,0.0005568365,0.00054983705,1.7796927640817663e-05
31,41,18268,18274,6,0.00055689065,0.00055729615,4.791127265320762e-06
31,42,18262,18268,6,0.0005705051500000001,0.0005711485666666667,1.3881726472797071e-05
31,43,18256,18262,6,0.00060731895,0.0006057405333333333,5.218190240133308e-06
31,44,18249,18256,7,0.0006111835,0.0006112157571428571,3.040603880676306e-07
31,45,18243,18249,6,0.0006112027,0.00061123705,2.5820875759741114e-07
31,46,18237,18243,6,0.0006114046000000001,0.0006112702166666667,2.6223474481632556e-07
31,47,18231,18237,6,0.0006114118999999999,0.0006114300666666666,1.1173851419967117e-07
31,48,18225,18231,6,0.0006112380500000001,0.0006112875333333334,2.801826646235453e-07
31,49,18218,18225,7,0.0006113469,0.0006114144142857144,2.3481999445516285e-07
32,0,18711,18718,7,3.270946e-05,3.2670414285714286e-05,5.672298799734454e-08
32,1,18718,18724,6,3.265087e-05,3.263477666666666e-05,6.071872052523911e-08
32,2,18724,18730,6,3.2670425e-05,3.265897666666667e-05,5.313946608271245e-08
32,3,18730,18736,6,3.2614175e-05,3.2633125e-05,6.388331961474894e-08
32,4,18736,18742,6,3.2701395000000005e-05,3.268691666666667e-05,5.40903332912226e-08
32,5,18742,18749,7,3.268689e-05,3.267175142857143e-05,5.7851274693591375e-08
32,6,18749,18755,6,3.2736805e-05,3.2717175000000004e-05,5.8498229246704774e-08
32,7,18755,18761,6,3.286522e-05,3.285298666666667e-05,1.1954975960754664e-07
32,8,18761,18767,6,3.639644e-05,4.051208666666667e-05,8.819353368595429e-06
32,9,18767,18773,6,0.0005393249,0.0005392528,6.592228985707352e-07
32,10,18773,18779,6,0.0005421296999999999,0.0005419420666666667,1.29259287050831e-06
32,11,18779,18786,7,0.0005436867,0.0005436344428571429,9.370736361630566e-07
32,12,18786,18792,6,0.00054343375,0.0005430572833333334,1.5922778248122665e-06
32,13,18792,18798,6,0.00050258385,0.00048298276666666664,5.345880971407385e-05
32,14,18798,18804,6,0.00014025405,0.00014539607333333333,9.988895301852398e-05
32,15,18804,18810,6,3.1289415e-05,3.134173500000001e-05,1.2093762149003434e-07
32,16,18810,18817,7,3.171114e-05,3.169111e-05,1.2667427994664097e-07
32,17,18817,18823,6,3.193262e-05,3.1937695000000004e-05,7.617299581654095e-08
32,18,18823,18829,6,3.214317e-05,3.214038333333334e-05,7.065692668726139e-08
32,19,18829,18835,6,3.225369e-05,3.225321166666667e-05,6.599828265863199e-08
32,20,18835,18841,6,3.2405415e-05,3.2433305e-05,8.806031280699847e-08
32,21,18841,18847,6,3.2901564999999994e-05,3.316593e-05,6.590168573969375e-07
32,22,18847,18854,7,7.484976e-05,0.00026584341714285713,0.0002483043840829376
32,23,18854,18860,6,0.00055253895,0.00055257965,3.8456255126225875e-07
32,24,18860,18866,6,0.0005517386,0.0005517161833333333,7.975385349450068e-07
32,25,18866,18872,6,0.00054808445,0.0005480964999999999,1.2110901838151388e-06
32,26,18872,18878,6,0.00054566345,0.0005456663,1.0770841409410173e-06
32,27,18878,18885,7,0.0005460006,0.0005455919857142858,1.181898849223548e-06
32,28,18885,18891,6,0.0005396515999999999,0.0005398674666666667,1.3516511380119014e-06
32,29,18891,18897,6,0.00053295255,0.0005328208666666666,3.8012854789165832e-06
32,30,18897,18903,6,0.00052754685,0.0005270492833333333,1.3739085782499769e-06
32,31,18903,18909,6,0.0005025214500000001,0.0004958759166666667,2.271898020997837e-05
32,32,18909,18915,6,0.00025826305,0.00026286165000000003,0.00010720505080843515
32,33,18915,18922,7,3.130676e-05,3.1371547142857146e-05,1.6113785985159156e-07
32,34,18922,18928,6,3.1760205e-05,3.175165166666667e-05,1.1644330157014404e-07
32,35,18928,18934,6,3.2031775e-05,3.202261666666667e-05,8.106107690432571e-08
32,36,18934,18940,6,3.221697e-05,3.220179333333333e-05,8.91986664075699e-08
32,37,18940,18946,6,3.2365970000000006e-05,3.236208833333333e-05,6.896258971758085e-08
32,38,18946,18953,7,3.261314e-05,3.266888285714286e-05,2.150281614589329e-07
32,39,18953,18959,6,3.886453e-05,4.5434041666666664e-05,1.4377167551186172e-05
32,40,18959,18965,6,0.00061170125,0.0006117398999999999,1.8901014082142145e-07
32,41,18965,18971,6,0.0006115577,0.0006115669666666667,1.6820784431437991e-07
32,42,18971,18977,6,0.0006117029,0.0006116784000000001,1.2167441527836417e-07
32,43,18977,18983,6,0.00061170705,0.0006116571833333333,1.7020411683885453e-07
32,44,18983,18990,7,0.0006117909,0.0006118879142857143,1.8832895558094802e-07
32,45,18990,18996,6,0.0006113372000000001,0.0006113078166666666,1.6584132392807993e-07
32,46,18996,19002,6,0.0006111822999999999,0.0006111330666666667,2.725998940246162e-07
32,47,19002,19008,6,0.00061110795,0.0006109649833333334,4.3539283953943146e-07
32,48,19008,19014,6,0.00061189085,0.0006119243833333333,1.227412375238331e-07
32,49,19014,19020,6,0.000611731,0.00061164555,1.8038915109654162e-07
33,0,19552,19558,6,3.259046e-05,3.2575656666666666e-05,6.787453834506577e-08
33,1,19545,19552,7,3.26098e-05,3.2582668571428573e-05,5.5690156203400637e-08
33,2,19538,19545,7,3.253707e-05,3.255376428571429e-05,6.087670228940421e-08
33,3,19531,19538,7,3.251318e-05,3.2535225714285715e-05,6.119641092584001e-08
33,4,19524,19531,7,3.254259e-05,3.253924571428571e-05,5.793465157452063e-08
33,5,19517,19524,7,3.251439e-05,3.250865571428571e-05,5.9556699241056466e-08
33,6,19510,19517,7,3.24703e-05,3.2478417142857145e-05,6.521515220829361e-08
33,7,19504,19510,6,3.2498899999999995e-05,3.2484373333333326e-05,5.6670866314966556e-08
33,8,19497,19504,7,3.241543e-05,3.241931999999999e-05,4.991836850585024e-08
33,9,19490,19497,7,3.239292e-05,3.238591571428572e-05,7.015745044584567e-08
33,10,19483,19490,7,3.231537e-05,3.232607571428572e-05,5.252240307230634e-08
33,11,19476,19483,7,3.223965e-05,3.224204142857143e-05,5.5634935691413596e-08
33,12,19469,19476,7,3.210966e-05,3.212622142857143e-05,5.630822153331608e-08
33,13,19462,19469,7,3.195709e-05,3.196710142857143e-05,9.614103649305617e-08
33,14,19456,19462,6,3.1726285e-05,3.174771833333333e-05,9.609032719558924e-08
33,15,19449,19456,7,3.142313e-05,3.1410267142857144e-05,8.61469378801292e-08
33,16,19442,19449,7,0.0001069388,0.0001081826857142857,3.233921483907985e-06
33,17,19435,19442,7,0.0001111144,0.0001115738,5.039812347980544e-06
33,18,19428,19435,7,8.962398e-05,8.451644857142857e-05,2.5981955643796018e-05
33,19,19421,19428,7,3.336552e-05,3.467479714285715e-05,2.4672372325261436e-06
33,20,19414,19421,7,3.248731e-05,3.248375714285714e-05,5.7391360154715256e-08
33,21,19408,19414,6,3.2436085e-05,3.2414605e-05,6.838347503844329e-08
33,22,19401,19408,7,3.239459e-05,3.2377065714285716e-05,5.990330371455587e-08
33,23,19394,19401,7,3.22638e-05,3.226104571428572e-05,6.012592520396475e-08
33,24,19387,19394,7,3.212641e-05,3.213530285714285e-05,8.63435630348368e-08
33,25,19380,19387,7,3.194966e-05,3.1951554285714284e-05,9.949434037847009e-08
33,26,19373,19380,7,3.173049e-05,4.430257285714286e-05,3.098083266004999e-05
33,27,19366,19373,7,0.0001708287,0.00016545435714285714,1.6285360692953404e-05
33,28,19360,19366,6,0.00017681039999999998,0.0001779522333333333,5.9541987828385056e-06
33,29,19353,19360,7,0.0001727756,0.00017495567142857143,7.468597690083901e-06
33,30,19346,19353,7,0.0001786799,0.00017647327142857142,8.616245362223659e-06
33,31,19339,19346,7,0.0001572867,0.00015801525714285712,7.176765780500521e-06
33,32,19332,19339,7,0.0001536654,0.00015553258571428572,7.521902471625981e-06
33,33,19325,19332,7,0.0001366496,0.00014028544285714286,8.403319821842037e-06
33,34,19318,19325,7,8.307979e-05,8.443778428571429e-05,2.18314515801367e-05
33,35,19312,19318,6,3.7983885e-05,3.998858166666667e-05,6.086412260509517e-06
33,36,19305,19312,7,3.239069e-05,3.2483688571428575e-05,1.7329329650117566e-07
33,37,19298,19305,7,3.222916e-05,3.2227572857142854e-05,5.988323083045803e-08
33,38,19291,19298,7,3.210711e-05,3.2091524285714284e-05,9.31005954955863e-08
33,39,19284,19291,7,3.18913e-05,3.191763714285714e-05,7.986185656929002e-08
33,40,19277,19284,7,3.165407e-05,3.160561714285714e-05,9.618099808089244e-08
33,41,19270,19277,7,3.124106e-05,3.118028571428571e-05,1.7250846313459865e-07
33,42,19264,19270,6,0.00029294575,0.0002906934,0.00011734516047499928
33,43,19257,19264,7,0.0005591867,0.0005462294142857142,2.3181936941471653e-05
33,44,19250,19257,7,0.0005622851,0.0005658275285714286,6.545132930596895e-06
33,45,19243,19250,7,0.0006020049,0.0006006469714285716,8.666111734421008e-06
33,46,19236,19243,7,0.00061121,0.000611229342857143,1.9907840420400493e-07
33,47,19229,19236,7,0.0006111683,0.0006111934714285713,2.8204224969363423e-07
33,48,19222,19229,7,0.0006111454,0.0006112090428571429,2.446270038659123e-07
33,49,19215,19222,7,0.0006106535,0.0006105796714285715,1.981295370947601e-07
34,0,19763,19770,7,3.300375e-05,3.2986744285714283e-05,5.2855814616515313e-08
34,1,19770,19777,7,3.301161e-05,3.302481857142857e-05,6.044881623053847e-08
34,2,19777,19784,7,3.308626e-05,3.309133142857143e-05,5.5930795102665665e-08
34,3,19784,19791,7,3.308919e-05,3.310597428571429e-05,6.497088135841872e-08
34,4,19791,19798,7,3.31329e-05,3.314949428571429e-05,6.068574270244208e-08
34,5,19798,19805,7,3.324746e-05,3.324827857142857e-05,6.501020368890907e-08
34,6,19805,19812,7,3.326954e-05,3.325396142857143e-05,6.585082067577766e-08
34,7,19812,19819,7,3.324149e-05,3.325108714285714e-05,6.474313371520873e-08
34,8,19819,19825,6,3.294038e-05,3.2982539999999994e-05,1.361620800125104e-07
34,9,19825,19832,7,3.276547e-05,3.278338714285715e-05,6.26332451006391e-08
34,10,19832,19839,7,3.279551e-05,3.2791414285714294e-05,6.234844593254928e-08
34,11,19839,19846,7,3.282833e-05,3.2826609999999996e-05,5.2043553738328616e-08
34,12,19846,19853,7,3.283044e-05,3.2821230000000006e-05,6.571534241386293e-08
34,13,19853,19860,7,3.280017e-05,3.282886285714286e-05,6.068508682753376e-08
34,14,19860,19867,7,3.289924e-05,3.286962142857143e-05,5.993829503952392e-08
34,15,19867,19874,7,3.291888e-05,3.2873298571428576e-05,6.885686301069411e-08
34,16,19874,19880,6,3.2851155e-05,3.2863843333333336e-05,6.448714876280021e-08
34,17,19880,19887,7,3.294541e-05,3.2911839999999995e-05,5.519185033007246e-08
34,18,19887,19894,7,3.296974e-05,3.293342e-05,7.958139157940363e-08
34,19,19894,19901,7,3.345684e-05,3.342446428571429e-05,3.3322854468955553e-07
34,20,19901,19908,7,3.407663e-05,3.4077328571428575e-05,8.6940444546593e-08
34,21,19908,19915,7,3.407358e-05,3.403461999999999e-05,9.94144383017733e-08
34,22,19915,19922,7,3.396836e-05,3.400791571428571e-05,1.9526067520530835e-07
34,23,19922,19929,7,3.397685e-05,3.3951018571428575e-05,1.2223380587202215e-07
34,24,19929,19935,6,3.3884685e-05,3.3923016666666664e-05,1.070036740283043e-07
34,25,19935,19942,7,3.376532e-05,3.378054714285715e-05,1.0688588102862422e-07
34,26,19942,19949,7,3.350463e-05,3.352050857142857e-05,1.048302477380276e-07
34,27,19949,19956,7,3.349343e-05,3.3485845714285714e-05,8.282969927286056e-08
34,28,19956,19963,7,3.350051e-05,3.353021428571429e-05,7.513551582823873e-08
34,29,19963,19970,7,3.335131e-05,3.335231714285715e-05,6.329976071141541e-08
34,30,19970,19977,7,3.331855e-05,3.329731571428571e-05,7.148616906330182e-08
34,31,19977,19984,7,3.32682e-05,3.323052428571429e-05,5.99611307091387e-08
34,32,19984,19991,7,3.311144e-05,3.312592e-05,7.900720871269444e-08
34,33,19991,19997,6,3.3005255e-05,3.2995345e-05,6.10533787626298e-08
34,34,19997,20004,7,3.302413e-05,3.297702142857143e-05,6.97520564834724e-08
34,35,20004,20011,7,3.293882e-05,3.297837857142857e-05,6.566706141668e-08
34,36,20011,20018,7,3.295736e-05,3.2987665714285714e-05,5.2201940264199424e-08
34,37,20018,20025,7,3.302472e-05,3.301282714285714e-05,5.8224822078924766e-08
34,38,20025,20032,7,3.303679e-05,3.302850428571429e-05,5.1652938198032544e-08
34,39,20032,20039,7,3.298066e-05,3.302142571428572e-05,6.420265478648531e-08
34,40,20039,20046,7,3.301836e-05,3.3032001428571425e-05,5.748927413714948e-08
34,41,20046,20052,6,3.3139104999999996e-05,3.3188685e-05,1.031593613057e-07
34,42,20052,20059,7,3.606274e-05,4.081372428571429e-05,9.783905479684274e-06
34,43,20059,20066,7,0.0006121785,0.0006122307857142857,1.8027683020898197e-07
34,44,20066,20073,7,0.0006121148,0.0006120869714285714,2.079240226228569e-07
34,45,20073,20080,7,0.0006121011,0.0006120952571428572,2.2134571445168704e-07
34,46,20080,20087,7,0.000612312,0.0006122568285714285,2.0328065549372658e-07
34,47,20087,20094,7,0.0006122629,0.0006122602999999999,2.0133157441679493e-07
34,48,20094,20101,7,0.0006121522,0.0006122127428571429,2.6433794850608823e-07
34,49,20101,20107,6,0.0006120153499999999,0.0006120032,3.391818882743243e-07
35,0,20695,20702,7,3.264955e-05,3.262468142857143e-05,6.072929569081267e-08
35,1,20687,20695,8,3.26114e-05,3.26257675e-05,5.925321652661618e-08
35,2,20680,20687,7,3.259274e-05,3.2626602857142864e-05,5.646710033646338e-08
35,3,20672,20680,8,3.264098e-05,3.264333875e-05,5.658025327742351e-08
35,4,20665,20672,7,3.27068e-05,3.266274e-05,6.62443843442064e-08
35,5,20657,20665,8,3.26747e-05,3.2668586249999995e-05,5.876895714097185e-08
35,6,20649,20657,8,3.268459e-05,3.268139875e-05,5.681160872513321e-08
35,7,20642,20649,7,3.272723e-05,3.2697320000000004e-05,6.069273644467654e-08
35,8,20634,20642,8,3.2701595e-05,3.269336625e-05,5.9101895472459154e-08
35,9,20627,20634,7,3.267021e-05,3.2690415714285716e-05,5.57083953296454e-08
35,10,20619,20627,8,3.271457e-05,3.27038925e-05,6.342311285131046e-08
35,11,20612,20619,7,3.269509e-05,3.269863857142857e-05,6.344804746034814e-08
35,12,20604,20612,8,3.273551e-05,3.27171925e-05,6.309652065486729e-08
35,13,20596,20604,8,3.2740435e-05,3.27270475e-05,6.019825179147678e-08
35,14,20589,20596,7,3.273452e-05,3.272417571428571e-05,6.481123995488474e-08
35,15,20581,20589,8,3.2743455e-05,3.2730278750000004e-05,6.152153168556085e-08
35,16,20574,20581,7,3.275124e-05,3.2744327142857146e-05,5.1634508868802654e-08
35,17,20566,20574,8,3.2753825e-05,3.27341975e-05,6.243249349297151e-08
35,18,20558,20566,8,3.273085e-05,3.2734338750000004e-05,6.286087484228481e-08
35,19,20551,20558,7,3.269948e-05,3.273000285714286e-05,5.5753186126582486e-08
35,20,20543,20551,8,3.2758485e-05,3.27529775e-05,5.7605245366632435e-08
35,21,20536,20543,7,3.275177e-05,3.2757687142857146e-05,5.919401169382107e-08
35,22,20528,20536,8,3.2758270000000006e-05,3.276509875e-05,5.692220512188062e-08
35,23,20521,20528,7,3.278801e-05,3.277827428571429e-05,5.5320094736294664e-08
35,24,20513,20521,8,3.277564e-05,3.277763625e-05,5.980122969837201e-08
35,25,20505,20513,8,3.2770975e-05,3.277814e-05,5.995115887120092e-08
35,26,20498,20505,7,3.280089e-05,3.278474285714286e-05,5.3477573327325675e-08
35,27,20490,20498,8,3.2774515e-05,3.2768961249999996e-05,5.162427540351053e-08
35,28,20483,20490,7,3.275826e-05,3.2747708571428565e-05,5.8529716366639334e-08
35,29,20475,20483,8,3.2761605e-05,3.27472975e-05,6.33940864257074e-08
35,30,20468,20475,7,3.278669e-05,3.2738694285714285e-05,6.726428193692296e-08
35,31,20460,20468,8,3.2742195e-05,3.27212e-05,6.395004456605195e-08
35,32,20452,20460,8,3.2702935000000004e-05,3.269999375000001e-05,5.702626367243137e-08
35,33,20445,20452,7,3.268408e-05,3.267962e-05,5.763877018614789e-08
35,34,20437,20445,8,3.2653424999999996e-05,3.26398625e-05,5.7713045264913875e-08
35,35,20430,20437,7,3.259519e-05,3.2601157142857146e-05,6.655014816218132e-08
35,36,20422,20430,8,3.2560955e-05,3.256826375e-05,6.748747345572737e-08
35,37,20414,20422,8,3.2510975e-05,3.2510375000000005e-05,7.074220116026938e-08
35,38,20407,20414,7,3.247369e-05,3.244358714285714e-05,7.235034696615019e-08
35,39,20399,20407,8,3.236545e-05,3.234665875e-05,7.251029520652596e-08
35,40,20392,20399,7,3.224946e-05,3.224513428571429e-05,5.8962133818999414e-08
35,41,20384,20392,8,3.2065175000000004e-05,3.20683675e-05,5.90720487519261e-08
35,42,20377,20384,7,3.184955e-05,3.1824062857142857e-05,7.836534268854923e-08
35,43,20369,20377,8,3.151095e-05,3.148099125e-05,1.5468516165404257e-07
35,44,20361,20369,8,8.372594500000001e-05,0.00013727732375,0.00012127218605408857
35,45,20354,20361,7,0.0005214995,0.0005049029714285714,4.5562625835302284e-05
35,46,20346,20354,8,0.0005648408,0.000569036175,1.486135780958034e-05
35,47,20339,20346,7,0.0006111268,0.0006084321428571428,4.40298977574399e-06
35,48,20331,20339,8,0.00061152045,0.0006114968250000001,1.9503406593465326e-07
35,49,20323,20331,8,0.0006111395500000001,0.0006111715875,2.118150398195272e-07
36,0,20928,20936,8,3.2681355e-05,3.2663898749999996e-05,6.36998870559236e-08
36,1,20936,20944,8,3.2668245e-05,3.267572625e-05,5.843997517485361e-08
36,2,20944,20951,7,3.264846e-05,3.26821e-05,5.095166981702282e-08
36,3,20951,20959,8,3.270162e-05,3.269994875e-05,6.261936650060722e-08
36,4,20959,20966,7,3.275841e-05,3.271670142857143e-05,5.8102025641741024e-08
36,5,20966,20974,8,3.272394e-05,3.270398375e-05,6.403671406652147e-08
36,6,20974,20982,8,3.270011e-05,3.269368874999999e-05,5.828087152692106e-08
36,7,20982,20989,7,3.270794e-05,3.2684730000000004e-05,6.503552084383228e-08
36,8,20989,20997,8,3.268168e-05,3.26751875e-05,5.6622352421547594e-08
36,9,20997,21004,7,3.2606e-05,3.263198142857143e-05,6.394492773999716e-08
36,10,21004,21012,8,3.2603255e-05,3.26084675e-05,6.550706502927819e-08
36,11,21012,21019,7,3.256633e-05,3.2570179999999994e-05,5.4967387733870496e-08
36,12,21019,21027,8,3.2517270000000006e-05,3.25186275e-05,5.380036727337425e-08
36,13,21027,21035,8,3.2475164999999995e-05,3.247936625e-05,5.265771167110692e-08
36,14,21035,21042,7,3.245657e-05,3.2447207142857144e-05,6.236615032309121e-08
36,15,21042,21050,8,3.246813e-05,3.246384625e-05,5.996093768811108e-08
36,16,21050,21057,7,3.24854e-05,3.248146e-05,5.24362151298396e-08
36,17,21057,21065,8,3.25375e-05,3.25322275e-05,6.094945216119716e-08
36,18,21065,21073,8,3.2612419999999994e-05,3.258715125e-05,5.713810975117615e-08
36,19,21073,21080,7,3.264157e-05,3.2640091428571425e-05,5.3513321019448635e-08
36,20,21080,21088,8,3.2671005e-05,3.267787125e-05,6.542793352947625e-08
36,21,21088,21095,7,3.269854e-05,3.271430571428572e-05,6.849036821900877e-08
36,22,21095,21103,8,3.2773365e-05,3.277293375e-05,5.372397159032005e-08
36,23,21103,21110,7,3.28644e-05,3.284279428571428e-05,5.670407565526747e-08
36,24,21110,21118,8,3.2875495e-05,3.286143625e-05,6.530377036157629e-08
36,25,21118,21126,8,3.291531e-05,3.289448875e-05,6.406012204123236e-08
36,26,21126,21133,7,3.295126e-05,3.2916012857142855e-05,6.989563234142882e-08
36,27,21133,21141,8,3.292988e-05,3.292727625e-05,5.9219943418054225e-08
36,28,21141,21148,7,3.290102e-05,3.292031714285714e-05,5.9122071468223995e-08
36,29,21148,21156,8,3.2938155e-05,3.2940322500000005e-05,6.006604609719209e-08
36,30,21156,21163,7,3.296107e-05,3.294986857142857e-05,5.817151203333936e-08
36,31,21163,21171,8,3.294182e-05,3.2938368750000006e-05,5.844033804605735e-08
36,32,21171,21179,8,3.293986e-05,3.293893125e-05,5.5016957258080224e-08
36,33,21179,21186,7,3.295545e-05,3.293432857142857e-05,5.5765396446329656e-08
36,34,21186,21194,8,3.2908635e-05,3.291420375e-05,5.968525863592757e-08
36,35,21194,21201,7,3.286618e-05,3.290191142857143e-05,6.040240662863358e-08
36,36,21201,21209,8,3.2902465e-05,3.29029475e-05,5.6795871053712056e-08
36,37,21209,21217,8,3.2891799999999996e-05,3.2892615e-05,6.189344109031326e-08
36,38,21217,21224,7,3.290053e-05,3.288748571428572e-05,5.956279923795735e-08
36,39,21224,21232,8,3.290326e-05,3.2901004999999996e-05,5.533978541700348e-08
36,40,21232,21239,7,3.293264e-05,3.2909785714285714e-05,6.064092721142369e-08
36,41,21239,21247,8,3.289796e-05,3.291018875e-05,6.044689992826325e-08
36,42,21247,21254,7,3.290442e-05,3.292447285714286e-05,6.042876366061938e-08
36,43,21254,21262,8,3.2942569999999997e-05,3.2959102500000005e-05,6.641303030091399e-08
36,44,21262,21270,8,3.3329934999999997e-05,3.3507456249999996e-05,5.610760469387716e-07
36,45,21270,21277,7,6.119721e-05,0.00028869918571428576,0.0002805486611428597
36,46,21277,21285,8,0.00061246905,0.0006124818875,3.0794877998419915e-07
36,47,21285,21292,7,0.0006122779,0.0006123239285714285,1.9718237906122555e-07
36,48,21292,21300,8,0.0006121341999999999,0.00061210345,1.5930905498435493e-07
36,49,21300,21307,7,0.0006121739,0.0006121882857142857,1.5390660831047255e-07
37,0,21906,21913,7,3.259127e-05,3.26059e-05,6.79880107077713e-08
37,1,21898,21906,8,3.262362e-05,3.2618227500000004e-05,6.111371056276917e-08
37,2,21891,21898,7,3.266069e-05,3.2646497142857146e-05,4.80666821685661e-08
37,3,21883,21891,8,3.2650484999999994e-05,3.2636327499999996e-05,6.180042996411918e-08
37,4,21876,21883,7,3.262443e-05,3.263168e-05,6.303496240749581e-08
37,5,21868,21876,8,3.2661305e-05,3.2644955e-05,6.462608954594152e-08
37,6,21860,21868,8,3.2645915e-05,3.264542125e-05,6.09771810674908e-08
37,7,21853,21860,7,3.265536e-05,3.264153142857143e-05,6.397667664940095e-08
37,8,21845,21853,8,3.2671529999999996e-05,3.2661517500000004e-05,5.827810282387336e-08
37,9,21838,21845,7,3.266671e-05,3.266079428571429e-05,5.850604849247775e-08
37,10,21830,21838,8,3.2651245e-05,3.265260125e-05,5.8076845953768e-08
37,11,21823,21830,7,3.265205e-05,3.265516857142857e-05,6.369041695769356e-08
37,12,21815,21823,8,3.2677365000000004e-05,3.266821125e-05,6.129450942733274e-08
37,13,21807,21815,8,3.2687605e-05,3.267198e-05,6.25231237223476e-08
37,14,21800,21807,7,3.270627e-05,3.268631428571429e-05,5.56166994081931e-08
37,15,21792,21800,8,3.2676775000000004e-05,3.2674773750000004e-05,6.157470035199123e-08
37,16,21785,21792,7,3.267128e-05,3.266141857142857e-05,5.359549059617573e-08
37,17,21777,21785,8,3.269428e-05,3.26730525e-05,6.369509042108345e-08
37,18,21769,21777,8,3.2687209999999995e-05,3.26780675e-05,6.220749286661592e-08
37,19,21762,21769,7,3.273005e-05,3.269473142857143e-05,6.269911127840667e-08
37,20,21754,21762,8,3.2690845e-05,3.2698093749999996e-05,6.049286692195567e-08
37,21,21747,21754,7,3.274205e-05,3.271831e-05,5.9343761737380216e-08
37,22,21739,21747,8,3.2701195000000004e-05,3.2715925e-05,5.782137213003364e-08
37,23,21732,21739,7,3.27205e-05,3.271534428571429e-05,5.270992366776152e-08
37,24,21724,21732,8,3.274709e-05,3.2732215000000006e-05,6.312490871280517e-08
37,25,21716,21724,8,3.274884e-05,3.2737411250000005e-05,6.581758397979494e-08
37,26,21709,21716,7,3.277217e-05,3.2743202857142855e-05,6.125994909616985e-08
37,27,21701,21709,8,3.2735580000000004e-05,3.272905e-05,6.261216155827903e-08
37,28,21694,21701,7,3.276137e-05,3.273555142857143e-05,5.597464615560254e-08
37,29,21686,21694,8,3.2715125e-05,3.2714909999999995e-05,5.645248112350805e-08
37,30,21679,21686,7,3.27131e-05,3.2693651428571425e-05,5.959492797894945e-08
37,31,21671,21679,8,3.270895e-05,3.269005375e-05,6.388564782826742e-08
37,32,21663,21671,8,3.2688515e-05,3.267158125e-05,6.65072079622743e-08
37,33,21656,21663,7,3.269131e-05,3.265725428571429e-05,6.36975964689265e-08
37,34,21648,21656,8,3.2632555e-05,3.262490875e-05,6.206140999797892e-08
37,35,21641,21648,7,3.263281e-05,3.260272142857143e-05,5.598464239122624e-08
37,36,21633,21641,8,3.2563415e-05,3.2554523749999995e-05,5.796224330059661e-08
37,37,21625,21633,8,3.249953e-05,3.250225499999999e-05,5.648424891064678e-08
37,38,21618,21625,7,3.244676e-05,3.244411285714286e-05,5.6961706112662777e-08
37,39,21610,21618,8,3.2379595000000004e-05,3.23689025e-05,5.8690475323938646e-08
37,40,21603,21610,7,3.227308e-05,3.2264807142857144e-05,7.044949390759738e-08
37,41,21595,21603,8,3.212857e-05,3.21351725e-05,8.57570302876105e-08
37,42,21588,21595,7,3.196895e-05,3.195149857142857e-05,1.0098364626138558e-07
37,43,21580,21588,8,3.1681555e-05,3.1664321250000004e-05,1.3765564630968682e-07
37,44,21572,21580,8,3.1215649999999996e-05,3.1201155e-05,1.9588136422334832e-07
37,45,21565,21572,7,0.0003039019,0.00029576082857142854,9.944748844550668e-05
37,46,21557,21565,8,0.0005611869,0.0005510057875,3.827516824771765e-05
37,47,21550,21557,7,0.0006112328,0.0006085194,4.545910625417716e-06
37,48,21542,21550,8,0.00061198295,0.0006119865,2.2445337489108087e-07
37,49,21534,21542,8,0.00061162925,0.000611646375,2.4319390797261673e-07
38,0,22140,22148,8,3.2644845000000006e-05,3.2642958749999994e-05,6.068175558549254e-08
38,1,22148,22156,8,3.2670739999999995e-05,3.26636775e-05,5.7584337660078316e-08
38,2,22156,22163,7,3.267477e-05,3.266193142857143e-05,5.400301510856913e-08
38,3,22163,22171,8,3.26969e-05,3.268565875e-05,5.871303995653429e-08
38,4,22171,22178,7,3.270143e-05,3.2694965714285716e-05,5.96351540277927e-08
38,5,22178,22186,8,3.2709109999999996e-05,3.27019775e-05,5.534921628848851e-08
38,6,22186,22194,8,3.272417e-05,3.2715745e-05,6.181453287860495e-08
38,7,22194,22201,7,3.27602e-05,3.274019428571428e-05,5.379576161136603e-08
38,8,22201,22209,8,3.272735e-05,3.272927375e-05,5.928434846936903e-08
38,9,22209,22216,7,3.272632e-05,3.273198571428572e-05,6.319134657239662e-08
38,10,22216,22224,8,3.2763315e-05,3.274756125e-05,5.9323878294811223e-08
38,11,22224,22231,7,3.277662e-05,3.276045857142857e-05,6.03533707020748e-08
38,12,22231,22239,8,3.276382e-05,3.2770405e-05,5.4923779913622093e-08
38,13,22239,22247,8,3.278712e-05,3.2774114999999996e-05,6.296720118442575e-08
38,14,22247,22254,7,3.274301e-05,3.277757e-05,6.12567533303192e-08
38,15,22254,22262,8,3.2788465e-05,3.278610625e-05,6.125809047331977e-08
38,16,22262,22269,7,3.275993e-05,3.2790199999999997e-05,5.422314160683054e-08
38,17,22269,22277,8,3.2810805e-05,3.281173125e-05,5.351865012252742e-08
38,18,22277,22285,8,3.2814625e-05,3.28204475e-05,5.446660163577374e-08
38,19,22285,22292,7,3.286358e-05,3.283721857142857e-05,6.141307432427738e-08
38,20,22292,22300,8,3.285225e-05,3.28470575e-05,5.548593104337337e-08
38,21,22300,22307,7,3.288457e-05,3.286550999999999e-05,6.091099478513211e-08
38,22,22307,22315,8,3.286103e-05,3.2863689999999994e-05,6.253935520934011e-08
38,23,22315,22322,7,3.285886e-05,3.286577e-05,4.9940307224867955e-08
38,24,22322,22330,8,3.2875814999999996e-05,3.28813175e-05,6.052533307426004e-08
38,25,22330,22338,8,3.2909514999999995e-05,3.289176625e-05,6.550467997355172e-08
38,26,22338,22345,7,3.290161e-05,3.290559285714286e-05,5.4428623697012433e-08
38,27,22345,22353,8,3.290212e-05,3.290429375e-05,6.312876561788186e-08
38,28,22353,22360,7,3.289441e-05,3.2903850000000005e-05,6.422225359750998e-08
38,29,22360,22368,8,3.2931515e-05,3.2915851250000006e-05,6.255698311089999e-08
38,30,22368,22375,7,3.292767e-05,3.291933142857143e-05,6.174063617344817e-08
38,31,22375,22383,8,3.294747e-05,3.293954e-05,5.016923559314052e-08
38,32,22383,22391,8,3.294087e-05,3.292839125e-05,6.293777590555166e-08
38,33,22391,22398,7,3.298304e-05,3.293506428571429e-05,6.921810598332166e-08
38,34,22398,22406,8,3.294367e-05,3.292884625e-05,6.424714428235294e-08
38,35,22406,22413,7,3.291994e-05,3.2925475714285713e-05,6.524014602268551e-08
38,36,22413,22421,8,3.2947894999999996e-05,3.293557875e-05,6.423932857632929e-08
38,37,22421,22429,8,3.294583e-05,3.293670375e-05,6.394105213739718e-08
38,38,22429,22436,7,3.292535e-05,3.293554714285715e-05,6.313436322960903e-08
38,39,22436,22444,8,3.2984710000000004e-05,3.29642175e-05,6.123850540101295e-08
38,40,22444,22451,7,3.298982e-05,3.297313428571428e-05,6.134269099717943e-08
38,41,22451,22459,8,3.298464e-05,3.2976227499999996e-05,6.501138953098919e-08
38,42,22459,22466,7,3.29515e-05,3.297961428571428e-05,6.468628025370844e-08
38,43,22466,22474,8,3.3021865e-05,3.3002875e-05,6.08639028899724e-08
38,44,22474,22482,8,3.3137000000000005e-05,3.3149307499999995e-05,1.2354605009367902e-07
38,45,22482,22489,7,3.774229e-05,4.624626428571429e-05,1.6001438527460013e-05
38,46,22489,22497,8,0.0006128801,0.0006128580625,2.568512650226713e-07
38,47,22497,22504,7,0.0006122998,0.0006121363142857142,3.5231177113690565e-07
38,48,22504,22512,8,0.0006124573,0.0006123899,2.4388594157923177e-07
38,49,22512,22519,7,0.000612377,0.0006124136999999999,2.22649436173928e-07
39,0,23122,23129,7,3.26408e-05,3.2628567142857146e-05,5.561044139221252e-08
39,1,23114,23122,8,3.2599465e-05,3.26031175e-05,6.055867438897565e-08
39,2,23107,23114,7,3.266361e-05,3.263093e-05,6.030776566910862e-08
39,3,23099,23107,8,3.2653240000000004e-05,3.2653686249999996e-05,6.147462463031029e-08
39,4,23091,23099,8,3.2662475000000006e-05,3.2656705e-05,6.292853585616007e-08
39,5,23084,23091,7,3.260465e-05,3.264471571428572e-05,6.117374853811089e-08
39,6,23076,23084,8,3.265085e-05,3.2654485e-05,5.537240039044658e-08
39,7,23068,23076,8,3.266101e-05,3.2663779999999996e-05,5.7933330432489675e-08
39,8,23061,23068,7,3.270326e-05,3.267580571428572e-05,6.450006397718662e-08
39,9,23053,23061,8,3.2674365e-05,3.268049125e-05,5.3514428997584335e-08
39,10,23045,23053,8,3.2685525e-05,3.268529125e-05,5.382867043627826e-08
39,11,23038,23045,7,3.269506e-05,3.2690025714285716e-05,6.22434420773195e-08
39,12,23030,23038,8,3.270529e-05,3.2693006249999996e-05,6.25456225361738e-08
39,13,23023,23030,7,3.265978e-05,3.2693828571428564e-05,6.111813488846669e-08
39,14,23015,23023,8,3.2691990000000004e-05,3.270076125e-05,5.749020860927156e-08
39,15,23007,23015,8,3.272018e-05,3.2708207500000004e-05,5.790777058176171e-08
39,16,23000,23007,7,3.271412e-05,3.271851285714286e-05,5.376642014021134e-08
39,17,22992,23000,8,3.2697845e-05,3.270209e-05,6.377890717157066e-08
39,18,22984,22992,8,3.2705005e-05,3.270335e-05,5.7263621523615384e-08
39,19,22977,22984,7,3.272402e-05,3.2701901428571426e-05,5.573283628899856e-08
39,20,22969,22977,8,3.2720735e-05,3.27210375e-05,6.153281314672777e-08
39,21,22961,22969,8,3.275297e-05,3.273504875e-05,5.988609948007544e-08
39,22,22954,22961,7,3.277665e-05,3.274560428571429e-05,5.95564761638996e-08
39,23,22946,22954,8,3.2725890000000004e-05,3.273505875e-05,5.6890891502396746e-08
39,24,22938,22946,8,3.2753245e-05,3.2737576249999996e-05,6.170577180003131e-08
39,25,22931,22938,7,3.274225e-05,3.273197142857143e-05,5.500750739115329e-08
39,26,22923,22931,8,3.274208e-05,3.27384125e-05,6.049560908652856e-08
39,27,22916,22923,7,3.277873e-05,3.273368428571428e-05,6.814267780749012e-08
39,28,22908,22916,8,3.2733919999999996e-05,3.2728605e-05,6.139479008840997e-08
39,29,22900,22908,8,3.2712084999999994e-05,3.271971625e-05,5.7987976326455394e-08
39,30,22893,22900,7,3.273655e-05,3.271630571428572e-05,5.68176876024519e-08
39,31,22885,22893,8,3.269154e-05,3.26947525e-05,5.353704435948959e-08
39,32,22877,22885,8,3.268285e-05,3.267684875e-05,5.3292533819827096e-08
39,33,22870,22877,7,3.264016e-05,3.264695428571429e-05,6.411775391688982e-08
39,34,22862,22870,8,3.2620955e-05,3.26312625e-05,6.12213965354439e-08
39,35,22854,22862,8,3.2585005e-05,3.25997125e-05,6.177754158065758e-08
39,36,22847,22854,7,3.260691e-05,3.2566042857142856e-05,6.733012862313649e-08
39,37,22839,22847,8,3.25156e-05,3.252302e-05,5.3513401358913796e-08
39,38,22832,22839,7,3.247715e-05,3.247128285714286e-05,5.249358347572088e-08
39,39,22824,22832,8,3.239437e-05,3.239356e-05,5.2136693412605654e-08
39,40,22816,22824,8,3.2313455e-05,3.2304175e-05,6.551650211969564e-08
39,41,22809,22816,7,3.216587e-05,3.218702857142857e-05,7.979653204576375e-08
39,42,22801,22809,8,3.204642e-05,3.204090125e-05,9.274226941334438e-08
39,43,22793,22801,8,3.1809805e-05,3.1805132500000004e-05,1.154126767029942e-07
39,44,22786,22793,7,3.144714e-05,3.147441714285714e-05,1.3911564179428678e-07
39,45,22778,22786,8,3.1187880000000005e-05,9.237223625e-05,8.509807852427881e-05
39,46,22770,22778,8,0.00051211485,0.0004906135250000001,7.921206609377372e-05
39,47,22763,22770,7,0.0006052722,0.0006034323714285715,7.275989809683113e-06
39,48,22755,22763,8,0.0006116917,0.000611692975,2.4834392860507187e-07
39,49,22747,22755,8,0.00061161305,0.0006115527125,2.983289603671614e-07
40,0,23357,23365,8,5.0157975e-05,4.94304375e-05,2.3673104871919006e-06
40,1,23365,23373,8,4.4110579999999996e-05,4.3966575e-05,5.6278134006690375e-06
40,2,23373,23380,7,3.237854e-05,3.258988142857143e-05,4.697986825204583e-07
40,3,23380,23388,8,3.249325e-05,3.247220375e-05,1.1518665568735545e-07
40,4,23388,23396,8,3.2716975e-05,3.271781625e-05,8.138431973321173e-08
40,5,23396,23403,7,3.29053e-05,3.2909760000000005e-05,7.412490751620357e-08
40,6,23403,23411,8,3.3087125e-05,3.309621125e-05,6.07302129169459e-08
40,7,23411,23419,8,3.3244415e-05,3.325141125e-05,5.862346787710113e-08
40,8,23419,23426,7,3.3373e-05,3.3358847142857146e-05,7.1860826545739e-08
40,9,23426,23434,8,3.34137e-05,3.340590875e-05,7.745366460625115e-08
40,10,23434,23442,8,3.3471795e-05,3.3449598750000004e-05,7.537938054227745e-08
40,11,23442,23449,7,3.34103e-05,3.3413208571428575e-05,6.291225804439765e-08
40,12,23449,23457,8,3.3374765e-05,3.335216375e-05,1.0059333538280471e-07
40,13,23457,23465,8,3.3244854999999994e-05,3.321558375e-05,8.077588500559684e-08
40,14,23465,23472,7,3.319482e-05,3.317186571428571e-05,5.644960403686155e-08
40,15,23472,23480,8,3.3134305e-05,3.3141506249999996e-05,5.582830866538604e-08
40,16,23480,23488,8,3.3093210000000004e-05,3.30892725e-05,6.2509711795449e-08
40,17,23488,23495,7,3.305803e-05,3.3058948571428566e-05,4.8917806699043036e-08
40,18,23495,23503,8,3.299714e-05,3.30006275e-05,6.00240617898356e-08
40,19,23503,23511,8,3.2986895e-05,3.297912125e-05,6.421775191438523e-08
40,20,23511,23518,7,3.293384e-05,3.295890857142857e-05,5.801058239138439e-08
40,21,23518,23526,8,3.2968745000000005e-05,3.2967397499999995e-05,6.046398881772436e-08
40,22,23526,23534,8,3.2965985e-05,3.2971095e-05,6.074340643230238e-08
40,23,23534,23541,7,3.302876e-05,3.2999112857142855e-05,6.156034199159743e-08
40,24,23541,23549,8,3.3010074999999996e-05,3.3006541249999994e-05,6.146439160959319e-08
40,25,23549,23557,8,3.302561e-05,3.30257425e-05,6.38331298680386e-08
40,26,23557,23564,7,3.310909e-05,3.3059814285714286e-05,6.718818154091974e-08
40,27,23564,23572,8,3.310927e-05,3.3096271249999997e-05,6.569483968271347e-08
40,28,23572,23580,8,3.3151875e-05,3.314688875e-05,6.573544961386908e-08
40,29,23580,23587,7,3.320606e-05,3.3208010000000005e-05,6.540001725644309e-08
40,30,23587,23595,8,3.3300795e-05,3.329781875e-05,6.59365597444809e-08
40,31,23595,23603,8,3.341999e-05,3.3451984999999996e-05,6.911340119687291e-08
40,32,23603,23610,7,3.365246e-05,3.365711e-05,8.173265233150548e-08
40,33,23610,23618,8,3.389704e-05,3.391760875e-05,8.096850150482886e-08
40,34,23618,23626,8,3.4138485e-05,3.41617975e-05,8.972017188876766e-08
40,35,23626,23633,7,3.446745e-05,3.4545921428571425e-05,1.2378323547101813e-07
40,36,23633,23641,8,3.4833284999999996e-05,3.4839807499999995e-05,1.303192039522575e-07
40,37,23641,23649,8,3.519023e-05,3.51926575e-05,1.7635859163576355e-07
40,38,23649,23656,7,3.571967e-05,3.577532857142858e-05,2.7552098397807227e-07
40,39,23656,23664,8,3.6818325e-05,3.68395575e-05,3.8903855283731217e-07
40,40,23664,23672,8,3.875707e-05,3.89397225e-05,1.2284122630834294e-06
40,41,23672,23679,7,4.37641e-05,4.3244420000000004e-05,9.354289533989988e-07
40,42,23679,23687,8,4.5226010000000004e-05,4.533328625e-05,5.995262007605987e-07
40,43,23687,23695,8,4.6921795e-05,4.725274125e-05,1.365931892138454e-06
40,44,23695,23702,7,5.518789e-05,5.6062632857142856e-05,4.128944045801936e-06
40,45,23702,23710,8,0.00061311285,0.00054582362875,0.00017817376790746313
40,46,23710,23718,8,0.0006123966000000001,0.0006125496125,2.8674601757259136e-07
40,47,23718,23725,7,0.00061317,0.0006131170142857143,5.097011377227825e-07
40,48,23725,23733,8,0.0006125331,0.0006125576,2.8379741013618634e-07
40,49,23733,23740,7,0.0006125457,0.0006124825142857143,3.1295119395190097e-07
41,0,24329,24336,7,0.0001638104,0.00016422184285714284,1.5526331319564745e-06
41,1,24322,24329,7,0.0001656683,0.00016509210000000002,3.0644735091972e-06
41,2,24314,24322,8,0.0001643247,0.000164994725,4.406743598097695e-06
41,3,24307,24314,7,0.000165265,0.00016557122857142857,5.67626159789655e-06
41,4,24299,24307,8,0.0001577816,0.0001291964025,4.692305658663733e-05
41,5,24292,24299,7,6.425492e-05,6.330503571428571e-05,1.5289860600677941e-06
41,6,24284,24292,8,6.9647135e-05,6.917590125e-05,1.5599053779671825e-06
41,7,24277,24284,7,7.312153e-05,7.320447857142857e-05,1.349677223618707e-06
41,8,24270,24277,7,8.070379e-05,7.992007428571427e-05,2.7557369328462857e-06
41,9,24262,24270,8,8.594335000000001e-05,8.619180375e-05,2.3999069057774806e-06
41,10,24255,24262,7,8.988721e-05,8.976366714285714e-05,1.9318424039887344e-06
41,11,24247,24255,8,9.260366e-05,9.296570750000001e-05,1.9619085134362796e-06
41,12,24240,24247,7,9.377918e-05,9.397578571428571e-05,1.4690799946016497e-06
41,13,24232,24240,8,9.554081000000001e-05,9.568861e-05,1.796847254206654e-06
41,14,24225,24232,7,9.374347e-05,9.369690714285715e-05,2.556849673092228e-06
41,15,24217,24225,8,8.7059215e-05,8.8164755e-05,3.431405931331207e-06
41,16,24210,24217,7,8.281109e-05,8.27215057142857e-05,1.5944479500607937e-06
41,17,24203,24210,7,8.066047e-05,8.032980714285716e-05,1.4661350803262515e-06
41,18,24195,24203,8,7.937762000000001e-05,7.977625e-05,1.8083007646268378e-06
41,19,24188,24195,7,7.848658e-05,7.725995857142857e-05,2.145485717583573e-06
41,20,24180,24188,8,7.378587999999999e-05,7.395806e-05,1.8133985907819627e-06
41,21,24173,24180,7,7.075464e-05,7.055489000000001e-05,1.3358331651070805e-06
41,22,24165,24173,8,6.7886455e-05,6.771977625e-05,1.304383833098386e-06
41,23,24158,24165,7,6.580011e-05,6.548916571428571e-05,1.1500752060484324e-06
41,24,24150,24158,8,6.345592e-05,6.345851875e-05,1.1987893873866813e-06
41,25,24143,24150,7,6.324614e-05,6.289056142857143e-05,1.632204276119774e-06
41,26,24136,24143,7,6.365782e-05,6.370503e-05,1.5627417256676986e-06
41,27,24128,24136,8,6.529265e-05,6.497811875e-05,1.5192879047964974e-06
41,28,24121,24128,7,6.557982e-05,6.565106428571428e-05,1.206055756776219e-06
41,29,24113,24121,8,6.940021000000001e-05,6.951071625e-05,1.7616608643971277e-06
41,30,24106,24113,7,7.373354e-05,7.368388e-05,2.511884650081345e-06
41,31,24098,24106,8,7.459803000000001e-05,7.469304125e-05,2.1442140299037152e-06
41,32,24091,24098,7,7.731454e-05,7.784928e-05,2.8443664581866296e-06
41,33,24084,24091,7,8.472045e-05,8.407260142857143e-05,2.715164283340244e-06
41,34,24076,24084,8,0.0001026068,0.00010113198875,7.919578015139817e-06
41,35,24069,24076,7,0.0001118197,0.00011185751428571429,4.2693256096513065e-06
41,36,24061,24069,8,0.00012771210000000002,0.00012807391250000002,4.882760456298646e-06
41,37,24054,24061,7,0.0001448577,0.00014462732857142857,4.083058296604325e-06
41,38,24046,24054,8,0.00015995695,0.000159673375,5.01311741353372e-06
41,39,24039,24046,7,0.0001903766,0.00019149451428571428,1.2949571647237556e-05
41,40,24031,24039,8,0.00022930855,0.0002272157625,9.802729249415378e-06
41,41,24024,24031,7,0.0002408161,0.00024276038571428572,1.0379259336970127e-05
41,42,24017,24024,7,0.0002844609,0.00028154401428571427,1.3553506540736824e-05
41,43,24009,24017,8,0.00032738674999999997,0.00032602765,1.2493677044209203e-05
41,44,24002,24009,7,0.0003404031,0.00033768502857142854,4.839425649426443e-06
41,45,23994,24002,8,0.00037873884999999996,0.000379930875,2.2566233915063785e-05
41,46,23987,23994,7,0.0004225481,0.0004245145000000001,5.414127421319687e-06
41,47,23979,23987,8,0.0005444771000000001,0.0005360655875,4.520126041125505e-05
41,48,23972,23979,7,0.0006111584,0.0006084608,4.417868461147316e-06
41,49,23964,23972,8,0.0006122367,0.00061216955,4.3802148063766887e-07
42,0,24557,24565,8,0.00049288765,0.0004910791625000001,7.2428955345803334e-06
42,1,24565,24572,7,0.0005010162,0.0005003755857142857,2.5664924727442727e-06
42,2,24572,24580,8,0.0005166541499999999,0.0005155183874999999,3.876473932079742e-06
42,3,24580,24587,7,0.0005242694,0.0005238089428571429,1.3066800382836554e-06
42,4,24587,24595,8,0.00052763415,0.0005280286499999999,1.2872557816921857e-06
42,5,24595,24602,7,0.0005317507,0.0005313988142857143,1.6211769009215533e-06
42,6,24602,24609,7,0.0005319581,0.0005319719,7.900962689987213e-07
42,7,24609,24617,8,0.00053265205,0.0005323944875000001,1.274267125093391e-06
42,8,24617,24624,7,0.00053222,0.0005324093714285713,1.7422734677215586e-06
42,9,24624,24632,8,0.0005207753,0.0005195102125,8.202777282335147e-06
42,10,24632,24639,7,0.000493936,0.0004942508285714285,7.322170213753821e-06
42,11,24639,24647,8,0.0005164114,0.0005153198625,2.8117702155125985e-06
42,12,24647,24654,7,0.0005144693,0.0005149683571428572,1.8010378673397841e-06
42,13,24654,24661,7,0.0005108793,0.0005108840285714286,1.5420600217281582e-06
42,14,24661,24669,8,0.00050451245,0.0005040076875,2.917435243256274e-06
42,15,24669,24676,7,0.0004938507,0.0004914072285714286,4.201482718794231e-06
42,16,24676,24684,8,0.000483626,0.0004837761625,3.5499342451436755e-06
42,17,24684,24691,7,0.0004786381,0.0004787982,4.079362842055472e-06
42,18,24691,24698,7,0.0004720723,0.0004721492571428572,4.1084536377909365e-06
42,19,24698,24706,8,0.0004700762,0.00046857064999999997,4.207127807958772e-06
42,20,24706,24713,7,0.0004687014,0.00046901085714285703,3.30310278238816e-06
42,21,24713,24721,8,0.00047550825,0.0004763350375,2.8166424071656174e-06
42,22,24721,24728,7,0.0004843787,0.0004858201285714285,2.8860611896860644e-06
42,23,24728,24736,8,0.00048666819999999996,0.00048590357499999997,8.262343890923147e-06
42,24,24736,24743,7,0.0004899031,0.0004900979857142857,2.9133463034939202e-06
42,25,24743,24750,7,0.0004940611,0.0004936428571428572,3.5836629261362335e-06
42,26,24750,24758,8,0.00048248575,0.00048295,3.963779766207994e-06
42,27,24758,24765,7,0.0004735435,0.00047672002857142856,7.407987161496575e-06
42,28,24765,24773,8,0.00050829355,0.000507042025,8.367886657894883e-06
42,29,24773,24780,7,0.0005213559,0.0005224980142857144,3.20479449594268e-06
42,30,24780,24788,8,0.0005321091500000001,0.0005324302125,1.501901502627166e-06
42,31,24788,24795,7,0.0005382065,0.0005379922285714285,1.1470296654705032e-06
42,32,24795,24802,7,0.0005351243,0.0005372493714285714,5.35461038164156e-06
42,33,24802,24810,8,0.0005473774500000001,0.0005469905624999999,1.4786192587491116e-06
42,34,24810,24817,7,0.0005496388,0.0005498000142857142,1.0329730468459622e-06
42,35,24817,24825,8,0.0005536467999999999,0.000553330175,1.6326119301214981e-06
42,36,24825,24832,7,0.000557759,0.0005574911428571428,6.796480304585091e-07
42,37,24832,24839,7,0.000558254,0.0005579529714285715,1.7183526735255186e-06
42,38,24839,24847,8,0.0005377057499999999,0.00053638555,9.492526166806178e-06
42,39,24847,24854,7,0.0005368208,0.0005371904857142857,1.0945435339306456e-05
42,40,24854,24862,8,0.00055017575,0.0005447861500000001,1.1648527846148612e-05
42,41,24862,24869,7,0.0005199747,0.0005224360857142856,7.351894049335384e-06
42,42,24869,24877,8,0.00052355455,0.000517017,2.483307386410309e-05
42,43,24877,24884,7,0.0004315791,0.00043507208571428576,3.784284356649703e-05
42,44,24884,24891,7,0.0005851407,0.0005765175428571427,2.5940673399996886e-05
42,45,24891,24899,8,0.00061124915,0.0006111526124999999,7.964208159595889e-07
42,46,24899,24906,7,0.0006116888,0.0006117104857142856,2.756473079269115e-07
42,47,24906,24914,8,0.0006116413499999999,0.0006117212249999999,3.0188380939528063e-07
42,48,24914,24921,7,0.0006115308,0.0006112077285714287,7.125920085239942e-07
42,49,24921,24928,7,0.0006112659,0.0006113053142857142,2.388005888277738e-07
43,0,25546,25553,7,0.0005676447,0.0005686237142857144,2.4161017217401863e-06
43,1,25538,25546,8,0.0005706120000000001,0.0005706624375,8.784076031909786e-07
43,2,25530,25538,8,0.0005715946,0.0005715305000000001,4.382229198706874e-07
43,3,25522,25530,8,0.00057164895,0.0005715951,3.762216833198298e-07
43,4,25514,25522,8,0.00057228475,0.0005721347749999999,7.72201854682428e-07
43,5,25506,25514,8,0.0005723617,0.0005723803625,3.8617130893394907e-07
43,6,25498,25506,8,0.0005739298,0.0005740465499999999,7.919539885624763e-07
43,7,25490,25498,8,0.0005723957,0.0005726484625,9.003695809742422e-07
43,8,25482,25490,8,0.00057298485,0.0005728070125,4.478559657900589e-07
43,9,25474,25482,8,0.0005727995,0.0005729054,3.801663846265292e-07
43,10,25466,25474,8,0.0005740115,0.0005739902124999999,3.04625895310559e-07
43,11,25458,25466,8,0.00057350245,0.000573431,5.25051559372994e-07
43,12,25451,25458,7,0.00056805,0.0005672082714285714,3.727964168173268e-06
43,13,25443,25451,8,0.0005309003,0.0005321489125000001,1.0880394270479985e-05
43,14,25435,25443,8,0.00056497785,0.0005618679125,7.307426205997138e-06
43,15,25427,25435,8,0.00057075925,0.000570543425,3.334510299504249e-07
43,16,25419,25427,8,0.0005717088500000001,0.00057148675,6.316919917966275e-07
43,17,25411,25419,8,0.0005726010500000001,0.000572663825,3.885808048205532e-07
43,18,25403,25411,8,0.0005721432500000001,0.0005721395875,5.1816070730398e-07
43,19,25395,25403,8,0.0005711385000000001,0.0005711533499999999,3.8196021062409073e-07
43,20,25387,25395,8,0.0005712182499999999,0.000571245725,3.0798030679737223e-07
43,21,25379,25387,8,0.00056969515,0.0005695498750000001,9.078327430617185e-07
43,22,25371,25379,8,0.00057071675,0.0005705058874999999,1.2725945067435019e-06
43,23,25363,25371,8,0.0005724514,0.00057256155,3.6848287952087634e-07
43,24,25355,25363,8,0.00057431685,0.00057428625,4.0629960312558324e-07
43,25,25348,25355,7,0.0005747961,0.0005747772,2.2062560400566305e-07
43,26,25340,25348,8,0.0005743129000000001,0.0005740468875000001,6.375343058171564e-07
43,27,25332,25340,8,0.000572595,0.0005726362375,2.842077318507549e-07
43,28,25324,25332,8,0.0005710757999999999,0.0005712670125,7.474354160017716e-07
43,29,25316,25324,8,0.00056925345,0.0005690061875000001,6.581101986702071e-07
43,30,25308,25316,8,0.00056846705,0.0005686716125,1.378401649046386e-06
43,31,25300,25308,8,0.00056673455,0.000567221075,2.007079172423213e-06
43,32,25292,25300,8,0.0005640482,0.0005646666375,2.429055893211135e-06
43,33,25284,25292,8,0.00057085845,0.0005710008375,6.487557435921003e-07
43,34,25276,25284,8,0.0005659981999999999,0.0005664040624999999,2.1948512375201625e-06
43,35,25268,25276,8,0.0005663253,0.0005664120875,9.201880995719085e-07
43,36,25260,25268,8,0.00056585315,0.0005660515374999999,1.0522048148263666e-06
43,37,25253,25260,7,0.0005664056,0.0005666557857142857,6.035846524333329e-07
43,38,25245,25253,8,0.0005696437499999999,0.0005695041375,6.354460833491339e-07
43,39,25237,25245,8,0.0005712489,0.0005711682,3.452883287920405e-07
43,40,25229,25237,8,0.00056861305,0.0005688618749999999,6.014085399085954e-07
43,41,25221,25229,8,0.00057018005,0.0005702489375,9.657435890772119e-07
43,42,25213,25221,8,0.00056713215,0.00056584335,3.900718674167626e-06
43,43,25205,25213,8,0.00052479785,0.000519032725,2.8244431821101923e-05
43,44,25197,25205,8,0.00043354995,0.0004342586875,1.0146390588213805e-05
43,45,25189,25197,8,0.0005613462,0.0005534032125,3.695667380850979e-05
43,46,25181,25189,8,0.0006110658,0.000610008175,2.2703497889917734e-06
43,47,25173,25181,8,0.00061137375,0.0006114076125,2.563410688784488e-07
43,48,25165,25173,8,0.00061113025,0.0006110572875,2.689913262426015e-07
43,49,25157,25165,8,0.0006117254,0.0006116331,2.3969440439860247e-07
44,0,25790,25798,8,0.00056983375,0.0005697078625,1.0716705218227023e-06
44,1,25798,25806,8,0.00057047915,0.0005704649625,3.8203866276039007e-07
44,2,25806,25814,8,0.0005724651,0.0005722929875,8.981465184443613e-07
44,3,25814,25822,8,0.0005725081,0.0005724579,4.1280827268843437e-07
44,4,25822,25830,8,0.00057327415,0.0005732768875,3.948437774534879e-07
44,5,25830,25838,8,0.00057347275,0.0005735493375,4.943208116635988e-07
44,6,25838,25846,8,0.00057325045,0.0005730579624999999,4.549874337207209e-07
44,7,25846,25854,8,0.00057266245,0.0005724820375000001,6.032468626887024e-07
44,8,25854,25862,8,0.0005733539000000001,0.0005734082625,3.3019201208350126e-07
44,9,25862,25870,8,0.0005733969,0.000573025625,8.127459839181234e-07
44,10,25870,25878,8,0.0005726231,0.0005727569999999999,5.972572540371568e-07
44,11,25878,25886,8,0.00057126345,0.0005704899375,2.4136293128489495e-06
44,12,25886,25893,7,0.0005341546,0.0005374731571428571,9.315141049136417e-06
44,13,25893,25901,8,0.0005592926000000001,0.0005566927125,9.414807307964069e-06
44,14,25901,25909,8,0.0005701059499999999,0.000570053425,4.628031756319137e-07
44,15,25909,25917,8,0.00056889335,0.0005690830250000001,6.221365942258887e-07
44,16,25917,25925,8,0.0005711416,0.000571232975,6.779688262560502e-07
44,17,25925,25933,8,0.0005725745999999999,0.0005726357624999999,2.438887601832948e-07
44,18,25933,25941,8,0.0005724484500000001,0.0005724925,4.533767142233739e-07
44,19,25941,25949,8,0.0005713986500000001,0.0005714358624999999,4.818805192615038e-07
44,20,25949,25957,8,0.0005712687,0.0005712478125,4.7070349328824967e-07
44,21,25957,25965,8,0.00057181955,0.0005718175249999999,2.78488481584085e-07
44,22,25965,25973,8,0.0005729035,0.0005728924499999999,7.329860247644494e-07
44,23,25973,25981,8,0.00057377735,0.0005737784,4.2540405792609366e-07
44,24,25981,25988,7,0.0005750203,0.0005749849428571429,3.6138523512074127e-07
44,25,25988,25996,8,0.0005752739,0.0005754087625,2.7993764456346345e-07
44,26,25996,26004,8,0.0005736419500000001,0.000573478075,8.785039068638294e-07
44,27,26004,26012,8,0.00057415295,0.0005741218875000001,8.695691108783429e-07
44,28,26012,26020,8,0.00057462245,0.000574568675,6.07792597746124e-07
44,29,26020,26028,8,0.00057096475,0.0005707293250000001,1.372508775700532e-06
44,30,26028,26036,8,0.00057269785,0.0005726899,3.8012782718447817e-07
44,31,26036,26044,8,0.0005724600999999999,0.0005718682250000001,1.8697209275383797e-06
44,32,26044,26052,8,0.0005679567499999999,0.000568170925,7.030031538869385e-07
44,33,26052,26060,8,0.0005676867,0.0005680732,2.2538922545232705e-06
44,34,26060,26068,8,0.00056953615,0.0005699299125000001,1.0161246324116937e-06
44,35,26068,26076,8,0.0005647122500000001,0.00056524775,2.0425064706139895e-06
44,36,26076,26084,8,0.0005640923999999999,0.0005641671125,1.1262909275998579e-06
44,37,26084,26091,7,0.0005657214,0.0005656113428571428,6.801185838978951e-07
44,38,26091,26099,8,0.0005697432,0.0005696360375000001,9.998650720691163e-07
44,39,26099,26107,8,0.0005724263,0.000572462825,3.865253056075534e-07
44,40,26107,26115,8,0.00057188785,0.000571996775,7.010309920930601e-07
44,41,26115,26123,8,0.00057048375,0.000570664125,4.431425215153545e-07
44,42,26123,26131,8,0.0005692487,0.0005686498,1.4916085218649019e-06
44,43,26131,26139,8,0.00052692365,0.000533109375,1.3535929213555115e-05
44,44,26139,26147,8,0.0005211613499999999,0.000521482425,2.6290363708733614e-06
44,45,26147,26155,8,0.00055935725,0.0005586451249999999,2.678453699673328e-05
44,46,26155,26163,8,0.0006107991,0.000609056025,3.452424625806472e-06
44,47,26163,26171,8,0.00061159715,0.0006115780875,5.978162874945496e-07
44,48,26171,26179,8,0.00061135725,0.000611301275,5.446214344616019e-07
44,49,26179,26186,7,0.0006107255,0.0006105265285714286,5.576756269534861e-07
45,0,26811,26818,7,0.0005712323,0.0005709571999999999,7.779885713446197e-07
45,1,26803,26811,8,0.0005679278,0.0005681329125,6.738426901686678e-07
45,2,26795,26803,8,0.00056823645,0.000568030375,6.81390361228407e-07
45,3,26787,26795,8,0.0005648082,0.00056489825,3.1437222591221443e-06
45,4,26779,26787,8,0.0005703805000000001,0.0005705360875,3.3657762268718e-07
45,5,26771,26779,8,0.0005723852,0.0005721068625,4.801839775999953e-07
45,6,26763,26771,8,0.0005715361999999999,0.0005716678625,4.681868642366488e-07
45,7,26755,26763,8,0.0005731481499999999,0.00057274765,1.0768531643172252e-06
45,8,26747,26755,8,0.0005718622,0.0005720005,4.337166384864718e-07
45,9,26739,26747,8,0.00057386805,0.0005736827874999999,7.022514674913687e-07
45,10,26731,26739,8,0.0005706014499999999,0.0005709805,1.461073305826942e-06
45,11,26723,26731,8,0.0005691273,0.00056915645,2.4140664116797004e-06
45,12,26716,26723,7,0.0005668196,0.0005673302142857143,1.679639288170932e-06
45,13,26708,26716,8,0.0005684861,0.0005689741125000001,2.784276292161714e-06
45,14,26700,26708,8,0.00057114005,0.0005704407375000001,1.7937950112383854e-06
45,15,26692,26700,8,0.00057112255,0.00057039045,1.7450273880372157e-06
45,16,26684,26692,8,0.00057236795,0.0005724200375,5.787566175377603e-07
45,17,26676,26684,8,0.00057205765,0.0005720593124999999,3.168461236842874e-07
45,18,26668,26676,8,0.0005713987999999999,0.0005713069249999999,3.057255826308993e-07
45,19,26660,26668,8,0.0005721534500000001,0.000571880775,6.180764611882713e-07
45,20,26652,26660,8,0.0005721363,0.0005720265875,5.023935221454987e-07
45,21,26644,26652,8,0.0005723449499999999,0.0005723149874999999,2.23573798987612e-07
45,22,26636,26644,8,0.00057238525,0.00057269495,5.800180967004499e-07
45,23,26628,26636,8,0.0005743478000000001,0.0005744587,3.5338871303423036e-07
45,24,26620,26628,8,0.0005743771500000001,0.000574379225,3.2596494731029505e-07
45,25,26613,26620,7,0.0005742004,0.0005743644142857143,2.98245816297185e-07
45,26,26605,26613,8,0.00057198665,0.0005724431,9.128869754794357e-07
45,27,26597,26605,8,0.0005734926999999999,0.00057333865,5.73904133980581e-07
45,28,26589,26597,8,0.0005740853499999999,0.00057428595,5.694488322053383e-07
45,29,26581,26589,8,0.0005739081,0.0005739755125,5.124719685931576e-07
45,30,26573,26581,8,0.00057314975,0.0005731930500000001,3.796073036705218e-07
45,31,26565,26573,8,0.0005735134,0.0005732873749999999,9.189997765913875e-07
45,32,26557,26565,8,0.00056737825,0.0005670628125,2.9094283937903893e-06
45,33,26549,26557,8,0.00056330895,0.00056318885,5.147916835963794e-07
45,34,26541,26549,8,0.00056433915,0.0005642449625,1.3906040206844317e-06
45,35,26533,26541,8,0.0005663956999999999,0.00056669625,1.3627580957381969e-06
45,36,26525,26533,8,0.0005631078,0.0005632465000000001,1.214273779878319e-06
45,37,26518,26525,7,0.0005624428,0.0005632409857142857,2.051335901607649e-06
45,38,26510,26518,8,0.00056884055,0.0005688935,6.025055601403277e-07
45,39,26502,26510,8,0.0005697923000000001,0.0005698661999999999,5.702795652134101e-07
45,40,26494,26502,8,0.0005724311,0.0005726955875000001,9.414677655627729e-07
45,41,26486,26494,8,0.0005732184,0.0005730248625,1.0689581094896622e-06
45,42,26478,26486,8,0.0005623557500000001,0.00056371825,2.8631813167349133e-06
45,43,26470,26478,8,0.0005526206,0.0005527521125000001,6.049030698888354e-06
45,44,26462,26470,8,0.0005298313,0.0005263900374999999,1.2763165117922122e-05
45,45,26454,26462,8,0.0005563045,0.000553225125,3.185201100016096e-05
45,46,26446,26454,8,0.00061085355,0.0006093517875,2.880148731592473e-06
45,47,26438,26446,8,0.00061090595,0.0006109257874999999,1.3621864260720121e-07
45,48,26430,26438,8,0.0006112735,0.0006111808999999999,2.491337492191691e-07
45,49,26422,26430,8,0.00061143455,0.0006113433875000001,2.506880603334436e-07
46,0,27055,27063,8,0.0005737047,0.0005736625625,6.005083220436956e-07
46,1,27063,27071,8,0.00056927485,0.0005696256625,1.3470530566179355e-06
46,2,27071,27079,8,0.0005665372000000001,0.000566714275,1.0997567455464808e-06
46,3,27079,27087,8,0.00056300565,0.0005633866625,1.100520329136959e-06
46,4,27087,27095,8,0.00056476955,0.0005645969625,1.0314926986381218e-06
46,5,27095,27103,8,0.00056486975,0.0005649220875,2.966620654781477e-07
46,6,27103,27111,8,0.0005686144,0.0005685581875,1.0212988133224166e-06
46,7,27111,27119,8,0.0005688952,0.0005690579625,1.0522310189990401e-06
46,8,27119,27127,8,0.0005717697,0.0005718940000000001,5.070603144597258e-07
46,9,27127,27135,8,0.00057325885,0.0005730849874999999,4.6667722635002513e-07
46,10,27135,27143,8,0.0005715054500000001,0.0005708855875,2.1229966894919563e-06
46,11,27143,27151,8,0.0005671201,0.0005669529749999999,9.515727175970197e-07
46,12,27151,27158,7,0.0005702481,0.0005699602428571429,6.230579515746397e-07
46,13,27158,27166,8,0.0005702071999999999,0.000570233675,3.7544904697575117e-07
46,14,27166,27174,8,0.0005701211000000001,0.000569494925,1.7947793330588112e-06
46,15,27174,27182,8,0.0005699241999999999,0.000569568325,1.5480621416387065e-06
46,16,27182,27190,8,0.0005718869000000001,0.0005723145375,8.75880128695547e-07
46,17,27190,27198,8,0.00056973815,0.0005701374375000001,1.3224343329041997e-06
46,18,27198,27206,8,0.0005714622000000001,0.000571308025,5.058667901483654e-07
46,19,27206,27214,8,0.0005723626500000001,0.0005721224125000001,4.843132752607159e-07
46,20,27214,27222,8,0.00057095035,0.000570900075,4.5658355410043455e-07
46,21,27222,27230,8,0.0005715933,0.0005714800500000001,6.231656641696481e-07
46,22,27230,27238,8,0.0005722353,0.0005724278124999999,1.3931698464630017e-06
46,23,27238,27246,8,0.00057420425,0.000574207075,3.9763368113756684e-07
46,24,27246,27253,7,0.0005746401,0.0005746825,1.991417083385618e-07
46,25,27253,27261,8,0.0005751684,0.000575111975,3.8047630593111724e-07
46,26,27261,27269,8,0.00057150915,0.0005717563375,6.702663685757697e-07
46,27,27269,27277,8,0.0005728551,0.0005723714874999999,1.7291165615983408e-06
46,28,27277,27285,8,0.0005712855999999999,0.0005715031,2.314526123205364e-06
46,29,27285,27293,8,0.00057544955,0.0005753808375,2.1664899571368278e-07
46,30,27293,27301,8,0.0005754592,0.0005754604875,2.4801202308306867e-07
46,31,27301,27309,8,0.00057502005,0.000575091875,2.4342128989673764e-07
46,32,27309,27317,8,0.0005715690000000001,0.000572335325,1.4714375095038682e-06
46,33,27317,27325,8,0.0005696619500000001,0.0005693601875,1.0088350514795345e-06
46,34,27325,27333,8,0.0005643180500000001,0.000564004425,1.72968326562265e-06
46,35,27333,27341,8,0.0005542884499999999,0.0005547873625,1.1873386931889721e-06
46,36,27341,27349,8,0.00055412535,0.000554758525,2.562444078292245e-06
46,37,27349,27356,7,0.0005584033,0.0005592085,2.022012156950881e-06
46,38,27356,27364,8,0.0005653084,0.0005652602999999999,9.299430990657272e-07
46,39,27364,27372,8,0.0005681498,0.0005685446375000001,1.009471754108927e-06
46,40,27372,27380,8,0.0005709803,0.0005712026875,6.631576894628648e-07
46,41,27380,27388,8,0.00057369505,0.0005735910625,5.668520175881477e-07
46,42,27388,27396,8,0.00057184845,0.0005702289250000001,3.685449896467868e-06
46,43,27396,27404,8,0.0005590530999999999,0.0005590019125,1.4435666077787256e-06
46,44,27404,27412,8,0.0005428207000000001,0.0005388817624999999,1.5430305658503458e-05
46,45,27412,27420,8,0.0005441630500000001,0.0005458606,3.16695663685185e-05
46,46,27420,27428,8,0.0006107311,0.0006084243,3.880083786144306e-06
46,47,27428,27436,8,0.000610927,0.0006109395124999999,1.830711981545591e-07
46,48,27436,27444,8,0.0006104804,0.0006105212875,3.0642591452704256e-07
46,49,27444,27451,7,0.0006107303,0.0006107361,3.4964605368447244e-07
47,0,28077,28084,7,0.0005743943,0.0005744036285714287,4.468574707707879e-07
47,1,28069,28077,8,0.00057158835,0.0005717624875,1.055104333037149e-06
47,2,28061,28069,8,0.0005692375,0.000568994025,1.1223839536339554e-06
47,3,28053,28061,8,0.00056507435,0.000565042325,5.488321140157699e-07
47,4,28045,28053,8,0.00056402705,0.000563846775,5.213408332127666e-07
47,5,28037,28045,8,0.00056523085,0.0005653084250000001,5.818585604552081e-07
47,6,28029,28037,8,0.0005681175000000001,0.0005680500624999999,4.0609305256767805e-07
47,7,28021,28029,8,0.00057094955,0.0005706560625000001,6.847386617124255e-07
47,8,28013,28021,8,0.00057149535,0.0005713731,9.019652349176346e-07
47,9,28005,28013,8,0.0005701371,0.000570390825,7.979703045070018e-07
47,10,27997,28005,8,0.0005653757499999999,0.0005653512125,2.09992774663648e-06
47,11,27989,27997,8,0.0005705842499999999,0.0005706137875,4.5149613906847955e-07
47,12,27982,27989,7,0.0005694929,0.0005698113285714286,5.643308875227835e-07
47,13,27974,27982,8,0.00057061215,0.0005708687,7.075107154665651e-07
47,14,27966,27974,8,0.00057304845,0.0005730427,3.983017449120947e-07
47,15,27958,27966,8,0.0005724230000000001,0.0005723250125,6.395835802252552e-07
47,16,27950,27958,8,0.00057317685,0.0005732429750000001,5.618226315973651e-07
47,17,27942,27950,8,0.0005709672,0.0005708503625,9.671167017706479e-07
47,18,27934,27942,8,0.0005712008000000001,0.00057092485,1.112982137098355e-06
47,19,27926,27934,8,0.00057183445,0.0005714798,1.2768915331773214e-06
47,20,27918,27926,8,0.00057256165,0.000572616475,2.1509236242832605e-07
47,21,27910,27918,8,0.0005736376000000001,0.0005735193374999999,6.895740930775638e-07
47,22,27902,27910,8,0.00057470905,0.0005747771999999999,1.3286319091455854e-07
47,23,27894,27902,8,0.000575166,0.000575189825,3.7763901000161407e-07
47,24,27886,27894,8,0.0005758226,0.000575764725,3.436229065050611e-07
47,25,27879,27886,7,0.0005745185,0.0005745075571428572,7.140666832749435e-07
47,26,27871,27879,8,0.000574579,0.0005744036125,6.275146003032735e-07
47,27,27863,27871,8,0.0005754580500000001,0.0005750807750000001,9.857998056781034e-07
47,28,27855,27863,8,0.0005684681,0.0005687522875,2.0753307046332777e-06
47,29,27847,27855,8,0.0005752824,0.0005745643875,1.367491368745609e-06
47,30,27839,27847,8,0.0005753533,0.0005753302374999999,1.9800525837399307e-07
47,31,27831,27839,8,0.0005753469999999999,0.000575344375,3.180189371326774e-07
47,32,27823,27831,8,0.00057468705,0.0005744410750000001,6.22306077726209e-07
47,33,27815,27823,8,0.0005736904,0.0005735286625,6.648378560549664e-07
47,34,27807,27815,8,0.0005723105000000001,0.0005717097999999999,1.244418369158877e-06
47,35,27799,27807,8,0.00056964115,0.0005689217125,2.2956247703171744e-06
47,36,27791,27799,8,0.00055951905,0.0005591464374999999,2.2488122486867908e-06
47,37,27784,27791,7,0.0005516831,0.0005520861285714286,1.8961117061082526e-06
47,38,27776,27784,8,0.0005631727,0.0005625852374999999,4.218301712163757e-06
47,39,27768,27776,8,0.0005694913,0.0005695767500000001,3.564190511182204e-07
47,40,27760,27768,8,0.0005703832999999999,0.0005701577124999999,1.0305596518852314e-06
47,41,27752,27760,8,0.00057174845,0.00057152585,7.815441862108719e-07
47,42,27744,27752,8,0.00057150725,0.0005709220874999999,1.6608454401580349e-06
47,43,27736,27744,8,0.00056694365,0.000565945475,2.2519611096497544e-06
47,44,27728,27736,8,0.0005492659,0.0005456115125,1.189766294103986e-05
47,45,27720,27728,8,0.0005505784000000001,0.000551837625,2.5737415552447668e-05
47,46,27712,27720,8,0.00061006435,0.0006076276375,4.570843267641517e-06
47,47,27704,27712,8,0.0006104763,0.0006104730750000001,2.924811051589708e-07
47,48,27696,27704,8,0.0006104891499999999,0.0006105461,2.4343943291915417e-07
47,49,27688,27696,8,0.0006105335999999999,0.0006105297624999999,2.7536747237783535e-07
48,0,28320,28328,8,0.0005749974,0.0005749583374999999,1.2745710001310023e-07
48,1,28328,28336,8,0.00057364835,0.0005735543374999999,4.636598131645158e-07
48,2,28336,28344,8,0.0005731752500000001,0.0005730743625000001,3.2957345136366357e-07
48,3,28344,28352,8,0.0005719979,0.0005717296875000001,7.826397693663202e-07
48,4,28352,28360,8,0.00056848595,0.0005687869249999999,8.913445023530572e-07
48,5,28360,28368,8,0.0005683655999999999,0.0005684992875,4.2729002866174767e-07
48,6,28368,28376,8,0.0005679349500000001,0.000567571625,9.163557534467768e-07
48,7,28376,28384,8,0.0005723662,0.0005722618625,8.162366031634135e-07
48,8,28384,28392,8,0.00057076945,0.0005713949375,1.1967753913511783e-06
48,9,28392,28400,8,0.00057202985,0.0005720906875,5.923648547084512e-07
48,10,28400,28408,8,0.0005707101499999999,0.0005706515999999999,2.5981772937965756e-07
48,11,28408,28416,8,0.00057044495,0.00057082605,1.0677555057221702e-06
48,12,28416,28423,7,0.0005733526,0.0005732874142857144,3.952235007058605e-07
48,13,28423,28431,8,0.0005730373000000001,0.000573021625,2.948338843739094e-07
48,14,28431,28439,8,0.00057398035,0.00057388165,2.8859625777200415e-07
48,15,28439,28447,8,0.00057344035,0.0005737358375,5.366694232427905e-07
48,16,28447,28455,8,0.0005720047499999999,0.0005723189125000001,1.4177914977505338e-06
48,17,28455,28463,8,0.0005738144,0.0005734398625,1.105170525232976e-06
48,18,28463,28471,8,0.0005721925,0.0005723370125,8.056665833914902e-07
48,19,28471,28479,8,0.0005729736,0.0005728909875,3.762452705267426e-07
48,20,28479,28487,8,0.0005741025,0.00057408865,4.013364237145808e-07
48,21,28487,28495,8,0.0005739779999999999,0.00057394955,1.3111511163858703e-07
48,22,28495,28503,8,0.00057471415,0.0005746462875,4.701772629484956e-07
48,23,28503,28511,8,0.00057561435,0.000575552225,3.255659831355122e-07
48,24,28511,28518,7,0.000575918,0.0005756792285714286,3.8237982132311633e-07
48,25,28518,28526,8,0.0005749272,0.000574935075,2.2521025592765861e-07
48,26,28526,28534,8,0.0005755673,0.00057557735,2.084614172934644e-07
48,27,28534,28542,8,0.00057538655,0.000575333425,2.5072653803495627e-07
48,28,28542,28550,8,0.0005744194,0.0005743774000000001,2.4339889584794783e-07
48,29,28550,28558,8,0.0005735778,0.0005735248999999999,3.402153068279156e-07
48,30,28558,28566,8,0.00057375465,0.0005735931375,1.2152263893381442e-06
48,31,28566,28574,8,0.0005751998,0.00057514375,3.759123701077009e-07
48,32,28574,28582,8,0.0005743006,0.0005742476125,2.3488421848593242e-07
48,33,28582,28590,8,0.0005736241,0.0005735592875000001,3.63597553751058e-07
48,34,28590,28598,8,0.0005734519,0.0005733945,3.541049032419691e-07
48,35,28598,28606,8,0.00057224635,0.0005717649125,1.9174689087684843e-06
48,36,28606,28614,8,0.00056728925,0.0005676540999999999,1.438176162714429e-06
48,37,28614,28621,7,0.0005680898,0.0005680199999999999,4.910078439874014e-07
48,38,28621,28629,8,0.0005667089500000001,0.0005667208,2.8194530497952247e-07
48,39,28629,28637,8,0.0005671434999999999,0.0005679050375,1.9351205614492665e-06
48,40,28637,28645,8,0.00057321265,0.0005731646375,3.193001563478233e-07
48,41,28645,28653,8,0.00057273315,0.0005727297499999999,8.324134099112061e-07
48,42,28653,28661,8,0.00057174255,0.00057149455,8.107182540809006e-07
48,43,28661,28669,8,0.000568458,0.0005672691625,2.4277176503547018e-06
48,44,28669,28677,8,0.00055665745,0.0005541131625,7.744950709323031e-06
48,45,28677,28685,8,0.0005674592,0.00056769555,2.080212923915483e-05
48,46,28685,28693,8,0.00061079385,0.0006090691125,3.1349684162832947e-06
48,47,28693,28701,8,0.0006110918,0.0006110986625,1.6629606833522145e-07
48,48,28701,28709,8,0.00061128805,0.0006112623999999999,1.4441000657851122e-07
48,49,28709,28716,7,0.0006112533,0.0006112811142857143,1.4518759715400095e-07
49,0,29342,29349,7,0.0005744869,0.0005745182142857144,2.808816956278364e-07
49,1,29334,29342,8,0.0005751223500000001,0.0005749709125,5.235351144801602e-07
49,2,29326,29334,8,0.0005741035,0.0005743852375000001,5.794087696469159e-07
49,3,29318,29326,8,0.0005738358,0.0005738101125,6.431063878502129e-07
49,4,29310,29318,8,0.0005714897499999999,0.00057165645,7.584285381629726e-07
49,5,29302,29310,8,0.0005701390499999999,0.0005701029875,5.950562314552784e-07
49,6,29294,29302,8,0.00057083365,0.0005709376624999999,2.218327875865889e-06
49,7,29286,29294,8,0.000573427,0.0005733871625,2.8011241465481995e-07
49,8,29278,29286,8,0.0005677752,0.0005685417875,2.2732661472193998e-06
49,9,29270,29278,8,0.00057065505,0.000570411375,6.21664141136502e-07
49,10,29262,29270,8,0.0005716395500000001,0.0005714745624999999,4.412087514360418e-07
49,11,29254,29262,8,0.0005705522500000001,0.000570209,1.165645885335672e-06
49,12,29246,29254,8,0.00057283435,0.0005725889500000001,8.178820850220247e-07
49,13,29238,29246,8,0.0005738023,0.0005738607874999999,3.539219986010301e-07
49,14,29230,29238,8,0.0005734733,0.0005734931625,3.4571443756914785e-07
49,15,29222,29230,8,0.0005712614499999999,0.0005713260374999999,1.627463666213071e-06
49,16,29215,29222,7,0.0005715317,0.0005712922857142857,5.731572594686847e-07
49,17,29207,29215,8,0.00057340585,0.0005731458875000001,1.3549309746602104e-06
49,18,29199,29207,8,0.0005738017,0.00057375165,6.201413427598494e-07
49,19,29191,29199,8,0.0005675369000000001,0.0005670587375,2.121021777904167e-06
49,20,29183,29191,8,0.0005704088,0.000569483875,2.314893089728972e-06
49,21,29175,29183,8,0.0005618588,0.000562454175,4.4420017373223806e-06
49,22,29167,29175,8,0.0005547011499999999,0.0005560046625000001,9.339686404122116e-06
49,23,29159,29167,8,0.0005759647,0.0005755308875,1.179870533615365e-06
49,24,29151,29159,8,0.0005753486,0.0005754040875,8.136089915270827e-07
49,25,29143,29151,8,0.0005749507,0.000574866875,5.720070186413853e-07
49,26,29135,29143,8,0.0005745404500000001,0.0005744898375,8.06128269783249e-07
49,27,29127,29135,8,0.0005747263,0.0005748632375,5.549985516591318e-07
49,28,29119,29127,8,0.00057529645,0.00057498025,6.947532601578829e-07
49,29,29111,29119,8,0.0005756358,0.0005754811,3.887569517063205e-07
49,30,29103,29111,8,0.0005745538000000001,0.0005744910125000001,6.364227809355768e-07
49,31,29095,29103,8,0.0005749997000000001,0.0005750214375,3.415478075522447e-07
49,32,29087,29095,8,0.0005740408,0.0005740839374999999,5.685378811862506e-07
49,33,29080,29087,7,0.0005738656,0.0005736224285714285,5.080389037811097e-07
49,34,29072,29080,8,0.00057406015,0.0005738432000000001,7.942529902367494e-07
49,35,29064,29072,8,0.0005736565,0.0005732142999999999,1.3743732862654116e-06
49,36,29056,29064,8,0.0005703106000000001,0.0005702943875,9.039245480645859e-07
49,37,29048,29056,8,0.0005708382,0.0005703170625000001,1.1617807096624438e-06
49,38,29040,29048,8,0.0005656203,0.0005646820250000001,2.3542336320711667e-06
49,39,29032,29040,8,0.00054938725,0.0005501264625000001,7.4376834326854775e-06
49,40,29024,29032,8,0.0005720789,0.0005711223,2.246426129989595e-06
49,41,29016,29024,8,0.0005735779499999999,0.00057348225,3.3685382215437636e-07
49,42,29008,29016,8,0.00057166635,0.000571329875,1.9520316120327073e-06
49,43,29000,29008,8,0.00056811695,0.0005673290875,1.7731630377925606e-06
49,44,28992,29000,8,0.0005600220500000001,0.000557681975,7.238779249077521e-06
49,45,28984,28992,8,0.0005734434,0.0005728000875,1.8386275270391056e-05
49,46,28976,28984,8,0.000610937,0.0006092891125,2.8084803401650885e-06
49,47,28968,28976,8,0.0006110894999999999,0.000611123,2.264316729170211e-07
49,48,28960,28968,8,0.00061101915,0.0006110471625,1.648587572552712e-07
49,49,28952,28960,8,0.00061104675,0.000611034025,2.5156493570250013e-07
