source_index,file_point_original,current_A,row,col
0,0,3.457571e-05,-1,-1
1,1,3.45044e-05,-1,-1
2,2,3.439801e-05,-1,-1
3,3,3.439982e-05,-1,-1
4,4,3.450179e-05,-1,-1
5,5,3.443106e-05,-1,-1
6,6,3.43128e-05,-1,-1
7,7,3.428201e-05,-1,-1
8,10,3.435842e-05,-1,-1
9,11,3.425961e-05,-1,-1
10,12,3.412546e-05,-1,-1
11,13,3.414203e-05,-1,-1
12,14,3.418103e-05,-1,-1
13,15,3.4073e-05,-1,-1
14,16,3.394101e-05,-1,-1
15,17,3.400776e-05,-1,-1
16,20,3.400179e-05,-1,-1
17,21,3.388012e-05,-1,-1
18,22,3.376304e-05,-1,-1
19,23,3.388492e-05,-1,-1
20,24,3.38593e-05,-1,-1
21,25,3.377726e-05,-1,-1
22,26,3.367488e-05,-1,-1
23,27,3.379639e-05,-1,-1
24,30,3.380634e-05,-1,-1
25,31,3.372565e-05,-1,-1
26,32,3.363972e-05,-1,-1
27,33,3.376822e-05,-1,-1
28,34,3.378792e-05,-1,-1
29,35,3.371078e-05,-1,-1
30,36,3.363112e-05,-1,-1
31,37,3.377179e-05,-1,-1
32,40,3.379299e-05,-1,-1
33,41,3.372392e-05,-1,-1
34,42,3.367632e-05,-1,-1
35,43,3.384062e-05,-1,-1
36,44,3.383052e-05,-1,-1
37,45,3.376397e-05,-1,-1
38,46,3.373265e-05,-1,-1
39,47,3.389159e-05,-1,-1
40,50,3.389906e-05,-1,-1
41,51,3.38473e-05,-1,-1
42,52,3.38095e-05,-1,-1
43,53,3.399494e-05,-1,-1
44,54,3.400109e-05,-1,-1
45,55,3.39606e-05,-1,-1
46,56,3.394909e-05,-1,-1
47,57,3.411882e-05,-1,-1
48,60,3.415872e-05,-1,-1
49,61,3.412736e-05,-1,-1
50,62,3.408409e-05,-1,-1
51,63,3.427328e-05,-1,-1
52,64,3.429351e-05,-1,-1
53,65,3.424286e-05,-1,-1
54,66,3.41959e-05,-1,-1
55,67,3.435438e-05,-1,-1
56,70,3.437218e-05,-1,-1
57,71,3.430616e-05,-1,-1
58,72,3.421997e-05,-1,-1
59,73,3.433228e-05,-1,-1
60,74,3.438989e-05,-1,-1
61,75,3.432955e-05,-1,-1
62,76,3.425618e-05,-1,-1
63,77,3.434882e-05,-1,-1
64,100,3.444409e-05,-1,-1
65,101,3.439171e-05,-1,-1
66,102,3.433315e-05,-1,-1
67,103,3.436644e-05,-1,-1
68,104,3.4489e-05,-1,-1
69,105,3.44531e-05,-1,-1
70,106,3.438518e-05,-1,-1
71,107,3.436401e-05,-1,-1
72,110,3.451374e-05,-1,-1
73,111,3.447465e-05,-1,-1
74,112,3.439021e-05,-1,-1
75,113,3.438603e-05,-1,-1
76,114,3.451737e-05,-1,-1
77,115,3.448165e-05,-1,-1
78,116,3.439789e-05,-1,-1
79,117,3.437019e-05,-1,-1
80,120,3.451081e-05,-1,-1
81,121,3.448329e-05,-1,-1
82,122,3.440181e-05,-1,-1
83,123,3.438811e-05,-1,-1
84,124,3.451655e-05,-1,-1
85,125,3.447723e-05,-1,-1
86,126,3.438913e-05,-1,-1
87,127,3.436395e-05,-1,-1
88,130,3.452073e-05,-1,-1
89,131,3.44885e-05,-1,-1
90,132,3.441323e-05,-1,-1
91,133,3.436334e-05,-1,-1
92,134,3.449875e-05,-1,-1
93,135,3.448897e-05,-1,-1
94,136,3.438843e-05,-1,-1
95,137,3.432209e-05,-1,-1
96,140,3.446528e-05,-1,-1
97,141,3.443946e-05,-1,-1
98,142,3.435096e-05,-1,-1
99,143,3.426473e-05,-1,-1
100,144,3.439089e-05,-1,-1
101,145,3.439045e-05,-1,-1
102,146,3.430619e-05,-1,-1
103,147,3.422506e-05,-1,-1
104,150,3.436904e-05,-1,-1
105,151,3.436354e-05,-1,-1
106,152,3.427194e-05,-1,-1
107,153,3.420044e-05,-1,-1
108,154,3.432358e-05,-1,-1
109,155,3.433479e-05,-1,-1
110,156,3.425109e-05,-1,-1
111,157,3.417266e-05,-1,-1
112,160,3.431392e-05,-1,-1
113,161,3.431942e-05,-1,-1
114,162,3.423212e-05,-1,-1
115,163,3.415284e-05,-1,-1
116,164,3.428479e-05,-1,-1
117,165,3.428763e-05,-1,-1
118,166,3.421324e-05,-1,-1
119,167,3.411943e-05,-1,-1
120,170,3.424509e-05,-1,-1
121,171,3.426543e-05,-1,-1
122,172,3.419286e-05,-1,-1
123,173,3.410734e-05,-1,-1
124,174,3.422784e-05,-1,-1
125,175,3.425876e-05,-1,-1
126,176,3.418358e-05,-1,-1
127,177,3.409247e-05,-1,-1
128,200,3.420946e-05,-1,-1
129,201,3.424716e-05,-1,-1
130,202,3.417991e-05,-1,-1
131,203,3.409135e-05,-1,-1
132,204,3.418018e-05,-1,-1
133,205,3.42344e-05,-1,-1
134,206,3.416247e-05,-1,-1
135,207,3.406708e-05,-1,-1
136,210,3.415995e-05,-1,-1
137,211,3.422474e-05,-1,-1
138,212,3.416891e-05,-1,-1
139,213,3.408635e-05,-1,-1
140,214,3.412713e-05,-1,-1
141,215,3.422453e-05,-1,-1
142,216,3.418217e-05,-1,-1
143,217,3.40912e-05,-1,-1
144,220,3.409762e-05,-1,-1
145,221,3.421338e-05,-1,-1
146,222,3.418884e-05,-1,-1
147,223,3.410084e-05,-1,-1
148,224,3.408069e-05,-1,-1
149,225,3.421701e-05,-1,-1
150,226,3.417766e-05,-1,-1
151,227,3.408951e-05,-1,-1
152,230,3.407826e-05,-1,-1
153,231,3.420621e-05,-1,-1
154,232,3.418217e-05,-1,-1
155,233,3.410198e-05,-1,-1
156,234,3.40768e-05,-1,-1
157,235,3.420395e-05,-1,-1
158,236,3.419473e-05,-1,-1
159,237,3.412701e-05,-1,-1
160,240,3.404463e-05,-1,-1
161,241,3.418354e-05,-1,-1
162,242,3.419131e-05,-1,-1
163,243,3.411504e-05,-1,-1
164,244,3.403745e-05,-1,-1
165,245,3.418343e-05,-1,-1
166,246,3.418899e-05,-1,-1
167,247,3.412116e-05,-1,-1
168,250,3.402688e-05,-1,-1
169,251,3.414142e-05,-1,-1
170,252,3.417263e-05,-1,-1
171,253,3.409355e-05,-1,-1
172,254,3.400826e-05,-1,-1
173,255,3.415574e-05,-1,-1
174,256,3.414616e-05,-1,-1
175,257,3.407083e-05,-1,-1
176,260,3.400343e-05,-1,-1
177,261,3.41473e-05,-1,-1
178,262,3.414683e-05,-1,-1
179,263,3.40684e-05,-1,-1
180,264,3.399163e-05,-1,-1
181,265,3.413582e-05,-1,-1
182,266,3.415084e-05,-1,-1
183,267,3.408395e-05,-1,-1
184,270,3.400554e-05,-1,-1
185,271,3.415752e-05,-1,-1
186,272,3.415556e-05,-1,-1
187,273,3.407631e-05,-1,-1
188,274,3.402431e-05,-1,-1
189,275,3.418112e-05,-1,-1
190,276,3.414897e-05,-1,-1
191,277,3.407045e-05,-1,-1
192,300,3.403394e-05,-1,-1
193,301,3.418612e-05,-1,-1
194,302,3.416627e-05,-1,-1
195,303,3.410043e-05,-1,-1
196,304,3.402396e-05,-1,-1
197,305,3.417614e-05,-1,-1
198,306,3.417995e-05,-1,-1
199,307,3.410473e-05,-1,-1
200,310,3.402964e-05,-1,-1
201,311,3.413381e-05,-1,-1
202,312,3.418545e-05,-1,-1
203,313,3.411597e-05,-1,-1
204,314,3.403022e-05,-1,-1
205,315,3.41358e-05,-1,-1
206,316,3.418399e-05,-1,-1
207,317,3.411232e-05,-1,-1
208,320,3.402457e-05,-1,-1
209,321,3.413767e-05,-1,-1
210,322,3.418097e-05,-1,-1
211,323,3.412221e-05,-1,-1
212,324,3.403122e-05,-1,-1
213,325,3.412581e-05,-1,-1
214,326,3.417833e-05,-1,-1
215,327,3.411363e-05,-1,-1
216,330,3.404469e-05,-1,-1
217,331,3.408477e-05,-1,-1
218,332,3.419736e-05,-1,-1
219,333,3.414803e-05,-1,-1
220,334,3.4079e-05,-1,-1
221,335,3.404442e-05,-1,-1
222,336,3.419543e-05,-1,-1
223,337,3.416683e-05,-1,-1
224,340,3.409261e-05,-1,-1
225,341,3.404378e-05,-1,-1
226,342,3.417702e-05,-1,-1
227,343,3.41899e-05,-1,-1
228,344,3.40994e-05,-1,-1
229,345,3.404088e-05,-1,-1
230,346,3.419297e-05,-1,-1
231,347,3.418916e-05,-1,-1
232,350,3.412004e-05,-1,-1
233,351,3.404606e-05,-1,-1
234,352,3.418916e-05,-1,-1
235,353,3.419537e-05,-1,-1
236,354,3.411392e-05,-1,-1
237,355,3.405853e-05,-1,-1
238,356,3.420324e-05,-1,-1
239,357,3.42029e-05,-1,-1
240,360,3.412294e-05,-1,-1
241,361,3.405356e-05,-1,-1
242,362,3.417757e-05,-1,-1
243,363,3.420922e-05,-1,-1
244,364,3.414071e-05,-1,-1
245,365,3.406307e-05,-1,-1
246,366,3.419939e-05,-1,-1
247,367,3.421897e-05,-1,-1
248,370,3.414042e-05,-1,-1
249,371,3.406316e-05,-1,-1
250,372,3.418164e-05,-1,-1
251,373,3.422234e-05,-1,-1
252,374,3.416379e-05,-1,-1
253,375,3.407879e-05,-1,-1
254,376,3.419374e-05,-1,-1
255,377,3.423955e-05,-1,-1
256,400,3.41786e-05,-1,-1
257,401,3.40929e-05,-1,-1
258,402,3.416944e-05,-1,-1
259,403,3.425826e-05,-1,-1
260,404,3.422237e-05,-1,-1
261,405,3.414013e-05,-1,-1
262,406,3.412446e-05,-1,-1
263,407,3.426099e-05,-1,-1
264,410,3.425273e-05,-1,-1
265,411,3.418103e-05,-1,-1
266,412,3.411448e-05,-1,-1
267,413,3.424315e-05,-1,-1
268,414,3.428259e-05,-1,-1
269,415,3.421657e-05,-1,-1
270,416,3.413556e-05,-1,-1
271,417,3.424579e-05,-1,-1
272,420,3.430376e-05,-1,-1
273,421,3.424219e-05,-1,-1
274,422,3.415313e-05,-1,-1
275,423,3.424901e-05,-1,-1
276,424,3.43234e-05,-1,-1
277,425,3.427182e-05,-1,-1
278,426,3.418399e-05,-1,-1
279,427,3.428587e-05,-1,-1
280,430,3.434838e-05,-1,-1
281,431,3.428447e-05,-1,-1
282,432,3.420419e-05,-1,-1
283,433,3.432999e-05,-1,-1
284,434,3.43771e-05,-1,-1
285,435,3.431178e-05,-1,-1
286,436,3.423027e-05,-1,-1
287,437,3.433869e-05,-1,-1
288,440,3.440708e-05,-1,-1
289,441,3.435558e-05,-1,-1
290,442,3.428576e-05,-1,-1
291,443,3.436442e-05,-1,-1
292,444,3.445187e-05,-1,-1
293,445,3.439809e-05,-1,-1
294,446,3.43227e-05,-1,-1
295,447,3.437071e-05,-1,-1
296,450,3.449125e-05,-1,-1
297,451,3.445884e-05,-1,-1
298,452,3.439136e-05,-1,-1
299,453,3.43913e-05,-1,-1
300,454,3.454301e-05,-1,-1
301,455,3.451927e-05,-1,-1
302,456,3.447193e-05,-1,-1
303,457,3.442883e-05,-1,-1
304,460,3.458974e-05,-1,-1
305,461,3.460816e-05,-1,-1
306,462,3.456937e-05,-1,-1
307,463,3.449707e-05,-1,-1
308,464,3.461928e-05,-1,-1
309,465,3.469692e-05,-1,-1
310,466,3.465333e-05,-1,-1
311,467,3.457876e-05,-1,-1
312,470,3.466943e-05,-1,-1
313,471,3.477653e-05,-1,-1
314,472,3.473314e-05,-1,-1
315,473,3.465687e-05,-1,-1
316,474,3.473352e-05,-1,-1
317,475,3.484832e-05,-1,-1
318,476,3.481757e-05,-1,-1
319,477,3.475498e-05,-1,-1
320,500,3.473993e-05,-1,-1
321,501,3.489941e-05,-1,-1
322,502,3.487183e-05,-1,-1
323,503,3.480414e-05,-1,-1
324,504,3.477339e-05,-1,-1
325,505,3.49377e-05,-1,-1
326,506,3.493553e-05,-1,-1
327,507,3.486465e-05,-1,-1
328,510,3.482536e-05,-1,-1
329,511,3.49899e-05,-1,-1
330,512,3.496645e-05,-1,-1
331,513,3.490327e-05,-1,-1
332,514,3.486688e-05,-1,-1
333,515,3.502629e-05,-1,-1
334,516,3.503039e-05,-1,-1
335,517,3.495486e-05,-1,-1
336,520,3.488763e-05,-1,-1
337,521,3.504386e-05,-1,-1
338,522,3.505976e-05,-1,-1
339,523,3.498867e-05,-1,-1
340,524,3.49175e-05,-1,-1
341,525,3.507129e-05,-1,-1
342,526,3.508824e-05,-1,-1
343,527,3.501696e-05,-1,-1
344,530,3.493231e-05,-1,-1
345,531,3.503075e-05,-1,-1
346,532,3.510771e-05,-1,-1
347,533,3.505985e-05,-1,-1
348,534,3.497263e-05,-1,-1
349,535,3.498943e-05,-1,-1
350,536,3.510795e-05,-1,-1
351,537,3.505443e-05,-1,-1
352,540,3.496053e-05,-1,-1
353,541,3.500539e-05,-1,-1
354,542,3.510209e-05,-1,-1
355,543,3.505507e-05,-1,-1
356,544,3.496844e-05,-1,-1
357,545,3.495781e-05,-1,-1
358,546,3.50975e-05,-1,-1
359,547,3.507141e-05,-1,-1
360,550,3.499801e-05,-1,-1
361,551,3.496636e-05,-1,-1
362,552,3.510379e-05,-1,-1
363,553,3.506192e-05,-1,-1
364,554,3.497775e-05,-1,-1
365,555,3.494677e-05,-1,-1
366,556,3.510493e-05,-1,-1
367,557,3.507068e-05,-1,-1
368,560,3.498738e-05,-1,-1
369,561,3.495374e-05,-1,-1
370,562,3.509384e-05,-1,-1
371,563,3.507665e-05,-1,-1
372,564,3.499731e-05,-1,-1
373,565,3.494517e-05,-1,-1
374,566,3.510727e-05,-1,-1
375,567,3.508549e-05,-1,-1
376,570,3.498903e-05,-1,-1
377,571,3.498563e-05,-1,-1
378,572,3.511126e-05,-1,-1
379,573,3.505586e-05,-1,-1
380,574,3.496013e-05,-1,-1
381,575,3.498232e-05,-1,-1
382,576,3.51102e-05,-1,-1
383,577,3.507117e-05,-1,-1
384,600,3.499008e-05,-1,-1
385,601,3.49442e-05,-1,-1
386,602,3.509583e-05,-1,-1
387,603,3.509076e-05,-1,-1
388,604,3.501684e-05,-1,-1
389,605,3.493662e-05,-1,-1
390,606,3.508388e-05,-1,-1
391,607,3.509606e-05,-1,-1
392,610,3.503546e-05,-1,-1
393,611,3.496171e-05,-1,-1
394,612,3.495597e-05,-1,-1
395,613,3.509957e-05,-1,-1
396,614,3.505832e-05,-1,-1
397,615,3.498071e-05,-1,-1
398,616,3.493117e-05,-1,-1
399,617,3.506927e-05,-1,-1
400,620,3.506673e-05,-1,-1
401,621,3.499178e-05,-1,-1
402,622,3.490789e-05,-1,-1
403,623,3.503601e-05,-1,-1
404,624,3.505993e-05,-1,-1
405,625,3.498542e-05,-1,-1
406,626,3.490889e-05,-1,-1
407,627,3.501719e-05,-1,-1
408,630,3.507603e-05,-1,-1
409,631,3.500776e-05,-1,-1
410,632,3.492257e-05,-1,-1
411,633,3.499052e-05,-1,-1
412,634,3.5072e-05,-1,-1
413,635,3.500712e-05,-1,-1
414,636,3.491943e-05,-1,-1
415,637,3.493348e-05,-1,-1
416,640,3.506757e-05,-1,-1
417,641,3.502524e-05,-1,-1
418,642,3.494853e-05,-1,-1
419,643,3.490046e-05,-1,-1
420,644,3.50573e-05,-1,-1
421,645,3.505224e-05,-1,-1
422,646,3.498299e-05,-1,-1
423,647,3.490327e-05,-1,-1
424,650,3.505384e-05,-1,-1
425,651,3.50727e-05,-1,-1
426,652,3.499918e-05,-1,-1
427,653,3.492953e-05,-1,-1
428,654,3.499286e-05,-1,-1
429,655,3.508807e-05,-1,-1
430,656,3.502694e-05,-1,-1
431,657,3.49367e-05,-1,-1
432,660,3.499523e-05,-1,-1
433,661,3.50869e-05,-1,-1
434,662,3.503352e-05,-1,-1
435,663,3.493726e-05,-1,-1
436,664,3.498674e-05,-1,-1
437,665,3.508857e-05,-1,-1
438,666,3.503496e-05,-1,-1
439,667,3.494663e-05,-1,-1
440,670,3.498534e-05,-1,-1
441,671,3.508494e-05,-1,-1
442,672,3.503232e-05,-1,-1
443,673,3.494145e-05,-1,-1
444,674,3.495852e-05,-1,-1
445,675,3.508675e-05,-1,-1
446,676,3.503455e-05,-1,-1
447,677,3.492992e-05,-1,-1
448,700,3.499643e-05,-1,-1
449,701,3.508915e-05,-1,-1
450,702,3.503408e-05,-1,-1
451,703,3.494774e-05,-1,-1
452,704,3.500583e-05,-1,-1
453,705,3.51028e-05,-1,-1
454,706,3.503792e-05,-1,-1
455,707,3.495249e-05,-1,-1
456,710,3.497717e-05,-1,-1
457,711,3.509557e-05,-1,-1
458,712,3.506743e-05,-1,-1
459,713,3.499669e-05,-1,-1
460,714,3.4943e-05,-1,-1
461,715,3.510646e-05,-1,-1
462,716,3.50823e-05,-1,-1
463,717,3.500571e-05,-1,-1
464,720,3.495096e-05,-1,-1
465,721,3.509758e-05,-1,-1
466,722,3.510505e-05,-1,-1
467,723,3.504448e-05,-1,-1
468,724,3.494672e-05,-1,-1
469,725,3.505332e-05,-1,-1
470,726,3.511134e-05,-1,-1
471,727,3.504875e-05,-1,-1
472,730,3.496039e-05,-1,-1
473,731,3.496847e-05,-1,-1
474,732,3.510391e-05,-1,-1
475,733,3.505879e-05,-1,-1
476,734,3.497655e-05,-1,-1
477,735,3.494379e-05,-1,-1
478,736,3.508511e-05,-1,-1
479,737,3.506362e-05,-1,-1
480,740,3.496496e-05,-1,-1
481,741,3.492212e-05,-1,-1
482,742,3.50833e-05,-1,-1
483,743,3.505367e-05,-1,-1
484,744,3.497535e-05,-1,-1
485,745,3.491243e-05,-1,-1
486,746,3.506564e-05,-1,-1
487,747,3.505261e-05,-1,-1
488,750,3.496818e-05,-1,-1
489,751,3.490283e-05,-1,-1
490,752,3.506072e-05,-1,-1
491,753,3.504699e-05,-1,-1
492,754,3.497345e-05,-1,-1
493,755,3.489741e-05,-1,-1
494,756,3.504231e-05,-1,-1
495,757,3.504603e-05,-1,-1
496,760,3.496446e-05,-1,-1
497,761,3.4898e-05,-1,-1
498,762,3.503604e-05,-1,-1
499,763,3.504556e-05,-1,-1
500,764,3.496429e-05,-1,-1
501,765,3.488729e-05,-1,-1
502,766,3.50289e-05,-1,-1
503,767,3.504313e-05,-1,-1
504,770,3.497231e-05,-1,-1
505,771,3.488442e-05,-1,-1
506,772,3.501906e-05,-1,-1
507,773,3.505004e-05,-1,-1
508,774,3.499075e-05,-1,-1
509,775,3.492098e-05,-1,-1
510,776,3.491287e-05,-1,-1
511,777,3.505419e-05,-1,-1
512,1000,3.50101e-05,-1,-1
513,1001,3.493667e-05,-1,-1
514,1002,3.48879e-05,-1,-1
515,1003,3.503496e-05,-1,-1
516,1004,3.502187e-05,-1,-1
517,1005,3.496165e-05,-1,-1
518,1006,3.487762e-05,-1,-1
519,1007,3.50024e-05,-1,-1
520,1010,3.504368e-05,-1,-1
521,1011,3.498387e-05,-1,-1
522,1012,3.489396e-05,-1,-1
523,1013,3.495205e-05,-1,-1
524,1014,3.504708e-05,-1,-1
525,1015,3.49767e-05,-1,-1
526,1016,3.488111e-05,-1,-1
527,1017,3.502407e-05,-1,-1
528,1020,3.503405e-05,-1,-1
529,1021,3.496795e-05,-1,-1
530,1022,3.487786e-05,-1,-1
531,1023,3.500802e-05,-1,-1
532,1024,3.50344e-05,-1,-1
533,1025,3.496083e-05,-1,-1
534,1026,3.488239e-05,-1,-1
535,1027,3.5026e-05,-1,-1
536,1030,3.503499e-05,-1,-1
537,1031,3.497219e-05,-1,-1
538,1032,3.489173e-05,-1,-1
539,1033,3.502035e-05,-1,-1
540,1034,3.50585e-05,-1,-1
541,1035,3.499274e-05,-1,-1
542,1036,3.489785e-05,-1,-1
543,1037,3.500721e-05,-1,-1
544,1040,3.504705e-05,-1,-1
545,1041,3.497655e-05,-1,-1
546,1042,3.488834e-05,-1,-1
547,1043,3.501634e-05,-1,-1
548,1044,3.504017e-05,-1,-1
549,1045,3.496115e-05,-1,-1
550,1046,3.487935e-05,-1,-1
551,1047,3.501596e-05,-1,-1
552,1050,3.503045e-05,-1,-1
553,1051,3.494821e-05,-1,-1
554,1052,3.486758e-05,-1,-1
555,1053,3.499318e-05,-1,-1
556,1054,3.502076e-05,-1,-1
557,1055,3.495568e-05,-1,-1
558,1056,3.485991e-05,-1,-1
559,1057,3.499643e-05,-1,-1
560,1060,3.50279e-05,-1,-1
561,1061,3.494689e-05,-1,-1
562,1062,3.486787e-05,-1,-1
563,1063,3.499611e-05,-1,-1
564,1064,3.503042e-05,-1,-1
565,1065,3.495811e-05,-1,-1
566,1066,3.486732e-05,-1,-1
567,1067,3.498425e-05,-1,-1
568,1070,3.503557e-05,-1,-1
569,1071,3.496953e-05,-1,-1
570,1072,3.488582e-05,-1,-1
571,1073,3.497933e-05,-1,-1
572,1074,3.504579e-05,-1,-1
573,1075,3.498261e-05,-1,-1
574,1076,3.488761e-05,-1,-1
575,1077,3.495082e-05,-1,-1
576,1100,3.504237e-05,-1,-1
577,1101,3.498779e-05,-1,-1
578,1102,3.490236e-05,-1,-1
579,1103,3.494669e-05,-1,-1
580,1104,3.505305e-05,-1,-1
581,1105,3.499312e-05,-1,-1
582,1106,3.490599e-05,-1,-1
583,1107,3.492865e-05,-1,-1
584,1110,3.505742e-05,-1,-1
585,1111,3.501517e-05,-1,-1
586,1112,3.493676e-05,-1,-1
587,1113,3.491322e-05,-1,-1
588,1114,3.505036e-05,-1,-1
589,1115,3.497043e-05,-1,-1
590,1116,3.489074e-05,-1,-1
591,1117,3.502797e-05,-1,-1
592,1120,3.504819e-05,-1,-1
593,1121,3.498129e-05,-1,-1
594,1122,3.488954e-05,-1,-1
595,1123,3.500756e-05,-1,-1
596,1124,3.505545e-05,-1,-1
597,1125,3.498006e-05,-1,-1
598,1126,3.489542e-05,-1,-1
599,1127,3.499186e-05,-1,-1
600,1130,3.505522e-05,-1,-1
601,1131,3.499851e-05,-1,-1
602,1132,3.491574e-05,-1,-1
603,1133,3.495231e-05,-1,-1
604,1134,3.505355e-05,-1,-1
605,1135,3.501499e-05,-1,-1
606,1136,3.492734e-05,-1,-1
607,1137,3.489782e-05,-1,-1
608,1140,3.503891e-05,-1,-1
609,1141,3.50128e-05,-1,-1
610,1142,3.492339e-05,-1,-1
611,1143,3.490263e-05,-1,-1
612,1144,3.503253e-05,-1,-1
613,1145,3.500838e-05,-1,-1
614,1146,3.492198e-05,-1,-1
615,1147,3.487121e-05,-1,-1
616,1150,3.501525e-05,-1,-1
617,1151,3.501253e-05,-1,-1
618,1152,3.493627e-05,-1,-1
619,1153,3.485566e-05,-1,-1
620,1154,3.499248e-05,-1,-1
621,1155,3.500337e-05,-1,-1
622,1156,3.491352e-05,-1,-1
623,1157,3.481608e-05,-1,-1
624,1160,3.491887e-05,-1,-1
625,1161,3.495163e-05,-1,-1
626,1162,3.486612e-05,-1,-1
627,1163,3.475173e-05,-1,-1
628,1164,3.480733e-05,-1,-1
629,1165,3.483851e-05,-1,-1
630,1166,3.475237e-05,-1,-1
631,1167,3.463617e-05,-1,-1
632,1170,3.467701e-05,-1,-1
633,1171,3.475653e-05,-1,-1
634,1172,3.46759e-05,-1,-1
635,1173,3.45657e-05,-1,-1
636,1174,3.455783e-05,-1,-1
637,1175,3.46444e-05,-1,-1
638,1176,3.456418e-05,-1,-1
639,1177,3.442078e-05,-1,-1
640,1200,3.434934e-05,-1,-1
641,1201,3.44286e-05,-1,-1
642,1202,3.435002e-05,-1,-1
643,1203,3.425738e-05,-1,-1
644,1204,3.42229e-05,-1,-1
645,1205,3.434258e-05,-1,-1
646,1206,3.429488e-05,-1,-1
647,1207,3.41969e-05,-1,-1
648,1210,3.409835e-05,-1,-1
649,1211,3.420984e-05,-1,-1
650,1212,3.416683e-05,-1,-1
651,1213,3.405098e-05,-1,-1
652,1214,3.394992e-05,-1,-1
653,1215,3.405215e-05,-1,-1
654,1216,3.402056e-05,-1,-1
655,1217,3.391803e-05,-1,-1
656,1220,3.380651e-05,-1,-1
657,1221,3.390758e-05,-1,-1
658,1222,3.389341e-05,-1,-1
659,1223,3.379407e-05,-1,-1
660,1224,3.368229e-05,-1,-1
661,1225,3.378977e-05,-1,-1
662,1226,3.379372e-05,-1,-1
663,1227,3.370568e-05,-1,-1
664,1230,3.360117e-05,-1,-1
665,1231,3.36584e-05,-1,-1
666,1232,3.37128e-05,-1,-1
667,1233,3.363378e-05,-1,-1
668,1234,3.352446e-05,-1,-1
669,1235,3.354987e-05,-1,-1
670,1236,3.363832e-05,-1,-1
671,1237,3.357341e-05,-1,-1
672,1240,3.346985e-05,-1,-1
673,1241,3.349597e-05,-1,-1
674,1242,3.357718e-05,-1,-1
675,1243,3.35176e-05,-1,-1
676,1244,3.343519e-05,-1,-1
677,1245,3.342339e-05,-1,-1
678,1246,3.353754e-05,-1,-1
679,1247,3.349535e-05,-1,-1
680,1250,3.340659e-05,-1,-1
681,1251,3.336414e-05,-1,-1
682,1252,3.350598e-05,-1,-1
683,1253,3.347158e-05,-1,-1
684,1254,3.340006e-05,-1,-1
685,1255,3.333158e-05,-1,-1
686,1256,3.347466e-05,-1,-1
687,1257,3.344874e-05,-1,-1
688,1260,3.336366e-05,-1,-1
689,1261,3.332405e-05,-1,-1
690,1262,3.345095e-05,-1,-1
691,1263,3.342026e-05,-1,-1
692,1264,3.332529e-05,-1,-1
693,1265,3.328515e-05,-1,-1
694,1266,3.342532e-05,-1,-1
695,1267,3.337748e-05,-1,-1
696,1270,3.328664e-05,-1,-1
697,1271,3.326324e-05,-1,-1
698,1272,3.339051e-05,-1,-1
699,1273,3.335202e-05,-1,-1
700,1274,3.328464e-05,-1,-1
701,1275,3.320615e-05,-1,-1
702,1276,3.333577e-05,-1,-1
703,1277,3.332183e-05,-1,-1
704,1300,3.326498e-05,-1,-1
705,1301,3.318824e-05,-1,-1
706,1302,3.329958e-05,-1,-1
707,1303,3.333564e-05,-1,-1
708,1304,3.324416e-05,-1,-1
709,1305,3.316244e-05,-1,-1
710,1306,3.323186e-05,-1,-1
711,1307,3.330745e-05,-1,-1
712,1310,3.325376e-05,-1,-1
713,1311,3.317647e-05,-1,-1
714,1312,3.315301e-05,-1,-1
715,1313,3.328866e-05,-1,-1
716,1314,3.327791e-05,-1,-1
717,1315,3.318393e-05,-1,-1
718,1316,3.313891e-05,-1,-1
719,1317,3.327776e-05,-1,-1
720,1320,3.327109e-05,-1,-1
721,1321,3.319927e-05,-1,-1
722,1322,3.312883e-05,-1,-1
723,1323,3.32472e-05,-1,-1
724,1324,3.327505e-05,-1,-1
725,1325,3.320663e-05,-1,-1
726,1326,3.312163e-05,-1,-1
727,1327,3.322205e-05,-1,-1
728,1330,3.326307e-05,-1,-1
729,1331,3.317846e-05,-1,-1
730,1332,3.309039e-05,-1,-1
731,1333,3.317621e-05,-1,-1
732,1334,3.324038e-05,-1,-1
733,1335,3.319051e-05,-1,-1
734,1336,3.307329e-05,-1,-1
735,1337,3.317588e-05,-1,-1
736,1340,3.323124e-05,-1,-1
737,1341,3.317234e-05,-1,-1
738,1342,3.309499e-05,-1,-1
739,1343,3.320416e-05,-1,-1
740,1344,3.325109e-05,-1,-1
741,1345,3.318358e-05,-1,-1
742,1346,3.309908e-05,-1,-1
743,1347,3.315831e-05,-1,-1
744,1350,3.324117e-05,-1,-1
745,1351,3.319462e-05,-1,-1
746,1352,3.310901e-05,-1,-1
747,1353,3.312145e-05,-1,-1
748,1354,3.323513e-05,-1,-1
749,1355,3.31895e-05,-1,-1
750,1356,3.310975e-05,-1,-1
751,1357,3.311106e-05,-1,-1
752,1360,3.322972e-05,-1,-1
753,1361,3.318443e-05,-1,-1
754,1362,3.309695e-05,-1,-1
755,1363,3.309159e-05,-1,-1
756,1364,3.322073e-05,-1,-1
757,1365,3.319418e-05,-1,-1
758,1366,3.313966e-05,-1,-1
759,1367,3.306108e-05,-1,-1
760,1370,3.32029e-05,-1,-1
761,1371,3.322263e-05,-1,-1
762,1372,3.317331e-05,-1,-1
763,1373,3.30985e-05,-1,-1
764,1374,3.313182e-05,-1,-1
765,1375,3.327088e-05,-1,-1
766,1376,3.324058e-05,-1,-1
767,1377,3.315398e-05,-1,-1
768,1400,3.317933e-05,-1,-1
769,1401,3.331182e-05,-1,-1
770,1402,3.328392e-05,-1,-1
771,1403,3.322717e-05,-1,-1
772,1404,3.320448e-05,-1,-1
773,1405,3.336419e-05,-1,-1
774,1406,3.334508e-05,-1,-1
775,1407,3.328189e-05,-1,-1
776,1410,3.326377e-05,-1,-1
777,1411,3.34231e-05,-1,-1
778,1412,3.341815e-05,-1,-1
779,1413,3.334924e-05,-1,-1
780,1414,3.332584e-05,-1,-1
781,1415,3.349342e-05,-1,-1
782,1416,3.34943e-05,-1,-1
783,1417,3.343981e-05,-1,-1
784,1420,3.342632e-05,-1,-1
785,1421,3.360778e-05,-1,-1
786,1422,3.361808e-05,-1,-1
787,1423,3.356638e-05,-1,-1
788,1424,3.355663e-05,-1,-1
789,1425,3.37426e-05,-1,-1
790,1426,3.374872e-05,-1,-1
791,1427,3.370407e-05,-1,-1
792,1430,3.368624e-05,-1,-1
793,1431,3.386589e-05,-1,-1
794,1432,3.388539e-05,-1,-1
795,1433,3.383617e-05,-1,-1
796,1434,3.380616e-05,-1,-1
797,1435,3.39794e-05,-1,-1
798,1436,3.400972e-05,-1,-1
799,1437,3.398841e-05,-1,-1
800,1440,3.394898e-05,-1,-1
801,1441,3.410098e-05,-1,-1
802,1442,3.418214e-05,-1,-1
803,1443,3.415673e-05,-1,-1
804,1444,3.409797e-05,-1,-1
805,1445,3.424986e-05,-1,-1
806,1446,3.433775e-05,-1,-1
807,1447,3.432092e-05,-1,-1
808,1450,3.42989e-05,-1,-1
809,1451,3.427621e-05,-1,-1
810,1452,3.44586e-05,-1,-1
811,1453,3.444874e-05,-1,-1
812,1454,3.440327e-05,-1,-1
813,1455,3.436017e-05,-1,-1
814,1456,3.452082e-05,-1,-1
815,1457,3.454764e-05,-1,-1
816,1460,3.450978e-05,-1,-1
817,1461,3.444581e-05,-1,-1
818,1462,3.454407e-05,-1,-1
819,1463,3.464718e-05,-1,-1
820,1464,3.460063e-05,-1,-1
821,1465,3.454249e-05,-1,-1
822,1466,3.461951e-05,-1,-1
823,1467,3.472884e-05,-1,-1
824,1470,3.469233e-05,-1,-1
825,1471,3.461182e-05,-1,-1
826,1472,3.467749e-05,-1,-1
827,1473,3.479114e-05,-1,-1
828,1474,3.475223e-05,-1,-1
829,1475,3.467553e-05,-1,-1
830,1476,3.47597e-05,-1,-1
831,1477,3.485942e-05,-1,-1
832,1500,3.479126e-05,-1,-1
833,1501,3.470782e-05,-1,-1
834,1502,3.477878e-05,-1,-1
835,1503,3.488152e-05,-1,-1
836,1504,3.482967e-05,-1,-1
837,1505,3.473982e-05,-1,-1
838,1506,3.478265e-05,-1,-1
839,1507,3.49064e-05,-1,-1
840,1510,3.485602e-05,-1,-1
841,1511,3.477969e-05,-1,-1
842,1512,3.477984e-05,-1,-1
843,1513,3.49158e-05,-1,-1
844,1514,3.488164e-05,-1,-1
845,1515,3.479606e-05,-1,-1
846,1516,3.477401e-05,-1,-1
847,1517,3.492725e-05,-1,-1
848,1520,3.489056e-05,-1,-1
849,1521,3.481318e-05,-1,-1
850,1522,3.476807e-05,-1,-1
851,1523,3.491498e-05,-1,-1
852,1524,3.490784e-05,-1,-1
853,1525,3.481746e-05,-1,-1
854,1526,3.475404e-05,-1,-1
855,1527,3.489463e-05,-1,-1
856,1530,3.491597e-05,-1,-1
857,1531,3.484861e-05,-1,-1
858,1532,3.476909e-05,-1,-1
859,1533,3.483236e-05,-1,-1
860,1534,3.493878e-05,-1,-1
861,1535,3.489288e-05,-1,-1
862,1536,3.480173e-05,-1,-1
863,1537,3.479371e-05,-1,-1
864,1540,3.493164e-05,-1,-1
865,1541,3.490078e-05,-1,-1
866,1542,3.481468e-05,-1,-1
867,1543,3.479298e-05,-1,-1
868,1544,3.493644e-05,-1,-1
869,1545,3.491896e-05,-1,-1
870,1546,3.484267e-05,-1,-1
871,1547,3.477395e-05,-1,-1
872,1550,3.49093e-05,-1,-1
873,1551,3.492986e-05,-1,-1
874,1552,3.486193e-05,-1,-1
875,1553,3.477697e-05,-1,-1
876,1554,3.487774e-05,-1,-1
877,1555,3.493996e-05,-1,-1
878,1556,3.490362e-05,-1,-1
879,1557,3.483491e-05,-1,-1
880,1560,3.481737e-05,-1,-1
881,1561,3.496265e-05,-1,-1
882,1562,3.49276e-05,-1,-1
883,1563,3.483895e-05,-1,-1
884,1564,3.479611e-05,-1,-1
885,1565,3.494031e-05,-1,-1
886,1566,3.495758e-05,-1,-1
887,1567,3.488488e-05,-1,-1
888,1570,3.480484e-05,-1,-1
889,1571,3.490114e-05,-1,-1
890,1572,3.497626e-05,-1,-1
891,1573,3.492312e-05,-1,-1
892,1574,3.484196e-05,-1,-1
893,1575,3.492813e-05,-1,-1
894,1576,3.497553e-05,-1,-1
895,1577,3.491372e-05,-1,-1
896,1600,3.482209e-05,-1,-1
897,1601,3.495969e-05,-1,-1
898,1602,3.499675e-05,-1,-1
899,1603,3.494271e-05,-1,-1
900,1604,3.484949e-05,-1,-1
901,1605,3.488397e-05,-1,-1
902,1606,3.49969e-05,-1,-1
903,1607,3.493817e-05,-1,-1
904,1610,3.485092e-05,-1,-1
905,1611,3.486322e-05,-1,-1
906,1612,3.499022e-05,-1,-1
907,1613,3.493989e-05,-1,-1
908,1614,3.484794e-05,-1,-1
909,1615,3.485552e-05,-1,-1
910,1616,3.499567e-05,-1,-1
911,1617,3.494979e-05,-1,-1
912,1620,3.48617e-05,-1,-1
913,1621,3.488878e-05,-1,-1
914,1622,3.50027e-05,-1,-1
915,1623,3.495652e-05,-1,-1
916,1624,3.487712e-05,-1,-1
917,1625,3.486623e-05,-1,-1
918,1626,3.50195e-05,-1,-1
919,1627,3.497611e-05,-1,-1
920,1630,3.488653e-05,-1,-1
921,1631,3.486331e-05,-1,-1
922,1632,3.500589e-05,-1,-1
923,1633,3.498281e-05,-1,-1
924,1634,3.490766e-05,-1,-1
925,1635,3.486073e-05,-1,-1
926,1636,3.501859e-05,-1,-1
927,1637,3.497766e-05,-1,-1
928,1640,3.489387e-05,-1,-1
929,1641,3.487771e-05,-1,-1
930,1642,3.5026e-05,-1,-1
931,1643,3.498466e-05,-1,-1
932,1644,3.489264e-05,-1,-1
933,1645,3.487373e-05,-1,-1
934,1646,3.501165e-05,-1,-1
935,1647,3.497113e-05,-1,-1
936,1650,3.488887e-05,-1,-1
937,1651,3.48374e-05,-1,-1
938,1652,3.498844e-05,-1,-1
939,1653,3.497058e-05,-1,-1
940,1654,3.489106e-05,-1,-1
941,1655,3.482788e-05,-1,-1
942,1656,3.498873e-05,-1,-1
943,1657,3.496894e-05,-1,-1
944,1660,3.489361e-05,-1,-1
945,1661,3.481442e-05,-1,-1
946,1662,3.496273e-05,-1,-1
947,1663,3.496575e-05,-1,-1
948,1664,3.48843e-05,-1,-1
949,1665,3.480947e-05,-1,-1
950,1666,3.495175e-05,-1,-1
951,1667,3.496584e-05,-1,-1
952,1670,3.487835e-05,-1,-1
953,1671,3.480376e-05,-1,-1
954,1672,3.496666e-05,-1,-1
955,1673,3.495597e-05,-1,-1
956,1674,3.486462e-05,-1,-1
957,1675,3.480317e-05,-1,-1
958,1676,3.495363e-05,-1,-1
959,1677,3.494918e-05,-1,-1
960,1700,3.485886e-05,-1,-1
961,1701,3.48126e-05,-1,-1
962,1702,3.495298e-05,-1,-1
963,1703,3.495158e-05,-1,-1
964,1704,3.487437e-05,-1,-1
965,1705,3.480115e-05,-1,-1
966,1706,3.493492e-05,-1,-1
967,1707,3.495963e-05,-1,-1
968,1710,3.487675e-05,-1,-1
969,1711,3.480613e-05,-1,-1
970,1712,3.496103e-05,-1,-1
971,1713,3.495436e-05,-1,-1
972,1714,3.487373e-05,-1,-1
973,1715,3.480812e-05,-1,-1
974,1716,3.495919e-05,-1,-1
975,1717,3.495881e-05,-1,-1
976,1720,3.488843e-05,-1,-1
977,1721,3.482273e-05,-1,-1
978,1722,3.497673e-05,-1,-1
979,1723,3.496452e-05,-1,-1
980,1724,3.488916e-05,-1,-1
981,1725,3.481983e-05,-1,-1
982,1726,3.49769e-05,-1,-1
983,1727,3.497518e-05,-1,-1
984,1730,3.489141e-05,-1,-1
985,1731,3.481614e-05,-1,-1
986,1732,3.494651e-05,-1,-1
987,1733,3.497957e-05,-1,-1
988,1734,3.49007e-05,-1,-1
989,1735,3.48097e-05,-1,-1
990,1736,3.492804e-05,-1,-1
991,1737,3.497298e-05,-1,-1
992,1740,3.491328e-05,-1,-1
993,1741,3.484073e-05,-1,-1
994,1742,3.483125e-05,-1,-1
995,1743,3.497869e-05,-1,-1
996,1744,3.494578e-05,-1,-1
997,1745,3.487786e-05,-1,-1
998,1746,3.480897e-05,-1,-1
999,1747,3.49495e-05,-1,-1
1000,1750,3.4963e-05,-1,-1
1001,1751,3.489741e-05,-1,-1
1002,1752,3.480408e-05,-1,-1
1003,1753,3.489879e-05,-1,-1
1004,1754,3.496651e-05,-1,-1
1005,1755,3.489276e-05,-1,-1
1006,1756,3.480762e-05,-1,-1
1007,1757,3.48328e-05,-1,-1
1008,1760,3.496154e-05,-1,-1
1009,1761,3.491032e-05,-1,-1
1010,1762,3.483174e-05,-1,-1
1011,1763,3.482021e-05,-1,-1
1012,1764,3.495409e-05,-1,-1
1013,1765,3.493293e-05,-1,-1
1014,1766,3.484656e-05,-1,-1
1015,1767,3.479488e-05,-1,-1
1016,1770,3.494478e-05,-1,-1
1017,1771,3.494262e-05,-1,-1
1018,1772,3.486571e-05,-1,-1
1019,1773,3.479488e-05,-1,-1
1020,1774,3.491753e-05,-1,-1
1021,1775,3.495494e-05,-1,-1
1022,1776,3.489103e-05,-1,-1
1023,1777,3.479573e-05,-1,-1
1024,2000,3.486697e-05,-1,-1
1025,2001,3.496036e-05,-1,-1
1026,2002,3.491369e-05,-1,-1
1027,2003,3.481986e-05,-1,-1
1028,2004,3.48225e-05,-1,-1
1029,2005,3.49589e-05,-1,-1
1030,2006,3.491293e-05,-1,-1
1031,2007,3.483447e-05,-1,-1
1032,2010,3.479796e-05,-1,-1
1033,2011,3.493132e-05,-1,-1
1034,2012,3.493811e-05,-1,-1
1035,2013,3.486202e-05,-1,-1
1036,2014,3.478476e-05,-1,-1
1037,2015,3.493788e-05,-1,-1
1038,2016,3.492602e-05,-1,-1
1039,2017,3.484436e-05,-1,-1
1040,2020,3.478657e-05,-1,-1
1041,2021,3.493029e-05,-1,-1
1042,2022,3.492824e-05,-1,-1
1043,2023,3.485654e-05,-1,-1
1044,2024,3.477445e-05,-1,-1
1045,2025,3.491419e-05,-1,-1
1046,2026,3.493281e-05,-1,-1
1047,2027,3.485833e-05,-1,-1
1048,2030,3.478244e-05,-1,-1
1049,2031,3.492248e-05,-1,-1
1050,2032,3.492874e-05,-1,-1
1051,2033,3.485865e-05,-1,-1
1052,2034,3.47808e-05,-1,-1
1053,2035,3.492986e-05,-1,-1
1054,2036,3.494116e-05,-1,-1
1055,2037,3.486907e-05,-1,-1
1056,2040,3.478326e-05,-1,-1
1057,2041,3.491484e-05,-1,-1
1058,2042,3.49423e-05,-1,-1
1059,2043,3.48747e-05,-1,-1
1060,2044,3.478657e-05,-1,-1
1061,2045,3.490699e-05,-1,-1
1062,2046,3.495091e-05,-1,-1
1063,2047,3.489615e-05,-1,-1
1064,2050,3.482232e-05,-1,-1
1065,2051,3.48107e-05,-1,-1
1066,2052,3.494613e-05,-1,-1
1067,2053,3.49266e-05,-1,-1
1068,2054,3.48552e-05,-1,-1
1069,2055,3.47753e-05,-1,-1
1070,2056,3.488445e-05,-1,-1
1071,2057,3.493416e-05,-1,-1
1072,2060,3.486032e-05,-1,-1
1073,2061,3.476458e-05,-1,-1
1074,2062,3.486202e-05,-1,-1
1075,2063,3.494051e-05,-1,-1
1076,2064,3.488365e-05,-1,-1
1077,2065,3.479972e-05,-1,-1
1078,2066,3.483667e-05,-1,-1
1079,2067,3.494016e-05,-1,-1
1080,2070,3.48778e-05,-1,-1
1081,2071,3.479287e-05,-1,-1
1082,2072,3.482431e-05,-1,-1
1083,2073,3.494543e-05,-1,-1
1084,2074,3.489663e-05,-1,-1
1085,2075,3.480516e-05,-1,-1
1086,2076,3.482472e-05,-1,-1
1087,2077,3.494602e-05,-1,-1
1088,2100,3.488477e-05,-1,-1
1089,2101,3.480294e-05,-1,-1
1090,2102,3.483529e-05,-1,-1
1091,2103,3.49435e-05,-1,-1
1092,2104,3.490266e-05,-1,-1
1093,2105,3.48068e-05,-1,-1
1094,2106,3.480103e-05,-1,-1
1095,2107,3.493957e-05,-1,-1
1096,2110,3.488544e-05,-1,-1
1097,2111,3.478973e-05,-1,-1
1098,2112,3.481254e-05,-1,-1
1099,2113,3.492602e-05,-1,-1
1100,2114,3.487657e-05,-1,-1
1101,2115,3.479676e-05,-1,-1
1102,2116,3.475858e-05,-1,-1
1103,2117,3.491308e-05,-1,-1
1104,2120,3.487982e-05,-1,-1
1105,2121,3.479114e-05,-1,-1
1106,2122,3.474099e-05,-1,-1
1107,2123,3.488676e-05,-1,-1
1108,2124,3.488187e-05,-1,-1
1109,2125,3.480645e-05,-1,-1
1110,2126,3.473417e-05,-1,-1
1111,2127,3.484448e-05,-1,-1
1112,2130,3.490567e-05,-1,-1
1113,2131,3.484527e-05,-1,-1
1114,2132,3.47719e-05,-1,-1
1115,2133,3.477243e-05,-1,-1
1116,2134,3.491194e-05,-1,-1
1117,2135,3.48696e-05,-1,-1
1118,2136,3.479573e-05,-1,-1
1119,2137,3.475038e-05,-1,-1
1120,2140,3.490172e-05,-1,-1
1121,2141,3.488269e-05,-1,-1
1122,2142,3.480745e-05,-1,-1
1123,2143,3.473478e-05,-1,-1
1124,2144,3.488505e-05,-1,-1
1125,2145,3.489557e-05,-1,-1
1126,2146,3.481963e-05,-1,-1
1127,2147,3.474365e-05,-1,-1
1128,2150,3.487929e-05,-1,-1
1129,2151,3.490965e-05,-1,-1
1130,2152,3.485069e-05,-1,-1
1131,2153,3.477504e-05,-1,-1
1132,2154,3.483058e-05,-1,-1
1133,2155,3.492795e-05,-1,-1
1134,2156,3.488433e-05,-1,-1
1135,2157,3.479579e-05,-1,-1
1136,2160,3.479134e-05,-1,-1
1137,2161,3.493446e-05,-1,-1
1138,2162,3.489923e-05,-1,-1
1139,2163,3.481764e-05,-1,-1
1140,2164,3.479922e-05,-1,-1
1141,2165,3.493395e-05,-1,-1
1142,2166,3.491703e-05,-1,-1
1143,2167,3.482577e-05,-1,-1
1144,2170,3.477902e-05,-1,-1
1145,2171,3.491811e-05,-1,-1
1146,2172,3.494408e-05,-1,-1
1147,2173,3.486969e-05,-1,-1
1148,2174,3.47806e-05,-1,-1
1149,2175,3.487256e-05,-1,-1
1150,2176,3.495521e-05,-1,-1
1151,2177,3.489861e-05,-1,-1
1152,2200,3.481637e-05,-1,-1
1153,2201,3.487027e-05,-1,-1
1154,2202,3.49687e-05,-1,-1
1155,2203,3.492268e-05,-1,-1
1156,2204,3.482712e-05,-1,-1
1157,2205,3.484401e-05,-1,-1
1158,2206,3.49757e-05,-1,-1
1159,2207,3.49276e-05,-1,-1
1160,2210,3.485221e-05,-1,-1
1161,2211,3.486603e-05,-1,-1
1162,2212,3.497737e-05,-1,-1
1163,2213,3.493126e-05,-1,-1
1164,2214,3.48504e-05,-1,-1
1165,2215,3.483397e-05,-1,-1
1166,2216,3.496754e-05,-1,-1
1167,2217,3.495138e-05,-1,-1
1168,2220,3.488357e-05,-1,-1
1169,2221,3.480917e-05,-1,-1
1170,2222,3.494549e-05,-1,-1
1171,2223,3.496238e-05,-1,-1
1172,2224,3.488407e-05,-1,-1
1173,2225,3.480396e-05,-1,-1
1174,2226,3.492666e-05,-1,-1
1175,2227,3.496065e-05,-1,-1
1176,2230,3.48934e-05,-1,-1
1177,2231,3.480704e-05,-1,-1
1178,2232,3.492063e-05,-1,-1
1179,2233,3.496537e-05,-1,-1
1180,2234,3.490617e-05,-1,-1
1181,2235,3.481884e-05,-1,-1
1182,2236,3.486512e-05,-1,-1
1183,2237,3.496244e-05,-1,-1
1184,2240,3.492584e-05,-1,-1
1185,2241,3.483219e-05,-1,-1
1186,2242,3.479213e-05,-1,-1
1187,2243,3.494918e-05,-1,-1
1188,2244,3.491258e-05,-1,-1
1189,2245,3.482226e-05,-1,-1
1190,2246,3.480586e-05,-1,-1
1191,2247,3.493881e-05,-1,-1
1192,2250,3.493325e-05,-1,-1
1193,2251,3.485649e-05,-1,-1
1194,2252,3.477234e-05,-1,-1
1195,2253,3.490403e-05,-1,-1
1196,2254,3.49389e-05,-1,-1
1197,2255,3.487481e-05,-1,-1
1198,2256,3.478941e-05,-1,-1
1199,2257,3.489519e-05,-1,-1
1200,2260,3.494736e-05,-1,-1
1201,2261,3.487794e-05,-1,-1
1202,2262,3.478777e-05,-1,-1
1203,2263,3.486793e-05,-1,-1
1204,2264,3.494968e-05,-1,-1
1205,2265,3.489285e-05,-1,-1
1206,2266,3.480054e-05,-1,-1
1207,2267,3.488442e-05,-1,-1
1208,2270,3.495729e-05,-1,-1
1209,2271,3.489059e-05,-1,-1
1210,2272,3.479998e-05,-1,-1
1211,2273,3.485593e-05,-1,-1
1212,2274,3.494388e-05,-1,-1
1213,2275,3.490134e-05,-1,-1
1214,2276,3.481772e-05,-1,-1
1215,2277,3.478183e-05,-1,-1
1216,2300,3.490669e-05,-1,-1
1217,2301,3.489328e-05,-1,-1
1218,2302,3.481845e-05,-1,-1
1219,2303,3.474017e-05,-1,-1
1220,2304,3.484758e-05,-1,-1
1221,2305,3.48934e-05,-1,-1
1222,2306,3.481093e-05,-1,-1
1223,2307,3.472075e-05,-1,-1
1224,2310,3.480583e-05,-1,-1
1225,2311,3.486864e-05,-1,-1
1226,2312,3.480173e-05,-1,-1
1227,2313,3.472963e-05,-1,-1
1228,2314,3.470688e-05,-1,-1
1229,2315,3.485458e-05,-1,-1
1230,2316,3.481084e-05,-1,-1
1231,2317,3.473106e-05,-1,-1
1232,2320,3.470316e-05,-1,-1
1233,2321,3.484624e-05,-1,-1
1234,2322,3.481391e-05,-1,-1
1235,2323,3.474704e-05,-1,-1
1236,2324,3.467573e-05,-1,-1
1237,2325,3.481046e-05,-1,-1
1238,2326,3.4815e-05,-1,-1
1239,2327,3.473501e-05,-1,-1
1240,2330,3.465766e-05,-1,-1
1241,2331,3.480024e-05,-1,-1
1242,2332,3.48006e-05,-1,-1
1243,2333,3.472547e-05,-1,-1
1244,2334,3.464879e-05,-1,-1
1245,2335,3.479878e-05,-1,-1
1246,2336,3.480347e-05,-1,-1
1247,2337,3.47219e-05,-1,-1
1248,2340,3.464759e-05,-1,-1
1249,2341,3.47967e-05,-1,-1
1250,2342,3.478933e-05,-1,-1
1251,2343,3.47159e-05,-1,-1
1252,2344,3.464051e-05,-1,-1
1253,2345,3.478666e-05,-1,-1
1254,2346,3.479512e-05,-1,-1
1255,2347,3.472017e-05,-1,-1
1256,2350,3.465152e-05,-1,-1
1257,2351,3.479907e-05,-1,-1
1258,2352,3.478578e-05,-1,-1
1259,2353,3.470741e-05,-1,-1
1260,2354,3.465374e-05,-1,-1
1261,2355,3.48085e-05,-1,-1
1262,2356,3.477823e-05,-1,-1
1263,2357,3.469488e-05,-1,-1
1264,2360,3.468015e-05,-1,-1
1265,2361,3.481681e-05,-1,-1
1266,2362,3.47951e-05,-1,-1
1267,2363,3.472204e-05,-1,-1
1268,2364,3.465213e-05,-1,-1
1269,2365,3.479779e-05,-1,-1
1270,2366,3.479787e-05,-1,-1
1271,2367,3.4726e-05,-1,-1
1272,2370,3.465316e-05,-1,-1
1273,2371,3.479427e-05,-1,-1
1274,2372,3.481034e-05,-1,-1
1275,2373,3.472266e-05,-1,-1
1276,2374,3.465351e-05,-1,-1
1277,2375,3.481406e-05,-1,-1
1278,2376,3.481037e-05,-1,-1
1279,2377,3.473138e-05,-1,-1
1280,2400,3.466987e-05,-1,-1
1281,2401,3.481731e-05,-1,-1
1282,2402,3.482718e-05,-1,-1
1283,2403,3.475314e-05,-1,-1
1284,2404,3.470088e-05,-1,-1
1285,2405,3.485309e-05,-1,-1
1286,2406,3.481889e-05,-1,-1
1287,2407,3.473077e-05,-1,-1
1288,2410,3.470535e-05,-1,-1
1289,2411,3.484065e-05,-1,-1
1290,2412,3.480168e-05,-1,-1
1291,2413,3.471344e-05,-1,-1
1292,2414,3.468343e-05,-1,-1
1293,2415,3.48184e-05,-1,-1
1294,2416,3.478329e-05,-1,-1
1295,2417,3.470647e-05,-1,-1
1296,2420,3.463263e-05,-1,-1
1297,2421,3.47674e-05,-1,-1
1298,2422,3.477103e-05,-1,-1
1299,2423,3.469165e-05,-1,-1
1300,2424,3.46107e-05,-1,-1
1301,2425,3.474702e-05,-1,-1
1302,2426,3.476271e-05,-1,-1
1303,2427,3.469593e-05,-1,-1
1304,2430,3.459905e-05,-1,-1
1305,2431,3.470787e-05,-1,-1
1306,2432,3.475191e-05,-1,-1
1307,2433,3.46747e-05,-1,-1
1308,2434,3.45919e-05,-1,-1
1309,2435,3.467979e-05,-1,-1
1310,2436,3.472468e-05,-1,-1
1311,2437,3.464906e-05,-1,-1
1312,2440,3.457077e-05,-1,-1
1313,2441,3.470629e-05,-1,-1
1314,2442,3.472278e-05,-1,-1
1315,2443,3.46637e-05,-1,-1
1316,2444,3.463342e-05,-1,-1
1317,2445,3.471999e-05,-1,-1
1318,2446,3.466059e-05,-1,-1
1319,2447,3.458063e-05,-1,-1
1320,2450,3.45746e-05,-1,-1
1321,2451,3.469944e-05,-1,-1
1322,2452,3.465629e-05,-1,-1
1323,2453,3.45636e-05,-1,-1
1324,2454,3.454939e-05,-1,-1
1325,2455,3.468407e-05,-1,-1
1326,2456,3.465295e-05,-1,-1
1327,2457,3.457466e-05,-1,-1
1328,2460,3.452609e-05,-1,-1
1329,2461,3.466788e-05,-1,-1
1330,2462,3.464258e-05,-1,-1
1331,2463,3.45566e-05,-1,-1
1332,2464,3.450644e-05,-1,-1
1333,2465,3.464552e-05,-1,-1
1334,2466,3.46073e-05,-1,-1
1335,2467,3.451552e-05,-1,-1
1336,2470,3.450572e-05,-1,-1
1337,2471,3.462906e-05,-1,-1
1338,2472,3.459835e-05,-1,-1
1339,2473,3.450598e-05,-1,-1
1340,2474,3.446575e-05,-1,-1
1341,2475,3.460605e-05,-1,-1
1342,2476,3.460233e-05,-1,-1
1343,2477,3.45212e-05,-1,-1
1344,2500,3.445073e-05,-1,-1
1345,2501,3.459252e-05,-1,-1
1346,2502,3.460698e-05,-1,-1
1347,2503,3.453762e-05,-1,-1
1348,2504,3.445067e-05,-1,-1
1349,2505,3.458708e-05,-1,-1
1350,2506,3.460912e-05,-1,-1
1351,2507,3.454015e-05,-1,-1
1352,2510,3.446095e-05,-1,-1
1353,2511,3.45751e-05,-1,-1
1354,2512,3.462233e-05,-1,-1
1355,2513,3.455136e-05,-1,-1
1356,2514,3.446847e-05,-1,-1
1357,2515,3.457709e-05,-1,-1
1358,2516,3.464613e-05,-1,-1
1359,2517,3.459817e-05,-1,-1
1360,2520,3.45202e-05,-1,-1
1361,2521,3.452925e-05,-1,-1
1362,2522,3.465761e-05,-1,-1
1363,2523,3.464045e-05,-1,-1
1364,2524,3.456389e-05,-1,-1
1365,2525,3.449386e-05,-1,-1
1366,2526,3.461483e-05,-1,-1
1367,2527,3.465719e-05,-1,-1
1368,2530,3.458113e-05,-1,-1
1369,2531,3.449637e-05,-1,-1
1370,2532,3.459188e-05,-1,-1
1371,2533,3.465877e-05,-1,-1
1372,2534,3.460523e-05,-1,-1
1373,2535,3.450779e-05,-1,-1
1374,2536,3.45448e-05,-1,-1
1375,2537,3.466126e-05,-1,-1
1376,2540,3.460959e-05,-1,-1
1377,2541,3.452826e-05,-1,-1
1378,2542,3.454764e-05,-1,-1
1379,2543,3.465918e-05,-1,-1
1380,2544,3.462083e-05,-1,-1
1381,2545,3.453517e-05,-1,-1
1382,2546,3.454131e-05,-1,-1
1383,2547,3.465842e-05,-1,-1
1384,2550,3.460321e-05,-1,-1
1385,2551,3.451517e-05,-1,-1
1386,2552,3.454114e-05,-1,-1
1387,2553,3.464917e-05,-1,-1
1388,2554,3.459223e-05,-1,-1
1389,2555,3.450721e-05,-1,-1
1390,2556,3.455001e-05,-1,-1
1391,2557,3.465178e-05,-1,-1
1392,2560,3.459428e-05,-1,-1
1393,2561,3.450595e-05,-1,-1
1394,2562,3.451227e-05,-1,-1
1395,2563,3.46468e-05,-1,-1
1396,2564,3.461231e-05,-1,-1
1397,2565,3.453865e-05,-1,-1
1398,2566,3.450188e-05,-1,-1
1399,2567,3.46386e-05,-1,-1
1400,2570,3.46064e-05,-1,-1
1401,2571,3.452899e-05,-1,-1
1402,2572,3.447687e-05,-1,-1
1403,2573,3.463061e-05,-1,-1
1404,2574,3.462841e-05,-1,-1
1405,2575,3.455797e-05,-1,-1
1406,2576,3.448353e-05,-1,-1
1407,2577,3.462341e-05,-1,-1
1408,2600,3.464341e-05,-1,-1
1409,2601,3.458886e-05,-1,-1
1410,2602,3.451432e-05,-1,-1
1411,2603,3.455162e-05,-1,-1
1412,2604,3.465872e-05,-1,-1
1413,2605,3.46078e-05,-1,-1
1414,2606,3.452305e-05,-1,-1
1415,2607,3.451356e-05,-1,-1
1416,2610,3.465637e-05,-1,-1
1417,2611,3.462804e-05,-1,-1
1418,2612,3.45513e-05,-1,-1
1419,2613,3.456787e-05,-1,-1
1420,2614,3.471174e-05,-1,-1
1421,2615,3.468606e-05,-1,-1
1422,2616,3.460792e-05,-1,-1
1423,2617,3.456523e-05,-1,-1
1424,2620,3.470972e-05,-1,-1
1425,2621,3.469687e-05,-1,-1
1426,2622,3.462903e-05,-1,-1
1427,2623,3.45499e-05,-1,-1
1428,2624,3.468431e-05,-1,-1
1429,2625,3.472401e-05,-1,-1
1430,2626,3.462212e-05,-1,-1
1431,2627,3.451116e-05,-1,-1
1432,2630,3.462868e-05,-1,-1
1433,2631,3.4647e-05,-1,-1
1434,2632,3.457794e-05,-1,-1
1435,2633,3.449307e-05,-1,-1
1436,2634,3.461633e-05,-1,-1
1437,2635,3.465608e-05,-1,-1
1438,2636,3.459861e-05,-1,-1
1439,2637,3.451496e-05,-1,-1
1440,2640,3.46018e-05,-1,-1
1441,2641,3.467332e-05,-1,-1
1442,2642,3.460825e-05,-1,-1
1443,2643,3.450771e-05,-1,-1
1444,2644,3.457446e-05,-1,-1
1445,2645,3.46555e-05,-1,-1
1446,2646,3.459273e-05,-1,-1
1447,2647,3.451526e-05,-1,-1
1448,2650,3.447035e-05,-1,-1
1449,2651,3.45903e-05,-1,-1
1450,2652,3.458573e-05,-1,-1
1451,2653,3.449907e-05,-1,-1
1452,2654,3.441902e-05,-1,-1
1453,2655,3.452577e-05,-1,-1
1454,2656,3.458907e-05,-1,-1
1455,2657,3.45289e-05,-1,-1
1456,2660,3.444613e-05,-1,-1
1457,2661,3.455045e-05,-1,-1
1458,2662,3.460728e-05,-1,-1
1459,2663,3.454175e-05,-1,-1
1460,2664,3.44536e-05,-1,-1
1461,2665,3.44835e-05,-1,-1
1462,2666,3.461149e-05,-1,-1
1463,2667,3.456726e-05,-1,-1
1464,2670,3.447486e-05,-1,-1
1465,2671,3.450943e-05,-1,-1
1466,2672,3.45828e-05,-1,-1
1467,2673,3.450741e-05,-1,-1
1468,2674,3.440269e-05,-1,-1
1469,2675,3.440125e-05,-1,-1
1470,2676,3.453669e-05,-1,-1
1471,2677,3.448501e-05,-1,-1
1472,2700,3.440562e-05,-1,-1
1473,2701,3.439563e-05,-1,-1
1474,2702,3.452893e-05,-1,-1
1475,2703,3.450317e-05,-1,-1
1476,2704,3.442241e-05,-1,-1
1477,2705,3.438925e-05,-1,-1
1478,2706,3.455051e-05,-1,-1
1479,2707,3.453853e-05,-1,-1
1480,2710,3.447418e-05,-1,-1
1481,2711,3.442058e-05,-1,-1
1482,2712,3.455947e-05,-1,-1
1483,2713,3.45465e-05,-1,-1
1484,2714,3.447477e-05,-1,-1
1485,2715,3.441855e-05,-1,-1
1486,2716,3.457174e-05,-1,-1
1487,2717,3.455554e-05,-1,-1
1488,2720,3.446795e-05,-1,-1
1489,2721,3.44267e-05,-1,-1
1490,2722,3.459141e-05,-1,-1
1491,2723,3.458775e-05,-1,-1
1492,2724,3.452873e-05,-1,-1
1493,2725,3.445855e-05,-1,-1
1494,2726,3.461837e-05,-1,-1
1495,2727,3.462072e-05,-1,-1
1496,2730,3.456527e-05,-1,-1
1497,2731,3.448997e-05,-1,-1
1498,2732,3.463275e-05,-1,-1
1499,2733,3.465435e-05,-1,-1
1500,2734,3.459703e-05,-1,-1
1501,2735,3.45068e-05,-1,-1
1502,2736,3.461964e-05,-1,-1
1503,2737,3.467959e-05,-1,-1
1504,2740,3.462529e-05,-1,-1
1505,2741,3.453953e-05,-1,-1
1506,2742,3.45857e-05,-1,-1
1507,2743,3.470301e-05,-1,-1
1508,2744,3.46574e-05,-1,-1
1509,2745,3.457273e-05,-1,-1
1510,2746,3.460976e-05,-1,-1
1511,2747,3.471742e-05,-1,-1
1512,2750,3.470038e-05,-1,-1
1513,2751,3.461963e-05,-1,-1
1514,2752,3.458342e-05,-1,-1
1515,2753,3.474108e-05,-1,-1
1516,2754,3.47313e-05,-1,-1
1517,2755,3.466205e-05,-1,-1
1518,2756,3.463374e-05,-1,-1
1519,2757,3.478037e-05,-1,-1
1520,2760,3.475826e-05,-1,-1
1521,2761,3.468143e-05,-1,-1
1522,2762,3.463087e-05,-1,-1
1523,2763,3.478646e-05,-1,-1
1524,2764,3.478048e-05,-1,-1
1525,2765,3.470846e-05,-1,-1
1526,2766,3.463342e-05,-1,-1
1527,2767,3.477843e-05,-1,-1
1528,2770,3.480021e-05,-1,-1
1529,2771,3.474219e-05,-1,-1
1530,2772,3.464578e-05,-1,-1
1531,2773,3.476163e-05,-1,-1
1532,2774,3.481892e-05,-1,-1
1533,2775,3.475682e-05,-1,-1
1534,2776,3.467265e-05,-1,-1
1535,2777,3.478903e-05,-1,-1
1536,3000,3.48542e-05,-1,-1
1537,3001,3.478678e-05,-1,-1
1538,3002,3.471021e-05,-1,-1
1539,3003,3.482574e-05,-1,-1
1540,3004,3.487194e-05,-1,-1
1541,3005,3.480097e-05,-1,-1
1542,3006,3.471394e-05,-1,-1
1543,3007,3.484814e-05,-1,-1
1544,3010,3.487976e-05,-1,-1
1545,3011,3.48188e-05,-1,-1
1546,3012,3.472743e-05,-1,-1
1547,3013,3.484018e-05,-1,-1
1548,3014,3.490046e-05,-1,-1
1549,3015,3.484006e-05,-1,-1
1550,3016,3.476526e-05,-1,-1
1551,3017,3.485195e-05,-1,-1
1552,3020,3.493735e-05,-1,-1
1553,3021,3.489958e-05,-1,-1
1554,3022,3.483877e-05,-1,-1
1555,3023,3.482563e-05,-1,-1
1556,3024,3.496695e-05,-1,-1
1557,3025,3.494312e-05,-1,-1
1558,3026,3.488061e-05,-1,-1
1559,3027,3.479398e-05,-1,-1
1560,3030,3.493506e-05,-1,-1
1561,3031,3.49336e-05,-1,-1
1562,3032,3.487065e-05,-1,-1
1563,3033,3.478806e-05,-1,-1
1564,3034,3.487516e-05,-1,-1
1565,3035,3.495304e-05,-1,-1
1566,3036,3.489302e-05,-1,-1
1567,3037,3.481061e-05,-1,-1
1568,3040,3.482519e-05,-1,-1
1569,3041,3.495175e-05,-1,-1
1570,3042,3.490998e-05,-1,-1
1571,3043,3.481971e-05,-1,-1
1572,3044,3.483318e-05,-1,-1
1573,3045,3.496493e-05,-1,-1
1574,3046,3.493328e-05,-1,-1
1575,3047,3.485362e-05,-1,-1
1576,3050,3.480361e-05,-1,-1
1577,3051,3.494844e-05,-1,-1
1578,3052,3.492939e-05,-1,-1
1579,3053,3.484872e-05,-1,-1
1580,3054,3.475723e-05,-1,-1
1581,3055,3.489399e-05,-1,-1
1582,3056,3.489996e-05,-1,-1
1583,3057,3.482094e-05,-1,-1
1584,3060,3.473528e-05,-1,-1
1585,3061,3.488594e-05,-1,-1
1586,3062,3.491671e-05,-1,-1
1587,3063,3.485669e-05,-1,-1
1588,3064,3.477223e-05,-1,-1
1589,3065,3.491615e-05,-1,-1
1590,3066,3.499266e-05,-1,-1
1591,3067,3.492441e-05,-1,-1
1592,3070,3.483948e-05,-1,-1
1593,3071,3.487833e-05,-1,-1
1594,3072,3.500273e-05,-1,-1
1595,3073,3.496159e-05,-1,-1
1596,3074,3.487288e-05,-1,-1
1597,3075,3.482495e-05,-1,-1
1598,3076,3.496074e-05,-1,-1
1599,3077,3.496771e-05,-1,-1
1600,3100,3.489549e-05,-1,-1
1601,3101,3.48184e-05,-1,-1
1602,3102,3.496346e-05,-1,-1
1603,3103,3.498173e-05,-1,-1
1604,3104,3.490951e-05,-1,-1
1605,3105,3.481398e-05,-1,-1
1606,3106,3.493773e-05,-1,-1
1607,3107,3.497122e-05,-1,-1
1608,3110,3.490608e-05,-1,-1
1609,3111,3.482543e-05,-1,-1
1610,3112,3.493515e-05,-1,-1
1611,3113,3.499327e-05,-1,-1
1612,3114,3.49206e-05,-1,-1
1613,3115,3.483804e-05,-1,-1
1614,3116,3.497058e-05,-1,-1
1615,3117,3.504389e-05,-1,-1
1616,3120,3.498604e-05,-1,-1
1617,3121,3.487124e-05,-1,-1
1618,3122,3.495263e-05,-1,-1
1619,3123,3.498935e-05,-1,-1
1620,3124,3.491188e-05,-1,-1
1621,3125,3.482112e-05,-1,-1
1622,3126,3.489457e-05,-1,-1
1623,3127,3.497096e-05,-1,-1
1624,3130,3.492924e-05,-1,-1
1625,3131,3.485136e-05,-1,-1
1626,3132,3.483084e-05,-1,-1
1627,3133,3.496171e-05,-1,-1
1628,3134,3.493878e-05,-1,-1
1629,3135,3.487057e-05,-1,-1
1630,3136,3.478186e-05,-1,-1
1631,3137,3.488758e-05,-1,-1
1632,3140,3.494877e-05,-1,-1
1633,3141,3.489071e-05,-1,-1
1634,3142,3.481128e-05,-1,-1
1635,3143,3.481995e-05,-1,-1
1636,3144,3.494642e-05,-1,-1
1637,3145,3.490719e-05,-1,-1
1638,3146,3.481486e-05,-1,-1
1639,3147,3.487314e-05,-1,-1
1640,3150,3.49442e-05,-1,-1
1641,3151,3.490292e-05,-1,-1
1642,3152,3.482358e-05,-1,-1
1643,3153,3.482211e-05,-1,-1
1644,3154,3.496109e-05,-1,-1
1645,3155,3.492376e-05,-1,-1
1646,3156,3.484616e-05,-1,-1
1647,3157,3.480162e-05,-1,-1
1648,3160,3.49536e-05,-1,-1
1649,3161,3.493908e-05,-1,-1
1650,3162,3.486565e-05,-1,-1
1651,3163,3.480065e-05,-1,-1
1652,3164,3.495175e-05,-1,-1
1653,3165,3.493931e-05,-1,-1
1654,3166,3.48648e-05,-1,-1
1655,3167,3.481442e-05,-1,-1
1656,3170,3.496478e-05,-1,-1
1657,3171,3.496964e-05,-1,-1
1658,3172,3.49069e-05,-1,-1
1659,3173,3.481148e-05,-1,-1
1660,3174,3.491893e-05,-1,-1
1661,3175,3.497348e-05,-1,-1
1662,3176,3.490342e-05,-1,-1
1663,3177,3.481213e-05,-1,-1
1664,3200,3.484568e-05,-1,-1
1665,3201,3.495802e-05,-1,-1
1666,3202,3.490157e-05,-1,-1
1667,3203,3.482677e-05,-1,-1
1668,3204,3.478075e-05,-1,-1
1669,3205,3.492821e-05,-1,-1
1670,3206,3.49105e-05,-1,-1
1671,3207,3.484234e-05,-1,-1
1672,3210,3.475387e-05,-1,-1
1673,3211,3.488559e-05,-1,-1
1674,3212,3.491656e-05,-1,-1
1675,3213,3.484659e-05,-1,-1
1676,3214,3.475835e-05,-1,-1
1677,3215,3.48699e-05,-1,-1
1678,3216,3.492137e-05,-1,-1
1679,3217,3.485429e-05,-1,-1
1680,3220,3.477627e-05,-1,-1
1681,3221,3.486196e-05,-1,-1
1682,3222,3.494183e-05,-1,-1
1683,3223,3.489563e-05,-1,-1
1684,3224,3.480706e-05,-1,-1
1685,3225,3.485537e-05,-1,-1
1686,3226,3.496364e-05,-1,-1
1687,3227,3.49091e-05,-1,-1
1688,3230,3.48234e-05,-1,-1
1689,3231,3.485678e-05,-1,-1
1690,3232,3.4962e-05,-1,-1
1691,3233,3.489604e-05,-1,-1
1692,3234,3.480701e-05,-1,-1
1693,3235,3.488617e-05,-1,-1
1694,3236,3.49637e-05,-1,-1
1695,3237,3.490072e-05,-1,-1
1696,3240,3.480941e-05,-1,-1
1697,3241,3.486427e-05,-1,-1
1698,3242,3.49586e-05,-1,-1
1699,3243,3.48939e-05,-1,-1
1700,3244,3.47981e-05,-1,-1
1701,3245,3.487505e-05,-1,-1
1702,3246,3.495272e-05,-1,-1
1703,3247,3.488483e-05,-1,-1
1704,3250,3.479035e-05,-1,-1
1705,3251,3.489408e-05,-1,-1
1706,3252,3.496241e-05,-1,-1
1707,3253,3.489762e-05,-1,-1
1708,3254,3.481111e-05,-1,-1
1709,3255,3.489501e-05,-1,-1
1710,3256,3.496259e-05,-1,-1
1711,3257,3.489733e-05,-1,-1
1712,3260,3.480264e-05,-1,-1
1713,3261,3.487865e-05,-1,-1
1714,3262,3.495708e-05,-1,-1
1715,3263,3.489247e-05,-1,-1
1716,3264,3.479699e-05,-1,-1
1717,3265,3.48939e-05,-1,-1
1718,3266,3.496458e-05,-1,-1
1719,3267,3.489777e-05,-1,-1
1720,3270,3.481307e-05,-1,-1
1721,3271,3.489291e-05,-1,-1
1722,3272,3.497453e-05,-1,-1
1723,3273,3.492429e-05,-1,-1
1724,3274,3.483523e-05,-1,-1
1725,3275,3.485332e-05,-1,-1
1726,3276,3.498542e-05,-1,-1
1727,3277,3.495852e-05,-1,-1
1728,3300,3.487168e-05,-1,-1
1729,3301,3.48258e-05,-1,-1
1730,3302,3.497163e-05,-1,-1
1731,3303,3.495746e-05,-1,-1
1732,3304,3.487551e-05,-1,-1
1733,3305,3.481869e-05,-1,-1
1734,3306,3.497207e-05,-1,-1
1735,3307,3.497395e-05,-1,-1
1736,3310,3.490936e-05,-1,-1
1737,3311,3.481711e-05,-1,-1
1738,3312,3.49423e-05,-1,-1
1739,3313,3.498639e-05,-1,-1
1740,3314,3.491724e-05,-1,-1
1741,3315,3.483406e-05,-1,-1
1742,3316,3.490108e-05,-1,-1
1743,3317,3.499801e-05,-1,-1
1744,3320,3.494013e-05,-1,-1
1745,3321,3.484761e-05,-1,-1
1746,3322,3.490345e-05,-1,-1
1747,3323,3.499447e-05,-1,-1
1748,3324,3.493038e-05,-1,-1
1749,3325,3.484551e-05,-1,-1
1750,3326,3.491238e-05,-1,-1
1751,3327,3.500281e-05,-1,-1
1752,3330,3.493758e-05,-1,-1
1753,3331,3.485461e-05,-1,-1
1754,3332,3.490055e-05,-1,-1
1755,3333,3.500879e-05,-1,-1
1756,3334,3.49536e-05,-1,-1
1757,3335,3.486032e-05,-1,-1
1758,3336,3.49009e-05,-1,-1
1759,3337,3.500428e-05,-1,-1
1760,3340,3.496206e-05,-1,-1
1761,3341,3.487607e-05,-1,-1
1762,3342,3.486357e-05,-1,-1
1763,3343,3.501373e-05,-1,-1
1764,3344,3.497105e-05,-1,-1
1765,3345,3.489006e-05,-1,-1
1766,3346,3.48807e-05,-1,-1
1767,3347,3.501754e-05,-1,-1
1768,3350,3.499567e-05,-1,-1
1769,3351,3.492075e-05,-1,-1
1770,3352,3.488843e-05,-1,-1
1771,3353,3.502591e-05,-1,-1
1772,3354,3.498427e-05,-1,-1
1773,3355,3.488907e-05,-1,-1
1774,3356,3.488117e-05,-1,-1
1775,3357,3.501271e-05,-1,-1
1776,3360,3.496361e-05,-1,-1
1777,3361,3.487103e-05,-1,-1
1778,3362,3.486928e-05,-1,-1
1779,3363,3.500232e-05,-1,-1
1780,3364,3.495211e-05,-1,-1
1781,3365,3.486296e-05,-1,-1
1782,3366,3.487103e-05,-1,-1
1783,3367,3.499423e-05,-1,-1
1784,3370,3.494733e-05,-1,-1
1785,3371,3.486758e-05,-1,-1
1786,3372,3.484264e-05,-1,-1
1787,3373,3.499693e-05,-1,-1
1788,3374,3.49704e-05,-1,-1
1789,3375,3.488611e-05,-1,-1
1790,3376,3.486006e-05,-1,-1
1791,3377,3.500536e-05,-1,-1
1792,3400,3.497758e-05,-1,-1
1793,3401,3.490702e-05,-1,-1
1794,3402,3.48631e-05,-1,-1
1795,3403,3.500732e-05,-1,-1
1796,3404,3.49904e-05,-1,-1
1797,3405,3.490831e-05,-1,-1
1798,3406,3.48475e-05,-1,-1
1799,3407,3.499781e-05,-1,-1
1800,3410,3.497889e-05,-1,-1
1801,3411,3.489487e-05,-1,-1
1802,3412,3.485484e-05,-1,-1
1803,3413,3.500978e-05,-1,-1
1804,3414,3.49699e-05,-1,-1
1805,3415,3.489039e-05,-1,-1
1806,3416,3.486571e-05,-1,-1
1807,3417,3.499705e-05,-1,-1
1808,3420,3.498791e-05,-1,-1
1809,3421,3.490772e-05,-1,-1
1810,3422,3.484255e-05,-1,-1
1811,3423,3.500504e-05,-1,-1
1812,3424,3.498849e-05,-1,-1
1813,3425,3.49189e-05,-1,-1
1814,3426,3.485382e-05,-1,-1
1815,3427,3.499456e-05,-1,-1
1816,3430,3.498821e-05,-1,-1
1817,3431,3.491472e-05,-1,-1
1818,3432,3.484434e-05,-1,-1
1819,3433,3.498762e-05,-1,-1
1820,3434,3.496894e-05,-1,-1
1821,3435,3.488175e-05,-1,-1
1822,3436,3.48164e-05,-1,-1
1823,3437,3.495951e-05,-1,-1
1824,3440,3.495096e-05,-1,-1
1825,3441,3.48672e-05,-1,-1
1826,3442,3.479922e-05,-1,-1
1827,3443,3.495006e-05,-1,-1
1828,3444,3.493568e-05,-1,-1
1829,3445,3.486562e-05,-1,-1
1830,3446,3.479488e-05,-1,-1
1831,3447,3.494016e-05,-1,-1
1832,3450,3.495258e-05,-1,-1
1833,3451,3.490108e-05,-1,-1
1834,3452,3.483699e-05,-1,-1
1835,3453,3.48617e-05,-1,-1
1836,3454,3.497904e-05,-1,-1
1837,3455,3.495093e-05,-1,-1
1838,3456,3.487625e-05,-1,-1
1839,3457,3.481895e-05,-1,-1
1840,3460,3.497515e-05,-1,-1
1841,3461,3.495825e-05,-1,-1
1842,3462,3.488087e-05,-1,-1
1843,3463,3.481887e-05,-1,-1
1844,3464,3.497216e-05,-1,-1
1845,3465,3.497582e-05,-1,-1
1846,3466,3.490874e-05,-1,-1
1847,3467,3.481963e-05,-1,-1
1848,3470,3.49459e-05,-1,-1
1849,3471,3.498223e-05,-1,-1
1850,3472,3.491425e-05,-1,-1
1851,3473,3.482838e-05,-1,-1
1852,3474,3.492312e-05,-1,-1
1853,3475,3.499339e-05,-1,-1
1854,3476,3.492769e-05,-1,-1
1855,3477,3.484261e-05,-1,-1
1856,3500,3.490626e-05,-1,-1
1857,3501,3.49945e-05,-1,-1
1858,3502,3.4942e-05,-1,-1
1859,3503,3.485402e-05,-1,-1
1860,3504,3.487399e-05,-1,-1
1861,3505,3.499251e-05,-1,-1
1862,3506,3.493694e-05,-1,-1
1863,3507,3.483862e-05,-1,-1
1864,3510,3.489085e-05,-1,-1
1865,3511,3.498984e-05,-1,-1
1866,3512,3.493606e-05,-1,-1
1867,3513,3.485089e-05,-1,-1
1868,3514,3.48455e-05,-1,-1
1869,3515,3.498692e-05,-1,-1
1870,3516,3.494095e-05,-1,-1
1871,3517,3.485798e-05,-1,-1
1872,3520,3.481971e-05,-1,-1
1873,3521,3.496326e-05,-1,-1
1874,3522,3.494473e-05,-1,-1
1875,3523,3.486463e-05,-1,-1
1876,3524,3.479255e-05,-1,-1
1877,3525,3.490546e-05,-1,-1
1878,3526,3.49495e-05,-1,-1
1879,3527,3.487745e-05,-1,-1
1880,3530,3.478894e-05,-1,-1
1881,3531,3.48915e-05,-1,-1
1882,3532,3.494742e-05,-1,-1
1883,3533,3.489039e-05,-1,-1
1884,3534,3.480721e-05,-1,-1
1885,3535,3.485561e-05,-1,-1
1886,3536,3.495934e-05,-1,-1
1887,3537,3.490008e-05,-1,-1
1888,3540,3.482642e-05,-1,-1
1889,3541,3.483116e-05,-1,-1
1890,3542,3.496747e-05,-1,-1
1891,3543,3.492312e-05,-1,-1
1892,3544,3.485423e-05,-1,-1
1893,3545,3.483327e-05,-1,-1
1894,3546,3.496997e-05,-1,-1
1895,3547,3.495064e-05,-1,-1
1896,3550,3.486781e-05,-1,-1
1897,3551,3.481143e-05,-1,-1
1898,3552,3.494616e-05,-1,-1
1899,3553,3.496285e-05,-1,-1
1900,3554,3.487859e-05,-1,-1
1901,3555,3.481128e-05,-1,-1
1902,3556,3.495928e-05,-1,-1
1903,3557,3.496996e-05,-1,-1
1904,3560,3.489323e-05,-1,-1
1905,3561,3.480912e-05,-1,-1
1906,3562,3.491478e-05,-1,-1
1907,3563,3.49798e-05,-1,-1
1908,3564,3.492622e-05,-1,-1
1909,3565,3.483163e-05,-1,-1
1910,3566,3.491557e-05,-1,-1
1911,3567,3.497816e-05,-1,-1
1912,3570,3.49021e-05,-1,-1
1913,3571,3.480777e-05,-1,-1
1914,3572,3.491498e-05,-1,-1
1915,3573,3.495494e-05,-1,-1
1916,3574,3.489405e-05,-1,-1
1917,3575,3.479e-05,-1,-1
1918,3576,3.487147e-05,-1,-1
1919,3577,3.494701e-05,-1,-1
1920,3600,3.488078e-05,-1,-1
1921,3601,3.479567e-05,-1,-1
1922,3602,3.486217e-05,-1,-1
1923,3603,3.494341e-05,-1,-1
1924,3604,3.489812e-05,-1,-1
1925,3605,3.480554e-05,-1,-1
1926,3606,3.483552e-05,-1,-1
1927,3607,3.495369e-05,-1,-1
1928,3610,3.49146e-05,-1,-1
1929,3611,3.483441e-05,-1,-1
1930,3612,3.480007e-05,-1,-1
1931,3613,3.493764e-05,-1,-1
1932,3614,3.493378e-05,-1,-1
1933,3615,3.485795e-05,-1,-1
1934,3616,3.479082e-05,-1,-1
1935,3617,3.494692e-05,-1,-1
1936,3620,3.492189e-05,-1,-1
1937,3621,3.484246e-05,-1,-1
1938,3622,3.480437e-05,-1,-1
1939,3623,3.494101e-05,-1,-1
1940,3624,3.493263e-05,-1,-1
1941,3625,3.485362e-05,-1,-1
1942,3626,3.478528e-05,-1,-1
1943,3627,3.493603e-05,-1,-1
1944,3630,3.493354e-05,-1,-1
1945,3631,3.48595e-05,-1,-1
1946,3632,3.479157e-05,-1,-1
1947,3633,3.491685e-05,-1,-1
1948,3634,3.496074e-05,-1,-1
1949,3635,3.490122e-05,-1,-1
1950,3636,3.482648e-05,-1,-1
1951,3637,3.482999e-05,-1,-1
1952,3640,3.49699e-05,-1,-1
1953,3641,3.493829e-05,-1,-1
1954,3642,3.485994e-05,-1,-1
1955,3643,3.482568e-05,-1,-1
1956,3644,3.497026e-05,-1,-1
1957,3645,3.494011e-05,-1,-1
1958,3646,3.486524e-05,-1,-1
1959,3647,3.483576e-05,-1,-1
1960,3650,3.498056e-05,-1,-1
1961,3651,3.494563e-05,-1,-1
1962,3652,3.486758e-05,-1,-1
1963,3653,3.482563e-05,-1,-1
1964,3654,3.497157e-05,-1,-1
1965,3655,3.496595e-05,-1,-1
1966,3656,3.488889e-05,-1,-1
1967,3657,3.481787e-05,-1,-1
1968,3660,3.495377e-05,-1,-1
1969,3661,3.497714e-05,-1,-1
1970,3662,3.491973e-05,-1,-1
1971,3663,3.484018e-05,-1,-1
1972,3664,3.489867e-05,-1,-1
1973,3665,3.499502e-05,-1,-1
1974,3666,3.495017e-05,-1,-1
1975,3667,3.487344e-05,-1,-1
1976,3670,3.485561e-05,-1,-1
1977,3671,3.498103e-05,-1,-1
1978,3672,3.496452e-05,-1,-1
1979,3673,3.487868e-05,-1,-1
1980,3674,3.483221e-05,-1,-1
1981,3675,3.497881e-05,-1,-1
1982,3676,3.497371e-05,-1,-1
1983,3677,3.491155e-05,-1,-1
1984,3700,3.482724e-05,-1,-1
1985,3701,3.496346e-05,-1,-1
1986,3702,3.498384e-05,-1,-1
1987,3703,3.490257e-05,-1,-1
1988,3704,3.482139e-05,-1,-1
1989,3705,3.496159e-05,-1,-1
1990,3706,3.496798e-05,-1,-1
1991,3707,3.489018e-05,-1,-1
1992,3710,3.481488e-05,-1,-1
1993,3711,3.495573e-05,-1,-1
1994,3712,3.498539e-05,-1,-1
1995,3713,3.491243e-05,-1,-1
1996,3714,3.482911e-05,-1,-1
1997,3715,3.492368e-05,-1,-1
1998,3716,3.498829e-05,-1,-1
1999,3717,3.492725e-05,-1,-1
2000,3720,3.483286e-05,-1,-1
2001,3721,3.489765e-05,-1,-1
2002,3722,3.499028e-05,-1,-1
2003,3723,3.494168e-05,-1,-1
2004,3724,3.485318e-05,-1,-1
2005,3725,3.484293e-05,-1,-1
2006,3726,3.499119e-05,-1,-1
2007,3727,3.49733e-05,-1,-1
2008,3730,3.489581e-05,-1,-1
2009,3731,3.484038e-05,-1,-1
2010,3732,3.49904e-05,-1,-1
2011,3733,3.498905e-05,-1,-1
2012,3734,3.491191e-05,-1,-1
2013,3735,3.48321e-05,-1,-1
2014,3736,3.498156e-05,-1,-1
2015,3737,3.497813e-05,-1,-1
2016,3740,3.490283e-05,-1,-1
2017,3741,3.482633e-05,-1,-1
2018,3742,3.496595e-05,-1,-1
2019,3743,3.498159e-05,-1,-1
2020,3744,3.49064e-05,-1,-1
2021,3745,3.482156e-05,-1,-1
2022,3746,3.494414e-05,-1,-1
2023,3747,3.498244e-05,-1,-1
2024,3750,3.491536e-05,-1,-1
2025,3751,3.483547e-05,-1,-1
2026,3752,3.493457e-05,-1,-1
2027,3753,3.49952e-05,-1,-1
2028,3754,3.492365e-05,-1,-1
2029,3755,3.482806e-05,-1,-1
2030,3756,3.494063e-05,-1,-1
2031,3757,3.49827e-05,-1,-1
2032,3760,3.492371e-05,-1,-1
2033,3761,3.482396e-05,-1,-1
2034,3762,3.49204e-05,-1,-1
2035,3763,3.498618e-05,-1,-1
2036,3764,3.492046e-05,-1,-1
2037,3765,3.482668e-05,-1,-1
2038,3766,3.489625e-05,-1,-1
2039,3767,3.49769e-05,-1,-1
2040,3770,3.489642e-05,-1,-1
2041,3771,3.48114e-05,-1,-1
2042,3772,3.494625e-05,-1,-1
2043,3773,3.497602e-05,-1,-1
2044,3774,3.489428e-05,-1,-1
2045,3775,3.481266e-05,-1,-1
2046,3776,3.495577e-05,-1,-1
2047,3777,3.497769e-05,-1,-1
2048,4000,3.491372e-05,-1,-1
2049,4001,3.482615e-05,-1,-1
2050,4002,3.491996e-05,-1,-1
2051,4003,3.499119e-05,-1,-1
2052,4004,3.492886e-05,-1,-1
2053,4005,3.483333e-05,-1,-1
2054,4006,3.496551e-05,-1,-1
2055,4007,3.499377e-05,-1,-1
2056,4010,3.49252e-05,-1,-1
2057,4011,3.484363e-05,-1,-1
2058,4012,3.493155e-05,-1,-1
2059,4013,3.50041e-05,-1,-1
2060,4014,3.494297e-05,-1,-1
2061,4015,3.485008e-05,0,0
2062,4016,3.497316e-05,0,0
2063,4017,3.541762e-05,0,0
2064,4020,3.484574e-05,0,0
2065,4021,3.515596e-05,0,0
2066,4022,3.549189e-05,0,0
2067,4023,3.567909e-05,0,0
2068,4024,3.594194e-05,0,0
2069,4025,3.592241e-05,0,1
2070,4026,3.675928e-05,0,1
2071,4027,3.714412e-05,0,1
2072,4030,3.767111e-05,0,1
2073,4031,3.770593e-05,0,1
2074,4032,3.755257e-05,0,1
2075,4033,3.72283e-05,0,1
2076,4034,3.612738e-05,0,1
2077,4035,3.542859e-05,0,2
2078,4036,3.473765e-05,0,2
2079,4037,3.414211e-05,0,2
2080,4040,3.39616e-05,0,2
2081,4041,3.329153e-05,0,2
2082,4042,3.290559e-05,0,2
2083,4043,3.276494e-05,0,2
2084,4044,3.253995e-05,0,2
2085,4045,3.239508e-05,0,3
2086,4046,3.226466e-05,0,3
2087,4047,3.230861e-05,0,3
2088,4050,3.238159e-05,0,3
2089,4051,3.228685e-05,0,3
2090,4052,3.218848e-05,0,3
2091,4053,3.224332e-05,0,3
2092,4054,3.231232e-05,0,3
2093,4055,3.226123e-05,0,4
2094,4056,3.21739e-05,0,4
2095,4057,3.21548e-05,0,4
2096,4060,3.230436e-05,0,4
2097,4061,3.224832e-05,0,4
2098,4062,3.216036e-05,0,4
2099,4063,3.217026e-05,0,4
2100,4064,3.228547e-05,0,4
2101,4065,3.224952e-05,0,5
2102,4066,3.216965e-05,0,5
2103,4067,3.214942e-05,0,5
2104,4070,3.229522e-05,0,5
2105,4071,3.226146e-05,0,5
2106,4072,3.21825e-05,0,5
2107,4073,3.214304e-05,0,5
2108,4074,3.229806e-05,0,5
2109,4075,3.227548e-05,0,6
2110,4076,3.219928e-05,0,6
2111,4077,3.214699e-05,0,6
2112,4100,3.230906e-05,0,6
2113,4101,3.227943e-05,0,6
2114,4102,3.220256e-05,0,6
2115,4103,3.215647e-05,0,6
2116,4104,3.230383e-05,0,7
2117,4105,3.23052e-05,0,7
2118,4106,3.224003e-05,0,7
2119,4107,3.21563e-05,0,7
2120,4110,3.230213e-05,0,7
2121,4111,3.232739e-05,0,7
2122,4112,3.223617e-05,0,7
2123,4113,3.216918e-05,0,7
2124,4114,3.231721e-05,0,8
2125,4115,3.232874e-05,0,8
2126,4116,3.227586e-05,0,8
2127,4117,3.218897e-05,0,8
2128,4120,3.22297e-05,0,8
2129,4121,3.235129e-05,0,8
2130,4122,3.230476e-05,0,8
2131,4123,3.223986e-05,0,8
2132,4124,3.222629e-05,0,9
2133,4125,3.235872e-05,0,9
2134,4126,3.231635e-05,0,9
2135,4127,3.223245e-05,0,9
2136,4130,3.224747e-05,0,9
2137,4131,3.237043e-05,0,9
2138,4132,3.232409e-05,0,9
2139,4133,3.226222e-05,0,9
2140,4134,3.222299e-05,0,10
2141,4135,3.23666e-05,0,10
2142,4136,3.235322e-05,0,10
2143,4137,3.227654e-05,0,10
2144,4140,3.221588e-05,0,10
2145,4141,3.23651e-05,0,10
2146,4142,3.236917e-05,0,10
2147,4143,3.23054e-05,0,10
2148,4144,3.22217e-05,0,11
2149,4145,3.235383e-05,0,11
2150,4146,3.238521e-05,0,11
2151,4147,3.231217e-05,0,11
2152,4150,3.223555e-05,0,11
2153,4151,3.23166e-05,0,11
2154,4152,3.240439e-05,0,11
2155,4153,3.234592e-05,0,11
2156,4154,3.225774e-05,0,12
2157,4155,3.231949e-05,0,12
2158,4156,3.241233e-05,0,12
2159,4157,3.23675e-05,0,12
2160,4160,3.227961e-05,0,12
2161,4161,3.227598e-05,0,12
2162,4162,3.2415e-05,0,12
2163,4163,3.237459e-05,0,13
2164,4164,3.230143e-05,0,13
2165,4165,3.227447e-05,0,13
2166,4166,3.241342e-05,0,13
2167,4167,3.239602e-05,0,13
2168,4170,3.231374e-05,0,13
2169,4171,3.22639e-05,0,13
2170,4172,3.240905e-05,0,13
2171,4173,3.241054e-05,0,14
2172,4174,3.233764e-05,0,14
2173,4175,3.227182e-05,0,14
2174,4176,3.242731e-05,0,14
2175,4177,3.241049e-05,0,14
2176,4200,3.233413e-05,0,14
2177,4201,3.226916e-05,0,14
2178,4202,3.23952e-05,0,14
2179,4203,3.244776e-05,0,15
2180,4204,3.237863e-05,0,15
2181,4205,3.229006e-05,0,15
2182,4206,3.24024e-05,0,15
2183,4207,3.245604e-05,0,15
2184,4210,3.238679e-05,0,15
2185,4211,3.229808e-05,0,15
2186,4212,3.238501e-05,0,15
2187,4213,3.24596e-05,0,16
2188,4214,3.240489e-05,0,16
2189,4215,3.232227e-05,0,16
2190,4216,3.236665e-05,0,16
2191,4217,3.247438e-05,0,16
2192,4220,3.242632e-05,0,16
2193,4221,3.23404e-05,0,16
2194,4222,3.234218e-05,0,16
2195,4223,3.247235e-05,0,17
2196,4224,3.244148e-05,0,17
2197,4225,3.236443e-05,0,17
2198,4226,3.232005e-05,0,17
2199,4227,3.247662e-05,0,17
2200,4230,3.246254e-05,0,17
2201,4231,3.239584e-05,0,17
2202,4232,3.232389e-05,0,17
2203,4233,3.244486e-05,0,18
2204,4234,3.248643e-05,0,18
2205,4235,3.241699e-05,0,18
2206,4236,3.233155e-05,0,18
2207,4237,3.24347e-05,0,18
2208,4240,3.249021e-05,0,18
2209,4241,3.242892e-05,0,18
2210,4242,3.235849e-05,0,19
2211,4243,3.242972e-05,0,19
2212,4244,3.250552e-05,0,19
2213,4245,3.246066e-05,0,19
2214,4246,3.237125e-05,0,19
2215,4247,3.240762e-05,0,19
2216,4250,3.251624e-05,0,19
2217,4251,3.246079e-05,0,19
2218,4252,3.236745e-05,0,20
2219,4253,3.243845e-05,0,20
2220,4254,3.252136e-05,0,20
2221,4255,3.245868e-05,0,20
2222,4256,3.237084e-05,0,20
2223,4257,3.245897e-05,0,20
2224,4260,3.253521e-05,0,20
2225,4261,3.249003e-05,0,20
2226,4262,3.240565e-05,0,21
2227,4263,3.241789e-05,0,21
2228,4264,3.254726e-05,0,21
2229,4265,3.250988e-05,0,21
2230,4266,3.24359e-05,0,21
2231,4267,3.238668e-05,0,21
2232,4270,3.254716e-05,0,21
2233,4271,3.252979e-05,0,21
2234,4272,3.245174e-05,0,22
2235,4273,3.2401e-05,0,22
2236,4274,3.255005e-05,0,22
2237,4275,3.255613e-05,0,22
2238,4276,3.248992e-05,0,22
2239,4277,3.240668e-05,0,22
2240,4300,3.254557e-05,0,22
2241,4301,3.257154e-05,0,22
2242,4302,3.252312e-05,0,23
2243,4303,3.243991e-05,0,23
2244,4304,3.251433e-05,0,23
2245,4305,3.259777e-05,0,23
2246,4306,3.253717e-05,0,23
2247,4307,3.244676e-05,0,23
2248,4310,3.250303e-05,0,23
2249,4311,3.26117e-05,0,23
2250,4312,3.256114e-05,0,24
2251,4313,3.248242e-05,0,24
2252,4314,3.250681e-05,0,24
2253,4315,3.262512e-05,0,24
2254,4316,3.257291e-05,0,24
2255,4317,3.247747e-05,0,24
2256,4320,3.25567e-05,0,24
2257,4321,3.263493e-05,0,25
2258,4322,3.25718e-05,0,25
2259,4323,3.248154e-05,0,25
2260,4324,3.257781e-05,0,25
2261,4325,3.264039e-05,0,25
2262,4326,3.257631e-05,0,25
2263,4327,3.248839e-05,0,25
2264,4330,3.257277e-05,0,25
2265,4331,3.265478e-05,0,26
2266,4332,3.259212e-05,0,26
2267,4333,3.251266e-05,0,26
2268,4334,3.257116e-05,0,26
2269,4335,3.266646e-05,0,26
2270,4336,3.260898e-05,0,26
2271,4337,3.251202e-05,0,26
2272,4340,3.26035e-05,0,26
2273,4341,3.267749e-05,0,27
2274,4342,3.261463e-05,0,27
2275,4343,3.252411e-05,0,27
2276,4344,3.260237e-05,0,27
2277,4345,3.26926e-05,0,27
2278,4346,3.263692e-05,0,27
2279,4347,3.254323e-05,0,27
2280,4350,3.261736e-05,0,27
2281,4351,3.270941e-05,0,28
2282,4352,3.26447e-05,0,28
2283,4353,3.255968e-05,0,28
2284,4354,3.263358e-05,0,28
2285,4355,3.272105e-05,0,28
2286,4356,3.265849e-05,0,28
2287,4357,3.257206e-05,0,28
2288,4360,3.262968e-05,0,28
2289,4361,3.273312e-05,0,29
2290,4362,3.267506e-05,0,29
2291,4363,3.259451e-05,0,29
2292,4364,3.264485e-05,0,29
2293,4365,3.274656e-05,0,29
2294,4366,3.27135e-05,0,29
2295,4367,3.262786e-05,0,29
2296,4370,3.26026e-05,0,29
2297,4371,3.274436e-05,0,30
2298,4372,3.273002e-05,0,30
2299,4373,3.26584e-05,0,30
2300,4374,3.260412e-05,0,30
2301,4375,3.273113e-05,0,30
2302,4376,3.278422e-05,0,30
2303,4377,3.271998e-05,0,30
2304,4400,3.265202e-05,0,30
2305,4401,3.279571e-05,0,31
2306,4402,3.285395e-05,0,31
2307,4403,3.280538e-05,0,31
2308,4404,3.273514e-05,0,31
2309,4405,3.284294e-05,0,31
2310,4406,3.294145e-05,0,31
2311,4407,3.289321e-05,0,31
2312,4410,3.282613e-05,0,32
2313,4411,3.291075e-05,0,32
2314,4412,3.30191e-05,0,32
2315,4413,3.298936e-05,0,32
2316,4414,3.292512e-05,0,32
2317,4415,3.29142e-05,0,32
2318,4416,3.307315e-05,0,32
2319,4417,3.306082e-05,0,32
2320,4420,3.29804e-05,0,33
2321,4421,3.294034e-05,0,33
2322,4422,3.311059e-05,0,33
2323,4423,3.309583e-05,0,33
2324,4424,3.301615e-05,0,33
2325,4425,3.297431e-05,0,33
2326,4426,3.313165e-05,0,33
2327,4427,3.313249e-05,0,33
2328,4430,3.305496e-05,0,34
2329,4431,3.299562e-05,0,34
2330,4432,3.31644e-05,0,34
2331,4433,3.316028e-05,0,34
2332,4434,3.308076e-05,0,34
2333,4435,3.301483e-05,0,34
2334,4436,3.316724e-05,0,34
2335,4437,3.318633e-05,0,34
2336,4440,3.311475e-05,0,35
2337,4441,3.303318e-05,0,35
2338,4442,3.317216e-05,0,35
2339,4443,3.320068e-05,0,35
2340,4444,3.313042e-05,0,35
2341,4445,3.303936e-05,0,35
2342,4446,3.315182e-05,0,35
2343,4447,3.322357e-05,0,35
2344,4450,3.316482e-05,0,36
2345,4451,3.307118e-05,0,36
2346,4452,3.314593e-05,0,36
2347,4453,3.322799e-05,0,36
2348,4454,3.31668e-05,0,36
2349,4455,3.307737e-05,0,36
2350,4456,3.312485e-05,0,36
2351,4457,3.323429e-05,0,36
2352,4460,3.320059e-05,0,37
2353,4461,3.311109e-05,0,37
2354,4462,3.306369e-05,0,37
2355,4463,3.320841e-05,0,37
2356,4464,3.319228e-05,0,37
2357,4465,3.311525e-05,0,37
2358,4466,3.302877e-05,0,37
2359,4467,3.318988e-05,0,38
2360,4470,3.3163e-05,0,38
2361,4471,3.306879e-05,0,38
2362,4472,3.299155e-05,0,38
2363,4473,3.310409e-05,0,38
2364,4474,3.312435e-05,0,38
2365,4475,3.304059e-05,0,38
2366,4476,3.293314e-05,0,38
2367,4477,3.305558e-05,0,39
2368,4500,3.306612e-05,0,39
2369,4501,3.296748e-05,0,39
2370,4502,3.287251e-05,0,39
2371,4503,3.298461e-05,0,39
2372,4504,3.300001e-05,0,39
2373,4505,3.290059e-05,0,39
2374,4506,3.278895e-05,0,39
2375,4507,3.290887e-05,0,40
2376,4510,3.28969e-05,0,40
2377,4511,3.278627e-05,0,40
2378,4512,3.270343e-05,0,40
2379,4513,3.283145e-05,0,40
2380,4514,3.280678e-05,0,40
2381,4515,3.271883e-05,0,40
2382,4516,3.262312e-05,0,40
2383,4517,3.275572e-05,0,41
2384,4520,3.275941e-05,0,41
2385,4521,3.267021e-05,0,41
2386,4522,3.25713e-05,0,41
2387,4523,3.271373e-05,0,41
2388,4524,3.271061e-05,0,41
2389,4525,3.26399e-05,0,41
2390,4526,3.254182e-05,0,41
2391,4527,3.267082e-05,0,42
2392,4530,3.26904e-05,0,42
2393,4531,3.261528e-05,0,42
2394,4532,3.252587e-05,0,42
2395,4533,3.264813e-05,0,42
2396,4534,3.268426e-05,0,42
2397,4535,3.261517e-05,0,42
2398,4536,3.254112e-05,0,42
2399,4537,3.263036e-05,0,43
2400,4540,3.278111e-05,0,43
2401,4541,3.277007e-05,0,43
2402,4542,3.273303e-05,0,43
2403,4543,3.291476e-05,0,43
2404,4544,3.331889e-05,0,43
2405,4545,3.390345e-05,0,43
2406,4546,3.526558e-05,0,44
2407,4547,3.775013e-05,0,44
2408,4550,4.352113e-05,0,44
2409,4551,5.563103e-05,0,44
2410,4552,7.474249e-05,0,44
2411,4553,0.0006127068,0,44
2412,4554,0.0006123784,0,44
2413,4555,0.0006126319,0,44
2414,4556,0.0006126142,0,45
2415,4557,0.0006125962,0,45
2416,4560,0.0006127588,0,45
2417,4561,0.0006129422,0,45
2418,4562,0.0006127754,0,45
2419,4563,0.0006128712,0,45
2420,4564,0.0006124644,0,45
2421,4565,0.0006125774,0,45
2422,4566,0.0006124908,0,46
2423,4567,0.0006126345,0,46
2424,4570,0.0006120972,0,46
2425,4571,0.0006122776,0,46
2426,4572,0.0006121306,0,46
2427,4573,0.0006129838,0,46
2428,4574,0.000612622,0,46
2429,4575,0.0006123472,0,46
2430,4576,0.0006120995,0,47
2431,4577,0.0006122371,0,47
2432,4600,0.0006124485,0,47
2433,4601,0.0006125291,0,47
2434,4602,0.0006124789,0,47
2435,4603,0.0006123619,0,47
2436,4604,0.0006126049,0,47
2437,4605,0.0006124058,0,47
2438,4606,0.0006120895,0,48
2439,4607,0.0006124052,0,48
2440,4610,0.0006120948,0,48
2441,4611,0.0006119724,0,48
2442,4612,0.0006122736,0,48
2443,4613,0.00061198,0,48
2444,4614,0.0006124034,0,48
2445,4615,0.0006122313,0,48
2446,4616,0.0006122505,0,49
2447,4617,0.0006119044,0,49
2448,4620,0.0006126323,0,49
2449,4621,0.0006122911,0,49
2450,4622,0.000611556,0,49
2451,4623,0.0006123214,0,49
2452,4624,0.0006123687,0,49
2453,4625,0.0006124597,-1,-1
2454,4626,0.0006123813,-1,-1
2455,4627,0.000611789,-1,-1
2456,4630,0.0006120935,-1,-1
2457,4631,0.0006120398,-1,-1
2458,4632,0.000611905,-1,-1
2459,4633,0.0006122511,-1,-1
2460,4634,0.0006120539,-1,-1
2461,4635,0.0006125629,-1,-1
2462,4636,0.0006124116,-1,-1
2463,4637,0.0006127518,-1,-1
2464,4640,0.0006122665,-1,-1
2465,4641,0.0006122418,-1,-1
2466,4642,0.0006118148,-1,-1
2467,4643,0.0006123284,-1,-1
2468,4644,0.0006120649,-1,-1
2469,4645,0.0006121171,-1,-1
2470,4646,0.0006120286,-1,-1
2471,4647,0.0006119108,-1,-1
2472,4650,0.0006123993,-1,-1
2473,4651,0.0006124171,-1,-1
2474,4652,0.0006121158,-1,-1
2475,4653,0.0006121932,-1,-1
2476,4654,0.0006124821,-1,-1
2477,4655,0.0006123145,-1,-1
2478,4656,0.0006128097,-1,-1
2479,4657,0.0006124636,-1,-1
2480,4660,0.000612038,-1,-1
2481,4661,0.0006126429,-1,-1
2482,4662,0.0006126002,-1,-1
2483,4663,0.0006128445,-1,-1
2484,4664,0.0006120763,-1,-1
2485,4665,0.0006123255,-1,-1
2486,4666,0.0006125253,-1,-1
2487,4667,0.0006119551,-1,-1
2488,4670,0.0006129142,-1,-1
2489,4671,0.0006131004,-1,-1
2490,4672,0.0006125177,-1,-1
2491,4673,0.0006123701,-1,-1
2492,4674,0.0006126188,-1,-1
2493,4675,0.0006125505,-1,-1
2494,4676,0.0006123371,-1,-1
2495,4677,0.0006122138,-1,-1
2496,4700,0.0006122412,-1,-1
2497,4701,0.0006126628,-1,-1
2498,4702,0.0006123477,-1,-1
2499,4703,0.0006121223,-1,-1
2500,4704,0.0006125733,-1,-1
2501,4705,0.00061249,-1,-1
2502,4706,0.0006117581,-1,-1
2503,4707,0.0006122629,-1,-1
2504,4710,0.0006124742,-1,-1
2505,4711,0.0006124058,-1,-1
2506,4712,0.0006123029,-1,-1
2507,4713,0.0006123139,-1,-1
2508,4714,0.0006120303,-1,-1
2509,4715,0.0006125089,-1,-1
2510,4716,0.0006122302,-1,-1
2511,4717,0.0006125363,-1,-1
2512,4720,0.0006124902,-1,-1
2513,4721,0.0006122593,-1,-1
2514,4722,0.0006122348,-1,-1
2515,4723,0.0006124434,-1,-1
2516,4724,0.0006120586,-1,-1
2517,4725,0.0006125709,-1,-1
2518,4726,0.000612164,-1,-1
2519,4727,0.0006119632,-1,-1
2520,4730,0.0006118003,-1,-1
2521,4731,0.000612157,-1,-1
2522,4732,0.0006123438,-1,-1
2523,4733,0.0006123088,-1,-1
2524,4734,0.0006119831,-1,-1
2525,4735,0.0006124509,-1,-1
2526,4736,0.0006122573,-1,-1
2527,4737,0.0006119109,-1,-1
2528,4740,0.0006117406,-1,-1
2529,4741,0.0006122886,-1,-1
2530,4742,0.0006118209,-1,-1
2531,4743,0.0006119633,-1,-1
2532,4744,0.000611395,-1,-1
2533,4745,0.0006117728,-1,-1
2534,4746,0.0006120112,-1,-1
2535,4747,0.0006117656,-1,-1
2536,4750,0.0006114945,-1,-1
2537,4751,0.0006114965,-1,-1
2538,4752,0.0006118204,-1,-1
2539,4753,0.0006118258,-1,-1
2540,4754,0.0006117879,-1,-1
2541,4755,0.0006115811,-1,-1
2542,4756,0.0006118424,-1,-1
2543,4757,0.0006116374,-1,-1
2544,4760,0.0006123149,-1,-1
2545,4761,0.0006120895,-1,-1
2546,4762,0.0006114928,-1,-1
2547,4763,0.0006123318,-1,-1
2548,4764,0.000611731,-1,-1
2549,4765,0.00061187,-1,-1
2550,4766,0.0006119313,-1,-1
2551,4767,0.0006121265,-1,-1
2552,4770,0.000611837,-1,-1
2553,4771,0.0006119501,-1,-1
2554,4772,0.0006120966,-1,-1
2555,4773,0.0006121552,-1,-1
2556,4774,0.0006119643,-1,-1
2557,4775,0.0006122589,-1,-1
2558,4776,0.0006118383,-1,-1
2559,4777,0.0006119172,-1,-1
2560,5000,0.0006121125,-1,-1
2561,5001,0.0006119191,-1,-1
2562,5002,0.0006119545,-1,-1
2563,5003,0.0006118248,-1,-1
2564,5004,0.000611676,-1,-1
2565,5005,0.0006120474,-1,-1
2566,5006,0.0006120064,-1,-1
2567,5007,0.000612542,-1,-1
2568,5010,0.0006123256,-1,-1
2569,5011,0.000611929,-1,-1
2570,5012,0.0006116392,-1,-1
2571,5013,0.0006125428,-1,-1
2572,5014,0.0006120393,-1,-1
2573,5015,0.0006120169,-1,-1
2574,5016,0.0006117019,-1,-1
2575,5017,0.0006124122,-1,-1
2576,5020,0.0006120835,-1,-1
2577,5021,0.0006118629,-1,-1
2578,5022,0.0006121229,-1,-1
2579,5023,0.0006113546,-1,-1
2580,5024,0.0006126383,-1,-1
2581,5025,0.0006117123,-1,-1
2582,5026,0.0006118347,-1,-1
2583,5027,0.0006120346,-1,-1
2584,5030,0.0006120579,-1,-1
2585,5031,0.0006120209,-1,-1
2586,5032,0.0006115606,-1,-1
2587,5033,0.0006115743,-1,-1
2588,5034,0.0006115611,-1,-1
2589,5035,0.0006116531,-1,-1
2590,5036,0.0006113868,-1,-1
2591,5037,0.0006117055,-1,-1
2592,5040,0.0006112644,-1,-1
2593,5041,0.0006114186,-1,-1
2594,5042,0.0006111764,-1,-1
2595,5043,0.0006116146,-1,-1
2596,5044,0.0006115695,-1,-1
2597,5045,0.0006118917,-1,-1
2598,5046,0.0006112436,-1,-1
2599,5047,0.000611542,-1,-1
2600,5050,0.0006116841,-1,-1
2601,5051,0.0006117672,-1,-1
2602,5052,0.0006116232,-1,-1
2603,5053,0.0006116215,-1,-1
2604,5054,0.0006118875,-1,-1
2605,5055,0.0006118746,-1,-1
2606,5056,0.0006119366,-1,-1
2607,5057,0.0006120942,-1,-1
2608,5060,0.0006115863,-1,-1
2609,5061,0.0006119572,-1,-1
2610,5062,0.0006116761,-1,-1
2611,5063,0.0006117445,-1,-1
2612,5064,0.0006119377,-1,-1
2613,5065,0.0006122084,-1,-1
2614,5066,0.0006118534,-1,-1
2615,5067,0.0006117797,-1,-1
2616,5070,0.0006120965,-1,-1
2617,5071,0.0006121294,-1,-1
2618,5072,0.0006116549,-1,-1
2619,5073,0.0006121806,-1,-1
2620,5074,0.0006117686,-1,-1
2621,5075,0.0006118294,-1,-1
2622,5076,0.0006117404,-1,-1
2623,5077,0.0006116051,-1,-1
2624,5100,0.0006112767,-1,-1
2625,5101,0.0006117952,-1,-1
2626,5102,0.0006115877,-1,-1
2627,5103,0.0006119637,-1,-1
2628,5104,0.0006119151,-1,-1
2629,5105,0.000611928,-1,-1
2630,5106,0.0006117593,-1,-1
2631,5107,0.0006116215,-1,-1
2632,5110,0.0006118407,-1,-1
2633,5111,0.000612168,-1,-1
2634,5112,0.000611771,-1,-1
2635,5113,0.000611885,-1,-1
2636,5114,0.0006119629,-1,-1
2637,5115,0.0006117129,-1,-1
2638,5116,0.0006115202,-1,-1
2639,5117,0.0006115584,-1,-1
2640,5120,0.0006121481,-1,-1
2641,5121,0.0006114325,-1,-1
2642,5122,0.0006115143,-1,-1
2643,5123,0.0006119484,-1,-1
2644,5124,0.0006121545,-1,-1
2645,5125,0.0006119526,-1,-1
2646,5126,0.00061187,-1,-1
2647,5127,0.0006119747,-1,-1
2648,5130,0.0006117247,-1,-1
2649,5131,0.0006118718,-1,-1
2650,5132,0.0006115958,-1,-1
2651,5133,0.0006113827,-1,-1
2652,5134,0.0006116964,-1,-1
2653,5135,0.0006114505,-1,-1
2654,5136,0.0006114264,-1,-1
2655,5137,0.0006122207,-1,-1
2656,5140,0.000611929,-1,-1
2657,5141,0.0006115886,-1,-1
2658,5142,0.0006113287,-1,-1
2659,5143,0.0006118221,-1,-1
2660,5144,0.0006118256,-1,-1
2661,5145,0.0006113564,-1,-1
2662,5146,0.0006115308,-1,-1
2663,5147,0.0006117911,-1,-1
2664,5150,0.0006115848,-1,-1
2665,5151,0.0006119301,-1,-1
2666,5152,0.0006117504,-1,-1
2667,5153,0.0006119735,-1,-1
2668,5154,0.0006114382,-1,-1
2669,5155,0.0006118763,-1,-1
2670,5156,0.0006121357,-1,-1
2671,5157,0.0006117692,-1,-1
2672,5160,0.0006124051,-1,-1
2673,5161,0.000612131,-1,-1
2674,5162,0.0006121317,-1,-1
2675,5163,0.0006116953,-1,-1
2676,5164,0.0006118618,-1,-1
2677,5165,0.0006117451,-1,-1
2678,5166,0.0006116111,-1,-1
2679,5167,0.0006118395,-1,-1
2680,5170,0.0006121099,-1,-1
2681,5171,0.0006116087,-1,-1
2682,5172,0.0006118576,-1,-1
2683,5173,0.0006116928,-1,-1
2684,5174,0.0006120211,-1,-1
2685,5175,0.0006120144,-1,-1
2686,5176,0.000612039,1,49
2687,5177,0.0006116884,1,49
2688,5200,0.0006119636,1,49
2689,5201,0.0006121087,1,49
2690,5202,0.0006120414,1,49
2691,5203,0.0006120296,1,49
2692,5204,0.0006123096,1,49
2693,5205,0.0006124818,1,49
2694,5206,0.0006122189,1,48
2695,5207,0.0006120765,1,48
2696,5210,0.0006122109,1,48
2697,5211,0.0006123643,1,48
2698,5212,0.0006120894,1,48
2699,5213,0.0006119017,1,48
2700,5214,0.0006122126,1,48
2701,5215,0.0006114536,1,48
2702,5216,0.0006080709,1,47
2703,5217,0.0006032617,1,47
2704,5220,0.0005986532,1,47
2705,5221,0.0005928863,1,47
2706,5222,0.0005860621,1,47
2707,5223,0.0005787585,1,47
2708,5224,0.0005683564,1,47
2709,5225,0.0005598466,1,47
2710,5226,0.0005529731,1,46
2711,5227,0.000549018,1,46
2712,5230,0.0005483612,1,46
2713,5231,0.0005492401,1,46
2714,5232,0.0005513932,1,46
2715,5233,0.0005545595,1,46
2716,5234,0.0005579465,1,46
2717,5235,0.0005604788,1,46
2718,5236,0.0005610745,1,45
2719,5237,0.0005587922,1,45
2720,5240,0.0005574254,1,45
2721,5241,0.0005548041,1,45
2722,5242,0.0005510853,1,45
2723,5243,0.0005447845,1,45
2724,5244,0.0005355641,1,45
2725,5245,0.0005211636,1,45
2726,5246,0.0004960357,1,44
2727,5247,0.0004504463,1,44
2728,5250,0.0004034662,1,44
2729,5251,0.0003291757,1,44
2730,5252,0.0002448377,1,44
2731,5253,0.000179789,1,44
2732,5254,0.000118894,1,44
2733,5255,3.144518e-05,1,44
2734,5256,3.147314e-05,1,43
2735,5257,3.146453e-05,1,43
2736,5260,3.162626e-05,1,43
2737,5261,3.177373e-05,1,43
2738,5262,3.17773e-05,1,43
2739,5263,3.175415e-05,1,43
2740,5264,3.184838e-05,1,43
2741,5265,3.202276e-05,1,42
2742,5266,3.20307e-05,1,42
2743,5267,3.198877e-05,1,42
2744,5270,3.205582e-05,1,42
2745,5271,3.222194e-05,1,42
2746,5272,3.220478e-05,1,42
2747,5273,3.214723e-05,1,42
2748,5274,3.224563e-05,1,42
2749,5275,3.237536e-05,1,41
2750,5276,3.234596e-05,1,41
2751,5277,3.227731e-05,1,41
2752,5300,3.241051e-05,1,41
2753,5301,3.250552e-05,1,41
2754,5302,3.246239e-05,1,41
2755,5303,3.239792e-05,1,41
2756,5304,3.250912e-05,1,41
2757,5305,3.2605e-05,1,40
2758,5306,3.255666e-05,1,40
2759,5307,3.248716e-05,1,40
2760,5310,3.261616e-05,1,40
2761,5311,3.269114e-05,1,40
2762,5312,3.264034e-05,1,40
2763,5313,3.256228e-05,1,40
2764,5314,3.267052e-05,1,40
2765,5315,3.276213e-05,1,39
2766,5316,3.271251e-05,1,39
2767,5317,3.264168e-05,1,39
2768,5320,3.273446e-05,1,39
2769,5321,3.282681e-05,1,39
2770,5322,3.278338e-05,1,39
2771,5323,3.270587e-05,1,39
2772,5324,3.274655e-05,1,39
2773,5325,3.287693e-05,1,38
2774,5326,3.283267e-05,1,38
2775,5327,3.276085e-05,1,38
2776,5330,3.27761e-05,1,38
2777,5331,3.291968e-05,1,38
2778,5332,3.289415e-05,1,38
2779,5333,3.28129e-05,1,38
2780,5334,3.279124e-05,1,38
2781,5335,3.294852e-05,1,37
2782,5336,3.293651e-05,1,37
2783,5337,3.286294e-05,1,37
2784,5340,3.280274e-05,1,37
2785,5341,3.293689e-05,1,37
2786,5342,3.299691e-05,1,37
2787,5343,3.294392e-05,1,37
2788,5344,3.285746e-05,1,36
2789,5345,3.290711e-05,1,36
2790,5346,3.302674e-05,1,36
2791,5347,3.297431e-05,1,36
2792,5350,3.289961e-05,1,36
2793,5351,3.289298e-05,1,36
2794,5352,3.304516e-05,1,36
2795,5353,3.302229e-05,1,36
2796,5354,3.293176e-05,1,35
2797,5355,3.29219e-05,1,35
2798,5356,3.307092e-05,1,35
2799,5357,3.302985e-05,1,35
2800,5360,3.293443e-05,1,35
2801,5361,3.296494e-05,1,35
2802,5362,3.308752e-05,1,35
2803,5363,3.303892e-05,1,35
2804,5364,3.296426e-05,1,34
2805,5365,3.298455e-05,1,34
2806,5366,3.310476e-05,1,34
2807,5367,3.305839e-05,1,34
2808,5370,3.297691e-05,1,34
2809,5371,3.297902e-05,1,34
2810,5372,3.311633e-05,1,34
2811,5373,3.308053e-05,1,34
2812,5374,3.298821e-05,1,33
2813,5375,3.300127e-05,1,33
2814,5376,3.313313e-05,1,33
2815,5377,3.308105e-05,1,33
2816,5400,3.298133e-05,1,33
2817,5401,3.304553e-05,1,33
2818,5402,3.314045e-05,1,33
2819,5403,3.308357e-05,1,33
2820,5404,3.3002e-05,1,32
2821,5405,3.303764e-05,1,32
2822,5406,3.315773e-05,1,32
2823,5407,3.309566e-05,1,32
2824,5410,3.299857e-05,1,32
2825,5411,3.303304e-05,1,32
2826,5412,3.315442e-05,1,32
2827,5413,3.31286e-05,1,32
2828,5414,3.304897e-05,1,31
2829,5415,3.29919e-05,1,31
2830,5416,3.316049e-05,1,31
2831,5417,3.314151e-05,1,31
2832,5420,3.305737e-05,1,31
2833,5421,3.300253e-05,1,31
2834,5422,3.315577e-05,1,31
2835,5423,3.313946e-05,1,30
2836,5424,3.30629e-05,1,30
2837,5425,3.300115e-05,1,30
2838,5426,3.316013e-05,1,30
2839,5427,3.315548e-05,1,30
2840,5430,3.308509e-05,1,30
2841,5431,3.30003e-05,1,30
2842,5432,3.313024e-05,1,30
2843,5433,3.316347e-05,1,29
2844,5434,3.30898e-05,1,29
2845,5435,3.30009e-05,1,29
2846,5436,3.314558e-05,1,29
2847,5437,3.317489e-05,1,29
2848,5440,3.311958e-05,1,29
2849,5441,3.302548e-05,1,29
2850,5442,3.308254e-05,1,29
2851,5443,3.318537e-05,1,28
2852,5444,3.313805e-05,1,28
2853,5445,3.305183e-05,1,28
2854,5446,3.30345e-05,1,28
2855,5447,3.318243e-05,1,28
2856,5450,3.315761e-05,1,28
2857,5451,3.308219e-05,1,28
2858,5452,3.300762e-05,1,28
2859,5453,3.31697e-05,1,27
2860,5454,3.316528e-05,1,27
2861,5455,3.308585e-05,1,27
2862,5456,3.300935e-05,1,27
2863,5457,3.312883e-05,1,27
2864,5460,3.317983e-05,1,27
2865,5461,3.310459e-05,1,27
2866,5462,3.301129e-05,1,27
2867,5463,3.312594e-05,1,26
2868,5464,3.317737e-05,1,26
2869,5465,3.311425e-05,1,26
2870,5466,3.301353e-05,1,26
2871,5467,3.310186e-05,1,26
2872,5470,3.315053e-05,1,26
2873,5471,3.306597e-05,1,26
2874,5472,3.300505e-05,1,26
2875,5473,3.316894e-05,1,25
2876,5474,3.315504e-05,1,25
2877,5475,3.308246e-05,1,25
2878,5476,3.300587e-05,1,25
2879,5477,3.315808e-05,1,25
2880,5500,3.314785e-05,1,25
2881,5501,3.306993e-05,1,25
2882,5502,3.299307e-05,1,24
2883,5503,3.314792e-05,1,24
2884,5504,3.315755e-05,1,24
2885,5505,3.308561e-05,1,24
2886,5506,3.300192e-05,1,24
2887,5507,3.307727e-05,1,24
2888,5510,3.316742e-05,1,24
2889,5511,3.309733e-05,1,24
2890,5512,3.299907e-05,1,23
2891,5513,3.30942e-05,1,23
2892,5514,3.315758e-05,1,23
2893,5515,3.309338e-05,1,23
2894,5516,3.299477e-05,1,23
2895,5517,3.307092e-05,1,23
2896,5520,3.316217e-05,1,23
2897,5521,3.309785e-05,1,23
2898,5522,3.300672e-05,1,22
2899,5523,3.305833e-05,1,22
2900,5524,3.315629e-05,1,22
2901,5525,3.310196e-05,1,22
2902,5526,3.300508e-05,1,22
2903,5527,3.303163e-05,1,22
2904,5530,3.315448e-05,1,22
2905,5531,3.309522e-05,1,22
2906,5532,3.301105e-05,1,21
2907,5533,3.2984e-05,1,21
2908,5534,3.31247e-05,1,21
2909,5535,3.311384e-05,1,21
2910,5536,3.303836e-05,1,21
2911,5537,3.296292e-05,1,21
2912,5540,3.309592e-05,1,21
2913,5541,3.312725e-05,1,21
2914,5542,3.306269e-05,1,20
2915,5543,3.297907e-05,1,20
2916,5544,3.304144e-05,1,20
2917,5545,3.313565e-05,1,20
2918,5546,3.307125e-05,1,20
2919,5547,3.297489e-05,1,20
2920,5550,3.300959e-05,1,20
2921,5551,3.312757e-05,1,20
2922,5552,3.307072e-05,1,19
2923,5553,3.296406e-05,1,19
2924,5554,3.302235e-05,1,19
2925,5555,3.312464e-05,1,19
2926,5556,3.306542e-05,1,19
2927,5557,3.297951e-05,1,19
2928,5560,3.300777e-05,1,19
2929,5561,3.312055e-05,1,19
2930,5562,3.307256e-05,1,18
2931,5563,3.298192e-05,1,18
2932,5564,3.297194e-05,1,18
2933,5565,3.311317e-05,1,18
2934,5566,3.307265e-05,1,18
2935,5567,3.298944e-05,1,18
2936,5570,3.295076e-05,1,18
2937,5571,3.31072e-05,1,17
2938,5572,3.307369e-05,1,17
2939,5573,3.296423e-05,1,17
2940,5574,3.301796e-05,1,17
2941,5575,3.311062e-05,1,17
2942,5576,3.304214e-05,1,17
2943,5577,3.29459e-05,1,17
2944,5600,3.303974e-05,1,17
2945,5601,3.310386e-05,1,16
2946,5602,3.303561e-05,1,16
2947,5603,3.293961e-05,1,16
2948,5604,3.300069e-05,1,16
2949,5605,3.310152e-05,1,16
2950,5606,3.304162e-05,1,16
2951,5607,3.295296e-05,1,16
2952,5610,3.298989e-05,1,16
2953,5611,3.309955e-05,1,15
2954,5612,3.304373e-05,1,15
2955,5613,3.29445e-05,1,15
2956,5614,3.300133e-05,1,15
2957,5615,3.309387e-05,1,15
2958,5616,3.303904e-05,1,15
2959,5617,3.293256e-05,1,15
2960,5620,3.298321e-05,1,15
2961,5621,3.309195e-05,1,14
2962,5622,3.303233e-05,1,14
2963,5623,3.294067e-05,1,14
2964,5624,3.297981e-05,1,14
2965,5625,3.308843e-05,1,14
2966,5626,3.303263e-05,1,14
2967,5627,3.293209e-05,1,14
2968,5630,3.30003e-05,1,14
2969,5631,3.308193e-05,1,13
2970,5632,3.301468e-05,1,13
2971,5633,3.292184e-05,1,13
2972,5634,3.300718e-05,1,13
2973,5635,3.307567e-05,1,13
2974,5636,3.301304e-05,1,13
2975,5637,3.293048e-05,1,13
2976,5640,3.294497e-05,1,13
2977,5641,3.3072e-05,1,12
2978,5642,3.303054e-05,1,12
2979,5643,3.29426e-05,1,12
2980,5644,3.291449e-05,1,12
2981,5645,3.306624e-05,1,12
2982,5646,3.302958e-05,1,12
2983,5647,3.295326e-05,1,12
2984,5650,3.289807e-05,1,11
2985,5651,3.305353e-05,1,11
2986,5652,3.304235e-05,1,11
2987,5653,3.29727e-05,1,11
2988,5654,3.28788e-05,1,11
2989,5655,3.301237e-05,1,11
2990,5656,3.304914e-05,1,11
2991,5657,3.298188e-05,1,11
2992,5660,3.288723e-05,1,10
2993,5661,3.296151e-05,1,10
2994,5662,3.305327e-05,1,10
2995,5663,3.299079e-05,1,10
2996,5664,3.289327e-05,1,10
2997,5665,3.293671e-05,1,10
2998,5666,3.304715e-05,1,10
2999,5667,3.29796e-05,1,10
3000,5670,3.287991e-05,1,9
3001,5671,3.297907e-05,1,9
3002,5672,3.304354e-05,1,9
3003,5673,3.296932e-05,1,9
3004,5674,3.287338e-05,1,9
3005,5675,3.295282e-05,1,9
3006,5676,3.303552e-05,1,9
3007,5677,3.297636e-05,1,9
3008,5700,3.287815e-05,1,8
3009,5701,3.294781e-05,1,8
3010,5702,3.304056e-05,1,8
3011,5703,3.297726e-05,1,8
3012,5704,3.288138e-05,1,8
3013,5705,3.289956e-05,1,8
3014,5706,3.303054e-05,1,8
3015,5707,3.298101e-05,1,8
3016,5710,3.288003e-05,1,7
3017,5711,3.290401e-05,1,7
3018,5712,3.302891e-05,1,7
3019,5713,3.297431e-05,1,7
3020,5714,3.288336e-05,1,7
3021,5715,3.290226e-05,1,7
3022,5716,3.302296e-05,1,7
3023,5717,3.296535e-05,1,7
3024,5720,3.287438e-05,1,6
3025,5721,3.287854e-05,1,6
3026,5722,3.301898e-05,1,6
3027,5723,3.296965e-05,1,6
3028,5724,3.288686e-05,1,6
3029,5725,3.286264e-05,1,6
3030,5726,3.301108e-05,1,6
3031,5727,3.296257e-05,1,5
3032,5730,3.287526e-05,1,5
3033,5731,3.284005e-05,1,5
3034,5732,3.299006e-05,1,5
3035,5733,3.297712e-05,1,5
3036,5734,3.290065e-05,1,5
3037,5735,3.28261e-05,1,5
3038,5736,3.298409e-05,1,5
3039,5737,3.296649e-05,1,4
3040,5740,3.288349e-05,1,4
3041,5741,3.281837e-05,1,4
3042,5742,3.295422e-05,1,4
3043,5743,3.29774e-05,1,4
3044,5744,3.289839e-05,1,4
3045,5745,3.281767e-05,1,4
3046,5746,3.293417e-05,1,4
3047,5747,3.298771e-05,1,3
3048,5750,3.289722e-05,1,3
3049,5751,3.281797e-05,1,3
3050,5752,3.298031e-05,1,3
3051,5753,3.298786e-05,1,3
3052,5754,3.289914e-05,1,3
3053,5755,3.282456e-05,1,3
3054,5756,3.297776e-05,1,3
3055,5757,3.298063e-05,1,2
3056,5760,3.291584e-05,1,2
3057,5761,3.284071e-05,1,2
3058,5762,3.298461e-05,1,2
3059,5763,3.306873e-05,1,2
3060,5764,3.307077e-05,1,2
3061,5765,3.322372e-05,1,2
3062,5766,3.362509e-05,1,2
3063,5767,3.358298e-05,1,1
3064,5770,3.347624e-05,1,1
3065,5771,3.346101e-05,1,1
3066,5772,3.344233e-05,1,1
3067,5773,3.359001e-05,1,1
3068,5774,3.357844e-05,1,1
3069,5775,3.337956e-05,1,1
3070,5776,3.345059e-05,1,1
3071,5777,3.357853e-05,1,0
3072,6000,3.349831e-05,1,0
3073,6001,3.351289e-05,1,0
3074,6002,3.33856e-05,1,0
3075,6003,3.35343e-05,1,0
3076,6004,3.359648e-05,1,0
3077,6005,3.344216e-05,1,0
3078,6006,3.339728e-05,-1,-1
3079,6007,3.355344e-05,-1,-1
3080,6010,3.35246e-05,-1,-1
3081,6011,3.351055e-05,-1,-1
3082,6012,3.338676e-05,-1,-1
3083,6013,3.352238e-05,-1,-1
3084,6014,3.358137e-05,-1,-1
3085,6015,3.344971e-05,-1,-1
3086,6016,3.338896e-05,-1,-1
3087,6017,3.35448e-05,-1,-1
3088,6020,3.352931e-05,-1,-1
3089,6021,3.349079e-05,-1,-1
3090,6022,3.337936e-05,-1,-1
3091,6023,3.352809e-05,-1,-1
3092,6024,3.356624e-05,-1,-1
3093,6025,3.344737e-05,-1,-1
3094,6026,3.338475e-05,-1,-1
3095,6027,3.355262e-05,-1,-1
3096,6030,3.353936e-05,-1,-1
3097,6031,3.347668e-05,-1,-1
3098,6032,3.33697e-05,-1,-1
3099,6033,3.351743e-05,-1,-1
3100,6034,3.356948e-05,-1,-1
3101,6035,3.345258e-05,-1,-1
3102,6036,3.338574e-05,-1,-1
3103,6037,3.353687e-05,-1,-1
3104,6040,3.354282e-05,-1,-1
3105,6041,3.346977e-05,-1,-1
3106,6042,3.338343e-05,-1,-1
3107,6043,3.349781e-05,-1,-1
3108,6044,3.355938e-05,-1,-1
3109,6045,3.348364e-05,-1,-1
3110,6046,3.341912e-05,-1,-1
3111,6047,3.345516e-05,-1,-1
3112,6050,3.354402e-05,-1,-1
3113,6051,3.350267e-05,-1,-1
3114,6052,3.339142e-05,-1,-1
3115,6053,3.344028e-05,-1,-1
3116,6054,3.355643e-05,-1,-1
3117,6055,3.350956e-05,-1,-1
3118,6056,3.342316e-05,-1,-1
3119,6057,3.342561e-05,-1,-1
3120,6060,3.355748e-05,-1,-1
3121,6061,3.35247e-05,-1,-1
3122,6062,3.341505e-05,-1,-1
3123,6063,3.34159e-05,-1,-1
3124,6064,3.356345e-05,-1,-1
3125,6065,3.351644e-05,-1,-1
3126,6066,3.344201e-05,-1,-1
3127,6067,3.339593e-05,-1,-1
3128,6070,3.354053e-05,-1,-1
3129,6071,3.353704e-05,-1,-1
3130,6072,3.347357e-05,-1,-1
3131,6073,3.338756e-05,-1,-1
3132,6074,3.351058e-05,-1,-1
3133,6075,3.355441e-05,-1,-1
3134,6076,3.348962e-05,-1,-1
3135,6077,3.338996e-05,-1,-1
3136,6100,3.348757e-05,-1,-1
3137,6101,3.35617e-05,-1,-1
3138,6102,3.349681e-05,-1,-1
3139,6103,3.339274e-05,-1,-1
3140,6104,3.350168e-05,-1,-1
3141,6105,3.356466e-05,-1,-1
3142,6106,3.348903e-05,-1,-1
3143,6107,3.340266e-05,-1,-1
3144,6110,3.3497e-05,-1,-1
3145,6111,3.356654e-05,-1,-1
3146,6112,3.350276e-05,-1,-1
3147,6113,3.340287e-05,-1,-1
3148,6114,3.349204e-05,-1,-1
3149,6115,3.35571e-05,-1,-1
3150,6116,3.349612e-05,-1,-1
3151,6117,3.34195e-05,-1,-1
3152,6120,3.347287e-05,-1,-1
3153,6121,3.356067e-05,-1,-1
3154,6122,3.350753e-05,-1,-1
3155,6123,3.341312e-05,-1,-1
3156,6124,3.344471e-05,-1,-1
3157,6125,3.3567e-05,-1,-1
3158,6126,3.351588e-05,-1,-1
3159,6127,3.342055e-05,-1,-1
3160,6130,3.344565e-05,-1,-1
3161,6131,3.357157e-05,-1,-1
3162,6132,3.351605e-05,-1,-1
3163,6133,3.342588e-05,-1,-1
3164,6134,3.34195e-05,-1,-1
3165,6135,3.356377e-05,-1,-1
3166,6136,3.352112e-05,-1,-1
3167,6137,3.344956e-05,-1,-1
3168,6140,3.338724e-05,-1,-1
3169,6141,3.354296e-05,-1,-1
3170,6142,3.354103e-05,-1,-1
3171,6143,3.348136e-05,-1,-1
3172,6144,3.338773e-05,-1,-1
3173,6145,3.350586e-05,-1,-1
3174,6146,3.355675e-05,-1,-1
3175,6147,3.349597e-05,-1,-1
3176,6150,3.339739e-05,-1,-1
3177,6151,3.348233e-05,-1,-1
3178,6152,3.356468e-05,-1,-1
3179,6153,3.350665e-05,-1,-1
3180,6154,3.340852e-05,-1,-1
3181,6155,3.346502e-05,-1,-1
3182,6156,3.356811e-05,-1,-1
3183,6157,3.351904e-05,-1,-1
3184,6160,3.343259e-05,-1,-1
3185,6161,3.341496e-05,-1,-1
3186,6162,3.355458e-05,-1,-1
3187,6163,3.353268e-05,-1,-1
3188,6164,3.345299e-05,-1,-1
3189,6165,3.33863e-05,-1,-1
3190,6166,3.354934e-05,-1,-1
3191,6167,3.35398e-05,-1,-1
3192,6170,3.345554e-05,-1,-1
3193,6171,3.339318e-05,-1,-1
3194,6172,3.354006e-05,-1,-1
3195,6173,3.354199e-05,-1,-1
3196,6174,3.346517e-05,-1,-1
3197,6175,3.338433e-05,-1,-1
3198,6176,3.353789e-05,-1,-1
3199,6177,3.354694e-05,-1,-1
3200,6200,3.34683e-05,-1,-1
3201,6201,3.338688e-05,-1,-1
3202,6202,3.349629e-05,-1,-1
3203,6203,3.356495e-05,-1,-1
3204,6204,3.351242e-05,-1,-1
3205,6205,3.341639e-05,-1,-1
3206,6206,3.341616e-05,-1,-1
3207,6207,3.356158e-05,-1,-1
3208,6210,3.353163e-05,-1,-1
3209,6211,3.344342e-05,-1,-1
3210,6212,3.338905e-05,-1,-1
3211,6213,3.355432e-05,-1,-1
3212,6214,3.351974e-05,-1,-1
3213,6215,3.342398e-05,-1,-1
3214,6216,3.337364e-05,-1,-1
3215,6217,3.350935e-05,-1,-1
3216,6220,3.34924e-05,-1,-1
3217,6221,3.340366e-05,-1,-1
3218,6222,3.332689e-05,-1,-1
3219,6223,3.345724e-05,-1,-1
3220,6224,3.349333e-05,-1,-1
3221,6225,3.34231e-05,-1,-1
3222,6226,3.334885e-05,-1,-1
3223,6227,3.342927e-05,-1,-1
3224,6230,3.350584e-05,-1,-1
3225,6231,3.345472e-05,-1,-1
3226,6232,3.335177e-05,-1,-1
3227,6233,3.339839e-05,-1,-1
3228,6234,3.350513e-05,-1,-1
3229,6235,3.346678e-05,-1,-1
3230,6236,3.337994e-05,-1,-1
3231,6237,3.334659e-05,-1,-1
3232,6240,3.351117e-05,-1,-1
3233,6241,3.347307e-05,-1,-1
3234,6242,3.340015e-05,-1,-1
3235,6243,3.334663e-05,-1,-1
3236,6244,3.35013e-05,-1,-1
3237,6245,3.349579e-05,-1,-1
3238,6246,3.342222e-05,-1,-1
3239,6247,3.333492e-05,-1,-1
3240,6250,3.346974e-05,-1,-1
3241,6251,3.350449e-05,-1,-1
3242,6252,3.343484e-05,-1,-1
3243,6253,3.334659e-05,-1,-1
3244,6254,3.341384e-05,-1,-1
3245,6255,3.351453e-05,-1,-1
3246,6256,3.345706e-05,-1,-1
3247,6257,3.337338e-05,-1,-1
3248,6260,3.339572e-05,-1,-1
3249,6261,3.351752e-05,-1,-1
3250,6262,3.347492e-05,-1,-1
3251,6263,3.337933e-05,-1,-1
3252,6264,3.337625e-05,-1,-1
3253,6265,3.351918e-05,-1,-1
3254,6266,3.347797e-05,-1,-1
3255,6267,3.339628e-05,-1,-1
3256,6270,3.336981e-05,-1,-1
3257,6271,3.351764e-05,-1,-1
3258,6272,3.349125e-05,-1,-1
3259,6273,3.340659e-05,-1,-1
3260,6274,3.334865e-05,-1,-1
3261,6275,3.349939e-05,-1,-1
3262,6276,3.349395e-05,-1,-1
3263,6277,3.341914e-05,-1,-1
3264,6300,3.333878e-05,-1,-1
3265,6301,3.348762e-05,-1,-1
3266,6302,3.350132e-05,-1,-1
3267,6303,3.342016e-05,-1,-1
3268,6304,3.333752e-05,-1,-1
3269,6305,3.34777e-05,-1,-1
3270,6306,3.350803e-05,-1,-1
3271,6307,3.343507e-05,-1,-1
3272,6310,3.335353e-05,-1,-1
3273,6311,3.341238e-05,-1,-1
3274,6312,3.352369e-05,-1,-1
3275,6313,3.346353e-05,-1,-1
3276,6314,3.338106e-05,-1,-1
3277,6315,3.339625e-05,-1,-1
3278,6316,3.352083e-05,-1,-1
3279,6317,3.346298e-05,-1,-1
3280,6320,3.337719e-05,-1,-1
3281,6321,3.337593e-05,-1,-1
3282,6322,3.352498e-05,-1,-1
3283,6323,3.347823e-05,-1,-1
3284,6324,3.34101e-05,-1,-1
3285,6325,3.337189e-05,-1,-1
3286,6326,3.351608e-05,-1,-1
3287,6327,3.349456e-05,-1,-1
3288,6330,3.341355e-05,-1,-1
3289,6331,3.334536e-05,-1,-1
3290,6332,3.349237e-05,-1,-1
3291,6333,3.351031e-05,-1,-1
3292,6334,3.343279e-05,-1,-1
3293,6335,3.335266e-05,-1,-1
3294,6336,3.346341e-05,-1,-1
3295,6337,3.351098e-05,-1,-1
3296,6340,3.344298e-05,-1,-1
3297,6341,3.335108e-05,-1,-1
3298,6342,3.341475e-05,-1,-1
3299,6343,3.351971e-05,-1,-1
3300,6344,3.347653e-05,-1,-1
3301,6345,3.339215e-05,-1,-1
3302,6346,3.337277e-05,-1,-1
3303,6347,3.351008e-05,-1,-1
3304,6350,3.350525e-05,-1,-1
3305,6351,3.343905e-05,-1,-1
3306,6352,3.334733e-05,-1,-1
3307,6353,3.348256e-05,-1,-1
3308,6354,3.351986e-05,-1,-1
3309,6355,3.344652e-05,-1,-1
3310,6356,3.334979e-05,-1,-1
3311,6357,3.342981e-05,-1,-1
3312,6360,3.352173e-05,2,0
3313,6361,3.346643e-05,2,0
3314,6362,3.338386e-05,2,0
3315,6363,3.326067e-05,2,0
3316,6364,3.316894e-05,2,0
3317,6365,3.303128e-05,2,0
3318,6366,3.290343e-05,2,0
3319,6367,3.286475e-05,2,0
3320,6370,3.299267e-05,2,1
3321,6371,3.295972e-05,2,1
3322,6372,3.287442e-05,2,1
3323,6373,3.288706e-05,2,1
3324,6374,3.300066e-05,2,1
3325,6375,3.294198e-05,2,1
3326,6376,3.286188e-05,2,1
3327,6377,3.285606e-05,2,1
3328,6400,3.300382e-05,2,2
3329,6401,3.297662e-05,2,2
3330,6402,3.290135e-05,2,2
3331,6403,3.285225e-05,2,2
3332,6404,3.301078e-05,2,2
3333,6405,3.29941e-05,2,2
3334,6406,3.292026e-05,2,2
3335,6407,3.284929e-05,2,2
3336,6410,3.29866e-05,2,3
3337,6411,3.301568e-05,2,3
3338,6412,3.294404e-05,2,3
3339,6413,3.286481e-05,2,3
3340,6414,3.297439e-05,2,3
3341,6415,3.30294e-05,2,3
3342,6416,3.297735e-05,2,3
3343,6417,3.290211e-05,2,3
3344,6420,3.289669e-05,2,4
3345,6421,3.304474e-05,2,4
3346,6422,3.301441e-05,2,4
3347,6423,3.295334e-05,2,4
3348,6424,3.287201e-05,2,4
3349,6425,3.301333e-05,2,4
3350,6426,3.304439e-05,2,4
3351,6427,3.298312e-05,2,4
3352,6430,3.288791e-05,2,5
3353,6431,3.299623e-05,2,5
3354,6432,3.305684e-05,2,5
3355,6433,3.298821e-05,2,5
3356,6434,3.290061e-05,2,5
3357,6435,3.300326e-05,2,5
3358,6436,3.306507e-05,2,5
3359,6437,3.298669e-05,2,5
3360,6440,3.28988e-05,2,6
3361,6441,3.300736e-05,2,6
3362,6442,3.306923e-05,2,6
3363,6443,3.300022e-05,2,6
3364,6444,3.290345e-05,2,6
3365,6445,3.302929e-05,2,6
3366,6446,3.306641e-05,2,6
3367,6447,3.298095e-05,2,7
3368,6450,3.291353e-05,2,7
3369,6451,3.306433e-05,2,7
3370,6452,3.307025e-05,2,7
3371,6453,3.299755e-05,2,7
3372,6454,3.295669e-05,2,7
3373,6455,3.309036e-05,2,7
3374,6456,3.306602e-05,2,7
3375,6457,3.298885e-05,2,8
3376,6460,3.293627e-05,2,8
3377,6461,3.310093e-05,2,8
3378,6462,3.30831e-05,2,8
3379,6463,3.300308e-05,2,8
3380,6464,3.293944e-05,2,8
3381,6465,3.310181e-05,2,8
3382,6466,3.310087e-05,2,8
3383,6467,3.302484e-05,2,9
3384,6470,3.294403e-05,2,9
3385,6471,3.307941e-05,2,9
3386,6472,3.3113e-05,2,9
3387,6473,3.305658e-05,2,9
3388,6474,3.296473e-05,2,9
3389,6475,3.304689e-05,2,9
3390,6476,3.313211e-05,2,9
3391,6477,3.307151e-05,2,10
3392,6500,3.298116e-05,2,10
3393,6501,3.301465e-05,2,10
3394,6502,3.313714e-05,2,10
3395,6503,3.308574e-05,2,10
3396,6504,3.29939e-05,2,10
3397,6505,3.303569e-05,2,10
3398,6506,3.314842e-05,2,10
3399,6507,3.30968e-05,2,11
3400,6510,3.301239e-05,2,11
3401,6511,3.298262e-05,2,11
3402,6512,3.313478e-05,2,11
3403,6513,3.313173e-05,2,11
3404,6514,3.305456e-05,2,11
3405,6515,3.29806e-05,2,11
3406,6516,3.314391e-05,2,11
3407,6517,3.314827e-05,2,12
3408,6520,3.308035e-05,2,12
3409,6521,3.300197e-05,2,12
3410,6522,3.308076e-05,2,12
3411,6523,3.316467e-05,2,12
3412,6524,3.311229e-05,2,12
3413,6525,3.301828e-05,2,12
3414,6526,3.305681e-05,2,13
3415,6527,3.317149e-05,2,13
3416,6530,3.31264e-05,2,13
3417,6531,3.3028e-05,2,13
3418,6532,3.307265e-05,2,13
3419,6533,3.317867e-05,2,13
3420,6534,3.311835e-05,2,13
3421,6535,3.302502e-05,2,13
3422,6536,3.304701e-05,2,14
3423,6537,3.318031e-05,2,14
3424,6540,3.313498e-05,2,14
3425,6541,3.305798e-05,2,14
3426,6542,3.303327e-05,2,14
3427,6543,3.318499e-05,2,14
3428,6544,3.315642e-05,2,14
3429,6545,3.306381e-05,2,14
3430,6546,3.303005e-05,2,15
3431,6547,3.317474e-05,2,15
3432,6550,3.317181e-05,2,15
3433,6551,3.309715e-05,2,15
3434,6552,3.301819e-05,2,15
3435,6553,3.3168e-05,2,15
3436,6554,3.31854e-05,2,15
3437,6555,3.311311e-05,2,15
3438,6556,3.302812e-05,2,16
3439,6557,3.312968e-05,2,16
3440,6560,3.320978e-05,2,16
3441,6561,3.316268e-05,2,16
3442,6562,3.308743e-05,2,16
3443,6563,3.303851e-05,2,16
3444,6564,3.318589e-05,2,16
3445,6565,3.319632e-05,2,16
3446,6566,3.311545e-05,2,17
3447,6567,3.304638e-05,2,17
3448,6570,3.320972e-05,2,17
3449,6571,3.319623e-05,2,17
3450,6572,3.311982e-05,2,17
3451,6573,3.305259e-05,2,17
3452,6574,3.321742e-05,2,17
3453,6575,3.319839e-05,2,17
3454,6576,3.31122e-05,2,18
3455,6577,3.305623e-05,2,18
3456,6600,3.320577e-05,2,18
3457,6601,3.322278e-05,2,18
3458,6602,3.315342e-05,2,18
3459,6603,3.306661e-05,2,18
3460,6604,3.321008e-05,2,18
3461,6605,3.324023e-05,2,19
3462,6606,3.316217e-05,2,19
3463,6607,3.30718e-05,2,19
3464,6610,3.321877e-05,2,19
3465,6611,3.324386e-05,2,19
3466,6612,3.318013e-05,2,19
3467,6613,3.308644e-05,2,19
3468,6614,3.318785e-05,2,19
3469,6615,3.325915e-05,2,20
3470,6616,3.319087e-05,2,20
3471,6617,3.310362e-05,2,20
3472,6620,3.315585e-05,2,20
3473,6621,3.327132e-05,2,20
3474,6622,3.321561e-05,2,20
3475,6623,3.314394e-05,2,20
3476,6624,3.311592e-05,2,20
3477,6625,3.327721e-05,2,21
3478,6626,3.324863e-05,2,21
3479,6627,3.31885e-05,2,21
3480,6630,3.311103e-05,2,21
3481,6631,3.327048e-05,2,21
3482,6632,3.327756e-05,2,21
3483,6633,3.320683e-05,2,21
3484,6634,3.311803e-05,2,21
3485,6635,3.324047e-05,2,22
3486,6636,3.329879e-05,2,22
3487,6637,3.323537e-05,2,22
3488,6640,3.314625e-05,2,22
3489,6641,3.322837e-05,2,22
3490,6642,3.330916e-05,2,22
3491,6643,3.324872e-05,2,22
3492,6644,3.315436e-05,2,22
3493,6645,3.32186e-05,2,23
3494,6646,3.331665e-05,2,23
3495,6647,3.325868e-05,2,23
3496,6650,3.316192e-05,2,23
3497,6651,3.326137e-05,2,23
3498,6652,3.331384e-05,2,23
3499,6653,3.324419e-05,2,23
3500,6654,3.31536e-05,2,23
3501,6655,3.328515e-05,2,24
3502,6656,3.332859e-05,2,24
3503,6657,3.327308e-05,2,24
3504,6660,3.317802e-05,2,24
3505,6661,3.323871e-05,2,24
3506,6662,3.334347e-05,2,24
3507,6663,3.328233e-05,2,24
3508,6664,3.320106e-05,2,25
3509,6665,3.324266e-05,2,25
3510,6666,3.334958e-05,2,25
3511,6667,3.328432e-05,2,25
3512,6670,3.319755e-05,2,25
3513,6671,3.32395e-05,2,25
3514,6672,3.336015e-05,2,25
3515,6673,3.330066e-05,2,25
3516,6674,3.320279e-05,2,26
3517,6675,3.325359e-05,2,26
3518,6676,3.336478e-05,2,26
3519,6677,3.33047e-05,2,26
3520,6700,3.322164e-05,2,26
3521,6701,3.321275e-05,2,26
3522,6702,3.335667e-05,2,26
3523,6703,3.335228e-05,2,26
3524,6704,3.326753e-05,2,27
3525,6705,3.319623e-05,2,27
3526,6706,3.333453e-05,2,27
3527,6707,3.337014e-05,2,27
3528,6710,3.330224e-05,2,27
3529,6711,3.320689e-05,2,27
3530,6712,3.331614e-05,2,27
3531,6713,3.338389e-05,2,27
3532,6714,3.331111e-05,2,28
3533,6715,3.321813e-05,2,28
3534,6716,3.327864e-05,2,28
3535,6717,3.339008e-05,2,28
3536,6720,3.336129e-05,2,28
3537,6721,3.327571e-05,2,28
3538,6722,3.324559e-05,2,28
3539,6723,3.33951e-05,2,28
3540,6724,3.336106e-05,2,29
3541,6725,3.327258e-05,2,29
3542,6726,3.325308e-05,2,29
3543,6727,3.339827e-05,2,29
3544,6730,3.336934e-05,2,29
3545,6731,3.329018e-05,2,29
3546,6732,3.32385e-05,2,29
3547,6733,3.339804e-05,2,29
3548,6734,3.338732e-05,2,30
3549,6735,3.331702e-05,2,30
3550,6736,3.323792e-05,2,30
3551,6737,3.339092e-05,2,30
3552,6740,3.339605e-05,2,30
3553,6741,3.332071e-05,2,30
3554,6742,3.324143e-05,2,30
3555,6743,3.338858e-05,2,30
3556,6744,3.340486e-05,2,31
3557,6745,3.333187e-05,2,31
3558,6746,3.32429e-05,2,31
3559,6747,3.337546e-05,2,31
3560,6750,3.341373e-05,2,31
3561,6751,3.334405e-05,2,31
3562,6752,3.325631e-05,2,31
3563,6753,3.338533e-05,2,32
3564,6754,3.342125e-05,2,32
3565,6755,3.335079e-05,2,32
3566,6756,3.32573e-05,2,32
3567,6757,3.33682e-05,2,32
3568,6760,3.34305e-05,2,32
3569,6761,3.336612e-05,2,32
3570,6762,3.328409e-05,2,32
3571,6763,3.334712e-05,2,33
3572,6764,3.344123e-05,2,33
3573,6765,3.338512e-05,2,33
3574,6766,3.329296e-05,2,33
3575,6767,3.33295e-05,2,33
3576,6770,3.344553e-05,2,33
3577,6771,3.340665e-05,2,33
3578,6772,3.331273e-05,2,33
3579,6773,3.33165e-05,2,34
3580,6774,3.345241e-05,2,34
3581,6775,3.341923e-05,2,34
3582,6776,3.332689e-05,2,34
3583,6777,3.330104e-05,2,34
3584,7000,3.344886e-05,2,34
3585,7001,3.342643e-05,2,34
3586,7002,3.334917e-05,2,34
3587,7003,3.328075e-05,2,35
3588,7004,3.344145e-05,2,35
3589,7005,3.343929e-05,2,35
3590,7006,3.337104e-05,2,35
3591,7007,3.329665e-05,2,35
3592,7010,3.334976e-05,2,35
3593,7011,3.34714e-05,2,35
3594,7012,3.341549e-05,2,35
3595,7013,3.333055e-05,2,36
3596,7014,3.334404e-05,2,36
3597,7015,3.347097e-05,2,36
3598,7016,3.342881e-05,2,36
3599,7017,3.333577e-05,2,36
3600,7020,3.333085e-05,2,36
3601,7021,3.348157e-05,2,36
3602,7022,3.34332e-05,2,36
3603,7023,3.335278e-05,2,37
3604,7024,3.33119e-05,2,37
3605,7025,3.347674e-05,2,37
3606,7026,3.345911e-05,2,37
3607,7027,3.336194e-05,2,37
3608,7030,3.331831e-05,2,37
3609,7031,3.348321e-05,2,37
3610,7032,3.345417e-05,2,38
3611,7033,3.337963e-05,2,38
3612,7034,3.331216e-05,2,38
3613,7035,3.345445e-05,2,38
3614,7036,3.34811e-05,2,38
3615,7037,3.339977e-05,2,38
3616,7040,3.332493e-05,2,38
3617,7041,3.34187e-05,2,38
3618,7042,3.349656e-05,2,39
3619,7043,3.342585e-05,2,39
3620,7044,3.333316e-05,2,39
3621,7045,3.343466e-05,2,39
3622,7046,3.350414e-05,2,39
3623,7047,3.344775e-05,2,39
3624,7050,3.33668e-05,2,39
3625,7051,3.337989e-05,2,39
3626,7052,3.351043e-05,2,40
3627,7053,3.345899e-05,2,40
3628,7054,3.337036e-05,2,40
3629,7055,3.335807e-05,2,40
3630,7056,3.351658e-05,2,40
3631,7057,3.347299e-05,2,40
3632,7060,3.339329e-05,2,40
3633,7061,3.336182e-05,2,40
3634,7062,3.351483e-05,2,41
3635,7063,3.347752e-05,2,41
3636,7064,3.338524e-05,2,41
3637,7065,3.339502e-05,2,41
3638,7066,3.352636e-05,2,41
3639,7067,3.346845e-05,2,41
3640,7070,3.337564e-05,2,41
3641,7071,3.34277e-05,2,41
3642,7072,3.353292e-05,2,42
3643,7073,3.348671e-05,2,42
3644,7074,3.338029e-05,2,42
3645,7075,3.34197e-05,2,42
3646,7076,3.354632e-05,2,42
3647,7077,3.350144e-05,2,42
3648,7100,3.342096e-05,2,42
3649,7101,3.339315e-05,2,42
3650,7102,3.356591e-05,2,43
3651,7103,3.356708e-05,2,43
3652,7104,3.351348e-05,2,43
3653,7105,3.353025e-05,2,43
3654,7106,3.374034e-05,2,43
3655,7107,3.378719e-05,2,43
3656,7110,3.38776e-05,2,43
3657,7111,3.419488e-05,2,44
3658,7112,3.531242e-05,2,44
3659,7113,3.715372e-05,2,44
3660,7114,4.059061e-05,2,44
3661,7115,4.986092e-05,2,44
3662,7116,6.423748e-05,2,44
3663,7117,0.0006132555,2,44
3664,7120,0.0006131874,2,44
3665,7121,0.0006133728,2,45
3666,7122,0.0006129462,2,45
3667,7123,0.0006127209,2,45
3668,7124,0.0006130504,2,45
3669,7125,0.0006124865,2,45
3670,7126,0.0006131522,2,45
3671,7127,0.0006128087,2,45
3672,7130,0.0006125076,2,45
3673,7131,0.0006129681,2,46
3674,7132,0.0006122777,2,46
3675,7133,0.0006124733,2,46
3676,7134,0.0006124203,2,46
3677,7135,0.0006122694,2,46
3678,7136,0.0006120637,2,46
3679,7137,0.0006116719,2,46
3680,7140,0.0006112028,2,46
3681,7141,0.0006122505,2,47
3682,7142,0.0006121451,2,47
3683,7143,0.0006119074,2,47
3684,7144,0.0006122452,2,47
3685,7145,0.0006120655,2,47
3686,7146,0.0006125594,2,47
3687,7147,0.0006120414,2,47
3688,7150,0.0006120175,2,47
3689,7151,0.0006120657,2,48
3690,7152,0.0006118728,2,48
3691,7153,0.0006123613,2,48
3692,7154,0.0006118501,2,48
3693,7155,0.0006121227,2,48
3694,7156,0.000612025,2,48
3695,7157,0.0006121984,2,48
3696,7160,0.0006122713,2,48
3697,7161,0.0006125643,2,49
3698,7162,0.0006124975,2,49
3699,7163,0.0006119554,2,49
3700,7164,0.0006119449,2,49
3701,7165,0.0006122032,2,49
3702,7166,0.0006122629,2,49
3703,7167,0.0006121726,2,49
3704,7170,0.0006116026,-1,-1
3705,7171,0.00061238,-1,-1
3706,7172,0.0006121065,-1,-1
3707,7173,0.0006119231,-1,-1
3708,7174,0.0006119724,-1,-1
3709,7175,0.0006124965,-1,-1
3710,7176,0.0006119507,-1,-1
3711,7177,0.000612103,-1,-1
3712,7200,0.0006124661,-1,-1
3713,7201,0.0006125813,-1,-1
3714,7202,0.00061251,-1,-1
3715,7203,0.0006120999,-1,-1
3716,7204,0.0006123155,-1,-1
3717,7205,0.0006119566,-1,-1
3718,7206,0.000611875,-1,-1
3719,7207,0.0006119242,-1,-1
3720,7210,0.0006117669,-1,-1
3721,7211,0.0006121891,-1,-1
3722,7212,0.0006119483,-1,-1
3723,7213,0.0006120731,-1,-1
3724,7214,0.0006122275,-1,-1
3725,7215,0.0006116426,-1,-1
3726,7216,0.0006122354,-1,-1
3727,7217,0.0006119699,-1,-1
3728,7220,0.0006117762,-1,-1
3729,7221,0.0006120474,-1,-1
3730,7222,0.0006117603,-1,-1
3731,7223,0.0006121053,-1,-1
3732,7224,0.0006118862,-1,-1
3733,7225,0.0006123729,-1,-1
3734,7226,0.0006120086,-1,-1
3735,7227,0.0006116346,-1,-1
3736,7230,0.0006118517,-1,-1
3737,7231,0.0006121469,-1,-1
3738,7232,0.0006120583,-1,-1
3739,7233,0.000611996,-1,-1
3740,7234,0.0006120485,-1,-1
3741,7235,0.0006119356,-1,-1
3742,7236,0.0006118905,-1,-1
3743,7237,0.0006115666,-1,-1
3744,7240,0.0006123986,-1,-1
3745,7241,0.0006119484,-1,-1
3746,7242,0.0006121128,-1,-1
3747,7243,0.0006119524,-1,-1
3748,7244,0.0006121845,-1,-1
3749,7245,0.0006114577,-1,-1
3750,7246,0.0006119173,-1,-1
3751,7247,0.0006119092,-1,-1
3752,7250,0.0006122013,-1,-1
3753,7251,0.0006119505,-1,-1
3754,7252,0.0006115683,-1,-1
3755,7253,0.0006114508,-1,-1
3756,7254,0.0006119548,-1,-1
3757,7255,0.0006121726,-1,-1
3758,7256,0.0006120338,-1,-1
3759,7257,0.0006118851,-1,-1
3760,7260,0.0006120502,-1,-1
3761,7261,0.0006120392,-1,-1
3762,7262,0.0006124209,-1,-1
3763,7263,0.0006127951,-1,-1
3764,7264,0.0006121557,-1,-1
3765,7265,0.0006121059,-1,-1
3766,7266,0.0006121439,-1,-1
3767,7267,0.0006120825,-1,-1
3768,7270,0.0006115221,-1,-1
3769,7271,0.0006115098,-1,-1
3770,7272,0.000611139,-1,-1
3771,7273,0.0006114932,-1,-1
3772,7274,0.0006120026,-1,-1
3773,7275,0.0006117803,-1,-1
3774,7276,0.000611782,-1,-1
3775,7277,0.0006120028,-1,-1
3776,7300,0.0006118682,-1,-1
3777,7301,0.0006123999,-1,-1
3778,7302,0.000611922,-1,-1
3779,7303,0.0006120614,-1,-1
3780,7304,0.0006122015,-1,-1
3781,7305,0.0006119038,-1,-1
3782,7306,0.000611768,-1,-1
3783,7307,0.0006117541,-1,-1
3784,7310,0.0006116825,-1,-1
3785,7311,0.0006118084,-1,-1
3786,7312,0.000611662,-1,-1
3787,7313,0.0006121177,-1,-1
3788,7314,0.000612086,-1,-1
3789,7315,0.0006117815,-1,-1
3790,7316,0.0006120085,-1,-1
3791,7317,0.0006118512,-1,-1
3792,7320,0.000611885,-1,-1
3793,7321,0.0006119009,-1,-1
3794,7322,0.0006118481,-1,-1
3795,7323,0.0006120642,-1,-1
3796,7324,0.0006121263,-1,-1
3797,7325,0.0006117417,-1,-1
3798,7326,0.0006121053,-1,-1
3799,7327,0.0006118249,-1,-1
3800,7330,0.0006122629,-1,-1
3801,7331,0.0006119836,-1,-1
3802,7332,0.0006119472,-1,-1
3803,7333,0.000612504,-1,-1
3804,7334,0.0006124158,-1,-1
3805,7335,0.0006118224,-1,-1
3806,7336,0.0006123558,-1,-1
3807,7337,0.0006122026,-1,-1
3808,7340,0.0006118162,-1,-1
3809,7341,0.000611925,-1,-1
3810,7342,0.0006116777,-1,-1
3811,7343,0.0006119213,-1,-1
3812,7344,0.000612042,-1,-1
3813,7345,0.0006119085,-1,-1
3814,7346,0.0006118659,-1,-1
3815,7347,0.0006113527,-1,-1
3816,7350,0.0006118476,-1,-1
3817,7351,0.0006120427,-1,-1
3818,7352,0.0006115216,-1,-1
3819,7353,0.0006114264,-1,-1
3820,7354,0.0006111327,-1,-1
3821,7355,0.0006113867,-1,-1
3822,7356,0.0006108175,-1,-1
3823,7357,0.0006106413,-1,-1
3824,7360,0.0006114535,-1,-1
3825,7361,0.0006116831,-1,-1
3826,7362,0.0006115731,-1,-1
3827,7363,0.0006116123,-1,-1
3828,7364,0.0006115503,-1,-1
3829,7365,0.0006114169,-1,-1
3830,7366,0.0006116974,-1,-1
3831,7367,0.0006112305,-1,-1
3832,7370,0.0006112778,-1,-1
3833,7371,0.0006115069,-1,-1
3834,7372,0.0006110621,-1,-1
3835,7373,0.0006113691,-1,-1
3836,7374,0.000611868,-1,-1
3837,7375,0.0006118733,-1,-1
3838,7376,0.0006113732,-1,-1
3839,7377,0.000611174,-1,-1
3840,7400,0.0006113767,-1,-1
3841,7401,0.0006119648,-1,-1
3842,7402,0.0006114506,-1,-1
3843,7403,0.0006115489,-1,-1
3844,7404,0.0006118352,-1,-1
3845,7405,0.0006115549,-1,-1
3846,7406,0.0006115976,-1,-1
3847,7407,0.0006112722,-1,-1
3848,7410,0.0006114893,-1,-1
3849,7411,0.0006118144,-1,-1
3850,7412,0.0006115987,-1,-1
3851,7413,0.0006120293,-1,-1
3852,7414,0.0006122055,-1,-1
3853,7415,0.0006116343,-1,-1
3854,7416,0.0006117697,-1,-1
3855,7417,0.0006112656,-1,-1
3856,7420,0.0006114952,-1,-1
3857,7421,0.0006118536,-1,-1
3858,7422,0.0006113357,-1,-1
3859,7423,0.0006119092,-1,-1
3860,7424,0.0006114983,-1,-1
3861,7425,0.0006115397,-1,-1
3862,7426,0.0006116848,-1,-1
3863,7427,0.0006115168,-1,-1
3864,7430,0.0006115497,-1,-1
3865,7431,0.0006113235,-1,-1
3866,7432,0.0006114043,-1,-1
3867,7433,0.0006118746,-1,-1
3868,7434,0.0006116136,-1,-1
3869,7435,0.0006118811,-1,-1
3870,7436,0.0006112411,-1,-1
3871,7437,0.0006117545,-1,-1
3872,7440,0.0006116884,-1,-1
3873,7441,0.0006117124,-1,-1
3874,7442,0.0006108836,-1,-1
3875,7443,0.0006113868,-1,-1
3876,7444,0.0006112017,-1,-1
3877,7445,0.0006114073,-1,-1
3878,7446,0.0006115759,-1,-1
3879,7447,0.0006110815,-1,-1
3880,7450,0.0006115015,-1,-1
3881,7451,0.0006113393,-1,-1
3882,7452,0.0006111472,-1,-1
3883,7453,0.0006106448,-1,-1
3884,7454,0.0006114428,-1,-1
3885,7455,0.0006115829,-1,-1
3886,7456,0.0006111086,-1,-1
3887,7457,0.000611416,-1,-1
3888,7460,0.0006116884,-1,-1
3889,7461,0.0006118231,-1,-1
3890,7462,0.0006116587,-1,-1
3891,7463,0.0006116853,-1,-1
3892,7464,0.000611385,-1,-1
3893,7465,0.0006118153,-1,-1
3894,7466,0.0006115964,-1,-1
3895,7467,0.0006115857,-1,-1
3896,7470,0.0006111747,-1,-1
3897,7471,0.0006114783,-1,-1
3898,7472,0.0006111309,-1,-1
3899,7473,0.0006111391,-1,-1
3900,7474,0.0006110963,-1,-1
3901,7475,0.0006114933,-1,-1
3902,7476,0.0006117844,-1,-1
3903,7477,0.0006113563,-1,-1
3904,7500,0.0006112373,-1,-1
3905,7501,0.0006115038,-1,-1
3906,7502,0.0006113704,-1,-1
3907,7503,0.0006119297,-1,-1
3908,7504,0.0006114395,-1,-1
3909,7505,0.0006111796,-1,-1
3910,7506,0.0006113843,-1,-1
3911,7507,0.0006114846,-1,-1
3912,7510,0.0006118579,-1,-1
3913,7511,0.0006115379,-1,-1
3914,7512,0.000611422,-1,-1
3915,7513,0.0006117083,-1,-1
3916,7514,0.0006119033,-1,-1
3917,7515,0.0006118317,-1,-1
3918,7516,0.0006114265,-1,-1
3919,7517,0.0006113153,-1,-1
3920,7520,0.0006119882,-1,-1
3921,7521,0.0006120221,-1,-1
3922,7522,0.0006117013,-1,-1
3923,7523,0.0006118809,-1,-1
3924,7524,0.0006116226,-1,-1
3925,7525,0.0006120339,-1,-1
3926,7526,0.0006123548,-1,-1
3927,7527,0.0006116744,-1,-1
3928,7530,0.000611846,-1,-1
3929,7531,0.0006113867,-1,-1
3930,7532,0.0006119788,-1,-1
3931,7533,0.0006116022,-1,-1
3932,7534,0.0006114625,-1,-1
3933,7535,0.000611355,-1,-1
3934,7536,0.000611692,-1,-1
3935,7537,0.0006116603,-1,-1
3936,7540,0.0006116389,-1,-1
3937,7541,0.0006115701,-1,-1
3938,7542,0.0006116013,3,49
3939,7543,0.0006116761,3,49
3940,7544,0.0006119602,3,49
3941,7545,0.0006117458,3,49
3942,7546,0.0006118306,3,49
3943,7547,0.0006118337,3,49
3944,7550,0.0006115672,3,49
3945,7551,0.0006113575,3,49
3946,7552,0.0006113698,3,48
3947,7553,0.0006110577,3,48
3948,7554,0.0006110049,3,48
3949,7555,0.0006113182,3,48
3950,7556,0.0006114768,3,48
3951,7557,0.0006115935,3,48
3952,7560,0.000611396,3,48
3953,7561,0.0006101763,3,48
3954,7562,0.0006071672,3,47
3955,7563,0.0006029348,3,47
3956,7564,0.0005974041,3,47
3957,7565,0.0005922627,3,47
3958,7566,0.0005865485,3,47
3959,7567,0.0005783087,3,47
3960,7570,0.0005692628,3,47
3961,7571,0.0005604727,3,47
3962,7572,0.0005532766,3,46
3963,7573,0.0005483353,3,46
3964,7574,0.000547016,3,46
3965,7575,0.0005488988,3,46
3966,7576,0.0005512799,3,46
3967,7577,0.0005539256,3,46
3968,7600,0.0005567844,3,46
3969,7601,0.0005580516,3,46
3970,7602,0.0005602974,3,45
3971,7603,0.0005616151,3,45
3972,7604,0.0005613553,3,45
3973,7605,0.000560161,3,45
3974,7606,0.0005550625,3,45
3975,7607,0.0005459766,3,45
3976,7610,0.0005313614,3,45
3977,7611,0.0005097653,3,45
3978,7612,0.0004674938,3,44
3979,7613,0.0004103269,3,44
3980,7614,0.0003458091,3,44
3981,7615,0.0002554885,3,44
3982,7616,0.0001837066,3,44
3983,7617,0.0001261912,3,44
3984,7620,3.139105e-05,3,44
3985,7621,3.147849e-05,3,44
3986,7622,3.14915e-05,3,43
3987,7623,3.1499e-05,3,43
3988,7624,3.172722e-05,3,43
3989,7625,3.178381e-05,3,43
3990,7626,3.177447e-05,3,43
3991,7627,3.176451e-05,3,43
3992,7630,3.198321e-05,3,43
3993,7631,3.202598e-05,3,42
3994,7632,3.198909e-05,3,42
3995,7633,3.197668e-05,3,42
3996,7634,3.218616e-05,3,42
3997,7635,3.220634e-05,3,42
3998,7636,3.217626e-05,3,42
3999,7637,3.214224e-05,3,42
4000,7640,3.23216e-05,3,42
4001,7641,3.237687e-05,3,41
4002,7642,3.233466e-05,3,41
4003,7643,3.227338e-05,3,41
4004,7644,3.243045e-05,3,41
4005,7645,3.249103e-05,3,41
4006,7646,3.24383e-05,3,41
4007,7647,3.238612e-05,3,41
4008,7650,3.255154e-05,3,41
4009,7651,3.259495e-05,3,40
4010,7652,3.253029e-05,3,40
4011,7653,3.247451e-05,3,40
4012,7654,3.265027e-05,3,40
4013,7655,3.267515e-05,3,40
4014,7656,3.260653e-05,3,40
4015,7657,3.255388e-05,3,40
4016,7660,3.272694e-05,3,40
4017,7661,3.27412e-05,3,39
4018,7662,3.268388e-05,3,39
4019,7663,3.261194e-05,3,39
4020,7664,3.277159e-05,3,39
4021,7665,3.279528e-05,3,39
4022,7666,3.273362e-05,3,39
4023,7667,3.266944e-05,3,39
4024,7670,3.283545e-05,3,39
4025,7671,3.28521e-05,3,38
4026,7672,3.278064e-05,3,38
4027,7673,3.271213e-05,3,38
4028,7674,3.285667e-05,3,38
4029,7675,3.289851e-05,3,38
4030,7676,3.283647e-05,3,38
4031,7677,3.275853e-05,3,38
4032,7700,3.290428e-05,3,38
4033,7701,3.294491e-05,3,37
4034,7702,3.288345e-05,3,37
4035,7703,3.27965e-05,3,37
4036,7704,3.289645e-05,3,37
4037,7705,3.297872e-05,3,37
4038,7706,3.291933e-05,3,37
4039,7707,3.282939e-05,3,37
4040,7710,3.294406e-05,3,36
4041,7711,3.301266e-05,3,36
4042,7712,3.294181e-05,3,36
4043,7713,3.285462e-05,3,36
4044,7714,3.298166e-05,3,36
4045,7715,3.303207e-05,3,36
4046,7716,3.296108e-05,3,36
4047,7717,3.289095e-05,3,36
4048,7720,3.296558e-05,3,35
4049,7721,3.305593e-05,3,35
4050,7722,3.299249e-05,3,35
4051,7723,3.290185e-05,3,35
4052,7724,3.300206e-05,3,35
4053,7725,3.307625e-05,3,35
4054,7726,3.301832e-05,3,35
4055,7727,3.293154e-05,3,35
4056,7730,3.298215e-05,3,34
4057,7731,3.3098e-05,3,34
4058,7732,3.304765e-05,3,34
4059,7733,3.296447e-05,3,34
4060,7734,3.297322e-05,3,34
4061,7735,3.310687e-05,3,34
4062,7736,3.305602e-05,3,34
4063,7737,3.29736e-05,3,34
4064,7740,3.297173e-05,3,33
4065,7741,3.311115e-05,3,33
4066,7742,3.309473e-05,3,33
4067,7743,3.301377e-05,3,33
4068,7744,3.29652e-05,3,33
4069,7745,3.310217e-05,3,33
4070,7746,3.311651e-05,3,33
4071,7747,3.304761e-05,3,33
4072,7750,3.296617e-05,3,32
4073,7751,3.305643e-05,3,32
4074,7752,3.314493e-05,3,32
4075,7753,3.309015e-05,3,32
4076,7754,3.30042e-05,3,32
4077,7755,3.304756e-05,3,32
4078,7756,3.315293e-05,3,32
4079,7757,3.309757e-05,3,32
4080,7760,3.301239e-05,3,31
4081,7761,3.304089e-05,3,31
4082,7762,3.315925e-05,3,31
4083,7763,3.311077e-05,3,31
4084,7764,3.300976e-05,3,31
4085,7765,3.305359e-05,3,31
4086,7766,3.316519e-05,3,31
4087,7767,3.310739e-05,3,30
4088,7770,3.301213e-05,3,30
4089,7771,3.307967e-05,3,30
4090,7772,3.316917e-05,3,30
4091,7773,3.310667e-05,3,30
4092,7774,3.301877e-05,3,30
4093,7775,3.308963e-05,3,30
4094,7776,3.317653e-05,3,30
4095,7777,3.312406e-05,3,29
4096,10000,3.3016e-05,3,29
4097,10001,3.31019e-05,3,29
4098,10002,3.317433e-05,3,29
4099,10003,3.309759e-05,3,29
4100,10004,3.300408e-05,3,29
4101,10005,3.313967e-05,3,29
4102,10006,3.316915e-05,3,29
4103,10007,3.308055e-05,3,28
4104,10010,3.300388e-05,3,28
4105,10011,3.315416e-05,3,28
4106,10012,3.315952e-05,3,28
4107,10013,3.306627e-05,3,28
4108,10014,3.301456e-05,3,28
4109,10015,3.316739e-05,3,28
4110,10016,3.315714e-05,3,28
4111,10017,3.308132e-05,3,27
4112,10020,3.30027e-05,3,27
4113,10021,3.31476e-05,3,27
4114,10022,3.316432e-05,3,27
4115,10023,3.307171e-05,3,27
4116,10024,3.300798e-05,3,27
4117,10025,3.315697e-05,3,27
4118,10026,3.316074e-05,3,27
4119,10027,3.308726e-05,3,26
4120,10030,3.299782e-05,3,26
4121,10031,3.315387e-05,3,26
4122,10032,3.316405e-05,3,26
4123,10033,3.308091e-05,3,26
4124,10034,3.299887e-05,3,26
4125,10035,3.315243e-05,3,26
4126,10036,3.315829e-05,3,26
4127,10037,3.308047e-05,3,25
4128,10040,3.299465e-05,3,25
4129,10041,3.314116e-05,3,25
4130,10042,3.315866e-05,3,25
4131,10043,3.308333e-05,3,25
4132,10044,3.299348e-05,3,25
4133,10045,3.314116e-05,3,25
4134,10046,3.314207e-05,3,24
4135,10047,3.305936e-05,3,24
4136,10050,3.297832e-05,3,24
4137,10051,3.313923e-05,3,24
4138,10052,3.313726e-05,3,24
4139,10053,3.307224e-05,3,24
4140,10054,3.297132e-05,3,24
4141,10055,3.309051e-05,3,24
4142,10056,3.311405e-05,3,23
4143,10057,3.30302e-05,3,23
4144,10060,3.29349e-05,3,23
4145,10061,3.30819e-05,3,23
4146,10062,3.307765e-05,3,23
4147,10063,3.299544e-05,3,23
4148,10064,3.291555e-05,3,23
4149,10065,3.305327e-05,3,23
4150,10066,3.308348e-05,3,22
4151,10067,3.301161e-05,3,22
4152,10070,3.291557e-05,3,22
4153,10071,3.304372e-05,3,22
4154,10072,3.308023e-05,3,22
4155,10073,3.300487e-05,3,22
4156,10074,3.291301e-05,3,22
4157,10075,3.307675e-05,3,22
4158,10076,3.306305e-05,3,21
4159,10077,3.298356e-05,3,21
4160,10100,3.291892e-05,3,21
4161,10101,3.308208e-05,3,21
4162,10102,3.30475e-05,3,21
4163,10103,3.296558e-05,3,21
4164,10104,3.290966e-05,3,21
4165,10105,3.306685e-05,3,21
4166,10106,3.305646e-05,3,20
4167,10107,3.296573e-05,3,20
4168,10110,3.290697e-05,3,20
4169,10111,3.306914e-05,3,20
4170,10112,3.304164e-05,3,20
4171,10113,3.296315e-05,3,20
4172,10114,3.290965e-05,3,20
4173,10115,3.306055e-05,3,20
4174,10116,3.303508e-05,3,19
4175,10117,3.295205e-05,3,19
4176,10120,3.288422e-05,3,19
4177,10121,3.303377e-05,3,19
4178,10122,3.304126e-05,3,19
4179,10123,3.296538e-05,3,19
4180,10124,3.288524e-05,3,19
4181,10125,3.299012e-05,3,19
4182,10126,3.304997e-05,3,18
4183,10127,3.298253e-05,3,18
4184,10130,3.290721e-05,3,18
4185,10131,3.291894e-05,3,18
4186,10132,3.304303e-05,3,18
4187,10133,3.299917e-05,3,18
4188,10134,3.291997e-05,3,18
4189,10135,3.288059e-05,3,17
4190,10136,3.302967e-05,3,17
4191,10137,3.299676e-05,3,17
4192,10140,3.292501e-05,3,17
4193,10141,3.285342e-05,3,17
4194,10142,3.297817e-05,3,17
4195,10143,3.302329e-05,3,17
4196,10144,3.293636e-05,3,17
4197,10145,3.284698e-05,3,16
4198,10146,3.296731e-05,3,16
4199,10147,3.300765e-05,3,16
4200,10150,3.293426e-05,3,16
4201,10151,3.28375e-05,3,16
4202,10152,3.294225e-05,3,16
4203,10153,3.299957e-05,3,16
4204,10154,3.291894e-05,3,16
4205,10155,3.282353e-05,3,15
4206,10156,3.295589e-05,3,15
4207,10157,3.298043e-05,3,15
4208,10160,3.289532e-05,3,15
4209,10161,3.281633e-05,3,15
4210,10162,3.296558e-05,3,15
4211,10163,3.294725e-05,3,15
4212,10164,3.28639e-05,3,15
4213,10165,3.282253e-05,3,14
4214,10166,3.296795e-05,3,14
4215,10167,3.293812e-05,3,14
4216,10170,3.283949e-05,3,14
4217,10171,3.283316e-05,3,14
4218,10172,3.296585e-05,3,14
4219,10173,3.292269e-05,3,14
4220,10174,3.283421e-05,3,14
4221,10175,3.281659e-05,3,13
4222,10176,3.296593e-05,3,13
4223,10177,3.292564e-05,3,13
4224,10200,3.284704e-05,3,13
4225,10201,3.279814e-05,3,13
4226,10202,3.295179e-05,3,13
4227,10203,3.292181e-05,3,13
4228,10204,3.283032e-05,3,13
4229,10205,3.281307e-05,3,12
4230,10206,3.295533e-05,3,12
4231,10207,3.292008e-05,3,12
4232,10210,3.285037e-05,3,12
4233,10211,3.278711e-05,3,12
4234,10212,3.293838e-05,3,12
4235,10213,3.292035e-05,3,12
4236,10214,3.283406e-05,3,11
4237,10215,3.278493e-05,3,11
4238,10216,3.294163e-05,3,11
4239,10217,3.2906e-05,3,11
4240,10220,3.281677e-05,3,11
4241,10221,3.279656e-05,3,11
4242,10222,3.29395e-05,3,11
4243,10223,3.29084e-05,3,11
4244,10224,3.283067e-05,3,10
4245,10225,3.277097e-05,3,10
4246,10226,3.292339e-05,3,10
4247,10227,3.290893e-05,3,10
4248,10230,3.283394e-05,3,10
4249,10231,3.275795e-05,3,10
4250,10232,3.291666e-05,3,10
4251,10233,3.291147e-05,3,10
4252,10234,3.282256e-05,3,9
4253,10235,3.275499e-05,3,9
4254,10236,3.290272e-05,3,9
4255,10237,3.290606e-05,3,9
4256,10240,3.282734e-05,3,9
4257,10241,3.274779e-05,3,9
4258,10242,3.289866e-05,3,9
4259,10243,3.290767e-05,3,9
4260,10244,3.2822e-05,3,8
4261,10245,3.274205e-05,3,8
4262,10246,3.28694e-05,3,8
4263,10247,3.291508e-05,3,8
4264,10250,3.285161e-05,3,8
4265,10251,3.275238e-05,3,8
4266,10252,3.285725e-05,3,8
4267,10253,3.291116e-05,3,8
4268,10254,3.284192e-05,3,7
4269,10255,3.275075e-05,3,7
4270,10256,3.283421e-05,3,7
4271,10257,3.291557e-05,3,7
4272,10260,3.285792e-05,3,7
4273,10261,3.276822e-05,3,7
4274,10262,3.280772e-05,3,7
4275,10263,3.291812e-05,3,7
4276,10264,3.287019e-05,3,6
4277,10265,3.278992e-05,3,6
4278,10266,3.276948e-05,3,6
4279,10267,3.290419e-05,3,6
4280,10270,3.288958e-05,3,6
4281,10271,3.279165e-05,3,6
4282,10272,3.273976e-05,3,6
4283,10273,3.287889e-05,3,5
4284,10274,3.287306e-05,3,5
4285,10275,3.279185e-05,3,5
4286,10276,3.271271e-05,3,5
4287,10277,3.285781e-05,3,5
4288,10300,3.287822e-05,3,5
4289,10301,3.28093e-05,3,5
4290,10302,3.271245e-05,3,5
4291,10303,3.282271e-05,3,4
4292,10304,3.286935e-05,3,4
4293,10305,3.280365e-05,3,4
4294,10306,3.272375e-05,3,4
4295,10307,3.285465e-05,3,4
4296,10310,3.29055e-05,3,4
4297,10311,3.284312e-05,3,4
4298,10312,3.276108e-05,3,4
4299,10313,3.287204e-05,3,3
4300,10314,3.293575e-05,3,3
4301,10315,3.287325e-05,3,3
4302,10316,3.278886e-05,3,3
4303,10317,3.285886e-05,3,3
4304,10320,3.294816e-05,3,3
4305,10321,3.287441e-05,3,3
4306,10322,3.278737e-05,3,3
4307,10323,3.290714e-05,3,2
4308,10324,3.296237e-05,3,2
4309,10325,3.291443e-05,3,2
4310,10326,3.285131e-05,3,2
4311,10327,3.296535e-05,3,2
4312,10330,3.316388e-05,3,2
4313,10331,3.339994e-05,3,2
4314,10332,3.332206e-05,3,2
4315,10333,3.328237e-05,3,1
4316,10334,3.346909e-05,3,1
4317,10335,3.335576e-05,3,1
4318,10336,3.324436e-05,3,1
4319,10337,3.338018e-05,3,1
4320,10340,3.340588e-05,3,1
4321,10341,3.334886e-05,3,1
4322,10342,3.329173e-05,3,1
4323,10343,3.327609e-05,3,0
4324,10344,3.345179e-05,3,0
4325,10345,3.340184e-05,3,0
4326,10346,3.324456e-05,3,0
4327,10347,3.332777e-05,3,0
4328,10350,3.341575e-05,3,0
4329,10351,3.336223e-05,3,0
4330,10352,3.333609e-05,-1,-1
4331,10353,3.328052e-05,-1,-1
4332,10354,3.340679e-05,-1,-1
4333,10355,3.341007e-05,-1,-1
4334,10356,3.330526e-05,-1,-1
4335,10357,3.327744e-05,-1,-1
4336,10360,3.341478e-05,-1,-1
4337,10361,3.337484e-05,-1,-1
4338,10362,3.334487e-05,-1,-1
4339,10363,3.326544e-05,-1,-1
4340,10364,3.339763e-05,-1,-1
4341,10365,3.340158e-05,-1,-1
4342,10366,3.332107e-05,-1,-1
4343,10367,3.326041e-05,-1,-1
4344,10370,3.337224e-05,-1,-1
4345,10371,3.338972e-05,-1,-1
4346,10372,3.335151e-05,-1,-1
4347,10373,3.32477e-05,-1,-1
4348,10374,3.335084e-05,-1,-1
4349,10375,3.341938e-05,-1,-1
4350,10376,3.333257e-05,-1,-1
4351,10377,3.324504e-05,-1,-1
4352,10400,3.33848e-05,-1,-1
4353,10401,3.339759e-05,-1,-1
4354,10402,3.334499e-05,-1,-1
4355,10403,3.323297e-05,-1,-1
4356,10404,3.337324e-05,-1,-1
4357,10405,3.341991e-05,-1,-1
4358,10406,3.332788e-05,-1,-1
4359,10407,3.323859e-05,-1,-1
4360,10410,3.335403e-05,-1,-1
4361,10411,3.340573e-05,-1,-1
4362,10412,3.334211e-05,-1,-1
4363,10413,3.323338e-05,-1,-1
4364,10414,3.334136e-05,-1,-1
4365,10415,3.341297e-05,-1,-1
4366,10416,3.332444e-05,-1,-1
4367,10417,3.324187e-05,-1,-1
4368,10420,3.337099e-05,-1,-1
4369,10421,3.339877e-05,-1,-1
4370,10422,3.331445e-05,-1,-1
4371,10423,3.324325e-05,-1,-1
4372,10424,3.33456e-05,-1,-1
4373,10425,3.340263e-05,-1,-1
4374,10426,3.334739e-05,-1,-1
4375,10427,3.325405e-05,-1,-1
4376,10430,3.33234e-05,-1,-1
4377,10431,3.340892e-05,-1,-1
4378,10432,3.335335e-05,-1,-1
4379,10433,3.325882e-05,-1,-1
4380,10434,3.32876e-05,-1,-1
4381,10435,3.341815e-05,-1,-1
4382,10436,3.338074e-05,-1,-1
4383,10437,3.328661e-05,-1,-1
4384,10440,3.326626e-05,-1,-1
4385,10441,3.342032e-05,-1,-1
4386,10442,3.33815e-05,-1,-1
4387,10443,3.328936e-05,-1,-1
4388,10444,3.326465e-05,-1,-1
4389,10445,3.340421e-05,-1,-1
4390,10446,3.338984e-05,-1,-1
4391,10447,3.331281e-05,-1,-1
4392,10450,3.324699e-05,-1,-1
4393,10451,3.337078e-05,-1,-1
4394,10452,3.340512e-05,-1,-1
4395,10453,3.334285e-05,-1,-1
4396,10454,3.324925e-05,-1,-1
4397,10455,3.334185e-05,-1,-1
4398,10456,3.342111e-05,-1,-1
4399,10457,3.335701e-05,-1,-1
4400,10460,3.325182e-05,-1,-1
4401,10461,3.333035e-05,-1,-1
4402,10462,3.341999e-05,-1,-1
4403,10463,3.334646e-05,-1,-1
4404,10464,3.324738e-05,-1,-1
4405,10465,3.335684e-05,-1,-1
4406,10466,3.34159e-05,-1,-1
4407,10467,3.333934e-05,-1,-1
4408,10470,3.325876e-05,-1,-1
4409,10471,3.331644e-05,-1,-1
4410,10472,3.341692e-05,-1,-1
4411,10473,3.335789e-05,-1,-1
4412,10474,3.325924e-05,-1,-1
4413,10475,3.333064e-05,-1,-1
4414,10476,3.34154e-05,-1,-1
4415,10477,3.335576e-05,-1,-1
4416,10500,3.327238e-05,-1,-1
4417,10501,3.333044e-05,-1,-1
4418,10502,3.341952e-05,-1,-1
4419,10503,3.33562e-05,-1,-1
4420,10504,3.32587e-05,-1,-1
4421,10505,3.33054e-05,-1,-1
4422,10506,3.341475e-05,-1,-1
4423,10507,3.335788e-05,-1,-1
4424,10510,3.326224e-05,-1,-1
4425,10511,3.331179e-05,-1,-1
4426,10512,3.341912e-05,-1,-1
4427,10513,3.335638e-05,-1,-1
4428,10514,3.327338e-05,-1,-1
4429,10515,3.32792e-05,-1,-1
4430,10516,3.341437e-05,-1,-1
4431,10517,3.337218e-05,-1,-1
4432,10520,3.330798e-05,-1,-1
4433,10521,3.324295e-05,-1,-1
4434,10522,3.339068e-05,-1,-1
4435,10523,3.341452e-05,-1,-1
4436,10524,3.336583e-05,-1,-1
4437,10525,3.327089e-05,-1,-1
4438,10526,3.330991e-05,-1,-1
4439,10527,3.342032e-05,-1,-1
4440,10530,3.336636e-05,-1,-1
4441,10531,3.328962e-05,-1,-1
4442,10532,3.325785e-05,-1,-1
4443,10533,3.341712e-05,-1,-1
4444,10534,3.338554e-05,-1,-1
4445,10535,3.330417e-05,-1,-1
4446,10536,3.326547e-05,-1,-1
4447,10537,3.341007e-05,-1,-1
4448,10540,3.337843e-05,-1,-1
4449,10541,3.330467e-05,-1,-1
4450,10542,3.325747e-05,-1,-1
4451,10543,3.340969e-05,-1,-1
4452,10544,3.337725e-05,-1,-1
4453,10545,3.329457e-05,-1,-1
4454,10546,3.324808e-05,-1,-1
4455,10547,3.341274e-05,-1,-1
4456,10550,3.338656e-05,-1,-1
4457,10551,3.329867e-05,-1,-1
4458,10552,3.326559e-05,-1,-1
4459,10553,3.341502e-05,-1,-1
4460,10554,3.338973e-05,-1,-1
4461,10555,3.329777e-05,-1,-1
4462,10556,3.322622e-05,-1,-1
4463,10557,3.338225e-05,-1,-1
4464,10560,3.336089e-05,-1,-1
4465,10561,3.325953e-05,-1,-1
4466,10562,3.319219e-05,-1,-1
4467,10563,3.333345e-05,-1,-1
4468,10564,3.3317e-05,-1,-1
4469,10565,3.324349e-05,-1,-1
4470,10566,3.316396e-05,-1,-1
4471,10567,3.331721e-05,-1,-1
4472,10570,3.332358e-05,-1,-1
4473,10571,3.323499e-05,-1,-1
4474,10572,3.316162e-05,-1,-1
4475,10573,3.329343e-05,-1,-1
4476,10574,3.333535e-05,-1,-1
4477,10575,3.326491e-05,-1,-1
4478,10576,3.31745e-05,-1,-1
4479,10577,3.323116e-05,-1,-1
4480,10600,3.334763e-05,-1,-1
4481,10601,3.330391e-05,-1,-1
4482,10602,3.321883e-05,-1,-1
4483,10603,3.317415e-05,-1,-1
4484,10604,3.332757e-05,-1,-1
4485,10605,3.332303e-05,-1,-1
4486,10606,3.323944e-05,-1,-1
4487,10607,3.318703e-05,-1,-1
4488,10610,3.333372e-05,-1,-1
4489,10611,3.332595e-05,-1,-1
4490,10612,3.324527e-05,-1,-1
4491,10613,3.316941e-05,-1,-1
4492,10614,3.330821e-05,-1,-1
4493,10615,3.332657e-05,-1,-1
4494,10616,3.325575e-05,-1,-1
4495,10617,3.317299e-05,-1,-1
4496,10620,3.32977e-05,-1,-1
4497,10621,3.333867e-05,-1,-1
4498,10622,3.325894e-05,-1,-1
4499,10623,3.318144e-05,-1,-1
4500,10624,3.334188e-05,-1,-1
4501,10625,3.331937e-05,-1,-1
4502,10626,3.323418e-05,-1,-1
4503,10627,3.31796e-05,-1,-1
4504,10630,3.334124e-05,-1,-1
4505,10631,3.332127e-05,-1,-1
4506,10632,3.323095e-05,-1,-1
4507,10633,3.319272e-05,-1,-1
4508,10634,3.332996e-05,-1,-1
4509,10635,3.333638e-05,-1,-1
4510,10636,3.325528e-05,-1,-1
4511,10637,3.3182e-05,-1,-1
4512,10640,3.334068e-05,-1,-1
4513,10641,3.33336e-05,-1,-1
4514,10642,3.324855e-05,-1,-1
4515,10643,3.318177e-05,-1,-1
4516,10644,3.3342e-05,-1,-1
4517,10645,3.332854e-05,-1,-1
4518,10646,3.325045e-05,-1,-1
4519,10647,3.319394e-05,-1,-1
4520,10650,3.333401e-05,-1,-1
4521,10651,3.332608e-05,-1,-1
4522,10652,3.324418e-05,-1,-1
4523,10653,3.318098e-05,-1,-1
4524,10654,3.334074e-05,-1,-1
4525,10655,3.332783e-05,-1,-1
4526,10656,3.324627e-05,-1,-1
4527,10657,3.318048e-05,-1,-1
4528,10660,3.333591e-05,-1,-1
4529,10661,3.332529e-05,-1,-1
4530,10662,3.325159e-05,-1,-1
4531,10663,3.317681e-05,-1,-1
4532,10664,3.332739e-05,-1,-1
4533,10665,3.333843e-05,-1,-1
4534,10666,3.326717e-05,-1,-1
4535,10667,3.318139e-05,-1,-1
4536,10670,3.332255e-05,-1,-1
4537,10671,3.333883e-05,-1,-1
4538,10672,3.32686e-05,-1,-1
4539,10673,3.317916e-05,-1,-1
4540,10674,3.330921e-05,-1,-1
4541,10675,3.334669e-05,-1,-1
4542,10676,3.32929e-05,-1,-1
4543,10677,3.31969e-05,-1,-1
4544,10700,3.326375e-05,-1,-1
4545,10701,3.33596e-05,-1,-1
4546,10702,3.332306e-05,-1,-1
4547,10703,3.323722e-05,-1,-1
4548,10704,3.320697e-05,-1,-1
4549,10705,3.334707e-05,-1,-1
4550,10706,3.333676e-05,-1,-1
4551,10707,3.32537e-05,-1,-1
4552,10710,3.318399e-05,-1,-1
4553,10711,3.33457e-05,-1,-1
4554,10712,3.333003e-05,-1,-1
4555,10713,3.324825e-05,-1,-1
4556,10714,3.31892e-05,-1,-1
4557,10715,3.334249e-05,-1,-1
4558,10716,3.335216e-05,-1,-1
4559,10717,3.327598e-05,-1,-1
4560,10720,3.31866e-05,-1,-1
4561,10721,3.328763e-05,-1,-1
4562,10722,3.336296e-05,-1,-1
4563,10723,3.330622e-05,4,0
4564,10724,3.322038e-05,4,0
4565,10725,3.323361e-05,4,0
4566,10726,3.325868e-05,4,0
4567,10727,3.305195e-05,4,0
4568,10730,3.288998e-05,4,0
4569,10731,3.290109e-05,4,0
4570,10732,3.300194e-05,4,0
4571,10733,3.294974e-05,4,1
4572,10734,3.285565e-05,4,1
4573,10735,3.286039e-05,4,1
4574,10736,3.299594e-05,4,1
4575,10737,3.295291e-05,4,1
4576,10740,3.286712e-05,4,1
4577,10741,3.284244e-05,4,1
4578,10742,3.29876e-05,4,1
4579,10743,3.296546e-05,4,2
4580,10744,3.288369e-05,4,2
4581,10745,3.282002e-05,4,2
4582,10746,3.295771e-05,4,2
4583,10747,3.299354e-05,4,2
4584,10750,3.292242e-05,4,2
4585,10751,3.284771e-05,4,2
4586,10752,3.291894e-05,4,2
4587,10753,3.301339e-05,4,3
4588,10754,3.295331e-05,4,3
4589,10755,3.286829e-05,4,3
4590,10756,3.290885e-05,4,3
4591,10757,3.301796e-05,4,3
4592,10760,3.296028e-05,4,3
4593,10761,3.287383e-05,4,3
4594,10762,3.295513e-05,4,3
4595,10763,3.302689e-05,4,4
4596,10764,3.295358e-05,4,4
4597,10765,3.285833e-05,4,4
4598,10766,3.298834e-05,4,4
4599,10767,3.302481e-05,4,4
4600,10770,3.295062e-05,4,4
4601,10771,3.286751e-05,4,4
4602,10772,3.297542e-05,4,4
4603,10773,3.303778e-05,4,5
4604,10774,3.296828e-05,4,5
4605,10775,3.287705e-05,4,5
4606,10776,3.298552e-05,4,5
4607,10777,3.304577e-05,4,5
4608,11000,3.298113e-05,4,5
4609,11001,3.289101e-05,4,5
4610,11002,3.295126e-05,4,5
4611,11003,3.305637e-05,4,6
4612,11004,3.298912e-05,4,6
4613,11005,3.289684e-05,4,6
4614,11006,3.29835e-05,4,6
4615,11007,3.306533e-05,4,6
4616,11010,3.302171e-05,4,6
4617,11011,3.294269e-05,4,6
4618,11012,3.29303e-05,4,7
4619,11013,3.307165e-05,4,7
4620,11014,3.303354e-05,4,7
4621,11015,3.295352e-05,4,7
4622,11016,3.291443e-05,4,7
4623,11017,3.307194e-05,4,7
4624,11020,3.304972e-05,4,7
4625,11021,3.296259e-05,4,7
4626,11022,3.292284e-05,4,8
4627,11023,3.307458e-05,4,8
4628,11024,3.307153e-05,4,8
4629,11025,3.299588e-05,4,8
4630,11026,3.291555e-05,4,8
4631,11027,3.304738e-05,4,8
4632,11030,3.309589e-05,4,8
4633,11031,3.303108e-05,4,8
4634,11032,3.293619e-05,4,9
4635,11033,3.29919e-05,4,9
4636,11034,3.310094e-05,4,9
4637,11035,3.305945e-05,4,9
4638,11036,3.297489e-05,4,9
4639,11037,3.294954e-05,4,9
4640,11040,3.31103e-05,4,9
4641,11041,3.308155e-05,4,9
4642,11042,3.298564e-05,4,10
4643,11043,3.295982e-05,4,10
4644,11044,3.311056e-05,4,10
4645,11045,3.308442e-05,4,10
4646,11046,3.301146e-05,4,10
4647,11047,3.294568e-05,4,10
4648,11050,3.309358e-05,4,10
4649,11051,3.310886e-05,4,10
4650,11052,3.303936e-05,4,11
4651,11053,3.296506e-05,4,11
4652,11054,3.303017e-05,4,11
4653,11055,3.313267e-05,4,11
4654,11056,3.307472e-05,4,11
4655,11057,3.300651e-05,4,11
4656,11060,3.297831e-05,4,11
4657,11061,3.313174e-05,4,11
4658,11062,3.311282e-05,4,12
4659,11063,3.302578e-05,4,12
4660,11064,3.298456e-05,4,12
4661,11065,3.313767e-05,4,12
4662,11066,3.311284e-05,4,12
4663,11067,3.304931e-05,4,12
4664,11070,3.297893e-05,4,12
4665,11071,3.311334e-05,4,13
4666,11072,3.31444e-05,4,13
4667,11073,3.306814e-05,4,13
4668,11074,3.298221e-05,4,13
4669,11075,3.313105e-05,4,13
4670,11076,3.315396e-05,4,13
4671,11077,3.30696e-05,4,13
4672,11100,3.299223e-05,4,13
4673,11101,3.313609e-05,4,14
4674,11102,3.315667e-05,4,14
4675,11103,3.310026e-05,4,14
4676,11104,3.301322e-05,4,14
4677,11105,3.310857e-05,4,14
4678,11106,3.317284e-05,4,14
4679,11107,3.310269e-05,4,14
4680,11110,3.301471e-05,4,14
4681,11111,3.310948e-05,4,15
4682,11112,3.318147e-05,4,15
4683,11113,3.311671e-05,4,15
4684,11114,3.302173e-05,4,15
4685,11115,3.310342e-05,4,15
4686,11116,3.319051e-05,4,15
4687,11117,3.312271e-05,4,15
4688,11120,3.303637e-05,4,15
4689,11121,3.311641e-05,4,16
4690,11122,3.319345e-05,4,16
4691,11123,3.313783e-05,4,16
4692,11124,3.303637e-05,4,16
4693,11125,3.310043e-05,4,16
4694,11126,3.319878e-05,4,16
4695,11127,3.314751e-05,4,16
4696,11130,3.306088e-05,4,16
4697,11131,3.306006e-05,4,17
4698,11132,3.320416e-05,4,17
4699,11133,3.31613e-05,4,17
4700,11134,3.305722e-05,4,17
4701,11135,3.308919e-05,4,17
4702,11136,3.321002e-05,4,17
4703,11137,3.316587e-05,4,17
4704,11140,3.308447e-05,4,17
4705,11141,3.308427e-05,4,18
4706,11142,3.322381e-05,4,18
4707,11143,3.317448e-05,4,18
4708,11144,3.307848e-05,4,18
4709,11145,3.309801e-05,4,18
4710,11146,3.322747e-05,4,18
4711,11147,3.319245e-05,4,18
4712,11150,3.311638e-05,4,19
4713,11151,3.306592e-05,4,19
4714,11152,3.320937e-05,4,19
4715,11153,3.321886e-05,4,19
4716,11154,3.315137e-05,4,19
4717,11155,3.306627e-05,4,19
4718,11156,3.320633e-05,4,19
4719,11157,3.322679e-05,4,19
4720,11160,3.315515e-05,4,20
4721,11161,3.307303e-05,4,20
4722,11162,3.319345e-05,4,20
4723,11163,3.324697e-05,4,20
4724,11164,3.31825e-05,4,20
4725,11165,3.308363e-05,4,20
4726,11166,3.321332e-05,4,20
4727,11167,3.325423e-05,4,20
4728,11170,3.31786e-05,4,21
4729,11171,3.309063e-05,4,21
4730,11172,3.323759e-05,4,21
4731,11173,3.325642e-05,4,21
4732,11174,3.318469e-05,4,21
4733,11175,3.310195e-05,4,21
4734,11176,3.320814e-05,4,21
4735,11177,3.328064e-05,4,21
4736,11200,3.321096e-05,4,22
4737,11201,3.312342e-05,4,22
4738,11202,3.321989e-05,4,22
4739,11203,3.329111e-05,4,22
4740,11204,3.321865e-05,4,22
4741,11205,3.313012e-05,4,22
4742,11206,3.324345e-05,4,22
4743,11207,3.329847e-05,4,22
4744,11210,3.3235e-05,4,23
4745,11211,3.313753e-05,4,23
4746,11212,3.318557e-05,4,23
4747,11213,3.33093e-05,4,23
4748,11214,3.327402e-05,4,23
4749,11215,3.320343e-05,4,23
4750,11216,3.31399e-05,4,23
4751,11217,3.330347e-05,4,23
4752,11220,3.329899e-05,4,24
4753,11221,3.323473e-05,4,24
4754,11222,3.314323e-05,4,24
4755,11223,3.327873e-05,4,24
4756,11224,3.331322e-05,4,24
4757,11225,3.325461e-05,4,24
4758,11226,3.316206e-05,4,24
4759,11227,3.327791e-05,4,25
4760,11230,3.332721e-05,4,25
4761,11231,3.326626e-05,4,25
4762,11232,3.317345e-05,4,25
4763,11233,3.326465e-05,4,25
4764,11234,3.335008e-05,4,25
4765,11235,3.32796e-05,4,25
4766,11236,3.319177e-05,4,25
4767,11237,3.323391e-05,4,26
4768,11240,3.335049e-05,4,26
4769,11241,3.329744e-05,4,26
4770,11242,3.320384e-05,4,26
4771,11243,3.324354e-05,4,26
4772,11244,3.336027e-05,4,26
4773,11245,3.330189e-05,4,26
4774,11246,3.321558e-05,4,26
4775,11247,3.322972e-05,4,27
4776,11250,3.336703e-05,4,27
4777,11251,3.331706e-05,4,27
4778,11252,3.322179e-05,4,27
4779,11253,3.321786e-05,4,27
4780,11254,3.337028e-05,4,27
4781,11255,3.334135e-05,4,27
4782,11256,3.323827e-05,4,27
4783,11257,3.321224e-05,4,28
4784,11260,3.337681e-05,4,28
4785,11261,3.334214e-05,4,28
4786,11262,3.325072e-05,4,28
4787,11263,3.3235e-05,4,28
4788,11264,3.338878e-05,4,28
4789,11265,3.33423e-05,4,28
4790,11266,3.324951e-05,4,28
4791,11267,3.325698e-05,4,29
4792,11270,3.339083e-05,4,29
4793,11271,3.333617e-05,4,29
4794,11272,3.323666e-05,4,29
4795,11273,3.326271e-05,4,29
4796,11274,3.339806e-05,4,29
4797,11275,3.334069e-05,4,29
4798,11276,3.325001e-05,4,29
4799,11277,3.326697e-05,4,30
4800,11300,3.340184e-05,4,30
4801,11301,3.335693e-05,4,30
4802,11302,3.326099e-05,4,30
4803,11303,3.327631e-05,4,30
4804,11304,3.34075e-05,4,30
4805,11305,3.335474e-05,4,30
4806,11306,3.326995e-05,4,30
4807,11307,3.329234e-05,4,31
4808,11310,3.341071e-05,4,31
4809,11311,3.336856e-05,4,31
4810,11312,3.327501e-05,4,31
4811,11313,3.327624e-05,4,31
4812,11314,3.341903e-05,4,31
4813,11315,3.336621e-05,4,31
4814,11316,3.326608e-05,4,32
4815,11317,3.330796e-05,4,32
4816,11320,3.342205e-05,4,32
4817,11321,3.335945e-05,4,32
4818,11322,3.325961e-05,4,32
4819,11323,3.334385e-05,4,32
4820,11324,3.341692e-05,4,32
4821,11325,3.335609e-05,4,32
4822,11326,3.326726e-05,4,33
4823,11327,3.334575e-05,4,33
4824,11330,3.342992e-05,4,33
4825,11331,3.337836e-05,4,33
4826,11332,3.327423e-05,4,33
4827,11333,3.332663e-05,4,33
4828,11334,3.343721e-05,4,33
4829,11335,3.336779e-05,4,33
4830,11336,3.326992e-05,4,34
4831,11337,3.336366e-05,4,34
4832,11340,3.344026e-05,4,34
4833,11341,3.337646e-05,4,34
4834,11342,3.328579e-05,4,34
4835,11343,3.333202e-05,4,34
4836,11344,3.344664e-05,4,34
4837,11345,3.338313e-05,4,34
4838,11346,3.328415e-05,4,35
4839,11347,3.335192e-05,4,35
4840,11350,3.34524e-05,4,35
4841,11351,3.341467e-05,4,35
4842,11352,3.332347e-05,4,35
4843,11353,3.329967e-05,4,35
4844,11354,3.343982e-05,4,35
4845,11355,3.34277e-05,4,35
4846,11356,3.334885e-05,4,36
4847,11357,3.328886e-05,4,36
4848,11360,3.34327e-05,4,36
4849,11361,3.344862e-05,4,36
4850,11362,3.337599e-05,4,36
4851,11363,3.328341e-05,4,36
4852,11364,3.341987e-05,4,36
4853,11365,3.345964e-05,4,36
4854,11366,3.338762e-05,4,37
4855,11367,3.33035e-05,4,37
4856,11370,3.338451e-05,4,37
4857,11371,3.347079e-05,4,37
4858,11372,3.340131e-05,4,37
4859,11373,3.32905e-05,4,37
4860,11374,3.345211e-05,4,37
4861,11375,3.345475e-05,4,38
4862,11376,3.338755e-05,4,38
4863,11377,3.329881e-05,4,38
4864,11400,3.34587e-05,4,38
4865,11401,3.345609e-05,4,38
4866,11402,3.338156e-05,4,38
4867,11403,3.330253e-05,4,38
4868,11404,3.346016e-05,4,38
4869,11405,3.347328e-05,4,39
4870,11406,3.340395e-05,4,39
4871,11407,3.331108e-05,4,39
4872,11410,3.345454e-05,4,39
4873,11411,3.3478e-05,4,39
4874,11412,3.339845e-05,4,39
4875,11413,3.331726e-05,4,39
4876,11414,3.345694e-05,4,39
4877,11415,3.348725e-05,4,40
4878,11416,3.340978e-05,4,40
4879,11417,3.332327e-05,4,40
4880,11420,3.344427e-05,4,40
4881,11421,3.349275e-05,4,40
4882,11422,3.341985e-05,4,40
4883,11423,3.33244e-05,4,40
4884,11424,3.345797e-05,4,40
4885,11425,3.349784e-05,4,41
4886,11426,3.34236e-05,4,41
4887,11427,3.33367e-05,4,41
4888,11430,3.348244e-05,4,41
4889,11431,3.350086e-05,4,41
4890,11432,3.342518e-05,4,41
4891,11433,3.333594e-05,4,41
4892,11434,3.347743e-05,4,41
4893,11435,3.350856e-05,4,42
4894,11436,3.344064e-05,4,42
4895,11437,3.335585e-05,4,42
4896,11440,3.346798e-05,4,42
4897,11441,3.352557e-05,4,42
4898,11442,3.345112e-05,4,42
4899,11443,3.33591e-05,4,42
4900,11444,3.345366e-05,4,42
4901,11445,3.354088e-05,4,43
4902,11446,3.348309e-05,4,43
4903,11447,3.341326e-05,4,43
4904,11450,3.359768e-05,4,43
4905,11451,3.368217e-05,4,43
4906,11452,3.36622e-05,4,43
4907,11453,3.367614e-05,4,43
4908,11454,3.406293e-05,4,44
4909,11455,3.469072e-05,4,44
4910,11456,3.563626e-05,4,44
4911,11457,3.795572e-05,4,44
4912,11460,4.389164e-05,4,44
4913,11461,5.400755e-05,4,44
4914,11462,7.757744e-05,4,44
4915,11463,0.0006123874,4,44
4916,11464,0.0006125814,4,45
4917,11465,0.0006127362,4,45
4918,11466,0.0006120894,4,45
4919,11467,0.0006129082,4,45
4920,11470,0.000612531,4,45
4921,11471,0.0006127876,4,45
4922,11472,0.0006127864,4,45
4923,11473,0.0006124397,4,45
4924,11474,0.0006127491,4,46
4925,11475,0.0006123263,4,46
4926,11476,0.0006119246,4,46
4927,11477,0.0006126142,4,46
4928,11500,0.0006126197,4,46
4929,11501,0.000612281,4,46
4930,11502,0.0006124515,4,46
4931,11503,0.000612818,4,46
4932,11504,0.0006123243,4,47
4933,11505,0.0006124665,4,47
4934,11506,0.0006127841,4,47
4935,11507,0.0006126406,4,47
4936,11510,0.0006129167,4,47
4937,11511,0.0006124626,4,47
4938,11512,0.0006120144,4,47
4939,11513,0.000612503,4,47
4940,11514,0.0006124225,4,48
4941,11515,0.0006125768,4,48
4942,11516,0.0006121126,4,48
4943,11517,0.0006126278,4,48
4944,11520,0.0006123917,4,48
4945,11521,0.0006124058,4,48
4946,11522,0.0006120844,4,48
4947,11523,0.0006114875,4,48
4948,11524,0.0006122124,4,49
4949,11525,0.0006119373,4,49
4950,11526,0.0006120276,4,49
4951,11527,0.000612148,4,49
4952,11530,0.0006121193,4,49
4953,11531,0.000612207,4,49
4954,11532,0.0006119488,4,49
4955,11533,0.0006120754,-1,-1
4956,11534,0.000612086,-1,-1
4957,11535,0.0006121732,-1,-1
4958,11536,0.0006119928,-1,-1
4959,11537,0.0006119742,-1,-1
4960,11540,0.000611891,-1,-1
4961,11541,0.0006118399,-1,-1
4962,11542,0.0006120502,-1,-1
4963,11543,0.0006123367,-1,-1
4964,11544,0.0006119326,-1,-1
4965,11545,0.0006120923,-1,-1
4966,11546,0.0006120069,-1,-1
4967,11547,0.0006121944,-1,-1
4968,11550,0.0006121927,-1,-1
4969,11551,0.0006121761,-1,-1
4970,11552,0.0006120444,-1,-1
4971,11553,0.0006122253,-1,-1
4972,11554,0.0006125129,-1,-1
4973,11555,0.0006120888,-1,-1
4974,11556,0.0006120345,-1,-1
4975,11557,0.0006121549,-1,-1
4976,11560,0.0006118577,-1,-1
4977,11561,0.0006116825,-1,-1
4978,11562,0.0006122706,-1,-1
4979,11563,0.0006118676,-1,-1
4980,11564,0.0006123548,-1,-1
4981,11565,0.0006124098,-1,-1
4982,11566,0.0006124374,-1,-1
4983,11567,0.0006120814,-1,-1
4984,11570,0.0006120707,-1,-1
4985,11571,0.000611481,-1,-1
4986,11572,0.0006115642,-1,-1
4987,11573,0.0006118108,-1,-1
4988,11574,0.0006119008,-1,-1
4989,11575,0.000612302,-1,-1
4990,11576,0.0006120068,-1,-1
4991,11577,0.000612041,-1,-1
4992,11600,0.0006118365,-1,-1
4993,11601,0.000612041,-1,-1
4994,11602,0.0006117597,-1,-1
4995,11603,0.0006115864,-1,-1
4996,11604,0.0006119055,-1,-1
4997,11605,0.0006116109,-1,-1
4998,11606,0.0006119132,-1,-1
4999,11607,0.0006118782,-1,-1
5000,11610,0.0006118699,-1,-1
5001,11611,0.0006115378,-1,-1
5002,11612,0.0006122037,-1,-1
5003,11613,0.0006122218,-1,-1
5004,11614,0.0006122384,-1,-1
5005,11615,0.0006122905,-1,-1
5006,11616,0.0006119875,-1,-1
5007,11617,0.0006123542,-1,-1
5008,11620,0.0006120261,-1,-1
5009,11621,0.0006118653,-1,-1
5010,11622,0.0006121942,-1,-1
5011,11623,0.0006121182,-1,-1
5012,11624,0.0006119062,-1,-1
5013,11625,0.000612024,-1,-1
5014,11626,0.0006117971,-1,-1
5015,11627,0.0006117387,-1,-1
5016,11630,0.0006117945,-1,-1
5017,11631,0.0006119162,-1,-1
5018,11632,0.000611887,-1,-1
5019,11633,0.0006122752,-1,-1
5020,11634,0.0006120504,-1,-1
5021,11635,0.0006120955,-1,-1
5022,11636,0.000611613,-1,-1
5023,11637,0.0006116695,-1,-1
5024,11640,0.0006119584,-1,-1
5025,11641,0.0006115946,-1,-1
5026,11642,0.0006119982,-1,-1
5027,11643,0.0006116339,-1,-1
5028,11644,0.0006116461,-1,-1
5029,11645,0.0006117182,-1,-1
5030,11646,0.0006120715,-1,-1
5031,11647,0.0006116919,-1,-1
5032,11650,0.00061157,-1,-1
5033,11651,0.0006114863,-1,-1
5034,11652,0.0006113048,-1,-1
5035,11653,0.000611577,-1,-1
5036,11654,0.0006110225,-1,-1
5037,11655,0.0006116117,-1,-1
5038,11656,0.0006113684,-1,-1
5039,11657,0.0006120264,-1,-1
5040,11660,0.0006119863,-1,-1
5041,11661,0.0006122329,-1,-1
5042,11662,0.0006117324,-1,-1
5043,11663,0.0006119707,-1,-1
5044,11664,0.0006121388,-1,-1
5045,11665,0.0006122437,-1,-1
5046,11666,0.0006116674,-1,-1
5047,11667,0.0006124119,-1,-1
5048,11670,0.0006120332,-1,-1
5049,11671,0.0006119677,-1,-1
5050,11672,0.0006122317,-1,-1
5051,11673,0.0006117944,-1,-1
5052,11674,0.000611654,-1,-1
5053,11675,0.0006120332,-1,-1
5054,11676,0.0006115654,-1,-1
5055,11677,0.0006116469,-1,-1
5056,11700,0.000611358,-1,-1
5057,11701,0.0006114947,-1,-1
5058,11702,0.000611334,-1,-1
5059,11703,0.0006118563,-1,-1
5060,11704,0.0006115056,-1,-1
5061,11705,0.0006119802,-1,-1
5062,11706,0.0006115414,-1,-1
5063,11707,0.0006117932,-1,-1
5064,11710,0.0006117177,-1,-1
5065,11711,0.000611584,-1,-1
5066,11712,0.0006117224,-1,-1
5067,11713,0.0006114677,-1,-1
5068,11714,0.0006115954,-1,-1
5069,11715,0.0006113291,-1,-1
5070,11716,0.0006119261,-1,-1
5071,11717,0.0006118801,-1,-1
5072,11720,0.0006118122,-1,-1
5073,11721,0.0006120616,-1,-1
5074,11722,0.0006120258,-1,-1
5075,11723,0.0006118565,-1,-1
5076,11724,0.00061188,-1,-1
5077,11725,0.0006114729,-1,-1
5078,11726,0.0006111146,-1,-1
5079,11727,0.0006110624,-1,-1
5080,11730,0.0006112001,-1,-1
5081,11731,0.00061168,-1,-1
5082,11732,0.0006114168,-1,-1
5083,11733,0.0006111538,-1,-1
5084,11734,0.0006116241,-1,-1
5085,11735,0.0006114162,-1,-1
5086,11736,0.0006115315,-1,-1
5087,11737,0.0006111308,-1,-1
5088,11740,0.0006116439,-1,-1
5089,11741,0.0006114554,-1,-1
5090,11742,0.000611699,-1,-1
5091,11743,0.0006120315,-1,-1
5092,11744,0.0006122136,-1,-1
5093,11745,0.0006125981,-1,-1
5094,11746,0.000611621,-1,-1
5095,11747,0.0006117927,-1,-1
5096,11750,0.0006119566,-1,-1
5097,11751,0.0006124334,-1,-1
5098,11752,0.0006120561,-1,-1
5099,11753,0.0006113658,-1,-1
5100,11754,0.0006115678,-1,-1
5101,11755,0.0006116104,-1,-1
5102,11756,0.0006115186,-1,-1
5103,11757,0.0006110417,-1,-1
5104,11760,0.0006111694,-1,-1
5105,11761,0.0006112356,-1,-1
5106,11762,0.00061143,-1,-1
5107,11763,0.0006114366,-1,-1
5108,11764,0.0006113065,-1,-1
5109,11765,0.0006116813,-1,-1
5110,11766,0.0006116167,-1,-1
5111,11767,0.0006116708,-1,-1
5112,11770,0.000611583,-1,-1
5113,11771,0.000611464,-1,-1
5114,11772,0.0006116098,-1,-1
5115,11773,0.0006116931,-1,-1
5116,11774,0.0006121082,-1,-1
5117,11775,0.0006118562,-1,-1
5118,11776,0.0006124292,-1,-1
5119,11777,0.0006118583,-1,-1
5120,12000,0.0006116984,-1,-1
5121,12001,0.0006119057,-1,-1
5122,12002,0.0006118674,-1,-1
5123,12003,0.000611877,-1,-1
5124,12004,0.0006119239,-1,-1
5125,12005,0.0006119817,-1,-1
5126,12006,0.0006120725,-1,-1
5127,12007,0.000611997,-1,-1
5128,12010,0.0006117043,-1,-1
5129,12011,0.0006123067,-1,-1
5130,12012,0.0006121937,-1,-1
5131,12013,0.0006122084,-1,-1
5132,12014,0.0006122711,-1,-1
5133,12015,0.0006123523,-1,-1
5134,12016,0.0006122749,-1,-1
5135,12017,0.0006119917,-1,-1
5136,12020,0.0006114244,-1,-1
5137,12021,0.0006119449,-1,-1
5138,12022,0.0006116499,-1,-1
5139,12023,0.0006117118,-1,-1
5140,12024,0.0006116849,-1,-1
5141,12025,0.0006118757,-1,-1
5142,12026,0.0006115789,-1,-1
5143,12027,0.0006118751,-1,-1
5144,12030,0.0006118466,-1,-1
5145,12031,0.0006120123,-1,-1
5146,12032,0.0006114986,-1,-1
5147,12033,0.000611915,-1,-1
5148,12034,0.0006113294,-1,-1
5149,12035,0.0006109352,-1,-1
5150,12036,0.0006112579,-1,-1
5151,12037,0.0006107425,-1,-1
5152,12040,0.0006116854,-1,-1
5153,12041,0.000611542,-1,-1
5154,12042,0.0006115771,-1,-1
5155,12043,0.0006117854,-1,-1
5156,12044,0.0006118476,-1,-1
5157,12045,0.0006122165,-1,-1
5158,12046,0.0006122404,-1,-1
5159,12047,0.0006120941,-1,-1
5160,12050,0.0006118899,-1,-1
5161,12051,0.0006111776,-1,-1
5162,12052,0.0006110623,-1,-1
5163,12053,0.0006114049,-1,-1
5164,12054,0.0006114998,-1,-1
5165,12055,0.0006116504,-1,-1
5166,12056,0.0006115741,-1,-1
5167,12057,0.0006115424,-1,-1
5168,12060,0.0006116164,-1,-1
5169,12061,0.0006115162,-1,-1
5170,12062,0.0006119073,-1,-1
5171,12063,0.0006121129,-1,-1
5172,12064,0.0006111718,-1,-1
5173,12065,0.0006114593,-1,-1
5174,12066,0.0006109247,-1,-1
5175,12067,0.0006106807,-1,-1
5176,12070,0.0006108714,-1,-1
5177,12071,0.0006118061,-1,-1
5178,12072,0.0006116332,-1,-1
5179,12073,0.0006115108,-1,-1
5180,12074,0.0006108059,-1,-1
5181,12075,0.0006103426,-1,-1
5182,12076,0.0006108328,-1,-1
5183,12077,0.0006113198,-1,-1
5184,12100,0.0006117058,-1,-1
5185,12101,0.0006113176,5,49
5186,12102,0.0006112555,5,49
5187,12103,0.000611897,5,49
5188,12104,0.000611375,5,49
5189,12105,0.0006111554,5,49
5190,12106,0.0006108829,5,49
5191,12107,0.0006115775,5,49
5192,12110,0.0006110073,5,49
5193,12111,0.0006112919,5,48
5194,12112,0.0006117994,5,48
5195,12113,0.00061136,5,48
5196,12114,0.0006112627,5,48
5197,12115,0.0006115293,5,48
5198,12116,0.0006115737,5,48
5199,12117,0.0006112321,5,48
5200,12120,0.0006114524,5,48
5201,12121,0.0006117036,5,47
5202,12122,0.0006117384,5,47
5203,12123,0.0006111307,5,47
5204,12124,0.0006091787,5,47
5205,12125,0.000604673,5,47
5206,12126,0.0006006188,5,47
5207,12127,0.0005948204,5,47
5208,12130,0.0005884829,5,46
5209,12131,0.0005817238,5,46
5210,12132,0.000569988,5,46
5211,12133,0.0005594599,5,46
5212,12134,0.0005493119,5,46
5213,12135,0.000541723,5,46
5214,12136,0.0005383008,5,46
5215,12137,0.0005397853,5,46
5216,12140,0.0005451455,5,45
5217,12141,0.0005497733,5,45
5218,12142,0.0005541134,5,45
5219,12143,0.0005570472,5,45
5220,12144,0.0005589697,5,45
5221,12145,0.0005592344,5,45
5222,12146,0.0005580761,5,45
5223,12147,0.0005547193,5,44
5224,12150,0.0005458251,5,44
5225,12151,0.0005335758,5,44
5226,12152,0.0005151502,5,44
5227,12153,0.0004859134,5,44
5228,12154,0.0004501319,5,44
5229,12155,0.0003761338,5,44
5230,12156,0.0002990274,5,44
5231,12157,0.0002215803,5,43
5232,12160,0.0001433857,5,43
5233,12161,0.0001000294,5,43
5234,12162,3.128454e-05,5,43
5235,12163,3.152804e-05,5,43
5236,12164,3.160732e-05,5,43
5237,12165,3.160995e-05,5,43
5238,12166,3.159997e-05,5,43
5239,12167,3.179361e-05,5,42
5240,12170,3.188779e-05,5,42
5241,12171,3.188923e-05,5,42
5242,12172,3.185708e-05,5,42
5243,12173,3.199905e-05,5,42
5244,12174,3.21099e-05,5,42
5245,12175,3.208483e-05,5,42
5246,12176,3.203603e-05,5,41
5247,12177,3.219267e-05,5,41
5248,12200,3.227765e-05,5,41
5249,12201,3.224928e-05,5,41
5250,12202,3.218947e-05,5,41
5251,12203,3.23506e-05,5,41
5252,12204,3.241244e-05,5,41
5253,12205,3.235711e-05,5,41
5254,12206,3.231182e-05,5,40
5255,12207,3.249339e-05,5,40
5256,12210,3.252513e-05,5,40
5257,12211,3.246629e-05,5,40
5258,12212,3.24139e-05,5,40
5259,12213,3.259074e-05,5,40
5260,12214,3.261512e-05,5,40
5261,12215,3.256653e-05,5,39
5262,12216,3.24931e-05,5,39
5263,12217,3.265018e-05,5,39
5264,12220,3.270158e-05,5,39
5265,12221,3.264465e-05,5,39
5266,12222,3.257093e-05,5,39
5267,12223,3.27099e-05,5,39
5268,12224,3.276746e-05,5,39
5269,12225,3.271916e-05,5,38
5270,12226,3.264585e-05,5,38
5271,12227,3.272627e-05,5,38
5272,12230,3.282947e-05,5,38
5273,12231,3.278412e-05,5,38
5274,12232,3.269918e-05,5,38
5275,12233,3.273883e-05,5,38
5276,12234,3.287754e-05,5,37
5277,12235,3.283243e-05,5,37
5278,12236,3.275602e-05,5,37
5279,12237,3.278875e-05,5,37
5280,12240,3.291675e-05,5,37
5281,12241,3.288472e-05,5,37
5282,12242,3.280204e-05,5,37
5283,12243,3.279736e-05,5,37
5284,12244,3.29539e-05,5,36
5285,12245,3.291633e-05,5,36
5286,12246,3.281302e-05,5,36
5287,12247,3.285828e-05,5,36
5288,12250,3.29818e-05,5,36
5289,12251,3.293423e-05,5,36
5290,12252,3.285766e-05,5,36
5291,12253,3.288794e-05,5,36
5292,12254,3.30119e-05,5,35
5293,12255,3.296011e-05,5,35
5294,12256,3.287558e-05,5,35
5295,12257,3.289198e-05,5,35
5296,12260,3.302835e-05,5,35
5297,12261,3.300151e-05,5,35
5298,12262,3.29211e-05,5,35
5299,12263,3.287271e-05,5,34
5300,12264,3.302373e-05,5,34
5301,12265,3.305137e-05,5,34
5302,12266,3.297513e-05,5,34
5303,12267,3.289177e-05,5,34
5304,12270,3.29823e-05,5,34
5305,12271,3.307156e-05,5,34
5306,12272,3.301066e-05,5,34
5307,12273,3.290825e-05,5,33
5308,12274,3.30145e-05,5,33
5309,12275,3.30831e-05,5,33
5310,12276,3.301471e-05,5,33
5311,12277,3.293012e-05,5,33
5312,12300,3.300203e-05,5,33
5313,12301,3.310105e-05,5,33
5314,12302,3.304428e-05,5,32
5315,12303,3.294702e-05,5,32
5316,12304,3.301582e-05,5,32
5317,12305,3.310904e-05,5,32
5318,12306,3.304832e-05,5,32
5319,12307,3.295153e-05,5,32
5320,12310,3.304038e-05,5,32
5321,12311,3.31247e-05,5,32
5322,12312,3.306126e-05,5,31
5323,12313,3.296833e-05,5,31
5324,12314,3.301582e-05,5,31
5325,12315,3.313187e-05,5,31
5326,12316,3.307022e-05,5,31
5327,12317,3.297401e-05,5,31
5328,12320,3.304665e-05,5,31
5329,12321,3.313419e-05,5,31
5330,12322,3.306884e-05,5,30
5331,12323,3.296765e-05,5,30
5332,12324,3.308506e-05,5,30
5333,12325,3.313589e-05,5,30
5334,12326,3.306182e-05,5,30
5335,12327,3.297709e-05,5,30
5336,12330,3.310377e-05,5,30
5337,12331,3.31428e-05,5,29
5338,12332,3.306284e-05,5,29
5339,12333,3.297105e-05,5,29
5340,12334,3.313333e-05,5,29
5341,12335,3.313709e-05,5,29
5342,12336,3.30419e-05,5,29
5343,12337,3.298092e-05,5,29
5344,12340,3.312655e-05,5,29
5345,12341,3.313987e-05,5,28
5346,12342,3.306541e-05,5,28
5347,12343,3.298075e-05,5,28
5348,12344,3.313665e-05,5,28
5349,12345,3.314151e-05,5,28
5350,12346,3.305874e-05,5,28
5351,12347,3.298194e-05,5,28
5352,12350,3.314083e-05,5,27
5353,12351,3.314367e-05,5,27
5354,12352,3.305634e-05,5,27
5355,12353,3.298204e-05,5,27
5356,12354,3.313647e-05,5,27
5357,12355,3.315697e-05,5,27
5358,12356,3.307106e-05,5,27
5359,12357,3.298962e-05,5,27
5360,12360,3.311973e-05,5,26
5361,12361,3.31541e-05,5,26
5362,12362,3.307622e-05,5,26
5363,12363,3.298681e-05,5,26
5364,12364,3.310957e-05,5,26
5365,12365,3.315229e-05,5,26
5366,12366,3.308123e-05,5,26
5367,12367,3.298736e-05,5,25
5368,12370,3.312702e-05,5,25
5369,12371,3.315248e-05,5,25
5370,12372,3.306826e-05,5,25
5371,12373,3.298089e-05,5,25
5372,12374,3.312877e-05,5,25
5373,12375,3.314426e-05,5,25
5374,12376,3.305713e-05,5,25
5375,12377,3.297477e-05,5,24
5376,12400,3.313513e-05,5,24
5377,12401,3.313217e-05,5,24
5378,12402,3.304223e-05,5,24
5379,12403,3.298168e-05,5,24
5380,12404,3.314903e-05,5,24
5381,12405,3.312701e-05,5,24
5382,12406,3.30446e-05,5,24
5383,12407,3.297776e-05,5,23
5384,12410,3.313398e-05,5,23
5385,12411,3.311059e-05,5,23
5386,12412,3.302937e-05,5,23
5387,12413,3.297682e-05,5,23
5388,12414,3.314124e-05,5,23
5389,12415,3.311276e-05,5,23
5390,12416,3.301235e-05,5,22
5391,12417,3.297618e-05,5,22
5392,12420,3.313393e-05,5,22
5393,12421,3.309765e-05,5,22
5394,12422,3.302659e-05,5,22
5395,12423,3.29681e-05,5,22
5396,12424,3.312722e-05,5,22
5397,12425,3.309516e-05,5,22
5398,12426,3.301383e-05,5,21
5399,12427,3.295821e-05,5,21
5400,12430,3.311759e-05,5,21
5401,12431,3.309837e-05,5,21
5402,12432,3.30092e-05,5,21
5403,12433,3.294898e-05,5,21
5404,12434,3.310801e-05,5,21
5405,12435,3.309218e-05,5,20
5406,12436,3.301151e-05,5,20
5407,12437,3.29419e-05,5,20
5408,12440,3.309876e-05,5,20
5409,12441,3.309953e-05,5,20
5410,12442,3.300996e-05,5,20
5411,12443,3.293689e-05,5,20
5412,12444,3.307827e-05,5,20
5413,12445,3.309162e-05,5,19
5414,12446,3.301029e-05,5,19
5415,12447,3.293358e-05,5,19
5416,12450,3.307001e-05,5,19
5417,12451,3.309695e-05,5,19
5418,12452,3.303529e-05,5,19
5419,12453,3.295155e-05,5,19
5420,12454,3.296892e-05,5,18
5421,12455,3.309985e-05,5,18
5422,12456,3.305048e-05,5,18
5423,12457,3.296994e-05,5,18
5424,12460,3.295065e-05,5,18
5425,12461,3.309501e-05,5,18
5426,12462,3.306855e-05,5,18
5427,12463,3.299989e-05,5,18
5428,12464,3.291562e-05,5,17
5429,12465,3.305648e-05,5,17
5430,12466,3.307137e-05,5,17
5431,12467,3.298713e-05,5,17
5432,12470,3.291323e-05,5,17
5433,12471,3.307519e-05,5,17
5434,12472,3.305628e-05,5,17
5435,12473,3.296415e-05,5,17
5436,12474,3.293156e-05,5,16
5437,12475,3.307953e-05,5,16
5438,12476,3.303653e-05,5,16
5439,12477,3.294464e-05,5,16
5440,12500,3.296055e-05,5,16
5441,12501,3.308167e-05,5,16
5442,12502,3.302188e-05,5,16
5443,12503,3.292128e-05,5,15
5444,12504,3.299296e-05,5,15
5445,12505,3.307607e-05,5,15
5446,12506,3.301693e-05,5,15
5447,12507,3.291695e-05,5,15
5448,12510,3.297621e-05,5,15
5449,12511,3.307516e-05,5,15
5450,12512,3.301105e-05,5,15
5451,12513,3.29241e-05,5,14
5452,12514,3.296271e-05,5,14
5453,12515,3.30715e-05,5,14
5454,12516,3.302469e-05,5,14
5455,12517,3.292591e-05,5,14
5456,12520,3.293718e-05,5,14
5457,12521,3.306978e-05,5,14
5458,12522,3.301942e-05,5,13
5459,12523,3.292545e-05,5,13
5460,12524,3.294368e-05,5,13
5461,12525,3.306562e-05,5,13
5462,12526,3.301205e-05,5,13
5463,12527,3.291982e-05,5,13
5464,12530,3.29459e-05,5,13
5465,12531,3.306232e-05,5,13
5466,12532,3.301723e-05,5,12
5467,12533,3.293457e-05,5,12
5468,12534,3.291209e-05,5,12
5469,12535,3.305478e-05,5,12
5470,12536,3.301728e-05,5,12
5471,12537,3.293148e-05,5,12
5472,12540,3.288832e-05,5,12
5473,12541,3.304858e-05,5,12
5474,12542,3.301738e-05,5,11
5475,12543,3.291862e-05,5,11
5476,12544,3.290509e-05,5,11
5477,12545,3.304829e-05,5,11
5478,12546,3.300136e-05,5,11
5479,12547,3.293285e-05,5,11
5480,12550,3.286838e-05,5,11
5481,12551,3.303108e-05,5,10
5482,12552,3.30129e-05,5,10
5483,12553,3.294222e-05,5,10
5484,12554,3.286191e-05,5,10
5485,12555,3.300736e-05,5,10
5486,12556,3.303172e-05,5,10
5487,12557,3.296733e-05,5,10
5488,12560,3.286809e-05,5,10
5489,12561,3.295636e-05,5,9
5490,12562,3.303005e-05,5,9
5491,12563,3.296857e-05,5,9
5492,12564,3.287304e-05,5,9
5493,12565,3.292855e-05,5,9
5494,12566,3.303018e-05,5,9
5495,12567,3.297387e-05,5,9
5496,12570,3.28784e-05,5,8
5497,12571,3.290012e-05,5,8
5498,12572,3.301904e-05,5,8
5499,12573,3.297352e-05,5,8
5500,12574,3.289418e-05,5,8
5501,12575,3.285331e-05,5,8
5502,12576,3.301699e-05,5,8
5503,12577,3.297445e-05,5,8
5504,12600,3.289927e-05,5,7
5505,12601,3.285023e-05,5,7
5506,12602,3.299957e-05,5,7
5507,12603,3.298661e-05,5,7
5508,12604,3.289757e-05,5,7
5509,12605,3.282863e-05,5,7
5510,12606,3.2978e-05,5,7
5511,12607,3.2978e-05,5,6
5512,12610,3.290047e-05,5,6
5513,12611,3.282473e-05,5,6
5514,12612,3.2983e-05,5,6
5515,12613,3.296561e-05,5,6
5516,12614,3.288208e-05,5,6
5517,12615,3.283149e-05,5,6
5518,12616,3.299061e-05,5,6
5519,12617,3.294936e-05,5,5
5520,12620,3.286398e-05,5,5
5521,12621,3.282374e-05,5,5
5522,12622,3.298054e-05,5,5
5523,12623,3.295451e-05,5,5
5524,12624,3.287464e-05,5,5
5525,12625,3.28098e-05,5,5
5526,12626,3.296787e-05,5,5
5527,12627,3.295797e-05,5,4
5528,12630,3.287401e-05,5,4
5529,12631,3.280353e-05,5,4
5530,12632,3.296283e-05,5,4
5531,12633,3.295194e-05,5,4
5532,12634,3.287912e-05,5,4
5533,12635,3.279821e-05,5,4
5534,12636,3.292805e-05,5,3
5535,12637,3.295958e-05,5,3
5536,12640,3.289107e-05,5,3
5537,12641,3.279492e-05,5,3
5538,12642,3.289136e-05,5,3
5539,12643,3.295991e-05,5,3
5540,12644,3.288586e-05,5,3
5541,12645,3.281422e-05,5,3
5542,12646,3.28437e-05,5,2
5543,12647,3.295697e-05,5,2
5544,12650,3.290556e-05,5,2
5545,12651,3.282013e-05,5,2
5546,12652,3.283079e-05,5,2
5547,12653,3.295662e-05,5,2
5548,12654,3.290404e-05,5,2
5549,12655,3.283796e-05,5,1
5550,12656,3.278877e-05,5,1
5551,12657,3.293613e-05,5,1
5552,12660,3.292851e-05,5,1
5553,12661,3.284695e-05,5,1
5554,12662,3.278854e-05,5,1
5555,12663,3.295167e-05,5,1
5556,12664,3.294231e-05,5,1
5557,12665,3.28608e-05,5,0
5558,12666,3.279852e-05,5,0
5559,12667,3.295179e-05,5,0
5560,12670,3.298736e-05,5,0
5561,12671,3.293314e-05,5,0
5562,12672,3.287227e-05,5,0
5563,12673,3.302508e-05,5,0
5564,12674,3.328047e-05,-1,-1
5565,12675,3.327941e-05,-1,-1
5566,12676,3.311554e-05,-1,-1
5567,12677,3.321148e-05,-1,-1
5568,12700,3.32915e-05,-1,-1
5569,12701,3.321675e-05,-1,-1
5570,12702,3.317814e-05,-1,-1
5571,12703,3.315884e-05,-1,-1
5572,12704,3.328125e-05,-1,-1
5573,12705,3.326846e-05,-1,-1
5574,12706,3.313692e-05,-1,-1
5575,12707,3.317509e-05,-1,-1
5576,12710,3.328899e-05,-1,-1
5577,12711,3.323359e-05,-1,-1
5578,12712,3.319775e-05,-1,-1
5579,12713,3.311326e-05,-1,-1
5580,12714,3.326046e-05,-1,-1
5581,12715,3.328055e-05,-1,-1
5582,12716,3.316033e-05,-1,-1
5583,12717,3.310877e-05,-1,-1
5584,12720,3.328227e-05,-1,-1
5585,12721,3.324381e-05,-1,-1
5586,12722,3.317351e-05,-1,-1
5587,12723,3.311042e-05,-1,-1
5588,12724,3.326126e-05,-1,-1
5589,12725,3.326714e-05,-1,-1
5590,12726,3.315819e-05,-1,-1
5591,12727,3.310772e-05,-1,-1
5592,12730,3.327923e-05,-1,-1
5593,12731,3.325753e-05,-1,-1
5594,12732,3.31931e-05,-1,-1
5595,12733,3.309812e-05,-1,-1
5596,12734,3.324574e-05,-1,-1
5597,12735,3.3265e-05,-1,-1
5598,12736,3.317398e-05,-1,-1
5599,12737,3.310538e-05,-1,-1
5600,12740,3.326064e-05,-1,-1
5601,12741,3.325183e-05,-1,-1
5602,12742,3.317957e-05,-1,-1
5603,12743,3.31019e-05,-1,-1
5604,12744,3.325689e-05,-1,-1
5605,12745,3.32597e-05,-1,-1
5606,12746,3.318449e-05,-1,-1
5607,12747,3.310529e-05,-1,-1
5608,12750,3.325718e-05,-1,-1
5609,12751,3.324407e-05,-1,-1
5610,12752,3.317105e-05,-1,-1
5611,12753,3.310365e-05,-1,-1
5612,12754,3.326412e-05,-1,-1
5613,12755,3.324655e-05,-1,-1
5614,12756,3.317459e-05,-1,-1
5615,12757,3.309103e-05,-1,-1
5616,12760,3.323224e-05,-1,-1
5617,12761,3.326167e-05,-1,-1
5618,12762,3.318516e-05,-1,-1
5619,12763,3.309657e-05,-1,-1
5620,12764,3.325455e-05,-1,-1
5621,12765,3.325233e-05,-1,-1
5622,12766,3.317489e-05,-1,-1
5623,12767,3.310401e-05,-1,-1
5624,12770,3.326732e-05,-1,-1
5625,12771,3.324296e-05,-1,-1
5626,12772,3.31591e-05,-1,-1
5627,12773,3.31103e-05,-1,-1
5628,12774,3.327205e-05,-1,-1
5629,12775,3.324706e-05,-1,-1
5630,12776,3.315767e-05,-1,-1
5631,12777,3.311302e-05,-1,-1
5632,13000,3.327853e-05,-1,-1
5633,13001,3.32371e-05,-1,-1
5634,13002,3.313998e-05,-1,-1
5635,13003,3.31399e-05,-1,-1
5636,13004,3.328026e-05,-1,-1
5637,13005,3.32337e-05,-1,-1
5638,13006,3.31322e-05,-1,-1
5639,13007,3.317802e-05,-1,-1
5640,13010,3.328324e-05,-1,-1
5641,13011,3.322059e-05,-1,-1
5642,13012,3.312962e-05,-1,-1
5643,13013,3.31712e-05,-1,-1
5644,13014,3.327864e-05,-1,-1
5645,13015,3.323429e-05,-1,-1
5646,13016,3.31425e-05,-1,-1
5647,13017,3.314101e-05,-1,-1
5648,13020,3.327943e-05,-1,-1
5649,13021,3.32474e-05,-1,-1
5650,13022,3.316516e-05,-1,-1
5651,13023,3.311372e-05,-1,-1
5652,13024,3.323733e-05,-1,-1
5653,13025,3.327917e-05,-1,-1
5654,13026,3.320774e-05,-1,-1
5655,13027,3.312936e-05,-1,-1
5656,13030,3.318226e-05,-1,-1
5657,13031,3.32828e-05,-1,-1
5658,13032,3.322656e-05,-1,-1
5659,13033,3.313003e-05,-1,-1
5660,13034,3.317942e-05,-1,-1
5661,13035,3.328576e-05,-1,-1
5662,13036,3.322793e-05,-1,-1
5663,13037,3.315202e-05,-1,-1
5664,13040,3.314294e-05,-1,-1
5665,13041,3.327917e-05,-1,-1
5666,13042,3.323355e-05,-1,-1
5667,13043,3.313946e-05,-1,-1
5668,13044,3.316804e-05,-1,-1
5669,13045,3.328189e-05,-1,-1
5670,13046,3.321857e-05,-1,-1
5671,13047,3.314496e-05,-1,-1
5672,13050,3.312842e-05,-1,-1
5673,13051,3.324969e-05,-1,-1
5674,13052,3.319822e-05,-1,-1
5675,13053,3.308878e-05,-1,-1
5676,13054,3.300817e-05,-1,-1
5677,13055,3.314569e-05,-1,-1
5678,13056,3.313266e-05,-1,-1
5679,13057,3.305505e-05,-1,-1
5680,13060,3.300063e-05,-1,-1
5681,13061,3.314941e-05,-1,-1
5682,13062,3.315091e-05,-1,-1
5683,13063,3.307034e-05,-1,-1
5684,13064,3.299606e-05,-1,-1
5685,13065,3.314979e-05,-1,-1
5686,13066,3.314786e-05,-1,-1
5687,13067,3.306079e-05,-1,-1
5688,13070,3.299712e-05,-1,-1
5689,13071,3.31589e-05,-1,-1
5690,13072,3.314145e-05,-1,-1
5691,13073,3.30533e-05,-1,-1
5692,13074,3.300713e-05,-1,-1
5693,13075,3.315629e-05,-1,-1
5694,13076,3.314013e-05,-1,-1
5695,13077,3.305089e-05,-1,-1
5696,13100,3.302323e-05,-1,-1
5697,13101,3.316728e-05,-1,-1
5698,13102,3.313732e-05,-1,-1
5699,13103,3.3047e-05,-1,-1
5700,13104,3.303872e-05,-1,-1
5701,13105,3.317643e-05,-1,-1
5702,13106,3.313553e-05,-1,-1
5703,13107,3.304191e-05,-1,-1
5704,13110,3.302964e-05,-1,-1
5705,13111,3.317694e-05,-1,-1
5706,13112,3.313155e-05,-1,-1
5707,13113,3.303722e-05,-1,-1
5708,13114,3.305198e-05,-1,-1
5709,13115,3.317952e-05,-1,-1
5710,13116,3.313525e-05,-1,-1
5711,13117,3.303901e-05,-1,-1
5712,13120,3.30535e-05,-1,-1
5713,13121,3.317734e-05,-1,-1
5714,13122,3.312515e-05,-1,-1
5715,13123,3.303459e-05,-1,-1
5716,13124,3.30381e-05,-1,-1
5717,13125,3.317946e-05,-1,-1
5718,13126,3.313366e-05,-1,-1
5719,13127,3.302627e-05,-1,-1
5720,13130,3.306908e-05,-1,-1
5721,13131,3.317793e-05,-1,-1
5722,13132,3.311747e-05,-1,-1
5723,13133,3.300961e-05,-1,-1
5724,13134,3.310169e-05,-1,-1
5725,13135,3.31759e-05,-1,-1
5726,13136,3.310649e-05,-1,-1
5727,13137,3.30279e-05,-1,-1
5728,13140,3.308638e-05,-1,-1
5729,13141,3.317711e-05,-1,-1
5730,13142,3.312227e-05,-1,-1
5731,13143,3.302276e-05,-1,-1
5732,13144,3.306984e-05,-1,-1
5733,13145,3.317963e-05,-1,-1
5734,13146,3.312263e-05,-1,-1
5735,13147,3.303663e-05,-1,-1
5736,13150,3.307479e-05,-1,-1
5737,13151,3.318196e-05,-1,-1
5738,13152,3.313416e-05,-1,-1
5739,13153,3.303693e-05,-1,-1
5740,13154,3.305681e-05,-1,-1
5741,13155,3.318346e-05,-1,-1
5742,13156,3.311627e-05,-1,-1
5743,13157,3.30148e-05,-1,-1
5744,13160,3.309721e-05,-1,-1
5745,13161,3.318546e-05,-1,-1
5746,13162,3.312409e-05,-1,-1
5747,13163,3.303225e-05,-1,-1
5748,13164,3.310114e-05,-1,-1
5749,13165,3.318545e-05,-1,-1
5750,13166,3.313314e-05,-1,-1
5751,13167,3.304191e-05,-1,-1
5752,13170,3.306149e-05,-1,-1
5753,13171,3.318361e-05,-1,-1
5754,13172,3.313328e-05,-1,-1
5755,13173,3.304732e-05,-1,-1
5756,13174,3.307844e-05,-1,-1
5757,13175,3.319081e-05,-1,-1
5758,13176,3.313281e-05,-1,-1
5759,13177,3.304355e-05,-1,-1
5760,13200,3.304996e-05,-1,-1
5761,13201,3.317875e-05,-1,-1
5762,13202,3.316276e-05,-1,-1
5763,13203,3.308152e-05,-1,-1
5764,13204,3.301132e-05,-1,-1
5765,13205,3.3182e-05,-1,-1
5766,13206,3.316791e-05,-1,-1
5767,13207,3.309516e-05,-1,-1
5768,13210,3.301198e-05,-1,-1
5769,13211,3.315931e-05,-1,-1
5770,13212,3.318276e-05,-1,-1
5771,13213,3.312011e-05,-1,-1
5772,13214,3.301977e-05,-1,-1
5773,13215,3.310658e-05,-1,-1
5774,13216,3.318478e-05,-1,-1
5775,13217,3.312391e-05,-1,-1
5776,13220,3.302062e-05,-1,-1
5777,13221,3.305025e-05,-1,-1
5778,13222,3.295024e-05,-1,-1
5779,13223,3.285485e-05,-1,-1
5780,13224,3.288747e-05,-1,-1
5781,13225,3.298127e-05,-1,-1
5782,13226,3.293343e-05,-1,-1
5783,13227,3.285772e-05,-1,-1
5784,13230,3.282652e-05,-1,-1
5785,13231,3.297068e-05,-1,-1
5786,13232,3.294877e-05,-1,-1
5787,13233,3.286434e-05,-1,-1
5788,13234,3.281156e-05,-1,-1
5789,13235,3.297697e-05,-1,-1
5790,13236,3.294907e-05,6,0
5791,13237,3.286639e-05,6,0
5792,13240,3.282669e-05,6,0
5793,13241,3.297481e-05,6,0
5794,13242,3.297175e-05,6,0
5795,13243,3.28892e-05,6,0
5796,13244,3.281337e-05,6,0
5797,13245,3.297419e-05,6,0
5798,13246,3.297445e-05,6,1
5799,13247,3.290533e-05,6,1
5800,13250,3.282306e-05,6,1
5801,13251,3.296485e-05,6,1
5802,13252,3.299457e-05,6,1
5803,13253,3.292401e-05,6,1
5804,13254,3.283151e-05,6,1
5805,13255,3.295352e-05,6,1
5806,13256,3.30013e-05,6,2
5807,13257,3.293677e-05,6,2
5808,13260,3.283881e-05,6,2
5809,13261,3.29633e-05,6,2
5810,13262,3.300972e-05,6,2
5811,13263,3.293742e-05,6,2
5812,13264,3.285207e-05,6,2
5813,13265,3.29717e-05,6,3
5814,13266,3.302434e-05,6,3
5815,13267,3.296134e-05,6,3
5816,13270,3.287907e-05,6,3
5817,13271,3.300493e-05,6,3
5818,13272,3.314851e-05,6,3
5819,13273,3.324187e-05,6,3
5820,13274,3.329832e-05,6,3
5821,13275,3.371649e-05,6,4
5822,13276,3.405938e-05,6,4
5823,13277,3.413796e-05,6,4
5824,13300,3.444403e-05,6,4
5825,13301,3.469532e-05,6,4
5826,13302,3.503385e-05,6,4
5827,13303,3.557706e-05,6,4
5828,13304,3.548595e-05,6,5
5829,13305,3.630829e-05,6,5
5830,13306,3.716152e-05,6,5
5831,13307,3.67004e-05,6,5
5832,13310,3.730641e-05,6,5
5833,13311,3.735975e-05,6,5
5834,13312,3.712258e-05,6,5
5835,13313,3.752104e-05,6,5
5836,13314,3.684746e-05,6,6
5837,13315,3.70594e-05,6,6
5838,13316,3.758194e-05,6,6
5839,13317,3.675003e-05,6,6
5840,13320,3.716075e-05,6,6
5841,13321,3.709298e-05,6,6
5842,13322,3.700178e-05,6,6
5843,13323,3.737304e-05,6,6
5844,13324,3.658982e-05,6,7
5845,13325,3.681771e-05,6,7
5846,13326,3.720256e-05,6,7
5847,13327,3.644367e-05,6,7
5848,13330,3.685273e-05,6,7
5849,13331,3.663034e-05,6,7
5850,13332,3.646712e-05,6,7
5851,13333,3.694832e-05,6,8
5852,13334,3.632225e-05,6,8
5853,13335,3.631833e-05,6,8
5854,13336,3.679637e-05,6,8
5855,13337,3.614241e-05,6,8
5856,13340,3.624763e-05,6,8
5857,13341,3.635083e-05,6,8
5858,13342,3.605536e-05,6,8
5859,13343,3.624979e-05,6,9
5860,13344,3.615684e-05,6,9
5861,13345,3.596001e-05,6,9
5862,13346,3.643916e-05,6,9
5863,13347,3.621109e-05,6,9
5864,13350,3.615883e-05,6,9
5865,13351,3.605928e-05,6,9
5866,13352,3.59721e-05,6,10
5867,13353,3.613839e-05,6,10
5868,13354,3.592844e-05,6,10
5869,13355,3.58272e-05,6,10
5870,13356,3.622898e-05,6,10
5871,13357,3.602602e-05,6,10
5872,13360,3.62473e-05,6,10
5873,13361,3.602834e-05,6,10
5874,13362,3.605694e-05,6,11
5875,13363,3.626768e-05,6,11
5876,13364,3.578809e-05,6,11
5877,13365,3.583859e-05,6,11
5878,13366,3.594546e-05,6,11
5879,13367,3.578827e-05,6,11
5880,13370,3.589592e-05,6,11
5881,13371,3.561995e-05,6,12
5882,13372,3.563684e-05,6,12
5883,13373,3.572125e-05,6,12
5884,13374,3.539826e-05,6,12
5885,13375,3.527398e-05,6,12
5886,13376,3.531488e-05,6,12
5887,13377,3.502155e-05,6,12
5888,13400,3.483813e-05,6,12
5889,13401,3.454711e-05,6,13
5890,13402,3.446593e-05,6,13
5891,13403,3.444707e-05,6,13
5892,13404,3.410512e-05,6,13
5893,13405,3.383992e-05,6,13
5894,13406,3.376421e-05,6,13
5895,13407,3.352619e-05,6,13
5896,13410,3.323733e-05,6,13
5897,13411,3.300675e-05,6,14
5898,13412,3.30908e-05,6,14
5899,13413,3.306937e-05,6,14
5900,13414,3.296927e-05,6,14
5901,13415,3.289605e-05,6,14
5902,13416,3.302363e-05,6,14
5903,13417,3.307347e-05,6,14
5904,13420,3.300968e-05,6,15
5905,13421,3.292278e-05,6,15
5906,13422,3.299693e-05,6,15
5907,13423,3.309991e-05,6,15
5908,13424,3.304211e-05,6,15
5909,13425,3.295197e-05,6,15
5910,13426,3.303494e-05,6,15
5911,13427,3.312307e-05,6,15
5912,13430,3.306917e-05,6,16
5913,13431,3.298698e-05,6,16
5914,13432,3.301348e-05,6,16
5915,13433,3.3143e-05,6,16
5916,13434,3.311168e-05,6,16
5917,13435,3.303043e-05,6,16
5918,13436,3.299975e-05,6,16
5919,13437,3.315878e-05,6,17
5920,13440,3.313258e-05,6,17
5921,13441,3.305391e-05,6,17
5922,13442,3.300715e-05,6,17
5923,13443,3.315817e-05,6,17
5924,13444,3.31644e-05,6,17
5925,13445,3.307965e-05,6,17
5926,13446,3.300625e-05,6,17
5927,13447,3.31671e-05,6,18
5928,13450,3.317067e-05,6,18
5929,13451,3.310189e-05,6,18
5930,13452,3.302648e-05,6,18
5931,13453,3.314866e-05,6,18
5932,13454,3.320056e-05,6,18
5933,13455,3.312725e-05,6,18
5934,13456,3.303638e-05,6,18
5935,13457,3.316912e-05,6,19
5936,13460,3.320665e-05,6,19
5937,13461,3.314637e-05,6,19
5938,13462,3.306222e-05,6,19
5939,13463,3.315155e-05,6,19
5940,13464,3.323289e-05,6,19
5941,13465,3.316355e-05,6,19
5942,13466,3.307347e-05,6,20
5943,13467,3.311654e-05,6,20
5944,13470,3.324339e-05,6,20
5945,13471,3.319348e-05,6,20
5946,13472,3.310356e-05,6,20
5947,13473,3.310515e-05,6,20
5948,13474,3.325554e-05,6,20
5949,13475,3.321865e-05,6,20
5950,13476,3.312997e-05,6,21
5951,13477,3.309212e-05,6,21
5952,13500,3.324881e-05,6,21
5953,13501,3.325484e-05,6,21
5954,13502,3.317014e-05,6,21
5955,13503,3.30953e-05,6,21
5956,13504,3.322773e-05,6,21
5957,13505,3.327241e-05,6,22
5958,13506,3.320056e-05,6,22
5959,13507,3.31125e-05,6,22
5960,13510,3.323429e-05,6,22
5961,13511,3.328274e-05,6,22
5962,13512,3.320267e-05,6,22
5963,13513,3.31539e-05,6,22
5964,13514,3.331943e-05,6,22
5965,13515,3.342213e-05,6,23
5966,13516,3.351957e-05,6,23
5967,13517,3.350689e-05,6,23
5968,13520,3.377009e-05,6,23
5969,13521,3.409522e-05,6,23
5970,13522,3.402381e-05,6,23
5971,13523,3.415541e-05,6,23
5972,13524,3.445527e-05,6,24
5973,13525,3.448183e-05,6,24
5974,13526,3.468144e-05,6,24
5975,13527,3.461061e-05,6,24
5976,13530,3.471841e-05,6,24
5977,13531,3.505873e-05,6,24
5978,13532,3.481963e-05,6,24
5979,13533,3.485136e-05,6,24
5980,13534,3.510291e-05,6,25
5981,13535,3.494689e-05,6,25
5982,13536,3.505478e-05,6,25
5983,13537,3.484718e-05,6,25
5984,13540,3.487106e-05,6,25
5985,13541,3.505674e-05,6,25
5986,13542,3.467295e-05,6,25
5987,13543,3.473235e-05,6,25
5988,13544,3.481579e-05,6,26
5989,13545,3.468146e-05,6,26
5990,13546,3.479562e-05,6,26
5991,13547,3.459539e-05,6,26
5992,13550,3.472954e-05,6,26
5993,13551,3.493758e-05,6,26
5994,13552,3.464001e-05,6,26
5995,13553,3.465473e-05,6,27
5996,13554,3.471145e-05,6,27
5997,13555,3.458611e-05,6,27
5998,13556,3.454202e-05,6,27
5999,13557,3.434522e-05,6,27
6000,13560,3.427779e-05,6,27
6001,13561,3.446411e-05,6,27
6002,13562,3.424992e-05,6,27
6003,13563,3.414938e-05,6,28
6004,13564,3.434808e-05,6,28
6005,13565,3.431837e-05,6,28
6006,13566,3.433146e-05,6,28
6007,13567,3.429249e-05,6,28
6008,13570,3.429246e-05,6,28
6009,13571,3.458441e-05,6,28
6010,13572,3.447058e-05,6,29
6011,13573,3.439742e-05,6,29
6012,13574,3.452963e-05,6,29
6013,13575,3.450182e-05,6,29
6014,13576,3.449509e-05,6,29
6015,13577,3.443864e-05,6,29
6016,13600,3.426907e-05,6,29
6017,13601,3.458143e-05,6,29
6018,13602,3.444227e-05,6,30
6019,13603,3.437189e-05,6,30
6020,13604,3.435406e-05,6,30
6021,13605,3.434077e-05,6,30
6022,13606,3.444013e-05,6,30
6023,13607,3.437888e-05,6,30
6024,13610,3.410766e-05,6,30
6025,13611,3.43932e-05,6,31
6026,13612,3.436691e-05,6,31
6027,13613,3.420082e-05,6,31
6028,13614,3.426145e-05,6,31
6029,13615,3.424892e-05,6,31
6030,13616,3.425454e-05,6,31
6031,13617,3.431916e-05,6,31
6032,13620,3.401927e-05,6,31
6033,13621,3.427525e-05,6,32
6034,13622,3.431612e-05,6,32
6035,13623,3.407575e-05,6,32
6036,13624,3.415167e-05,6,32
6037,13625,3.417336e-05,6,32
6038,13626,3.415474e-05,6,32
6039,13627,3.421092e-05,6,32
6040,13630,3.391835e-05,6,32
6041,13631,3.416906e-05,6,33
6042,13632,3.419789e-05,6,33
6043,13633,3.399108e-05,6,33
6044,13634,3.403517e-05,6,33
6045,13635,3.401198e-05,6,33
6046,13636,3.403432e-05,6,33
6047,13637,3.403356e-05,6,33
6048,13640,3.374129e-05,6,34
6049,13641,3.394628e-05,6,34
6050,13642,3.391924e-05,6,34
6051,13643,3.378988e-05,6,34
6052,13644,3.375513e-05,6,34
6053,13645,3.369924e-05,6,34
6054,13646,3.375399e-05,6,34
6055,13647,3.369048e-05,6,34
6056,13650,3.346192e-05,6,35
6057,13651,3.354692e-05,6,35
6058,13652,3.357244e-05,6,35
6059,13653,3.343847e-05,6,35
6060,13654,3.331957e-05,6,35
6061,13655,3.337166e-05,6,35
6062,13656,3.342608e-05,6,35
6063,13657,3.333763e-05,6,36
6064,13660,3.325364e-05,6,36
6065,13661,3.335225e-05,6,36
6066,13662,3.341487e-05,6,36
6067,13663,3.334343e-05,6,36
6068,13664,3.324606e-05,6,36
6069,13665,3.338738e-05,6,36
6070,13666,3.340957e-05,6,36
6071,13667,3.333855e-05,6,37
6072,13670,3.32571e-05,6,37
6073,13671,3.341999e-05,6,37
6074,13672,3.341004e-05,6,37
6075,13673,3.333738e-05,6,37
6076,13674,3.32669e-05,6,37
6077,13675,3.341716e-05,6,37
6078,13676,3.343126e-05,6,37
6079,13677,3.334839e-05,6,38
6080,13700,3.327202e-05,6,38
6081,13701,3.342418e-05,6,38
6082,13702,3.343853e-05,6,38
6083,13703,3.336302e-05,6,38
6084,13704,3.328239e-05,6,38
6085,13705,3.343458e-05,6,38
6086,13706,3.346046e-05,6,39
6087,13707,3.339877e-05,6,39
6088,13710,3.329873e-05,6,39
6089,13711,3.335609e-05,6,39
6090,13712,3.34722e-05,6,39
6091,13713,3.342763e-05,6,39
6092,13714,3.333231e-05,6,39
6093,13715,3.331114e-05,6,39
6094,13716,3.346713e-05,6,40
6095,13717,3.345501e-05,6,40
6096,13720,3.33728e-05,6,40
6097,13721,3.33062e-05,6,40
6098,13722,3.343938e-05,6,40
6099,13723,3.347882e-05,6,40
6100,13724,3.340164e-05,6,40
6101,13725,3.331035e-05,6,41
6102,13726,3.344611e-05,6,41
6103,13727,3.348063e-05,6,41
6104,13730,3.342096e-05,6,41
6105,13731,3.33249e-05,6,41
6106,13732,3.342694e-05,6,41
6107,13733,3.34994e-05,6,41
6108,13734,3.343132e-05,6,41
6109,13735,3.333843e-05,6,42
6110,13736,3.344122e-05,6,42
6111,13737,3.35073e-05,6,42
6112,13740,3.345311e-05,6,42
6113,13741,3.335766e-05,6,42
6114,13742,3.348692e-05,6,42
6115,13743,3.35982e-05,6,42
6116,13744,3.358289e-05,6,43
6117,13745,3.353418e-05,6,43
6118,13746,3.373895e-05,6,43
6119,13747,3.398025e-05,6,43
6120,13750,3.431105e-05,6,43
6121,13751,3.507613e-05,6,43
6122,13752,3.708367e-05,6,43
6123,13753,4.091639e-05,6,43
6124,13754,5.11365e-05,6,44
6125,13755,7.022255e-05,6,44
6126,13756,0.0006123243,6,44
6127,13757,0.0006123649,6,44
6128,13760,0.0006125792,6,44
6129,13761,0.0006127871,6,44
6130,13762,0.0006125861,6,44
6131,13763,0.0006121116,6,44
6132,13764,0.0006122541,6,45
6133,13765,0.0006126828,6,45
6134,13766,0.0006122815,6,45
6135,13767,0.0006123613,6,45
6136,13770,0.0006122084,6,45
6137,13771,0.000612486,6,45
6138,13772,0.0006123614,6,45
6139,13773,0.0006120924,6,46
6140,13774,0.0006125744,6,46
6141,13775,0.0006123643,6,46
6142,13776,0.0006120116,6,46
6143,13777,0.0006120575,6,46
6144,14000,0.0006119894,6,46
6145,14001,0.0006124199,6,46
6146,14002,0.0006122475,6,46
6147,14003,0.0006122689,6,47
6148,14004,0.0006120948,6,47
6149,14005,0.0006122183,6,47
6150,14006,0.0006122757,6,47
6151,14007,0.0006124584,6,47
6152,14010,0.000611929,6,47
6153,14011,0.0006121886,6,47
6154,14012,0.0006129405,6,48
6155,14013,0.0006121615,6,48
6156,14014,0.0006121838,6,48
6157,14015,0.0006118589,6,48
6158,14016,0.0006119496,6,48
6159,14017,0.0006119589,6,48
6160,14020,0.000611757,6,48
6161,14021,0.000612442,6,48
6162,14022,0.0006118588,6,49
6163,14023,0.0006122459,6,49
6164,14024,0.0006121927,6,49
6165,14025,0.0006118165,6,49
6166,14026,0.0006122529,6,49
6167,14027,0.000612315,6,49
6168,14030,0.0006120334,6,49
6169,14031,0.0006118108,-1,-1
6170,14032,0.0006119338,-1,-1
6171,14033,0.0006118992,-1,-1
6172,14034,0.000612421,-1,-1
6173,14035,0.0006116601,-1,-1
6174,14036,0.0006118043,-1,-1
6175,14037,0.0006113808,-1,-1
6176,14040,0.0006113955,-1,-1
6177,14041,0.0006115987,-1,-1
6178,14042,0.0006118694,-1,-1
6179,14043,0.0006122505,-1,-1
6180,14044,0.0006114435,-1,-1
6181,14045,0.0006119343,-1,-1
6182,14046,0.0006121217,-1,-1
6183,14047,0.0006121674,-1,-1
6184,14050,0.00061159,-1,-1
6185,14051,0.0006117089,-1,-1
6186,14052,0.0006117387,-1,-1
6187,14053,0.0006122593,-1,-1
6188,14054,0.0006121761,-1,-1
6189,14055,0.0006114189,-1,-1
6190,14056,0.0006120971,-1,-1
6191,14057,0.0006123133,-1,-1
6192,14060,0.0006120637,-1,-1
6193,14061,0.0006120726,-1,-1
6194,14062,0.0006115698,-1,-1
6195,14063,0.0006120934,-1,-1
6196,14064,0.000611738,-1,-1
6197,14065,0.0006114406,-1,-1
6198,14066,0.000611922,-1,-1
6199,14067,0.0006114757,-1,-1
6200,14070,0.0006117065,-1,-1
6201,14071,0.0006119789,-1,-1
6202,14072,0.0006111483,-1,-1
6203,14073,0.000612133,-1,-1
6204,14074,0.0006112467,-1,-1
6205,14075,0.0006114881,-1,-1
6206,14076,0.0006114203,-1,-1
6207,14077,0.0006113263,-1,-1
6208,14100,0.0006115424,-1,-1
6209,14101,0.0006114559,-1,-1
6210,14102,0.0006115547,-1,-1
6211,14103,0.0006116561,-1,-1
6212,14104,0.0006118669,-1,-1
6213,14105,0.0006110667,-1,-1
6214,14106,0.0006114179,-1,-1
6215,14107,0.0006117927,-1,-1
6216,14110,0.0006114663,-1,-1
6217,14111,0.0006114284,-1,-1
6218,14112,0.0006112385,-1,-1
6219,14113,0.0006119899,-1,-1
6220,14114,0.0006117164,-1,-1
6221,14115,0.0006110428,-1,-1
6222,14116,0.0006117774,-1,-1
6223,14117,0.0006114054,-1,-1
6224,14120,0.0006113965,-1,-1
6225,14121,0.0006115143,-1,-1
6226,14122,0.0006114447,-1,-1
6227,14123,0.0006119087,-1,-1
6228,14124,0.0006118905,-1,-1
6229,14125,0.0006116033,-1,-1
6230,14126,0.0006116878,-1,-1
6231,14127,0.0006113737,-1,-1
6232,14130,0.0006117082,-1,-1
6233,14131,0.0006118593,-1,-1
6234,14132,0.0006111356,-1,-1
6235,14133,0.000611324,-1,-1
6236,14134,0.0006114079,-1,-1
6237,14135,0.000611614,-1,-1
6238,14136,0.0006115942,-1,-1
6239,14137,0.0006112264,-1,-1
6240,14140,0.0006118231,-1,-1
6241,14141,0.000611604,-1,-1
6242,14142,0.0006113048,-1,-1
6243,14143,0.0006118155,-1,-1
6244,14144,0.000611631,-1,-1
6245,14145,0.0006119824,-1,-1
6246,14146,0.0006115315,-1,-1
6247,14147,0.0006116959,-1,-1
6248,14150,0.0006115191,-1,-1
6249,14151,0.000611132,-1,-1
6250,14152,0.0006113728,-1,-1
6251,14153,0.0006113908,-1,-1
6252,14154,0.0006114776,-1,-1
6253,14155,0.0006113356,-1,-1
6254,14156,0.000611553,-1,-1
6255,14157,0.0006112642,-1,-1
6256,14160,0.0006115993,-1,-1
6257,14161,0.0006111309,-1,-1
6258,14162,0.0006111884,-1,-1
6259,14163,0.0006115225,-1,-1
6260,14164,0.0006111459,-1,-1
6261,14165,0.000611491,-1,-1
6262,14166,0.0006113909,-1,-1
6263,14167,0.0006113188,-1,-1
6264,14170,0.0006112726,-1,-1
6265,14171,0.000611552,-1,-1
6266,14172,0.0006114371,-1,-1
6267,14173,0.0006113035,-1,-1
6268,14174,0.0006109265,-1,-1
6269,14175,0.0006109528,-1,-1
6270,14176,0.0006114125,-1,-1
6271,14177,0.000611238,-1,-1
6272,14200,0.0006115437,-1,-1
6273,14201,0.0006113171,-1,-1
6274,14202,0.0006111407,-1,-1
6275,14203,0.000611314,-1,-1
6276,14204,0.0006114875,-1,-1
6277,14205,0.0006114089,-1,-1
6278,14206,0.0006116636,-1,-1
6279,14207,0.0006110056,-1,-1
6280,14210,0.0006117803,-1,-1
6281,14211,0.0006112204,-1,-1
6282,14212,0.0006113763,-1,-1
6283,14213,0.0006116638,-1,-1
6284,14214,0.0006115081,-1,-1
6285,14215,0.0006122126,-1,-1
6286,14216,0.0006113101,-1,-1
6287,14217,0.0006116924,-1,-1
6288,14220,0.0006115775,-1,-1
6289,14221,0.0006113948,-1,-1
6290,14222,0.0006116828,-1,-1
6291,14223,0.000611351,-1,-1
6292,14224,0.0006113739,-1,-1
6293,14225,0.00061184,-1,-1
6294,14226,0.0006117327,-1,-1
6295,14227,0.0006115239,-1,-1
6296,14230,0.0006113925,-1,-1
6297,14231,0.0006117112,-1,-1
6298,14232,0.000611782,-1,-1
6299,14233,0.0006118799,-1,-1
6300,14234,0.0006117077,-1,-1
6301,14235,0.0006118287,-1,-1
6302,14236,0.0006117556,-1,-1
6303,14237,0.0006116766,-1,-1
6304,14240,0.0006117786,-1,-1
6305,14241,0.0006115607,-1,-1
6306,14242,0.0006116683,-1,-1
6307,14243,0.00061157,-1,-1
6308,14244,0.0006121041,-1,-1
6309,14245,0.0006121546,-1,-1
6310,14246,0.0006119719,-1,-1
6311,14247,0.0006115086,-1,-1
6312,14250,0.0006115412,-1,-1
6313,14251,0.0006113379,-1,-1
6314,14252,0.0006114232,-1,-1
6315,14253,0.0006119435,-1,-1
6316,14254,0.0006114209,-1,-1
6317,14255,0.0006114206,-1,-1
6318,14256,0.0006117329,-1,-1
6319,14257,0.0006114278,-1,-1
6320,14260,0.0006111162,-1,-1
6321,14261,0.0006113683,-1,-1
6322,14262,0.000611698,-1,-1
6323,14263,0.0006116456,-1,-1
6324,14264,0.0006116147,-1,-1
6325,14265,0.0006116362,-1,-1
6326,14266,0.0006120223,-1,-1
6327,14267,0.0006119178,-1,-1
6328,14270,0.0006119419,-1,-1
6329,14271,0.0006113932,-1,-1
6330,14272,0.000611907,-1,-1
6331,14273,0.00061144,-1,-1
6332,14274,0.000611618,-1,-1
6333,14275,0.0006120504,-1,-1
6334,14276,0.0006122472,-1,-1
6335,14277,0.0006118582,-1,-1
6336,14300,0.0006118869,-1,-1
6337,14301,0.0006118003,-1,-1
6338,14302,0.0006120254,-1,-1
6339,14303,0.0006119719,-1,-1
6340,14304,0.0006115615,-1,-1
6341,14305,0.0006118161,-1,-1
6342,14306,0.0006116052,-1,-1
6343,14307,0.000611399,-1,-1
6344,14310,0.0006114668,-1,-1
6345,14311,0.0006110534,-1,-1
6346,14312,0.0006117751,-1,-1
6347,14313,0.0006117875,-1,-1
6348,14314,0.0006118931,-1,-1
6349,14315,0.0006114243,-1,-1
6350,14316,0.0006112,-1,-1
6351,14317,0.0006118761,-1,-1
6352,14320,0.0006119283,-1,-1
6353,14321,0.0006112942,-1,-1
6354,14322,0.0006119167,-1,-1
6355,14323,0.0006117317,-1,-1
6356,14324,0.0006116549,-1,-1
6357,14325,0.0006117176,-1,-1
6358,14326,0.0006109833,-1,-1
6359,14327,0.0006112252,-1,-1
6360,14330,0.0006116959,-1,-1
6361,14331,0.0006113973,-1,-1
6362,14332,0.0006115787,-1,-1
6363,14333,0.0006117856,-1,-1
6364,14334,0.0006117755,-1,-1
6365,14335,0.000611464,-1,-1
6366,14336,0.0006111988,-1,-1
6367,14337,0.0006118361,-1,-1
6368,14340,0.0006115086,-1,-1
6369,14341,0.0006115853,-1,-1
6370,14342,0.0006115494,-1,-1
6371,14343,0.0006117024,-1,-1
6372,14344,0.0006116304,-1,-1
6373,14345,0.0006114459,-1,-1
6374,14346,0.0006116415,7,49
6375,14347,0.0006117037,7,49
6376,14350,0.0006115976,7,49
6377,14351,0.0006117995,7,49
6378,14352,0.0006117632,7,49
6379,14353,0.0006114804,7,49
6380,14354,0.0006116903,7,49
6381,14355,0.0006117341,7,48
6382,14356,0.0006114945,7,48
6383,14357,0.0006116083,7,48
6384,14360,0.0006118611,7,48
6385,14361,0.0006113323,7,48
6386,14362,0.0006116379,7,48
6387,14363,0.0006115495,7,47
6388,14364,0.0006112134,7,47
6389,14365,0.0006117872,7,47
6390,14366,0.0006115334,7,47
6391,14367,0.0006113843,7,47
6392,14370,0.0006116608,7,47
6393,14371,0.0006111776,7,46
6394,14372,0.0006118482,7,46
6395,14373,0.0006111987,7,46
6396,14374,0.0006118812,7,46
6397,14375,0.0006114721,7,46
6398,14376,0.0006112912,7,46
6399,14377,0.0006112463,7,45
6400,14400,0.0006116388,7,45
6401,14401,0.000611604,7,45
6402,14402,0.0006112164,7,45
6403,14403,0.0006110257,7,45
6404,14404,0.0006114793,7,45
6405,14405,0.0006116079,7,44
6406,14406,0.0006121822,7,44
6407,14407,0.0006115741,7,44
6408,14410,0.0006115185,7,44
6409,14411,0.0006117604,7,44
6410,14412,0.0006116076,7,44
6411,14413,0.0006111608,7,44
6412,14414,0.0006113173,7,43
6413,14415,0.0006114932,7,43
6414,14416,0.0006100562,7,43
6415,14417,0.0006070028,7,43
6416,14420,0.0006014759,7,43
6417,14421,0.0005960952,7,43
6418,14422,0.0005885873,7,42
6419,14423,0.0005794623,7,42
6420,14424,0.0005702039,7,42
6421,14425,0.0005550628,7,42
6422,14426,0.0005439199,7,42
6423,14427,0.0005323716,7,42
6424,14430,0.000528196,7,41
6425,14431,0.0005295303,7,41
6426,14432,0.0005350555,7,41
6427,14433,0.0005408094,7,41
6428,14434,0.0005456894,7,41
6429,14435,0.0005501132,7,41
6430,14436,0.0005537692,7,40
6431,14437,0.0005555088,7,40
6432,14440,0.000553471,7,40
6433,14441,0.0005463491,7,40
6434,14442,0.0005312928,7,40
6435,14443,0.0005068716,7,40
6436,14444,0.0004798426,7,39
6437,14445,0.0004360259,7,39
6438,14446,0.0003826602,7,39
6439,14447,0.0003030304,7,39
6440,14450,0.0002075097,7,39
6441,14451,0.000148572,7,39
6442,14452,3.124106e-05,7,39
6443,14453,3.136004e-05,7,38
6444,14454,3.155664e-05,7,38
6445,14455,3.158463e-05,7,38
6446,14456,3.156504e-05,7,38
6447,14457,3.169612e-05,7,38
6448,14460,3.185597e-05,7,38
6449,14461,3.185843e-05,7,37
6450,14462,3.183583e-05,7,37
6451,14463,3.191005e-05,7,37
6452,14464,3.207605e-05,7,37
6453,14465,3.208961e-05,7,37
6454,14466,3.205652e-05,7,37
6455,14467,3.207652e-05,7,36
6456,14470,3.22626e-05,7,36
6457,14471,3.226032e-05,7,36
6458,14472,3.220309e-05,7,36
6459,14473,3.226205e-05,7,36
6460,14474,3.241048e-05,7,36
6461,14475,3.238858e-05,7,35
6462,14476,3.232596e-05,7,35
6463,14477,3.240326e-05,7,35
6464,14500,3.252806e-05,7,35
6465,14501,3.250063e-05,7,35
6466,14502,3.243461e-05,7,35
6467,14503,3.249594e-05,7,34
6468,14504,3.262629e-05,7,34
6469,14505,3.259907e-05,7,34
6470,14506,3.253257e-05,7,34
6471,14507,3.256692e-05,7,34
6472,14510,3.271052e-05,7,34
6473,14511,3.268484e-05,7,34
6474,14512,3.26118e-05,7,33
6475,14513,3.261212e-05,7,33
6476,14514,3.277373e-05,7,33
6477,14515,3.274744e-05,7,33
6478,14516,3.268385e-05,7,33
6479,14517,3.267914e-05,7,33
6480,14520,3.283498e-05,7,32
6481,14521,3.28387e-05,7,32
6482,14522,3.279212e-05,7,32
6483,14523,3.275478e-05,7,32
6484,14524,3.294152e-05,7,32
6485,14525,3.311932e-05,7,32
6486,14526,3.336829e-05,7,31
6487,14527,3.397726e-05,7,31
6488,14530,3.597306e-05,7,31
6489,14531,3.935623e-05,7,31
6490,14532,4.46673e-05,7,31
6491,14533,4.996861e-05,7,31
6492,14534,5.723721e-05,7,30
6493,14535,6.447436e-05,7,30
6494,14536,6.849818e-05,7,30
6495,14537,7.612869e-05,7,30
6496,14540,7.978783e-05,7,30
6497,14541,8.100463e-05,7,30
6498,14542,8.771357e-05,7,29
6499,14543,8.608626e-05,7,29
6500,14544,9.054229e-05,7,29
6501,14545,9.220325e-05,7,29
6502,14546,9.039544e-05,7,29
6503,14547,9.630017e-05,7,29
6504,14550,9.247641e-05,7,29
6505,14551,9.385878e-05,7,28
6506,14552,9.810405e-05,7,28
6507,14553,9.254774e-05,7,28
6508,14554,0.0001002446,7,28
6509,14555,9.725097e-05,7,28
6510,14556,9.595414e-05,7,28
6511,14557,0.0001038667,7,27
6512,14560,9.737793e-05,7,27
6513,14561,0.0001145484,7,27
6514,14562,0.0001303595,7,27
6515,14563,0.0001219011,7,27
6516,14564,0.0001240216,7,27
6517,14565,0.0001350945,7,26
6518,14566,0.0001242987,7,26
6519,14567,0.0001371245,7,26
6520,14570,0.0001336274,7,26
6521,14571,0.0001260314,7,26
6522,14572,0.0001388315,7,26
6523,14573,0.0001267573,7,25
6524,14574,0.0001298302,7,25
6525,14575,0.0001363391,7,25
6526,14576,0.0001239252,7,25
6527,14577,0.0001372144,7,25
6528,14600,0.0001289647,7,25
6529,14601,0.0001256102,7,24
6530,14602,0.0001378926,7,24
6531,14603,0.0001250713,7,24
6532,14604,0.0001283526,7,24
6533,14605,0.0001387456,7,24
6534,14606,0.0001272295,7,24
6535,14607,0.0001430123,7,24
6536,14610,0.0001364584,7,23
6537,14611,0.0001257337,7,23
6538,14612,0.0001361317,7,23
6539,14613,0.0001129539,7,23
6540,14614,3.184804e-05,7,23
6541,14615,3.183026e-05,7,23
6542,14616,3.188001e-05,7,22
6543,14617,3.207625e-05,7,22
6544,14620,3.20899e-05,7,22
6545,14621,3.205292e-05,7,22
6546,14622,3.209116e-05,7,22
6547,14623,3.226756e-05,7,22
6548,14624,3.226217e-05,7,21
6549,14625,3.220686e-05,7,21
6550,14626,3.230283e-05,7,21
6551,14627,3.241853e-05,7,21
6552,14630,3.237737e-05,7,21
6553,14631,3.231504e-05,7,21
6554,14632,3.245621e-05,7,20
6555,14633,3.251948e-05,7,20
6556,14634,3.246292e-05,7,20
6557,14635,3.24022e-05,7,20
6558,14636,3.256644e-05,7,20
6559,14637,3.25978e-05,7,20
6560,14640,3.25333e-05,7,19
6561,14641,3.246997e-05,7,19
6562,14642,3.263399e-05,7,19
6563,14643,3.266522e-05,7,19
6564,14644,3.260503e-05,7,19
6565,14645,3.253474e-05,7,19
6566,14646,3.269131e-05,7,19
6567,14647,3.272677e-05,7,18
6568,14650,3.267545e-05,7,18
6569,14651,3.258776e-05,7,18
6570,14652,3.269669e-05,7,18
6571,14653,3.276939e-05,7,18
6572,14654,3.271426e-05,7,18
6573,14655,3.263996e-05,7,17
6574,14656,3.274544e-05,7,17
6575,14657,3.280953e-05,7,17
6576,14660,3.274419e-05,7,17
6577,14661,3.265756e-05,7,17
6578,14662,3.279146e-05,7,17
6579,14663,3.283275e-05,7,16
6580,14664,3.277811e-05,7,16
6581,14665,3.268268e-05,7,16
6582,14666,3.2805e-05,7,16
6583,14667,3.285711e-05,7,16
6584,14670,3.278617e-05,7,16
6585,14671,3.27073e-05,7,15
6586,14672,3.286911e-05,7,15
6587,14673,3.288969e-05,7,15
6588,14674,3.283814e-05,7,15
6589,14675,3.281498e-05,7,15
6590,14676,3.301696e-05,7,15
6591,14677,3.307906e-05,7,14
6592,14700,3.314982e-05,7,14
6593,14701,3.338065e-05,7,14
6594,14702,3.418928e-05,7,14
6595,14703,3.549939e-05,7,14
6596,14704,3.795873e-05,7,14
6597,14705,4.349281e-05,7,14
6598,14706,5.632265e-05,7,13
6599,14707,6.980231e-05,7,13
6600,14710,0.0002230735,7,13
6601,14711,0.0001997709,7,13
6602,14712,0.00020036,7,13
6603,14713,0.0002140912,7,13
6604,14714,0.0001990974,7,12
6605,14715,0.0002138785,7,12
6606,14716,0.000217057,7,12
6607,14717,0.0002025456,7,12
6608,14720,0.0002160902,7,12
6609,14721,0.0002138823,7,12
6610,14722,0.0002162258,7,11
6611,14723,0.0002310947,7,11
6612,14724,0.0002050349,7,11
6613,14725,0.0002119544,7,11
6614,14726,0.0002168292,7,11
6615,14727,0.0002174853,7,11
6616,14730,0.0002392141,7,10
6617,14731,0.000221513,7,10
6618,14732,0.0002170262,7,10
6619,14733,0.0002311673,7,10
6620,14734,0.000216772,7,10
6621,14735,0.0002376616,7,10
6622,14736,0.0002308098,7,9
6623,14737,0.0002134981,7,9
6624,14740,0.000228917,7,9
6625,14741,0.0002181577,7,9
6626,14742,0.0002214224,7,9
6627,14743,0.0002240976,7,9
6628,14744,0.0001806253,7,9
6629,14745,0.0001720693,7,8
6630,14746,0.0001528619,7,8
6631,14747,0.0001156636,7,8
6632,14750,0.0001029107,7,8
6633,14751,3.151606e-05,7,8
6634,14752,3.155703e-05,7,8
6635,14753,3.154332e-05,7,7
6636,14754,3.158288e-05,7,7
6637,14755,3.177051e-05,7,7
6638,14756,3.178193e-05,7,7
6639,14757,3.173711e-05,7,7
6640,14760,3.181534e-05,7,7
6641,14761,3.19614e-05,7,6
6642,14762,3.194328e-05,7,6
6643,14763,3.188589e-05,7,6
6644,14764,3.199736e-05,7,6
6645,14765,3.210337e-05,7,6
6646,14766,3.206636e-05,7,6
6647,14767,3.200199e-05,7,5
6648,14770,3.214441e-05,7,5
6649,14771,3.221154e-05,7,5
6650,14772,3.215864e-05,7,5
6651,14773,3.209648e-05,7,5
6652,14774,3.227022e-05,7,5
6653,14775,3.229622e-05,7,4
6654,14776,3.223836e-05,7,4
6655,14777,3.218174e-05,7,4
6656,15000,3.232327e-05,7,4
6657,15001,3.238589e-05,7,4
6658,15002,3.233258e-05,7,4
6659,15003,3.227845e-05,7,4
6660,15004,3.237029e-05,7,3
6661,15005,3.249433e-05,7,3
6662,15006,3.251043e-05,7,3
6663,15007,3.257482e-05,7,3
6664,15010,3.256612e-05,7,3
6665,15011,3.2688e-05,7,3
6666,15012,3.270385e-05,7,2
6667,15013,3.260814e-05,7,2
6668,15014,3.25718e-05,7,2
6669,15015,3.275859e-05,7,2
6670,15016,3.272627e-05,7,2
6671,15017,3.268727e-05,7,2
6672,15020,3.261337e-05,7,1
6673,15021,3.27645e-05,7,1
6674,15022,3.278982e-05,7,1
6675,15023,3.271271e-05,7,1
6676,15024,3.266177e-05,7,1
6677,15025,3.282282e-05,7,1
6678,15026,3.279299e-05,7,0
6679,15027,3.27402e-05,7,0
6680,15030,3.270455e-05,7,0
6681,15031,3.285491e-05,7,0
6682,15032,3.284361e-05,7,0
6683,15033,3.27542e-05,7,0
6684,15034,3.271552e-05,-1,-1
6685,15035,3.287362e-05,-1,-1
6686,15036,3.286815e-05,-1,-1
6687,15037,3.279059e-05,-1,-1
6688,15040,3.273313e-05,-1,-1
6689,15041,3.290073e-05,-1,-1
6690,15042,3.288117e-05,-1,-1
6691,15043,3.278843e-05,-1,-1
6692,15044,3.277299e-05,-1,-1
6693,15045,3.293114e-05,-1,-1
6694,15046,3.288543e-05,-1,-1
6695,15047,3.280013e-05,-1,-1
6696,15050,3.28088e-05,-1,-1
6697,15051,3.294468e-05,-1,-1
6698,15052,3.291308e-05,-1,-1
6699,15053,3.283749e-05,-1,-1
6700,15054,3.277979e-05,-1,-1
6701,15055,3.29506e-05,-1,-1
6702,15056,3.294774e-05,-1,-1
6703,15057,3.286302e-05,-1,-1
6704,15060,3.279688e-05,-1,-1
6705,15061,3.296567e-05,-1,-1
6706,15062,3.295735e-05,-1,-1
6707,15063,3.287769e-05,-1,-1
6708,15064,3.280772e-05,-1,-1
6709,15065,3.297533e-05,-1,-1
6710,15066,3.296435e-05,-1,-1
6711,15067,3.287719e-05,-1,-1
6712,15070,3.281832e-05,-1,-1
6713,15071,3.299222e-05,-1,-1
6714,15072,3.297158e-05,-1,-1
6715,15073,3.287292e-05,-1,-1
6716,15074,3.288118e-05,-1,-1
6717,15075,3.301489e-05,-1,-1
6718,15076,3.295914e-05,-1,-1
6719,15077,3.286803e-05,-1,-1
6720,15100,3.291803e-05,-1,-1
6721,15101,3.30251e-05,-1,-1
6722,15102,3.295589e-05,-1,-1
6723,15103,3.28629e-05,-1,-1
6724,15104,3.296089e-05,-1,-1
6725,15105,3.302432e-05,-1,-1
6726,15106,3.296854e-05,-1,-1
6727,15107,3.289127e-05,-1,-1
6728,15110,3.288513e-05,-1,-1
6729,15111,3.303642e-05,-1,-1
6730,15112,3.30023e-05,-1,-1
6731,15113,3.293505e-05,-1,-1
6732,15114,3.289227e-05,-1,-1
6733,15115,3.303667e-05,-1,-1
6734,15116,3.301755e-05,-1,-1
6735,15117,3.293695e-05,-1,-1
6736,15120,3.288126e-05,-1,-1
6737,15121,3.304837e-05,-1,-1
6738,15122,3.302923e-05,-1,-1
6739,15123,3.294111e-05,-1,-1
6740,15124,3.289664e-05,-1,-1
6741,15125,3.304633e-05,-1,-1
6742,15126,3.303356e-05,-1,-1
6743,15127,3.295507e-05,-1,-1
6744,15130,3.2887e-05,-1,-1
6745,15131,3.306451e-05,-1,-1
6746,15132,3.301374e-05,-1,-1
6747,15133,3.293025e-05,-1,-1
6748,15134,3.295311e-05,-1,-1
6749,15135,3.306896e-05,-1,-1
6750,15136,3.303371e-05,-1,-1
6751,15137,3.294801e-05,-1,-1
6752,15140,3.291954e-05,-1,-1
6753,15141,3.307373e-05,-1,-1
6754,15142,3.303471e-05,-1,-1
6755,15143,3.296383e-05,-1,-1
6756,15144,3.294368e-05,-1,-1
6757,15145,3.307745e-05,-1,-1
6758,15146,3.303197e-05,-1,-1
6759,15147,3.29506e-05,-1,-1
6760,15150,3.294998e-05,-1,-1
6761,15151,3.308685e-05,-1,-1
6762,15152,3.304471e-05,-1,-1
6763,15153,3.295575e-05,-1,-1
6764,15154,3.294729e-05,-1,-1
6765,15155,3.308928e-05,-1,-1
6766,15156,3.30441e-05,-1,-1
6767,15157,3.297015e-05,-1,-1
6768,15160,3.292814e-05,-1,-1
6769,15161,3.308822e-05,-1,-1
6770,15162,3.307013e-05,-1,-1
6771,15163,3.300326e-05,-1,-1
6772,15164,3.291874e-05,-1,-1
6773,15165,3.304226e-05,-1,-1
6774,15166,3.307572e-05,-1,-1
6775,15167,3.300417e-05,-1,-1
6776,15170,3.291349e-05,-1,-1
6777,15171,3.303204e-05,-1,-1
6778,15172,3.308196e-05,-1,-1
6779,15173,3.302033e-05,-1,-1
6780,15174,3.292708e-05,-1,-1
6781,15175,3.302443e-05,-1,-1
6782,15176,3.308983e-05,-1,-1
6783,15177,3.3016e-05,-1,-1
6784,15200,3.293317e-05,-1,-1
6785,15201,3.301078e-05,-1,-1
6786,15202,3.310008e-05,-1,-1
6787,15203,3.304806e-05,-1,-1
6788,15204,3.295346e-05,-1,-1
6789,15205,3.295419e-05,-1,-1
6790,15206,3.31004e-05,-1,-1
6791,15207,3.305385e-05,-1,-1
6792,15210,3.297448e-05,-1,-1
6793,15211,3.294655e-05,-1,-1
6794,15212,3.309437e-05,-1,-1
6795,15213,3.305285e-05,-1,-1
6796,15214,3.295805e-05,-1,-1
6797,15215,3.297504e-05,-1,-1
6798,15216,3.309569e-05,-1,-1
6799,15217,3.305265e-05,-1,-1
6800,15220,3.295882e-05,-1,-1
6801,15221,3.295434e-05,-1,-1
6802,15222,3.308995e-05,-1,-1
6803,15223,3.306021e-05,-1,-1
6804,15224,3.297744e-05,-1,-1
6805,15225,3.292931e-05,-1,-1
6806,15226,3.309176e-05,-1,-1
6807,15227,3.306946e-05,-1,-1
6808,15230,3.29795e-05,-1,-1
6809,15231,3.293833e-05,-1,-1
6810,15232,3.308053e-05,-1,-1
6811,15233,3.307309e-05,-1,-1
6812,15234,3.299032e-05,-1,-1
6813,15235,3.292295e-05,-1,-1
6814,15236,3.306419e-05,-1,-1
6815,15237,3.307976e-05,-1,-1
6816,15240,3.299486e-05,-1,-1
6817,15241,3.292682e-05,-1,-1
6818,15242,3.30612e-05,-1,-1
6819,15243,3.309519e-05,-1,-1
6820,15244,3.303216e-05,-1,-1
6821,15245,3.295399e-05,-1,-1
6822,15246,3.299094e-05,-1,-1
6823,15247,3.310173e-05,-1,-1
6824,15250,3.303886e-05,-1,-1
6825,15251,3.29527e-05,-1,-1
6826,15252,3.300499e-05,-1,-1
6827,15253,3.310415e-05,-1,-1
6828,15254,3.304472e-05,-1,-1
6829,15255,3.294793e-05,-1,-1
6830,15256,3.29996e-05,-1,-1
6831,15257,3.31072e-05,-1,-1
6832,15260,3.305505e-05,-1,-1
6833,15261,3.296587e-05,-1,-1
6834,15262,3.29919e-05,-1,-1
6835,15263,3.310886e-05,-1,-1
6836,15264,3.3047e-05,-1,-1
6837,15265,3.29539e-05,-1,-1
6838,15266,3.302373e-05,-1,-1
6839,15267,3.311179e-05,-1,-1
6840,15270,3.305898e-05,-1,-1
6841,15271,3.296535e-05,-1,-1
6842,15272,3.300277e-05,-1,-1
6843,15273,3.311931e-05,-1,-1
6844,15274,3.306451e-05,-1,-1
6845,15275,3.297568e-05,-1,-1
6846,15276,3.300393e-05,-1,-1
6847,15277,3.311867e-05,-1,-1
6848,15300,3.306911e-05,-1,-1
6849,15301,3.297416e-05,-1,-1
6850,15302,3.298658e-05,-1,-1
6851,15303,3.311774e-05,-1,-1
6852,15304,3.307903e-05,-1,-1
6853,15305,3.300021e-05,-1,-1
6854,15306,3.295929e-05,-1,-1
6855,15307,3.311288e-05,-1,-1
6856,15310,3.309168e-05,-1,-1
6857,15311,3.30251e-05,-1,-1
6858,15312,3.29481e-05,-1,-1
6859,15313,3.310799e-05,-1,-1
6860,15314,3.311091e-05,-1,-1
6861,15315,3.304771e-05,-1,-1
6862,15316,3.296868e-05,-1,-1
6863,15317,3.30427e-05,-1,-1
6864,15320,3.312877e-05,-1,-1
6865,15321,3.309045e-05,-1,-1
6866,15322,3.300877e-05,-1,-1
6867,15323,3.296916e-05,-1,-1
6868,15324,3.312362e-05,8,0
6869,15325,3.309798e-05,8,0
6870,15326,3.301242e-05,8,0
6871,15327,3.296778e-05,8,0
6872,15330,3.313077e-05,8,0
6873,15331,3.309139e-05,8,0
6874,15332,3.300095e-05,8,0
6875,15333,3.295395e-05,8,1
6876,15334,3.300765e-05,8,1
6877,15335,3.29322e-05,8,1
6878,15336,3.282999e-05,8,1
6879,15337,3.283234e-05,8,1
6880,15340,3.295317e-05,8,1
6881,15341,3.289265e-05,8,2
6882,15342,3.280763e-05,8,2
6883,15343,3.284385e-05,8,2
6884,15344,3.295431e-05,8,2
6885,15345,3.289701e-05,8,2
6886,15346,3.280973e-05,8,2
6887,15347,3.284791e-05,8,3
6888,15350,3.296359e-05,8,3
6889,15351,3.291537e-05,8,3
6890,15352,3.283512e-05,8,3
6891,15353,3.284214e-05,8,3
6892,15354,3.297197e-05,8,3
6893,15355,3.291771e-05,8,4
6894,15356,3.283362e-05,8,4
6895,15357,3.288383e-05,8,4
6896,15360,3.297378e-05,8,4
6897,15361,3.290363e-05,8,4
6898,15362,3.28129e-05,8,4
6899,15363,3.293785e-05,8,5
6900,15364,3.298731e-05,8,5
6901,15365,3.293434e-05,8,5
6902,15366,3.283401e-05,8,5
6903,15367,3.291013e-05,8,5
6904,15370,3.300115e-05,8,5
6905,15371,3.293818e-05,8,5
6906,15372,3.285116e-05,8,6
6907,15373,3.293446e-05,8,6
6908,15374,3.301193e-05,8,6
6909,15375,3.294515e-05,8,6
6910,15376,3.287739e-05,8,6
6911,15377,3.301995e-05,8,6
6912,15400,3.313609e-05,8,7
6913,15401,3.310942e-05,8,7
6914,15402,3.306902e-05,8,7
6915,15403,3.333978e-05,8,7
6916,15404,3.366634e-05,8,7
6917,15405,3.429682e-05,8,7
6918,15406,3.586228e-05,8,8
6919,15407,3.862369e-05,8,8
6920,15410,4.657745e-05,8,8
6921,15411,6.188774e-05,8,8
6922,15412,0.0005612025,8,8
6923,15413,0.0005610705,8,8
6924,15414,0.0005610937,8,9
6925,15415,0.0005598126,8,9
6926,15416,0.0005610554,8,9
6927,15417,0.0005612255,8,9
6928,15420,0.0005614382,8,9
6929,15421,0.000563669,8,9
6930,15422,0.0005627284,8,10
6931,15423,0.0005636167,8,10
6932,15424,0.0005630783,8,10
6933,15425,0.0005627925,8,10
6934,15426,0.0005630979,8,10
6935,15427,0.0005621567,8,10
6936,15430,0.0005621554,8,10
6937,15431,0.0005627453,8,11
6938,15432,0.0005620327,8,11
6939,15433,0.0005625288,8,11
6940,15434,0.0005618829,8,11
6941,15435,0.0005613827,8,11
6942,15436,0.000562983,8,11
6943,15437,0.0005612138,8,12
6944,15440,0.0005619787,8,12
6945,15441,0.000561139,8,12
6946,15442,0.0005599853,8,12
6947,15443,0.0005602615,8,12
6948,15444,0.000557132,8,12
6949,15445,0.0005518714,8,13
6950,15446,0.0005434602,8,13
6951,15447,0.000529911,8,13
6952,15450,0.0005038889,8,13
6953,15451,0.0004618088,8,13
6954,15452,0.0004156275,8,13
6955,15453,0.0003290753,8,14
6956,15454,0.0002537265,8,14
6957,15455,0.0001879024,8,14
6958,15456,0.0001254924,8,14
6959,15457,3.11782e-05,8,14
6960,15460,3.116901e-05,8,14
6961,15461,3.135105e-05,8,15
6962,15462,3.148664e-05,8,15
6963,15463,3.149984e-05,8,15
6964,15464,3.147141e-05,8,15
6965,15465,3.166077e-05,8,15
6966,15466,3.175561e-05,8,15
6967,15467,3.173423e-05,8,15
6968,15470,3.171541e-05,8,16
6969,15471,3.189857e-05,8,16
6970,15472,3.197264e-05,8,16
6971,15473,3.194204e-05,8,16
6972,15474,3.190752e-05,8,16
6973,15475,3.21048e-05,8,16
6974,15476,3.21409e-05,8,17
6975,15477,3.209763e-05,8,17
6976,15500,3.205842e-05,8,17
6977,15501,3.224398e-05,8,17
6978,15502,3.227478e-05,8,17
6979,15503,3.221608e-05,8,17
6980,15504,3.219553e-05,8,18
6981,15505,3.238595e-05,8,18
6982,15506,3.237737e-05,8,18
6983,15507,3.231127e-05,8,18
6984,15510,3.234353e-05,8,18
6985,15511,3.249468e-05,8,18
6986,15512,3.248292e-05,8,19
6987,15513,3.241786e-05,8,19
6988,15514,3.242006e-05,8,19
6989,15515,3.258257e-05,8,19
6990,15516,3.257725e-05,8,19
6991,15517,3.25155e-05,8,19
6992,15520,3.248285e-05,8,20
6993,15521,3.264872e-05,8,20
6994,15522,3.266549e-05,8,20
6995,15523,3.260711e-05,8,20
6996,15524,3.255602e-05,8,20
6997,15525,3.27342e-05,8,20
6998,15526,3.274837e-05,8,20
6999,15527,3.270929e-05,8,21
7000,15530,3.27082e-05,8,21
7001,15531,3.29539e-05,8,21
7002,15532,3.299164e-05,8,21
7003,15533,3.306337e-05,8,21
7004,15534,3.329861e-05,8,21
7005,15535,3.394643e-05,8,22
7006,15536,3.548583e-05,8,22
7007,15537,3.738431e-05,8,22
7008,15540,4.256752e-05,8,22
7009,15541,5.456612e-05,8,22
7010,15542,6.719102e-05,8,22
7011,15543,0.0004721787,8,23
7012,15544,0.0004800813,8,23
7013,15545,0.0004839985,8,23
7014,15546,0.0004944943,8,23
7015,15547,0.0005106648,8,23
7016,15550,0.0005114767,8,23
7017,15551,0.0005209368,8,24
7018,15552,0.0005261591,8,24
7019,15553,0.0005261223,8,24
7020,15554,0.0005326361,8,24
7021,15555,0.000530781,8,24
7022,15556,0.00053223,8,24
7023,15557,0.0005354492,8,25
7024,15560,0.0005319753,8,25
7025,15561,0.0005349575,8,25
7026,15562,0.0005317404,8,25
7027,15563,0.0005301241,8,25
7028,15564,0.000534203,8,25
7029,15565,0.0005283667,8,25
7030,15566,0.0005313747,8,26
7031,15567,0.0005347102,8,26
7032,15570,0.0005294179,8,26
7033,15571,0.0005337166,8,26
7034,15572,0.0005316581,8,26
7035,15573,0.0005267813,8,26
7036,15574,0.0005310791,8,27
7037,15575,0.000527876,8,27
7038,15576,0.0005270334,8,27
7039,15577,0.0005314409,8,27
7040,15600,0.0005276707,8,27
7041,15601,0.0005274236,8,27
7042,15602,0.0005275793,8,28
7043,15603,0.0005217517,8,28
7044,15604,0.0005263013,8,28
7045,15605,0.0005224092,8,28
7046,15606,0.0005205618,8,28
7047,15607,0.0005256093,8,28
7048,15610,0.000521457,8,29
7049,15611,0.0005238674,8,29
7050,15612,0.0005232855,8,29
7051,15613,0.0005193999,8,29
7052,15614,0.0005240708,8,29
7053,15615,0.0005170465,8,29
7054,15616,0.000517644,8,30
7055,15617,0.0005189945,8,30
7056,15620,0.000510135,8,30
7057,15621,0.000513799,8,30
7058,15622,0.0005077555,8,30
7059,15623,0.0004956119,8,30
7060,15624,0.0004835571,8,30
7061,15625,0.0004580146,8,31
7062,15626,0.0004234273,8,31
7063,15627,0.0003670538,8,31
7064,15630,0.0003030638,8,31
7065,15631,0.0002267547,8,31
7066,15632,0.000159735,8,31
7067,15633,0.0001170458,8,32
7068,15634,3.149396e-05,8,32
7069,15635,3.148734e-05,8,32
7070,15636,3.164146e-05,8,32
7071,15637,3.179361e-05,8,32
7072,15640,3.180459e-05,8,32
7073,15641,3.177593e-05,8,33
7074,15642,3.19073e-05,8,33
7075,15643,3.204835e-05,8,33
7076,15644,3.203676e-05,8,33
7077,15645,3.199232e-05,8,33
7078,15646,3.214763e-05,8,33
7079,15647,3.224899e-05,8,34
7080,15650,3.222036e-05,8,34
7081,15651,3.216804e-05,8,34
7082,15652,3.234312e-05,8,34
7083,15653,3.240398e-05,8,34
7084,15654,3.23733e-05,8,34
7085,15655,3.231961e-05,8,35
7086,15656,3.2482e-05,8,35
7087,15657,3.254162e-05,8,35
7088,15660,3.250361e-05,8,35
7089,15661,3.243478e-05,8,35
7090,15662,3.25968e-05,8,35
7091,15663,3.265205e-05,8,35
7092,15664,3.261103e-05,8,36
7093,15665,3.25494e-05,8,36
7094,15666,3.267875e-05,8,36
7095,15667,3.275514e-05,8,36
7096,15670,3.271988e-05,8,36
7097,15671,3.264634e-05,8,36
7098,15672,3.275256e-05,8,37
7099,15673,3.285816e-05,8,37
7100,15674,3.28507e-05,8,37
7101,15675,3.281825e-05,8,37
7102,15676,3.289582e-05,8,37
7103,15677,3.326775e-05,8,37
7104,15700,3.364455e-05,8,38
7105,15701,3.449298e-05,8,38
7106,15702,3.648237e-05,8,38
7107,15703,3.885855e-05,8,38
7108,15704,4.479132e-05,8,38
7109,15705,5.111913e-05,8,38
7110,15706,6.044259e-05,8,39
7111,15707,7.535156e-05,8,39
7112,15710,8.612775e-05,8,39
7113,15711,0.0006122042,8,39
7114,15712,0.0006121961,8,39
7115,15713,0.0006123497,8,39
7116,15714,0.0006118359,8,40
7117,15715,0.000612582,8,40
7118,15716,0.0006120163,8,40
7119,15717,0.0006123139,8,40
7120,15720,0.000612438,8,40
7121,15721,0.0006126687,8,40
7122,15722,0.0006126084,8,40
7123,15723,0.0006124074,8,41
7124,15724,0.0006120743,8,41
7125,15725,0.0006121141,8,41
7126,15726,0.0006125969,8,41
7127,15727,0.0006116358,8,41
7128,15730,0.0006121487,8,41
7129,15731,0.0006117827,8,42
7130,15732,0.0006120216,8,42
7131,15733,0.0006115336,8,42
7132,15734,0.0006118629,8,42
7133,15735,0.0006116033,8,42
7134,15736,0.0006116772,8,42
7135,15737,0.0006116438,8,43
7136,15740,0.0006109183,8,43
7137,15741,0.0006112369,8,43
7138,15742,0.0006113842,8,43
7139,15743,0.0006120883,8,43
7140,15744,0.0006117401,8,43
7141,15745,0.0006108237,8,44
7142,15746,0.0006120725,8,44
7143,15747,0.0006123647,8,44
7144,15750,0.0006123279,8,44
7145,15751,0.0006121779,8,44
7146,15752,0.000611292,8,44
7147,15753,0.0006119389,8,45
7148,15754,0.0006123513,8,45
7149,15755,0.000611648,8,45
7150,15756,0.0006112649,8,45
7151,15757,0.0006114484,8,45
7152,15760,0.0006121071,8,45
7153,15761,0.0006126886,8,45
7154,15762,0.0006113376,8,46
7155,15763,0.0006127766,8,46
7156,15764,0.0006131863,8,46
7157,15765,0.0006134024,8,46
7158,15766,0.0006120081,8,46
7159,15767,0.0006129211,8,46
7160,15770,0.0006121766,8,47
7161,15771,0.0006120871,8,47
7162,15772,0.0006118371,8,47
7163,15773,0.0006110758,8,47
7164,15774,0.0006099591,8,47
7165,15775,0.0006101907,8,47
7166,15776,0.0006103888,8,48
7167,15777,0.0006109359,8,48
7168,16000,0.0006114079,8,48
7169,16001,0.0006105287,8,48
7170,16002,0.0006112701,8,48
7171,16003,0.0006102531,8,48
7172,16004,0.0006111244,8,49
7173,16005,0.0006108347,8,49
7174,16006,0.0006102312,8,49
7175,16007,0.0006106184,8,49
7176,16010,0.0006108262,8,49
7177,16011,0.0006106376,8,49
7178,16012,0.000610899,-1,-1
7179,16013,0.0006114129,-1,-1
7180,16014,0.000612192,-1,-1
7181,16015,0.0006117856,-1,-1
7182,16016,0.0006111308,-1,-1
7183,16017,0.0006122406,-1,-1
7184,16020,0.0006127144,-1,-1
7185,16021,0.0006120416,-1,-1
7186,16022,0.0006122236,-1,-1
7187,16023,0.0006125374,-1,-1
7188,16024,0.000612449,-1,-1
7189,16025,0.0006131501,-1,-1
7190,16026,0.0006126711,-1,-1
7191,16027,0.0006117994,-1,-1
7192,16030,0.0006114641,-1,-1
7193,16031,0.0006117551,-1,-1
7194,16032,0.000612164,-1,-1
7195,16033,0.000611966,-1,-1
7196,16034,0.0006118277,-1,-1
7197,16035,0.0006118946,-1,-1
7198,16036,0.0006114587,-1,-1
7199,16037,0.0006116085,-1,-1
7200,16040,0.0006112398,-1,-1
7201,16041,0.0006109449,-1,-1
7202,16042,0.0006116122,-1,-1
7203,16043,0.0006109239,-1,-1
7204,16044,0.0006116432,-1,-1
7205,16045,0.000611448,-1,-1
7206,16046,0.0006118817,-1,-1
7207,16047,0.0006117527,-1,-1
7208,16050,0.0006117867,-1,-1
7209,16051,0.0006119696,-1,-1
7210,16052,0.0006118852,-1,-1
7211,16053,0.000613105,-1,-1
7212,16054,0.0006123225,-1,-1
7213,16055,0.0006114079,-1,-1
7214,16056,0.0006114861,-1,-1
7215,16057,0.0006118569,-1,-1
7216,16060,0.0006108006,-1,-1
7217,16061,0.0006104567,-1,-1
7218,16062,0.0006119285,-1,-1
7219,16063,0.0006113814,-1,-1
7220,16064,0.0006115746,-1,-1
7221,16065,0.0006121598,-1,-1
7222,16066,0.0006116808,-1,-1
7223,16067,0.000610831,-1,-1
7224,16070,0.0006117027,-1,-1
7225,16071,0.000610914,-1,-1
7226,16072,0.0006113324,-1,-1
7227,16073,0.0006115291,-1,-1
7228,16074,0.0006109707,-1,-1
7229,16075,0.0006113264,-1,-1
7230,16076,0.000611128,-1,-1
7231,16077,0.0006117527,-1,-1
7232,16100,0.0006103712,-1,-1
7233,16101,0.0006095355,-1,-1
7234,16102,0.0006106445,-1,-1
7235,16103,0.0006114097,-1,-1
7236,16104,0.0006119607,-1,-1
7237,16105,0.0006114998,-1,-1
7238,16106,0.0006113605,-1,-1
7239,16107,0.0006116246,-1,-1
7240,16110,0.0006118998,-1,-1
7241,16111,0.0006121633,-1,-1
7242,16112,0.0006123308,-1,-1
7243,16113,0.0006116445,-1,-1
7244,16114,0.0006120953,-1,-1
7245,16115,0.000612144,-1,-1
7246,16116,0.0006130481,-1,-1
7247,16117,0.0006114125,-1,-1
7248,16120,0.0006100416,-1,-1
7249,16121,0.0006110018,-1,-1
7250,16122,0.00061158,-1,-1
7251,16123,0.0006125048,-1,-1
7252,16124,0.0006120596,-1,-1
7253,16125,0.0006120774,-1,-1
7254,16126,0.0006113428,-1,-1
7255,16127,0.0006122235,-1,-1
7256,16130,0.000611627,-1,-1
7257,16131,0.000611384,-1,-1
7258,16132,0.0006096059,-1,-1
7259,16133,0.0006107175,-1,-1
7260,16134,0.0006114946,-1,-1
7261,16135,0.0006118501,-1,-1
7262,16136,0.0006117312,-1,-1
7263,16137,0.0006115707,-1,-1
7264,16140,0.0006113621,-1,-1
7265,16141,0.0006106847,-1,-1
7266,16142,0.0006087691,-1,-1
7267,16143,0.0006100792,-1,-1
7268,16144,0.000610069,-1,-1
7269,16145,0.0006121369,-1,-1
7270,16146,0.0006115524,-1,-1
7271,16147,0.0006112598,-1,-1
7272,16150,0.0006102306,-1,-1
7273,16151,0.0006111184,-1,-1
7274,16152,0.000611231,-1,-1
7275,16153,0.0006108105,-1,-1
7276,16154,0.0006098934,-1,-1
7277,16155,0.0006103895,-1,-1
7278,16156,0.0006113575,-1,-1
7279,16157,0.0006117133,-1,-1
7280,16160,0.0006118623,-1,-1
7281,16161,0.0006116068,-1,-1
7282,16162,0.0006109475,-1,-1
7283,16163,0.0006104023,-1,-1
7284,16164,0.0006106699,-1,-1
7285,16165,0.0006111906,-1,-1
7286,16166,0.0006103659,-1,-1
7287,16167,0.000611631,-1,-1
7288,16170,0.0006115572,-1,-1
7289,16171,0.0006112087,-1,-1
7290,16172,0.0006112526,-1,-1
7291,16173,0.0006107741,-1,-1
7292,16174,0.0006111296,-1,-1
7293,16175,0.0006116059,-1,-1
7294,16176,0.0006110829,-1,-1
7295,16177,0.0006111232,-1,-1
7296,16200,0.0006112622,-1,-1
7297,16201,0.0006116169,-1,-1
7298,16202,0.0006119086,-1,-1
7299,16203,0.0006113107,-1,-1
7300,16204,0.0006121284,-1,-1
7301,16205,0.0006121236,-1,-1
7302,16206,0.0006112855,-1,-1
7303,16207,0.0006112503,-1,-1
7304,16210,0.0006111661,-1,-1
7305,16211,0.0006110043,-1,-1
7306,16212,0.0006107964,-1,-1
7307,16213,0.0006107705,-1,-1
7308,16214,0.0006110782,-1,-1
7309,16215,0.0006107478,-1,-1
7310,16216,0.000610924,-1,-1
7311,16217,0.0006111905,-1,-1
7312,16220,0.000611553,-1,-1
7313,16221,0.0006112233,-1,-1
7314,16222,0.0006114165,-1,-1
7315,16223,0.0006112245,-1,-1
7316,16224,0.0006116249,-1,-1
7317,16225,0.000611538,-1,-1
7318,16226,0.0006114183,-1,-1
7319,16227,0.0006113643,-1,-1
7320,16230,0.0006114003,-1,-1
7321,16231,0.0006118846,-1,-1
7322,16232,0.0006114945,-1,-1
7323,16233,0.0006120162,-1,-1
7324,16234,0.0006119852,-1,-1
7325,16235,0.0006116739,-1,-1
7326,16236,0.0006111274,-1,-1
7327,16237,0.0006115302,-1,-1
7328,16240,0.0006116638,-1,-1
7329,16241,0.000611904,-1,-1
7330,16242,0.0006112519,-1,-1
7331,16243,0.0006111795,-1,-1
7332,16244,0.0006107209,-1,-1
7333,16245,0.0006110043,-1,-1
7334,16246,0.0006107215,-1,-1
7335,16247,0.0006112036,-1,-1
7336,16250,0.0006109037,-1,-1
7337,16251,0.000610763,-1,-1
7338,16252,0.0006121386,-1,-1
7339,16253,0.0006113035,-1,-1
7340,16254,0.0006106605,-1,-1
7341,16255,0.0006115062,-1,-1
7342,16256,0.0006112721,-1,-1
7343,16257,0.0006115022,-1,-1
7344,16260,0.0006114726,-1,-1
7345,16261,0.0006105326,-1,-1
7346,16262,0.000610883,-1,-1
7347,16263,0.0006120403,-1,-1
7348,16264,0.0006120929,-1,-1
7349,16265,0.0006117305,-1,-1
7350,16266,0.0006120655,-1,-1
7351,16267,0.0006119162,-1,-1
7352,16270,0.0006114267,-1,-1
7353,16271,0.0006112011,-1,-1
7354,16272,0.0006115448,-1,-1
7355,16273,0.0006120732,-1,-1
7356,16274,0.0006121177,-1,-1
7357,16275,0.0006118958,-1,-1
7358,16276,0.0006115349,-1,-1
7359,16277,0.0006115162,-1,-1
7360,16300,0.0006120889,-1,-1
7361,16301,0.0006116626,-1,-1
7362,16302,0.0006113077,9,49
7363,16303,0.0006109879,9,49
7364,16304,0.000611119,9,49
7365,16305,0.0006117556,9,49
7366,16306,0.0006110577,9,49
7367,16307,0.0006116006,9,49
7368,16310,0.000610834,9,49
7369,16311,0.0006112012,9,48
7370,16312,0.0006110138,9,48
7371,16313,0.0006113691,9,48
7372,16314,0.0006111767,9,48
7373,16315,0.0006114864,9,48
7374,16316,0.0006113856,9,48
7375,16317,0.0006117388,9,47
7376,16320,0.0006119026,9,47
7377,16321,0.0006120542,9,47
7378,16322,0.0006114836,9,47
7379,16323,0.0006108725,9,47
7380,16324,0.0006115168,9,47
7381,16325,0.0006110318,9,46
7382,16326,0.0006107502,9,46
7383,16327,0.0006111689,9,46
7384,16330,0.000611201,9,46
7385,16331,0.0006112413,9,46
7386,16332,0.0006115178,9,46
7387,16333,0.0006119285,9,45
7388,16334,0.0006127073,9,45
7389,16335,0.0006115712,9,45
7390,16336,0.0006108218,9,45
7391,16337,0.0006109879,9,45
7392,16340,0.0006117863,9,45
7393,16341,0.0006107607,9,44
7394,16342,0.0006114294,9,44
7395,16343,0.0006116209,9,44
7396,16344,0.0006115782,9,44
7397,16345,0.0006118328,9,44
7398,16346,0.0006118987,9,44
7399,16347,0.0006109657,9,44
7400,16350,0.0006091882,9,43
7401,16351,0.0006044605,9,43
7402,16352,0.0005989098,9,43
7403,16353,0.0005922212,9,43
7404,16354,0.0005869662,9,43
7405,16355,0.0005775671,9,43
7406,16356,0.0005641661,9,42
7407,16357,0.0005495069,9,42
7408,16360,0.0005372001,9,42
7409,16361,0.0005276205,9,42
7410,16362,0.0005239332,9,42
7411,16363,0.0005267965,9,42
7412,16364,0.0005335778,9,41
7413,16365,0.0005408138,9,41
7414,16366,0.000546143,9,41
7415,16367,0.0005494708,9,41
7416,16370,0.0005521894,9,41
7417,16371,0.0005553265,9,41
7418,16372,0.0005580872,9,40
7419,16373,0.0005586594,9,40
7420,16374,0.0005558438,9,40
7421,16375,0.0005536015,9,40
7422,16376,0.0005499483,9,40
7423,16377,0.000541489,9,40
7424,16400,0.0005311125,9,39
7425,16401,0.0005098415,9,39
7426,16402,0.0004762132,9,39
7427,16403,0.0004386296,9,39
7428,16404,0.0003687925,9,39
7429,16405,0.0002954455,9,39
7430,16406,0.0002223776,9,38
7431,16407,0.0001511493,9,38
7432,16410,0.000108767,9,38
7433,16411,3.136209e-05,9,38
7434,16412,3.135586e-05,9,38
7435,16413,3.152517e-05,9,38
7436,16414,3.167074e-05,9,38
7437,16415,3.167644e-05,9,37
7438,16416,3.164844e-05,9,37
7439,16417,3.178172e-05,9,37
7440,16420,3.193189e-05,9,37
7441,16421,3.192474e-05,9,37
7442,16422,3.188645e-05,9,37
7443,16423,3.199557e-05,9,36
7444,16424,3.213612e-05,9,36
7445,16425,3.212192e-05,9,36
7446,16426,3.207276e-05,9,36
7447,16427,3.217008e-05,9,36
7448,16430,3.229952e-05,9,36
7449,16431,3.227709e-05,9,35
7450,16432,3.22374e-05,9,35
7451,16433,3.226729e-05,9,35
7452,16434,3.242585e-05,9,35
7453,16435,3.240931e-05,9,35
7454,16436,3.235217e-05,9,35
7455,16437,3.236551e-05,9,34
7456,16440,3.253852e-05,9,34
7457,16441,3.252086e-05,9,34
7458,16442,3.247524e-05,9,34
7459,16443,3.243877e-05,9,34
7460,16444,3.261636e-05,9,34
7461,16445,3.265694e-05,9,33
7462,16446,3.263627e-05,9,33
7463,16447,3.262585e-05,9,33
7464,16450,3.285916e-05,9,33
7465,16451,3.311638e-05,9,33
7466,16452,3.347027e-05,9,33
7467,16453,3.395726e-05,9,33
7468,16454,3.468504e-05,9,32
7469,16455,3.635414e-05,9,32
7470,16456,3.950979e-05,9,32
7471,16457,4.887335e-05,9,32
7472,16460,6.817257e-05,9,32
7473,16461,0.0005593263,9,32
7474,16462,0.0005614051,9,31
7475,16463,0.0005630887,9,31
7476,16464,0.0005623367,9,31
7477,16465,0.0005609713,9,31
7478,16466,0.0005606162,9,31
7479,16467,0.000559358,9,31
7480,16470,0.0005571685,9,30
7481,16471,0.0005551772,9,30
7482,16472,0.0005553527,9,30
7483,16473,0.0005544648,9,30
7484,16474,0.0005480166,9,30
7485,16475,0.0005286693,9,30
7486,16476,0.0005222946,9,29
7487,16477,0.000516662,9,29
7488,16500,0.0005121627,9,29
7489,16501,0.0005065987,9,29
7490,16502,0.0004992485,9,29
7491,16503,0.0004903724,9,29
7492,16504,0.0004834663,9,28
7493,16505,0.0004847227,9,28
7494,16506,0.0004887006,9,28
7495,16507,0.0004976353,9,28
7496,16510,0.000505827,9,28
7497,16511,0.0005010761,9,28
7498,16512,0.000491848,9,27
7499,16513,0.0004848391,9,27
7500,16514,0.0004776744,9,27
7501,16515,0.0004893171,9,27
7502,16516,0.0004914792,9,27
7503,16517,0.000495992,9,27
7504,16520,0.0004994643,9,27
7505,16521,0.0005049516,9,26
7506,16522,0.0005194244,9,26
7507,16523,0.0005380598,9,26
7508,16524,0.0005469449,9,26
7509,16525,0.0005605405,9,26
7510,16526,0.0005640673,9,26
7511,16527,0.0005679736,9,25
7512,16530,0.0005704405,9,25
7513,16531,0.0005715919,9,25
7514,16532,0.0005727286,9,25
7515,16533,0.0005737142,9,25
7516,16534,0.0005736597,9,25
7517,16535,0.0005735709,9,24
7518,16536,0.0005732335,9,24
7519,16537,0.0005722662,9,24
7520,16540,0.0005700121,9,24
7521,16541,0.0005673301,9,24
7522,16542,0.0005586552,9,24
7523,16543,0.0005431357,9,23
7524,16544,0.0005299987,9,23
7525,16545,0.0004898518,9,23
7526,16546,0.000449593,9,23
7527,16547,0.0004110712,9,23
7528,16550,0.0003276056,9,23
7529,16551,0.0002602908,9,22
7530,16552,0.0001792823,9,22
7531,16553,0.0001118212,9,22
7532,16554,3.117249e-05,9,22
7533,16555,3.118936e-05,9,22
7534,16556,3.118215e-05,9,22
7535,16557,3.137569e-05,9,22
7536,16560,3.149024e-05,9,21
7537,16561,3.148807e-05,9,21
7538,16562,3.146421e-05,9,21
7539,16563,3.161218e-05,9,21
7540,16564,3.173933e-05,9,21
7541,16565,3.17236e-05,9,21
7542,16566,3.168614e-05,9,20
7543,16567,3.178219e-05,9,20
7544,16570,3.193253e-05,9,20
7545,16571,3.192105e-05,9,20
7546,16572,3.186592e-05,9,20
7547,16573,3.194509e-05,9,20
7548,16574,3.208718e-05,9,19
7549,16575,3.205777e-05,9,19
7550,16576,3.20061e-05,9,19
7551,16577,3.204382e-05,9,19
7552,16600,3.220484e-05,9,19
7553,16601,3.219451e-05,9,19
7554,16602,3.213668e-05,9,18
7555,16603,3.212861e-05,9,18
7556,16604,3.229744e-05,9,18
7557,16605,3.229215e-05,9,18
7558,16606,3.223327e-05,9,18
7559,16607,3.220159e-05,9,18
7560,16610,3.23774e-05,9,17
7561,16611,3.238244e-05,9,17
7562,16612,3.233134e-05,9,17
7563,16613,3.226462e-05,9,17
7564,16614,3.241845e-05,9,17
7565,16615,3.24409e-05,9,17
7566,16616,3.238089e-05,9,16
7567,16617,3.23117e-05,9,16
7568,16620,3.245996e-05,9,16
7569,16621,3.249796e-05,9,16
7570,16622,3.245247e-05,9,16
7571,16623,3.23854e-05,9,16
7572,16624,3.252537e-05,9,16
7573,16625,3.262956e-05,9,15
7574,16626,3.264979e-05,9,15
7575,16627,3.269061e-05,9,15
7576,16630,3.311591e-05,9,15
7577,16631,3.365029e-05,9,15
7578,16632,3.424192e-05,9,15
7579,16633,3.57522e-05,9,14
7580,16634,3.810858e-05,9,14
7581,16635,4.443923e-05,9,14
7582,16636,5.649564e-05,9,14
7583,16637,7.178285e-05,9,14
7584,16640,0.0005721062,9,14
7585,16641,0.0005727763,9,13
7586,16642,0.0005727201,9,13
7587,16643,0.0005726252,9,13
7588,16644,0.0005721297,9,13
7589,16645,0.000571568,9,13
7590,16646,0.0005710551,9,13
7591,16647,0.0005708993,9,12
7592,16650,0.0005713326,9,12
7593,16651,0.000572186,9,12
7594,16652,0.0005724669,9,12
7595,16653,0.0005729935,9,12
7596,16654,0.0005730492,9,12
7597,16655,0.0005739785,9,11
7598,16656,0.000573934,9,11
7599,16657,0.0005743089,9,11
7600,16660,0.0005741312,9,11
7601,16661,0.0005743977,9,11
7602,16662,0.0005739361,9,11
7603,16663,0.0005742671,9,11
7604,16664,0.0005745739,9,10
7605,16665,0.0005746735,9,10
7606,16666,0.0005739094,9,10
7607,16667,0.0005740536,9,10
7608,16670,0.000572448,9,10
7609,16671,0.0005698609,9,10
7610,16672,0.0005657321,9,9
7611,16673,0.0005525193,9,9
7612,16674,0.0005372537,9,9
7613,16675,0.000509179,9,9
7614,16676,0.0004519568,9,9
7615,16677,0.0004110133,9,9
7616,16700,0.0003438592,9,8
7617,16701,0.0002490814,9,8
7618,16702,0.0001885059,9,8
7619,16703,0.0001200833,9,8
7620,16704,3.085146e-05,9,8
7621,16705,3.085691e-05,9,8
7622,16706,3.089827e-05,9,7
7623,16707,3.112814e-05,9,7
7624,16710,3.117996e-05,9,7
7625,16711,3.117764e-05,9,7
7626,16712,3.117797e-05,9,7
7627,16713,3.138901e-05,9,7
7628,16714,3.142164e-05,9,6
7629,16715,3.139775e-05,9,6
7630,16716,3.142153e-05,9,6
7631,16717,3.160641e-05,9,6
7632,16720,3.16248e-05,9,6
7633,16721,3.158395e-05,9,6
7634,16722,3.156919e-05,9,5
7635,16723,3.176794e-05,9,5
7636,16724,3.178079e-05,9,5
7637,16725,3.172957e-05,9,5
7638,16726,3.172571e-05,9,5
7639,16727,3.189939e-05,9,5
7640,16730,3.190542e-05,9,5
7641,16731,3.185099e-05,9,4
7642,16732,3.184771e-05,9,4
7643,16733,3.201959e-05,9,4
7644,16734,3.200789e-05,9,4
7645,16735,3.195262e-05,9,4
7646,16736,3.198358e-05,9,4
7647,16737,3.214804e-05,9,3
7648,16740,3.215954e-05,9,3
7649,16741,3.219846e-05,9,3
7650,16742,3.225886e-05,9,3
7651,16743,3.234502e-05,9,3
7652,16744,3.235158e-05,9,3
7653,16745,3.22422e-05,9,2
7654,16746,3.228956e-05,9,2
7655,16747,3.245106e-05,9,2
7656,16750,3.236836e-05,9,2
7657,16751,3.230912e-05,9,2
7658,16752,3.238949e-05,9,2
7659,16753,3.247267e-05,9,1
7660,16754,3.246839e-05,9,1
7661,16755,3.238813e-05,9,1
7662,16756,3.236007e-05,9,1
7663,16757,3.253559e-05,9,1
7664,16760,3.251711e-05,9,1
7665,16761,3.244526e-05,9,0
7666,16762,3.240196e-05,9,0
7667,16763,3.255028e-05,9,0
7668,16764,3.255605e-05,9,0
7669,16765,3.248582e-05,9,0
7670,16766,3.242627e-05,9,0
7671,16767,3.259493e-05,-1,-1
7672,16770,3.259036e-05,-1,-1
7673,16771,3.252121e-05,-1,-1
7674,16772,3.246415e-05,-1,-1
7675,16773,3.260269e-05,-1,-1
7676,16774,3.263203e-05,-1,-1
7677,16775,3.256858e-05,-1,-1
7678,16776,3.248192e-05,-1,-1
7679,16777,3.265773e-05,-1,-1
7680,17000,3.26527e-05,-1,-1
7681,17001,3.257508e-05,-1,-1
7682,17002,3.25259e-05,-1,-1
7683,17003,3.267275e-05,-1,-1
7684,17004,3.26933e-05,-1,-1
7685,17005,3.262661e-05,-1,-1
7686,17006,3.25393e-05,-1,-1
7687,17007,3.268493e-05,-1,-1
7688,17010,3.271687e-05,-1,-1
7689,17011,3.265317e-05,-1,-1
7690,17012,3.257757e-05,-1,-1
7691,17013,3.267756e-05,-1,-1
7692,17014,3.27407e-05,-1,-1
7693,17015,3.266994e-05,-1,-1
7694,17016,3.258583e-05,-1,-1
7695,17017,3.271327e-05,-1,-1
7696,17020,3.275297e-05,-1,-1
7697,17021,3.268437e-05,-1,-1
7698,17022,3.260219e-05,-1,-1
7699,17023,3.271579e-05,-1,-1
7700,17024,3.277624e-05,-1,-1
7701,17025,3.271122e-05,-1,-1
7702,17026,3.262289e-05,-1,-1
7703,17027,3.270302e-05,-1,-1
7704,17030,3.279463e-05,-1,-1
7705,17031,3.273935e-05,-1,-1
7706,17032,3.264505e-05,-1,-1
7707,17033,3.267404e-05,-1,-1
7708,17034,3.280825e-05,-1,-1
7709,17035,3.275212e-05,-1,-1
7710,17036,3.265975e-05,-1,-1
7711,17037,3.269143e-05,-1,-1
7712,17040,3.281518e-05,-1,-1
7713,17041,3.278225e-05,-1,-1
7714,17042,3.27075e-05,-1,-1
7715,17043,3.264406e-05,-1,-1
7716,17044,3.279668e-05,-1,-1
7717,17045,3.279446e-05,-1,-1
7718,17046,3.270882e-05,-1,-1
7719,17047,3.263307e-05,-1,-1
7720,17050,3.275897e-05,-1,-1
7721,17051,3.279256e-05,-1,-1
7722,17052,3.271084e-05,-1,-1
7723,17053,3.262064e-05,-1,-1
7724,17054,3.273799e-05,-1,-1
7725,17055,3.276981e-05,-1,-1
7726,17056,3.267817e-05,-1,-1
7727,17057,3.259218e-05,-1,-1
7728,17060,3.273862e-05,-1,-1
7729,17061,3.273403e-05,-1,-1
7730,17062,3.265009e-05,-1,-1
7731,17063,3.255544e-05,-1,-1
7732,17064,3.265147e-05,-1,-1
7733,17065,3.268616e-05,-1,-1
7734,17066,3.259797e-05,-1,-1
7735,17067,3.247914e-05,-1,-1
7736,17070,3.257988e-05,-1,-1
7737,17071,3.258758e-05,-1,-1
7738,17072,3.250051e-05,-1,-1
7739,17073,3.238373e-05,-1,-1
7740,17074,3.245982e-05,-1,-1
7741,17075,3.247815e-05,-1,-1
7742,17076,3.237743e-05,-1,-1
7743,17077,3.226021e-05,-1,-1
7744,17100,3.234819e-05,-1,-1
7745,17101,3.235834e-05,-1,-1
7746,17102,3.225508e-05,-1,-1
7747,17103,3.214216e-05,-1,-1
7748,17104,3.224788e-05,-1,-1
7749,17105,3.224934e-05,-1,-1
7750,17106,3.214321e-05,-1,-1
7751,17107,3.203301e-05,-1,-1
7752,17110,3.21603e-05,-1,-1
7753,17111,3.21339e-05,-1,-1
7754,17112,3.204531e-05,-1,-1
7755,17113,3.194357e-05,-1,-1
7756,17114,3.206103e-05,-1,-1
7757,17115,3.204543e-05,-1,-1
7758,17116,3.195862e-05,-1,-1
7759,17117,3.186707e-05,-1,-1
7760,17120,3.19902e-05,-1,-1
7761,17121,3.19816e-05,-1,-1
7762,17122,3.18759e-05,-1,-1
7763,17123,3.182004e-05,-1,-1
7764,17124,3.195165e-05,-1,-1
7765,17125,3.191807e-05,-1,-1
7766,17126,3.181941e-05,-1,-1
7767,17127,3.174893e-05,-1,-1
7768,17130,3.188458e-05,-1,-1
7769,17131,3.184356e-05,-1,-1
7770,17132,3.175277e-05,-1,-1
7771,17133,3.168554e-05,-1,-1
7772,17134,3.181006e-05,-1,-1
7773,17135,3.177654e-05,-1,-1
7774,17136,3.168487e-05,-1,-1
7775,17137,3.160491e-05,-1,-1
7776,17140,3.174776e-05,-1,-1
7777,17141,3.17237e-05,-1,-1
7778,17142,3.162454e-05,-1,-1
7779,17143,3.157564e-05,-1,-1
7780,17144,3.170941e-05,-1,-1
7781,17145,3.166778e-05,-1,-1
7782,17146,3.15718e-05,-1,-1
7783,17147,3.153914e-05,-1,-1
7784,17150,3.16652e-05,-1,-1
7785,17151,3.164471e-05,-1,-1
7786,17152,3.155485e-05,-1,-1
7787,17153,3.149e-05,-1,-1
7788,17154,3.163352e-05,-1,-1
7789,17155,3.160955e-05,-1,-1
7790,17156,3.154045e-05,-1,-1
7791,17157,3.146421e-05,-1,-1
7792,17160,3.160386e-05,-1,-1
7793,17161,3.160501e-05,-1,-1
7794,17162,3.153518e-05,-1,-1
7795,17163,3.146128e-05,-1,-1
7796,17164,3.159774e-05,-1,-1
7797,17165,3.161341e-05,-1,-1
7798,17166,3.15456e-05,-1,-1
7799,17167,3.14589e-05,-1,-1
7800,17170,3.158106e-05,-1,-1
7801,17171,3.160249e-05,-1,-1
7802,17172,3.153758e-05,-1,-1
7803,17173,3.146386e-05,-1,-1
7804,17174,3.158612e-05,-1,-1
7805,17175,3.160457e-05,-1,-1
7806,17176,3.152974e-05,-1,-1
7807,17177,3.144863e-05,-1,-1
7808,17200,3.157574e-05,-1,-1
7809,17201,3.159848e-05,-1,-1
7810,17202,3.154575e-05,-1,-1
7811,17203,3.146257e-05,-1,-1
7812,17204,3.148717e-05,-1,-1
7813,17205,3.160954e-05,-1,-1
7814,17206,3.157107e-05,-1,-1
7815,17207,3.149466e-05,-1,-1
7816,17210,3.144913e-05,-1,-1
7817,17211,3.160203e-05,-1,-1
7818,17212,3.15849e-05,-1,-1
7819,17213,3.150799e-05,-1,-1
7820,17214,3.144776e-05,-1,-1
7821,17215,3.159213e-05,-1,-1
7822,17216,3.159816e-05,-1,-1
7823,17217,3.152584e-05,-1,-1
7824,17220,3.144717e-05,-1,-1
7825,17221,3.159019e-05,-1,-1
7826,17222,3.160088e-05,-1,-1
7827,17223,3.153802e-05,-1,-1
7828,17224,3.145089e-05,-1,-1
7829,17225,3.158033e-05,-1,-1
7830,17226,3.160293e-05,-1,-1
7831,17227,3.153665e-05,-1,-1
7832,17230,3.145769e-05,-1,-1
7833,17231,3.159737e-05,-1,-1
7834,17232,3.161707e-05,-1,-1
7835,17233,3.153977e-05,-1,-1
7836,17234,3.145959e-05,-1,-1
7837,17235,3.161921e-05,-1,-1
7838,17236,3.161783e-05,-1,-1
7839,17237,3.15416e-05,-1,-1
7840,17240,3.147107e-05,-1,-1
7841,17241,3.160641e-05,-1,-1
7842,17242,3.163917e-05,-1,-1
7843,17243,3.15639e-05,-1,-1
7844,17244,3.148023e-05,-1,-1
7845,17245,3.160922e-05,-1,-1
7846,17246,3.163592e-05,-1,-1
7847,17247,3.156059e-05,-1,-1
7848,17250,3.148799e-05,-1,-1
7849,17251,3.162231e-05,-1,-1
7850,17252,3.164228e-05,-1,-1
7851,17253,3.158061e-05,-1,-1
7852,17254,3.1491e-05,-1,-1
7853,17255,3.161508e-05,-1,-1
7854,17256,3.165844e-05,-1,-1
7855,17257,3.158685e-05,10,0
7856,17260,3.15042e-05,10,0
7857,17261,3.163064e-05,10,0
7858,17262,3.165899e-05,10,0
7859,17263,3.157895e-05,10,0
7860,17264,3.150186e-05,10,0
7861,17265,3.159918e-05,10,0
7862,17266,3.153532e-05,10,1
7863,17267,3.142466e-05,10,1
7864,17270,3.134528e-05,10,1
7865,17271,3.147683e-05,10,1
7866,17272,3.149347e-05,10,1
7867,17273,3.142106e-05,10,1
7868,17274,3.133578e-05,10,2
7869,17275,3.143038e-05,10,2
7870,17276,3.149847e-05,10,2
7871,17277,3.143775e-05,10,2
7872,17300,3.134675e-05,10,2
7873,17301,3.140486e-05,10,2
7874,17302,3.151331e-05,10,3
7875,17303,3.146834e-05,10,3
7876,17304,3.138109e-05,10,3
7877,17305,3.137764e-05,10,3
7878,17306,3.151284e-05,10,3
7879,17307,3.149993e-05,10,3
7880,17310,3.141635e-05,10,4
7881,17311,3.136209e-05,10,4
7882,17312,3.150008e-05,10,4
7883,17313,3.150874e-05,10,4
7884,17314,3.143637e-05,10,4
7885,17315,3.136614e-05,10,4
7886,17316,3.149607e-05,10,5
7887,17317,3.152783e-05,10,5
7888,17320,3.146949e-05,10,5
7889,17321,3.137787e-05,10,5
7890,17322,3.148828e-05,10,5
7891,17323,3.154678e-05,10,5
7892,17324,3.14763e-05,10,5
7893,17325,3.139681e-05,10,6
7894,17326,3.151261e-05,10,6
7895,17327,3.156864e-05,10,6
7896,17330,3.152007e-05,10,6
7897,17331,3.146383e-05,10,6
7898,17332,3.159918e-05,10,6
7899,17333,3.174258e-05,10,7
7900,17334,3.173506e-05,10,7
7901,17335,3.178266e-05,10,7
7902,17336,3.209751e-05,10,7
7903,17337,3.27354e-05,10,7
7904,17340,3.416124e-05,10,7
7905,17341,3.661058e-05,10,8
7906,17342,4.246904e-05,10,8
7907,17343,5.772591e-05,10,8
7908,17344,7.745805e-05,10,8
7909,17345,0.0005686387,10,8
7910,17346,0.0005684348,10,8
7911,17347,0.0005676792,10,9
7912,17350,0.0005690936,10,9
7913,17351,0.0005685978,10,9
7914,17352,0.0005695855,10,9
7915,17353,0.0005699657,10,9
7916,17354,0.0005700535,10,9
7917,17355,0.0005700365,10,10
7918,17356,0.0005694861,10,10
7919,17357,0.0005697271,10,10
7920,17360,0.000569807,10,10
7921,17361,0.0005702474,10,10
7922,17362,0.0005703843,10,10
7923,17363,0.0005701827,10,11
7924,17364,0.0005707705,10,11
7925,17365,0.0005704657,10,11
7926,17366,0.0005700997,10,11
7927,17367,0.0005704892,10,11
7928,17370,0.0005708393,10,11
7929,17371,0.0005710755,10,11
7930,17372,0.0005715096,10,12
7931,17373,0.0005707725,10,12
7932,17374,0.0005699014,10,12
7933,17375,0.0005667798,10,12
7934,17376,0.0005617896,10,12
7935,17377,0.0005550389,10,12
7936,17400,0.000537284,10,13
7937,17401,0.0005163156,10,13
7938,17402,0.0004842523,10,13
7939,17403,0.0004218143,10,13
7940,17404,0.0003583201,10,13
7941,17405,0.0002673703,10,13
7942,17406,0.0001929928,10,14
7943,17407,0.0001423615,10,14
7944,17410,3.084181e-05,10,14
7945,17411,3.092007e-05,10,14
7946,17412,3.115295e-05,10,14
7947,17413,3.121743e-05,10,14
7948,17414,3.121807e-05,10,15
7949,17415,3.124074e-05,10,15
7950,17416,3.145391e-05,10,15
7951,17417,3.153035e-05,10,15
7952,17420,3.152792e-05,10,15
7953,17421,3.150646e-05,10,15
7954,17422,3.170662e-05,10,16
7955,17423,3.178705e-05,10,16
7956,17424,3.176255e-05,10,16
7957,17425,3.172098e-05,10,16
7958,17426,3.188019e-05,10,16
7959,17427,3.197768e-05,10,16
7960,17430,3.19508e-05,10,16
7961,17431,3.190205e-05,10,17
7962,17432,3.20548e-05,10,17
7963,17433,3.214576e-05,10,17
7964,17434,3.209069e-05,10,17
7965,17435,3.203852e-05,10,17
7966,17436,3.222633e-05,10,17
7967,17437,3.225762e-05,10,18
7968,17440,3.221026e-05,10,18
7969,17441,3.216341e-05,10,18
7970,17442,3.234927e-05,10,18
7971,17443,3.235567e-05,10,18
7972,17444,3.229987e-05,10,18
7973,17445,3.229355e-05,10,19
7974,17446,3.245677e-05,10,19
7975,17447,3.246632e-05,10,19
7976,17450,3.241236e-05,10,19
7977,17451,3.236174e-05,10,19
7978,17452,3.252812e-05,10,19
7979,17453,3.255845e-05,10,20
7980,17454,3.249999e-05,10,20
7981,17455,3.244327e-05,10,20
7982,17456,3.264078e-05,10,20
7983,17457,3.265412e-05,10,20
7984,17460,3.262965e-05,10,20
7985,17461,3.264136e-05,10,21
7986,17462,3.28391e-05,10,21
7987,17463,3.296833e-05,10,21
7988,17464,3.30379e-05,10,21
7989,17465,3.326148e-05,10,21
7990,17466,3.440866e-05,10,21
7991,17467,3.545187e-05,10,22
7992,17470,3.867506e-05,10,22
7993,17471,4.461838e-05,10,22
7994,17472,5.296562e-05,10,22
7995,17473,8.213185e-05,10,22
7996,17474,0.0004942636,10,22
7997,17475,0.00049321,10,22
7998,17476,0.0004937238,10,23
7999,17477,0.0004888866,10,23
8000,17500,0.000482673,10,23
8001,17501,0.0004845952,10,23
8002,17502,0.0004886621,10,23
8003,17503,0.0004963012,10,23
8004,17504,0.0005074479,10,24
8005,17505,0.000515656,10,24
8006,17506,0.000525403,10,24
8007,17507,0.0005352145,10,24
8008,17510,0.0005430614,10,24
8009,17511,0.0005507726,10,24
8010,17512,0.0005548918,10,25
8011,17513,0.0005570966,10,25
8012,17514,0.0005575565,10,25
8013,17515,0.0005579002,10,25
8014,17516,0.0005586812,10,25
8015,17517,0.0005583289,10,25
8016,17520,0.0005581091,10,26
8017,17521,0.0005568592,10,26
8018,17522,0.0005559991,10,26
8019,17523,0.0005560538,10,26
8020,17524,0.0005554189,10,26
8021,17525,0.0005550031,10,26
8022,17526,0.0005564062,10,27
8023,17527,0.0005587832,10,27
8024,17530,0.0005585844,10,27
8025,17531,0.000557942,10,27
8026,17532,0.0005569301,10,27
8027,17533,0.0005572886,10,27
8028,17534,0.0005576251,10,27
8029,17535,0.0005579129,10,28
8030,17536,0.0005591443,10,28
8031,17537,0.0005600321,10,28
8032,17540,0.0005601833,10,28
8033,17541,0.0005597994,10,28
8034,17542,0.0005587245,10,28
8035,17543,0.0005585664,10,29
8036,17544,0.0005587706,10,29
8037,17545,0.0005587326,10,29
8038,17546,0.000559053,10,29
8039,17547,0.0005578711,10,29
8040,17550,0.0005568196,10,29
8041,17551,0.0005551608,10,30
8042,17552,0.0005551217,10,30
8043,17553,0.0005552518,10,30
8044,17554,0.0005553269,10,30
8045,17555,0.0005530269,10,30
8046,17556,0.0005478574,10,30
8047,17557,0.0005337711,10,31
8048,17560,0.000517931,10,31
8049,17561,0.0004800154,10,31
8050,17562,0.0004268235,10,31
8051,17563,0.0003737927,10,31
8052,17564,0.0002852924,10,31
8053,17565,0.0002110169,10,32
8054,17566,0.0001553259,10,32
8055,17567,0.0001027187,10,32
8056,17570,3.133571e-05,10,32
8057,17571,3.133724e-05,10,32
8058,17572,3.155307e-05,10,32
8059,17573,3.165079e-05,10,33
8060,17574,3.164942e-05,10,33
8061,17575,3.163551e-05,10,33
8062,17576,3.184927e-05,10,33
8063,17577,3.191704e-05,10,33
8064,17600,3.189369e-05,10,33
8065,17601,3.186034e-05,10,33
8066,17602,3.206466e-05,10,34
8067,17603,3.211261e-05,10,34
8068,17604,3.207412e-05,10,34
8069,17605,3.204539e-05,10,34
8070,17606,3.223798e-05,10,34
8071,17607,3.22794e-05,10,34
8072,17610,3.224126e-05,10,35
8073,17611,3.219401e-05,10,35
8074,17612,3.238299e-05,10,35
8075,17613,3.24065e-05,10,35
8076,17614,3.2361e-05,10,35
8077,17615,3.231846e-05,10,35
8078,17616,3.249682e-05,10,36
8079,17617,3.252833e-05,10,36
8080,17620,3.247015e-05,10,36
8081,17621,3.243093e-05,10,36
8082,17622,3.262998e-05,10,36
8083,17623,3.264225e-05,10,36
8084,17624,3.261306e-05,10,37
8085,17625,3.2631e-05,10,37
8086,17626,3.284203e-05,10,37
8087,17627,3.293317e-05,10,37
8088,17630,3.296356e-05,10,37
8089,17631,3.309959e-05,10,37
8090,17632,3.383424e-05,10,38
8091,17633,3.498525e-05,10,38
8092,17634,3.74513e-05,10,38
8093,17635,4.29609e-05,10,38
8094,17636,5.102852e-05,10,38
8095,17637,7.298087e-05,10,38
8096,17640,0.0006113814,10,38
8097,17641,0.0006114276,10,39
8098,17642,0.0006122841,10,39
8099,17643,0.0006124384,10,39
8100,17644,0.0006118072,10,39
8101,17645,0.000612031,10,39
8102,17646,0.0006117604,10,39
8103,17647,0.0006114148,10,40
8104,17650,0.0006118571,10,40
8105,17651,0.0006122112,10,40
8106,17652,0.0006116638,10,40
8107,17653,0.0006117622,10,40
8108,17654,0.0006119543,10,40
8109,17655,0.0006117704,10,41
8110,17656,0.0006116666,10,41
8111,17657,0.0006114048,10,41
8112,17660,0.0006112545,10,41
8113,17661,0.0006112789,10,41
8114,17662,0.0006117926,10,41
8115,17663,0.0006122676,10,42
8116,17664,0.0006115666,10,42
8117,17665,0.0006113357,10,42
8118,17666,0.00061199,10,42
8119,17667,0.000611593,10,42
8120,17670,0.0006115444,10,42
8121,17671,0.0006113991,10,43
8122,17672,0.0006122543,10,43
8123,17673,0.0006116463,10,43
8124,17674,0.0006113749,10,43
8125,17675,0.0006114608,10,43
8126,17676,0.0006117022,10,43
8127,17677,0.0006118811,10,44
8128,17700,0.0006113558,10,44
8129,17701,0.0006113429,10,44
8130,17702,0.0006114194,10,44
8131,17703,0.00061158,10,44
8132,17704,0.0006111265,10,44
8133,17705,0.0006115296,10,44
8134,17706,0.0006114399,10,45
8135,17707,0.0006112948,10,45
8136,17710,0.0006115168,10,45
8137,17711,0.0006116579,10,45
8138,17712,0.000611402,10,45
8139,17713,0.0006117235,10,45
8140,17714,0.0006116983,10,46
8141,17715,0.0006112438,10,46
8142,17716,0.0006113646,10,46
8143,17717,0.0006112462,10,46
8144,17720,0.0006113769,10,46
8145,17721,0.0006117111,10,46
8146,17722,0.0006111413,10,47
8147,17723,0.0006112756,10,47
8148,17724,0.0006111907,10,47
8149,17725,0.0006109083,10,47
8150,17726,0.000611515,10,47
8151,17727,0.0006114141,10,47
8152,17730,0.0006112597,10,48
8153,17731,0.0006113749,10,48
8154,17732,0.0006115743,10,48
8155,17733,0.0006112399,10,48
8156,17734,0.0006117221,10,48
8157,17735,0.0006116689,10,48
8158,17736,0.0006116345,10,49
8159,17737,0.0006116586,10,49
8160,17740,0.000611542,10,49
8161,17741,0.0006113311,10,49
8162,17742,0.0006115086,10,49
8163,17743,0.0006116614,10,49
8164,17744,0.0006116333,-1,-1
8165,17745,0.0006115361,-1,-1
8166,17746,0.0006117767,-1,-1
8167,17747,0.0006114512,-1,-1
8168,17750,0.0006122822,-1,-1
8169,17751,0.0006113031,-1,-1
8170,17752,0.0006112128,-1,-1
8171,17753,0.0006112427,-1,-1
8172,17754,0.000611798,-1,-1
8173,17755,0.0006114588,-1,-1
8174,17756,0.0006110842,-1,-1
8175,17757,0.0006112187,-1,-1
8176,17760,0.0006115876,-1,-1
8177,17761,0.0006113775,-1,-1
8178,17762,0.0006114488,-1,-1
8179,17763,0.0006116286,-1,-1
8180,17764,0.0006118132,-1,-1
8181,17765,0.0006118361,-1,-1
8182,17766,0.0006113598,-1,-1
8183,17767,0.0006114256,-1,-1
8184,17770,0.0006114044,-1,-1
8185,17771,0.0006117844,-1,-1
8186,17772,0.0006114389,-1,-1
8187,17773,0.0006112222,-1,-1
8188,17774,0.0006112549,-1,-1
8189,17775,0.0006115056,-1,-1
8190,17776,0.0006114043,-1,-1
8191,17777,0.000611529,-1,-1
8192,20000,0.0006116983,-1,-1
8193,20001,0.000611504,-1,-1
8194,20002,0.0006118881,-1,-1
8195,20003,0.0006117259,-1,-1
8196,20004,0.0006117475,-1,-1
8197,20005,0.000612069,-1,-1
8198,20006,0.0006118278,-1,-1
8199,20007,0.0006116705,-1,-1
8200,20010,0.0006116241,-1,-1
8201,20011,0.0006121778,-1,-1
8202,20012,0.0006116771,-1,-1
8203,20013,0.0006119946,-1,-1
8204,20014,0.0006115518,-1,-1
8205,20015,0.0006117409,-1,-1
8206,20016,0.0006113047,-1,-1
8207,20017,0.0006117619,-1,-1
8208,20020,0.0006113031,-1,-1
8209,20021,0.0006114483,-1,-1
8210,20022,0.0006116633,-1,-1
8211,20023,0.0006120345,-1,-1
8212,20024,0.0006113779,-1,-1
8213,20025,0.0006116812,-1,-1
8214,20026,0.0006115314,-1,-1
8215,20027,0.0006116303,-1,-1
8216,20030,0.000611337,-1,-1
8217,20031,0.0006118753,-1,-1
8218,20032,0.0006122068,-1,-1
8219,20033,0.0006113834,-1,-1
8220,20034,0.0006118711,-1,-1
8221,20035,0.0006116509,-1,-1
8222,20036,0.0006115453,-1,-1
8223,20037,0.0006111594,-1,-1
8224,20040,0.0006117515,-1,-1
8225,20041,0.000611197,-1,-1
8226,20042,0.0006116075,-1,-1
8227,20043,0.0006110771,-1,-1
8228,20044,0.0006113018,-1,-1
8229,20045,0.0006113048,-1,-1
8230,20046,0.0006118591,-1,-1
8231,20047,0.0006112047,-1,-1
8232,20050,0.0006112115,-1,-1
8233,20051,0.0006114775,-1,-1
8234,20052,0.0006115441,-1,-1
8235,20053,0.0006117984,-1,-1
8236,20054,0.0006115414,-1,-1
8237,20055,0.0006111577,-1,-1
8238,20056,0.0006114716,-1,-1
8239,20057,0.0006112819,-1,-1
8240,20060,0.0006116104,-1,-1
8241,20061,0.0006113433,-1,-1
8242,20062,0.0006110522,-1,-1
8243,20063,0.0006114353,-1,-1
8244,20064,0.0006114616,-1,-1
8245,20065,0.0006114852,-1,-1
8246,20066,0.00061129,-1,-1
8247,20067,0.0006111524,-1,-1
8248,20070,0.0006111255,-1,-1
8249,20071,0.0006110137,-1,-1
8250,20072,0.0006108562,-1,-1
8251,20073,0.0006108803,-1,-1
8252,20074,0.0006114226,-1,-1
8253,20075,0.0006111343,-1,-1
8254,20076,0.0006111899,-1,-1
8255,20077,0.0006112712,-1,-1
8256,20100,0.0006116173,-1,-1
8257,20101,0.0006113241,-1,-1
8258,20102,0.0006110359,-1,-1
8259,20103,0.0006111718,-1,-1
8260,20104,0.0006108744,-1,-1
8261,20105,0.0006113539,-1,-1
8262,20106,0.0006111543,-1,-1
8263,20107,0.0006108796,-1,-1
8264,20110,0.0006112683,-1,-1
8265,20111,0.0006112369,-1,-1
8266,20112,0.0006113048,-1,-1
8267,20113,0.0006112027,-1,-1
8268,20114,0.0006113444,-1,-1
8269,20115,0.0006115824,-1,-1
8270,20116,0.0006112843,-1,-1
8271,20117,0.000611552,-1,-1
8272,20120,0.0006114739,-1,-1
8273,20121,0.0006115764,-1,-1
8274,20122,0.0006114243,-1,-1
8275,20123,0.0006111684,-1,-1
8276,20124,0.0006114822,-1,-1
8277,20125,0.0006116715,-1,-1
8278,20126,0.0006115549,-1,-1
8279,20127,0.0006113281,-1,-1
8280,20130,0.000611583,-1,-1
8281,20131,0.0006116908,-1,-1
8282,20132,0.0006114971,-1,-1
8283,20133,0.0006118273,-1,-1
8284,20134,0.0006113516,-1,-1
8285,20135,0.0006113639,-1,-1
8286,20136,0.0006111015,-1,-1
8287,20137,0.0006114126,-1,-1
8288,20140,0.0006110465,-1,-1
8289,20141,0.0006113001,-1,-1
8290,20142,0.0006117626,-1,-1
8291,20143,0.0006114437,-1,-1
8292,20144,0.0006113439,-1,-1
8293,20145,0.0006114097,-1,-1
8294,20146,0.0006116209,-1,-1
8295,20147,0.0006117552,-1,-1
8296,20150,0.0006114623,-1,-1
8297,20151,0.000611211,-1,-1
8298,20152,0.0006114272,-1,-1
8299,20153,0.0006111413,-1,-1
8300,20154,0.0006112398,-1,-1
8301,20155,0.0006114107,-1,-1
8302,20156,0.0006118255,-1,-1
8303,20157,0.0006112134,-1,-1
8304,20160,0.0006116157,-1,-1
8305,20161,0.0006114178,-1,-1
8306,20162,0.0006115409,-1,-1
8307,20163,0.000612046,-1,-1
8308,20164,0.0006109751,-1,-1
8309,20165,0.0006112818,-1,-1
8310,20166,0.0006109692,-1,-1
8311,20167,0.0006108987,-1,-1
8312,20170,0.0006113113,-1,-1
8313,20171,0.0006115453,-1,-1
8314,20172,0.000611286,-1,-1
8315,20173,0.0006115317,-1,-1
8316,20174,0.0006112213,-1,-1
8317,20175,0.0006113424,-1,-1
8318,20176,0.0006106846,-1,-1
8319,20177,0.000611135,-1,-1
8320,20200,0.0006112984,-1,-1
8321,20201,0.0006114237,-1,-1
8322,20202,0.0006113048,-1,-1
8323,20203,0.0006112339,-1,-1
8324,20204,0.0006105995,-1,-1
8325,20205,0.0006115667,-1,-1
8326,20206,0.0006112281,-1,-1
8327,20207,0.0006112884,-1,-1
8328,20210,0.0006114348,-1,-1
8329,20211,0.000611184,-1,-1
8330,20212,0.0006111028,-1,-1
8331,20213,0.0006111203,-1,-1
8332,20214,0.0006107635,-1,-1
8333,20215,0.0006109059,-1,-1
8334,20216,0.0006112545,-1,-1
8335,20217,0.0006113568,-1,-1
8336,20220,0.0006110396,-1,-1
8337,20221,0.0006108065,-1,-1
8338,20222,0.0006108804,-1,-1
8339,20223,0.0006112186,-1,-1
8340,20224,0.000611305,-1,-1
8341,20225,0.0006114799,-1,-1
8342,20226,0.0006113991,-1,-1
8343,20227,0.0006110236,-1,-1
8344,20230,0.0006111683,-1,-1
8345,20231,0.0006108363,-1,-1
8346,20232,0.0006116334,-1,-1
8347,20233,0.000611205,-1,-1
8348,20234,0.0006113017,11,49
8349,20235,0.000611371,11,49
8350,20236,0.0006112732,11,49
8351,20237,0.0006112712,11,49
8352,20240,0.0006110219,11,49
8353,20241,0.0006112198,11,49
8354,20242,0.000611374,11,49
8355,20243,0.000611812,11,48
8356,20244,0.0006113346,11,48
8357,20245,0.0006114002,11,48
8358,20246,0.0006114689,11,48
8359,20247,0.0006117462,11,48
8360,20250,0.0006110454,11,48
8361,20251,0.0006112431,11,47
8362,20252,0.0006111356,11,47
8363,20253,0.0006112503,11,47
8364,20254,0.0006113035,11,47
8365,20255,0.00061135,11,47
8366,20256,0.0006113225,11,47
8367,20257,0.0006116171,11,46
8368,20260,0.0006109721,11,46
8369,20261,0.0006110717,11,46
8370,20262,0.0006113657,11,46
8371,20263,0.0006109633,11,46
8372,20264,0.0006110271,11,46
8373,20265,0.0006111659,11,45
8374,20266,0.0006108748,11,45
8375,20267,0.0006112539,11,45
8376,20270,0.0006114512,11,45
8377,20271,0.0006109611,11,45
8378,20272,0.0006110171,11,45
8379,20273,0.0006113305,11,44
8380,20274,0.000610985,11,44
8381,20275,0.0006108409,11,44
8382,20276,0.0006109446,11,44
8383,20277,0.0006113163,11,44
8384,20300,0.0006113306,11,44
8385,20301,0.0006115811,11,44
8386,20302,0.0006110109,11,43
8387,20303,0.0006103736,11,43
8388,20304,0.0006091503,11,43
8389,20305,0.0006048587,11,43
8390,20306,0.0006001954,11,43
8391,20307,0.0005945421,11,43
8392,20310,0.0005870131,11,42
8393,20311,0.0005783093,11,42
8394,20312,0.0005666223,11,42
8395,20313,0.0005543832,11,42
8396,20314,0.0005444442,11,42
8397,20315,0.0005362029,11,42
8398,20316,0.0005315666,11,41
8399,20317,0.0005328062,11,41
8400,20320,0.0005387329,11,41
8401,20321,0.0005448455,11,41
8402,20322,0.0005506953,11,41
8403,20323,0.0005555489,11,41
8404,20324,0.0005578749,11,40
8405,20325,0.000560452,11,40
8406,20326,0.000561841,11,40
8407,20327,0.0005628213,11,40
8408,20330,0.0005629777,11,40
8409,20331,0.0005623132,11,40
8410,20332,0.0005596349,11,39
8411,20333,0.0005535227,11,39
8412,20334,0.0005450499,11,39
8413,20335,0.0005258806,11,39
8414,20336,0.0004935288,11,39
8415,20337,0.0004582081,11,39
8416,20340,0.0003931801,11,38
8417,20341,0.0003166054,11,38
8418,20342,0.0002454629,11,38
8419,20343,0.0001713406,11,38
8420,20344,0.0001208571,11,38
8421,20345,3.128957e-05,11,38
8422,20346,3.128096e-05,11,38
8423,20347,3.141886e-05,11,37
8424,20350,3.159137e-05,11,37
8425,20351,3.160454e-05,11,37
8426,20352,3.158165e-05,11,37
8427,20353,3.168555e-05,11,37
8428,20354,3.185469e-05,11,37
8429,20355,3.186428e-05,11,36
8430,20356,3.183685e-05,11,36
8431,20357,3.186953e-05,11,36
8432,20360,3.206138e-05,11,36
8433,20361,3.206709e-05,11,36
8434,20362,3.202036e-05,11,36
8435,20363,3.204326e-05,11,35
8436,20364,3.222622e-05,11,35
8437,20365,3.221889e-05,11,35
8438,20366,3.216552e-05,11,35
8439,20367,3.219837e-05,11,35
8440,20370,3.236449e-05,11,35
8441,20371,3.236267e-05,11,34
8442,20372,3.230616e-05,11,34
8443,20373,3.228881e-05,11,34
8444,20374,3.247518e-05,11,34
8445,20375,3.247419e-05,11,34
8446,20376,3.241037e-05,11,34
8447,20377,3.239611e-05,11,33
8448,20400,3.257824e-05,11,33
8449,20401,3.258483e-05,11,33
8450,20402,3.255283e-05,11,33
8451,20403,3.264049e-05,11,33
8452,20404,3.295206e-05,11,33
8453,20405,3.321095e-05,11,33
8454,20406,3.362537e-05,11,32
8455,20407,3.421842e-05,11,32
8456,20410,3.532533e-05,11,32
8457,20411,3.737504e-05,11,32
8458,20412,4.191694e-05,11,32
8459,20413,5.421949e-05,11,32
8460,20414,7.711539e-05,11,31
8461,20415,0.0005502572,11,31
8462,20416,0.0005493417,11,31
8463,20417,0.000549907,11,31
8464,20420,0.0005489963,11,31
8465,20421,0.0005484369,11,31
8466,20422,0.0005467466,11,30
8467,20423,0.0005452582,11,30
8468,20424,0.0005448939,11,30
8469,20425,0.0005423593,11,30
8470,20426,0.0005401789,11,30
8471,20427,0.000535799,11,30
8472,20430,0.0005316153,11,29
8473,20431,0.0005218302,11,29
8474,20432,0.000518878,11,29
8475,20433,0.0005185023,11,29
8476,20434,0.0005210829,11,29
8477,20435,0.0005223858,11,29
8478,20436,0.0005227331,11,28
8479,20437,0.0005217212,11,28
8480,20440,0.0005216422,11,28
8481,20441,0.0005163857,11,28
8482,20442,0.0005143986,11,28
8483,20443,0.0005118432,11,28
8484,20444,0.0005036988,11,27
8485,20445,0.0004996957,11,27
8486,20446,0.0004920965,11,27
8487,20447,0.000495412,11,27
8488,20450,0.0005035282,11,27
8489,20451,0.0005193673,11,27
8490,20452,0.0005296836,11,27
8491,20453,0.0005375512,11,26
8492,20454,0.0005460852,11,26
8493,20455,0.0005514945,11,26
8494,20456,0.0005561312,11,26
8495,20457,0.0005591657,11,26
8496,20460,0.0005624843,11,26
8497,20461,0.0005644996,11,25
8498,20462,0.0005664926,11,25
8499,20463,0.0005684025,11,25
8500,20464,0.0005697542,11,25
8501,20465,0.0005703481,11,25
8502,20466,0.000570871,11,25
8503,20467,0.000571179,11,24
8504,20470,0.0005711727,11,24
8505,20471,0.000571231,11,24
8506,20472,0.0005706886,11,24
8507,20473,0.0005703187,11,24
8508,20474,0.000568783,11,24
8509,20475,0.000567964,11,23
8510,20476,0.0005639743,11,23
8511,20477,0.000558485,11,23
8512,20500,0.0005532558,11,23
8513,20501,0.0005316646,11,23
8514,20502,0.000504979,11,23
8515,20503,0.0004836057,11,22
8516,20504,0.0004318919,11,22
8517,20505,0.0003832997,11,22
8518,20506,0.0003118024,11,22
8519,20507,0.0002177102,11,22
8520,20510,0.0001669668,11,22
8521,20511,0.0001066365,11,22
8522,20512,3.107851e-05,11,21
8523,20513,3.108399e-05,11,21
8524,20514,3.113683e-05,11,21
8525,20515,3.135335e-05,11,21
8526,20516,3.13952e-05,11,21
8527,20517,3.137316e-05,11,21
8528,20520,3.14429e-05,11,20
8529,20521,3.162156e-05,11,20
8530,20522,3.162895e-05,11,20
8531,20523,3.159072e-05,11,20
8532,20524,3.164808e-05,11,20
8533,20525,3.181747e-05,11,20
8534,20526,3.18139e-05,11,19
8535,20527,3.177705e-05,11,19
8536,20530,3.179677e-05,11,19
8537,20531,3.197206e-05,11,19
8538,20532,3.197027e-05,11,19
8539,20533,3.192458e-05,11,19
8540,20534,3.190999e-05,11,18
8541,20535,3.209466e-05,11,18
8542,20536,3.209938e-05,11,18
8543,20537,3.20341e-05,11,18
8544,20540,3.202783e-05,11,18
8545,20541,3.219959e-05,11,18
8546,20542,3.219582e-05,11,17
8547,20543,3.214321e-05,11,17
8548,20544,3.210187e-05,11,17
8549,20545,3.227756e-05,11,17
8550,20546,3.229092e-05,11,17
8551,20547,3.222197e-05,11,17
8552,20550,3.217062e-05,11,16
8553,20551,3.233808e-05,11,16
8554,20552,3.235858e-05,11,16
8555,20553,3.230385e-05,11,16
8556,20554,3.223719e-05,11,16
8557,20555,3.236607e-05,11,16
8558,20556,3.244284e-05,11,16
8559,20557,3.240144e-05,11,15
8560,20560,3.232321e-05,11,15
8561,20561,3.239778e-05,11,15
8562,20562,3.255417e-05,11,15
8563,20563,3.257467e-05,11,15
8564,20564,3.266107e-05,11,15
8565,20565,3.289622e-05,11,14
8566,20566,3.345653e-05,11,14
8567,20567,3.424084e-05,11,14
8568,20570,3.501014e-05,11,14
8569,20571,3.742162e-05,11,14
8570,20572,4.242247e-05,11,14
8571,20573,5.113398e-05,11,13
8572,20574,7.725832e-05,11,13
8573,20575,0.0005708377,11,13
8574,20576,0.0005713841,11,13
8575,20577,0.000572857,11,13
8576,20600,0.0005735972,11,13
8577,20601,0.0005736381,11,12
8578,20602,0.0005744593,11,12
8579,20603,0.0005741449,11,12
8580,20604,0.0005743036,11,12
8581,20605,0.000573847,11,12
8582,20606,0.0005748067,11,12
8583,20607,0.0005748772,11,11
8584,20610,0.0005750679,11,11
8585,20611,0.0005750706,11,11
8586,20612,0.0005745975,11,11
8587,20613,0.0005743433,11,11
8588,20614,0.0005743679,11,11
8589,20615,0.0005742359,11,11
8590,20616,0.0005742954,11,10
8591,20617,0.0005739264,11,10
8592,20620,0.000574226,11,10
8593,20621,0.0005742318,11,10
8594,20622,0.0005735732,11,10
8595,20623,0.000573493,11,10
8596,20624,0.0005719539,11,9
8597,20625,0.000568524,11,9
8598,20626,0.0005642422,11,9
8599,20627,0.0005526991,11,9
8600,20630,0.0005363846,11,9
8601,20631,0.0005178236,11,9
8602,20632,0.0004700222,11,8
8603,20633,0.0004165845,11,8
8604,20634,0.000359366,11,8
8605,20635,0.0002733009,11,8
8606,20636,0.0001991649,11,8
8607,20637,0.0001306959,11,8
8608,20640,3.070754e-05,11,7
8609,20641,3.077754e-05,11,7
8610,20642,3.099376e-05,11,7
8611,20643,3.10334e-05,11,7
8612,20644,3.10252e-05,11,7
8613,20645,3.105979e-05,11,7
8614,20646,3.127273e-05,11,6
8615,20647,3.131308e-05,11,6
8616,20650,3.129183e-05,11,6
8617,20651,3.129381e-05,11,6
8618,20652,3.148201e-05,11,6
8619,20653,3.146538e-05,11,6
8620,20654,3.142729e-05,11,5
8621,20655,3.1613e-05,11,5
8622,20656,3.165583e-05,11,5
8623,20657,3.162099e-05,11,5
8624,20660,3.158329e-05,11,5
8625,20661,3.176556e-05,11,5
8626,20662,3.179762e-05,11,5
8627,20663,3.17474e-05,11,4
8628,20664,3.169267e-05,11,4
8629,20665,3.187737e-05,11,4
8630,20666,3.189796e-05,11,4
8631,20667,3.183372e-05,11,4
8632,20670,3.179856e-05,11,4
8633,20671,3.198236e-05,11,3
8634,20672,3.198932e-05,11,3
8635,20673,3.193786e-05,11,3
8636,20674,3.1921e-05,11,3
8637,20675,3.216895e-05,11,3
8638,20676,3.224904e-05,11,3
8639,20677,3.215574e-05,11,2
8640,20700,3.209116e-05,11,2
8641,20701,3.221031e-05,11,2
8642,20702,3.225839e-05,11,2
8643,20703,3.223852e-05,11,2
8644,20704,3.214811e-05,11,2
8645,20705,3.223616e-05,11,1
8646,20706,3.234157e-05,11,1
8647,20707,3.228383e-05,11,1
8648,20710,3.219316e-05,11,1
8649,20711,3.223517e-05,11,1
8650,20712,3.234871e-05,11,1
8651,20713,3.231604e-05,11,0
8652,20714,3.224671e-05,11,0
8653,20715,3.223128e-05,11,0
8654,20716,3.239295e-05,11,0
8655,20717,3.235603e-05,11,0
8656,20720,3.226474e-05,11,0
8657,20721,3.225915e-05,-1,-1
8658,20722,3.240466e-05,-1,-1
8659,20723,3.23767e-05,-1,-1
8660,20724,3.232096e-05,-1,-1
8661,20725,3.226697e-05,-1,-1
8662,20726,3.243481e-05,-1,-1
8663,20727,3.242456e-05,-1,-1
8664,20730,3.233829e-05,-1,-1
8665,20731,3.229964e-05,-1,-1
8666,20732,3.245258e-05,-1,-1
8667,20733,3.245789e-05,-1,-1
8668,20734,3.240923e-05,-1,-1
8669,20735,3.232763e-05,-1,-1
8670,20736,3.248629e-05,-1,-1
8671,20737,3.252145e-05,-1,-1
8672,20740,3.245021e-05,-1,-1
8673,20741,3.238261e-05,-1,-1
8674,20742,3.251913e-05,-1,-1
8675,20743,3.257221e-05,-1,-1
8676,20744,3.25254e-05,-1,-1
8677,20745,3.243856e-05,-1,-1
8678,20746,3.257871e-05,-1,-1
8679,20747,3.263522e-05,-1,-1
8680,20750,3.255804e-05,-1,-1
8681,20751,3.248663e-05,-1,-1
8682,20752,3.26308e-05,-1,-1
8683,20753,3.266317e-05,-1,-1
8684,20754,3.259326e-05,-1,-1
8685,20755,3.251899e-05,-1,-1
8686,20756,3.267641e-05,-1,-1
8687,20757,3.269673e-05,-1,-1
8688,20760,3.26305e-05,-1,-1
8689,20761,3.254794e-05,-1,-1
8690,20762,3.26894e-05,-1,-1
8691,20763,3.271333e-05,-1,-1
8692,20764,3.264979e-05,-1,-1
8693,20765,3.256741e-05,-1,-1
8694,20766,3.268917e-05,-1,-1
8695,20767,3.273546e-05,-1,-1
8696,20770,3.265287e-05,-1,-1
8697,20771,3.257705e-05,-1,-1
8698,20772,3.273432e-05,-1,-1
8699,20773,3.274612e-05,-1,-1
8700,20774,3.268809e-05,-1,-1
8701,20775,3.259212e-05,-1,-1
8702,20776,3.270806e-05,-1,-1
8703,20777,3.27713e-05,-1,-1
8704,21000,3.270396e-05,-1,-1
8705,21001,3.261405e-05,-1,-1
8706,21002,3.268074e-05,-1,-1
8707,21003,3.277993e-05,-1,-1
8708,21004,3.27239e-05,-1,-1
8709,21005,3.262383e-05,-1,-1
8710,21006,3.270668e-05,-1,-1
8711,21007,3.279932e-05,-1,-1
8712,21010,3.27397e-05,-1,-1
8713,21011,3.265421e-05,-1,-1
8714,21012,3.269866e-05,-1,-1
8715,21013,3.280412e-05,-1,-1
8716,21014,3.274155e-05,-1,-1
8717,21015,3.26493e-05,-1,-1
8718,21016,3.274381e-05,-1,-1
8719,21017,3.281333e-05,-1,-1
8720,21020,3.275841e-05,-1,-1
8721,21021,3.26627e-05,-1,-1
8722,21022,3.271693e-05,-1,-1
8723,21023,3.28247e-05,-1,-1
8724,21024,3.277361e-05,-1,-1
8725,21025,3.27075e-05,-1,-1
8726,21026,3.267266e-05,-1,-1
8727,21027,3.283151e-05,-1,-1
8728,21030,3.279694e-05,-1,-1
8729,21031,3.272211e-05,-1,-1
8730,21032,3.267981e-05,-1,-1
8731,21033,3.283245e-05,-1,-1
8732,21034,3.281826e-05,-1,-1
8733,21035,3.275701e-05,-1,-1
8734,21036,3.267764e-05,-1,-1
8735,21037,3.279067e-05,-1,-1
8736,21040,3.284572e-05,-1,-1
8737,21041,3.278954e-05,-1,-1
8738,21042,3.268115e-05,-1,-1
8739,21043,3.280397e-05,-1,-1
8740,21044,3.284464e-05,-1,-1
8741,21045,3.277888e-05,-1,-1
8742,21046,3.268229e-05,-1,-1
8743,21047,3.278798e-05,-1,-1
8744,21050,3.285184e-05,-1,-1
8745,21051,3.27857e-05,-1,-1
8746,21052,3.270134e-05,-1,-1
8747,21053,3.276477e-05,-1,-1
8748,21054,3.286572e-05,-1,-1
8749,21055,3.279688e-05,-1,-1
8750,21056,3.270343e-05,-1,-1
8751,21057,3.274008e-05,-1,-1
8752,21060,3.286361e-05,-1,-1
8753,21061,3.281079e-05,-1,-1
8754,21062,3.272712e-05,-1,-1
8755,21063,3.275116e-05,-1,-1
8756,21064,3.28728e-05,-1,-1
8757,21065,3.28167e-05,-1,-1
8758,21066,3.272437e-05,-1,-1
8759,21067,3.277319e-05,-1,-1
8760,21070,3.287374e-05,-1,-1
8761,21071,3.282891e-05,-1,-1
8762,21072,3.273338e-05,-1,-1
8763,21073,3.276248e-05,-1,-1
8764,21074,3.288413e-05,-1,-1
8765,21075,3.28222e-05,-1,-1
8766,21076,3.272457e-05,-1,-1
8767,21077,3.280213e-05,-1,-1
8768,21100,3.28851e-05,-1,-1
8769,21101,3.281598e-05,-1,-1
8770,21102,3.272294e-05,-1,-1
8771,21103,3.282998e-05,-1,-1
8772,21104,3.289295e-05,-1,-1
8773,21105,3.282113e-05,-1,-1
8774,21106,3.273687e-05,-1,-1
8775,21107,3.28324e-05,-1,-1
8776,21110,3.289479e-05,-1,-1
8777,21111,3.283489e-05,-1,-1
8778,21112,3.273842e-05,-1,-1
8779,21113,3.281173e-05,-1,-1
8780,21114,3.290442e-05,-1,-1
8781,21115,3.27532e-05,-1,-1
8782,21116,3.278438e-05,-1,-1
8783,21117,3.291025e-05,-1,-1
8784,21120,3.285585e-05,-1,-1
8785,21121,3.278713e-05,-1,-1
8786,21122,3.276351e-05,-1,-1
8787,21123,3.291007e-05,-1,-1
8788,21124,3.287848e-05,-1,-1
8789,21125,3.279224e-05,-1,-1
8790,21126,3.275677e-05,-1,-1
8791,21127,3.291809e-05,-1,-1
8792,21130,3.287658e-05,-1,-1
8793,21131,3.28064e-05,-1,-1
8794,21132,3.27446e-05,-1,-1
8795,21133,3.290702e-05,-1,-1
8796,21134,3.290342e-05,-1,-1
8797,21135,3.283479e-05,-1,-1
8798,21136,3.274551e-05,-1,-1
8799,21137,3.288041e-05,-1,-1
8800,21140,3.290796e-05,-1,-1
8801,21141,3.281808e-05,-1,-1
8802,21142,3.27539e-05,-1,-1
8803,21143,3.290445e-05,-1,-1
8804,21144,3.290091e-05,-1,-1
8805,21145,3.282262e-05,-1,-1
8806,21146,3.275223e-05,-1,-1
8807,21147,3.290972e-05,-1,-1
8808,21150,3.29072e-05,-1,-1
8809,21151,3.282505e-05,-1,-1
8810,21152,3.275382e-05,-1,-1
8811,21153,3.291511e-05,-1,-1
8812,21154,3.290972e-05,-1,-1
8813,21155,3.284645e-05,-1,-1
8814,21156,3.276577e-05,-1,-1
8815,21157,3.287295e-05,-1,-1
8816,21160,3.29298e-05,-1,-1
8817,21161,3.287438e-05,-1,-1
8818,21162,3.277885e-05,-1,-1
8819,21163,3.283729e-05,-1,-1
8820,21164,3.293692e-05,-1,-1
8821,21165,3.287783e-05,-1,-1
8822,21166,3.27864e-05,-1,-1
8823,21167,3.283246e-05,-1,-1
8824,21170,3.293844e-05,-1,-1
8825,21171,3.287617e-05,-1,-1
8826,21172,3.278032e-05,-1,-1
8827,21173,3.283362e-05,-1,-1
8828,21174,3.293944e-05,-1,-1
8829,21175,3.290668e-05,-1,-1
8830,21176,3.282127e-05,-1,-1
8831,21177,3.277326e-05,-1,-1
8832,21200,3.29072e-05,-1,-1
8833,21201,3.292644e-05,-1,-1
8834,21202,3.285157e-05,-1,-1
8835,21203,3.276647e-05,-1,-1
8836,21204,3.287298e-05,-1,-1
8837,21205,3.293918e-05,-1,-1
8838,21206,3.28762e-05,-1,-1
8839,21207,3.278412e-05,-1,-1
8840,21210,3.285755e-05,-1,-1
8841,21211,3.294787e-05,-1,-1
8842,21212,3.287956e-05,12,0
8843,21213,3.278819e-05,12,0
8844,21214,3.283395e-05,12,0
8845,21215,3.294702e-05,12,0
8846,21216,3.289722e-05,12,0
8847,21217,3.279647e-05,12,0
8848,21220,3.284104e-05,12,0
8849,21221,3.292079e-05,12,1
8850,21222,3.279334e-05,12,1
8851,21223,3.267989e-05,12,1
8852,21224,3.270906e-05,12,1
8853,21225,3.280342e-05,12,1
8854,21226,3.274369e-05,12,1
8855,21227,3.264842e-05,12,2
8856,21230,3.269624e-05,12,2
8857,21231,3.280359e-05,12,2
8858,21232,3.274864e-05,12,2
8859,21233,3.265849e-05,12,2
8860,21234,3.269795e-05,12,2
8861,21235,3.281056e-05,12,3
8862,21236,3.275449e-05,12,3
8863,21237,3.265305e-05,12,3
8864,21240,3.2727e-05,12,3
8865,21241,3.282119e-05,12,3
8866,21242,3.276492e-05,12,3
8867,21243,3.268011e-05,12,4
8868,21244,3.270431e-05,12,4
8869,21245,3.282731e-05,12,4
8870,21246,3.2784e-05,12,4
8871,21247,3.271526e-05,12,4
8872,21250,3.265916e-05,12,4
8873,21251,3.279949e-05,12,5
8874,21252,3.282716e-05,12,5
8875,21253,3.276331e-05,12,5
8876,21254,3.26811e-05,12,5
8877,21255,3.278014e-05,12,5
8878,21256,3.284148e-05,12,5
8879,21257,3.27724e-05,12,5
8880,21260,3.2684e-05,12,6
8881,21261,3.27643e-05,12,6
8882,21262,3.285573e-05,12,6
8883,21263,3.28151e-05,12,6
8884,21264,3.274547e-05,12,6
8885,21265,3.27516e-05,12,6
8886,21266,3.295202e-05,12,7
8887,21267,3.298634e-05,12,7
8888,21270,3.294925e-05,12,7
8889,21271,3.295929e-05,12,7
8890,21272,3.329299e-05,12,7
8891,21273,3.361829e-05,12,7
8892,21274,3.452858e-05,12,8
8893,21275,3.61275e-05,12,8
8894,21276,3.987607e-05,12,8
8895,21277,5.006696e-05,12,8
8896,21300,6.406141e-05,12,8
8897,21301,0.0005735996,12,8
8898,21302,0.0005726637,12,9
8899,21303,0.0005732536,12,9
8900,21304,0.0005728762,12,9
8901,21305,0.0005729113,12,9
8902,21306,0.00057152,12,9
8903,21307,0.0005738737,12,9
8904,21310,0.0005728042,12,10
8905,21311,0.0005730246,12,10
8906,21312,0.0005733469,12,10
8907,21313,0.0005740526,12,10
8908,21314,0.0005732183,12,10
8909,21315,0.0005730876,12,10
8910,21316,0.0005723286,12,11
8911,21317,0.0005722083,12,11
8912,21320,0.000571354,12,11
8913,21321,0.0005720042,12,11
8914,21322,0.0005730829,12,11
8915,21323,0.000573104,12,11
8916,21324,0.0005732088,12,11
8917,21325,0.0005720663,12,12
8918,21326,0.0005724033,12,12
8919,21327,0.0005707708,12,12
8920,21330,0.0005686356,12,12
8921,21331,0.0005636606,12,12
8922,21332,0.000553805,12,12
8923,21333,0.000541486,12,13
8924,21334,0.0005117378,12,13
8925,21335,0.0004772361,12,13
8926,21336,0.0004318018,12,13
8927,21337,0.000347706,12,13
8928,21340,0.0002790527,12,13
8929,21341,0.0002017006,12,14
8930,21342,0.0001375279,12,14
8931,21343,0.0001019765,12,14
8932,21344,3.096907e-05,12,14
8933,21345,3.121228e-05,12,14
8934,21346,3.124619e-05,12,14
8935,21347,3.123945e-05,12,15
8936,21350,3.130679e-05,12,15
8937,21351,3.151275e-05,12,15
8938,21352,3.153907e-05,12,15
8939,21353,3.15105e-05,12,15
8940,21354,3.155128e-05,12,15
8941,21355,3.174624e-05,12,16
8942,21356,3.17638e-05,12,16
8943,21357,3.173187e-05,12,16
8944,21360,3.174018e-05,12,16
8945,21361,3.193118e-05,12,16
8946,21362,3.193838e-05,12,16
8947,21363,3.189196e-05,12,16
8948,21364,3.190018e-05,12,17
8949,21365,3.209599e-05,12,17
8950,21366,3.209063e-05,12,17
8951,21367,3.203195e-05,12,17
8952,21370,3.204604e-05,12,17
8953,21371,3.221277e-05,12,17
8954,21372,3.221427e-05,12,18
8955,21373,3.216476e-05,12,18
8956,21374,3.216222e-05,12,18
8957,21375,3.233252e-05,12,18
8958,21376,3.23257e-05,12,18
8959,21377,3.226638e-05,12,18
8960,21400,3.224308e-05,12,19
8961,21401,3.240796e-05,12,19
8962,21402,3.243385e-05,12,19
8963,21403,3.237988e-05,12,19
8964,21404,3.232072e-05,12,19
8965,21405,3.249674e-05,12,19
8966,21406,3.251357e-05,12,20
8967,21407,3.245706e-05,12,20
8968,21410,3.249261e-05,12,20
8969,21411,3.260553e-05,12,20
8970,21412,3.259912e-05,12,20
8971,21413,3.254818e-05,12,20
8972,21414,3.267234e-05,12,21
8973,21415,3.287026e-05,12,21
8974,21416,3.29178e-05,12,21
8975,21417,3.310359e-05,12,21
8976,21420,3.352543e-05,12,21
8977,21421,3.456614e-05,12,21
8978,21422,3.703949e-05,12,22
8979,21423,3.978037e-05,12,22
8980,21424,4.843634e-05,12,22
8981,21425,6.387518e-05,12,22
8982,21426,0.0005437636,12,22
8983,21427,0.0005412137,12,22
8984,21430,0.0005391888,12,22
8985,21431,0.0005376651,12,23
8986,21432,0.0005365823,12,23
8987,21433,0.0005360761,12,23
8988,21434,0.0005332286,12,23
8989,21435,0.000529506,12,23
8990,21436,0.0005231342,12,23
8991,21437,0.0005139443,12,24
8992,21440,0.0004982041,12,24
8993,21441,0.0004892657,12,24
8994,21442,0.0004691461,12,24
8995,21443,0.0004582641,12,24
8996,21444,0.0004531661,12,24
8997,21445,0.0004381777,12,25
8998,21446,0.0004442433,12,25
8999,21447,0.0004406228,12,25
9000,21450,0.0004370708,12,25
9001,21451,0.0004428414,12,25
9002,21452,0.0004322937,12,25
9003,21453,0.0004325624,12,26
9004,21454,0.0004380294,12,26
9005,21455,0.0004412176,12,26
9006,21456,0.0004670266,12,26
9007,21457,0.0004911677,12,26
9008,21460,0.0005099118,12,26
9009,21461,0.0005240032,12,27
9010,21462,0.0005332595,12,27
9011,21463,0.0005411712,12,27
9012,21464,0.0005489254,12,27
9013,21465,0.00055385,12,27
9014,21466,0.0005571815,12,27
9015,21467,0.0005593059,12,27
9016,21470,0.0005599693,12,28
9017,21471,0.0005597034,12,28
9018,21472,0.0005583091,12,28
9019,21473,0.000557255,12,28
9020,21474,0.0005577522,12,28
9021,21475,0.0005589048,12,28
9022,21476,0.0005607844,12,29
9023,21477,0.0005621247,12,29
9024,21500,0.0005644756,12,29
9025,21501,0.0005649434,12,29
9026,21502,0.0005644314,12,29
9027,21503,0.0005636802,12,29
9028,21504,0.0005633544,12,30
9029,21505,0.0005622972,12,30
9030,21506,0.000562448,12,30
9031,21507,0.000563133,12,30
9032,21510,0.0005637367,12,30
9033,21511,0.0005615782,12,30
9034,21512,0.0005542478,12,31
9035,21513,0.0005421747,12,31
9036,21514,0.0005230309,12,31
9037,21515,0.0004838685,12,31
9038,21516,0.0004369334,12,31
9039,21517,0.0003678877,12,31
9040,21520,0.0002765141,12,32
9041,21521,0.0002144892,12,32
9042,21522,0.0001471308,12,32
9043,21523,3.111997e-05,12,32
9044,21524,3.137369e-05,12,32
9045,21525,3.142495e-05,12,32
9046,21526,3.141974e-05,12,33
9047,21527,3.147794e-05,12,33
9048,21530,3.168209e-05,12,33
9049,21531,3.171656e-05,12,33
9050,21532,3.169954e-05,12,33
9051,21533,3.17111e-05,12,33
9052,21534,3.192764e-05,12,33
9053,21535,3.195621e-05,12,34
9054,21536,3.192951e-05,12,34
9055,21537,3.192568e-05,12,34
9056,21540,3.212837e-05,12,34
9057,21541,3.213932e-05,12,34
9058,21542,3.209637e-05,12,34
9059,21543,3.21079e-05,12,35
9060,21544,3.22929e-05,12,35
9061,21545,3.228521e-05,12,35
9062,21546,3.223555e-05,12,35
9063,21547,3.225391e-05,12,35
9064,21550,3.241892e-05,12,35
9065,21551,3.241522e-05,12,36
9066,21552,3.236025e-05,12,36
9067,21553,3.23628e-05,12,36
9068,21554,3.254059e-05,12,36
9069,21555,3.251922e-05,12,36
9070,21556,3.246503e-05,12,36
9071,21557,3.248174e-05,12,37
9072,21560,3.270396e-05,12,37
9073,21561,3.275417e-05,12,37
9074,21562,3.274296e-05,12,37
9075,21563,3.283937e-05,12,37
9076,21564,3.315094e-05,12,37
9077,21565,3.354636e-05,12,38
9078,21566,3.45044e-05,12,38
9079,21567,3.641222e-05,12,38
9080,21570,4.118088e-05,12,38
9081,21571,4.990531e-05,12,38
9082,21572,6.710529e-05,12,38
9083,21573,0.0006121036,12,38
9084,21574,0.0006120034,12,39
9085,21575,0.0006119097,12,39
9086,21576,0.0006118173,12,39
9087,21577,0.0006117423,12,39
9088,21600,0.0006120953,12,39
9089,21601,0.0006120153,12,39
9090,21602,0.0006118085,12,40
9091,21603,0.0006119676,12,40
9092,21604,0.0006113088,12,40
9093,21605,0.0006118061,12,40
9094,21606,0.0006121469,12,40
9095,21607,0.0006120362,12,40
9096,21610,0.0006117672,12,41
9097,21611,0.0006112718,12,41
9098,21612,0.0006116245,12,41
9099,21613,0.0006114307,12,41
9100,21614,0.0006113909,12,41
9101,21615,0.0006111759,12,41
9102,21616,0.0006117729,12,42
9103,21617,0.0006118734,12,42
9104,21620,0.0006118479,12,42
9105,21621,0.0006118219,12,42
9106,21622,0.0006118523,12,42
9107,21623,0.0006120075,12,42
9108,21624,0.000611587,12,43
9109,21625,0.0006118646,12,43
9110,21626,0.0006113024,12,43
9111,21627,0.000611843,12,43
9112,21630,0.0006117082,12,43
9113,21631,0.0006117849,12,43
9114,21632,0.0006119349,12,44
9115,21633,0.0006117448,12,44
9116,21634,0.0006119899,12,44
9117,21635,0.0006119314,12,44
9118,21636,0.0006117147,12,44
9119,21637,0.0006122998,12,44
9120,21640,0.0006119185,12,44
9121,21641,0.0006115425,12,45
9122,21642,0.0006119536,12,45
9123,21643,0.000611323,12,45
9124,21644,0.0006123132,12,45
9125,21645,0.0006117405,12,45
9126,21646,0.0006111829,12,45
9127,21647,0.000611102,12,46
9128,21650,0.0006113041,12,46
9129,21651,0.000612063,12,46
9130,21652,0.0006117867,12,46
9131,21653,0.0006120644,12,46
9132,21654,0.0006118792,12,46
9133,21655,0.0006118065,12,47
9134,21656,0.0006112427,12,47
9135,21657,0.0006117936,12,47
9136,21660,0.0006117757,12,47
9137,21661,0.0006113852,12,47
9138,21662,0.0006118119,12,47
9139,21663,0.0006115893,12,48
9140,21664,0.0006114378,12,48
9141,21665,0.0006113492,12,48
9142,21666,0.000611954,12,48
9143,21667,0.0006116653,12,48
9144,21670,0.0006114376,12,48
9145,21671,0.0006115173,12,49
9146,21672,0.0006114238,12,49
9147,21673,0.0006114576,12,49
9148,21674,0.0006120978,12,49
9149,21675,0.0006115572,12,49
9150,21676,0.0006116814,12,49
9151,21677,0.0006113482,-1,-1
9152,21700,0.0006114782,-1,-1
9153,21701,0.0006116965,-1,-1
9154,21702,0.0006113781,-1,-1
9155,21703,0.0006113779,-1,-1
9156,21704,0.0006122282,-1,-1
9157,21705,0.0006119189,-1,-1
9158,21706,0.000611896,-1,-1
9159,21707,0.000611461,-1,-1
9160,21710,0.0006113111,-1,-1
9161,21711,0.0006115997,-1,-1
9162,21712,0.0006116021,-1,-1
9163,21713,0.0006113451,-1,-1
9164,21714,0.0006114166,-1,-1
9165,21715,0.0006113956,-1,-1
9166,21716,0.0006112428,-1,-1
9167,21717,0.000611424,-1,-1
9168,21720,0.000611613,-1,-1
9169,21721,0.0006116139,-1,-1
9170,21722,0.0006113639,-1,-1
9171,21723,0.0006110277,-1,-1
9172,21724,0.0006114909,-1,-1
9173,21725,0.0006116408,-1,-1
9174,21726,0.0006112123,-1,-1
9175,21727,0.000611211,-1,-1
9176,21730,0.0006117686,-1,-1
9177,21731,0.0006113961,-1,-1
9178,21732,0.0006113232,-1,-1
9179,21733,0.0006107584,-1,-1
9180,21734,0.0006108852,-1,-1
9181,21735,0.0006111016,-1,-1
9182,21736,0.0006108193,-1,-1
9183,21737,0.0006107373,-1,-1
9184,21740,0.0006110705,-1,-1
9185,21741,0.0006113023,-1,-1
9186,21742,0.0006106523,-1,-1
9187,21743,0.0006110271,-1,-1
9188,21744,0.0006114583,-1,-1
9189,21745,0.0006112076,-1,-1
9190,21746,0.0006115653,-1,-1
9191,21747,0.0006111976,-1,-1
9192,21750,0.0006117838,-1,-1
9193,21751,0.0006117517,-1,-1
9194,21752,0.0006117907,-1,-1
9195,21753,0.0006118188,-1,-1
9196,21754,0.0006121826,-1,-1
9197,21755,0.0006119531,-1,-1
9198,21756,0.0006120263,-1,-1
9199,21757,0.0006117183,-1,-1
9200,21760,0.0006117728,-1,-1
9201,21761,0.0006116244,-1,-1
9202,21762,0.0006115623,-1,-1
9203,21763,0.0006115163,-1,-1
9204,21764,0.0006111198,-1,-1
9205,21765,0.0006106675,-1,-1
9206,21766,0.0006115936,-1,-1
9207,21767,0.0006114371,-1,-1
9208,21770,0.0006114381,-1,-1
9209,21771,0.0006115758,-1,-1
9210,21772,0.0006117216,-1,-1
9211,21773,0.0006111548,-1,-1
9212,21774,0.0006116884,-1,-1
9213,21775,0.0006116574,-1,-1
9214,21776,0.0006115056,-1,-1
9215,21777,0.0006110912,-1,-1
9216,22000,0.0006109629,-1,-1
9217,22001,0.0006113148,-1,-1
9218,22002,0.0006119484,-1,-1
9219,22003,0.0006117523,-1,-1
9220,22004,0.0006113081,-1,-1
9221,22005,0.0006119712,-1,-1
9222,22006,0.0006119783,-1,-1
9223,22007,0.0006116873,-1,-1
9224,22010,0.0006118553,-1,-1
9225,22011,0.0006115412,-1,-1
9226,22012,0.0006115227,-1,-1
9227,22013,0.000611706,-1,-1
9228,22014,0.0006112663,-1,-1
9229,22015,0.0006117175,-1,-1
9230,22016,0.0006116474,-1,-1
9231,22017,0.0006116935,-1,-1
9232,22020,0.0006114395,-1,-1
9233,22021,0.0006115413,-1,-1
9234,22022,0.0006116538,-1,-1
9235,22023,0.000611737,-1,-1
9236,22024,0.0006118641,-1,-1
9237,22025,0.0006117651,-1,-1
9238,22026,0.0006114653,-1,-1
9239,22027,0.0006117399,-1,-1
9240,22030,0.0006116578,-1,-1
9241,22031,0.0006117861,-1,-1
9242,22032,0.0006115142,-1,-1
9243,22033,0.0006115729,-1,-1
9244,22034,0.0006116361,-1,-1
9245,22035,0.0006118207,-1,-1
9246,22036,0.0006119167,-1,-1
9247,22037,0.0006118133,-1,-1
9248,22040,0.0006116626,-1,-1
9249,22041,0.0006117082,-1,-1
9250,22042,0.000611165,-1,-1
9251,22043,0.000611402,-1,-1
9252,22044,0.0006113912,-1,-1
9253,22045,0.0006113832,-1,-1
9254,22046,0.0006110381,-1,-1
9255,22047,0.0006111435,-1,-1
9256,22050,0.0006115759,-1,-1
9257,22051,0.0006118101,-1,-1
9258,22052,0.0006116634,-1,-1
9259,22053,0.0006115749,-1,-1
9260,22054,0.0006113839,-1,-1
9261,22055,0.0006115396,-1,-1
9262,22056,0.0006117829,-1,-1
9263,22057,0.0006115363,-1,-1
9264,22060,0.0006110939,-1,-1
9265,22061,0.0006117793,-1,-1
9266,22062,0.0006112017,-1,-1
9267,22063,0.0006114682,-1,-1
9268,22064,0.0006110143,-1,-1
9269,22065,0.0006115976,-1,-1
9270,22066,0.0006108455,-1,-1
9271,22067,0.0006111638,-1,-1
9272,22070,0.0006110102,-1,-1
9273,22071,0.0006116315,-1,-1
9274,22072,0.0006111251,-1,-1
9275,22073,0.000611135,-1,-1
9276,22074,0.0006113503,-1,-1
9277,22075,0.0006110705,-1,-1
9278,22076,0.0006114194,-1,-1
9279,22077,0.0006115764,-1,-1
9280,22100,0.0006113292,-1,-1
9281,22101,0.0006111658,-1,-1
9282,22102,0.0006115565,-1,-1
9283,22103,0.000611296,-1,-1
9284,22104,0.0006112392,-1,-1
9285,22105,0.0006112999,-1,-1
9286,22106,0.0006115845,-1,-1
9287,22107,0.0006116326,-1,-1
9288,22110,0.0006114396,-1,-1
9289,22111,0.0006112549,-1,-1
9290,22112,0.000611488,-1,-1
9291,22113,0.0006112966,-1,-1
9292,22114,0.0006114827,-1,-1
9293,22115,0.0006117874,-1,-1
9294,22116,0.0006112385,-1,-1
9295,22117,0.0006115743,-1,-1
9296,22120,0.0006112801,-1,-1
9297,22121,0.0006114112,-1,-1
9298,22122,0.0006111933,-1,-1
9299,22123,0.0006117463,-1,-1
9300,22124,0.0006114793,-1,-1
9301,22125,0.0006109914,-1,-1
9302,22126,0.0006114434,-1,-1
9303,22127,0.0006113393,-1,-1
9304,22130,0.0006111549,-1,-1
9305,22131,0.0006105276,-1,-1
9306,22132,0.0006104603,-1,-1
9307,22133,0.0006110669,-1,-1
9308,22134,0.0006111035,-1,-1
9309,22135,0.0006112513,-1,-1
9310,22136,0.0006111998,-1,-1
9311,22137,0.0006112719,-1,-1
9312,22140,0.0006110513,-1,-1
9313,22141,0.0006112895,-1,-1
9314,22142,0.0006110178,-1,-1
9315,22143,0.0006115712,-1,-1
9316,22144,0.00061105,-1,-1
9317,22145,0.0006116895,-1,-1
9318,22146,0.0006115049,-1,-1
9319,22147,0.0006114343,-1,-1
9320,22150,0.0006114288,-1,-1
9321,22151,0.0006115868,-1,-1
9322,22152,0.0006114324,-1,-1
9323,22153,0.000612004,-1,-1
9324,22154,0.0006114505,-1,-1
9325,22155,0.0006114616,-1,-1
9326,22156,0.0006116484,-1,-1
9327,22157,0.0006114844,-1,-1
9328,22160,0.0006112272,-1,-1
9329,22161,0.0006115751,-1,-1
9330,22162,0.000611385,-1,-1
9331,22163,0.0006113668,-1,-1
9332,22164,0.000612031,-1,-1
9333,22165,0.0006115834,-1,-1
9334,22166,0.0006118349,-1,-1
9335,22167,0.0006117334,13,49
9336,22170,0.0006115794,13,49
9337,22171,0.0006112369,13,49
9338,22172,0.0006112323,13,49
9339,22173,0.0006114448,13,49
9340,22174,0.0006114852,13,49
9341,22175,0.0006109707,13,49
9342,22176,0.0006113649,13,48
9343,22177,0.0006114264,13,48
9344,22200,0.0006117215,13,48
9345,22201,0.0006116011,13,48
9346,22202,0.0006114056,13,48
9347,22203,0.0006114495,13,48
9348,22204,0.0006115537,13,47
9349,22205,0.0006116104,13,47
9350,22206,0.0006115231,13,47
9351,22207,0.0006114232,13,47
9352,22210,0.0006115995,13,47
9353,22211,0.0006115729,13,47
9354,22212,0.0006108625,13,46
9355,22213,0.0006114395,13,46
9356,22214,0.0006115448,13,46
9357,22215,0.000611519,13,46
9358,22216,0.0006114721,13,46
9359,22217,0.0006114623,13,46
9360,22220,0.0006116747,13,45
9361,22221,0.0006115834,13,45
9362,22222,0.0006109814,13,45
9363,22223,0.000611374,13,45
9364,22224,0.0006112877,13,45
9365,22225,0.0006111267,13,45
9366,22226,0.0006117351,13,44
9367,22227,0.0006115817,13,44
9368,22230,0.0006112128,13,44
9369,22231,0.0006112748,13,44
9370,22232,0.0006111061,13,44
9371,22233,0.0006115166,13,44
9372,22234,0.0006114194,13,44
9373,22235,0.0006114938,13,43
9374,22236,0.0006103975,13,43
9375,22237,0.0006082167,13,43
9376,22240,0.0006028549,13,43
9377,22241,0.0005976601,13,43
9378,22242,0.0005915553,13,43
9379,22243,0.0005832911,13,42
9380,22244,0.000575041,13,42
9381,22245,0.0005630004,13,42
9382,22246,0.0005516778,13,42
9383,22247,0.0005435606,13,42
9384,22250,0.0005395011,13,42
9385,22251,0.0005385295,13,41
9386,22252,0.0005419386,13,41
9387,22253,0.0005463551,13,41
9388,22254,0.0005502019,13,41
9389,22255,0.0005552715,13,41
9390,22256,0.0005571396,13,41
9391,22257,0.0005571783,13,40
9392,22260,0.000558179,13,40
9393,22261,0.0005584812,13,40
9394,22262,0.0005592129,13,40
9395,22263,0.000561128,13,40
9396,22264,0.0005609099,13,40
9397,22265,0.0005593365,13,39
9398,22266,0.0005546741,13,39
9399,22267,0.000545461,13,39
9400,22270,0.0005227814,13,39
9401,22271,0.0004966696,13,39
9402,22272,0.0004620693,13,39
9403,22273,0.0003938218,13,38
9404,22274,0.0003289025,13,38
9405,22275,0.0002554932,13,38
9406,22276,0.0001782303,13,38
9407,22277,0.0001252278,13,38
9408,22300,3.108331e-05,13,38
9409,22301,3.131467e-05,13,38
9410,22302,3.142024e-05,13,37
9411,22303,3.142416e-05,13,37
9412,22304,3.141783e-05,13,37
9413,22305,3.155787e-05,13,37
9414,22306,3.171218e-05,13,37
9415,22307,3.170548e-05,13,37
9416,22310,3.168431e-05,13,36
9417,22311,3.178937e-05,13,36
9418,22312,3.193953e-05,13,36
9419,22313,3.192264e-05,13,36
9420,22314,3.187225e-05,13,36
9421,22315,3.200473e-05,13,36
9422,22316,3.212072e-05,13,35
9423,22317,3.208688e-05,13,35
9424,22320,3.204774e-05,13,35
9425,22321,3.212345e-05,13,35
9426,22322,3.226873e-05,13,35
9427,22323,3.224288e-05,13,35
9428,22324,3.218195e-05,13,34
9429,22325,3.226234e-05,13,34
9430,22326,3.23983e-05,13,34
9431,22327,3.236712e-05,13,34
9432,22330,3.230696e-05,13,34
9433,22331,3.239871e-05,13,34
9434,22332,3.252092e-05,13,33
9435,22333,3.250286e-05,13,33
9436,22334,3.246994e-05,13,33
9437,22335,3.254472e-05,13,33
9438,22336,3.284534e-05,13,33
9439,22337,3.305853e-05,13,33
9440,22340,3.337446e-05,13,33
9441,22341,3.396801e-05,13,32
9442,22342,3.498624e-05,13,32
9443,22343,3.645078e-05,13,32
9444,22344,3.993926e-05,13,32
9445,22345,4.864934e-05,13,32
9446,22346,6.930553e-05,13,32
9447,22347,0.0002103721,13,31
9448,22350,0.0001735441,13,31
9449,22351,0.0001482774,13,31
9450,22352,0.0001394657,13,31
9451,22353,0.0001391776,13,31
9452,22354,0.0001526996,13,31
9453,22355,0.0001526192,13,30
9454,22356,0.000170156,13,30
9455,22357,0.0001832519,13,30
9456,22360,0.0001992044,13,30
9457,22361,0.0002506521,13,30
9458,22362,0.0002778336,13,30
9459,22363,0.0003375521,13,29
9460,22364,0.0004058635,13,29
9461,22365,0.0004308445,13,29
9462,22366,0.0004793877,13,29
9463,22367,0.0005022978,13,29
9464,22370,0.0005210729,13,29
9465,22371,0.0005364602,13,28
9466,22372,0.000540672,13,28
9467,22373,0.0005439824,13,28
9468,22374,0.0005456617,13,28
9469,22375,0.0005462139,13,28
9470,22376,0.000549029,13,28
9471,22377,0.0005520901,13,27
9472,22400,0.0005558804,13,27
9473,22401,0.0005606558,13,27
9474,22402,0.0005620638,13,27
9475,22403,0.000563072,13,27
9476,22404,0.0005624131,13,27
9477,22405,0.0005637421,13,27
9478,22406,0.0005641795,13,26
9479,22407,0.0005646333,13,26
9480,22410,0.0005645379,13,26
9481,22411,0.0005644994,13,26
9482,22412,0.0005648477,13,26
9483,22413,0.0005657494,13,26
9484,22414,0.0005667954,13,25
9485,22415,0.0005677887,13,25
9486,22416,0.0005688153,13,25
9487,22417,0.000569665,13,25
9488,22420,0.0005703859,13,25
9489,22421,0.0005709719,13,25
9490,22422,0.0005708574,13,24
9491,22423,0.00057124,13,24
9492,22424,0.0005709342,13,24
9493,22425,0.0005710222,13,24
9494,22426,0.0005702616,13,24
9495,22427,0.0005698035,13,24
9496,22430,0.0005697843,13,23
9497,22431,0.0005683289,13,23
9498,22432,0.0005660201,13,23
9499,22433,0.0005588759,13,23
9500,22434,0.0005458189,13,23
9501,22435,0.0005334778,13,23
9502,22436,0.0005080294,13,22
9503,22437,0.0004750193,13,22
9504,22440,0.0004252774,13,22
9505,22441,0.0003436762,13,22
9506,22442,0.0002766539,13,22
9507,22443,0.0001890743,13,22
9508,22444,0.0001227861,13,22
9509,22445,3.103187e-05,13,21
9510,22446,3.1056e-05,13,21
9511,22447,3.104669e-05,13,21
9512,22450,3.122188e-05,13,21
9513,22451,3.135834e-05,13,21
9514,22452,3.136565e-05,13,21
9515,22453,3.134519e-05,13,20
9516,22454,3.148672e-05,13,20
9517,22455,3.161072e-05,13,20
9518,22456,3.160526e-05,13,20
9519,22457,3.156452e-05,13,20
9520,22460,3.166142e-05,13,20
9521,22461,3.180544e-05,13,19
9522,22462,3.178808e-05,13,19
9523,22463,3.172748e-05,13,19
9524,22464,3.185064e-05,13,19
9525,22465,3.195642e-05,13,19
9526,22466,3.193095e-05,13,19
9527,22467,3.187392e-05,13,18
9528,22470,3.197381e-05,13,18
9529,22471,3.208243e-05,13,18
9530,22472,3.205871e-05,13,18
9531,22473,3.199058e-05,13,18
9532,22474,3.204741e-05,13,18
9533,22475,3.218803e-05,13,17
9534,22476,3.214982e-05,13,17
9535,22477,3.207426e-05,13,17
9536,22500,3.216276e-05,13,17
9537,22501,3.226951e-05,13,17
9538,22502,3.223926e-05,13,17
9539,22503,3.217111e-05,13,16
9540,22504,3.220654e-05,13,16
9541,22505,3.234889e-05,13,16
9542,22506,3.232104e-05,13,16
9543,22507,3.224465e-05,13,16
9544,22510,3.225572e-05,13,16
9545,22511,3.240928e-05,13,16
9546,22512,3.240738e-05,13,15
9547,22513,3.234525e-05,13,15
9548,22514,3.230906e-05,13,15
9549,22515,3.251874e-05,13,15
9550,22516,3.262796e-05,13,15
9551,22517,3.272706e-05,13,15
9552,22520,3.291719e-05,13,14
9553,22521,3.370053e-05,13,14
9554,22522,3.436559e-05,13,14
9555,22523,3.556661e-05,13,14
9556,22524,3.80273e-05,13,14
9557,22525,4.327548e-05,13,14
9558,22526,6.111416e-05,13,13
9559,22527,8.403419e-05,13,13
9560,22530,0.0005753909,13,13
9561,22531,0.0005750802,13,13
9562,22532,0.0005751955,13,13
9563,22533,0.000575584,13,13
9564,22534,0.0005756101,13,12
9565,22535,0.0005758965,13,12
9566,22536,0.0005762032,13,12
9567,22537,0.000575373,13,12
9568,22540,0.0005758349,13,12
9569,22541,0.0005754684,13,12
9570,22542,0.0005747331,13,11
9571,22543,0.0005745632,13,11
9572,22544,0.0005746466,13,11
9573,22545,0.0005749073,13,11
9574,22546,0.000574608,13,11
9575,22547,0.0005742035,13,11
9576,22550,0.0005741909,13,11
9577,22551,0.0005736396,13,10
9578,22552,0.0005727836,13,10
9579,22553,0.0005738474,13,10
9580,22554,0.0005730895,13,10
9581,22555,0.0005735484,13,10
9582,22556,0.0005726374,13,10
9583,22557,0.0005689854,13,9
9584,22560,0.0005625051,13,9
9585,22561,0.0005473486,13,9
9586,22562,0.000524601,13,9
9587,22563,0.0004978053,13,9
9588,22564,0.000443891,13,9
9589,22565,0.0003856704,13,8
9590,22566,0.0003192008,13,8
9591,22567,0.0002240375,13,8
9592,22570,0.0001582977,13,8
9593,22571,0.0001064803,13,8
9594,22572,3.078604e-05,13,8
9595,22573,3.079084e-05,13,7
9596,22574,3.089869e-05,13,7
9597,22575,3.108267e-05,13,7
9598,22576,3.110813e-05,13,7
9599,22577,3.108715e-05,13,7
9600,22600,3.119769e-05,13,7
9601,22601,3.13488e-05,13,6
9602,22602,3.13403e-05,13,6
9603,22603,3.130307e-05,13,6
9604,22604,3.142896e-05,13,6
9605,22605,3.154932e-05,13,6
9606,22606,3.153867e-05,13,6
9607,22607,3.148293e-05,13,5
9608,22610,3.157713e-05,13,5
9609,22611,3.171517e-05,13,5
9610,22612,3.169225e-05,13,5
9611,22613,3.164123e-05,13,5
9612,22614,3.170955e-05,13,5
9613,22615,3.184373e-05,13,5
9614,22616,3.181088e-05,13,4
9615,22617,3.174949e-05,13,4
9616,22620,3.184127e-05,13,4
9617,22621,3.195405e-05,13,4
9618,22622,3.192501e-05,13,4
9619,22623,3.185047e-05,13,4
9620,22624,3.19303e-05,13,3
9621,22625,3.207262e-05,13,3
9622,22626,3.206932e-05,13,3
9623,22627,3.208764e-05,13,3
9624,22630,3.218036e-05,13,3
9625,22631,3.226268e-05,13,3
9626,22632,3.225965e-05,13,2
9627,22633,3.221328e-05,13,2
9628,22634,3.215349e-05,13,2
9629,22635,3.234367e-05,13,2
9630,22636,3.234381e-05,13,2
9631,22637,3.22427e-05,13,2
9632,22640,3.224261e-05,13,1
9633,22641,3.240173e-05,13,1
9634,22642,3.237728e-05,13,1
9635,22643,3.235992e-05,13,1
9636,22644,3.226729e-05,13,1
9637,22645,3.241757e-05,13,1
9638,22646,3.245991e-05,13,0
9639,22647,3.237565e-05,13,0
9640,22650,3.230582e-05,13,0
9641,22651,3.246892e-05,13,0
9642,22652,3.248549e-05,13,0
9643,22653,3.244491e-05,13,0
9644,22654,3.23721e-05,-1,-1
9645,22655,3.24428e-05,-1,-1
9646,22656,3.254361e-05,-1,-1
9647,22657,3.247499e-05,-1,-1
9648,22660,3.237354e-05,-1,-1
9649,22661,3.254203e-05,-1,-1
9650,22662,3.255163e-05,-1,-1
9651,22663,3.247905e-05,-1,-1
9652,22664,3.242723e-05,-1,-1
9653,22665,3.256618e-05,-1,-1
9654,22666,3.257731e-05,-1,-1
9655,22667,3.25256e-05,-1,-1
9656,22670,3.243104e-05,-1,-1
9657,22671,3.259847e-05,-1,-1
9658,22672,3.261425e-05,-1,-1
9659,22673,3.254358e-05,-1,-1
9660,22674,3.246945e-05,-1,-1
9661,22675,3.260998e-05,-1,-1
9662,22676,3.262974e-05,-1,-1
9663,22677,3.257106e-05,-1,-1
9664,22700,3.248028e-05,-1,-1
9665,22701,3.263287e-05,-1,-1
9666,22702,3.266654e-05,-1,-1
9667,22703,3.260205e-05,-1,-1
9668,22704,3.253767e-05,-1,-1
9669,22705,3.253884e-05,-1,-1
9670,22706,3.268194e-05,-1,-1
9671,22707,3.266555e-05,-1,-1
9672,22710,3.259666e-05,-1,-1
9673,22711,3.2526e-05,-1,-1
9674,22712,3.263296e-05,-1,-1
9675,22713,3.270305e-05,-1,-1
9676,22714,3.263897e-05,-1,-1
9677,22715,3.255002e-05,-1,-1
9678,22716,3.26534e-05,-1,-1
9679,22717,3.272062e-05,-1,-1
9680,22720,3.265609e-05,-1,-1
9681,22721,3.256665e-05,-1,-1
9682,22722,3.262866e-05,-1,-1
9683,22723,3.274008e-05,-1,-1
9684,22724,3.267758e-05,-1,-1
9685,22725,3.258237e-05,-1,-1
9686,22726,3.263097e-05,-1,-1
9687,22727,3.275057e-05,-1,-1
9688,22730,3.270258e-05,-1,-1
9689,22731,3.261724e-05,-1,-1
9690,22732,3.261352e-05,-1,-1
9691,22733,3.27638e-05,-1,-1
9692,22734,3.27265e-05,-1,-1
9693,22735,3.263987e-05,-1,-1
9694,22736,3.262404e-05,-1,-1
9695,22737,3.276573e-05,-1,-1
9696,22740,3.273944e-05,-1,-1
9697,22741,3.266277e-05,-1,-1
9698,22742,3.262143e-05,-1,-1
9699,22743,3.277677e-05,-1,-1
9700,22744,3.275888e-05,-1,-1
9701,22745,3.267091e-05,-1,-1
9702,22746,3.263378e-05,-1,-1
9703,22747,3.27886e-05,-1,-1
9704,22750,3.276316e-05,-1,-1
9705,22751,3.268068e-05,-1,-1
9706,22752,3.26541e-05,-1,-1
9707,22753,3.280552e-05,-1,-1
9708,22754,3.275745e-05,-1,-1
9709,22755,3.267032e-05,-1,-1
9710,22756,3.269371e-05,-1,-1
9711,22757,3.281032e-05,-1,-1
9712,22760,3.276076e-05,-1,-1
9713,22761,3.268039e-05,-1,-1
9714,22762,3.266332e-05,-1,-1
9715,22763,3.280277e-05,-1,-1
9716,22764,3.279047e-05,-1,-1
9717,22765,3.27236e-05,-1,-1
9718,22766,3.265103e-05,-1,-1
9719,22767,3.279823e-05,-1,-1
9720,22770,3.281308e-05,-1,-1
9721,22771,3.273736e-05,-1,-1
9722,22772,3.265244e-05,-1,-1
9723,22773,3.280695e-05,-1,-1
9724,22774,3.281515e-05,-1,-1
9725,22775,3.274995e-05,-1,-1
9726,22776,3.267785e-05,-1,-1
9727,22777,3.275929e-05,-1,-1
9728,23000,3.283711e-05,-1,-1
9729,23001,3.277378e-05,-1,-1
9730,23002,3.268241e-05,-1,-1
9731,23003,3.271093e-05,-1,-1
9732,23004,3.283296e-05,-1,-1
9733,23005,3.281208e-05,-1,-1
9734,23006,3.273482e-05,-1,-1
9735,23007,3.26565e-05,-1,-1
9736,23010,3.281627e-05,-1,-1
9737,23011,3.28403e-05,-1,-1
9738,23012,3.275666e-05,-1,-1
9739,23013,3.267437e-05,-1,-1
9740,23014,3.283264e-05,-1,-1
9741,23015,3.283351e-05,-1,-1
9742,23016,3.275522e-05,-1,-1
9743,23017,3.267785e-05,-1,-1
9744,23020,3.28396e-05,-1,-1
9745,23021,3.28487e-05,-1,-1
9746,23022,3.277291e-05,-1,-1
9747,23023,3.26813e-05,-1,-1
9748,23024,3.282433e-05,-1,-1
9749,23025,3.28557e-05,-1,-1
9750,23026,3.278429e-05,-1,-1
9751,23027,3.269397e-05,-1,-1
9752,23030,3.281272e-05,-1,-1
9753,23031,3.285947e-05,-1,-1
9754,23032,3.277815e-05,-1,-1
9755,23033,3.269298e-05,-1,-1
9756,23034,3.283e-05,-1,-1
9757,23035,3.286385e-05,-1,-1
9758,23036,3.279215e-05,-1,-1
9759,23037,3.269834e-05,-1,-1
9760,23040,3.284174e-05,-1,-1
9761,23041,3.285559e-05,-1,-1
9762,23042,3.278395e-05,-1,-1
9763,23043,3.269901e-05,-1,-1
9764,23044,3.285447e-05,-1,-1
9765,23045,3.28526e-05,-1,-1
9766,23046,3.277873e-05,-1,-1
9767,23047,3.271207e-05,-1,-1
9768,23050,3.287119e-05,-1,-1
9769,23051,3.286115e-05,-1,-1
9770,23052,3.278181e-05,-1,-1
9771,23053,3.271043e-05,-1,-1
9772,23054,3.284534e-05,-1,-1
9773,23055,3.288501e-05,-1,-1
9774,23056,3.281346e-05,-1,-1
9775,23057,3.272378e-05,-1,-1
9776,23060,3.285377e-05,-1,-1
9777,23061,3.287031e-05,-1,-1
9778,23062,3.279428e-05,-1,-1
9779,23063,3.271634e-05,-1,-1
9780,23064,3.286505e-05,-1,-1
9781,23065,3.288311e-05,-1,-1
9782,23066,3.280139e-05,-1,-1
9783,23067,3.271854e-05,-1,-1
9784,23070,3.284906e-05,-1,-1
9785,23071,3.288726e-05,-1,-1
9786,23072,3.282323e-05,-1,-1
9787,23073,3.273265e-05,-1,-1
9788,23074,3.28389e-05,-1,-1
9789,23075,3.289555e-05,-1,-1
9790,23076,3.282531e-05,-1,-1
9791,23077,3.272928e-05,-1,-1
9792,23100,3.284349e-05,-1,-1
9793,23101,3.289432e-05,-1,-1
9794,23102,3.283222e-05,-1,-1
9795,23103,3.27337e-05,-1,-1
9796,23104,3.283775e-05,-1,-1
9797,23105,3.290415e-05,-1,-1
9798,23106,3.283729e-05,-1,-1
9799,23107,3.274592e-05,-1,-1
9800,23110,3.283249e-05,-1,-1
9801,23111,3.290199e-05,-1,-1
9802,23112,3.282915e-05,-1,-1
9803,23113,3.27407e-05,-1,-1
9804,23114,3.282593e-05,-1,-1
9805,23115,3.290541e-05,-1,-1
9806,23116,3.284371e-05,-1,-1
9807,23117,3.276404e-05,-1,-1
9808,23120,3.281173e-05,-1,-1
9809,23121,3.291156e-05,-1,-1
9810,23122,3.285951e-05,-1,-1
9811,23123,3.27679e-05,-1,-1
9812,23124,3.277335e-05,-1,-1
9813,23125,3.291333e-05,-1,-1
9814,23126,3.285842e-05,-1,-1
9815,23127,3.276628e-05,-1,-1
9816,23130,3.278766e-05,-1,-1
9817,23131,3.290509e-05,-1,-1
9818,23132,3.288949e-05,-1,-1
9819,23133,3.280178e-05,-1,-1
9820,23134,3.274647e-05,-1,-1
9821,23135,3.290615e-05,-1,-1
9822,23136,3.288814e-05,-1,-1
9823,23137,3.281899e-05,-1,-1
9824,23140,3.275104e-05,-1,-1
9825,23141,3.283129e-05,-1,-1
9826,23142,3.291572e-05,-1,-1
9827,23143,3.284932e-05,-1,-1
9828,23144,3.275783e-05,14,0
9829,23145,3.28547e-05,14,0
9830,23146,3.29168e-05,14,0
9831,23147,3.284938e-05,14,0
9832,23150,3.275813e-05,14,0
9833,23151,3.283986e-05,14,0
9834,23152,3.292144e-05,14,0
9835,23153,3.285377e-05,14,1
9836,23154,3.270926e-05,14,1
9837,23155,3.267243e-05,14,1
9838,23156,3.278688e-05,14,1
9839,23157,3.273078e-05,14,1
9840,23160,3.264889e-05,14,1
9841,23161,3.263249e-05,14,2
9842,23162,3.278137e-05,14,2
9843,23163,3.27366e-05,14,2
9844,23164,3.264579e-05,14,2
9845,23165,3.265065e-05,14,2
9846,23166,3.278389e-05,14,2
9847,23167,3.274568e-05,14,3
9848,23170,3.266093e-05,14,3
9849,23171,3.262883e-05,14,3
9850,23172,3.279018e-05,14,3
9851,23173,3.277048e-05,14,3
9852,23174,3.268674e-05,14,3
9853,23175,3.263506e-05,14,4
9854,23176,3.278269e-05,14,4
9855,23177,3.279958e-05,14,4
9856,23200,3.273183e-05,14,4
9857,23201,3.263981e-05,14,4
9858,23202,3.273599e-05,14,4
9859,23203,3.281577e-05,14,5
9860,23204,3.276169e-05,14,5
9861,23205,3.267167e-05,14,5
9862,23206,3.272202e-05,14,5
9863,23207,3.282921e-05,14,5
9864,23210,3.279252e-05,14,5
9865,23211,3.271412e-05,14,5
9866,23212,3.268203e-05,14,6
9867,23213,3.281706e-05,14,6
9868,23214,3.282687e-05,14,6
9869,23215,3.276062e-05,14,6
9870,23216,3.267436e-05,14,6
9871,23217,3.284771e-05,14,6
9872,23220,3.286592e-05,14,7
9873,23221,3.285316e-05,14,7
9874,23222,3.284209e-05,14,7
9875,23223,3.301477e-05,14,7
9876,23224,3.315679e-05,14,7
9877,23225,3.325223e-05,14,7
9878,23226,3.365676e-05,14,8
9879,23227,3.492868e-05,14,8
9880,23230,3.697772e-05,14,8
9881,23231,4.364439e-05,14,8
9882,23232,5.456569e-05,14,8
9883,23233,7.38175e-05,14,8
9884,23234,0.0005750849,14,9
9885,23235,0.0005754538,14,9
9886,23236,0.0005752941,14,9
9887,23237,0.0005751619,14,9
9888,23240,0.0005750951,14,9
9889,23241,0.0005746051,14,9
9890,23242,0.0005749987,14,10
9891,23243,0.0005752323,14,10
9892,23244,0.00057494,14,10
9893,23245,0.0005754202,14,10
9894,23246,0.0005757126,14,10
9895,23247,0.0005759239,14,10
9896,23250,0.000575982,14,11
9897,23251,0.0005755567,14,11
9898,23252,0.0005752147,14,11
9899,23253,0.0005748729,14,11
9900,23254,0.0005742654,14,11
9901,23255,0.0005737969,14,11
9902,23256,0.000573775,14,11
9903,23257,0.0005740401,14,12
9904,23260,0.000574097,14,12
9905,23261,0.0005725185,14,12
9906,23262,0.0005701719,14,12
9907,23263,0.0005657749,14,12
9908,23264,0.0005545901,14,12
9909,23265,0.0005430421,14,13
9910,23266,0.0005173319,14,13
9911,23267,0.0004783955,14,13
9912,23270,0.0004346274,14,13
9913,23271,0.0003471581,14,13
9914,23272,0.0002685939,14,13
9915,23273,0.0002012178,14,14
9916,23274,0.0001326394,14,14
9917,23275,3.085771e-05,14,14
9918,23276,3.105965e-05,14,14
9919,23277,3.119512e-05,14,14
9920,23300,3.12042e-05,14,14
9921,23301,3.119858e-05,14,15
9922,23302,3.13878e-05,14,15
9923,23303,3.148923e-05,14,15
9924,23304,3.148051e-05,14,15
9925,23305,3.145636e-05,14,15
9926,23306,3.162571e-05,14,15
9927,23307,3.172563e-05,14,16
9928,23310,3.170066e-05,14,16
9929,23311,3.166336e-05,14,16
9930,23312,3.181519e-05,14,16
9931,23313,3.191405e-05,14,16
9932,23314,3.188692e-05,14,16
9933,23315,3.182944e-05,14,16
9934,23316,3.198137e-05,14,17
9935,23317,3.206961e-05,14,17
9936,23320,3.203161e-05,14,17
9937,23321,3.197285e-05,14,17
9938,23322,3.21582e-05,14,17
9939,23323,3.217969e-05,14,17
9940,23324,3.213267e-05,14,18
9941,23325,3.208832e-05,14,18
9942,23326,3.226644e-05,14,18
9943,23327,3.229931e-05,14,18
9944,23330,3.224223e-05,14,18
9945,23331,3.21938e-05,14,18
9946,23332,3.234698e-05,14,19
9947,23333,3.239892e-05,14,19
9948,23334,3.235497e-05,14,19
9949,23335,3.228462e-05,14,19
9950,23336,3.2432e-05,14,19
9951,23337,3.249433e-05,14,19
9952,23340,3.244676e-05,14,20
9953,23341,3.237845e-05,14,20
9954,23342,3.252057e-05,14,20
9955,23343,3.259469e-05,14,20
9956,23344,3.259259e-05,14,20
9957,23345,3.25675e-05,14,20
9958,23346,3.273538e-05,14,21
9959,23347,3.290504e-05,14,21
9960,23350,3.29866e-05,14,21
9961,23351,3.332139e-05,14,21
9962,23352,3.438807e-05,14,21
9963,23353,3.583215e-05,14,21
9964,23354,4.026291e-05,14,22
9965,23355,4.615072e-05,14,22
9966,23356,6.024704e-05,14,22
9967,23357,0.0005650962,14,22
9968,23360,0.0005627654,14,22
9969,23361,0.0005611742,14,22
9970,23362,0.0005578763,14,22
9971,23363,0.0005538015,14,23
9972,23364,0.0005485133,14,23
9973,23365,0.0005386604,14,23
9974,23366,0.0005307766,14,23
9975,23367,0.0005101095,14,23
9976,23370,0.0004850276,14,23
9977,23371,0.0004591731,14,24
9978,23372,0.0004135131,14,24
9979,23373,0.000372851,14,24
9980,23374,0.0003196014,14,24
9981,23375,0.0002637624,14,24
9982,23376,0.0002332439,14,24
9983,23377,0.0001964933,14,25
9984,23400,0.0001781757,14,25
9985,23401,0.0001663794,14,25
9986,23402,0.0001542766,14,25
9987,23403,0.0001507951,14,25
9988,23404,0.0001499936,14,25
9989,23405,0.0001605567,14,26
9990,23406,0.0001669392,14,26
9991,23407,0.0001812023,14,26
9992,23410,0.0001862338,14,26
9993,23411,0.0001881443,14,26
9994,23412,0.0001941923,14,26
9995,23413,0.0002051885,14,27
9996,23414,0.0002303064,14,27
9997,23415,0.0002736443,14,27
9998,23416,0.0003166515,14,27
9999,23417,0.0003659823,14,27
10000,23420,0.0004092145,14,27
10001,23421,0.0004426881,14,27
10002,23422,0.0004726514,14,28
10003,23423,0.0004981567,14,28
10004,23424,0.0005205025,14,28
10005,23425,0.0005359903,14,28
10006,23426,0.0005462898,14,28
10007,23427,0.0005534289,14,28
10008,23430,0.0005575357,14,29
10009,23431,0.000560052,14,29
10010,23432,0.0005616878,14,29
10011,23433,0.0005617086,14,29
10012,23434,0.0005618003,14,29
10013,23435,0.0005622265,14,29
10014,23436,0.0005624063,14,30
10015,23437,0.0005620355,14,30
10016,23440,0.0005620458,14,30
10017,23441,0.0005626631,14,30
10018,23442,0.0005637193,14,30
10019,23443,0.0005626791,14,30
10020,23444,0.0005582176,14,31
10021,23445,0.0005490876,14,31
10022,23446,0.0005364864,14,31
10023,23447,0.0005092355,14,31
10024,23450,0.0004662932,14,31
10025,23451,0.0004188458,14,31
10026,23452,0.0003325094,14,32
10027,23453,0.0002543572,14,32
10028,23454,0.0001964831,14,32
10029,23455,0.0001362975,14,32
10030,23456,3.128779e-05,14,32
10031,23457,3.132453e-05,14,32
10032,23460,3.131504e-05,14,33
10033,23461,3.145053e-05,14,33
10034,23462,3.162189e-05,14,33
10035,23463,3.162772e-05,14,33
10036,23464,3.160284e-05,14,33
10037,23465,3.171755e-05,14,33
10038,23466,3.18711e-05,14,33
10039,23467,3.186944e-05,14,34
10040,23470,3.18266e-05,14,34
10041,23471,3.190875e-05,14,34
10042,23472,3.20716e-05,14,34
10043,23473,3.206453e-05,14,34
10044,23474,3.201693e-05,14,34
10045,23475,3.207859e-05,14,35
10046,23476,3.223523e-05,14,35
10047,23477,3.221465e-05,14,35
10048,23500,3.21649e-05,14,35
10049,23501,3.224749e-05,14,35
10050,23502,3.237262e-05,14,35
10051,23503,3.233706e-05,14,36
10052,23504,3.227002e-05,14,36
10053,23505,3.23594e-05,14,36
10054,23506,3.248909e-05,14,36
10055,23507,3.246333e-05,14,36
10056,23510,3.239515e-05,14,36
10057,23511,3.249068e-05,14,37
10058,23512,3.266274e-05,14,37
10059,23513,3.26887e-05,14,37
10060,23514,3.266364e-05,14,37
10061,23515,3.274055e-05,14,37
10062,23516,3.304844e-05,14,37
10063,23517,3.33788e-05,14,38
10064,23520,3.422289e-05,14,38
10065,23521,3.568541e-05,14,38
10066,23522,3.923072e-05,14,38
10067,23523,4.743533e-05,14,38
10068,23524,5.915724e-05,14,38
10069,23525,0.0006117205,14,38
10070,23526,0.000611836,14,39
10071,23527,0.0006120296,14,39
10072,23530,0.0006120258,14,39
10073,23531,0.0006121927,14,39
10074,23532,0.0006120023,14,39
10075,23533,0.0006119339,14,39
10076,23534,0.0006115261,14,40
10077,23535,0.0006117559,14,40
10078,23536,0.0006116584,14,40
10079,23537,0.0006119583,14,40
10080,23540,0.0006119407,14,40
10081,23541,0.0006119239,14,40
10082,23542,0.0006114463,14,41
10083,23543,0.0006116168,14,41
10084,23544,0.0006115108,14,41
10085,23545,0.0006116971,14,41
10086,23546,0.0006113785,14,41
10087,23547,0.0006116357,14,41
10088,23550,0.0006116953,14,42
10089,23551,0.00061198,14,42
10090,23552,0.0006125233,14,42
10091,23553,0.0006122541,14,42
10092,23554,0.000611515,14,42
10093,23555,0.0006118898,14,42
10094,23556,0.0006118874,14,43
10095,23557,0.0006120795,14,43
10096,23560,0.0006121394,14,43
10097,23561,0.0006120228,14,43
10098,23562,0.0006119249,14,43
10099,23563,0.0006116884,14,43
10100,23564,0.000610771,14,44
10101,23565,0.000611379,14,44
10102,23566,0.0006115438,14,44
10103,23567,0.0006111847,14,44
10104,23570,0.0006113433,14,44
10105,23571,0.0006105107,14,44
10106,23572,0.0006109151,14,44
10107,23573,0.0006113427,14,45
10108,23574,0.0006107647,14,45
10109,23575,0.000610841,14,45
10110,23576,0.0006110203,14,45
10111,23577,0.0006107613,14,45
10112,23600,0.0006110916,14,45
10113,23601,0.0006109962,14,46
10114,23602,0.0006112926,14,46
10115,23603,0.0006110538,14,46
10116,23604,0.0006113107,14,46
10117,23605,0.000611635,14,46
10118,23606,0.0006111636,14,46
10119,23607,0.0006118951,14,47
10120,23610,0.0006120274,14,47
10121,23611,0.0006117743,14,47
10122,23612,0.0006116519,14,47
10123,23613,0.0006111239,14,47
10124,23614,0.0006113581,14,47
10125,23615,0.0006114856,14,48
10126,23616,0.0006114881,14,48
10127,23617,0.0006117945,14,48
10128,23620,0.0006118426,14,48
10129,23621,0.0006111658,14,48
10130,23622,0.0006117242,14,48
10131,23623,0.0006116299,14,49
10132,23624,0.0006115618,14,49
10133,23625,0.0006114587,14,49
10134,23626,0.0006117445,14,49
10135,23627,0.0006120566,14,49
10136,23630,0.0006113761,14,49
10137,23631,0.0006109891,-1,-1
10138,23632,0.000611303,-1,-1
10139,23633,0.0006114857,-1,-1
10140,23634,0.0006114048,-1,-1
10141,23635,0.0006112117,-1,-1
10142,23636,0.0006114441,-1,-1
10143,23637,0.000611307,-1,-1
10144,23640,0.0006113456,-1,-1
10145,23641,0.0006111303,-1,-1
10146,23642,0.0006114494,-1,-1
10147,23643,0.0006109569,-1,-1
10148,23644,0.0006113814,-1,-1
10149,23645,0.0006110804,-1,-1
10150,23646,0.0006112046,-1,-1
10151,23647,0.0006116097,-1,-1
10152,23650,0.0006114991,-1,-1
10153,23651,0.0006114137,-1,-1
10154,23652,0.0006112996,-1,-1
10155,23653,0.0006114916,-1,-1
10156,23654,0.0006119403,-1,-1
10157,23655,0.0006118476,-1,-1
10158,23656,0.000611348,-1,-1
10159,23657,0.000611642,-1,-1
10160,23660,0.0006114728,-1,-1
10161,23661,0.0006116632,-1,-1
10162,23662,0.000611798,-1,-1
10163,23663,0.0006115713,-1,-1
10164,23664,0.0006121527,-1,-1
10165,23665,0.0006117636,-1,-1
10166,23666,0.0006113416,-1,-1
10167,23667,0.0006114428,-1,-1
10168,23670,0.0006114881,-1,-1
10169,23671,0.0006118962,-1,-1
10170,23672,0.000611324,-1,-1
10171,23673,0.0006113873,-1,-1
10172,23674,0.0006117839,-1,-1
10173,23675,0.0006113335,-1,-1
10174,23676,0.0006110701,-1,-1
10175,23677,0.0006107865,-1,-1
10176,23700,0.0006111648,-1,-1
10177,23701,0.0006110178,-1,-1
10178,23702,0.0006113054,-1,-1
10179,23703,0.0006109851,-1,-1
10180,23704,0.000611429,-1,-1
10181,23705,0.0006112293,-1,-1
10182,23706,0.0006116761,-1,-1
10183,23707,0.0006111884,-1,-1
10184,23710,0.0006115368,-1,-1
10185,23711,0.0006112275,-1,-1
10186,23712,0.0006110249,-1,-1
10187,23713,0.0006110751,-1,-1
10188,23714,0.0006111237,-1,-1
10189,23715,0.0006114812,-1,-1
10190,23716,0.0006112059,-1,-1
10191,23717,0.0006108333,-1,-1
10192,23720,0.0006113421,-1,-1
10193,23721,0.0006114043,-1,-1
10194,23722,0.0006109059,-1,-1
10195,23723,0.0006110854,-1,-1
10196,23724,0.0006112732,-1,-1
10197,23725,0.0006113323,-1,-1
10198,23726,0.0006106448,-1,-1
10199,23727,0.0006106788,-1,-1
10200,23730,0.0006111543,-1,-1
10201,23731,0.0006109907,-1,-1
10202,23732,0.0006108444,-1,-1
10203,23733,0.0006109528,-1,-1
10204,23734,0.0006110301,-1,-1
10205,23735,0.0006111537,-1,-1
10206,23736,0.0006112457,-1,-1
10207,23737,0.0006114089,-1,-1
10208,23740,0.0006112491,-1,-1
10209,23741,0.0006109651,-1,-1
10210,23742,0.0006108088,-1,-1
10211,23743,0.0006108263,-1,-1
10212,23744,0.0006112293,-1,-1
10213,23745,0.0006108263,-1,-1
10214,23746,0.0006112204,-1,-1
10215,23747,0.0006105398,-1,-1
10216,23750,0.0006108439,-1,-1
10217,23751,0.0006114875,-1,-1
10218,23752,0.0006113259,-1,-1
10219,23753,0.0006111023,-1,-1
10220,23754,0.0006112166,-1,-1
10221,23755,0.0006110067,-1,-1
10222,23756,0.0006109165,-1,-1
10223,23757,0.0006104388,-1,-1
10224,23760,0.000610947,-1,-1
10225,23761,0.0006110383,-1,-1
10226,23762,0.0006103148,-1,-1
10227,23763,0.0006108864,-1,-1
10228,23764,0.000610503,-1,-1
10229,23765,0.0006105212,-1,-1
10230,23766,0.0006107612,-1,-1
10231,23767,0.0006104793,-1,-1
10232,23770,0.0006106967,-1,-1
10233,23771,0.0006103065,-1,-1
10234,23772,0.0006106846,-1,-1
10235,23773,0.0006108778,-1,-1
10236,23774,0.0006106033,-1,-1
10237,23775,0.0006106569,-1,-1
10238,23776,0.0006105715,-1,-1
10239,23777,0.0006109804,-1,-1
10240,24000,0.0006106452,-1,-1
10241,24001,0.0006118799,-1,-1
10242,24002,0.0006111959,-1,-1
10243,24003,0.0006114009,-1,-1
10244,24004,0.0006109101,-1,-1
10245,24005,0.0006108292,-1,-1
10246,24006,0.0006112139,-1,-1
10247,24007,0.0006112608,-1,-1
10248,24010,0.0006111466,-1,-1
10249,24011,0.0006111841,-1,-1
10250,24012,0.0006113528,-1,-1
10251,24013,0.0006116373,-1,-1
10252,24014,0.000611406,-1,-1
10253,24015,0.0006114505,-1,-1
10254,24016,0.0006114847,-1,-1
10255,24017,0.0006110323,-1,-1
10256,24020,0.0006110364,-1,-1
10257,24021,0.0006109136,-1,-1
10258,24022,0.0006111355,-1,-1
10259,24023,0.0006105721,-1,-1
10260,24024,0.0006109534,-1,-1
10261,24025,0.0006108562,-1,-1
10262,24026,0.0006111555,-1,-1
10263,24027,0.0006116281,-1,-1
10264,24030,0.000610834,-1,-1
10265,24031,0.0006113053,-1,-1
10266,24032,0.0006109019,-1,-1
10267,24033,0.0006115315,-1,-1
10268,24034,0.0006111708,-1,-1
10269,24035,0.0006108567,-1,-1
10270,24036,0.0006108157,-1,-1
10271,24037,0.000611515,-1,-1
10272,24040,0.0006107269,-1,-1
10273,24041,0.0006105831,-1,-1
10274,24042,0.0006107464,-1,-1
10275,24043,0.0006111941,-1,-1
10276,24044,0.0006106764,-1,-1
10277,24045,0.0006106676,-1,-1
10278,24046,0.000611039,-1,-1
10279,24047,0.0006108122,-1,-1
10280,24050,0.0006111244,-1,-1
10281,24051,0.0006111459,-1,-1
10282,24052,0.0006113205,-1,-1
10283,24053,0.0006109316,-1,-1
10284,24054,0.0006111079,-1,-1
10285,24055,0.000610941,-1,-1
10286,24056,0.0006109658,-1,-1
10287,24057,0.0006106718,-1,-1
10288,24060,0.0006111759,-1,-1
10289,24061,0.0006113006,-1,-1
10290,24062,0.0006108714,-1,-1
10291,24063,0.0006112964,-1,-1
10292,24064,0.0006110123,-1,-1
10293,24065,0.0006110528,-1,-1
10294,24066,0.0006110916,-1,-1
10295,24067,0.0006109001,-1,-1
10296,24070,0.0006110095,-1,-1
10297,24071,0.000610834,-1,-1
10298,24072,0.0006105205,-1,-1
10299,24073,0.0006107679,-1,-1
10300,24074,0.0006107081,-1,-1
10301,24075,0.0006103268,-1,-1
10302,24076,0.0006111239,-1,-1
10303,24077,0.0006107506,-1,-1
10304,24100,0.0006109822,-1,-1
10305,24101,0.0006108796,-1,-1
10306,24102,0.0006105515,-1,-1
10307,24103,0.0006113077,-1,-1
10308,24104,0.0006110932,-1,-1
10309,24105,0.0006107952,-1,-1
10310,24106,0.0006110311,-1,-1
10311,24107,0.0006108074,-1,-1
10312,24110,0.0006112047,-1,-1
10313,24111,0.0006109657,-1,-1
10314,24112,0.0006113537,-1,-1
10315,24113,0.0006113966,-1,-1
10316,24114,0.0006107671,-1,-1
10317,24115,0.0006109645,-1,-1
10318,24116,0.000610961,-1,-1
10319,24117,0.0006114458,-1,-1
10320,24120,0.0006114682,-1,-1
10321,24121,0.0006110002,-1,-1
10322,24122,0.000610708,15,49
10323,24123,0.0006109909,15,49
10324,24124,0.0006106846,15,49
10325,24125,0.000610564,15,49
10326,24126,0.000610587,15,49
10327,24127,0.0006108404,15,49
10328,24130,0.0006105651,15,49
10329,24131,0.0006108856,15,48
10330,24132,0.0006109564,15,48
10331,24133,0.0006115676,15,48
10332,24134,0.0006112118,15,48
10333,24135,0.0006108403,15,48
10334,24136,0.0006107825,15,48
10335,24137,0.0006109711,15,47
10336,24140,0.0006107988,15,47
10337,24141,0.000610981,15,47
10338,24142,0.0006107069,15,47
10339,24143,0.0006111478,15,47
10340,24144,0.0006112579,15,47
10341,24145,0.0006111669,15,46
10342,24146,0.0006113031,15,46
10343,24147,0.0006110686,15,46
10344,24150,0.000611341,15,46
10345,24151,0.0006112087,15,46
10346,24152,0.000611029,15,46
10347,24153,0.0006114226,15,45
10348,24154,0.0006110985,15,45
10349,24155,0.0006110816,15,45
10350,24156,0.0006106443,15,45
10351,24157,0.0006105325,15,45
10352,24160,0.0006109105,15,45
10353,24161,0.0006107535,15,44
10354,24162,0.0006107108,15,44
10355,24163,0.0006114371,15,44
10356,24164,0.0006110875,15,44
10357,24165,0.0006109036,15,44
10358,24166,0.0006113393,15,44
10359,24167,0.0006107747,15,44
10360,24170,0.0006113289,15,43
10361,24171,0.0006099794,15,43
10362,24172,0.0006070314,15,43
10363,24173,0.0006020803,15,43
10364,24174,0.0005967703,15,43
10365,24175,0.0005896959,15,43
10366,24176,0.0005810229,15,42
10367,24177,0.0005720346,15,42
10368,24200,0.0005591866,15,42
10369,24201,0.0005488884,15,42
10370,24202,0.0005397999,15,42
10371,24203,0.0005334726,15,42
10372,24204,0.0005326627,15,41
10373,24205,0.0005343048,15,41
10374,24206,0.0005387018,15,41
10375,24207,0.0005426269,15,41
10376,24210,0.0005472914,15,41
10377,24211,0.0005505118,15,41
10378,24212,0.0005520958,15,40
10379,24213,0.0005538049,15,40
10380,24214,0.0005534864,15,40
10381,24215,0.0005523955,15,40
10382,24216,0.0005508692,15,40
10383,24217,0.0005501716,15,40
10384,24220,0.0005477101,15,39
10385,24221,0.0005419469,15,39
10386,24222,0.0005326465,15,39
10387,24223,0.0005108613,15,39
10388,24224,0.0004866403,15,39
10389,24225,0.0004484373,15,39
10390,24226,0.000382225,15,38
10391,24227,0.0003247836,15,38
10392,24230,0.000250607,15,38
10393,24231,0.0001769726,15,38
10394,24232,0.0001214909,15,38
10395,24233,3.115581e-05,15,38
10396,24234,3.132585e-05,15,38
10397,24235,3.134558e-05,15,37
10398,24236,3.133217e-05,15,37
10399,24237,3.151161e-05,15,37
10400,24240,3.163467e-05,15,37
10401,24241,3.163385e-05,15,37
10402,24242,3.160165e-05,15,37
10403,24243,3.179476e-05,15,36
10404,24244,3.187023e-05,15,36
10405,24245,3.18418e-05,15,36
10406,24246,3.180913e-05,15,36
10407,24247,3.200499e-05,15,36
10408,24250,3.205602e-05,15,36
10409,24251,3.202221e-05,15,35
10410,24252,3.198827e-05,15,35
10411,24253,3.218505e-05,15,35
10412,24254,3.222004e-05,15,35
10413,24255,3.217308e-05,15,35
10414,24256,3.21272e-05,15,35
10415,24257,3.228339e-05,15,34
10416,24260,3.235614e-05,15,34
10417,24261,3.231413e-05,15,34
10418,24262,3.225777e-05,15,34
10419,24263,3.243396e-05,15,34
10420,24264,3.248532e-05,15,34
10421,24265,3.244265e-05,15,33
10422,24266,3.240873e-05,15,33
10423,24267,3.263518e-05,15,33
10424,24270,3.276606e-05,15,33
10425,24271,3.292009e-05,15,33
10426,24272,3.318021e-05,15,33
10427,24273,3.381934e-05,15,33
10428,24274,3.472313e-05,15,32
10429,24275,3.587911e-05,15,32
10430,24276,3.829979e-05,15,32
10431,24277,4.476424e-05,15,32
10432,24300,6.054402e-05,15,32
10433,24301,0.0001689318,15,32
10434,24302,0.0001699242,15,31
10435,24303,0.0001667946,15,31
10436,24304,0.0001574245,15,31
10437,24305,0.0001504196,15,31
10438,24306,0.0001455028,15,31
10439,24307,0.0001441245,15,31
10440,24310,0.0001465138,15,30
10441,24311,0.0001497257,15,30
10442,24312,0.0001522583,15,30
10443,24313,0.0001540384,15,30
10444,24314,0.0001631095,15,30
10445,24315,0.0001736806,15,30
10446,24316,0.0002135046,15,29
10447,24317,0.0002498308,15,29
10448,24320,0.0002942877,15,29
10449,24321,0.0003590677,15,29
10450,24322,0.0004043826,15,29
10451,24323,0.0004686272,15,29
10452,24324,0.0005028972,15,28
10453,24325,0.0005222342,15,28
10454,24326,0.0005412576,15,28
10455,24327,0.0005492738,15,28
10456,24330,0.000553989,15,28
10457,24331,0.0005596947,15,28
10458,24332,0.00056286,15,27
10459,24333,0.0005662386,15,27
10460,24334,0.0005674816,15,27
10461,24335,0.0005672536,15,27
10462,24336,0.0005666878,15,27
10463,24337,0.0005673366,15,27
10464,24340,0.0005679681,15,27
10465,24341,0.0005678637,15,26
10466,24342,0.0005679931,15,26
10467,24343,0.0005674573,15,26
10468,24344,0.0005669375,15,26
10469,24345,0.0005666566,15,26
10470,24346,0.0005663658,15,26
10471,24347,0.0005662778,15,25
10472,24350,0.0005658079,15,25
10473,24351,0.0005656207,15,25
10474,24352,0.0005658024,15,25
10475,24353,0.0005656524,15,25
10476,24354,0.0005651545,15,25
10477,24355,0.0005665075,15,24
10478,24356,0.0005661229,15,24
10479,24357,0.0005668417,15,24
10480,24360,0.0005666832,15,24
10481,24361,0.0005663199,15,24
10482,24362,0.0005665062,15,24
10483,24363,0.0005662555,15,23
10484,24364,0.0005660001,15,23
10485,24365,0.0005658419,15,23
10486,24366,0.0005623845,15,23
10487,24367,0.0005563853,15,23
10488,24370,0.0005474132,15,23
10489,24371,0.0005263154,15,22
10490,24372,0.000505274,15,22
10491,24373,0.0004640266,15,22
10492,24374,0.0004012167,15,22
10493,24375,0.000344104,15,22
10494,24376,0.000243218,15,22
10495,24377,0.0001761997,15,22
10496,24400,0.0001266415,15,21
10497,24401,3.09147e-05,15,21
10498,24402,3.114992e-05,15,21
10499,24403,3.119873e-05,15,21
10500,24404,3.119349e-05,15,21
10501,24405,3.121518e-05,15,21
10502,24406,3.144158e-05,15,20
10503,24407,3.148989e-05,15,20
10504,24410,3.147201e-05,15,20
10505,24411,3.145593e-05,15,20
10506,24412,3.165241e-05,15,20
10507,24413,3.171313e-05,15,20
10508,24414,3.167501e-05,15,19
10509,24415,3.164558e-05,15,19
10510,24416,3.183319e-05,15,19
10511,24417,3.187705e-05,15,19
10512,24420,3.183076e-05,15,19
10513,24421,3.1799e-05,15,19
10514,24422,3.198803e-05,15,18
10515,24423,3.201038e-05,15,18
10516,24424,3.195287e-05,15,18
10517,24425,3.193376e-05,15,18
10518,24426,3.210934e-05,15,18
10519,24427,3.211525e-05,15,18
10520,24430,3.206489e-05,15,17
10521,24431,3.202557e-05,15,17
10522,24432,3.220285e-05,15,17
10523,24433,3.222092e-05,15,17
10524,24434,3.216145e-05,15,17
10525,24435,3.21132e-05,15,17
10526,24436,3.229624e-05,15,16
10527,24437,3.229048e-05,15,16
10528,24440,3.22234e-05,15,16
10529,24441,3.218144e-05,15,16
10530,24442,3.233788e-05,15,16
10531,24443,3.238203e-05,15,16
10532,24444,3.232455e-05,15,16
10533,24445,3.225282e-05,15,15
10534,24446,3.239192e-05,15,15
10535,24447,3.246397e-05,15,15
10536,24450,3.24368e-05,15,15
10537,24451,3.245238e-05,15,15
10538,24452,3.269345e-05,15,15
10539,24453,3.303971e-05,15,14
10540,24454,3.347278e-05,15,14
10541,24455,3.38877e-05,15,14
10542,24456,3.525281e-05,15,14
10543,24457,3.72011e-05,15,14
10544,24460,4.160629e-05,15,14
10545,24461,5.639152e-05,15,13
10546,24462,7.283665e-05,15,13
10547,24463,0.0005752675,15,13
10548,24464,0.0005758108,15,13
10549,24465,0.0005758567,15,13
10550,24466,0.0005759274,15,13
10551,24467,0.0005753079,15,12
10552,24470,0.0005745753,15,12
10553,24471,0.0005733921,15,12
10554,24472,0.0005728054,15,12
10555,24473,0.0005728615,15,12
10556,24474,0.0005729462,15,12
10557,24475,0.0005737647,15,11
10558,24476,0.0005738207,15,11
10559,24477,0.0005744692,15,11
10560,24500,0.0005742924,15,11
10561,24501,0.0005743577,15,11
10562,24502,0.0005742888,15,11
10563,24503,0.0005742157,15,11
10564,24504,0.0005743148,15,10
10565,24505,0.0005737073,15,10
10566,24506,0.0005735009,15,10
10567,24507,0.0005719591,15,10
10568,24510,0.0005715194,15,10
10569,24511,0.0005673203,15,10
10570,24512,0.0005610492,15,9
10571,24513,0.0005524422,15,9
10572,24514,0.0005318878,15,9
10573,24515,0.0005083991,15,9
10574,24516,0.00047286,15,9
10575,24517,0.0004017259,15,9
10576,24520,0.0003386988,15,8
10577,24521,0.0002602464,15,8
10578,24522,0.0001767371,15,8
10579,24523,0.0001246896,15,8
10580,24524,3.064889e-05,15,8
10581,24525,3.077028e-05,15,8
10582,24526,3.094815e-05,15,7
10583,24527,3.096274e-05,15,7
10584,24530,3.094498e-05,15,7
10585,24531,3.108383e-05,15,7
10586,24532,3.123427e-05,15,7
10587,24533,3.122255e-05,15,7
10588,24534,3.119105e-05,15,6
10589,24535,3.135416e-05,15,6
10590,24536,3.145446e-05,15,6
10591,24537,3.14373e-05,15,6
10592,24540,3.138663e-05,15,6
10593,24541,3.15557e-05,15,6
10594,24542,3.161384e-05,15,5
10595,24543,3.15531e-05,15,5
10596,24544,3.158623e-05,15,5
10597,24545,3.174422e-05,15,5
10598,24546,3.174673e-05,15,5
10599,24547,3.168967e-05,15,5
10600,24550,3.169676e-05,15,5
10601,24551,3.186883e-05,15,4
10602,24552,3.185834e-05,15,4
10603,24553,3.18086e-05,15,4
10604,24554,3.179563e-05,15,4
10605,24555,3.196975e-05,15,4
10606,24556,3.197381e-05,15,4
10607,24557,3.191895e-05,15,3
10608,24560,3.192806e-05,15,3
10609,24561,3.214321e-05,15,3
10610,24562,3.22263e-05,15,3
10611,24563,3.214291e-05,15,3
10612,24564,3.21024e-05,15,3
10613,24565,3.231765e-05,15,2
10614,24566,3.22682e-05,15,2
10615,24567,3.220656e-05,15,2
10616,24570,3.220042e-05,15,2
10617,24571,3.232639e-05,15,2
10618,24572,3.23464e-05,15,2
10619,24573,3.230646e-05,15,1
10620,24574,3.221073e-05,15,1
10621,24575,3.236698e-05,15,1
10622,24576,3.242424e-05,15,1
10623,24577,3.233834e-05,15,1
10624,24600,3.227648e-05,15,1
10625,24601,3.241373e-05,15,0
10626,24602,3.244555e-05,15,0
10627,24603,3.24144e-05,15,0
10628,24604,3.232365e-05,15,0
10629,24605,3.240029e-05,15,0
10630,24606,3.25099e-05,15,0
10631,24607,3.245021e-05,-1,-1
10632,24610,3.236218e-05,-1,-1
10633,24611,3.243789e-05,-1,-1
10634,24612,3.253615e-05,-1,-1
10635,24613,3.249682e-05,-1,-1
10636,24614,3.241777e-05,-1,-1
10637,24615,3.242389e-05,-1,-1
10638,24616,3.255819e-05,-1,-1
10639,24617,3.255479e-05,-1,-1
10640,24620,3.247893e-05,-1,-1
10641,24621,3.241613e-05,-1,-1
10642,24622,3.256808e-05,-1,-1
10643,24623,3.256958e-05,-1,-1
10644,24624,3.251702e-05,-1,-1
10645,24625,3.243897e-05,-1,-1
10646,24626,3.255909e-05,-1,-1
10647,24627,3.262046e-05,-1,-1
10648,24630,3.255757e-05,-1,-1
10649,24631,3.246635e-05,-1,-1
10650,24632,3.258199e-05,-1,-1
10651,24633,3.263726e-05,-1,-1
10652,24634,3.257555e-05,-1,-1
10653,24635,3.249286e-05,-1,-1
10654,24636,3.265468e-05,-1,-1
10655,24637,3.261903e-05,-1,-1
10656,24640,3.253064e-05,-1,-1
10657,24641,3.251872e-05,-1,-1
10658,24642,3.266605e-05,-1,-1
10659,24643,3.264813e-05,-1,-1
10660,24644,3.258017e-05,-1,-1
10661,24645,3.251295e-05,-1,-1
10662,24646,3.264254e-05,-1,-1
10663,24647,3.268505e-05,-1,-1
10664,24650,3.261873e-05,-1,-1
10665,24651,3.253916e-05,-1,-1
10666,24652,3.265489e-05,-1,-1
10667,24653,3.27031e-05,-1,-1
10668,24654,3.263806e-05,-1,-1
10669,24655,3.255353e-05,-1,-1
10670,24656,3.262707e-05,-1,-1
10671,24657,3.272109e-05,-1,-1
10672,24660,3.266944e-05,-1,-1
10673,24661,3.258146e-05,-1,-1
10674,24662,3.259048e-05,-1,-1
10675,24663,3.272958e-05,-1,-1
10676,24664,3.269637e-05,-1,-1
10677,24665,3.263419e-05,-1,-1
10678,24666,3.256993e-05,-1,-1
10679,24667,3.273459e-05,-1,-1
10680,24670,3.270827e-05,-1,-1
10681,24671,3.261922e-05,-1,-1
10682,24672,3.26041e-05,-1,-1
10683,24673,3.274861e-05,-1,-1
10684,24674,3.271836e-05,-1,-1
10685,24675,3.264765e-05,-1,-1
10686,24676,3.259446e-05,-1,-1
10687,24677,3.27456e-05,-1,-1
10688,24700,3.273394e-05,-1,-1
10689,24701,3.267126e-05,-1,-1
10690,24702,3.259505e-05,-1,-1
10691,24703,3.27015e-05,-1,-1
10692,24704,3.276439e-05,-1,-1
10693,24705,3.269374e-05,-1,-1
10694,24706,3.259879e-05,-1,-1
10695,24707,3.272247e-05,-1,-1
10696,24710,3.277364e-05,-1,-1
10697,24711,3.270153e-05,-1,-1
10698,24712,3.261463e-05,-1,-1
10699,24713,3.272164e-05,-1,-1
10700,24714,3.277642e-05,-1,-1
10701,24715,3.271456e-05,-1,-1
10702,24716,3.263927e-05,-1,-1
10703,24717,3.269333e-05,-1,-1
10704,24720,3.279199e-05,-1,-1
10705,24721,3.273221e-05,-1,-1
10706,24722,3.264836e-05,-1,-1
10707,24723,3.270548e-05,-1,-1
10708,24724,3.280057e-05,-1,-1
10709,24725,3.274755e-05,-1,-1
10710,24726,3.265524e-05,-1,-1
10711,24727,3.270177e-05,-1,-1
10712,24730,3.280364e-05,-1,-1
10713,24731,3.274885e-05,-1,-1
10714,24732,3.265056e-05,-1,-1
10715,24733,3.272299e-05,-1,-1
10716,24734,3.281205e-05,-1,-1
10717,24735,3.274946e-05,-1,-1
10718,24736,3.265747e-05,-1,-1
10719,24737,3.272073e-05,-1,-1
10720,24740,3.280997e-05,-1,-1
10721,24741,3.275013e-05,-1,-1
10722,24742,3.26572e-05,-1,-1
10723,24743,3.269702e-05,-1,-1
10724,24744,3.280599e-05,-1,-1
10725,24745,3.275293e-05,-1,-1
10726,24746,3.267325e-05,-1,-1
10727,24747,3.269269e-05,-1,-1
10728,24750,3.281448e-05,-1,-1
10729,24751,3.274518e-05,-1,-1
10730,24752,3.264775e-05,-1,-1
10731,24753,3.275596e-05,-1,-1
10732,24754,3.281258e-05,-1,-1
10733,24755,3.275572e-05,-1,-1
10734,24756,3.265901e-05,-1,-1
10735,24757,3.272636e-05,-1,-1
10736,24760,3.281715e-05,-1,-1
10737,24761,3.275603e-05,-1,-1
10738,24762,3.266107e-05,-1,-1
10739,24763,3.276005e-05,-1,-1
10740,24764,3.282074e-05,-1,-1
10741,24765,3.27513e-05,-1,-1
10742,24766,3.265791e-05,-1,-1
10743,24767,3.278072e-05,-1,-1
10744,24770,3.282353e-05,-1,-1
10745,24771,3.275053e-05,-1,-1
10746,24772,3.266344e-05,-1,-1
10747,24773,3.280078e-05,-1,-1
10748,24774,3.283296e-05,-1,-1
10749,24775,3.276163e-05,-1,-1
10750,24776,3.267067e-05,-1,-1
10751,24777,3.27732e-05,-1,-1
10752,25000,3.283952e-05,-1,-1
10753,25001,3.27924e-05,-1,-1
10754,25002,3.270859e-05,-1,-1
10755,25003,3.270923e-05,-1,-1
10756,25004,3.285177e-05,-1,-1
10757,25005,3.281181e-05,-1,-1
10758,25006,3.273681e-05,-1,-1
10759,25007,3.270801e-05,-1,-1
10760,25010,3.284069e-05,-1,-1
10761,25011,3.28372e-05,-1,-1
10762,25012,3.275716e-05,-1,-1
10763,25013,3.268455e-05,-1,-1
10764,25014,3.282019e-05,-1,-1
10765,25015,3.285681e-05,-1,-1
10766,25016,3.278783e-05,-1,-1
10767,25017,3.269957e-05,-1,-1
10768,25020,3.275086e-05,-1,-1
10769,25021,3.286745e-05,-1,-1
10770,25022,3.283495e-05,-1,-1
10771,25023,3.274208e-05,-1,-1
10772,25024,3.270179e-05,-1,-1
10773,25025,3.284768e-05,-1,-1
10774,25026,3.284988e-05,-1,-1
10775,25027,3.276981e-05,-1,-1
10776,25030,3.269915e-05,-1,-1
10777,25031,3.285617e-05,-1,-1
10778,25032,3.285597e-05,-1,-1
10779,25033,3.278934e-05,-1,-1
10780,25034,3.270539e-05,-1,-1
10781,25035,3.284447e-05,-1,-1
10782,25036,3.286244e-05,-1,-1
10783,25037,3.278661e-05,-1,-1
10784,25040,3.270636e-05,-1,-1
10785,25041,3.284855e-05,-1,-1
10786,25042,3.286817e-05,-1,-1
10787,25043,3.27898e-05,-1,-1
10788,25044,3.270899e-05,-1,-1
10789,25045,3.284835e-05,-1,-1
10790,25046,3.286894e-05,-1,-1
10791,25047,3.279203e-05,-1,-1
10792,25050,3.270905e-05,-1,-1
10793,25051,3.285811e-05,-1,-1
10794,25052,3.286926e-05,-1,-1
10795,25053,3.279821e-05,-1,-1
10796,25054,3.271753e-05,-1,-1
10797,25055,3.280602e-05,-1,-1
10798,25056,3.288759e-05,-1,-1
10799,25057,3.282344e-05,-1,-1
10800,25060,3.272768e-05,-1,-1
10801,25061,3.281401e-05,-1,-1
10802,25062,3.288917e-05,-1,-1
10803,25063,3.284704e-05,-1,-1
10804,25064,3.27645e-05,-1,-1
10805,25065,3.275478e-05,-1,-1
10806,25066,3.28957e-05,-1,-1
10807,25067,3.286065e-05,-1,-1
10808,25070,3.278038e-05,-1,-1
10809,25071,3.272793e-05,-1,-1
10810,25072,3.289127e-05,-1,-1
10811,25073,3.288015e-05,-1,-1
10812,25074,3.280842e-05,-1,-1
10813,25075,3.272486e-05,-1,-1
10814,25076,3.285605e-05,-1,-1
10815,25077,3.288743e-05,16,0
10816,25100,3.281668e-05,16,0
10817,25101,3.272507e-05,16,0
10818,25102,3.288023e-05,16,0
10819,25103,3.288346e-05,16,0
10820,25104,3.280453e-05,16,0
10821,25105,3.272085e-05,16,0
10822,25106,3.283767e-05,16,1
10823,25107,3.280268e-05,16,1
10824,25110,3.270056e-05,16,1
10825,25111,3.260335e-05,16,1
10826,25112,3.272193e-05,16,1
10827,25113,3.275833e-05,16,1
10828,25114,3.266882e-05,16,2
10829,25115,3.259192e-05,16,2
10830,25116,3.274509e-05,16,2
10831,25117,3.275189e-05,16,2
10832,25120,3.268841e-05,16,2
10833,25121,3.259748e-05,16,2
10834,25122,3.27277e-05,16,3
10835,25123,3.277229e-05,16,3
10836,25124,3.269672e-05,16,3
10837,25125,3.260957e-05,16,3
10838,25126,3.272969e-05,16,3
10839,25127,3.277795e-05,16,3
10840,25130,3.270941e-05,16,4
10841,25131,3.261797e-05,16,4
10842,25132,3.27337e-05,16,4
10843,25133,3.279744e-05,16,4
10844,25134,3.27352e-05,16,4
10845,25135,3.264388e-05,16,4
10846,25136,3.271447e-05,16,5
10847,25137,3.280385e-05,16,5
10848,25140,3.275329e-05,16,5
10849,25141,3.266283e-05,16,5
10850,25142,3.269192e-05,16,5
10851,25143,3.281772e-05,16,5
10852,25144,3.276974e-05,16,5
10853,25145,3.268856e-05,16,6
10854,25146,3.265317e-05,16,6
10855,25147,3.279914e-05,16,6
10856,25150,3.280789e-05,16,6
10857,25151,3.273172e-05,16,6
10858,25152,3.268601e-05,16,6
10859,25153,3.28692e-05,16,7
10860,25154,3.291827e-05,16,7
10861,25155,3.287646e-05,16,7
10862,25156,3.287304e-05,16,7
10863,25157,3.314956e-05,16,7
10864,25160,3.332654e-05,16,7
10865,25161,3.384048e-05,16,8
10866,25162,3.494121e-05,16,8
10867,25163,3.760967e-05,16,8
10868,25164,4.402115e-05,16,8
10869,25165,5.290451e-05,16,8
10870,25166,7.496083e-05,16,8
10871,25167,0.0005741845,16,9
10872,25170,0.0005742594,16,9
10873,25171,0.0005744041,16,9
10874,25172,0.0005747927,16,9
10875,25173,0.0005750831,16,9
10876,25174,0.0005752322,16,9
10877,25175,0.0005743458,16,10
10878,25176,0.0005746478,16,10
10879,25177,0.0005746203,16,10
10880,25200,0.0005745892,16,10
10881,25201,0.0005737448,16,10
10882,25202,0.0005733657,16,10
10883,25203,0.0005736263,16,11
10884,25204,0.0005735374,16,11
10885,25205,0.0005732976,16,11
10886,25206,0.000573504,16,11
10887,25207,0.0005733395,16,11
10888,25210,0.0005733411,16,11
10889,25211,0.0005738026,16,11
10890,25212,0.000573471,16,12
10891,25213,0.0005726268,16,12
10892,25214,0.0005696472,16,12
10893,25215,0.0005657602,16,12
10894,25216,0.0005567301,16,12
10895,25217,0.0005426529,16,12
10896,25220,0.0005211778,16,13
10897,25221,0.0004814369,16,13
10898,25222,0.0004281409,16,13
10899,25223,0.000354856,16,13
10900,25224,0.0002619038,16,13
10901,25225,0.0001961916,16,13
10902,25226,0.0001390217,16,14
10903,25227,3.094456e-05,16,14
10904,25230,3.094913e-05,16,14
10905,25231,3.100638e-05,16,14
10906,25232,3.123846e-05,16,14
10907,25233,3.128439e-05,16,14
10908,25234,3.127201e-05,16,15
10909,25235,3.130535e-05,16,15
10910,25236,3.150989e-05,16,15
10911,25237,3.156048e-05,16,15
10912,25240,3.153781e-05,16,15
10913,25241,3.152473e-05,16,15
10914,25242,3.172771e-05,16,16
10915,25243,3.177131e-05,16,16
10916,25244,3.174963e-05,16,16
10917,25245,3.171319e-05,16,16
10918,25246,3.18973e-05,16,16
10919,25247,3.195372e-05,16,16
10920,25250,3.191936e-05,16,16
10921,25251,3.186648e-05,16,17
10922,25252,3.203638e-05,16,17
10923,25253,3.209238e-05,16,17
10924,25254,3.205134e-05,16,17
10925,25255,3.199987e-05,16,17
10926,25256,3.21635e-05,16,17
10927,25257,3.221848e-05,16,18
10928,25260,3.217632e-05,16,18
10929,25261,3.210951e-05,16,18
10930,25262,3.225867e-05,16,18
10931,25263,3.232095e-05,16,18
10932,25264,3.227274e-05,16,18
10933,25265,3.220592e-05,16,19
10934,25266,3.236007e-05,16,19
10935,25267,3.241541e-05,16,19
10936,25270,3.236007e-05,16,19
10937,25271,3.229489e-05,16,19
10938,25272,3.246259e-05,16,19
10939,25273,3.249214e-05,16,20
10940,25274,3.244283e-05,16,20
10941,25275,3.242451e-05,16,20
10942,25276,3.264222e-05,16,20
10943,25277,3.270715e-05,16,20
10944,25300,3.267767e-05,16,20
10945,25301,3.274223e-05,16,21
10946,25302,3.31721e-05,16,21
10947,25303,3.36538e-05,16,21
10948,25304,3.498861e-05,16,21
10949,25305,3.687196e-05,16,21
10950,25306,4.151476e-05,16,21
10951,25307,5.354556e-05,16,22
10952,25310,6.87909e-05,16,22
10953,25311,0.0005693455,16,22
10954,25312,0.0005663745,16,22
10955,25313,0.000564084,16,22
10956,25314,0.0005596044,16,22
10957,25315,0.0005539389,16,22
10958,25316,0.0005475785,16,23
10959,25317,0.0005408998,16,23
10960,25320,0.0005321307,16,23
10961,25321,0.00051875,16,23
10962,25322,0.0004962294,16,23
10963,25323,0.0004657558,16,23
10964,25324,0.0004265045,16,24
10965,25325,0.0003820496,16,24
10966,25326,0.0003425792,16,24
10967,25327,0.0002978331,16,24
10968,25330,0.000265735,16,24
10969,25331,0.0002421664,16,24
10970,25332,0.0002269706,16,25
10971,25333,0.0002130811,16,25
10972,25334,0.0002070598,16,25
10973,25335,0.0002076386,16,25
10974,25336,0.0002038116,16,25
10975,25337,0.0002023225,16,25
10976,25340,0.0001997393,16,26
10977,25341,0.0001941928,16,26
10978,25342,0.0001960653,16,26
10979,25343,0.0001934419,16,26
10980,25344,0.0001920137,16,26
10981,25345,0.0001822178,16,26
10982,25346,0.0001748845,16,27
10983,25347,0.0001640615,16,27
10984,25350,0.000160256,16,27
10985,25351,0.000154734,16,27
10986,25352,0.0001576669,16,27
10987,25353,0.000159764,16,27
10988,25354,0.0001660471,16,27
10989,25355,0.0001886516,16,28
10990,25356,0.0002220217,16,28
10991,25357,0.0002716437,16,28
10992,25360,0.000324517,16,28
10993,25361,0.0003741611,16,28
10994,25362,0.0004199109,16,28
10995,25363,0.0004595209,16,29
10996,25364,0.00048924,16,29
10997,25365,0.0005152013,16,29
10998,25366,0.0005312489,16,29
10999,25367,0.0005427077,16,29
11000,25370,0.0005511357,16,29
11001,25371,0.0005564656,16,30
11002,25372,0.0005593452,16,30
11003,25373,0.0005603541,16,30
11004,25374,0.0005612744,16,30
11005,25375,0.0005619553,16,30
11006,25376,0.0005615454,16,30
11007,25377,0.000558619,16,31
11008,25400,0.0005501259,16,31
11009,25401,0.0005380305,16,31
11010,25402,0.0005157684,16,31
11011,25403,0.0004789952,16,31
11012,25404,0.000427338,16,31
11013,25405,0.0003465007,16,32
11014,25406,0.000263597,16,32
11015,25407,0.0001918863,16,32
11016,25410,0.0001324729,16,32
11017,25411,3.115217e-05,16,32
11018,25412,3.137436e-05,16,32
11019,25413,3.142175e-05,16,33
11020,25414,3.141353e-05,16,33
11021,25415,3.144972e-05,16,33
11022,25416,3.165773e-05,16,33
11023,25417,3.170771e-05,16,33
11024,25420,3.168974e-05,16,33
11025,25421,3.1701e-05,16,33
11026,25422,3.189737e-05,16,34
11027,25423,3.192767e-05,16,34
11028,25424,3.18899e-05,16,34
11029,25425,3.192919e-05,16,34
11030,25426,3.209856e-05,16,34
11031,25427,3.209042e-05,16,34
11032,25430,3.204135e-05,16,35
11033,25431,3.207698e-05,16,35
11034,25432,3.225013e-05,16,35
11035,25433,3.22472e-05,16,35
11036,25434,3.218736e-05,16,35
11037,25435,3.220273e-05,16,35
11038,25436,3.238174e-05,16,36
11039,25437,3.236589e-05,16,36
11040,25440,3.230783e-05,16,36
11041,25441,3.233922e-05,16,36
11042,25442,3.249471e-05,16,36
11043,25443,3.249249e-05,16,36
11044,25444,3.24604e-05,16,37
11045,25445,3.250932e-05,16,37
11046,25446,3.273005e-05,16,37
11047,25447,3.276395e-05,16,37
11048,25450,3.282456e-05,16,37
11049,25451,3.298037e-05,16,37
11050,25452,3.362915e-05,16,38
11051,25453,3.499312e-05,16,38
11052,25454,3.709432e-05,16,38
11053,25455,4.264371e-05,16,38
11054,25456,5.336116e-05,16,38
11055,25457,7.207937e-05,16,38
11056,25460,0.0006117476,16,38
11057,25461,0.00061172,16,39
11058,25462,0.0006119706,16,39
11059,25463,0.0006123274,16,39
11060,25464,0.000612326,16,39
11061,25465,0.0006117422,16,39
11062,25466,0.0006119842,16,39
11063,25467,0.0006117405,16,40
11064,25470,0.0006112883,16,40
11065,25471,0.0006112244,16,40
11066,25472,0.0006115712,16,40
11067,25473,0.0006116708,16,40
11068,25474,0.0006109961,16,40
11069,25475,0.0006103658,16,41
11070,25476,0.0006104409,16,41
11071,25477,0.0006103343,16,41
11072,25500,0.000610011,16,41
11073,25501,0.0006122112,16,41
11074,25502,0.0006115079,16,41
11075,25503,0.0006119653,16,42
11076,25504,0.000611633,16,42
11077,25505,0.0006113907,16,42
11078,25506,0.0006118587,16,42
11079,25507,0.000612172,16,42
11080,25510,0.0006122605,16,42
11081,25511,0.0006127313,16,43
11082,25512,0.0006123105,16,43
11083,25513,0.0006117622,16,43
11084,25514,0.0006114839,16,43
11085,25515,0.0006111859,16,43
11086,25516,0.0006113825,16,43
11087,25517,0.0006119798,16,44
11088,25520,0.0006110963,16,44
11089,25521,0.0006121749,16,44
11090,25522,0.0006110874,16,44
11091,25523,0.0006115634,16,44
11092,25524,0.0006117101,16,44
11093,25525,0.0006119764,16,44
11094,25526,0.0006120894,16,45
11095,25527,0.0006126476,16,45
11096,25530,0.0006124374,16,45
11097,25531,0.0006120913,16,45
11098,25532,0.000612031,16,45
11099,25533,0.0006115959,16,45
11100,25534,0.0006113792,16,46
11101,25535,0.0006116116,16,46
11102,25536,0.0006116498,16,46
11103,25537,0.0006116423,16,46
11104,25540,0.0006113792,16,46
11105,25541,0.0006112063,16,46
11106,25542,0.000611542,16,47
11107,25543,0.0006115173,16,47
11108,25544,0.0006105335,16,47
11109,25545,0.0006113498,16,47
11110,25546,0.0006116853,16,47
11111,25547,0.0006116504,16,47
11112,25550,0.0006114153,16,48
11113,25551,0.000611443,16,48
11114,25552,0.0006108989,16,48
11115,25553,0.0006111304,16,48
11116,25554,0.0006110893,16,48
11117,25555,0.0006110824,16,48
11118,25556,0.000611539,16,49
11119,25557,0.0006116075,16,49
11120,25560,0.0006113122,16,49
11121,25561,0.0006115572,16,49
11122,25562,0.0006112608,16,49
11123,25563,0.0006114623,16,49
11124,25564,0.0006120427,-1,-1
11125,25565,0.0006117919,-1,-1
11126,25566,0.0006117821,-1,-1
11127,25567,0.000611446,-1,-1
11128,25570,0.0006115731,-1,-1
11129,25571,0.0006113042,-1,-1
11130,25572,0.0006106781,-1,-1
11131,25573,0.000611587,-1,-1
11132,25574,0.0006120391,-1,-1
11133,25575,0.0006118182,-1,-1
11134,25576,0.0006112076,-1,-1
11135,25577,0.0006107068,-1,-1
11136,25600,0.0006113219,-1,-1
11137,25601,0.0006102026,-1,-1
11138,25602,0.0006112695,-1,-1
11139,25603,0.000611064,-1,-1
11140,25604,0.0006113903,-1,-1
11141,25605,0.0006108667,-1,-1
11142,25606,0.0006106384,-1,-1
11143,25607,0.00061077,-1,-1
11144,25610,0.0006107758,-1,-1
11145,25611,0.0006110478,-1,-1
11146,25612,0.0006110231,-1,-1
11147,25613,0.0006118722,-1,-1
11148,25614,0.0006115822,-1,-1
11149,25615,0.0006111843,-1,-1
11150,25616,0.000611334,-1,-1
11151,25617,0.0006111636,-1,-1
11152,25620,0.0006114494,-1,-1
11153,25621,0.0006106915,-1,-1
11154,25622,0.0006107794,-1,-1
11155,25623,0.0006112595,-1,-1
11156,25624,0.000610801,-1,-1
11157,25625,0.0006114558,-1,-1
11158,25626,0.0006113838,-1,-1
11159,25627,0.0006114077,-1,-1
11160,25630,0.0006116481,-1,-1
11161,25631,0.0006114975,-1,-1
11162,25632,0.0006119715,-1,-1
11163,25633,0.0006113317,-1,-1
11164,25634,0.0006112204,-1,-1
11165,25635,0.0006111858,-1,-1
11166,25636,0.0006112157,-1,-1
11167,25637,0.0006107607,-1,-1
11168,25640,0.0006114261,-1,-1
11169,25641,0.0006115266,-1,-1
11170,25642,0.0006113511,-1,-1
11171,25643,0.0006112073,-1,-1
11172,25644,0.0006108205,-1,-1
11173,25645,0.0006110523,-1,-1
11174,25646,0.0006106414,-1,-1
11175,25647,0.0006108684,-1,-1
11176,25650,0.0006112221,-1,-1
11177,25651,0.0006106535,-1,-1
11178,25652,0.000610479,-1,-1
11179,25653,0.0006111125,-1,-1
11180,25654,0.0006106436,-1,-1
11181,25655,0.0006111443,-1,-1
11182,25656,0.0006104994,-1,-1
11183,25657,0.0006111055,-1,-1
11184,25660,0.0006113938,-1,-1
11185,25661,0.0006111871,-1,-1
11186,25662,0.0006113392,-1,-1
11187,25663,0.0006111385,-1,-1
11188,25664,0.0006114944,-1,-1
11189,25665,0.0006115389,-1,-1
11190,25666,0.0006112972,-1,-1
11191,25667,0.0006108949,-1,-1
11192,25670,0.0006114512,-1,-1
11193,25671,0.0006110721,-1,-1
11194,25672,0.0006107303,-1,-1
11195,25673,0.0006114788,-1,-1
11196,25674,0.0006109838,-1,-1
11197,25675,0.0006113445,-1,-1
11198,25676,0.000611166,-1,-1
11199,25677,0.0006111313,-1,-1
11200,25700,0.0006110448,-1,-1
11201,25701,0.0006115835,-1,-1
11202,25702,0.0006116924,-1,-1
11203,25703,0.0006112215,-1,-1
11204,25704,0.0006114616,-1,-1
11205,25705,0.0006113675,-1,-1
11206,25706,0.0006112303,-1,-1
11207,25707,0.0006114141,-1,-1
11208,25710,0.0006112367,-1,-1
11209,25711,0.0006111694,-1,-1
11210,25712,0.0006112327,-1,-1
11211,25713,0.0006114218,-1,-1
11212,25714,0.0006111126,-1,-1
11213,25715,0.0006108846,-1,-1
11214,25716,0.0006113464,-1,-1
11215,25717,0.0006109317,-1,-1
11216,25720,0.0006109827,-1,-1
11217,25721,0.0006112777,-1,-1
11218,25722,0.0006116345,-1,-1
11219,25723,0.0006112521,-1,-1
11220,25724,0.0006109036,-1,-1
11221,25725,0.0006112233,-1,-1
11222,25726,0.000611241,-1,-1
11223,25727,0.0006109193,-1,-1
11224,25730,0.0006112304,-1,-1
11225,25731,0.0006114049,-1,-1
11226,25732,0.0006111882,-1,-1
11227,25733,0.0006115633,-1,-1
11228,25734,0.0006110546,-1,-1
11229,25735,0.000611375,-1,-1
11230,25736,0.0006113756,-1,-1
11231,25737,0.0006116647,-1,-1
11232,25740,0.0006119777,-1,-1
11233,25741,0.0006118141,-1,-1
11234,25742,0.0006116281,-1,-1
11235,25743,0.0006114892,-1,-1
11236,25744,0.0006113393,-1,-1
11237,25745,0.000611498,-1,-1
11238,25746,0.0006110083,-1,-1
11239,25747,0.0006115683,-1,-1
11240,25750,0.0006112878,-1,-1
11241,25751,0.0006115618,-1,-1
11242,25752,0.000611734,-1,-1
11243,25753,0.0006115245,-1,-1
11244,25754,0.0006112859,-1,-1
11245,25755,0.0006113002,-1,-1
11246,25756,0.0006114536,-1,-1
11247,25757,0.0006112305,-1,-1
11248,25760,0.0006112645,-1,-1
11249,25761,0.0006113353,-1,-1
11250,25762,0.0006112751,-1,-1
11251,25763,0.0006110337,-1,-1
11252,25764,0.0006114488,-1,-1
11253,25765,0.0006114593,-1,-1
11254,25766,0.000611372,-1,-1
11255,25767,0.000611207,-1,-1
11256,25770,0.0006111712,-1,-1
11257,25771,0.0006111297,-1,-1
11258,25772,0.0006113763,-1,-1
11259,25773,0.0006108556,-1,-1
11260,25774,0.0006112074,-1,-1
11261,25775,0.0006113369,-1,-1
11262,25776,0.0006110687,-1,-1
11263,25777,0.0006111246,-1,-1
11264,26000,0.0006112228,-1,-1
11265,26001,0.0006114499,-1,-1
11266,26002,0.0006119918,-1,-1
11267,26003,0.0006115526,-1,-1
11268,26004,0.0006115014,-1,-1
11269,26005,0.0006117433,-1,-1
11270,26006,0.0006119957,-1,-1
11271,26007,0.000611676,-1,-1
11272,26010,0.0006114858,-1,-1
11273,26011,0.0006108545,-1,-1
11274,26012,0.0006113859,-1,-1
11275,26013,0.000611495,-1,-1
11276,26014,0.0006112913,-1,-1
11277,26015,0.0006111465,-1,-1
11278,26016,0.0006106651,-1,-1
11279,26017,0.0006112327,-1,-1
11280,26020,0.000611403,-1,-1
11281,26021,0.0006109997,-1,-1
11282,26022,0.0006113087,-1,-1
11283,26023,0.0006107127,-1,-1
11284,26024,0.0006111506,-1,-1
11285,26025,0.0006109626,-1,-1
11286,26026,0.0006111899,-1,-1
11287,26027,0.0006111313,-1,-1
11288,26030,0.0006113181,-1,-1
11289,26031,0.000611652,-1,-1
11290,26032,0.000611785,-1,-1
11291,26033,0.0006114481,-1,-1
11292,26034,0.0006114267,-1,-1
11293,26035,0.000611669,-1,-1
11294,26036,0.0006116354,-1,-1
11295,26037,0.0006116121,-1,-1
11296,26040,0.0006109702,-1,-1
11297,26041,0.0006107448,-1,-1
11298,26042,0.0006112457,-1,-1
11299,26043,0.0006112831,-1,-1
11300,26044,0.0006114598,-1,-1
11301,26045,0.0006113819,-1,-1
11302,26046,0.0006110658,-1,-1
11303,26047,0.0006110874,-1,-1
11304,26050,0.0006115313,-1,-1
11305,26051,0.0006115675,-1,-1
11306,26052,0.0006115168,-1,-1
11307,26053,0.0006109778,-1,-1
11308,26054,0.0006112504,-1,-1
11309,26055,0.0006114267,17,49
11310,26056,0.0006109879,17,49
11311,26057,0.0006116222,17,49
11312,26060,0.0006111402,17,49
11313,26061,0.0006110208,17,49
11314,26062,0.0006110806,17,49
11315,26063,0.0006114512,17,49
11316,26064,0.0006113135,17,48
11317,26065,0.0006110318,17,48
11318,26066,0.0006110927,17,48
11319,26067,0.000611569,17,48
11320,26070,0.0006113375,17,48
11321,26071,0.0006107666,17,48
11322,26072,0.0006112363,17,47
11323,26073,0.0006113322,17,47
11324,26074,0.0006111107,17,47
11325,26075,0.0006112526,17,47
11326,26076,0.0006112104,17,47
11327,26077,0.0006114254,17,47
11328,26100,0.0006112702,17,46
11329,26101,0.0006115203,17,46
11330,26102,0.0006112572,17,46
11331,26103,0.0006108385,17,46
11332,26104,0.0006109703,17,46
11333,26105,0.0006112427,17,46
11334,26106,0.0006108732,17,45
11335,26107,0.0006105895,17,45
11336,26110,0.0006114259,17,45
11337,26111,0.0006113264,17,45
11338,26112,0.0006109707,17,45
11339,26113,0.0006111166,17,45
11340,26114,0.0006115987,17,44
11341,26115,0.0006111133,17,44
11342,26116,0.0006110094,17,44
11343,26117,0.0006112591,17,44
11344,26120,0.0006108273,17,44
11345,26121,0.0006110565,17,44
11346,26122,0.000611172,17,44
11347,26123,0.0006106172,17,43
11348,26124,0.000609686,17,43
11349,26125,0.0006066542,17,43
11350,26126,0.0006000216,17,43
11351,26127,0.0005934136,17,43
11352,26130,0.0005850655,17,43
11353,26131,0.0005754776,17,42
11354,26132,0.0005666474,17,42
11355,26133,0.0005536034,17,42
11356,26134,0.0005424934,17,42
11357,26135,0.0005370622,17,42
11358,26136,0.0005366558,17,42
11359,26137,0.0005394644,17,41
11360,26140,0.0005462269,17,41
11361,26141,0.0005536522,17,41
11362,26142,0.0005579096,17,41
11363,26143,0.000562822,17,41
11364,26144,0.0005647676,17,41
11365,26145,0.0005663213,17,40
11366,26146,0.000566106,17,40
11367,26147,0.0005652514,17,40
11368,26150,0.0005634503,17,40
11369,26151,0.0005605031,17,40
11370,26152,0.0005600734,17,40
11371,26153,0.000556537,17,39
11372,26154,0.0005519437,17,39
11373,26155,0.0005437098,17,39
11374,26156,0.000523654,17,39
11375,26157,0.0005032904,17,39
11376,26160,0.0004731628,17,39
11377,26161,0.0004142782,17,38
11378,26162,0.0003608647,17,38
11379,26163,0.0002823438,17,38
11380,26164,0.0002041782,17,38
11381,26165,0.0001408391,17,38
11382,26166,3.102555e-05,17,38
11383,26167,3.109982e-05,17,38
11384,26170,3.132195e-05,17,37
11385,26171,3.135817e-05,17,37
11386,26172,3.135202e-05,17,37
11387,26173,3.141028e-05,17,37
11388,26174,3.161619e-05,17,37
11389,26175,3.164553e-05,17,37
11390,26176,3.162807e-05,17,36
11391,26177,3.163498e-05,17,36
11392,26200,3.18428e-05,17,36
11393,26201,3.186803e-05,17,36
11394,26202,3.183201e-05,17,36
11395,26203,3.183167e-05,17,36
11396,26204,3.2029e-05,17,35
11397,26205,3.20437e-05,17,35
11398,26206,3.199888e-05,17,35
11399,26207,3.199838e-05,17,35
11400,26210,3.218376e-05,17,35
11401,26211,3.220718e-05,17,35
11402,26212,3.215492e-05,17,34
11403,26213,3.212646e-05,17,34
11404,26214,3.233372e-05,17,34
11405,26215,3.232332e-05,17,34
11406,26216,3.227447e-05,17,34
11407,26217,3.232268e-05,17,34
11408,26220,3.249211e-05,17,33
11409,26221,3.248968e-05,17,33
11410,26222,3.248353e-05,17,33
11411,26223,3.262143e-05,17,33
11412,26224,3.30246e-05,17,33
11413,26225,3.334548e-05,17,33
11414,26226,3.387332e-05,17,33
11415,26227,3.484062e-05,17,32
11416,26230,3.629239e-05,17,32
11417,26231,3.932725e-05,17,32
11418,26232,4.726084e-05,17,32
11419,26233,6.355778e-05,17,32
11420,26234,0.0002012344,17,32
11421,26235,0.0002066782,17,31
11422,26236,0.0002131409,17,31
11423,26237,0.000223969,17,31
11424,26240,0.0002399866,17,31
11425,26241,0.0002644806,17,31
11426,26242,0.0002860616,17,31
11427,26243,0.0003027926,17,30
11428,26244,0.0003330219,17,30
11429,26245,0.0003500942,17,30
11430,26246,0.0003686677,17,30
11431,26247,0.0003918462,17,30
11432,26250,0.0004141149,17,30
11433,26251,0.0004511892,17,29
11434,26252,0.0004814865,17,29
11435,26253,0.0005016776,17,29
11436,26254,0.0005209691,17,29
11437,26255,0.0005265634,17,29
11438,26256,0.0005277996,17,29
11439,26257,0.000530409,17,28
11440,26260,0.0005331359,17,28
11441,26261,0.0005430256,17,28
11442,26262,0.0005509034,17,28
11443,26263,0.0005561025,17,28
11444,26264,0.0005612852,17,28
11445,26265,0.0005629263,17,27
11446,26266,0.0005642088,17,27
11447,26267,0.0005661331,17,27
11448,26270,0.0005675072,17,27
11449,26271,0.0005679502,17,27
11450,26272,0.0005672639,17,27
11451,26273,0.0005681895,17,27
11452,26274,0.0005669139,17,26
11453,26275,0.0005660705,17,26
11454,26276,0.0005647864,17,26
11455,26277,0.0005644175,17,26
11456,26300,0.0005643393,17,26
11457,26301,0.0005658533,17,26
11458,26302,0.0005675271,17,25
11459,26303,0.0005681621,17,25
11460,26304,0.0005681824,17,25
11461,26305,0.0005681893,17,25
11462,26306,0.0005683066,17,25
11463,26307,0.0005682063,17,25
11464,26310,0.0005682035,17,24
11465,26311,0.0005685574,17,24
11466,26312,0.000567704,17,24
11467,26313,0.0005677194,17,24
11468,26314,0.0005674181,17,24
11469,26315,0.0005681789,17,24
11470,26316,0.000568028,17,23
11471,26317,0.0005684354,17,23
11472,26320,0.0005686711,17,23
11473,26321,0.0005677899,17,23
11474,26322,0.0005646403,17,23
11475,26323,0.0005600303,17,23
11476,26324,0.0005499223,17,22
11477,26325,0.000534876,17,22
11478,26326,0.0005092275,17,22
11479,26327,0.0004630041,17,22
11480,26330,0.000422633,17,22
11481,26331,0.0003472925,17,22
11482,26332,0.0002582035,17,22
11483,26333,0.0001980497,17,21
11484,26334,0.0001289718,17,21
11485,26335,3.089735e-05,17,21
11486,26336,3.089155e-05,17,21
11487,26337,3.106022e-05,17,21
11488,26340,3.120833e-05,17,21
11489,26341,3.120903e-05,17,20
11490,26342,3.118879e-05,17,20
11491,26343,3.137759e-05,17,20
11492,26344,3.146562e-05,17,20
11493,26345,3.144787e-05,17,20
11494,26346,3.141778e-05,17,20
11495,26347,3.158424e-05,17,19
11496,26350,3.166736e-05,17,19
11497,26351,3.163381e-05,17,19
11498,26352,3.159004e-05,17,19
11499,26353,3.177042e-05,17,19
11500,26354,3.181566e-05,17,19
11501,26355,3.17672e-05,17,18
11502,26356,3.172414e-05,17,18
11503,26357,3.190876e-05,17,18
11504,26360,3.192937e-05,17,18
11505,26361,3.186788e-05,17,18
11506,26362,3.183378e-05,17,18
11507,26363,3.199919e-05,17,17
11508,26364,3.203482e-05,17,17
11509,26365,3.197747e-05,17,17
11510,26366,3.192012e-05,17,17
11511,26367,3.209377e-05,17,17
11512,26370,3.211577e-05,17,17
11513,26371,3.204941e-05,17,16
11514,26372,3.19997e-05,17,16
11515,26373,3.213665e-05,17,16
11516,26374,3.218976e-05,17,16
11517,26375,3.213666e-05,17,16
11518,26376,3.207049e-05,17,16
11519,26377,3.221866e-05,17,16
11520,26400,3.226542e-05,17,15
11521,26401,3.223014e-05,17,15
11522,26402,3.215306e-05,17,15
11523,26403,3.226902e-05,17,15
11524,26404,3.240375e-05,17,15
11525,26405,3.243423e-05,17,15
11526,26406,3.250777e-05,17,14
11527,26407,3.288755e-05,17,14
11528,26410,3.34394e-05,17,14
11529,26411,3.405871e-05,17,14
11530,26412,3.523358e-05,17,14
11531,26413,3.713467e-05,17,14
11532,26414,4.493552e-05,17,13
11533,26415,5.796685e-05,17,13
11534,26416,7.684007e-05,17,13
11535,26417,0.0005747756,17,13
11536,26420,0.0005747352,17,13
11537,26421,0.0005740596,17,13
11538,26422,0.0005747437,17,12
11539,26423,0.0005749447,17,12
11540,26424,0.0005742707,17,12
11541,26425,0.0005746401,17,12
11542,26426,0.0005748431,17,12
11543,26427,0.0005747509,17,12
11544,26430,0.0005739892,17,11
11545,26431,0.0005737758,17,11
11546,26432,0.0005732953,17,11
11547,26433,0.0005734761,17,11
11548,26434,0.0005724885,17,11
11549,26435,0.0005733847,17,11
11550,26436,0.0005733967,17,11
11551,26437,0.0005738183,17,10
11552,26440,0.0005727122,17,10
11553,26441,0.0005715673,17,10
11554,26442,0.0005693384,17,10
11555,26443,0.0005688883,17,10
11556,26444,0.0005665889,17,10
11557,26445,0.000560198,17,9
11558,26446,0.0005518144,17,9
11559,26447,0.0005327036,17,9
11560,26450,0.000503128,17,9
11561,26451,0.0004735872,17,9
11562,26452,0.0004105653,17,9
11563,26453,0.0003369003,17,8
11564,26454,0.0002710301,17,8
11565,26455,0.0001827914,17,8
11566,26456,0.0001287949,17,8
11567,26457,3.071834e-05,17,8
11568,26460,3.082357e-05,17,8
11569,26461,3.082549e-05,17,7
11570,26462,3.083938e-05,17,7
11571,26463,3.106429e-05,17,7
11572,26464,3.112679e-05,17,7
11573,26465,3.111121e-05,17,7
11574,26466,3.110752e-05,17,7
11575,26467,3.131458e-05,17,6
11576,26470,3.135313e-05,17,6
11577,26471,3.132391e-05,17,6
11578,26472,3.132069e-05,17,6
11579,26473,3.151832e-05,17,6
11580,26474,3.153512e-05,17,6
11581,26475,3.148738e-05,17,5
11582,26476,3.149744e-05,17,5
11583,26477,3.167767e-05,17,5
11584,26500,3.166971e-05,17,5
11585,26501,3.161721e-05,17,5
11586,26502,3.163777e-05,17,5
11587,26503,3.180696e-05,17,5
11588,26504,3.179218e-05,17,4
11589,26505,3.172428e-05,17,4
11590,26506,3.176284e-05,17,4
11591,26507,3.190587e-05,17,4
11592,26510,3.190042e-05,17,4
11593,26511,3.183827e-05,17,4
11594,26512,3.18462e-05,17,3
11595,26513,3.201325e-05,17,3
11596,26514,3.203586e-05,17,3
11597,26515,3.203304e-05,17,3
11598,26516,3.207614e-05,17,3
11599,26517,3.218104e-05,17,3
11600,26520,3.221088e-05,17,2
11601,26521,3.216762e-05,17,2
11602,26522,3.207438e-05,17,2
11603,26523,3.223667e-05,17,2
11604,26524,3.229282e-05,17,2
11605,26525,3.221198e-05,17,2
11606,26526,3.215758e-05,17,1
11607,26527,3.228904e-05,17,1
11608,26530,3.232496e-05,17,1
11609,26531,3.228784e-05,17,1
11610,26532,3.220671e-05,17,1
11611,26533,3.231896e-05,17,1
11612,26534,3.239116e-05,17,0
11613,26535,3.232623e-05,17,0
11614,26536,3.223737e-05,17,0
11615,26537,3.2375e-05,17,0
11616,26540,3.242641e-05,17,0
11617,26541,3.236856e-05,17,0
11618,26542,3.229849e-05,-1,-1
11619,26543,3.235559e-05,-1,-1
11620,26544,3.246523e-05,-1,-1
11621,26545,3.24229e-05,-1,-1
11622,26546,3.231591e-05,-1,-1
11623,26547,3.241664e-05,-1,-1
11624,26550,3.249849e-05,-1,-1
11625,26551,3.243163e-05,-1,-1
11626,26552,3.235886e-05,-1,-1
11627,26553,3.247421e-05,-1,-1
11628,26554,3.251067e-05,-1,-1
11629,26555,3.245607e-05,-1,-1
11630,26556,3.237084e-05,-1,-1
11631,26557,3.249893e-05,-1,-1
11632,26560,3.255345e-05,-1,-1
11633,26561,3.248517e-05,-1,-1
11634,26562,3.239579e-05,-1,-1
11635,26563,3.251126e-05,-1,-1
11636,26564,3.256906e-05,-1,-1
11637,26565,3.25098e-05,-1,-1
11638,26566,3.241692e-05,-1,-1
11639,26567,3.254431e-05,-1,-1
11640,26570,3.259598e-05,-1,-1
11641,26571,3.252112e-05,-1,-1
11642,26572,3.243771e-05,-1,-1
11643,26573,3.255848e-05,-1,-1
11644,26574,3.261168e-05,-1,-1
11645,26575,3.255749e-05,-1,-1
11646,26576,3.247288e-05,-1,-1
11647,26577,3.255122e-05,-1,-1
11648,26600,3.263935e-05,-1,-1
11649,26601,3.25742e-05,-1,-1
11650,26602,3.247161e-05,-1,-1
11651,26603,3.261235e-05,-1,-1
11652,26604,3.264535e-05,-1,-1
11653,26605,3.257783e-05,-1,-1
11654,26606,3.249662e-05,-1,-1
11655,26607,3.258837e-05,-1,-1
11656,26610,3.26654e-05,-1,-1
11657,26611,3.259255e-05,-1,-1
11658,26612,3.250045e-05,-1,-1
11659,26613,3.263976e-05,-1,-1
11660,26614,3.267108e-05,-1,-1
11661,26615,3.260272e-05,-1,-1
11662,26616,3.252124e-05,-1,-1
11663,26617,3.265521e-05,-1,-1
11664,26620,3.268197e-05,-1,-1
11665,26621,3.261158e-05,-1,-1
11666,26622,3.252712e-05,-1,-1
11667,26623,3.268089e-05,-1,-1
11668,26624,3.269851e-05,-1,-1
11669,26625,3.263505e-05,-1,-1
11670,26626,3.254428e-05,-1,-1
11671,26627,3.264737e-05,-1,-1
11672,26630,3.271441e-05,-1,-1
11673,26631,3.26479e-05,-1,-1
11674,26632,3.255309e-05,-1,-1
11675,26633,3.26553e-05,-1,-1
11676,26634,3.271775e-05,-1,-1
11677,26635,3.265946e-05,-1,-1
11678,26636,3.258489e-05,-1,-1
11679,26637,3.26041e-05,-1,-1
11680,26640,3.272952e-05,-1,-1
11681,26641,3.268112e-05,-1,-1
11682,26642,3.260825e-05,-1,-1
11683,26643,3.257716e-05,-1,-1
11684,26644,3.272322e-05,-1,-1
11685,26645,3.271084e-05,-1,-1
11686,26646,3.264195e-05,-1,-1
11687,26647,3.256776e-05,-1,-1
11688,26650,3.271028e-05,-1,-1
11689,26651,3.272896e-05,-1,-1
11690,26652,3.266092e-05,-1,-1
11691,26653,3.257388e-05,-1,-1
11692,26654,3.271763e-05,-1,-1
11693,26655,3.273236e-05,-1,-1
11694,26656,3.264394e-05,-1,-1
11695,26657,3.258141e-05,-1,-1
11696,26660,3.273484e-05,-1,-1
11697,26661,3.273198e-05,-1,-1
11698,26662,3.266795e-05,-1,-1
11699,26663,3.258082e-05,-1,-1
11700,26664,3.271008e-05,-1,-1
11701,26665,3.275517e-05,-1,-1
11702,26666,3.267445e-05,-1,-1
11703,26667,3.259095e-05,-1,-1
11704,26670,3.270726e-05,-1,-1
11705,26671,3.274723e-05,-1,-1
11706,26672,3.266636e-05,-1,-1
11707,26673,3.25797e-05,-1,-1
11708,26674,3.269298e-05,-1,-1
11709,26675,3.27385e-05,-1,-1
11710,26676,3.266693e-05,-1,-1
11711,26677,3.257382e-05,-1,-1
11712,26700,3.269775e-05,-1,-1
11713,26701,3.273168e-05,-1,-1
11714,26702,3.265787e-05,-1,-1
11715,26703,3.256935e-05,-1,-1
11716,26704,3.271693e-05,-1,-1
11717,26705,3.273251e-05,-1,-1
11718,26706,3.265618e-05,-1,-1
11719,26707,3.257447e-05,-1,-1
11720,26710,3.269126e-05,-1,-1
11721,26711,3.273926e-05,-1,-1
11722,26712,3.266704e-05,-1,-1
11723,26713,3.257739e-05,-1,-1
11724,26714,3.27188e-05,-1,-1
11725,26715,3.273119e-05,-1,-1
11726,26716,3.264951e-05,-1,-1
11727,26717,3.258885e-05,-1,-1
11728,26720,3.273947e-05,-1,-1
11729,26721,3.272521e-05,-1,-1
11730,26722,3.265226e-05,-1,-1
11731,26723,3.259721e-05,-1,-1
11732,26724,3.27525e-05,-1,-1
11733,26725,3.273598e-05,-1,-1
11734,26726,3.265349e-05,-1,-1
11735,26727,3.258814e-05,-1,-1
11736,26730,3.273777e-05,-1,-1
11737,26731,3.274571e-05,-1,-1
11738,26732,3.26618e-05,-1,-1
11739,26733,3.259775e-05,-1,-1
11740,26734,3.275171e-05,-1,-1
11741,26735,3.274301e-05,-1,-1
11742,26736,3.265456e-05,-1,-1
11743,26737,3.261492e-05,-1,-1
11744,26740,3.27665e-05,-1,-1
11745,26741,3.274439e-05,-1,-1
11746,26742,3.265849e-05,-1,-1
11747,26743,3.261164e-05,-1,-1
11748,26744,3.276764e-05,-1,-1
11749,26745,3.27489e-05,-1,-1
11750,26746,3.267222e-05,-1,-1
11751,26747,3.260948e-05,-1,-1
11752,26750,3.276582e-05,-1,-1
11753,26751,3.276199e-05,-1,-1
11754,26752,3.26815e-05,-1,-1
11755,26753,3.261112e-05,-1,-1
11756,26754,3.274281e-05,-1,-1
11757,26755,3.277142e-05,-1,-1
11758,26756,3.269351e-05,-1,-1
11759,26757,3.261182e-05,-1,-1
11760,26760,3.275897e-05,-1,-1
11761,26761,3.277627e-05,-1,-1
11762,26762,3.270676e-05,-1,-1
11763,26763,3.262081e-05,-1,-1
11764,26764,3.27219e-05,-1,-1
11765,26765,3.279288e-05,-1,-1
11766,26766,3.272814e-05,-1,-1
11767,26767,3.264e-05,-1,-1
11768,26770,3.270045e-05,-1,-1
11769,26771,3.279241e-05,-1,-1
11770,26772,3.272521e-05,-1,-1
11771,26773,3.263182e-05,-1,-1
11772,26774,3.269672e-05,-1,-1
11773,26775,3.280005e-05,-1,-1
11774,26776,3.275687e-05,-1,-1
11775,26777,3.266634e-05,-1,-1
11776,27000,3.264004e-05,-1,-1
11777,27001,3.278298e-05,-1,-1
11778,27002,3.277211e-05,-1,-1
11779,27003,3.268941e-05,-1,-1
11780,27004,3.263668e-05,-1,-1
11781,27005,3.279691e-05,-1,-1
11782,27006,3.277593e-05,-1,-1
11783,27007,3.269143e-05,-1,-1
11784,27010,3.263873e-05,-1,-1
11785,27011,3.278647e-05,-1,-1
11786,27012,3.278883e-05,-1,-1
11787,27013,3.27111e-05,-1,-1
11788,27014,3.263803e-05,-1,-1
11789,27015,3.280189e-05,-1,-1
11790,27016,3.277522e-05,-1,-1
11791,27017,3.269508e-05,-1,-1
11792,27020,3.264915e-05,-1,-1
11793,27021,3.280683e-05,-1,-1
11794,27022,3.27763e-05,-1,-1
11795,27023,3.268981e-05,-1,-1
11796,27024,3.264648e-05,-1,-1
11797,27025,3.281247e-05,-1,-1
11798,27026,3.277721e-05,-1,-1
11799,27027,3.268256e-05,-1,-1
11800,27030,3.266444e-05,-1,-1
11801,27031,3.281045e-05,-1,-1
11802,27032,3.278008e-05,18,0
11803,27033,3.270042e-05,18,0
11804,27034,3.265296e-05,18,0
11805,27035,3.2816e-05,18,0
11806,27036,3.278611e-05,18,0
11807,27037,3.269667e-05,18,0
11808,27040,3.266039e-05,18,0
11809,27041,3.279694e-05,18,1
11810,27042,3.27113e-05,18,1
11811,27043,3.259151e-05,18,1
11812,27044,3.257813e-05,18,1
11813,27045,3.271196e-05,18,1
11814,27046,3.267661e-05,18,1
11815,27047,3.259633e-05,18,2
11816,27050,3.255517e-05,18,2
11817,27051,3.270919e-05,18,2
11818,27052,3.267184e-05,18,2
11819,27053,3.258621e-05,18,2
11820,27054,3.256158e-05,18,2
11821,27055,3.271983e-05,18,3
11822,27056,3.268719e-05,18,3
11823,27057,3.260252e-05,18,3
11824,27060,3.257157e-05,18,3
11825,27061,3.272536e-05,18,3
11826,27062,3.269568e-05,18,3
11827,27063,3.261248e-05,18,4
11828,27064,3.256671e-05,18,4
11829,27065,3.273844e-05,18,4
11830,27066,3.26929e-05,18,4
11831,27067,3.260573e-05,18,4
11832,27070,3.259698e-05,18,4
11833,27071,3.274735e-05,18,5
11834,27072,3.270976e-05,18,5
11835,27073,3.26382e-05,18,5
11836,27074,3.258248e-05,18,5
11837,27075,3.274708e-05,18,5
11838,27076,3.274301e-05,18,5
11839,27077,3.266704e-05,18,5
11840,27100,3.259458e-05,18,6
11841,27101,3.273667e-05,18,6
11842,27102,3.276193e-05,18,6
11843,27103,3.26924e-05,18,6
11844,27104,3.261621e-05,18,6
11845,27105,3.276325e-05,18,6
11846,27106,3.281314e-05,18,7
11847,27107,3.27874e-05,18,7
11848,27110,3.275877e-05,18,7
11849,27111,3.295783e-05,18,7
11850,27112,3.307555e-05,18,7
11851,27113,3.318706e-05,18,7
11852,27114,3.356524e-05,18,8
11853,27115,3.460119e-05,18,8
11854,27116,3.668857e-05,18,8
11855,27117,4.127494e-05,18,8
11856,27120,4.892314e-05,18,8
11857,27121,6.749561e-05,18,8
11858,27122,0.0005741927,18,9
11859,27123,0.0005744846,18,9
11860,27124,0.0005740509,18,9
11861,27125,0.0005744905,18,9
11862,27126,0.000574104,18,9
11863,27127,0.0005733728,18,9
11864,27130,0.0005732189,18,10
11865,27131,0.0005724165,18,10
11866,27132,0.00057329,18,10
11867,27133,0.0005746614,18,10
11868,27134,0.0005744071,18,10
11869,27135,0.000574721,18,10
11870,27136,0.0005746855,18,10
11871,27137,0.000573783,18,11
11872,27140,0.0005738089,18,11
11873,27141,0.0005731037,18,11
11874,27142,0.0005733719,18,11
11875,27143,0.0005732857,18,11
11876,27144,0.0005727914,18,11
11877,27145,0.0005721752,18,12
11878,27146,0.0005709296,18,12
11879,27147,0.0005671977,18,12
11880,27150,0.0005622962,18,12
11881,27151,0.0005511882,18,12
11882,27152,0.0005329922,18,12
11883,27153,0.0005084052,18,13
11884,27154,0.000460161,18,13
11885,27155,0.0004074912,18,13
11886,27156,0.0003336609,18,13
11887,27157,0.00024129,18,13
11888,27160,0.0001824753,18,13
11889,27161,0.0001228036,18,14
11890,27162,3.08681e-05,18,14
11891,27163,3.094308e-05,18,14
11892,27164,3.116349e-05,18,14
11893,27165,3.120063e-05,18,14
11894,27166,3.119327e-05,18,14
11895,27167,3.124782e-05,18,15
11896,27170,3.144553e-05,18,15
11897,27171,3.147274e-05,18,15
11898,27172,3.145795e-05,18,15
11899,27173,3.146589e-05,18,15
11900,27174,3.167689e-05,18,15
11901,27175,3.169351e-05,18,15
11902,27176,3.166283e-05,18,16
11903,27177,3.166957e-05,18,16
11904,27200,3.185456e-05,18,16
11905,27201,3.187207e-05,18,16
11906,27202,3.182128e-05,18,16
11907,27203,3.184227e-05,18,16
11908,27204,3.201896e-05,18,17
11909,27205,3.201866e-05,18,17
11910,27206,3.196233e-05,18,17
11911,27207,3.196459e-05,18,17
11912,27210,3.214409e-05,18,17
11913,27211,3.21421e-05,18,17
11914,27212,3.209282e-05,18,18
11915,27213,3.207131e-05,18,18
11916,27214,3.224747e-05,18,18
11917,27215,3.224051e-05,18,18
11918,27216,3.218107e-05,18,18
11919,27217,3.217706e-05,18,18
11920,27220,3.234552e-05,18,19
11921,27221,3.234206e-05,18,19
11922,27222,3.230335e-05,18,19
11923,27223,3.223804e-05,18,19
11924,27224,3.239652e-05,18,19
11925,27225,3.244491e-05,18,19
11926,27226,3.240338e-05,18,20
11927,27227,3.234663e-05,18,20
11928,27230,3.251105e-05,18,20
11929,27231,3.263764e-05,18,20
11930,27232,3.264394e-05,18,20
11931,27233,3.262309e-05,18,20
11932,27234,3.287195e-05,18,20
11933,27235,3.329653e-05,18,21
11934,27236,3.38836e-05,18,21
11935,27237,3.553282e-05,18,21
11936,27240,3.866268e-05,18,21
11937,27241,4.458372e-05,18,21
11938,27242,5.901442e-05,18,21
11939,27243,7.947935e-05,18,22
11940,27244,0.0005678813,18,22
11941,27245,0.0005663333,18,22
11942,27246,0.0005651509,18,22
11943,27247,0.0005618861,18,22
11944,27250,0.0005586537,18,22
11945,27251,0.0005555334,18,23
11946,27252,0.0005501641,18,23
11947,27253,0.0005437589,18,23
11948,27254,0.000536201,18,23
11949,27255,0.0005268045,18,23
11950,27256,0.000517301,18,23
11951,27257,0.0005072603,18,24
11952,27260,0.0004898246,18,24
11953,27261,0.0004707755,18,24
11954,27262,0.0004415371,18,24
11955,27263,0.0004071097,18,24
11956,27264,0.0003802444,18,24
11957,27265,0.0003396839,18,25
11958,27266,0.0003088669,18,25
11959,27267,0.0002847995,18,25
11960,27270,0.0002610952,18,25
11961,27271,0.000254585,18,25
11962,27272,0.0002490644,18,25
11963,27273,0.000247761,18,25
11964,27274,0.0002480897,18,26
11965,27275,0.0002413546,18,26
11966,27276,0.0002345372,18,26
11967,27277,0.0002331047,18,26
11968,27300,0.0002344831,18,26
11969,27301,0.0002398234,18,26
11970,27302,0.0002502284,18,27
11971,27303,0.0002628191,18,27
11972,27304,0.0002620142,18,27
11973,27305,0.0002581672,18,27
11974,27306,0.0002434924,18,27
11975,27307,0.0002226077,18,27
11976,27310,0.0001969573,18,28
11977,27311,0.0001786299,18,28
11978,27312,0.0001653213,18,28
11979,27313,0.0001626127,18,28
11980,27314,0.0001733256,18,28
11981,27315,0.0002038841,18,28
11982,27316,0.0002495563,18,29
11983,27317,0.0002987632,18,29
11984,27320,0.0003619373,18,29
11985,27321,0.0004092622,18,29
11986,27322,0.0004455739,18,29
11987,27323,0.000475968,18,29
11988,27324,0.0004936481,18,30
11989,27325,0.0005066377,18,30
11990,27326,0.0005203818,18,30
11991,27327,0.0005307292,18,30
11992,27330,0.0005413578,18,30
11993,27331,0.0005460794,18,30
11994,27332,0.0005448705,18,30
11995,27333,0.0005406034,18,31
11996,27334,0.0005304638,18,31
11997,27335,0.0005113957,18,31
11998,27336,0.0004756838,18,31
11999,27337,0.0004245536,18,31
12000,27340,0.0003524818,18,31
12001,27341,0.000270985,18,32
12002,27342,0.0002028165,18,32
12003,27343,0.000142291,18,32
12004,27344,3.118218e-05,18,32
12005,27345,3.134515e-05,18,32
12006,27346,3.135085e-05,18,32
12007,27347,3.134412e-05,18,33
12008,27350,3.154906e-05,18,33
12009,27351,3.16373e-05,18,33
12010,27352,3.161921e-05,18,33
12011,27353,3.160246e-05,18,33
12012,27354,3.181129e-05,18,33
12013,27355,3.186144e-05,18,34
12014,27356,3.183583e-05,18,34
12015,27357,3.180871e-05,18,34
12016,27360,3.200004e-05,18,34
12017,27361,3.204139e-05,18,34
12018,27362,3.20131e-05,18,34
12019,27363,3.197077e-05,18,35
12020,27364,3.215742e-05,18,35
12021,27365,3.219866e-05,18,35
12022,27366,3.216877e-05,18,35
12023,27367,3.210914e-05,18,35
12024,27370,3.225128e-05,18,35
12025,27371,3.233648e-05,18,35
12026,27372,3.23076e-05,18,36
12027,27373,3.224442e-05,18,36
12028,27374,3.230989e-05,18,36
12029,27375,3.245118e-05,18,36
12030,27376,3.24272e-05,18,36
12031,27377,3.239746e-05,18,36
12032,27400,3.248511e-05,18,37
12033,27401,3.268343e-05,18,37
12034,27402,3.27063e-05,18,37
12035,27403,3.272893e-05,18,37
12036,27404,3.295214e-05,18,37
12037,27405,3.359624e-05,18,37
12038,27406,3.476467e-05,18,38
12039,27407,3.684363e-05,18,38
12040,27410,4.216403e-05,18,38
12041,27411,5.352811e-05,18,38
12042,27412,7.004777e-05,18,38
12043,27413,0.000611879,18,38
12044,27414,0.0006114757,18,39
12045,27415,0.0006116953,18,39
12046,27416,0.0006118325,18,39
12047,27417,0.0006120942,18,39
12048,27420,0.0006122563,18,39
12049,27421,0.0006117738,18,39
12050,27422,0.0006118435,18,40
12051,27423,0.0006116754,18,40
12052,27424,0.0006115864,18,40
12053,27425,0.0006122897,18,40
12054,27426,0.0006119023,18,40
12055,27427,0.0006116186,18,40
12056,27430,0.0006117251,18,40
12057,27431,0.0006114364,18,41
12058,27432,0.0006115743,18,41
12059,27433,0.0006117317,18,41
12060,27434,0.0006115215,18,41
12061,27435,0.0006113316,18,41
12062,27436,0.0006118751,18,41
12063,27437,0.0006116502,18,42
12064,27440,0.0006121076,18,42
12065,27441,0.0006117196,18,42
12066,27442,0.0006116866,18,42
12067,27443,0.0006117902,18,42
12068,27444,0.0006115967,18,42
12069,27445,0.0006118978,18,43
12070,27446,0.0006117921,18,43
12071,27447,0.0006120239,18,43
12072,27450,0.0006122031,18,43
12073,27451,0.0006115541,18,43
12074,27452,0.0006117107,18,43
12075,27453,0.000611515,18,44
12076,27454,0.0006116021,18,44
12077,27455,0.0006115695,18,44
12078,27456,0.0006122774,18,44
12079,27457,0.0006112772,18,44
12080,27460,0.000611676,18,44
12081,27461,0.0006116942,18,45
12082,27462,0.0006117984,18,45
12083,27463,0.0006115383,18,45
12084,27464,0.0006112725,18,45
12085,27465,0.0006115753,18,45
12086,27466,0.0006115003,18,45
12087,27467,0.0006111391,18,45
12088,27470,0.0006114534,18,46
12089,27471,0.0006115108,18,46
12090,27472,0.0006116036,18,46
12091,27473,0.0006111041,18,46
12092,27474,0.0006113691,18,46
12093,27475,0.0006113517,18,46
12094,27476,0.0006116251,18,47
12095,27477,0.0006113095,18,47
12096,27500,0.000611423,18,47
12097,27501,0.0006115055,18,47
12098,27502,0.0006113626,18,47
12099,27503,0.0006114107,18,47
12100,27504,0.0006113651,18,48
12101,27505,0.0006117798,18,48
12102,27506,0.0006113024,18,48
12103,27507,0.0006114482,18,48
12104,27510,0.0006114728,18,48
12105,27511,0.0006118698,18,48
12106,27512,0.0006117856,18,49
12107,27513,0.0006117194,18,49
12108,27514,0.0006111812,18,49
12109,27515,0.0006111327,18,49
12110,27516,0.0006119373,18,49
12111,27517,0.0006111942,18,49
12112,27520,0.0006116661,-1,-1
12113,27521,0.0006114669,-1,-1
12114,27522,0.0006113403,-1,-1
12115,27523,0.000611214,-1,-1
12116,27524,0.0006108491,-1,-1
12117,27525,0.0006114812,-1,-1
12118,27526,0.0006120203,-1,-1
12119,27527,0.00061133,-1,-1
12120,27530,0.0006110422,-1,-1
12121,27531,0.0006109995,-1,-1
12122,27532,0.0006114223,-1,-1
12123,27533,0.0006116708,-1,-1
12124,27534,0.0006114225,-1,-1
12125,27535,0.0006113018,-1,-1
12126,27536,0.000611368,-1,-1
12127,27537,0.0006109401,-1,-1
12128,27540,0.0006116245,-1,-1
12129,27541,0.0006111565,-1,-1
12130,27542,0.0006116947,-1,-1
12131,27543,0.0006111215,-1,-1
12132,27544,0.0006111164,-1,-1
12133,27545,0.000611402,-1,-1
12134,27546,0.0006111455,-1,-1
12135,27547,0.0006115787,-1,-1
12136,27550,0.0006111887,-1,-1
12137,27551,0.0006108087,-1,-1
12138,27552,0.0006113164,-1,-1
12139,27553,0.0006111642,-1,-1
12140,27554,0.000610899,-1,-1
12141,27555,0.0006111425,-1,-1
12142,27556,0.0006111126,-1,-1
12143,27557,0.0006113646,-1,-1
12144,27560,0.0006115561,-1,-1
12145,27561,0.000611138,-1,-1
12146,27562,0.0006111279,-1,-1
12147,27563,0.000611165,-1,-1
12148,27564,0.0006106987,-1,-1
12149,27565,0.0006111243,-1,-1
12150,27566,0.000610979,-1,-1
12151,27567,0.0006111028,-1,-1
12152,27570,0.0006114598,-1,-1
12153,27571,0.0006113597,-1,-1
12154,27572,0.0006106858,-1,-1
12155,27573,0.0006113803,-1,-1
12156,27574,0.0006111584,-1,-1
12157,27575,0.0006114551,-1,-1
12158,27576,0.0006108907,-1,-1
12159,27577,0.0006113224,-1,-1
12160,27600,0.000611186,-1,-1
12161,27601,0.0006108491,-1,-1
12162,27602,0.0006109679,-1,-1
12163,27603,0.0006113879,-1,-1
12164,27604,0.0006115884,-1,-1
12165,27605,0.0006115233,-1,-1
12166,27606,0.0006115618,-1,-1
12167,27607,0.0006112293,-1,-1
12168,27610,0.0006110318,-1,-1
12169,27611,0.0006109293,-1,-1
12170,27612,0.0006112595,-1,-1
12171,27613,0.0006114159,-1,-1
12172,27614,0.000611501,-1,-1
12173,27615,0.0006115775,-1,-1
12174,27616,0.0006111559,-1,-1
12175,27617,0.0006113017,-1,-1
12176,27620,0.0006114043,-1,-1
12177,27621,0.0006111934,-1,-1
12178,27622,0.0006112339,-1,-1
12179,27623,0.0006111367,-1,-1
12180,27624,0.0006113066,-1,-1
12181,27625,0.000610743,-1,-1
12182,27626,0.0006110178,-1,-1
12183,27627,0.0006111923,-1,-1
12184,27630,0.0006114905,-1,-1
12185,27631,0.0006112034,-1,-1
12186,27632,0.0006110249,-1,-1
12187,27633,0.0006114483,-1,-1
12188,27634,0.0006116012,-1,-1
12189,27635,0.0006112627,-1,-1
12190,27636,0.0006115268,-1,-1
12191,27637,0.0006113248,-1,-1
12192,27640,0.0006112796,-1,-1
12193,27641,0.0006112082,-1,-1
12194,27642,0.0006117112,-1,-1
12195,27643,0.0006114593,-1,-1
12196,27644,0.0006114992,-1,-1
12197,27645,0.0006119165,-1,-1
12198,27646,0.0006115643,-1,-1
12199,27647,0.0006116785,-1,-1
12200,27650,0.000611399,-1,-1
12201,27651,0.0006110559,-1,-1
12202,27652,0.0006114723,-1,-1
12203,27653,0.0006111307,-1,-1
12204,27654,0.0006111853,-1,-1
12205,27655,0.0006116381,-1,-1
12206,27656,0.0006112648,-1,-1
12207,27657,0.0006116403,-1,-1
12208,27660,0.0006112351,-1,-1
12209,27661,0.0006113182,-1,-1
12210,27662,0.000611382,-1,-1
12211,27663,0.0006112076,-1,-1
12212,27664,0.0006113158,-1,-1
12213,27665,0.0006114962,-1,-1
12214,27666,0.0006109989,-1,-1
12215,27667,0.0006115976,-1,-1
12216,27670,0.0006112217,-1,-1
12217,27671,0.0006111254,-1,-1
12218,27672,0.0006114905,-1,-1
12219,27673,0.0006111397,-1,-1
12220,27674,0.0006115179,-1,-1
12221,27675,0.0006115315,-1,-1
12222,27676,0.0006113077,-1,-1
12223,27677,0.0006111038,-1,-1
12224,27700,0.0006113552,-1,-1
12225,27701,0.0006110876,-1,-1
12226,27702,0.0006111457,-1,-1
12227,27703,0.0006110471,-1,-1
12228,27704,0.0006117464,-1,-1
12229,27705,0.0006112226,-1,-1
12230,27706,0.0006110829,-1,-1
12231,27707,0.0006111425,-1,-1
12232,27710,0.0006113129,-1,-1
12233,27711,0.0006108947,-1,-1
12234,27712,0.0006114656,-1,-1
12235,27713,0.0006111254,-1,-1
12236,27714,0.0006111022,-1,-1
12237,27715,0.000611126,-1,-1
12238,27716,0.0006110815,-1,-1
12239,27717,0.0006111442,-1,-1
12240,27720,0.0006115009,-1,-1
12241,27721,0.0006111761,-1,-1
12242,27722,0.0006105469,-1,-1
12243,27723,0.0006107338,-1,-1
12244,27724,0.0006111783,-1,-1
12245,27725,0.0006110242,-1,-1
12246,27726,0.0006111143,-1,-1
12247,27727,0.0006112738,-1,-1
12248,27730,0.0006114077,-1,-1
12249,27731,0.0006110821,-1,-1
12250,27732,0.000611173,-1,-1
12251,27733,0.0006110243,-1,-1
12252,27734,0.0006112913,-1,-1
12253,27735,0.0006111817,-1,-1
12254,27736,0.0006107417,-1,-1
12255,27737,0.0006111208,-1,-1
12256,27740,0.000610828,-1,-1
12257,27741,0.0006107407,-1,-1
12258,27742,0.0006105797,-1,-1
12259,27743,0.0006107742,-1,-1
12260,27744,0.0006111237,-1,-1
12261,27745,0.0006107778,-1,-1
12262,27746,0.0006110593,-1,-1
12263,27747,0.0006110005,-1,-1
12264,27750,0.0006106991,-1,-1
12265,27751,0.000611037,-1,-1
12266,27752,0.0006111396,-1,-1
12267,27753,0.0006109768,-1,-1
12268,27754,0.0006108134,-1,-1
12269,27755,0.0006107828,-1,-1
12270,27756,0.0006110799,-1,-1
12271,27757,0.0006110669,-1,-1
12272,27760,0.000610728,-1,-1
12273,27761,0.000611501,-1,-1
12274,27762,0.0006115075,-1,-1
12275,27763,0.0006108768,-1,-1
12276,27764,0.0006109427,-1,-1
12277,27765,0.0006111688,-1,-1
12278,27766,0.00061129,-1,-1
12279,27767,0.0006109949,-1,-1
12280,27770,0.0006108065,-1,-1
12281,27771,0.0006116862,-1,-1
12282,27772,0.0006107811,-1,-1
12283,27773,0.0006106998,-1,-1
12284,27774,0.0006108322,-1,-1
12285,27775,0.0006109,-1,-1
12286,27776,0.0006106759,-1,-1
12287,27777,0.000610776,-1,-1
12288,30000,0.0006110171,-1,-1
12289,30001,0.0006110792,-1,-1
12290,30002,0.0006111793,-1,-1
12291,30003,0.0006107202,-1,-1
12292,30004,0.0006107384,-1,-1
12293,30005,0.0006106311,-1,-1
12294,30006,0.0006113978,-1,-1
12295,30007,0.0006110921,-1,-1
12296,30010,0.0006106477,19,49
12297,30011,0.0006110001,19,49
12298,30012,0.0006110054,19,49
12299,30013,0.0006108912,19,49
12300,30014,0.0006108219,19,49
12301,30015,0.0006114563,19,49
12302,30016,0.0006110072,19,49
12303,30017,0.0006107038,19,48
12304,30020,0.0006107106,19,48
12305,30021,0.000610626,19,48
12306,30022,0.0006107304,19,48
12307,30023,0.0006110868,19,48
12308,30024,0.0006109638,19,48
12309,30025,0.0006112613,19,47
12310,30026,0.0006111969,19,47
12311,30027,0.0006109815,19,47
12312,30030,0.0006112813,19,47
12313,30031,0.0006107127,19,47
12314,30032,0.0006109417,19,47
12315,30033,0.0006106025,19,46
12316,30034,0.0006108098,19,46
12317,30035,0.0006105985,19,46
12318,30036,0.0006109265,19,46
12319,30037,0.0006113161,19,46
12320,30040,0.000610829,19,46
12321,30041,0.0006112297,19,45
12322,30042,0.0006111409,19,45
12323,30043,0.0006109018,19,45
12324,30044,0.0006111651,19,45
12325,30045,0.000610612,19,45
12326,30046,0.0006115928,19,45
12327,30047,0.0006114775,19,44
12328,30050,0.0006110616,19,44
12329,30051,0.0006114031,19,44
12330,30052,0.0006108887,19,44
12331,30053,0.0006113469,19,44
12332,30054,0.0006108403,19,44
12333,30055,0.0006109968,19,44
12334,30056,0.0006114856,19,43
12335,30057,0.0006106414,19,43
12336,30060,0.00060841,19,43
12337,30061,0.0006042536,19,43
12338,30062,0.0005993858,19,43
12339,30063,0.0005929367,19,43
12340,30064,0.0005851261,19,42
12341,30065,0.0005770748,19,42
12342,30066,0.000566589,19,42
12343,30067,0.0005549233,19,42
12344,30070,0.0005470264,19,42
12345,30071,0.0005437124,19,42
12346,30072,0.0005437361,19,41
12347,30073,0.0005470968,19,41
12348,30074,0.0005527116,19,41
12349,30075,0.0005557028,19,41
12350,30076,0.0005597711,19,41
12351,30077,0.0005626152,19,41
12352,30100,0.0005634616,19,40
12353,30101,0.0005634762,19,40
12354,30102,0.0005630536,19,40
12355,30103,0.0005626339,19,40
12356,30104,0.0005625152,19,40
12357,30105,0.0005622306,19,40
12358,30106,0.0005618532,19,39
12359,30107,0.0005596844,19,39
12360,30110,0.000553427,19,39
12361,30111,0.0005397689,19,39
12362,30112,0.0005190257,19,39
12363,30113,0.0004918002,19,39
12364,30114,0.0004409928,19,39
12365,30115,0.0003869596,19,38
12366,30116,0.0003184105,19,38
12367,30117,0.0002349105,19,38
12368,30120,0.0001693616,19,38
12369,30121,0.0001024915,19,38
12370,30122,3.118745e-05,19,38
12371,30123,3.120294e-05,19,37
12372,30124,3.120361e-05,19,37
12373,30125,3.140527e-05,19,37
12374,30126,3.151656e-05,19,37
12375,30127,3.15233e-05,19,37
12376,30130,3.149666e-05,19,37
12377,30131,3.16472e-05,19,36
12378,30132,3.177813e-05,19,36
12379,30133,3.176971e-05,19,36
12380,30134,3.173357e-05,19,36
12381,30135,3.185225e-05,19,36
12382,30136,3.198078e-05,19,36
12383,30137,3.195988e-05,19,35
12384,30140,3.190616e-05,19,35
12385,30141,3.2055e-05,19,35
12386,30142,3.214851e-05,19,35
12387,30143,3.211122e-05,19,35
12388,30144,3.205503e-05,19,35
12389,30145,3.223183e-05,19,34
12390,30146,3.22963e-05,19,34
12391,30147,3.226093e-05,19,34
12392,30150,3.219892e-05,19,34
12393,30151,3.235643e-05,19,34
12394,30152,3.244552e-05,19,34
12395,30153,3.240469e-05,19,34
12396,30154,3.236413e-05,19,33
12397,30155,3.254716e-05,19,33
12398,30156,3.26974e-05,19,33
12399,30157,3.282827e-05,19,33
12400,30160,3.304864e-05,19,33
12401,30161,3.355971e-05,19,33
12402,30162,3.434156e-05,19,32
12403,30163,3.534313e-05,19,32
12404,30164,3.701709e-05,19,32
12405,30165,4.196405e-05,19,32
12406,30166,5.340997e-05,19,32
12407,30167,7.487423e-05,19,32
12408,30170,0.0001731537,19,31
12409,30171,0.0001693681,19,31
12410,30172,0.0001853514,19,31
12411,30173,0.0001997316,19,31
12412,30174,0.0002119522,19,31
12413,30175,0.0002143342,19,31
12414,30176,0.0002230501,19,30
12415,30177,0.0002383166,19,30
12416,30200,0.0002651444,19,30
12417,30201,0.0002973591,19,30
12418,30202,0.0003375621,19,30
12419,30203,0.0003530165,19,30
12420,30204,0.0003625344,19,29
12421,30205,0.0003732747,19,29
12422,30206,0.0003866203,19,29
12423,30207,0.0004214701,19,29
12424,30210,0.0004617165,19,29
12425,30211,0.0004903187,19,29
12426,30212,0.0005210595,19,29
12427,30213,0.000533723,19,28
12428,30214,0.0005437135,19,28
12429,30215,0.0005510934,19,28
12430,30216,0.0005554393,19,28
12431,30217,0.0005591727,19,28
12432,30220,0.0005625241,19,28
12433,30221,0.0005631085,19,27
12434,30222,0.0005638885,19,27
12435,30223,0.0005635322,19,27
12436,30224,0.0005642405,19,27
12437,30225,0.0005647781,19,27
12438,30226,0.0005649339,19,27
12439,30227,0.0005648947,19,26
12440,30230,0.0005652661,19,26
12441,30231,0.0005650762,19,26
12442,30232,0.000564456,19,26
12443,30233,0.000564309,19,26
12444,30234,0.0005641701,19,26
12445,30235,0.0005652592,19,25
12446,30236,0.0005650863,19,25
12447,30237,0.0005659406,19,25
12448,30240,0.000566888,19,25
12449,30241,0.0005676031,19,25
12450,30242,0.0005682667,19,25
12451,30243,0.0005685623,19,24
12452,30244,0.000568306,19,24
12453,30245,0.0005691587,19,24
12454,30246,0.0005697784,19,24
12455,30247,0.0005702151,19,24
12456,30250,0.0005698023,19,24
12457,30251,0.0005699652,19,24
12458,30252,0.0005699574,19,23
12459,30253,0.0005704969,19,23
12460,30254,0.0005698859,19,23
12461,30255,0.0005698561,19,23
12462,30256,0.000567377,19,23
12463,30257,0.0005610969,19,23
12464,30260,0.0005506322,19,22
12465,30261,0.0005357476,19,22
12466,30262,0.0005056187,19,22
12467,30263,0.0004702488,19,22
12468,30264,0.0004230971,19,22
12469,30265,0.0003378198,19,22
12470,30266,0.0002704503,19,21
12471,30267,0.0001929236,19,21
12472,30270,0.0001274324,19,21
12473,30271,3.097732e-05,19,21
12474,30272,3.100983e-05,19,21
12475,30273,3.101193e-05,19,21
12476,30274,3.112426e-05,19,20
12477,30275,3.130321e-05,19,20
12478,30276,3.131395e-05,19,20
12479,30277,3.127446e-05,19,20
12480,30300,3.145247e-05,19,20
12481,30301,3.154042e-05,19,20
12482,30302,3.152157e-05,19,19
12483,30303,3.148933e-05,19,19
12484,30304,3.166686e-05,19,19
12485,30305,3.173942e-05,19,19
12486,30306,3.172139e-05,19,19
12487,30307,3.166868e-05,19,19
12488,30310,3.180049e-05,19,19
12489,30311,3.189579e-05,19,18
12490,30312,3.185811e-05,19,18
12491,30313,3.179767e-05,19,18
12492,30314,3.19638e-05,19,18
12493,30315,3.201202e-05,19,18
12494,30316,3.196842e-05,19,18
12495,30317,3.191353e-05,19,17
12496,30320,3.208717e-05,19,17
12497,30321,3.211932e-05,19,17
12498,30322,3.206624e-05,19,17
12499,30323,3.20028e-05,19,17
12500,30324,3.21669e-05,19,17
12501,30325,3.220267e-05,19,16
12502,30326,3.21539e-05,19,16
12503,30327,3.208972e-05,19,16
12504,30330,3.22265e-05,19,16
12505,30331,3.228588e-05,19,16
12506,30332,3.221761e-05,19,16
12507,30333,3.215656e-05,19,15
12508,30334,3.230303e-05,19,15
12509,30335,3.235966e-05,19,15
12510,30336,3.232162e-05,19,15
12511,30337,3.227862e-05,19,15
12512,30340,3.243871e-05,19,15
12513,30341,3.261853e-05,19,14
12514,30342,3.282962e-05,19,14
12515,30343,3.311379e-05,19,14
12516,30344,3.363574e-05,19,14
12517,30345,3.481371e-05,19,14
12518,30346,3.611667e-05,19,14
12519,30347,4.032147e-05,19,14
12520,30350,5.095094e-05,19,13
12521,30351,6.449856e-05,19,13
12522,30352,0.0005738472,19,13
12523,30353,0.0005734502,19,13
12524,30354,0.0005730434,19,13
12525,30355,0.0005729185,19,13
12526,30356,0.0005727422,19,12
12527,30357,0.0005728973,19,12
12528,30360,0.0005734111,19,12
12529,30361,0.0005736324,19,12
12530,30362,0.0005735559,19,12
12531,30363,0.0005731674,19,12
12532,30364,0.0005736195,19,11
12533,30365,0.0005735006,19,11
12534,30366,0.0005726786,19,11
12535,30367,0.0005733813,19,11
12536,30370,0.0005727715,19,11
12537,30371,0.0005729958,19,11
12538,30372,0.0005728206,19,10
12539,30373,0.00057311,19,10
12540,30374,0.0005738595,19,10
12541,30375,0.0005739608,19,10
12542,30376,0.0005726579,19,10
12543,30377,0.0005702221,19,10
12544,30400,0.0005634906,19,9
12545,30401,0.0005543353,19,9
12546,30402,0.0005376175,19,9
12547,30403,0.0005073688,19,9
12548,30404,0.0004772484,19,9
12549,30405,0.0004206736,19,9
12550,30406,0.0003386857,19,9
12551,30407,0.0002691968,19,8
12552,30410,0.0001824012,19,8
12553,30411,0.0001275745,19,8
12554,30412,3.059631e-05,19,8
12555,30413,3.084453e-05,19,8
12556,30414,3.090683e-05,19,8
12557,30415,3.090492e-05,19,7
12558,30416,3.092448e-05,19,7
12559,30417,3.113876e-05,19,7
12560,30420,3.119175e-05,19,7
12561,30421,3.118239e-05,19,7
12562,30422,3.117831e-05,19,7
12563,30423,3.137757e-05,19,6
12564,30424,3.141837e-05,19,6
12565,30425,3.138425e-05,19,6
12566,30426,3.136376e-05,19,6
12567,30427,3.155995e-05,19,6
12568,30430,3.158381e-05,19,6
12569,30431,3.153635e-05,19,5
12570,30432,3.153161e-05,19,5
12571,30433,3.170566e-05,19,5
12572,30434,3.172607e-05,19,5
12573,30435,3.168183e-05,19,5
12574,30436,3.165109e-05,19,5
12575,30437,3.183038e-05,19,4
12576,30440,3.184804e-05,19,4
12577,30441,3.179434e-05,19,4
12578,30442,3.175356e-05,19,4
12579,30443,3.193824e-05,19,4
12580,30444,3.194447e-05,19,4
12581,30445,3.189026e-05,19,4
12582,30446,3.187211e-05,19,3
12583,30447,3.205122e-05,19,3
12584,30450,3.211885e-05,19,3
12585,30451,3.212304e-05,19,3
12586,30452,3.203146e-05,19,3
12587,30453,3.217207e-05,19,3
12588,30454,3.225686e-05,19,2
12589,30455,3.218373e-05,19,2
12590,30456,3.212102e-05,19,2
12591,30457,3.223236e-05,19,2
12592,30460,3.229688e-05,19,2
12593,30461,3.227364e-05,19,2
12594,30462,3.218174e-05,19,1
12595,30463,3.223869e-05,19,1
12596,30464,3.236405e-05,19,1
12597,30465,3.230901e-05,19,1
12598,30466,3.223536e-05,19,1
12599,30467,3.229768e-05,19,1
12600,30470,3.23945e-05,19,0
12601,30471,3.236273e-05,19,0
12602,30472,3.227959e-05,19,0
12603,30473,3.230315e-05,19,0
12604,30474,3.244348e-05,19,0
12605,30475,3.240407e-05,19,0
12606,30476,3.232898e-05,-1,-1
12607,30477,3.234347e-05,-1,-1
12608,30500,3.246774e-05,-1,-1
12609,30501,3.245449e-05,-1,-1
12610,30502,3.238902e-05,-1,-1
12611,30503,3.233129e-05,-1,-1
12612,30504,3.248886e-05,-1,-1
12613,30505,3.249832e-05,-1,-1
12614,30506,3.242272e-05,-1,-1
12615,30507,3.235755e-05,-1,-1
12616,30510,3.248643e-05,-1,-1
12617,30511,3.25265e-05,-1,-1
12618,30512,3.246221e-05,-1,-1
12619,30513,3.237746e-05,-1,-1
12620,30514,3.250226e-05,-1,-1
12621,30515,3.255453e-05,-1,-1
12622,30516,3.249626e-05,-1,-1
12623,30517,3.24318e-05,-1,-1
12624,30520,3.246251e-05,-1,-1
12625,30521,3.258407e-05,-1,-1
12626,30522,3.254654e-05,-1,-1
12627,30523,3.247794e-05,-1,-1
12628,30524,3.244523e-05,-1,-1
12629,30525,3.260237e-05,-1,-1
12630,30526,3.256342e-05,-1,-1
12631,30527,3.250455e-05,-1,-1
12632,30530,3.244029e-05,-1,-1
12633,30531,3.256966e-05,-1,-1
12634,30532,3.261557e-05,-1,-1
12635,30533,3.253796e-05,-1,-1
12636,30534,3.246107e-05,-1,-1
12637,30535,3.257052e-05,-1,-1
12638,30536,3.262947e-05,-1,-1
12639,30537,3.257326e-05,-1,-1
12640,30540,3.24803e-05,-1,-1
12641,30541,3.25814e-05,-1,-1
12642,30542,3.265539e-05,-1,-1
12643,30543,3.258422e-05,-1,-1
12644,30544,3.249934e-05,-1,-1
12645,30545,3.259414e-05,-1,-1
12646,30546,3.266206e-05,-1,-1
12647,30547,3.260896e-05,-1,-1
12648,30550,3.251272e-05,-1,-1
12649,30551,3.259353e-05,-1,-1
12650,30552,3.268104e-05,-1,-1
12651,30553,3.261883e-05,-1,-1
12652,30554,3.25333e-05,-1,-1
12653,30555,3.26098e-05,-1,-1
12654,30556,3.269142e-05,-1,-1
12655,30557,3.263059e-05,-1,-1
12656,30560,3.253884e-05,-1,-1
12657,30561,3.261296e-05,-1,-1
12658,30562,3.270387e-05,-1,-1
12659,30563,3.264818e-05,-1,-1
12660,30564,3.256629e-05,-1,-1
12661,30565,3.261194e-05,-1,-1
12662,30566,3.271403e-05,-1,-1
12663,30567,3.268367e-05,-1,-1
12664,30570,3.260955e-05,-1,-1
12665,30571,3.254773e-05,-1,-1
12666,30572,3.267609e-05,-1,-1
12667,30573,3.271745e-05,-1,-1
12668,30574,3.265242e-05,-1,-1
12669,30575,3.255898e-05,-1,-1
12670,30576,3.269846e-05,-1,-1
12671,30577,3.272437e-05,-1,-1
12672,30600,3.264247e-05,-1,-1
12673,30601,3.256726e-05,-1,-1
12674,30602,3.273511e-05,-1,-1
12675,30603,3.272143e-05,-1,-1
12676,30604,3.263963e-05,-1,-1
12677,30605,3.257675e-05,-1,-1
12678,30606,3.271011e-05,-1,-1
12679,30607,3.273807e-05,-1,-1
12680,30610,3.266665e-05,-1,-1
12681,30611,3.258225e-05,-1,-1
12682,30612,3.273827e-05,-1,-1
12683,30613,3.2746e-05,-1,-1
12684,30614,3.267032e-05,-1,-1
12685,30615,3.259411e-05,-1,-1
12686,30616,3.270847e-05,-1,-1
12687,30617,3.275947e-05,-1,-1
12688,30620,3.269743e-05,-1,-1
12689,30621,3.259909e-05,-1,-1
12690,30622,3.274044e-05,-1,-1
12691,30623,3.276161e-05,-1,-1
12692,30624,3.268446e-05,-1,-1
12693,30625,3.260008e-05,-1,-1
12694,30626,3.274814e-05,-1,-1
12695,30627,3.275824e-05,-1,-1
12696,30630,3.267673e-05,-1,-1
12697,30631,3.25918e-05,-1,-1
12698,30632,3.273365e-05,-1,-1
12699,30633,3.274524e-05,-1,-1
12700,30634,3.267846e-05,-1,-1
12701,30635,3.258893e-05,-1,-1
12702,30636,3.272568e-05,-1,-1
12703,30637,3.275212e-05,-1,-1
12704,30640,3.267729e-05,-1,-1
12705,30641,3.259516e-05,-1,-1
12706,30642,3.272536e-05,-1,-1
12707,30643,3.275604e-05,-1,-1
12708,30644,3.267597e-05,-1,-1
12709,30645,3.259698e-05,-1,-1
12710,30646,3.272279e-05,-1,-1
12711,30647,3.276219e-05,-1,-1
12712,30650,3.268396e-05,-1,-1
12713,30651,3.259751e-05,-1,-1
12714,30652,3.274378e-05,-1,-1
12715,30653,3.27518e-05,-1,-1
12716,30654,3.267796e-05,-1,-1
12717,30655,3.260843e-05,-1,-1
12718,30656,3.276644e-05,-1,-1
12719,30657,3.276383e-05,-1,-1
12720,30660,3.267436e-05,-1,-1
12721,30661,3.260521e-05,-1,-1
12722,30662,3.277314e-05,-1,-1
12723,30663,3.275897e-05,-1,-1
12724,30664,3.266604e-05,-1,-1
12725,30665,3.261689e-05,-1,-1
12726,30666,3.276673e-05,-1,-1
12727,30667,3.275663e-05,-1,-1
12728,30670,3.268068e-05,-1,-1
12729,30671,3.261709e-05,-1,-1
12730,30672,3.277701e-05,-1,-1
12731,30673,3.276009e-05,-1,-1
12732,30674,3.267158e-05,-1,-1
12733,30675,3.262184e-05,-1,-1
12734,30676,3.278198e-05,-1,-1
12735,30677,3.276166e-05,-1,-1
12736,30700,3.267547e-05,-1,-1
12737,30701,3.262962e-05,-1,-1
12738,30702,3.279108e-05,-1,-1
12739,30703,3.275212e-05,-1,-1
12740,30704,3.265369e-05,-1,-1
12741,30705,3.264654e-05,-1,-1
12742,30706,3.27936e-05,-1,-1
12743,30707,3.274451e-05,-1,-1
12744,30710,3.264499e-05,-1,-1
12745,30711,3.269412e-05,-1,-1
12746,30712,3.279802e-05,-1,-1
12747,30713,3.273801e-05,-1,-1
12748,30714,3.265328e-05,-1,-1
12749,30715,3.270575e-05,-1,-1
12750,30716,3.280028e-05,-1,-1
12751,30717,3.273344e-05,-1,-1
12752,30720,3.264374e-05,-1,-1
12753,30721,3.26849e-05,-1,-1
12754,30722,3.280344e-05,-1,-1
12755,30723,3.274349e-05,-1,-1
12756,30724,3.264441e-05,-1,-1
12757,30725,3.270821e-05,-1,-1
12758,30726,3.280453e-05,-1,-1
12759,30727,3.275005e-05,-1,-1
12760,30730,3.266151e-05,-1,-1
12761,30731,3.266812e-05,-1,-1
12762,30732,3.280667e-05,-1,-1
12763,30733,3.276784e-05,-1,-1
12764,30734,3.268947e-05,-1,-1
12765,30735,3.265791e-05,-1,-1
12766,30736,3.280616e-05,-1,-1
12767,30737,3.279027e-05,-1,-1
12768,30740,3.271227e-05,-1,-1
12769,30741,3.263539e-05,-1,-1
12770,30742,3.277735e-05,-1,-1
12771,30743,3.279768e-05,-1,-1
12772,30744,3.273095e-05,-1,-1
12773,30745,3.265477e-05,-1,-1
12774,30746,3.272913e-05,-1,-1
12775,30747,3.281732e-05,-1,-1
12776,30750,3.274858e-05,-1,-1
12777,30751,3.26596e-05,-1,-1
12778,30752,3.272888e-05,-1,-1
12779,30753,3.281217e-05,-1,-1
12780,30754,3.275786e-05,-1,-1
12781,30755,3.26741e-05,-1,-1
12782,30756,3.269775e-05,-1,-1
12783,30757,3.282022e-05,-1,-1
12784,30760,3.278494e-05,-1,-1
12785,30761,3.267936e-05,-1,-1
12786,30762,3.270709e-05,-1,-1
12787,30763,3.281984e-05,-1,-1
12788,30764,3.277736e-05,-1,-1
12789,30765,3.268317e-05,-1,-1
12790,30766,3.268973e-05,20,0
12791,30767,3.282458e-05,20,0
12792,30770,3.277967e-05,20,0
12793,30771,3.269652e-05,20,0
12794,30772,3.268004e-05,20,0
12795,30773,3.282329e-05,20,0
12796,30774,3.278482e-05,20,0
12797,30775,3.266063e-05,20,1
12798,30776,3.26129e-05,20,1
12799,30777,3.274612e-05,20,1
12800,31000,3.269936e-05,20,1
12801,31001,3.261563e-05,20,1
12802,31002,3.259209e-05,20,1
12803,31003,3.273215e-05,20,2
12804,31004,3.270343e-05,20,2
12805,31005,3.261133e-05,20,2
12806,31006,3.257897e-05,20,2
12807,31007,3.274193e-05,20,2
12808,31010,3.270384e-05,20,2
12809,31011,3.260749e-05,20,3
12810,31012,3.260568e-05,20,3
12811,31013,3.274925e-05,20,3
12812,31014,3.270495e-05,20,3
12813,31015,3.262529e-05,20,3
12814,31016,3.262236e-05,20,3
12815,31017,3.276026e-05,20,4
12816,31020,3.272697e-05,20,4
12817,31021,3.264093e-05,20,4
12818,31022,3.260869e-05,20,4
12819,31023,3.276342e-05,20,4
12820,31024,3.272835e-05,20,4
12821,31025,3.264985e-05,20,5
12822,31026,3.263226e-05,20,5
12823,31027,3.277545e-05,20,5
12824,31030,3.275129e-05,20,5
12825,31031,3.267172e-05,20,5
12826,31032,3.26197e-05,20,5
12827,31033,3.27819e-05,20,5
12828,31034,3.278087e-05,20,6
12829,31035,3.271353e-05,20,6
12830,31036,3.263138e-05,20,6
12831,31037,3.273837e-05,20,6
12832,31040,3.280798e-05,20,6
12833,31041,3.275677e-05,20,6
12834,31042,3.269055e-05,20,7
12835,31043,3.284317e-05,20,7
12836,31044,3.296306e-05,20,7
12837,31045,3.294729e-05,20,7
12838,31046,3.29484e-05,20,7
12839,31047,3.325706e-05,20,7
12840,31050,3.386601e-05,20,8
12841,31051,3.473695e-05,20,8
12842,31052,3.68623e-05,20,8
12843,31053,4.227464e-05,20,8
12844,31054,5.042625e-05,20,8
12845,31055,7.299574e-05,20,8
12846,31056,0.0005722723,20,9
12847,31057,0.0005722917,20,9
12848,31060,0.0005719039,20,9
12849,31061,0.0005712429,20,9
12850,31062,0.0005708499,20,9
12851,31063,0.0005710638,20,9
12852,31064,0.000572242,20,10
12853,31065,0.000572791,20,10
12854,31066,0.0005730256,20,10
12855,31067,0.0005737734,20,10
12856,31070,0.000573537,20,10
12857,31071,0.0005733477,20,10
12858,31072,0.0005732716,20,10
12859,31073,0.0005734754,20,11
12860,31074,0.0005728744,20,11
12861,31075,0.0005726216,20,11
12862,31076,0.0005724665,20,11
12863,31077,0.0005729088,20,11
12864,31100,0.000573062,20,11
12865,31101,0.0005722945,20,12
12866,31102,0.0005712444,20,12
12867,31103,0.0005676148,20,12
12868,31104,0.0005617744,20,12
12869,31105,0.0005485124,20,12
12870,31106,0.0005284511,20,12
12871,31107,0.0004973954,20,13
12872,31110,0.0004441897,20,13
12873,31111,0.0003927794,20,13
12874,31112,0.0003115468,20,13
12875,31113,0.0002248633,20,13
12876,31114,0.0001690201,20,13
12877,31115,0.0001090729,20,14
12878,31116,3.090677e-05,20,14
12879,31117,3.110964e-05,20,14
12880,31120,3.115616e-05,20,14
12881,31121,3.115077e-05,20,14
12882,31122,3.120777e-05,20,14
12883,31123,3.141584e-05,20,15
12884,31124,3.144333e-05,20,15
12885,31125,3.142645e-05,20,15
12886,31126,3.143652e-05,20,15
12887,31127,3.162998e-05,20,15
12888,31130,3.169363e-05,20,15
12889,31131,3.167091e-05,20,15
12890,31132,3.163021e-05,20,16
12891,31133,3.178795e-05,20,16
12892,31134,3.187263e-05,20,16
12893,31135,3.185012e-05,20,16
12894,31136,3.180518e-05,20,16
12895,31137,3.190499e-05,20,16
12896,31140,3.203547e-05,20,17
12897,31141,3.200327e-05,20,17
12898,31142,3.194263e-05,20,17
12899,31143,3.207113e-05,20,17
12900,31144,3.216186e-05,20,17
12901,31145,3.213059e-05,20,17
12902,31146,3.208503e-05,20,18
12903,31147,3.209016e-05,20,18
12904,31150,3.225847e-05,20,18
12905,31151,3.228169e-05,20,18
12906,31152,3.223938e-05,20,18
12907,31153,3.216863e-05,20,18
12908,31154,3.230957e-05,20,19
12909,31155,3.237684e-05,20,19
12910,31156,3.233228e-05,20,19
12911,31157,3.225294e-05,20,19
12912,31160,3.239382e-05,20,19
12913,31161,3.247098e-05,20,19
12914,31162,3.242052e-05,20,20
12915,31163,3.238158e-05,20,20
12916,31164,3.251743e-05,20,20
12917,31165,3.267729e-05,20,20
12918,31166,3.268817e-05,20,20
12919,31167,3.269644e-05,20,20
12920,31170,3.287245e-05,20,20
12921,31171,3.351474e-05,20,21
12922,31172,3.430772e-05,20,21
12923,31173,3.632577e-05,20,21
12924,31174,4.067388e-05,20,21
12925,31175,4.822901e-05,20,21
12926,31176,6.762907e-05,20,21
12927,31177,0.0005649433,20,22
12928,31200,0.0005649457,20,22
12929,31201,0.0005658937,20,22
12930,31202,0.0005650784,20,22
12931,31203,0.0005634597,20,22
12932,31204,0.0005617057,20,22
12933,31205,0.0005580742,20,23
12934,31206,0.0005535812,20,23
12935,31207,0.0005478683,20,23
12936,31210,0.0005438259,20,23
12937,31211,0.0005337684,20,23
12938,31212,0.0005185241,20,23
12939,31213,0.0004984667,20,24
12940,31214,0.0004706119,20,24
12941,31215,0.0004393877,20,24
12942,31216,0.0004047142,20,24
12943,31217,0.0003774409,20,24
12944,31220,0.0003585918,20,24
12945,31221,0.0003454603,20,25
12946,31222,0.0003361053,20,25
12947,31223,0.0003255942,20,25
12948,31224,0.0003106962,20,25
12949,31225,0.0002918341,20,25
12950,31226,0.0002684856,20,25
12951,31227,0.000235094,20,25
12952,31230,0.0002116426,20,26
12953,31231,0.0001882039,20,26
12954,31232,0.0001680592,20,26
12955,31233,0.0001600619,20,26
12956,31234,0.0001561889,20,26
12957,31235,0.0001584959,20,26
12958,31236,0.0001635201,20,27
12959,31237,0.0001857505,20,27
12960,31240,0.0002158073,20,27
12961,31241,0.0002603151,20,27
12962,31242,0.0003246888,20,27
12963,31243,0.0003737291,20,27
12964,31244,0.0004208951,20,28
12965,31245,0.0004522233,20,28
12966,31246,0.0004710896,20,28
12967,31247,0.0004902586,20,28
12968,31250,0.0004997022,20,28
12969,31251,0.000504285,20,28
12970,31252,0.0005091938,20,29
12971,31253,0.0005076544,20,29
12972,31254,0.0005081318,20,29
12973,31255,0.0005122112,20,29
12974,31256,0.0005157706,20,29
12975,31257,0.0005226564,20,29
12976,31260,0.0005258065,20,30
12977,31261,0.0005262257,20,30
12978,31262,0.000524055,20,30
12979,31263,0.0005183617,20,30
12980,31264,0.0005117303,20,30
12981,31265,0.0005068491,20,30
12982,31266,0.0004976455,20,30
12983,31267,0.0004887078,20,31
12984,31270,0.0004775641,20,31
12985,31271,0.0004595574,20,31
12986,31272,0.0004360483,20,31
12987,31273,0.0004090919,20,31
12988,31274,0.0003653732,20,31
12989,31275,0.0003005046,20,32
12990,31276,0.0002282535,20,32
12991,31277,0.00016077,20,32
12992,31300,0.0001143724,20,32
12993,31301,3.11975e-05,20,32
12994,31302,3.136494e-05,20,32
12995,31303,3.140287e-05,20,33
12996,31304,3.1396e-05,20,33
12997,31305,3.144054e-05,20,33
12998,31306,3.165676e-05,20,33
12999,31307,3.167761e-05,20,33
13000,31310,3.165428e-05,20,33
13001,31311,3.170472e-05,20,34
13002,31312,3.188651e-05,20,34
13003,31313,3.189192e-05,20,34
13004,31314,3.18505e-05,20,34
13005,31315,3.191388e-05,20,34
13006,31316,3.207548e-05,20,34
13007,31317,3.205781e-05,20,35
13008,31320,3.200478e-05,20,35
13009,31321,3.209672e-05,20,35
13010,31322,3.222475e-05,20,35
13011,31323,3.220355e-05,20,35
13012,31324,3.215351e-05,20,35
13013,31325,3.221283e-05,20,35
13014,31326,3.235465e-05,20,36
13015,31327,3.233026e-05,20,36
13016,31330,3.229082e-05,20,36
13017,31331,3.227912e-05,20,36
13018,31332,3.245545e-05,20,36
13019,31333,3.249377e-05,20,36
13020,31334,3.247267e-05,20,37
13021,31335,3.249355e-05,20,37
13022,31336,3.270949e-05,20,37
13023,31337,3.277545e-05,20,37
13024,31340,3.285722e-05,20,37
13025,31341,3.311174e-05,20,37
13026,31342,3.413088e-05,20,38
13027,31343,3.571007e-05,20,38
13028,31344,3.900874e-05,20,38
13029,31345,4.818736e-05,20,38
13030,31346,6.135624e-05,20,38
13031,31347,0.0006120228,20,38
13032,31350,0.0006120398,20,39
13033,31351,0.0006118602,20,39
13034,31352,0.0006117735,20,39
13035,31353,0.0006117261,20,39
13036,31354,0.0006117856,20,39
13037,31355,0.0006121822,20,39
13038,31356,0.0006120034,20,40
13039,31357,0.0006116679,20,40
13040,31360,0.0006112561,20,40
13041,31361,0.0006113012,20,40
13042,31362,0.0006115829,20,40
13043,31363,0.0006113985,20,40
13044,31364,0.000611837,20,40
13045,31365,0.0006118564,20,41
13046,31366,0.0006114523,20,41
13047,31367,0.0006117529,20,41
13048,31370,0.0006111883,20,41
13049,31371,0.0006118346,20,41
13050,31372,0.0006119069,20,41
13051,31373,0.0006116147,20,42
13052,31374,0.0006111327,20,42
13053,31375,0.0006115665,20,42
13054,31376,0.0006108087,20,42
13055,31377,0.0006114791,20,42
13056,31400,0.0006116193,20,42
13057,31401,0.0006114534,20,43
13058,31402,0.0006115717,20,43
13059,31403,0.000611762,20,43
13060,31404,0.0006116157,20,43
13061,31405,0.0006117229,20,43
13062,31406,0.0006119086,20,43
13063,31407,0.0006124498,20,44
13064,31410,0.0006118693,20,44
13065,31411,0.0006121774,20,44
13066,31412,0.0006119386,20,44
13067,31413,0.0006123296,20,44
13068,31414,0.0006121673,20,44
13069,31415,0.000612202,20,45
13070,31416,0.0006121717,20,45
13071,31417,0.0006115487,20,45
13072,31420,0.0006116737,20,45
13073,31421,0.000611204,20,45
13074,31422,0.0006118118,20,45
13075,31423,0.0006114254,20,45
13076,31424,0.0006119964,20,46
13077,31425,0.0006121485,20,46
13078,31426,0.0006118031,20,46
13079,31427,0.000611871,20,46
13080,31430,0.0006115274,20,46
13081,31431,0.0006113189,20,46
13082,31432,0.0006113244,20,47
13083,31433,0.0006113178,20,47
13084,31434,0.0006109417,20,47
13085,31435,0.0006109329,20,47
13086,31436,0.0006113791,20,47
13087,31437,0.0006111179,20,47
13088,31440,0.0006109107,20,48
13089,31441,0.0006111806,20,48
13090,31442,0.0006112519,20,48
13091,31443,0.0006111983,20,48
13092,31444,0.0006111285,20,48
13093,31445,0.000610972,20,48
13094,31446,0.0006117597,20,49
13095,31447,0.0006111303,20,49
13096,31450,0.0006114739,20,49
13097,31451,0.0006112173,20,49
13098,31452,0.0006116069,20,49
13099,31453,0.0006115396,20,49
13100,31454,0.0006113244,-1,-1
13101,31455,0.0006117281,-1,-1
13102,31456,0.0006117793,-1,-1
13103,31457,0.0006117339,-1,-1
13104,31460,0.0006112755,-1,-1
13105,31461,0.0006116041,-1,-1
13106,31462,0.0006114453,-1,-1
13107,31463,0.0006115026,-1,-1
13108,31464,0.0006109686,-1,-1
13109,31465,0.000610844,-1,-1
13110,31466,0.0006112105,-1,-1
13111,31467,0.0006108687,-1,-1
13112,31470,0.0006109502,-1,-1
13113,31471,0.000611109,-1,-1
13114,31472,0.0006112419,-1,-1
13115,31473,0.0006114559,-1,-1
13116,31474,0.0006110014,-1,-1
13117,31475,0.0006107594,-1,-1
13118,31476,0.0006113915,-1,-1
13119,31477,0.000611244,-1,-1
13120,31500,0.0006112264,-1,-1
13121,31501,0.0006115062,-1,-1
13122,31502,0.0006116051,-1,-1
13123,31503,0.0006115905,-1,-1
13124,31504,0.0006114874,-1,-1
13125,31505,0.0006116091,-1,-1
13126,31506,0.0006111173,-1,-1
13127,31507,0.000611553,-1,-1
13128,31510,0.0006115318,-1,-1
13129,31511,0.0006115373,-1,-1
13130,31512,0.0006113405,-1,-1
13131,31513,0.0006111852,-1,-1
13132,31514,0.0006112777,-1,-1
13133,31515,0.0006111221,-1,-1
13134,31516,0.0006112151,-1,-1
13135,31517,0.0006110147,-1,-1
13136,31520,0.0006113984,-1,-1
13137,31521,0.0006114728,-1,-1
13138,31522,0.0006111778,-1,-1
13139,31523,0.0006110769,-1,-1
13140,31524,0.0006112279,-1,-1
13141,31525,0.0006116737,-1,-1
13142,31526,0.0006110881,-1,-1
13143,31527,0.000611171,-1,-1
13144,31530,0.0006114874,-1,-1
13145,31531,0.0006114122,-1,-1
13146,31532,0.0006113662,-1,-1
13147,31533,0.0006112729,-1,-1
13148,31534,0.0006114974,-1,-1
13149,31535,0.0006114862,-1,-1
13150,31536,0.0006112034,-1,-1
13151,31537,0.0006110775,-1,-1
13152,31540,0.0006113332,-1,-1
13153,31541,0.000611601,-1,-1
13154,31542,0.0006113708,-1,-1
13155,31543,0.0006113353,-1,-1
13156,31544,0.0006111185,-1,-1
13157,31545,0.0006114247,-1,-1
13158,31546,0.0006118553,-1,-1
13159,31547,0.0006116719,-1,-1
13160,31550,0.0006116152,-1,-1
13161,31551,0.0006113749,-1,-1
13162,31552,0.0006120169,-1,-1
13163,31553,0.0006117258,-1,-1
13164,31554,0.0006120175,-1,-1
13165,31555,0.0006112902,-1,-1
13166,31556,0.0006117155,-1,-1
13167,31557,0.000611771,-1,-1
13168,31560,0.0006118623,-1,-1
13169,31561,0.0006118084,-1,-1
13170,31562,0.0006117329,-1,-1
13171,31563,0.0006122706,-1,-1
13172,31564,0.0006114992,-1,-1
13173,31565,0.0006118998,-1,-1
13174,31566,0.000611654,-1,-1
13175,31567,0.0006115414,-1,-1
13176,31570,0.0006113942,-1,-1
13177,31571,0.0006114839,-1,-1
13178,31572,0.0006115189,-1,-1
13179,31573,0.0006117048,-1,-1
13180,31574,0.0006113773,-1,-1
13181,31575,0.0006117977,-1,-1
13182,31576,0.0006114816,-1,-1
13183,31577,0.0006112301,-1,-1
13184,31600,0.0006114552,-1,-1
13185,31601,0.000611252,-1,-1
13186,31602,0.0006110254,-1,-1
13187,31603,0.0006114177,-1,-1
13188,31604,0.000611404,-1,-1
13189,31605,0.0006112245,-1,-1
13190,31606,0.0006112305,-1,-1
13191,31607,0.0006110857,-1,-1
13192,31610,0.0006112748,-1,-1
13193,31611,0.0006110806,-1,-1
13194,31612,0.0006115049,-1,-1
13195,31613,0.0006116292,-1,-1
13196,31614,0.0006110074,-1,-1
13197,31615,0.000611482,-1,-1
13198,31616,0.0006113837,-1,-1
13199,31617,0.0006113739,-1,-1
13200,31620,0.0006115278,-1,-1
13201,31621,0.000611331,-1,-1
13202,31622,0.0006115723,-1,-1
13203,31623,0.0006116577,-1,-1
13204,31624,0.0006115027,-1,-1
13205,31625,0.0006115373,-1,-1
13206,31626,0.000611734,-1,-1
13207,31627,0.0006109077,-1,-1
13208,31630,0.0006113095,-1,-1
13209,31631,0.0006112258,-1,-1
13210,31632,0.0006111998,-1,-1
13211,31633,0.0006112639,-1,-1
13212,31634,0.0006111045,-1,-1
13213,31635,0.0006116703,-1,-1
13214,31636,0.0006116625,-1,-1
13215,31637,0.000611218,-1,-1
13216,31640,0.0006112597,-1,-1
13217,31641,0.000611464,-1,-1
13218,31642,0.0006116632,-1,-1
13219,31643,0.0006114885,-1,-1
13220,31644,0.0006118049,-1,-1
13221,31645,0.0006116264,-1,-1
13222,31646,0.0006117715,-1,-1
13223,31647,0.0006114839,-1,-1
13224,31650,0.0006116391,-1,-1
13225,31651,0.0006116343,-1,-1
13226,31652,0.0006121873,-1,-1
13227,31653,0.0006116649,-1,-1
13228,31654,0.0006115214,-1,-1
13229,31655,0.0006117304,-1,-1
13230,31656,0.0006117582,-1,-1
13231,31657,0.0006114716,-1,-1
13232,31660,0.0006111822,-1,-1
13233,31661,0.0006111888,-1,-1
13234,31662,0.0006112978,-1,-1
13235,31663,0.0006114377,-1,-1
13236,31664,0.0006114271,-1,-1
13237,31665,0.0006109117,-1,-1
13238,31666,0.0006110665,-1,-1
13239,31667,0.0006115318,-1,-1
13240,31670,0.0006112503,-1,-1
13241,31671,0.0006109611,-1,-1
13242,31672,0.0006112403,-1,-1
13243,31673,0.0006110651,-1,-1
13244,31674,0.0006110294,-1,-1
13245,31675,0.0006110889,-1,-1
13246,31676,0.0006111625,-1,-1
13247,31677,0.0006117357,-1,-1
13248,31700,0.0006111724,-1,-1
13249,31701,0.0006111612,-1,-1
13250,31702,0.0006110535,-1,-1
13251,31703,0.0006116846,-1,-1
13252,31704,0.0006111769,-1,-1
13253,31705,0.0006111593,-1,-1
13254,31706,0.0006112368,-1,-1
13255,31707,0.0006111801,-1,-1
13256,31710,0.0006111892,-1,-1
13257,31711,0.0006111169,-1,-1
13258,31712,0.0006110247,-1,-1
13259,31713,0.0006111107,-1,-1
13260,31714,0.0006115173,-1,-1
13261,31715,0.0006115269,-1,-1
13262,31716,0.0006111511,-1,-1
13263,31717,0.0006111385,-1,-1
13264,31720,0.0006113027,-1,-1
13265,31721,0.0006108884,-1,-1
13266,31722,0.0006108041,-1,-1
13267,31723,0.0006109141,-1,-1
13268,31724,0.0006108327,-1,-1
13269,31725,0.0006109423,-1,-1
13270,31726,0.0006103326,-1,-1
13271,31727,0.0006108206,-1,-1
13272,31730,0.0006108938,-1,-1
13273,31731,0.0006113417,-1,-1
13274,31732,0.000611217,-1,-1
13275,31733,0.0006112778,-1,-1
13276,31734,0.0006112792,-1,-1
13277,31735,0.0006112324,-1,-1
13278,31736,0.000611119,-1,-1
13279,31737,0.0006114346,-1,-1
13280,31740,0.0006118744,-1,-1
13281,31741,0.0006107535,-1,-1
13282,31742,0.0006108826,-1,-1
13283,31743,0.0006113446,-1,-1
13284,31744,0.0006114903,21,49
13285,31745,0.000611337,21,49
13286,31746,0.0006111799,21,49
13287,31747,0.0006112334,21,49
13288,31750,0.0006110879,21,49
13289,31751,0.0006115635,21,49
13290,31752,0.0006112983,21,49
13291,31753,0.0006113856,21,48
13292,31754,0.0006115197,21,48
13293,31755,0.0006114958,21,48
13294,31756,0.0006115354,21,48
13295,31757,0.0006116121,21,48
13296,31760,0.0006113239,21,48
13297,31761,0.0006115922,21,47
13298,31762,0.0006113439,21,47
13299,31763,0.0006112388,21,47
13300,31764,0.0006115337,21,47
13301,31765,0.0006115207,21,47
13302,31766,0.000611075,21,47
13303,31767,0.0006117165,21,46
13304,31770,0.0006115512,21,46
13305,31771,0.0006114002,21,46
13306,31772,0.0006113865,21,46
13307,31773,0.0006111669,21,46
13308,31774,0.0006111325,21,46
13309,31775,0.0006113749,21,45
13310,31776,0.0006111255,21,45
13311,31777,0.0006114422,21,45
13312,32000,0.0006113551,21,45
13313,32001,0.0006116111,21,45
13314,32002,0.0006114921,21,45
13315,32003,0.0006114927,21,44
13316,32004,0.0006115974,21,44
13317,32005,0.0006114517,21,44
13318,32006,0.0006114634,21,44
13319,32007,0.0006115348,21,44
13320,32010,0.0006111866,21,44
13321,32011,0.0006113674,21,44
13322,32012,0.000611468,21,43
13323,32013,0.0006114874,21,43
13324,32014,0.0006105652,21,43
13325,32015,0.0006078168,21,43
13326,32016,0.00060229,21,43
13327,32017,0.0005959949,21,43
13328,32020,0.0005886927,21,42
13329,32021,0.000579313,21,42
13330,32022,0.0005701195,21,42
13331,32023,0.0005545864,21,42
13332,32024,0.0005406333,21,42
13333,32025,0.0005325232,21,42
13334,32026,0.0005347054,21,41
13335,32027,0.0005391743,21,41
13336,32030,0.0005462239,21,41
13337,32031,0.0005538219,21,41
13338,32032,0.0005580575,21,41
13339,32033,0.0005614636,21,41
13340,32034,0.0005635598,21,40
13341,32035,0.000564597,21,40
13342,32036,0.0005653038,21,40
13343,32037,0.0005654803,21,40
13344,32040,0.0005652197,21,40
13345,32041,0.0005646382,21,40
13346,32042,0.0005640916,21,39
13347,32043,0.0005621556,21,39
13348,32044,0.0005572044,21,39
13349,32045,0.0005495538,21,39
13350,32046,0.0005342612,21,39
13351,32047,0.0005108356,21,39
13352,32050,0.0004802973,21,39
13353,32051,0.0004262,21,38
13354,32052,0.000360959,21,38
13355,32053,0.0002884969,21,38
13356,32054,0.0001938249,21,38
13357,32055,0.0001335791,21,38
13358,32056,3.107775e-05,21,38
13359,32057,3.108117e-05,21,37
13360,32060,3.129681e-05,21,37
13361,32061,3.140372e-05,21,37
13362,32062,3.140284e-05,21,37
13363,32063,3.139567e-05,21,37
13364,32064,3.160922e-05,21,37
13365,32065,3.167256e-05,21,36
13366,32066,3.164702e-05,21,36
13367,32067,3.163774e-05,21,36
13368,32070,3.185114e-05,21,36
13369,32071,3.187649e-05,21,36
13370,32072,3.183275e-05,21,36
13371,32073,3.18428e-05,21,35
13372,32074,3.202499e-05,21,35
13373,32075,3.205271e-05,21,35
13374,32076,3.200681e-05,21,35
13375,32077,3.199765e-05,21,35
13376,32100,3.218484e-05,21,35
13377,32101,3.218665e-05,21,34
13378,32102,3.213205e-05,21,34
13379,32103,3.213814e-05,21,34
13380,32104,3.231899e-05,21,34
13381,32105,3.232262e-05,21,34
13382,32106,3.226024e-05,21,34
13383,32107,3.228766e-05,21,34
13384,32110,3.246701e-05,21,33
13385,32111,3.246414e-05,21,33
13386,32112,3.244828e-05,21,33
13387,32113,3.263291e-05,21,33
13388,32114,3.300163e-05,21,33
13389,32115,3.333473e-05,21,33
13390,32116,3.382753e-05,21,32
13391,32117,3.486327e-05,21,32
13392,32120,3.664966e-05,21,32
13393,32121,4.019406e-05,21,32
13394,32122,4.822525e-05,21,32
13395,32123,6.710185e-05,21,32
13396,32124,0.0002008879,21,31
13397,32125,0.000226814,21,31
13398,32126,0.0002657132,21,31
13399,32127,0.0003119714,21,31
13400,32130,0.0003524742,21,31
13401,32131,0.0003907881,21,31
13402,32132,0.0004147989,21,30
13403,32133,0.0004321859,21,30
13404,32134,0.0004425803,21,30
13405,32135,0.0004582831,21,30
13406,32136,0.000476203,21,30
13407,32137,0.0004896618,21,30
13408,32140,0.0005043863,21,29
13409,32141,0.0005155748,21,29
13410,32142,0.000527239,21,29
13411,32143,0.0005369335,21,29
13412,32144,0.0005463604,21,29
13413,32145,0.0005523427,21,29
13414,32146,0.0005569803,21,29
13415,32147,0.0005602784,21,28
13416,32150,0.0005618081,21,28
13417,32151,0.0005626908,21,28
13418,32152,0.0005631892,21,28
13419,32153,0.0005631711,21,28
13420,32154,0.0005615337,21,28
13421,32155,0.0005601291,21,27
13422,32156,0.0005599066,21,27
13423,32157,0.0005621655,21,27
13424,32160,0.000562204,21,27
13425,32161,0.0005642474,21,27
13426,32162,0.0005645004,21,27
13427,32163,0.0005646251,21,26
13428,32164,0.0005654261,21,26
13429,32165,0.0005654451,21,26
13430,32166,0.0005661039,21,26
13431,32167,0.0005662724,21,26
13432,32170,0.0005660513,21,26
13433,32171,0.0005665046,21,25
13434,32172,0.0005680061,21,25
13435,32173,0.00056847,21,25
13436,32174,0.000568623,21,25
13437,32175,0.0005681287,21,25
13438,32176,0.0005682437,21,25
13439,32177,0.0005685661,21,24
13440,32200,0.0005682912,21,24
13441,32201,0.0005697752,21,24
13442,32202,0.0005707411,21,24
13443,32203,0.0005711615,21,24
13444,32204,0.0005711995,21,24
13445,32205,0.0005710995,21,24
13446,32206,0.0005710245,21,23
13447,32207,0.0005713033,21,23
13448,32210,0.0005714818,21,23
13449,32211,0.000571634,21,23
13450,32212,0.000570857,21,23
13451,32213,0.0005688213,21,23
13452,32214,0.0005626433,21,22
13453,32215,0.0005531683,21,22
13454,32216,0.0005373769,21,22
13455,32217,0.0005062744,21,22
13456,32220,0.0004741839,21,22
13457,32221,0.0004142996,21,22
13458,32222,0.0003300554,21,21
13459,32223,0.0002696727,21,21
13460,32224,0.0001892304,21,21
13461,32225,0.0001330308,21,21
13462,32226,3.083462e-05,21,21
13463,32227,3.104888e-05,21,21
13464,32230,3.109045e-05,21,20
13465,32231,3.108762e-05,21,20
13466,32232,3.113677e-05,21,20
13467,32233,3.134912e-05,21,20
13468,32234,3.137652e-05,21,20
13469,32235,3.134754e-05,21,20
13470,32236,3.139708e-05,21,19
13471,32237,3.158869e-05,21,19
13472,32240,3.158624e-05,21,19
13473,32241,3.154021e-05,21,19
13474,32242,3.16298e-05,21,19
13475,32243,3.176878e-05,21,19
13476,32244,3.175276e-05,21,19
13477,32245,3.171066e-05,21,18
13478,32246,3.174524e-05,21,18
13479,32247,3.191765e-05,21,18
13480,32250,3.189834e-05,21,18
13481,32251,3.184066e-05,21,18
13482,32252,3.187747e-05,21,18
13483,32253,3.203126e-05,21,17
13484,32254,3.202809e-05,21,17
13485,32255,3.196785e-05,21,17
13486,32256,3.195317e-05,21,17
13487,32257,3.213004e-05,21,17
13488,32260,3.211756e-05,21,17
13489,32261,3.205597e-05,21,16
13490,32262,3.204112e-05,21,16
13491,32263,3.22044e-05,21,16
13492,32264,3.219887e-05,21,16
13493,32265,3.213911e-05,21,16
13494,32266,3.211944e-05,21,16
13495,32267,3.228524e-05,21,15
13496,32270,3.227485e-05,21,15
13497,32271,3.221763e-05,21,15
13498,32272,3.218353e-05,21,15
13499,32273,3.235251e-05,21,15
13500,32274,3.23993e-05,21,15
13501,32275,3.241485e-05,21,14
13502,32276,3.246347e-05,21,14
13503,32277,3.29226e-05,21,14
13504,32300,3.335108e-05,21,14
13505,32301,3.380938e-05,21,14
13506,32302,3.488673e-05,21,14
13507,32303,3.656233e-05,21,14
13508,32304,4.244011e-05,21,13
13509,32305,5.473544e-05,21,13
13510,32306,7.011359e-05,21,13
13511,32307,0.0005738373,21,13
13512,32310,0.0005740451,21,13
13513,32311,0.0005739397,21,13
13514,32312,0.0005742314,21,12
13515,32313,0.0005746378,21,12
13516,32314,0.0005746377,21,12
13517,32315,0.0005741933,21,12
13518,32316,0.0005741892,21,12
13519,32317,0.0005744973,21,12
13520,32320,0.0005745952,21,11
13521,32321,0.0005739121,21,11
13522,32322,0.0005748468,21,11
13523,32323,0.0005747394,21,11
13524,32324,0.0005742777,21,11
13525,32325,0.0005748477,21,11
13526,32326,0.0005743327,21,10
13527,32327,0.0005745795,21,10
13528,32330,0.0005738286,21,10
13529,32331,0.0005737295,21,10
13530,32332,0.0005731704,21,10
13531,32333,0.0005714945,21,10
13532,32334,0.0005684195,21,9
13533,32335,0.0005613094,21,9
13534,32336,0.0005500459,21,9
13535,32337,0.0005291771,21,9
13536,32340,0.0004956574,21,9
13537,32341,0.0004612049,21,9
13538,32342,0.0003879089,21,9
13539,32343,0.000309716,21,8
13540,32344,0.0002415425,21,8
13541,32345,0.0001636844,21,8
13542,32346,0.0001128753,21,8
13543,32347,3.07242e-05,21,8
13544,32350,3.072112e-05,21,8
13545,32351,3.087099e-05,21,7
13546,32352,3.102421e-05,21,7
13547,32353,3.104455e-05,21,7
13548,32354,3.101797e-05,21,7
13549,32355,3.112319e-05,21,7
13550,32356,3.128855e-05,21,7
13551,32357,3.128134e-05,21,6
13552,32360,3.123397e-05,21,6
13553,32361,3.135243e-05,21,6
13554,32362,3.148933e-05,21,6
13555,32363,3.147246e-05,21,6
13556,32364,3.142644e-05,21,6
13557,32365,3.147955e-05,21,5
13558,32366,3.16526e-05,21,5
13559,32367,3.16351e-05,21,5
13560,32370,3.158926e-05,21,5
13561,32371,3.16058e-05,21,5
13562,32372,3.177926e-05,21,5
13563,32373,3.177227e-05,21,4
13564,32374,3.170906e-05,21,4
13565,32375,3.171969e-05,21,4
13566,32376,3.188969e-05,21,4
13567,32377,3.1875e-05,21,4
13568,32400,3.181797e-05,21,4
13569,32401,3.179774e-05,21,4
13570,32402,3.197838e-05,21,3
13571,32403,3.199838e-05,21,3
13572,32404,3.195191e-05,21,3
13573,32405,3.195071e-05,21,3
13574,32406,3.217304e-05,21,3
13575,32407,3.213932e-05,21,3
13576,32410,3.209189e-05,21,2
13577,32411,3.204915e-05,21,2
13578,32412,3.217987e-05,21,2
13579,32413,3.223693e-05,21,2
13580,32414,3.217965e-05,21,2
13581,32415,3.209051e-05,21,2
13582,32416,3.227885e-05,21,1
13583,32417,3.226761e-05,21,1
13584,32420,3.219512e-05,21,1
13585,32421,3.216484e-05,21,1
13586,32422,3.230196e-05,21,1
13587,32423,3.232863e-05,21,1
13588,32424,3.226006e-05,21,0
13589,32425,3.218962e-05,21,0
13590,32426,3.234684e-05,21,0
13591,32427,3.237216e-05,21,0
13592,32430,3.231636e-05,21,0
13593,32431,3.224375e-05,21,0
13594,32432,3.236259e-05,-1,-1
13595,32433,3.24157e-05,-1,-1
13596,32434,3.234613e-05,-1,-1
13597,32435,3.226254e-05,-1,-1
13598,32436,3.242705e-05,-1,-1
13599,32437,3.243803e-05,-1,-1
13600,32440,3.236493e-05,-1,-1
13601,32441,3.230287e-05,-1,-1
13602,32442,3.244866e-05,-1,-1
13603,32443,3.246971e-05,-1,-1
13604,32444,3.240495e-05,-1,-1
13605,32445,3.232104e-05,-1,-1
13606,32446,3.246646e-05,-1,-1
13607,32447,3.250309e-05,-1,-1
13608,32450,3.24488e-05,-1,-1
13609,32451,3.236199e-05,-1,-1
13610,32452,3.242761e-05,-1,-1
13611,32453,3.253737e-05,-1,-1
13612,32454,3.250593e-05,-1,-1
13613,32455,3.242401e-05,-1,-1
13614,32456,3.239837e-05,-1,-1
13615,32457,3.253503e-05,-1,-1
13616,32460,3.254211e-05,-1,-1
13617,32461,3.246871e-05,-1,-1
13618,32462,3.238841e-05,-1,-1
13619,32463,3.252982e-05,-1,-1
13620,32464,3.256967e-05,-1,-1
13621,32465,3.250306e-05,-1,-1
13622,32466,3.242418e-05,-1,-1
13623,32467,3.251969e-05,-1,-1
13624,32470,3.258674e-05,-1,-1
13625,32471,3.251769e-05,-1,-1
13626,32472,3.242715e-05,-1,-1
13627,32473,3.253638e-05,-1,-1
13628,32474,3.260227e-05,-1,-1
13629,32475,3.253533e-05,-1,-1
13630,32476,3.24421e-05,-1,-1
13631,32477,3.257676e-05,-1,-1
13632,32500,3.261883e-05,-1,-1
13633,32501,3.254551e-05,-1,-1
13634,32502,3.246986e-05,-1,-1
13635,32503,3.253673e-05,-1,-1
13636,32504,3.263407e-05,-1,-1
13637,32505,3.257991e-05,-1,-1
13638,32506,3.249828e-05,-1,-1
13639,32507,3.249085e-05,-1,-1
13640,32510,3.264649e-05,-1,-1
13641,32511,3.260991e-05,-1,-1
13642,32512,3.253517e-05,-1,-1
13643,32513,3.248052e-05,-1,-1
13644,32514,3.263522e-05,-1,-1
13645,32515,3.263943e-05,-1,-1
13646,32516,3.257145e-05,-1,-1
13647,32517,3.249164e-05,-1,-1
13648,32520,3.262032e-05,-1,-1
13649,32521,3.266367e-05,-1,-1
13650,32522,3.258814e-05,-1,-1
13651,32523,3.25101e-05,-1,-1
13652,32524,3.258919e-05,-1,-1
13653,32525,3.267579e-05,-1,-1
13654,32526,3.261238e-05,-1,-1
13655,32527,3.252441e-05,-1,-1
13656,32530,3.260659e-05,-1,-1
13657,32531,3.268511e-05,-1,-1
13658,32532,3.262388e-05,-1,-1
13659,32533,3.252786e-05,-1,-1
13660,32534,3.262693e-05,-1,-1
13661,32535,3.269035e-05,-1,-1
13662,32536,3.262828e-05,-1,-1
13663,32537,3.255386e-05,-1,-1
13664,32540,3.260697e-05,-1,-1
13665,32541,3.270159e-05,-1,-1
13666,32542,3.26457e-05,-1,-1
13667,32543,3.255737e-05,-1,-1
13668,32544,3.262737e-05,-1,-1
13669,32545,3.271048e-05,-1,-1
13670,32546,3.265712e-05,-1,-1
13671,32547,3.257678e-05,-1,-1
13672,32550,3.258481e-05,-1,-1
13673,32551,3.271415e-05,-1,-1
13674,32552,3.268616e-05,-1,-1
13675,32553,3.260246e-05,-1,-1
13676,32554,3.257359e-05,-1,-1
13677,32555,3.272465e-05,-1,-1
13678,32556,3.267796e-05,-1,-1
13679,32557,3.257414e-05,-1,-1
13680,32560,3.260904e-05,-1,-1
13681,32561,3.272865e-05,-1,-1
13682,32562,3.268183e-05,-1,-1
13683,32563,3.2612e-05,-1,-1
13684,32564,3.255872e-05,-1,-1
13685,32565,3.27241e-05,-1,-1
13686,32566,3.269271e-05,-1,-1
13687,32567,3.260512e-05,-1,-1
13688,32570,3.256577e-05,-1,-1
13689,32571,3.270665e-05,-1,-1
13690,32572,3.270244e-05,-1,-1
13691,32573,3.262216e-05,-1,-1
13692,32574,3.255304e-05,-1,-1
13693,32575,3.271471e-05,-1,-1
13694,32576,3.271892e-05,-1,-1
13695,32577,3.265492e-05,-1,-1
13696,32600,3.256961e-05,-1,-1
13697,32601,3.263223e-05,-1,-1
13698,32602,3.27337e-05,-1,-1
13699,32603,3.26765e-05,-1,-1
13700,32604,3.257751e-05,-1,-1
13701,32605,3.264763e-05,-1,-1
13702,32606,3.273909e-05,-1,-1
13703,32607,3.266745e-05,-1,-1
13704,32610,3.256913e-05,-1,-1
13705,32611,3.268393e-05,-1,-1
13706,32612,3.274219e-05,-1,-1
13707,32613,3.266997e-05,-1,-1
13708,32614,3.257771e-05,-1,-1
13709,32615,3.268551e-05,-1,-1
13710,32616,3.274296e-05,-1,-1
13711,32617,3.268909e-05,-1,-1
13712,32620,3.258623e-05,-1,-1
13713,32621,3.266572e-05,-1,-1
13714,32622,3.275276e-05,-1,-1
13715,32623,3.268621e-05,-1,-1
13716,32624,3.260228e-05,-1,-1
13717,32625,3.262564e-05,-1,-1
13718,32626,3.275713e-05,-1,-1
13719,32627,3.270097e-05,-1,-1
13720,32630,3.260371e-05,-1,-1
13721,32631,3.265717e-05,-1,-1
13722,32632,3.275502e-05,-1,-1
13723,32633,3.269178e-05,-1,-1
13724,32634,3.260749e-05,-1,-1
13725,32635,3.267082e-05,-1,-1
13726,32636,3.276178e-05,-1,-1
13727,32637,3.269436e-05,-1,-1
13728,32640,3.260515e-05,-1,-1
13729,32641,3.269974e-05,-1,-1
13730,32642,3.276137e-05,-1,-1
13731,32643,3.269295e-05,-1,-1
13732,32644,3.25946e-05,-1,-1
13733,32645,3.268359e-05,-1,-1
13734,32646,3.276351e-05,-1,-1
13735,32647,3.271163e-05,-1,-1
13736,32650,3.262082e-05,-1,-1
13737,32651,3.267159e-05,-1,-1
13738,32652,3.276945e-05,-1,-1
13739,32653,3.269995e-05,-1,-1
13740,32654,3.261713e-05,-1,-1
13741,32655,3.266356e-05,-1,-1
13742,32656,3.277466e-05,-1,-1
13743,32657,3.272004e-05,-1,-1
13744,32660,3.262989e-05,-1,-1
13745,32661,3.266625e-05,-1,-1
13746,32662,3.277598e-05,-1,-1
13747,32663,3.271605e-05,-1,-1
13748,32664,3.262678e-05,-1,-1
13749,32665,3.268194e-05,-1,-1
13750,32666,3.277651e-05,-1,-1
13751,32667,3.27268e-05,-1,-1
13752,32670,3.262575e-05,-1,-1
13753,32671,3.267321e-05,-1,-1
13754,32672,3.27794e-05,-1,-1
13755,32673,3.271672e-05,-1,-1
13756,32674,3.262067e-05,-1,-1
13757,32675,3.268879e-05,-1,-1
13758,32676,3.278052e-05,-1,-1
13759,32677,3.272156e-05,-1,-1
13760,32700,3.263024e-05,-1,-1
13761,32701,3.268592e-05,-1,-1
13762,32702,3.278231e-05,-1,-1
13763,32703,3.272749e-05,-1,-1
13764,32704,3.263124e-05,-1,-1
13765,32705,3.267738e-05,-1,-1
13766,32706,3.278315e-05,-1,-1
13767,32707,3.273608e-05,-1,-1
13768,32710,3.264719e-05,-1,-1
13769,32711,3.264034e-05,-1,-1
13770,32712,3.278693e-05,-1,-1
13771,32713,3.27451e-05,-1,-1
13772,32714,3.265366e-05,-1,-1
13773,32715,3.261903e-05,-1,-1
13774,32716,3.277364e-05,-1,-1
13775,32717,3.276723e-05,-1,-1
13776,32720,3.268408e-05,-1,-1
13777,32721,3.261475e-05,-1,-1
13778,32722,3.273831e-05,-1,-1
13779,32723,3.278418e-05,22,0
13780,32724,3.271142e-05,22,0
13781,32725,3.261896e-05,22,0
13782,32726,3.275504e-05,22,0
13783,32727,3.278245e-05,22,0
13784,32730,3.271731e-05,22,0
13785,32731,3.261677e-05,22,0
13786,32732,3.270726e-05,22,1
13787,32733,3.272264e-05,22,1
13788,32734,3.264342e-05,22,1
13789,32735,3.255055e-05,22,1
13790,32736,3.264652e-05,22,1
13791,32737,3.271093e-05,22,1
13792,32740,3.265182e-05,22,2
13793,32741,3.255564e-05,22,2
13794,32742,3.263712e-05,22,2
13795,32743,3.271388e-05,22,2
13796,32744,3.265222e-05,22,2
13797,32745,3.257853e-05,22,2
13798,32746,3.258594e-05,22,3
13799,32747,3.272674e-05,22,3
13800,32750,3.26808e-05,22,3
13801,32751,3.259531e-05,22,3
13802,32752,3.261548e-05,22,3
13803,32753,3.273341e-05,22,3
13804,32754,3.268715e-05,22,4
13805,32755,3.259821e-05,22,4
13806,32756,3.263744e-05,22,4
13807,32757,3.274603e-05,22,4
13808,32760,3.269322e-05,22,4
13809,32761,3.259827e-05,22,4
13810,32762,3.266484e-05,22,5
13811,32763,3.275473e-05,22,5
13812,32764,3.270332e-05,22,5
13813,32765,3.261062e-05,22,5
13814,32766,3.265902e-05,22,5
13815,32767,3.277066e-05,22,5
13816,32770,3.271496e-05,22,5
13817,32771,3.262872e-05,22,6
13818,32772,3.268065e-05,22,6
13819,32773,3.277648e-05,22,6
13820,32774,3.274852e-05,22,6
13821,32775,3.267726e-05,22,6
13822,32776,3.264134e-05,22,6
13823,32777,3.282394e-05,22,7
13824,33000,3.285503e-05,22,7
13825,33001,3.282362e-05,22,7
13826,33002,3.2825e-05,22,7
13827,33003,3.307201e-05,22,7
13828,33004,3.322626e-05,22,7
13829,33005,3.367579e-05,22,8
13830,33006,3.45917e-05,22,8
13831,33007,3.680747e-05,22,8
13832,33010,4.159093e-05,22,8
13833,33011,5.013055e-05,22,8
13834,33012,6.93974e-05,22,8
13835,33013,0.0005712843,22,9
13836,33014,0.0005717527,22,9
13837,33015,0.0005717975,22,9
13838,33016,0.0005719064,22,9
13839,33017,0.0005725599,22,9
13840,33020,0.0005729984,22,9
13841,33021,0.0005738197,22,10
13842,33022,0.0005740469,22,10
13843,33023,0.0005736634,22,10
13844,33024,0.0005729086,22,10
13845,33025,0.0005692695,22,10
13846,33026,0.0005680134,22,10
13847,33027,0.0005686867,22,11
13848,33030,0.000569309,22,11
13849,33031,0.0005699382,22,11
13850,33032,0.0005714999,22,11
13851,33033,0.0005719771,22,11
13852,33034,0.0005717619,22,11
13853,33035,0.0005712471,22,11
13854,33036,0.0005710051,22,12
13855,33037,0.0005692617,22,12
13856,33040,0.0005653978,22,12
13857,33041,0.0005580215,22,12
13858,33042,0.0005442673,22,12
13859,33043,0.0005245452,22,12
13860,33044,0.0004927439,22,13
13861,33045,0.0004453967,22,13
13862,33046,0.0003901227,22,13
13863,33047,0.0003018182,22,13
13864,33050,0.0002267227,22,13
13865,33051,0.0001634897,22,13
13866,33052,0.0001076076,22,14
13867,33053,3.094851e-05,22,14
13868,33054,3.094345e-05,22,14
13869,33055,3.112849e-05,22,14
13870,33056,3.126275e-05,22,14
13871,33057,3.126179e-05,22,14
13872,33060,3.124156e-05,22,15
13873,33061,3.143839e-05,22,15
13874,33062,3.15228e-05,22,15
13875,33063,3.150673e-05,22,15
13876,33064,3.147797e-05,22,15
13877,33065,3.167021e-05,22,15
13878,33066,3.173163e-05,22,16
13879,33067,3.170883e-05,22,16
13880,33070,3.166746e-05,22,16
13881,33071,3.185773e-05,22,16
13882,33072,3.190291e-05,22,16
13883,33073,3.187038e-05,22,16
13884,33074,3.182503e-05,22,16
13885,33075,3.198889e-05,22,17
13886,33076,3.20518e-05,22,17
13887,33077,3.200643e-05,22,17
13888,33100,3.195534e-05,22,17
13889,33101,3.213463e-05,22,17
13890,33102,3.216423e-05,22,17
13891,33103,3.211171e-05,22,18
13892,33104,3.207148e-05,22,18
13893,33105,3.223195e-05,22,18
13894,33106,3.226515e-05,22,18
13895,33107,3.221336e-05,22,18
13896,33110,3.216209e-05,22,18
13897,33111,3.233673e-05,22,19
13898,33112,3.236543e-05,22,19
13899,33113,3.230763e-05,22,19
13900,33114,3.225026e-05,22,19
13901,33115,3.242899e-05,22,19
13902,33116,3.245518e-05,22,19
13903,33117,3.242527e-05,22,20
13904,33120,3.240203e-05,22,20
13905,33121,3.26108e-05,22,20
13906,33122,3.270534e-05,22,20
13907,33123,3.273034e-05,22,20
13908,33124,3.278523e-05,22,20
13909,33125,3.326131e-05,22,21
13910,33126,3.414791e-05,22,21
13911,33127,3.586248e-05,22,21
13912,33130,3.971226e-05,22,21
13913,33131,4.689506e-05,22,21
13914,33132,6.371269e-05,22,21
13915,33133,0.0005645679,22,22
13916,33134,0.000563465,22,22
13917,33135,0.0005607355,22,22
13918,33136,0.0005595144,22,22
13919,33137,0.0005599645,22,22
13920,33140,0.0005643616,22,22
13921,33141,0.0005659002,22,22
13922,33142,0.0005677315,22,23
13923,33143,0.0005675259,22,23
13924,33144,0.0005668454,22,23
13925,33145,0.0005659938,22,23
13926,33146,0.0005654996,22,23
13927,33147,0.0005645321,22,23
13928,33150,0.0005631467,22,24
13929,33151,0.0005608819,22,24
13930,33152,0.0005575451,22,24
13931,33153,0.0005550148,22,24
13932,33154,0.0005516685,22,24
13933,33155,0.0005486782,22,24
13934,33156,0.000546112,22,25
13935,33157,0.0005417015,22,25
13936,33160,0.0005367127,22,25
13937,33161,0.0005284153,22,25
13938,33162,0.000517941,22,25
13939,33163,0.0005006738,22,25
13940,33164,0.0004787389,22,26
13941,33165,0.0004484339,22,26
13942,33166,0.0004054758,22,26
13943,33167,0.000358005,22,26
13944,33170,0.0003049157,22,26
13945,33171,0.0002644962,22,26
13946,33172,0.0002295451,22,27
13947,33173,0.0002051104,22,27
13948,33174,0.0001943467,22,27
13949,33175,0.0001990275,22,27
13950,33176,0.000225925,22,27
13951,33177,0.0002626271,22,27
13952,33200,0.0003235355,22,27
13953,33201,0.0003791659,22,28
13954,33202,0.0004284951,22,28
13955,33203,0.0004722428,22,28
13956,33204,0.0004994644,22,28
13957,33205,0.0005232047,22,28
13958,33206,0.0005405883,22,28
13959,33207,0.0005492072,22,29
13960,33210,0.0005548076,22,29
13961,33211,0.0005577023,22,29
13962,33212,0.0005587051,22,29
13963,33213,0.000559611,22,29
13964,33214,0.0005601475,22,29
13965,33215,0.0005606521,22,30
13966,33216,0.0005608029,22,30
13967,33217,0.000560388,22,30
13968,33220,0.0005597783,22,30
13969,33221,0.0005586229,22,30
13970,33222,0.0005561025,22,30
13971,33223,0.0005504741,22,31
13972,33224,0.0005419211,22,31
13973,33225,0.0005282262,22,31
13974,33226,0.0005026344,22,31
13975,33227,0.0004666868,22,31
13976,33230,0.0004111705,22,31
13977,33231,0.0003319924,22,32
13978,33232,0.0002528187,22,32
13979,33233,0.000178025,22,32
13980,33234,0.0001276429,22,32
13981,33235,3.119582e-05,22,32
13982,33236,3.120593e-05,22,32
13983,33237,3.121262e-05,22,33
13984,33240,3.143944e-05,22,33
13985,33241,3.151416e-05,22,33
13986,33242,3.150523e-05,22,33
13987,33243,3.150414e-05,22,33
13988,33244,3.170993e-05,22,33
13989,33245,3.177542e-05,22,33
13990,33246,3.174817e-05,22,34
13991,33247,3.171884e-05,22,34
13992,33250,3.188574e-05,22,34
13993,33251,3.197428e-05,22,34
13994,33252,3.194612e-05,22,34
13995,33253,3.190334e-05,22,34
13996,33254,3.205412e-05,22,35
13997,33255,3.214341e-05,22,35
13998,33256,3.210659e-05,22,35
13999,33257,3.20603e-05,22,35
14000,33260,3.215492e-05,22,35
14001,33261,3.227797e-05,22,35
14002,33262,3.224819e-05,22,36
14003,33263,3.220311e-05,22,36
14004,33264,3.221808e-05,22,36
14005,33265,3.239619e-05,22,36
14006,33266,3.232719e-05,22,36
14007,33267,3.229683e-05,22,36
14008,33270,3.250203e-05,22,37
14009,33271,3.258667e-05,22,37
14010,33272,3.257968e-05,22,37
14011,33273,3.257125e-05,22,37
14012,33274,3.284921e-05,22,37
14013,33275,3.311861e-05,22,37
14014,33276,3.372012e-05,22,38
14015,33277,3.483125e-05,22,38
14016,33300,3.782918e-05,22,38
14017,33301,4.43967e-05,22,38
14018,33302,5.501087e-05,22,38
14019,33303,7.890265e-05,22,38
14020,33304,0.0006115625,22,38
14021,33305,0.0006119325,22,39
14022,33306,0.0006113405,22,39
14023,33307,0.0006116913,22,39
14024,33310,0.0006116808,22,39
14025,33311,0.0006114148,22,39
14026,33312,0.0006116953,22,39
14027,33313,0.0006118552,22,40
14028,33314,0.0006120773,22,40
14029,33315,0.0006115415,22,40
14030,33316,0.0006115444,22,40
14031,33317,0.000611372,22,40
14032,33320,0.0006113686,22,40
14033,33321,0.0006112884,22,41
14034,33322,0.0006115003,22,41
14035,33323,0.0006113183,22,41
14036,33324,0.0006110679,22,41
14037,33325,0.0006111272,22,41
14038,33326,0.0006113749,22,41
14039,33327,0.0006112157,22,42
14040,33330,0.0006112661,22,42
14041,33331,0.0006113968,22,42
14042,33332,0.000610955,22,42
14043,33333,0.000611403,22,42
14044,33334,0.0006115462,22,42
14045,33335,0.0006113821,22,43
14046,33336,0.0006114143,22,43
14047,33337,0.000611731,22,43
14048,33340,0.0006113441,22,43
14049,33341,0.0006113357,22,43
14050,33342,0.0006113317,22,43
14051,33343,0.0006115739,22,44
14052,33344,0.0006122986,22,44
14053,33345,0.0006119179,22,44
14054,33346,0.0006114576,22,44
14055,33347,0.0006113749,22,44
14056,33350,0.00061148,22,44
14057,33351,0.0006120445,22,44
14058,33352,0.0006114541,22,45
14059,33353,0.0006116827,22,45
14060,33354,0.0006117037,22,45
14061,33355,0.0006115596,22,45
14062,33356,0.0006117392,22,45
14063,33357,0.0006120983,22,45
14064,33360,0.0006118898,22,46
14065,33361,0.0006116504,22,46
14066,33362,0.0006111711,22,46
14067,33363,0.0006117738,22,46
14068,33364,0.0006117339,22,46
14069,33365,0.0006118558,22,46
14070,33366,0.0006113371,22,47
14071,33367,0.0006125229,22,47
14072,33370,0.0006115096,22,47
14073,33371,0.0006117036,22,47
14074,33372,0.0006112306,22,47
14075,33373,0.0006113527,22,47
14076,33374,0.000611618,22,48
14077,33375,0.0006120305,22,48
14078,33376,0.0006120039,22,48
14079,33377,0.0006120801,22,48
14080,33400,0.0006117077,22,48
14081,33401,0.0006117575,22,48
14082,33402,0.0006111386,22,49
14083,33403,0.0006115999,22,49
14084,33404,0.000611549,22,49
14085,33405,0.0006115824,22,49
14086,33406,0.000611295,22,49
14087,33407,0.0006116696,22,49
14088,33410,0.0006115605,-1,-1
14089,33411,0.0006117105,-1,-1
14090,33412,0.0006116063,-1,-1
14091,33413,0.0006117762,-1,-1
14092,33414,0.000611184,-1,-1
14093,33415,0.0006116303,-1,-1
14094,33416,0.0006117733,-1,-1
14095,33417,0.0006115618,-1,-1
14096,33420,0.000611461,-1,-1
14097,33421,0.0006114154,-1,-1
14098,33422,0.0006115132,-1,-1
14099,33423,0.000611491,-1,-1
14100,33424,0.0006111778,-1,-1
14101,33425,0.0006115332,-1,-1
14102,33426,0.0006114278,-1,-1
14103,33427,0.0006115615,-1,-1
14104,33430,0.0006116077,-1,-1
14105,33431,0.000611727,-1,-1
14106,33432,0.0006116035,-1,-1
14107,33433,0.00061146,-1,-1
14108,33434,0.0006111044,-1,-1
14109,33435,0.0006116316,-1,-1
14110,33436,0.0006115707,-1,-1
14111,33437,0.0006112281,-1,-1
14112,33440,0.0006114053,-1,-1
14113,33441,0.0006109393,-1,-1
14114,33442,0.0006111571,-1,-1
14115,33443,0.0006115161,-1,-1
14116,33444,0.0006115278,-1,-1
14117,33445,0.0006112691,-1,-1
14118,33446,0.0006110478,-1,-1
14119,33447,0.0006111066,-1,-1
14120,33450,0.000611221,-1,-1
14121,33451,0.0006109242,-1,-1
14122,33452,0.0006113235,-1,-1
14123,33453,0.0006110745,-1,-1
14124,33454,0.000611115,-1,-1
14125,33455,0.0006111372,-1,-1
14126,33456,0.0006111925,-1,-1
14127,33457,0.0006107507,-1,-1
14128,33460,0.000611246,-1,-1
14129,33461,0.000611491,-1,-1
14130,33462,0.0006111625,-1,-1
14131,33463,0.0006107825,-1,-1
14132,33464,0.0006110226,-1,-1
14133,33465,0.0006107975,-1,-1
14134,33466,0.0006107184,-1,-1
14135,33467,0.0006111177,-1,-1
14136,33470,0.000610879,-1,-1
14137,33471,0.0006105511,-1,-1
14138,33472,0.0006112305,-1,-1
14139,33473,0.0006109972,-1,-1
14140,33474,0.0006111384,-1,-1
14141,33475,0.0006112813,-1,-1
14142,33476,0.0006110035,-1,-1
14143,33477,0.0006108281,-1,-1
14144,33500,0.0006110453,-1,-1
14145,33501,0.0006111673,-1,-1
14146,33502,0.0006111906,-1,-1
14147,33503,0.0006114927,-1,-1
14148,33504,0.0006109303,-1,-1
14149,33505,0.0006113024,-1,-1
14150,33506,0.0006113925,-1,-1
14151,33507,0.0006103636,-1,-1
14152,33510,0.0006109524,-1,-1
14153,33511,0.0006108091,-1,-1
14154,33512,0.0006111329,-1,-1
14155,33513,0.000611032,-1,-1
14156,33514,0.0006110243,-1,-1
14157,33515,0.0006109445,-1,-1
14158,33516,0.0006111283,-1,-1
14159,33517,0.0006114101,-1,-1
14160,33520,0.0006109333,-1,-1
14161,33521,0.0006106697,-1,-1
14162,33522,0.00061132,-1,-1
14163,33523,0.0006114294,-1,-1
14164,33524,0.0006113704,-1,-1
14165,33525,0.0006119247,-1,-1
14166,33526,0.0006114975,-1,-1
14167,33527,0.0006109434,-1,-1
14168,33530,0.0006115203,-1,-1
14169,33531,0.0006109141,-1,-1
14170,33532,0.0006111648,-1,-1
14171,33533,0.0006115321,-1,-1
14172,33534,0.0006113112,-1,-1
14173,33535,0.000611713,-1,-1
14174,33536,0.0006112654,-1,-1
14175,33537,0.0006115197,-1,-1
14176,33540,0.000611627,-1,-1
14177,33541,0.0006112927,-1,-1
14178,33542,0.0006115754,-1,-1
14179,33543,0.0006112434,-1,-1
14180,33544,0.0006112134,-1,-1
14181,33545,0.0006115431,-1,-1
14182,33546,0.0006116672,-1,-1
14183,33547,0.0006121135,-1,-1
14184,33550,0.0006112527,-1,-1
14185,33551,0.0006109779,-1,-1
14186,33552,0.0006111526,-1,-1
14187,33553,0.0006113083,-1,-1
14188,33554,0.0006115044,-1,-1
14189,33555,0.0006116175,-1,-1
14190,33556,0.000611159,-1,-1
14191,33557,0.0006115698,-1,-1
14192,33560,0.0006114983,-1,-1
14193,33561,0.000611269,-1,-1
14194,33562,0.0006114692,-1,-1
14195,33563,0.0006111022,-1,-1
14196,33564,0.0006109848,-1,-1
14197,33565,0.000611679,-1,-1
14198,33566,0.0006111735,-1,-1
14199,33567,0.0006119339,-1,-1
14200,33570,0.0006111485,-1,-1
14201,33571,0.0006113839,-1,-1
14202,33572,0.0006114623,-1,-1
14203,33573,0.00061138,-1,-1
14204,33574,0.0006112935,-1,-1
14205,33575,0.0006116478,-1,-1
14206,33576,0.0006112315,-1,-1
14207,33577,0.0006115629,-1,-1
14208,33600,0.0006117892,-1,-1
14209,33601,0.0006111725,-1,-1
14210,33602,0.0006112362,-1,-1
14211,33603,0.0006112474,-1,-1
14212,33604,0.0006111977,-1,-1
14213,33605,0.0006112584,-1,-1
14214,33606,0.0006112059,-1,-1
14215,33607,0.0006110082,-1,-1
14216,33610,0.0006114066,-1,-1
14217,33611,0.0006110682,-1,-1
14218,33612,0.0006112105,-1,-1
14219,33613,0.0006111104,-1,-1
14220,33614,0.0006113151,-1,-1
14221,33615,0.000611081,-1,-1
14222,33616,0.0006112642,-1,-1
14223,33617,0.0006111623,-1,-1
14224,33620,0.0006115267,-1,-1
14225,33621,0.0006114225,-1,-1
14226,33622,0.0006112578,-1,-1
14227,33623,0.0006111061,-1,-1
14228,33624,0.0006115964,-1,-1
14229,33625,0.0006110013,-1,-1
14230,33626,0.0006109106,-1,-1
14231,33627,0.0006111735,-1,-1
14232,33630,0.0006110159,-1,-1
14233,33631,0.0006110454,-1,-1
14234,33632,0.0006111845,-1,-1
14235,33633,0.000611156,-1,-1
14236,33634,0.0006109808,-1,-1
14237,33635,0.0006109967,-1,-1
14238,33636,0.0006111587,-1,-1
14239,33637,0.0006110219,-1,-1
14240,33640,0.0006112322,-1,-1
14241,33641,0.0006108984,-1,-1
14242,33642,0.0006108467,-1,-1
14243,33643,0.0006109863,-1,-1
14244,33644,0.0006112406,-1,-1
14245,33645,0.000611352,-1,-1
14246,33646,0.0006114056,-1,-1
14247,33647,0.0006114382,-1,-1
14248,33650,0.0006114634,-1,-1
14249,33651,0.0006115728,-1,-1
14250,33652,0.0006109827,-1,-1
14251,33653,0.0006107449,-1,-1
14252,33654,0.0006115384,-1,-1
14253,33655,0.0006113438,-1,-1
14254,33656,0.0006110084,-1,-1
14255,33657,0.0006111225,-1,-1
14256,33660,0.0006110743,-1,-1
14257,33661,0.0006111754,-1,-1
14258,33662,0.0006105849,-1,-1
14259,33663,0.0006109918,-1,-1
14260,33664,0.0006111443,-1,-1
14261,33665,0.0006111463,-1,-1
14262,33666,0.0006112219,-1,-1
14263,33667,0.0006111811,-1,-1
14264,33670,0.0006108497,-1,-1
14265,33671,0.0006108011,-1,-1
14266,33672,0.0006108627,-1,-1
14267,33673,0.0006109883,-1,-1
14268,33674,0.0006118187,-1,-1
14269,33675,0.0006110154,-1,-1
14270,33676,0.0006112157,-1,-1
14271,33677,0.000611064,-1,-1
14272,33700,0.0006114962,23,49
14273,33701,0.0006111168,23,49
14274,33702,0.000611276,23,49
14275,33703,0.0006111285,23,49
14276,33704,0.0006111296,23,49
14277,33705,0.0006111705,23,49
14278,33706,0.0006112356,23,49
14279,33707,0.0006114505,23,48
14280,33710,0.0006113545,23,48
14281,33711,0.0006115207,23,48
14282,33712,0.0006112262,23,48
14283,33713,0.0006111788,23,48
14284,33714,0.0006112014,23,48
14285,33715,0.0006113996,23,47
14286,33716,0.0006111677,23,47
14287,33717,0.0006114476,23,47
14288,33720,0.0006109668,23,47
14289,33721,0.0006111636,23,47
14290,33722,0.0006113429,23,47
14291,33723,0.0006112129,23,46
14292,33724,0.0006114747,23,46
14293,33725,0.0006113381,23,46
14294,33726,0.0006119119,23,46
14295,33727,0.0006112544,23,46
14296,33730,0.0006113827,23,46
14297,33731,0.0006113222,23,45
14298,33732,0.0006115535,23,45
14299,33733,0.0006113808,23,45
14300,33734,0.0006109763,23,45
14301,33735,0.0006110634,23,45
14302,33736,0.0006116257,23,45
14303,33737,0.0006114122,23,44
14304,33740,0.0006114435,23,44
14305,33741,0.0006113942,23,44
14306,33742,0.0006110888,23,44
14307,33743,0.0006111449,23,44
14308,33744,0.0006111991,23,44
14309,33745,0.0006114089,23,44
14310,33746,0.0006114808,23,43
14311,33747,0.0006109796,23,43
14312,33750,0.0006097641,23,43
14313,33751,0.0006060703,23,43
14314,33752,0.000601149,23,43
14315,33753,0.0005964809,23,43
14316,33754,0.0005904066,23,42
14317,33755,0.0005839608,23,42
14318,33756,0.0005757792,23,42
14319,33757,0.0005663194,23,42
14320,33760,0.0005579647,23,42
14321,33761,0.0005517327,23,42
14322,33762,0.0005475379,23,41
14323,33763,0.0005491116,23,41
14324,33764,0.0005538164,23,41
14325,33765,0.000558203,23,41
14326,33766,0.0005620649,23,41
14327,33767,0.0005653647,23,41
14328,33770,0.0005667093,23,40
14329,33771,0.0005670093,23,40
14330,33772,0.0005677479,23,40
14331,33773,0.0005679482,23,40
14332,33774,0.0005681567,23,40
14333,33775,0.0005678475,23,40
14334,33776,0.0005667885,23,39
14335,33777,0.0005625912,23,39
14336,34000,0.0005546148,23,39
14337,34001,0.0005412359,23,39
14338,34002,0.0005148211,23,39
14339,34003,0.000484897,23,39
14340,34004,0.0004398489,23,39
14341,34005,0.0003659158,23,38
14342,34006,0.000298524,23,38
14343,34007,0.0002187802,23,38
14344,34010,0.0001492133,23,38
14345,34011,3.101729e-05,23,38
14346,34012,3.102148e-05,23,38
14347,34013,3.12264e-05,23,37
14348,34014,3.134942e-05,23,37
14349,34015,3.134655e-05,23,37
14350,34016,3.133343e-05,23,37
14351,34017,3.151801e-05,23,37
14352,34020,3.162462e-05,23,37
14353,34021,3.161771e-05,23,36
14354,34022,3.159028e-05,23,36
14355,34023,3.174782e-05,23,36
14356,34024,3.18487e-05,23,36
14357,34025,3.181247e-05,23,36
14358,34026,3.177473e-05,23,36
14359,34027,3.196957e-05,23,35
14360,34030,3.201512e-05,23,35
14361,34031,3.197695e-05,23,35
14362,34032,3.193743e-05,23,35
14363,34033,3.209493e-05,23,35
14364,34034,3.216739e-05,23,35
14365,34035,3.212942e-05,23,34
14366,34036,3.207862e-05,23,34
14367,34037,3.220513e-05,23,34
14368,34040,3.230321e-05,23,34
14369,34041,3.226632e-05,23,34
14370,34042,3.223201e-05,23,34
14371,34043,3.231235e-05,23,34
14372,34044,3.24674e-05,23,33
14373,34045,3.246145e-05,23,33
14374,34046,3.245414e-05,23,33
14375,34047,3.257684e-05,23,33
14376,34050,3.299855e-05,23,33
14377,34051,3.342031e-05,23,33
14378,34052,3.4111e-05,23,32
14379,34053,3.528297e-05,23,32
14380,34054,3.69612e-05,23,32
14381,34055,4.01298e-05,23,32
14382,34056,4.686308e-05,23,32
14383,34057,6.025003e-05,23,32
14384,34060,0.0004897625,23,31
14385,34061,0.000506765,23,31
14386,34062,0.0005182307,23,31
14387,34063,0.000526623,23,31
14388,34064,0.0005348997,23,31
14389,34065,0.0005437052,23,31
14390,34066,0.0005507942,23,30
14391,34067,0.0005549915,23,30
14392,34070,0.0005579746,23,30
14393,34071,0.0005600431,23,30
14394,34072,0.0005617533,23,30
14395,34073,0.0005621879,23,30
14396,34074,0.0005625766,23,29
14397,34075,0.0005633614,23,29
14398,34076,0.000563365,23,29
14399,34077,0.0005636652,23,29
14400,34100,0.0005641214,23,29
14401,34101,0.0005652168,23,29
14402,34102,0.0005660325,23,29
14403,34103,0.0005673722,23,28
14404,34104,0.0005684987,23,28
14405,34105,0.0005701951,23,28
14406,34106,0.0005705309,23,28
14407,34107,0.0005709373,23,28
14408,34110,0.0005696213,23,28
14409,34111,0.000569407,23,27
14410,34112,0.0005683405,23,27
14411,34113,0.0005682485,23,27
14412,34114,0.0005679966,23,27
14413,34115,0.0005670754,23,27
14414,34116,0.0005662363,23,27
14415,34117,0.0005663305,23,26
14416,34120,0.0005658474,23,26
14417,34121,0.0005666171,23,26
14418,34122,0.0005683986,23,26
14419,34123,0.0005705532,23,26
14420,34124,0.0005715248,23,26
14421,34125,0.0005717227,23,25
14422,34126,0.0005724108,23,25
14423,34127,0.0005723884,23,25
14424,34130,0.0005724629,23,25
14425,34131,0.0005723518,23,25
14426,34132,0.0005723473,23,25
14427,34133,0.0005718097,23,24
14428,34134,0.0005724916,23,24
14429,34135,0.0005717209,23,24
14430,34136,0.0005723854,23,24
14431,34137,0.0005722913,23,24
14432,34140,0.0005722101,23,24
14433,34141,0.000572173,23,24
14434,34142,0.0005719368,23,23
14435,34143,0.0005718237,23,23
14436,34144,0.0005715942,23,23
14437,34145,0.0005717487,23,23
14438,34146,0.0005701374,23,23
14439,34147,0.0005685401,23,23
14440,34150,0.0005632659,23,22
14441,34151,0.0005547917,23,22
14442,34152,0.0005403452,23,22
14443,34153,0.0005100933,23,22
14444,34154,0.0004822632,23,22
14445,34155,0.0004315455,23,22
14446,34156,0.0003490693,23,21
14447,34157,0.0002879234,23,21
14448,34160,0.0002000641,23,21
14449,34161,0.0001338066,23,21
14450,34162,3.080948e-05,23,21
14451,34163,3.093642e-05,23,21
14452,34164,3.112084e-05,23,20
14453,34165,3.114841e-05,23,20
14454,34166,3.113317e-05,23,20
14455,34167,3.121387e-05,23,20
14456,34170,3.14092e-05,23,20
14457,34171,3.142243e-05,23,20
14458,34172,3.13893e-05,23,19
14459,34173,3.147598e-05,23,19
14460,34174,3.162983e-05,23,19
14461,34175,3.16231e-05,23,19
14462,34176,3.157116e-05,23,19
14463,34177,3.167793e-05,23,19
14464,34200,3.180553e-05,23,19
14465,34201,3.177801e-05,23,18
14466,34202,3.172967e-05,23,18
14467,34203,3.183951e-05,23,18
14468,34204,3.194605e-05,23,18
14469,34205,3.19116e-05,23,18
14470,34206,3.184602e-05,23,18
14471,34207,3.1945e-05,23,17
14472,34210,3.205831e-05,23,17
14473,34211,3.202481e-05,23,17
14474,34212,3.195176e-05,23,17
14475,34213,3.20533e-05,23,17
14476,34214,3.214731e-05,23,17
14477,34215,3.211012e-05,23,16
14478,34216,3.20466e-05,23,16
14479,34217,3.208132e-05,23,16
14480,34220,3.223402e-05,23,16
14481,34221,3.219968e-05,23,16
14482,34222,3.212398e-05,23,16
14483,34223,3.217987e-05,23,15
14484,34224,3.230515e-05,23,15
14485,34225,3.227086e-05,23,15
14486,34226,3.219864e-05,23,15
14487,34227,3.228523e-05,23,15
14488,34230,3.243695e-05,23,15
14489,34231,3.247774e-05,23,14
14490,34232,3.254092e-05,23,14
14491,34233,3.292802e-05,23,14
14492,34234,3.345548e-05,23,14
14493,34235,3.400223e-05,23,14
14494,34236,3.523712e-05,23,14
14495,34237,3.721553e-05,23,14
14496,34240,4.513062e-05,23,13
14497,34241,5.858789e-05,23,13
14498,34242,7.597499e-05,23,13
14499,34243,0.000575148,23,13
14500,34244,0.0005750991,23,13
14501,34245,0.000574944,23,13
14502,34246,0.0005751392,23,12
14503,34247,0.0005751703,23,12
14504,34250,0.0005755619,23,12
14505,34251,0.0005749177,23,12
14506,34252,0.0005750834,23,12
14507,34253,0.0005758009,23,12
14508,34254,0.0005752366,23,11
14509,34255,0.0005754327,23,11
14510,34256,0.0005752376,23,11
14511,34257,0.0005747141,23,11
14512,34260,0.000574557,23,11
14513,34261,0.000575008,23,11
14514,34262,0.0005746848,23,10
14515,34263,0.0005738096,23,10
14516,34264,0.0005733905,23,10
14517,34265,0.0005722948,23,10
14518,34266,0.0005706224,23,10
14519,34267,0.0005691562,23,10
14520,34270,0.0005638917,23,9
14521,34271,0.000555047,23,9
14522,34272,0.0005416584,23,9
14523,34273,0.000519513,23,9
14524,34274,0.0004879512,23,9
14525,34275,0.0004469539,23,9
14526,34276,0.000360696,23,9
14527,34277,0.0002839564,23,8
14528,34300,0.0002119016,23,8
14529,34301,0.0001404825,23,8
14530,34302,3.071181e-05,23,8
14531,34303,3.074727e-05,23,8
14532,34304,3.074439e-05,23,8
14533,34305,3.087597e-05,23,7
14534,34306,3.104368e-05,23,7
14535,34307,3.106147e-05,23,7
14536,34310,3.104622e-05,23,7
14537,34311,3.111186e-05,23,7
14538,34312,3.130211e-05,23,7
14539,34313,3.13043e-05,23,6
14540,34314,3.125792e-05,23,6
14541,34315,3.134915e-05,23,6
14542,34316,3.149779e-05,23,6
14543,34317,3.148848e-05,23,6
14544,34320,3.14245e-05,23,6
14545,34321,3.152326e-05,23,5
14546,34322,3.165504e-05,23,5
14547,34323,3.162995e-05,23,5
14548,34324,3.157903e-05,23,5
14549,34325,3.163622e-05,23,5
14550,34326,3.17828e-05,23,5
14551,34327,3.176412e-05,23,4
14552,34330,3.169687e-05,23,4
14553,34331,3.175329e-05,23,4
14554,34332,3.189049e-05,23,4
14555,34333,3.185395e-05,23,4
14556,34334,3.178088e-05,23,4
14557,34335,3.185524e-05,23,4
14558,34336,3.198608e-05,23,3
14559,34337,3.195694e-05,23,3
14560,34340,3.190793e-05,23,3
14561,34341,3.197358e-05,23,3
14562,34342,3.214133e-05,23,3
14563,34343,3.20965e-05,23,3
14564,34344,3.204194e-05,23,2
14565,34345,3.205892e-05,23,2
14566,34346,3.219251e-05,23,2
14567,34347,3.216871e-05,23,2
14568,34350,3.208805e-05,23,2
14569,34351,3.211976e-05,23,2
14570,34352,3.22566e-05,23,1
14571,34353,3.220744e-05,23,1
14572,34354,3.214792e-05,23,1
14573,34355,3.214986e-05,23,1
14574,34356,3.229858e-05,23,1
14575,34357,3.226767e-05,23,1
14576,34360,3.217837e-05,23,0
14577,34361,3.222252e-05,23,0
14578,34362,3.23403e-05,23,0
14579,34363,3.228954e-05,23,0
14580,34364,3.2214e-05,23,0
14581,34365,3.228152e-05,23,0
14582,34366,3.237915e-05,-1,-1
14583,34367,3.232242e-05,-1,-1
14584,34370,3.224568e-05,-1,-1
14585,34371,3.228287e-05,-1,-1
14586,34372,3.240665e-05,-1,-1
14587,34373,3.236987e-05,-1,-1
14588,34374,3.228131e-05,-1,-1
14589,34375,3.23177e-05,-1,-1
14590,34376,3.244032e-05,-1,-1
14591,34377,3.238946e-05,-1,-1
14592,34400,3.230195e-05,-1,-1
14593,34401,3.235126e-05,-1,-1
14594,34402,3.246114e-05,-1,-1
14595,34403,3.242032e-05,-1,-1
14596,34404,3.233485e-05,-1,-1
14597,34405,3.234596e-05,-1,-1
14598,34406,3.248537e-05,-1,-1
14599,34407,3.244397e-05,-1,-1
14600,34410,3.237757e-05,-1,-1
14601,34411,3.234812e-05,-1,-1
14602,34412,3.250179e-05,-1,-1
14603,34413,3.248241e-05,-1,-1
14604,34414,3.241862e-05,-1,-1
14605,34415,3.234982e-05,-1,-1
14606,34416,3.248829e-05,-1,-1
14607,34417,3.252358e-05,-1,-1
14608,34420,3.248177e-05,-1,-1
14609,34421,3.240264e-05,-1,-1
14610,34422,3.244861e-05,-1,-1
14611,34423,3.254537e-05,-1,-1
14612,34424,3.250346e-05,-1,-1
14613,34425,3.242052e-05,-1,-1
14614,34426,3.241564e-05,-1,-1
14615,34427,3.256644e-05,-1,-1
14616,34430,3.253945e-05,-1,-1
14617,34431,3.246234e-05,-1,-1
14618,34432,3.240518e-05,-1,-1
14619,34433,3.255131e-05,-1,-1
14620,34434,3.255809e-05,-1,-1
14621,34435,3.24794e-05,-1,-1
14622,34436,3.242207e-05,-1,-1
14623,34437,3.257707e-05,-1,-1
14624,34440,3.257531e-05,-1,-1
14625,34441,3.25006e-05,-1,-1
14626,34442,3.243732e-05,-1,-1
14627,34443,3.258852e-05,-1,-1
14628,34444,3.259317e-05,-1,-1
14629,34445,3.251184e-05,-1,-1
14630,34446,3.244845e-05,-1,-1
14631,34447,3.261173e-05,-1,-1
14632,34450,3.260477e-05,-1,-1
14633,34451,3.254293e-05,-1,-1
14634,34452,3.246136e-05,-1,-1
14635,34453,3.261713e-05,-1,-1
14636,34454,3.261568e-05,-1,-1
14637,34455,3.254153e-05,-1,-1
14638,34456,3.248107e-05,-1,-1
14639,34457,3.264136e-05,-1,-1
14640,34460,3.262508e-05,-1,-1
14641,34461,3.254498e-05,-1,-1
14642,34462,3.248862e-05,-1,-1
14643,34463,3.26543e-05,-1,-1
14644,34464,3.26341e-05,-1,-1
14645,34465,3.254598e-05,-1,-1
14646,34466,3.250496e-05,-1,-1
14647,34467,3.26582e-05,-1,-1
14648,34470,3.264663e-05,-1,-1
14649,34471,3.257605e-05,-1,-1
14650,34472,3.250804e-05,-1,-1
14651,34473,3.26681e-05,-1,-1
14652,34474,3.267222e-05,-1,-1
14653,34475,3.260843e-05,-1,-1
14654,34476,3.251342e-05,-1,-1
14655,34477,3.264028e-05,-1,-1
14656,34500,3.268999e-05,-1,-1
14657,34501,3.26235e-05,-1,-1
14658,34502,3.253251e-05,-1,-1
14659,34503,3.257142e-05,-1,-1
14660,34504,3.27036e-05,-1,-1
14661,34505,3.264485e-05,-1,-1
14662,34506,3.256029e-05,-1,-1
14663,34507,3.255775e-05,-1,-1
14664,34510,3.268832e-05,-1,-1
14665,34511,3.267869e-05,-1,-1
14666,34512,3.25999e-05,-1,-1
14667,34513,3.253494e-05,-1,-1
14668,34514,3.269219e-05,-1,-1
14669,34515,3.268812e-05,-1,-1
14670,34516,3.259133e-05,-1,-1
14671,34517,3.254422e-05,-1,-1
14672,34520,3.269682e-05,-1,-1
14673,34521,3.267588e-05,-1,-1
14674,34522,3.25911e-05,-1,-1
14675,34523,3.256065e-05,-1,-1
14676,34524,3.271208e-05,-1,-1
14677,34525,3.266625e-05,-1,-1
14678,34526,3.257476e-05,-1,-1
14679,34527,3.256132e-05,-1,-1
14680,34530,3.270941e-05,-1,-1
14681,34531,3.269307e-05,-1,-1
14682,34532,3.26072e-05,-1,-1
14683,34533,3.255819e-05,-1,-1
14684,34534,3.272035e-05,-1,-1
14685,34535,3.268596e-05,-1,-1
14686,34536,3.259903e-05,-1,-1
14687,34537,3.256123e-05,-1,-1
14688,34540,3.270829e-05,-1,-1
14689,34541,3.271216e-05,-1,-1
14690,34542,3.26346e-05,-1,-1
14691,34543,3.255944e-05,-1,-1
14692,34544,3.267916e-05,-1,-1
14693,34545,3.272217e-05,-1,-1
14694,34546,3.265231e-05,-1,-1
14695,34547,3.256173e-05,-1,-1
14696,34550,3.269058e-05,-1,-1
14697,34551,3.273036e-05,-1,-1
14698,34552,3.265687e-05,-1,-1
14699,34553,3.256348e-05,-1,-1
14700,34554,3.269713e-05,-1,-1
14701,34555,3.272924e-05,-1,-1
14702,34556,3.266563e-05,-1,-1
14703,34557,3.256943e-05,-1,-1
14704,34560,3.267368e-05,-1,-1
14705,34561,3.274046e-05,-1,-1
14706,34562,3.266727e-05,-1,-1
14707,34563,3.257941e-05,-1,-1
14708,34564,3.269602e-05,-1,-1
14709,34565,3.274231e-05,-1,-1
14710,34566,3.268282e-05,-1,-1
14711,34567,3.258682e-05,-1,-1
14712,34570,3.266324e-05,-1,-1
14713,34571,3.274682e-05,-1,-1
14714,34572,3.26801e-05,-1,-1
14715,34573,3.260037e-05,-1,-1
14716,34574,3.261905e-05,-1,-1
14717,34575,3.275086e-05,-1,-1
14718,34576,3.270158e-05,-1,-1
14719,34577,3.261182e-05,-1,-1
14720,34600,3.262716e-05,-1,-1
14721,34601,3.275464e-05,-1,-1
14722,34602,3.270955e-05,-1,-1
14723,34603,3.263097e-05,-1,-1
14724,34604,3.259212e-05,-1,-1
14725,34605,3.273522e-05,-1,-1
14726,34606,3.273888e-05,-1,-1
14727,34607,3.265421e-05,-1,-1
14728,34610,3.258263e-05,-1,-1
14729,34611,3.273824e-05,-1,-1
14730,34612,3.274026e-05,-1,-1
14731,34613,3.267319e-05,-1,-1
14732,34614,3.25812e-05,-1,-1
14733,34615,3.271197e-05,-1,-1
14734,34616,3.27501e-05,-1,-1
14735,34617,3.267638e-05,-1,-1
14736,34620,3.25874e-05,-1,-1
14737,34621,3.269649e-05,-1,-1
14738,34622,3.274378e-05,-1,-1
14739,34623,3.26712e-05,-1,-1
14740,34624,3.258275e-05,-1,-1
14741,34625,3.268422e-05,-1,-1
14742,34626,3.274547e-05,-1,-1
14743,34627,3.267773e-05,-1,-1
14744,34630,3.258679e-05,-1,-1
14745,34631,3.267442e-05,-1,-1
14746,34632,3.274041e-05,-1,-1
14747,34633,3.266857e-05,-1,-1
14748,34634,3.257675e-05,-1,-1
14749,34635,3.268713e-05,-1,-1
14750,34636,3.27311e-05,-1,-1
14751,34637,3.265366e-05,-1,-1
14752,34640,3.256629e-05,-1,-1
14753,34641,3.267685e-05,-1,-1
14754,34642,3.273242e-05,-1,-1
14755,34643,3.266514e-05,-1,-1
14756,34644,3.257833e-05,-1,-1
14757,34645,3.264289e-05,-1,-1
14758,34646,3.273048e-05,-1,-1
14759,34647,3.267233e-05,-1,-1
14760,34650,3.257631e-05,-1,-1
14761,34651,3.26137e-05,-1,-1
14762,34652,3.272547e-05,-1,-1
14763,34653,3.267304e-05,-1,-1
14764,34654,3.258472e-05,-1,-1
14765,34655,3.255646e-05,-1,-1
14766,34656,3.269992e-05,24,0
14767,34657,3.270603e-05,24,0
14768,34660,3.262725e-05,24,0
14769,34661,3.255315e-05,24,0
14770,34662,3.264146e-05,24,0
14771,34663,3.27188e-05,24,0
14772,34664,3.265214e-05,24,0
14773,34665,3.25488e-05,24,1
14774,34666,3.260852e-05,24,1
14775,34667,3.265966e-05,24,1
14776,34670,3.258199e-05,24,1
14777,34671,3.24996e-05,24,1
14778,34672,3.25538e-05,24,1
14779,34673,3.264617e-05,24,2
14780,34674,3.257889e-05,24,2
14781,34675,3.248733e-05,24,2
14782,34676,3.257751e-05,24,2
14783,34677,3.264883e-05,24,2
14784,34700,3.258784e-05,24,2
14785,34701,3.249103e-05,24,3
14786,34702,3.26031e-05,24,3
14787,34703,3.26563e-05,24,3
14788,34704,3.259725e-05,24,3
14789,34705,3.251758e-05,24,3
14790,34706,3.255245e-05,24,3
14791,34707,3.266473e-05,24,4
14792,34710,3.261688e-05,24,4
14793,34711,3.25323e-05,24,4
14794,34712,3.252982e-05,24,4
14795,34713,3.267245e-05,24,4
14796,34714,3.263103e-05,24,4
14797,34715,3.253632e-05,24,5
14798,34716,3.254518e-05,24,5
14799,34717,3.267248e-05,24,5
14800,34720,3.263981e-05,24,5
14801,34721,3.255145e-05,24,5
14802,34722,3.253739e-05,24,5
14803,34723,3.268367e-05,24,5
14804,34724,3.264818e-05,24,6
14805,34725,3.25648e-05,24,6
14806,34726,3.253227e-05,24,6
14807,34727,3.267966e-05,24,6
14808,34730,3.267659e-05,24,6
14809,34731,3.260814e-05,24,6
14810,34732,3.254129e-05,24,7
14811,34733,3.271842e-05,24,7
14812,34734,3.28057e-05,24,7
14813,34735,3.278173e-05,24,7
14814,34736,3.275441e-05,24,7
14815,34737,3.29613e-05,24,7
14816,34740,3.329466e-05,24,8
14817,34741,3.394657e-05,24,8
14818,34742,3.514507e-05,24,8
14819,34743,3.837615e-05,24,8
14820,34744,4.482575e-05,24,8
14821,34745,5.660799e-05,24,8
14822,34746,8.106371e-05,24,9
14823,34747,0.000573621,24,9
14824,34750,0.0005734887,24,9
14825,34751,0.00057334,24,9
14826,34752,0.0005733792,24,9
14827,34753,0.0005731983,24,9
14828,34754,0.0005738536,24,10
14829,34755,0.000573558,24,10
14830,34756,0.0005728951,24,10
14831,34757,0.0005727854,24,10
14832,34760,0.0005725157,24,10
14833,34761,0.0005724381,24,10
14834,34762,0.0005727976,24,11
14835,34763,0.0005728387,24,11
14836,34764,0.0005728037,24,11
14837,34765,0.0005725013,24,11
14838,34766,0.0005722906,24,11
14839,34767,0.0005717225,24,11
14840,34770,0.0005710608,24,11
14841,34771,0.0005713403,24,12
14842,34772,0.0005706557,24,12
14843,34773,0.000570347,24,12
14844,34774,0.0005670912,24,12
14845,34775,0.0005591291,24,12
14846,34776,0.0005449098,24,12
14847,34777,0.000523201,24,13
14848,35000,0.0004842163,24,13
14849,35001,0.0004341825,24,13
14850,35002,0.0003718302,24,13
14851,35003,0.0002768395,24,13
14852,35004,0.0002114171,24,13
14853,35005,0.0001472433,24,14
14854,35006,3.017502e-05,24,14
14855,35007,3.024331e-05,24,14
14856,35010,3.024396e-05,24,14
14857,35011,3.029826e-05,24,14
14858,35012,3.050593e-05,24,14
14859,35013,3.055284e-05,24,15
14860,35014,3.053916e-05,24,15
14861,35015,3.057959e-05,24,15
14862,35016,3.076989e-05,24,15
14863,35017,3.078462e-05,24,15
14864,35020,3.075655e-05,24,15
14865,35021,3.083313e-05,24,16
14866,35022,3.098167e-05,24,16
14867,35023,3.099337e-05,24,16
14868,35024,3.096512e-05,24,16
14869,35025,3.096679e-05,24,16
14870,35026,3.115059e-05,24,16
14871,35027,3.116447e-05,24,16
14872,35030,3.111862e-05,24,17
14873,35031,3.112041e-05,24,17
14874,35032,3.129607e-05,24,17
14875,35033,3.131423e-05,24,17
14876,35034,3.127543e-05,24,17
14877,35035,3.123925e-05,24,17
14878,35036,3.142548e-05,24,18
14879,35037,3.143146e-05,24,18
14880,35040,3.138188e-05,24,18
14881,35041,3.134813e-05,24,18
14882,35042,3.153076e-05,24,18
14883,35043,3.154496e-05,24,18
14884,35044,3.148529e-05,24,19
14885,35045,3.145181e-05,24,19
14886,35046,3.161113e-05,24,19
14887,35047,3.164268e-05,24,19
14888,35050,3.15937e-05,24,19
14889,35051,3.153936e-05,24,19
14890,35052,3.172782e-05,24,20
14891,35053,3.175511e-05,24,20
14892,35054,3.174078e-05,24,20
14893,35055,3.176995e-05,24,20
14894,35056,3.19696e-05,24,20
14895,35057,3.206806e-05,24,20
14896,35060,3.220675e-05,24,21
14897,35061,3.263806e-05,24,21
14898,35062,3.376067e-05,24,21
14899,35063,3.603021e-05,24,21
14900,35064,4.066596e-05,24,21
14901,35065,4.936686e-05,24,21
14902,35066,7.001709e-05,24,22
14903,35067,0.0005676542,24,22
14904,35070,0.0005669847,24,22
14905,35071,0.0005669787,24,22
14906,35072,0.0005682622,24,22
14907,35073,0.0005694063,24,22
14908,35074,0.0005697471,24,22
14909,35075,0.0005696238,24,23
14910,35076,0.0005696441,24,23
14911,35077,0.0005696341,24,23
14912,35100,0.0005698609,24,23
14913,35101,0.0005693592,24,23
14914,35102,0.0005695834,24,23
14915,35103,0.0005692183,24,24
14916,35104,0.0005684037,24,24
14917,35105,0.0005667896,24,24
14918,35106,0.0005649688,24,24
14919,35107,0.0005631832,24,24
14920,35110,0.0005625454,24,24
14921,35111,0.0005617819,24,25
14922,35112,0.000562262,24,25
14923,35113,0.0005633099,24,25
14924,35114,0.0005629882,24,25
14925,35115,0.0005622405,24,25
14926,35116,0.000560346,24,25
14927,35117,0.0005580298,24,26
14928,35120,0.0005550968,24,26
14929,35121,0.0005519181,24,26
14930,35122,0.0005492141,24,26
14931,35123,0.0005449045,24,26
14932,35124,0.0005393087,24,26
14933,35125,0.0005318463,24,27
14934,35126,0.0005181631,24,27
14935,35127,0.0004971324,24,27
14936,35130,0.0004686204,24,27
14937,35131,0.0004309876,24,27
14938,35132,0.0003866252,24,27
14939,35133,0.0003565011,24,27
14940,35134,0.0003432934,24,28
14941,35135,0.0003530856,24,28
14942,35136,0.0003813521,24,28
14943,35137,0.0004305679,24,28
14944,35140,0.0004703402,24,28
14945,35141,0.0004982303,24,28
14946,35142,0.000518722,24,29
14947,35143,0.0005326638,24,29
14948,35144,0.000541189,24,29
14949,35145,0.0005484968,24,29
14950,35146,0.0005532358,24,29
14951,35147,0.0005562415,24,29
14952,35150,0.0005594585,24,30
14953,35151,0.0005618464,24,30
14954,35152,0.0005643676,24,30
14955,35153,0.0005655488,24,30
14956,35154,0.0005660492,24,30
14957,35155,0.0005662977,24,30
14958,35156,0.0005646321,24,31
14959,35157,0.0005592551,24,31
14960,35160,0.0005491171,24,31
14961,35161,0.0005334853,24,31
14962,35162,0.0005071696,24,31
14963,35163,0.0004681072,24,31
14964,35164,0.0004123149,24,32
14965,35165,0.0003404487,24,32
14966,35166,0.0002592784,24,32
14967,35167,0.000186194,24,32
14968,35170,0.0001300762,24,32
14969,35171,3.100572e-05,24,32
14970,35172,3.107892e-05,24,33
14971,35173,3.130327e-05,24,33
14972,35174,3.134104e-05,24,33
14973,35175,3.132327e-05,24,33
14974,35176,3.141172e-05,24,33
14975,35177,3.159189e-05,24,33
14976,35200,3.161156e-05,24,33
14977,35201,3.158806e-05,24,34
14978,35202,3.160096e-05,24,34
14979,35203,3.181316e-05,24,34
14980,35204,3.183462e-05,24,34
14981,35205,3.179127e-05,24,34
14982,35206,3.179308e-05,24,34
14983,35207,3.197735e-05,24,35
14984,35210,3.201549e-05,24,35
14985,35211,3.19722e-05,24,35
14986,35212,3.193965e-05,24,35
14987,35213,3.213413e-05,24,35
14988,35214,3.216069e-05,24,35
14989,35215,3.211129e-05,24,36
14990,35216,3.208047e-05,24,36
14991,35217,3.226635e-05,24,36
14992,35220,3.227393e-05,24,36
14993,35221,3.221293e-05,24,36
14994,35222,3.218905e-05,24,36
14995,35223,3.236059e-05,24,37
14996,35224,3.242109e-05,24,37
14997,35225,3.240322e-05,24,37
14998,35226,3.23964e-05,24,37
14999,35227,3.261759e-05,24,37
15000,35230,3.26945e-05,24,37
15001,35231,3.274492e-05,24,38
15002,35232,3.300376e-05,24,38
15003,35233,3.384861e-05,24,38
15004,35234,3.532208e-05,24,38
15005,35235,3.864013e-05,24,38
15006,35236,4.461085e-05,24,38
15007,35237,5.920096e-05,24,38
15008,35240,0.0006123777,24,39
15009,35241,0.0006123057,24,39
15010,35242,0.0006119807,24,39
15011,35243,0.0006122903,24,39
15012,35244,0.0006123214,24,39
15013,35245,0.0006120046,24,39
15014,35246,0.0006125369,24,40
15015,35247,0.0006122636,24,40
15016,35250,0.0006119221,24,40
15017,35251,0.0006118499,24,40
15018,35252,0.0006119392,24,40
15019,35253,0.0006117715,24,40
15020,35254,0.0006114792,24,41
15021,35255,0.0006119219,24,41
15022,35256,0.0006120203,24,41
15023,35257,0.0006121989,24,41
15024,35260,0.0006122786,24,41
15025,35261,0.0006117895,24,41
15026,35262,0.0006115185,24,42
15027,35263,0.0006118517,24,42
15028,35264,0.0006116,24,42
15029,35265,0.0006113542,24,42
15030,35266,0.0006121005,24,42
15031,35267,0.0006121345,24,42
15032,35270,0.0006118064,24,43
15033,35271,0.0006116134,24,43
15034,35272,0.0006120919,24,43
15035,35273,0.0006118155,24,43
15036,35274,0.0006114826,24,43
15037,35275,0.000611318,24,43
15038,35276,0.0006117818,24,44
15039,35277,0.0006116117,24,44
15040,35300,0.000611382,24,44
15041,35301,0.000611416,24,44
15042,35302,0.0006115641,24,44
15043,35303,0.0006117016,24,44
15044,35304,0.0006114158,24,44
15045,35305,0.0006116953,24,45
15046,35306,0.0006119449,24,45
15047,35307,0.0006119876,24,45
15048,35310,0.0006120203,24,45
15049,35311,0.0006114836,24,45
15050,35312,0.0006115584,24,45
15051,35313,0.0006115842,24,46
15052,35314,0.0006114464,24,46
15053,35315,0.0006110307,24,46
15054,35316,0.0006117018,24,46
15055,35317,0.0006113611,24,46
15056,35320,0.0006113884,24,46
15057,35321,0.0006112455,24,47
15058,35322,0.0006114617,24,47
15059,35323,0.0006115332,24,47
15060,35324,0.0006113705,24,47
15061,35325,0.0006109779,24,47
15062,35326,0.0006115279,24,47
15063,35327,0.0006114406,24,48
15064,35330,0.0006114259,24,48
15065,35331,0.000611402,24,48
15066,35332,0.0006112697,24,48
15067,35333,0.0006113133,24,48
15068,35334,0.0006114664,24,48
15069,35335,0.000611409,24,49
15070,35336,0.0006116749,24,49
15071,35337,0.0006112608,24,49
15072,35340,0.000611163,24,49
15073,35341,0.0006114974,24,49
15074,35342,0.0006120234,24,49
15075,35343,0.0006118219,-1,-1
15076,35344,0.0006115992,-1,-1
15077,35345,0.0006109891,-1,-1
15078,35346,0.0006115111,-1,-1
15079,35347,0.0006113178,-1,-1
15080,35350,0.0006114671,-1,-1
15081,35351,0.0006119214,-1,-1
15082,35352,0.0006116777,-1,-1
15083,35353,0.0006114704,-1,-1
15084,35354,0.0006118635,-1,-1
15085,35355,0.0006112486,-1,-1
15086,35356,0.0006120087,-1,-1
15087,35357,0.0006115161,-1,-1
15088,35360,0.0006114466,-1,-1
15089,35361,0.0006112045,-1,-1
15090,35362,0.000611861,-1,-1
15091,35363,0.0006113796,-1,-1
15092,35364,0.0006117633,-1,-1
15093,35365,0.0006111902,-1,-1
15094,35366,0.0006111725,-1,-1
15095,35367,0.000611341,-1,-1
15096,35370,0.0006118828,-1,-1
15097,35371,0.000611346,-1,-1
15098,35372,0.0006115431,-1,-1
15099,35373,0.0006120155,-1,-1
15100,35374,0.0006117262,-1,-1
15101,35375,0.0006115956,-1,-1
15102,35376,0.000611669,-1,-1
15103,35377,0.0006111179,-1,-1
15104,35400,0.0006112198,-1,-1
15105,35401,0.0006111203,-1,-1
15106,35402,0.0006110728,-1,-1
15107,35403,0.0006110705,-1,-1
15108,35404,0.0006114131,-1,-1
15109,35405,0.0006109508,-1,-1
15110,35406,0.0006112327,-1,-1
15111,35407,0.000611467,-1,-1
15112,35410,0.0006114685,-1,-1
15113,35411,0.0006109123,-1,-1
15114,35412,0.000611617,-1,-1
15115,35413,0.0006113204,-1,-1
15116,35414,0.00061099,-1,-1
15117,35415,0.0006114471,-1,-1
15118,35416,0.0006114194,-1,-1
15119,35417,0.0006113866,-1,-1
15120,35420,0.0006106236,-1,-1
15121,35421,0.0006112999,-1,-1
15122,35422,0.0006116087,-1,-1
15123,35423,0.0006115929,-1,-1
15124,35424,0.0006113538,-1,-1
15125,35425,0.0006114891,-1,-1
15126,35426,0.0006118037,-1,-1
15127,35427,0.0006119144,-1,-1
15128,35430,0.0006119179,-1,-1
15129,35431,0.0006115555,-1,-1
15130,35432,0.0006117889,-1,-1
15131,35433,0.0006119197,-1,-1
15132,35434,0.0006121959,-1,-1
15133,35435,0.0006116384,-1,-1
15134,35436,0.0006118053,-1,-1
15135,35437,0.0006114793,-1,-1
15136,35440,0.0006116543,-1,-1
15137,35441,0.0006118956,-1,-1
15138,35442,0.0006115436,-1,-1
15139,35443,0.0006119617,-1,-1
15140,35444,0.0006115882,-1,-1
15141,35445,0.0006117918,-1,-1
15142,35446,0.0006118376,-1,-1
15143,35447,0.0006114191,-1,-1
15144,35450,0.0006117942,-1,-1
15145,35451,0.0006115952,-1,-1
15146,35452,0.0006114132,-1,-1
15147,35453,0.0006113064,-1,-1
15148,35454,0.0006114141,-1,-1
15149,35455,0.0006114244,-1,-1
15150,35456,0.0006113452,-1,-1
15151,35457,0.0006115142,-1,-1
15152,35460,0.0006115278,-1,-1
15153,35461,0.000611314,-1,-1
15154,35462,0.0006111926,-1,-1
15155,35463,0.0006114868,-1,-1
15156,35464,0.0006114276,-1,-1
15157,35465,0.0006117154,-1,-1
15158,35466,0.0006107946,-1,-1
15159,35467,0.0006106932,-1,-1
15160,35470,0.000610798,-1,-1
15161,35471,0.0006115425,-1,-1
15162,35472,0.000611104,-1,-1
15163,35473,0.0006112702,-1,-1
15164,35474,0.0006115336,-1,-1
15165,35475,0.000611166,-1,-1
15166,35476,0.0006114381,-1,-1
15167,35477,0.000611248,-1,-1
15168,35500,0.0006113504,-1,-1
15169,35501,0.0006107484,-1,-1
15170,35502,0.0006107137,-1,-1
15171,35503,0.0006109879,-1,-1
15172,35504,0.0006108796,-1,-1
15173,35505,0.0006107255,-1,-1
15174,35506,0.0006108895,-1,-1
15175,35507,0.0006110205,-1,-1
15176,35510,0.0006117153,-1,-1
15177,35511,0.0006115397,-1,-1
15178,35512,0.0006110359,-1,-1
15179,35513,0.0006116461,-1,-1
15180,35514,0.000611844,-1,-1
15181,35515,0.0006112982,-1,-1
15182,35516,0.0006113357,-1,-1
15183,35517,0.0006109615,-1,-1
15184,35520,0.000611552,-1,-1
15185,35521,0.000611084,-1,-1
15186,35522,0.0006114909,-1,-1
15187,35523,0.0006116859,-1,-1
15188,35524,0.0006115882,-1,-1
15189,35525,0.0006109755,-1,-1
15190,35526,0.000610995,-1,-1
15191,35527,0.0006111689,-1,-1
15192,35530,0.0006116945,-1,-1
15193,35531,0.0006112292,-1,-1
15194,35532,0.0006107853,-1,-1
15195,35533,0.0006114283,-1,-1
15196,35534,0.0006114675,-1,-1
15197,35535,0.0006112202,-1,-1
15198,35536,0.0006112791,-1,-1
15199,35537,0.0006111068,-1,-1
15200,35540,0.0006118277,-1,-1
15201,35541,0.0006115455,-1,-1
15202,35542,0.000611252,-1,-1
15203,35543,0.0006112216,-1,-1
15204,35544,0.0006108896,-1,-1
15205,35545,0.0006111005,-1,-1
15206,35546,0.000610853,-1,-1
15207,35547,0.0006107807,-1,-1
15208,35550,0.0006109492,-1,-1
15209,35551,0.0006116304,-1,-1
15210,35552,0.0006113317,-1,-1
15211,35553,0.0006111243,-1,-1
15212,35554,0.0006111285,-1,-1
15213,35555,0.0006110212,-1,-1
15214,35556,0.0006113077,-1,-1
15215,35557,0.0006112379,-1,-1
15216,35560,0.000611101,-1,-1
15217,35561,0.0006116713,-1,-1
15218,35562,0.0006115349,-1,-1
15219,35563,0.000611487,-1,-1
15220,35564,0.0006109931,-1,-1
15221,35565,0.0006111104,-1,-1
15222,35566,0.0006113782,-1,-1
15223,35567,0.0006114389,-1,-1
15224,35570,0.000611025,-1,-1
15225,35571,0.0006113382,-1,-1
15226,35572,0.0006110349,-1,-1
15227,35573,0.0006113359,-1,-1
15228,35574,0.000611167,-1,-1
15229,35575,0.0006110944,-1,-1
15230,35576,0.0006109872,-1,-1
15231,35577,0.0006107871,-1,-1
15232,35600,0.0006110155,-1,-1
15233,35601,0.0006111156,-1,-1
15234,35602,0.0006108504,-1,-1
15235,35603,0.0006108339,-1,-1
15236,35604,0.0006107588,-1,-1
15237,35605,0.000610514,-1,-1
15238,35606,0.0006106955,-1,-1
15239,35607,0.0006107115,-1,-1
15240,35610,0.0006108872,-1,-1
15241,35611,0.0006108425,-1,-1
15242,35612,0.000610851,-1,-1
15243,35613,0.0006109312,-1,-1
15244,35614,0.0006111647,-1,-1
15245,35615,0.0006109949,-1,-1
15246,35616,0.0006108303,-1,-1
15247,35617,0.0006110799,-1,-1
15248,35620,0.000611558,-1,-1
15249,35621,0.0006113136,-1,-1
15250,35622,0.0006113668,-1,-1
15251,35623,0.0006114476,-1,-1
15252,35624,0.0006113393,-1,-1
15253,35625,0.0006112877,-1,-1
15254,35626,0.0006114719,-1,-1
15255,35627,0.0006108989,-1,-1
15256,35630,0.0006107998,-1,-1
15257,35631,0.0006113125,-1,-1
15258,35632,0.0006111999,-1,-1
15259,35633,0.0006114078,-1,-1
15260,35634,0.0006113029,25,49
15261,35635,0.0006115067,25,49
15262,35636,0.0006113205,25,49
15263,35637,0.000611057,25,49
15264,35640,0.0006119232,25,49
15265,35641,0.0006111261,25,49
15266,35642,0.0006109112,25,49
15267,35643,0.0006112543,25,48
15268,35644,0.0006114395,25,48
15269,35645,0.0006115332,25,48
15270,35646,0.0006108321,25,48
15271,35647,0.0006114958,25,48
15272,35650,0.0006111051,25,48
15273,35651,0.0006111442,25,47
15274,35652,0.0006114278,25,47
15275,35653,0.0006108235,25,47
15276,35654,0.0006118839,25,47
15277,35655,0.0006114214,25,47
15278,35656,0.0006112451,25,47
15279,35657,0.0006114378,25,46
15280,35660,0.0006109387,25,46
15281,35661,0.0006113814,25,46
15282,35662,0.0006111572,25,46
15283,35663,0.0006114882,25,46
15284,35664,0.0006115108,25,46
15285,35665,0.0006114015,25,45
15286,35666,0.0006113708,25,45
15287,35667,0.0006110732,25,45
15288,35670,0.0006110053,25,45
15289,35671,0.0006115306,25,45
15290,35672,0.0006112614,25,45
15291,35673,0.0006113182,25,44
15292,35674,0.000611025,25,44
15293,35675,0.0006112982,25,44
15294,35676,0.0006113854,25,44
15295,35677,0.0006112736,25,44
15296,35700,0.0006114307,25,44
15297,35701,0.0006117157,25,44
15298,35702,0.0006117632,25,43
15299,35703,0.0006108872,25,43
15300,35704,0.00060946,25,43
15301,35705,0.0006055015,25,43
15302,35706,0.00060072,25,43
15303,35707,0.0005951931,25,43
15304,35710,0.0005881134,25,42
15305,35711,0.0005815479,25,42
15306,35712,0.0005725077,25,42
15307,35713,0.0005642017,25,42
15308,35714,0.0005579541,25,42
15309,35715,0.0005541299,25,42
15310,35716,0.000551736,25,41
15311,35717,0.0005523478,25,41
15312,35720,0.0005550627,25,41
15313,35721,0.0005602482,25,41
15314,35722,0.0005634961,25,41
15315,35723,0.0005670931,25,41
15316,35724,0.0005683169,25,40
15317,35725,0.0005691597,25,40
15318,35726,0.0005684799,25,40
15319,35727,0.000569038,25,40
15320,35730,0.0005684457,25,40
15321,35731,0.0005664757,25,40
15322,35732,0.0005616818,25,39
15323,35733,0.0005526566,25,39
15324,35734,0.0005392297,25,39
15325,35735,0.0005168376,25,39
15326,35736,0.0004775366,25,39
15327,35737,0.0004292569,25,39
15328,35740,0.0003581116,25,38
15329,35741,0.0002716034,25,38
15330,35742,0.0002022581,25,38
15331,35743,0.0001373504,25,38
15332,35744,3.087477e-05,25,38
15333,35745,3.110562e-05,25,38
15334,35746,3.121217e-05,25,38
15335,35747,3.12192e-05,25,37
15336,35750,3.121477e-05,25,37
15337,35751,3.143374e-05,25,37
15338,35752,3.15102e-05,25,37
15339,35753,3.149408e-05,25,37
15340,35754,3.14688e-05,25,37
15341,35755,3.168072e-05,25,36
15342,35756,3.172536e-05,25,36
15343,35757,3.168945e-05,25,36
15344,35760,3.168602e-05,25,36
15345,35761,3.188472e-05,25,36
15346,35762,3.189894e-05,25,36
15347,35763,3.186013e-05,25,35
15348,35764,3.185225e-05,25,35
15349,35765,3.203898e-05,25,35
15350,35766,3.204133e-05,25,35
15351,35767,3.199583e-05,25,35
15352,35770,3.199651e-05,25,35
15353,35771,3.216721e-05,25,34
15354,35772,3.215995e-05,25,34
15355,35773,3.210471e-05,25,34
15356,35774,3.212289e-05,25,34
15357,35775,3.228907e-05,25,34
15358,35776,3.228192e-05,25,34
15359,35777,3.222334e-05,25,33
15360,36000,3.224691e-05,25,33
15361,36001,3.24621e-05,25,33
15362,36002,3.254217e-05,25,33
15363,36003,3.267158e-05,25,33
15364,36004,3.309227e-05,25,33
15365,36005,3.373592e-05,25,33
15366,36006,3.462344e-05,25,32
15367,36007,3.623152e-05,25,32
15368,36010,3.950946e-05,25,32
15369,36011,4.724299e-05,25,32
15370,36012,6.134283e-05,25,32
15371,36013,0.0005506571,25,32
15372,36014,0.0005528351,25,31
15373,36015,0.0005559684,25,31
15374,36016,0.0005578927,25,31
15375,36017,0.0005584928,25,31
15376,36020,0.0005579395,25,31
15377,36021,0.0005569091,25,31
15378,36022,0.0005558212,25,30
15379,36023,0.000553888,25,30
15380,36024,0.0005543993,25,30
15381,36025,0.0005559236,25,30
15382,36026,0.000559584,25,30
15383,36027,0.000561978,25,30
15384,36030,0.0005653467,25,29
15385,36031,0.0005662979,25,29
15386,36032,0.0005677032,25,29
15387,36033,0.0005688597,25,29
15388,36034,0.0005688483,25,29
15389,36035,0.0005689236,25,29
15390,36036,0.0005689678,25,28
15391,36037,0.0005692805,25,28
15392,36040,0.0005687643,25,28
15393,36041,0.0005680254,25,28
15394,36042,0.0005675289,25,28
15395,36043,0.0005674819,25,28
15396,36044,0.0005677614,25,27
15397,36045,0.0005686422,25,27
15398,36046,0.0005691476,25,27
15399,36047,0.0005694423,25,27
15400,36050,0.0005700051,25,27
15401,36051,0.0005701168,25,27
15402,36052,0.0005706478,25,27
15403,36053,0.0005707995,25,26
15404,36054,0.0005705461,25,26
15405,36055,0.0005712774,25,26
15406,36056,0.0005703058,25,26
15407,36057,0.0005703152,25,26
15408,36060,0.0005696178,25,26
15409,36061,0.0005688723,25,25
15410,36062,0.0005681432,25,25
15411,36063,0.0005682158,25,25
15412,36064,0.0005692043,25,25
15413,36065,0.0005702994,25,25
15414,36066,0.0005711837,25,25
15415,36067,0.0005723941,25,24
15416,36070,0.0005731068,25,24
15417,36071,0.0005741352,25,24
15418,36072,0.000574041,25,24
15419,36073,0.0005735797,25,24
15420,36074,0.0005735513,25,24
15421,36075,0.0005733484,25,23
15422,36076,0.0005736541,25,23
15423,36077,0.0005733242,25,23
15424,36100,0.0005734724,25,23
15425,36101,0.000573537,25,23
15426,36102,0.0005718514,25,23
15427,36103,0.0005698266,25,22
15428,36104,0.0005614432,25,22
15429,36105,0.0005516746,25,22
15430,36106,0.0005323548,25,22
15431,36107,0.0005002685,25,22
15432,36110,0.0004681589,25,22
15433,36111,0.0003971823,25,22
15434,36112,0.0003183847,25,21
15435,36113,0.0002569577,25,21
15436,36114,0.0001732887,25,21
15437,36115,0.0001197564,25,21
15438,36116,3.082447e-05,25,21
15439,36117,3.085293e-05,25,21
15440,36120,3.107883e-05,25,20
15441,36121,3.114927e-05,25,20
15442,36122,3.114262e-05,25,20
15443,36123,3.114494e-05,25,20
15444,36124,3.135966e-05,25,20
15445,36125,3.141653e-05,25,20
15446,36126,3.141101e-05,25,19
15447,36127,3.137744e-05,25,19
15448,36130,3.156059e-05,25,19
15449,36131,3.16267e-05,25,19
15450,36132,3.159133e-05,25,19
15451,36133,3.156012e-05,25,19
15452,36134,3.175262e-05,25,18
15453,36135,3.178095e-05,25,18
15454,36136,3.173936e-05,25,18
15455,36137,3.170768e-05,25,18
15456,36140,3.188387e-05,25,18
15457,36141,3.191769e-05,25,18
15458,36142,3.186047e-05,25,17
15459,36143,3.183023e-05,25,17
15460,36144,3.200168e-05,25,17
15461,36145,3.202206e-05,25,17
15462,36146,3.196726e-05,25,17
15463,36147,3.193244e-05,25,17
15464,36150,3.210002e-05,25,16
15465,36151,3.210957e-05,25,16
15466,36152,3.204773e-05,25,16
15467,36153,3.200763e-05,25,16
15468,36154,3.218656e-05,25,16
15469,36155,3.219102e-05,25,16
15470,36156,3.212556e-05,25,16
15471,36157,3.209071e-05,25,15
15472,36160,3.224866e-05,25,15
15473,36161,3.226418e-05,25,15
15474,36162,3.221373e-05,25,15
15475,36163,3.220858e-05,25,15
15476,36164,3.243019e-05,25,15
15477,36165,3.252817e-05,25,14
15478,36166,3.264274e-05,25,14
15479,36167,3.31483e-05,25,14
15480,36170,3.372421e-05,25,14
15481,36171,3.458702e-05,25,14
15482,36172,3.617625e-05,25,14
15483,36173,3.923139e-05,25,13
15484,36174,5.079159e-05,25,13
15485,36175,6.637903e-05,25,13
15486,36176,0.000574854,25,13
15487,36177,0.0005755401,25,13
15488,36200,0.0005754641,25,13
15489,36201,0.0005746712,25,12
15490,36202,0.0005742473,25,12
15491,36203,0.0005743885,25,12
15492,36204,0.0005749161,25,12
15493,36205,0.0005751271,25,12
15494,36206,0.0005753091,25,12
15495,36207,0.0005759666,25,11
15496,36210,0.0005758802,25,11
15497,36211,0.0005760844,25,11
15498,36212,0.000575889,25,11
15499,36213,0.0005755888,25,11
15500,36214,0.0005757136,25,11
15501,36215,0.0005754521,25,11
15502,36216,0.0005751444,25,10
15503,36217,0.0005757211,25,10
15504,36220,0.0005755152,25,10
15505,36221,0.000574937,25,10
15506,36222,0.0005749365,25,10
15507,36223,0.0005730519,25,10
15508,36224,0.0005688259,25,9
15509,36225,0.0005594882,25,9
15510,36226,0.0005466195,25,9
15511,36227,0.000519864,25,9
15512,36230,0.0004879564,25,9
15513,36231,0.0004429725,25,9
15514,36232,0.0003580894,25,8
15515,36233,0.0002924661,25,8
15516,36234,0.0002117806,25,8
15517,36235,0.000142589,25,8
15518,36236,3.067194e-05,25,8
15519,36237,3.077936e-05,25,8
15520,36240,3.079997e-05,25,7
15521,36241,3.080205e-05,25,7
15522,36242,3.100757e-05,25,7
15523,36243,3.109488e-05,25,7
15524,36244,3.108548e-05,25,7
15525,36245,3.10781e-05,25,7
15526,36246,3.128618e-05,25,6
15527,36247,3.132432e-05,25,6
15528,36250,3.130123e-05,25,6
15529,36251,3.131092e-05,25,6
15530,36252,3.149337e-05,25,6
15531,36253,3.150315e-05,25,6
15532,36254,3.146406e-05,25,5
15533,36255,3.147083e-05,25,5
15534,36256,3.165828e-05,25,5
15535,36257,3.166158e-05,25,5
15536,36260,3.160984e-05,25,5
15537,36261,3.162096e-05,25,5
15538,36262,3.178963e-05,25,5
15539,36263,3.177502e-05,25,4
15540,36264,3.170628e-05,25,4
15541,36265,3.175645e-05,25,4
15542,36266,3.189339e-05,25,4
15543,36267,3.184236e-05,25,4
15544,36270,3.177891e-05,25,4
15545,36271,3.193077e-05,25,3
15546,36272,3.198851e-05,25,3
15547,36273,3.195425e-05,25,3
15548,36274,3.190027e-05,25,3
15549,36275,3.202736e-05,25,3
15550,36276,3.21351e-05,25,3
15551,36277,3.209528e-05,25,2
15552,36300,3.202584e-05,25,2
15553,36301,3.204736e-05,25,2
15554,36302,3.219603e-05,25,2
15555,36303,3.217474e-05,25,2
15556,36304,3.209092e-05,25,2
15557,36305,3.214046e-05,25,1
15558,36306,3.225642e-05,25,1
15559,36307,3.222419e-05,25,1
15560,36310,3.213844e-05,25,1
15561,36311,3.218101e-05,25,1
15562,36312,3.231299e-05,25,1
15563,36313,3.22785e-05,25,0
15564,36314,3.220648e-05,25,0
15565,36315,3.220531e-05,25,0
15566,36316,3.234356e-05,25,0
15567,36317,3.233123e-05,25,0
15568,36320,3.225095e-05,25,0
15569,36321,3.222876e-05,-1,-1
15570,36322,3.239102e-05,-1,-1
15571,36323,3.235983e-05,-1,-1
15572,36324,3.229432e-05,-1,-1
15573,36325,3.226685e-05,-1,-1
15574,36326,3.241344e-05,-1,-1
15575,36327,3.239857e-05,-1,-1
15576,36330,3.23203e-05,-1,-1
15577,36331,3.227999e-05,-1,-1
15578,36332,3.244757e-05,-1,-1
15579,36333,3.242539e-05,-1,-1
15580,36334,3.236786e-05,-1,-1
15581,36335,3.229911e-05,-1,-1
15582,36336,3.245419e-05,-1,-1
15583,36337,3.247425e-05,-1,-1
15584,36340,3.241326e-05,-1,-1
15585,36341,3.232564e-05,-1,-1
15586,36342,3.245923e-05,-1,-1
15587,36343,3.249135e-05,-1,-1
15588,36344,3.244249e-05,-1,-1
15589,36345,3.235431e-05,-1,-1
15590,36346,3.247862e-05,-1,-1
15591,36347,3.252122e-05,-1,-1
15592,36350,3.24631e-05,-1,-1
15593,36351,3.239181e-05,-1,-1
15594,36352,3.243828e-05,-1,-1
15595,36353,3.254823e-05,-1,-1
15596,36354,3.250704e-05,-1,-1
15597,36355,3.24139e-05,-1,-1
15598,36356,3.243622e-05,-1,-1
15599,36357,3.256205e-05,-1,-1
15600,36360,3.250306e-05,-1,-1
15601,36361,3.240919e-05,-1,-1
15602,36362,3.247776e-05,-1,-1
15603,36363,3.258097e-05,-1,-1
15604,36364,3.252329e-05,-1,-1
15605,36365,3.244597e-05,-1,-1
15606,36366,3.249619e-05,-1,-1
15607,36367,3.259056e-05,-1,-1
15608,36370,3.252865e-05,-1,-1
15609,36371,3.245331e-05,-1,-1
15610,36372,3.249064e-05,-1,-1
15611,36373,3.260898e-05,-1,-1
15612,36374,3.254946e-05,-1,-1
15613,36375,3.245557e-05,-1,-1
15614,36376,3.252118e-05,-1,-1
15615,36377,3.261586e-05,-1,-1
15616,36400,3.255783e-05,-1,-1
15617,36401,3.246424e-05,-1,-1
15618,36402,3.256135e-05,-1,-1
15619,36403,3.262991e-05,-1,-1
15620,36404,3.254958e-05,-1,-1
15621,36405,3.245718e-05,-1,-1
15622,36406,3.257165e-05,-1,-1
15623,36407,3.263006e-05,-1,-1
15624,36410,3.257444e-05,-1,-1
15625,36411,3.248373e-05,-1,-1
15626,36412,3.25475e-05,-1,-1
15627,36413,3.264303e-05,-1,-1
15628,36414,3.258096e-05,-1,-1
15629,36415,3.249632e-05,-1,-1
15630,36416,3.258275e-05,-1,-1
15631,36417,3.264675e-05,-1,-1
15632,36420,3.257555e-05,-1,-1
15633,36421,3.249266e-05,-1,-1
15634,36422,3.258621e-05,-1,-1
15635,36423,3.26517e-05,-1,-1
15636,36424,3.258975e-05,-1,-1
15637,36425,3.249369e-05,-1,-1
15638,36426,3.25865e-05,-1,-1
15639,36427,3.265908e-05,-1,-1
15640,36430,3.25819e-05,-1,-1
15641,36431,3.249448e-05,-1,-1
15642,36432,3.26255e-05,-1,-1
15643,36433,3.265515e-05,-1,-1
15644,36434,3.258325e-05,-1,-1
15645,36435,3.249674e-05,-1,-1
15646,36436,3.263903e-05,-1,-1
15647,36437,3.266587e-05,-1,-1
15648,36440,3.260401e-05,-1,-1
15649,36441,3.253641e-05,-1,-1
15650,36442,3.257713e-05,-1,-1
15651,36443,3.268191e-05,-1,-1
15652,36444,3.261326e-05,-1,-1
15653,36445,3.252364e-05,-1,-1
15654,36446,3.261759e-05,-1,-1
15655,36447,3.268274e-05,-1,-1
15656,36450,3.262401e-05,-1,-1
15657,36451,3.252472e-05,-1,-1
15658,36452,3.257084e-05,-1,-1
15659,36453,3.268215e-05,-1,-1
15660,36454,3.261706e-05,-1,-1
15661,36455,3.251805e-05,-1,-1
15662,36456,3.262187e-05,-1,-1
15663,36457,3.26842e-05,-1,-1
15664,36460,3.263434e-05,-1,-1
15665,36461,3.254738e-05,-1,-1
15666,36462,3.256369e-05,-1,-1
15667,36463,3.268867e-05,-1,-1
15668,36464,3.266727e-05,-1,-1
15669,36465,3.260126e-05,-1,-1
15670,36466,3.252165e-05,-1,-1
15671,36467,3.263779e-05,-1,-1
15672,36470,3.269284e-05,-1,-1
15673,36471,3.261988e-05,-1,-1
15674,36472,3.252818e-05,-1,-1
15675,36473,3.264175e-05,-1,-1
15676,36474,3.269154e-05,-1,-1
15677,36475,3.262547e-05,-1,-1
15678,36476,3.25328e-05,-1,-1
15679,36477,3.262427e-05,-1,-1
15680,36500,3.270525e-05,-1,-1
15681,36501,3.263381e-05,-1,-1
15682,36502,3.253649e-05,-1,-1
15683,36503,3.26741e-05,-1,-1
15684,36504,3.270045e-05,-1,-1
15685,36505,3.262225e-05,-1,-1
15686,36506,3.253901e-05,-1,-1
15687,36507,3.266101e-05,-1,-1
15688,36510,3.270317e-05,-1,-1
15689,36511,3.263273e-05,-1,-1
15690,36512,3.253875e-05,-1,-1
15691,36513,3.268033e-05,-1,-1
15692,36514,3.270182e-05,-1,-1
15693,36515,3.262582e-05,-1,-1
15694,36516,3.254563e-05,-1,-1
15695,36517,3.267556e-05,-1,-1
15696,36520,3.271324e-05,-1,-1
15697,36521,3.263981e-05,-1,-1
15698,36522,3.254706e-05,-1,-1
15699,36523,3.266859e-05,-1,-1
15700,36524,3.271113e-05,-1,-1
15701,36525,3.263966e-05,-1,-1
15702,36526,3.255242e-05,-1,-1
15703,36527,3.270018e-05,-1,-1
15704,36530,3.270938e-05,-1,-1
15705,36531,3.263325e-05,-1,-1
15706,36532,3.25555e-05,-1,-1
15707,36533,3.271042e-05,-1,-1
15708,36534,3.272015e-05,-1,-1
15709,36535,3.264389e-05,-1,-1
15710,36536,3.256082e-05,-1,-1
15711,36537,3.270364e-05,-1,-1
15712,36540,3.27185e-05,-1,-1
15713,36541,3.264996e-05,-1,-1
15714,36542,3.255845e-05,-1,-1
15715,36543,3.271772e-05,-1,-1
15716,36544,3.271113e-05,-1,-1
15717,36545,3.264956e-05,-1,-1
15718,36546,3.256682e-05,-1,-1
15719,36547,3.27328e-05,-1,-1
15720,36550,3.271927e-05,-1,-1
15721,36551,3.262517e-05,-1,-1
15722,36552,3.256752e-05,-1,-1
15723,36553,3.274249e-05,-1,-1
15724,36554,3.269948e-05,-1,-1
15725,36555,3.261068e-05,-1,-1
15726,36556,3.261036e-05,-1,-1
15727,36557,3.274061e-05,-1,-1
15728,36560,3.271643e-05,-1,-1
15729,36561,3.264101e-05,-1,-1
15730,36562,3.258159e-05,-1,-1
15731,36563,3.274222e-05,-1,-1
15732,36564,3.272682e-05,-1,-1
15733,36565,3.264681e-05,-1,-1
15734,36566,3.258439e-05,-1,-1
15735,36567,3.274869e-05,-1,-1
15736,36570,3.272779e-05,-1,-1
15737,36571,3.264219e-05,-1,-1
15738,36572,3.259165e-05,-1,-1
15739,36573,3.274717e-05,-1,-1
15740,36574,3.272607e-05,-1,-1
15741,36575,3.264728e-05,-1,-1
15742,36576,3.259912e-05,-1,-1
15743,36577,3.275578e-05,-1,-1
15744,36600,3.270788e-05,-1,-1
15745,36601,3.262128e-05,-1,-1
15746,36602,3.265855e-05,-1,-1
15747,36603,3.276041e-05,-1,-1
15748,36604,3.270015e-05,-1,-1
15749,36605,3.261349e-05,-1,-1
15750,36606,3.266669e-05,-1,-1
15751,36607,3.276327e-05,-1,-1
15752,36610,3.271845e-05,-1,-1
15753,36611,3.261654e-05,26,0
15754,36612,3.26471e-05,26,0
15755,36613,3.27684e-05,26,0
15756,36614,3.271309e-05,26,0
15757,36615,3.262678e-05,26,0
15758,36616,3.265226e-05,26,0
15759,36617,3.276764e-05,26,0
15760,36620,3.272677e-05,26,1
15761,36621,3.260723e-05,26,1
15762,36622,3.258073e-05,26,1
15763,36623,3.271959e-05,26,1
15764,36624,3.267111e-05,26,1
15765,36625,3.259115e-05,26,1
15766,36626,3.254882e-05,26,2
15767,36627,3.271274e-05,26,2
15768,36630,3.268671e-05,26,2
15769,36631,3.262037e-05,26,2
15770,36632,3.257543e-05,26,2
15771,36633,3.272314e-05,26,2
15772,36634,3.268276e-05,26,3
15773,36635,3.258278e-05,26,3
15774,36636,3.259792e-05,26,3
15775,36637,3.27299e-05,26,3
15776,36640,3.2682e-05,26,3
15777,36641,3.258995e-05,26,3
15778,36642,3.261985e-05,26,4
15779,36643,3.274386e-05,26,4
15780,36644,3.26895e-05,26,4
15781,36645,3.260328e-05,26,4
15782,36646,3.266391e-05,26,4
15783,36647,3.274866e-05,26,4
15784,36650,3.268452e-05,26,5
15785,36651,3.259985e-05,26,5
15786,36652,3.268467e-05,26,5
15787,36653,3.27595e-05,26,5
15788,36654,3.268818e-05,26,5
15789,36655,3.259905e-05,26,5
15790,36656,3.269099e-05,26,5
15791,36657,3.277217e-05,26,6
15792,36660,3.27155e-05,26,6
15793,36661,3.264441e-05,26,6
15794,36662,3.264078e-05,26,6
15795,36663,3.278517e-05,26,6
15796,36664,3.276579e-05,26,6
15797,36665,3.270419e-05,26,7
15798,36666,3.271386e-05,26,7
15799,36667,3.292855e-05,26,7
15800,36670,3.293844e-05,26,7
15801,36671,3.292594e-05,26,7
15802,36672,3.309431e-05,26,7
15803,36673,3.360195e-05,26,8
15804,36674,3.440248e-05,26,8
15805,36675,3.601142e-05,26,8
15806,36676,4.040401e-05,26,8
15807,36677,4.801805e-05,26,8
15808,36700,6.363729e-05,26,8
15809,36701,0.0005742274,26,9
15810,36702,0.0005746472,26,9
15811,36703,0.00057482,26,9
15812,36704,0.0005745401,26,9
15813,36705,0.0005745713,26,9
15814,36706,0.0005747217,26,9
15815,36707,0.0005738608,26,10
15816,36710,0.0005734403,26,10
15817,36711,0.0005726907,26,10
15818,36712,0.0005720651,26,10
15819,36713,0.0005710293,26,10
15820,36714,0.0005702839,26,10
15821,36715,0.0005695574,26,11
15822,36716,0.0005681658,26,11
15823,36717,0.0005681845,26,11
15824,36720,0.0005681022,26,11
15825,36721,0.0005685835,26,11
15826,36722,0.0005687148,26,11
15827,36723,0.0005684441,26,11
15828,36724,0.0005682597,26,12
15829,36725,0.0005681297,26,12
15830,36726,0.0005676625,26,12
15831,36727,0.0005658848,26,12
15832,36730,0.000559846,26,12
15833,36731,0.0005482216,26,12
15834,36732,0.0005307801,26,13
15835,36733,0.0004962182,26,13
15836,36734,0.0004547212,26,13
15837,36735,0.000392277,26,13
15838,36736,0.000297644,26,13
15839,36737,0.0002299284,26,13
15840,36740,0.00016124,26,14
15841,36741,0.000108578,26,14
15842,36742,3.100462e-05,26,14
15843,36743,3.102746e-05,26,14
15844,36744,3.102189e-05,26,14
15845,36745,3.117014e-05,26,14
15846,36746,3.132918e-05,26,15
15847,36747,3.133717e-05,26,15
15848,36750,3.130746e-05,26,15
15849,36751,3.145054e-05,26,15
15850,36752,3.158126e-05,26,15
15851,36753,3.156934e-05,26,15
15852,36754,3.15396e-05,26,16
15853,36755,3.164631e-05,26,16
15854,36756,3.178582e-05,26,16
15855,36757,3.178863e-05,26,16
15856,36760,3.175687e-05,26,16
15857,36761,3.174273e-05,26,16
15858,36762,3.194231e-05,26,16
15859,36763,3.195218e-05,26,17
15860,36764,3.191389e-05,26,17
15861,36765,3.189626e-05,26,17
15862,36766,3.207122e-05,26,17
15863,36767,3.208047e-05,26,17
15864,36770,3.202984e-05,26,17
15865,36771,3.20228e-05,26,18
15866,36772,3.219638e-05,26,18
15867,36773,3.21835e-05,26,18
15868,36774,3.212862e-05,26,18
15869,36775,3.211511e-05,26,18
15870,36776,3.229499e-05,26,18
15871,36777,3.228936e-05,26,19
15872,37000,3.221991e-05,26,19
15873,37001,3.221104e-05,26,19
15874,37002,3.23783e-05,26,19
15875,37003,3.237075e-05,26,19
15876,37004,3.231401e-05,26,19
15877,37005,3.229783e-05,26,20
15878,37006,3.249237e-05,26,20
15879,37007,3.252953e-05,26,20
15880,37010,3.250435e-05,26,20
15881,37011,3.25314e-05,26,20
15882,37012,3.27703e-05,26,20
15883,37013,3.291476e-05,26,21
15884,37014,3.325586e-05,26,21
15885,37015,3.402949e-05,26,21
15886,37016,3.609591e-05,26,21
15887,37017,4.025355e-05,26,21
15888,37020,4.816051e-05,26,21
15889,37021,6.674477e-05,26,22
15890,37022,0.0005702989,26,22
15891,37023,0.0005705292,26,22
15892,37024,0.0005710584,26,22
15893,37025,0.0005725888,26,22
15894,37026,0.0005731081,26,22
15895,37027,0.0005722327,26,22
15896,37030,0.0005716101,26,23
15897,37031,0.0005717126,26,23
15898,37032,0.0005717893,26,23
15899,37033,0.0005717414,26,23
15900,37034,0.0005717571,26,23
15901,37035,0.0005718491,26,23
15902,37036,0.000571937,26,24
15903,37037,0.0005713436,26,24
15904,37040,0.0005700779,26,24
15905,37041,0.0005691347,26,24
15906,37042,0.0005681179,26,24
15907,37043,0.0005668646,26,24
15908,37044,0.0005661103,26,25
15909,37045,0.0005654736,26,25
15910,37046,0.0005654263,26,25
15911,37047,0.0005649232,26,25
15912,37050,0.0005653097,26,25
15913,37051,0.0005648999,26,25
15914,37052,0.0005645634,26,26
15915,37053,0.0005642325,26,26
15916,37054,0.0005628255,26,26
15917,37055,0.0005595844,26,26
15918,37056,0.000557472,26,26
15919,37057,0.0005547662,26,26
15920,37060,0.0005526288,26,27
15921,37061,0.0005512007,26,27
15922,37062,0.0005513512,26,27
15923,37063,0.0005522945,26,27
15924,37064,0.0005528105,26,27
15925,37065,0.0005538324,26,27
15926,37066,0.0005550346,26,27
15927,37067,0.0005545819,26,28
15928,37070,0.0005548742,26,28
15929,37071,0.0005552639,26,28
15930,37072,0.0005555648,26,28
15931,37073,0.0005550684,26,28
15932,37074,0.0005552826,26,28
15933,37075,0.0005556563,26,29
15934,37076,0.0005555226,26,29
15935,37077,0.00055521,26,29
15936,37100,0.0005542962,26,29
15937,37101,0.0005538138,26,29
15938,37102,0.0005544302,26,29
15939,37103,0.0005560641,26,30
15940,37104,0.0005584011,26,30
15941,37105,0.000560812,26,30
15942,37106,0.000562368,26,30
15943,37107,0.0005631011,26,30
15944,37110,0.000562412,26,30
15945,37111,0.0005611837,26,31
15946,37112,0.0005566902,26,31
15947,37113,0.0005489921,26,31
15948,37114,0.0005372042,26,31
15949,37115,0.0005132178,26,31
15950,37116,0.0004781439,26,31
15951,37117,0.000427789,26,32
15952,37120,0.000355892,26,32
15953,37121,0.0002782597,26,32
15954,37122,0.000204903,26,32
15955,37123,0.0001462705,26,32
15956,37124,0.0001022138,26,32
15957,37125,3.116855e-05,26,33
15958,37126,3.1318e-05,26,33
15959,37127,3.132796e-05,26,33
15960,37130,3.131378e-05,26,33
15961,37131,3.152321e-05,26,33
15962,37132,3.160492e-05,26,33
15963,37133,3.158632e-05,26,33
15964,37134,3.156868e-05,26,34
15965,37135,3.175358e-05,26,34
15966,37136,3.183837e-05,26,34
15967,37137,3.181615e-05,26,34
15968,37140,3.177291e-05,26,34
15969,37141,3.196362e-05,26,34
15970,37142,3.201193e-05,26,35
15971,37143,3.197829e-05,26,35
15972,37144,3.194172e-05,26,35
15973,37145,3.212991e-05,26,35
15974,37146,3.216783e-05,26,35
15975,37147,3.212025e-05,26,35
15976,37150,3.207672e-05,26,36
15977,37151,3.2271e-05,26,36
15978,37152,3.228779e-05,26,36
15979,37153,3.222993e-05,26,36
15980,37154,3.219989e-05,26,36
15981,37155,3.237242e-05,26,36
15982,37156,3.239833e-05,26,37
15983,37157,3.235161e-05,26,37
15984,37160,3.232696e-05,26,37
15985,37161,3.254381e-05,26,37
15986,37162,3.259959e-05,26,37
15987,37163,3.258308e-05,26,37
15988,37164,3.260398e-05,26,38
15989,37165,3.29255e-05,26,38
15990,37166,3.320686e-05,26,38
15991,37167,3.390009e-05,26,38
15992,37170,3.530911e-05,26,38
15993,37171,3.811964e-05,26,38
15994,37172,4.525339e-05,26,38
15995,37173,5.81762e-05,26,39
15996,37174,0.00061132,26,39
15997,37175,0.0006114849,26,39
15998,37176,0.000611618,26,39
15999,37177,0.0006112589,26,39
16000,37200,0.0006113393,26,39
16001,37201,0.0006118282,26,40
16002,37202,0.0006114921,26,40
16003,37203,0.0006111344,26,40
16004,37204,0.0006114846,26,40
16005,37205,0.0006118137,26,40
16006,37206,0.0006115581,26,40
16007,37207,0.0006114739,26,41
16008,37210,0.0006119651,26,41
16009,37211,0.0006116168,26,41
16010,37212,0.0006115675,26,41
16011,37213,0.0006113246,26,41
16012,37214,0.0006120163,26,41
16013,37215,0.0006115429,26,42
16014,37216,0.0006110804,26,42
16015,37217,0.0006110927,26,42
16016,37220,0.0006113071,26,42
16017,37221,0.0006114616,26,42
16018,37222,0.0006115864,26,42
16019,37223,0.0006117017,26,43
16020,37224,0.0006114583,26,43
16021,37225,0.0006113948,26,43
16022,37226,0.00061131,26,43
16023,37227,0.0006114593,26,43
16024,37230,0.0006112601,26,43
16025,37231,0.000611286,26,44
16026,37232,0.000610979,26,44
16027,37233,0.0006109195,26,44
16028,37234,0.0006108655,26,44
16029,37235,0.0006113063,26,44
16030,37236,0.000611167,26,44
16031,37237,0.000610903,26,44
16032,37240,0.0006112151,26,45
16033,37241,0.0006109949,26,45
16034,37242,0.0006112346,26,45
16035,37243,0.0006107272,26,45
16036,37244,0.0006112297,26,45
16037,37245,0.0006108036,26,45
16038,37246,0.0006110249,26,46
16039,37247,0.0006116579,26,46
16040,37250,0.0006109758,26,46
16041,37251,0.0006107672,26,46
16042,37252,0.0006109827,26,46
16043,37253,0.0006111001,26,46
16044,37254,0.0006114238,26,47
16045,37255,0.0006113845,26,47
16046,37256,0.0006108357,26,47
16047,37257,0.0006113575,26,47
16048,37260,0.0006112204,26,47
16049,37261,0.000611163,26,47
16050,37262,0.0006113352,26,48
16051,37263,0.0006114211,26,48
16052,37264,0.0006116601,26,48
16053,37265,0.0006112105,26,48
16054,37266,0.0006115572,26,48
16055,37267,0.0006116659,26,48
16056,37270,0.0006113545,26,49
16057,37271,0.0006115276,26,49
16058,37272,0.0006116144,26,49
16059,37273,0.0006110925,26,49
16060,37274,0.0006113838,26,49
16061,37275,0.0006113339,26,49
16062,37276,0.000611324,-1,-1
16063,37277,0.0006116455,-1,-1
16064,37300,0.0006119651,-1,-1
16065,37301,0.0006118564,-1,-1
16066,37302,0.0006116542,-1,-1
16067,37303,0.0006113053,-1,-1
16068,37304,0.0006117274,-1,-1
16069,37305,0.0006117956,-1,-1
16070,37306,0.0006111466,-1,-1
16071,37307,0.0006111829,-1,-1
16072,37310,0.0006115951,-1,-1
16073,37311,0.000611627,-1,-1
16074,37312,0.0006116843,-1,-1
16075,37313,0.0006108761,-1,-1
16076,37314,0.0006113667,-1,-1
16077,37315,0.0006111555,-1,-1
16078,37316,0.0006115342,-1,-1
16079,37317,0.0006113867,-1,-1
16080,37320,0.0006113919,-1,-1
16081,37321,0.0006114423,-1,-1
16082,37322,0.0006114325,-1,-1
16083,37323,0.0006115956,-1,-1
16084,37324,0.0006115354,-1,-1
16085,37325,0.00061145,-1,-1
16086,37326,0.0006114628,-1,-1
16087,37327,0.0006111548,-1,-1
16088,37330,0.0006115731,-1,-1
16089,37331,0.0006111923,-1,-1
16090,37332,0.0006110396,-1,-1
16091,37333,0.000611026,-1,-1
16092,37334,0.0006116698,-1,-1
16093,37335,0.000611375,-1,-1
16094,37336,0.0006117017,-1,-1
16095,37337,0.0006113956,-1,-1
16096,37340,0.0006115426,-1,-1
16097,37341,0.0006112819,-1,-1
16098,37342,0.0006117679,-1,-1
16099,37343,0.0006115495,-1,-1
16100,37344,0.0006118097,-1,-1
16101,37345,0.0006119146,-1,-1
16102,37346,0.0006113752,-1,-1
16103,37347,0.0006115495,-1,-1
16104,37350,0.0006114305,-1,-1
16105,37351,0.0006113839,-1,-1
16106,37352,0.0006113849,-1,-1
16107,37353,0.0006111596,-1,-1
16108,37354,0.0006115825,-1,-1
16109,37355,0.0006109293,-1,-1
16110,37356,0.0006115473,-1,-1
16111,37357,0.0006117546,-1,-1
16112,37360,0.0006110294,-1,-1
16113,37361,0.0006109599,-1,-1
16114,37362,0.0006112457,-1,-1
16115,37363,0.0006112392,-1,-1
16116,37364,0.0006112076,-1,-1
16117,37365,0.0006110606,-1,-1
16118,37366,0.0006110039,-1,-1
16119,37367,0.0006112907,-1,-1
16120,37370,0.0006112866,-1,-1
16121,37371,0.000611118,-1,-1
16122,37372,0.0006107619,-1,-1
16123,37373,0.0006106646,-1,-1
16124,37374,0.0006107964,-1,-1
16125,37375,0.0006113169,-1,-1
16126,37376,0.0006110236,-1,-1
16127,37377,0.0006111202,-1,-1
16128,37400,0.0006114264,-1,-1
16129,37401,0.0006109669,-1,-1
16130,37402,0.0006109756,-1,-1
16131,37403,0.0006112948,-1,-1
16132,37404,0.0006110786,-1,-1
16133,37405,0.0006112264,-1,-1
16134,37406,0.0006106694,-1,-1
16135,37407,0.0006112343,-1,-1
16136,37410,0.0006111371,-1,-1
16137,37411,0.0006110623,-1,-1
16138,37412,0.0006111495,-1,-1
16139,37413,0.0006111571,-1,-1
16140,37414,0.0006113667,-1,-1
16141,37415,0.0006112648,-1,-1
16142,37416,0.0006118395,-1,-1
16143,37417,0.000611282,-1,-1
16144,37420,0.000611204,-1,-1
16145,37421,0.0006115871,-1,-1
16146,37422,0.0006119267,-1,-1
16147,37423,0.0006117544,-1,-1
16148,37424,0.0006116944,-1,-1
16149,37425,0.000611719,-1,-1
16150,37426,0.0006118375,-1,-1
16151,37427,0.000611776,-1,-1
16152,37430,0.0006107824,-1,-1
16153,37431,0.0006115952,-1,-1
16154,37432,0.0006115378,-1,-1
16155,37433,0.0006115869,-1,-1
16156,37434,0.0006113978,-1,-1
16157,37435,0.0006110909,-1,-1
16158,37436,0.0006109462,-1,-1
16159,37437,0.0006113464,-1,-1
16160,37440,0.000610975,-1,-1
16161,37441,0.0006112877,-1,-1
16162,37442,0.0006112789,-1,-1
16163,37443,0.0006111273,-1,-1
16164,37444,0.0006114238,-1,-1
16165,37445,0.0006111565,-1,-1
16166,37446,0.0006112988,-1,-1
16167,37447,0.0006113391,-1,-1
16168,37450,0.0006114733,-1,-1
16169,37451,0.0006111015,-1,-1
16170,37452,0.0006116509,-1,-1
16171,37453,0.0006114124,-1,-1
16172,37454,0.0006112459,-1,-1
16173,37455,0.0006112642,-1,-1
16174,37456,0.0006110715,-1,-1
16175,37457,0.0006116255,-1,-1
16176,37460,0.0006112749,-1,-1
16177,37461,0.0006109509,-1,-1
16178,37462,0.0006115753,-1,-1
16179,37463,0.0006111489,-1,-1
16180,37464,0.0006115331,-1,-1
16181,37465,0.000611115,-1,-1
16182,37466,0.0006114201,-1,-1
16183,37467,0.0006113181,-1,-1
16184,37470,0.0006112919,-1,-1
16185,37471,0.000611331,-1,-1
16186,37472,0.0006111052,-1,-1
16187,37473,0.0006118633,-1,-1
16188,37474,0.0006114425,-1,-1
16189,37475,0.0006110957,-1,-1
16190,37476,0.0006115923,-1,-1
16191,37477,0.0006113077,-1,-1
16192,37500,0.0006115197,-1,-1
16193,37501,0.0006112626,-1,-1
16194,37502,0.0006114875,-1,-1
16195,37503,0.0006115379,-1,-1
16196,37504,0.0006113275,-1,-1
16197,37505,0.0006109527,-1,-1
16198,37506,0.0006112351,-1,-1
16199,37507,0.0006114768,-1,-1
16200,37510,0.0006112814,-1,-1
16201,37511,0.0006112551,-1,-1
16202,37512,0.0006115524,-1,-1
16203,37513,0.0006114845,-1,-1
16204,37514,0.0006112894,-1,-1
16205,37515,0.000611629,-1,-1
16206,37516,0.0006114743,-1,-1
16207,37517,0.0006117815,-1,-1
16208,37520,0.0006118024,-1,-1
16209,37521,0.0006113018,-1,-1
16210,37522,0.0006114698,-1,-1
16211,37523,0.0006111309,-1,-1
16212,37524,0.000611546,-1,-1
16213,37525,0.0006107871,-1,-1
16214,37526,0.0006112202,-1,-1
16215,37527,0.0006109276,-1,-1
16216,37530,0.0006106096,-1,-1
16217,37531,0.0006109321,-1,-1
16218,37532,0.0006109378,-1,-1
16219,37533,0.0006111554,-1,-1
16220,37534,0.0006114664,-1,-1
16221,37535,0.0006113297,-1,-1
16222,37536,0.0006112385,-1,-1
16223,37537,0.0006116044,-1,-1
16224,37540,0.0006111431,-1,-1
16225,37541,0.0006111073,-1,-1
16226,37542,0.0006114365,-1,-1
16227,37543,0.0006112157,-1,-1
16228,37544,0.0006110687,-1,-1
16229,37545,0.0006109679,-1,-1
16230,37546,0.0006111114,-1,-1
16231,37547,0.0006111491,-1,-1
16232,37550,0.0006108339,-1,-1
16233,37551,0.0006110015,-1,-1
16234,37552,0.0006111786,-1,-1
16235,37553,0.000611321,-1,-1
16236,37554,0.0006110049,-1,-1
16237,37555,0.0006111595,-1,-1
16238,37556,0.0006112115,-1,-1
16239,37557,0.0006117024,-1,-1
16240,37560,0.0006111372,-1,-1
16241,37561,0.0006117118,-1,-1
16242,37562,0.0006115888,-1,-1
16243,37563,0.0006109219,-1,-1
16244,37564,0.0006108925,-1,-1
16245,37565,0.0006109854,-1,-1
16246,37566,0.0006110173,27,49
16247,37567,0.000611696,27,49
16248,37570,0.0006112912,27,49
16249,37571,0.0006112608,27,49
16250,37572,0.0006113913,27,49
16251,37573,0.0006108914,27,49
16252,37574,0.0006110845,27,49
16253,37575,0.0006111659,27,48
16254,37576,0.0006112719,27,48
16255,37577,0.0006109766,27,48
16256,37600,0.0006112591,27,48
16257,37601,0.0006111812,27,48
16258,37602,0.0006112703,27,48
16259,37603,0.0006112257,27,47
16260,37604,0.0006112562,27,47
16261,37605,0.0006108133,27,47
16262,37606,0.0006114405,27,47
16263,37607,0.000611423,27,47
16264,37610,0.0006114313,27,47
16265,37611,0.0006112268,27,46
16266,37612,0.0006115589,27,46
16267,37613,0.0006108676,27,46
16268,37614,0.0006112204,27,46
16269,37615,0.0006111866,27,46
16270,37616,0.0006111242,27,46
16271,37617,0.0006110668,27,45
16272,37620,0.0006111689,27,45
16273,37621,0.0006113557,27,45
16274,37622,0.0006110787,27,45
16275,37623,0.0006114628,27,45
16276,37624,0.000611252,27,45
16277,37625,0.0006116176,27,44
16278,37626,0.0006111297,27,44
16279,37627,0.0006111185,27,44
16280,37630,0.000611152,27,44
16281,37631,0.0006110963,27,44
16282,37632,0.000610927,27,44
16283,37633,0.00061134,27,44
16284,37634,0.0006113159,27,43
16285,37635,0.0006103689,27,43
16286,37636,0.0006081007,27,43
16287,37637,0.0006033127,27,43
16288,37640,0.0005984248,27,43
16289,37641,0.0005933465,27,43
16290,37642,0.0005851476,27,42
16291,37643,0.0005778269,27,42
16292,37644,0.0005666264,27,42
16293,37645,0.0005562997,27,42
16294,37646,0.0005493663,27,42
16295,37647,0.0005465312,27,42
16296,37650,0.0005466476,27,41
16297,37651,0.0005504817,27,41
16298,37652,0.0005547854,27,41
16299,37653,0.0005578351,27,41
16300,37654,0.0005609056,27,41
16301,37655,0.0005627928,27,41
16302,37656,0.0005630263,27,40
16303,37657,0.0005632663,27,40
16304,37660,0.0005632389,27,40
16305,37661,0.0005634099,27,40
16306,37662,0.0005588434,27,40
16307,37663,0.000551363,27,40
16308,37664,0.000539862,27,39
16309,37665,0.0005186352,27,39
16310,37666,0.0004882083,27,39
16311,37667,0.0004407966,27,39
16312,37670,0.000368714,27,39
16313,37671,0.0002901334,27,39
16314,37672,0.0001996321,27,38
16315,37673,0.0001355804,27,38
16316,37674,3.105478e-05,27,38
16317,37675,3.11454e-05,27,38
16318,37676,3.116707e-05,27,38
16319,37677,3.116534e-05,27,38
16320,37700,3.139284e-05,27,38
16321,37701,3.146775e-05,27,37
16322,37702,3.145706e-05,27,37
16323,37703,3.144196e-05,27,37
16324,37704,3.163387e-05,27,37
16325,37705,3.171086e-05,27,37
16326,37706,3.168952e-05,27,37
16327,37707,3.165182e-05,27,36
16328,37710,3.181961e-05,27,36
16329,37711,3.191043e-05,27,36
16330,37712,3.188752e-05,27,36
16331,37713,3.183749e-05,27,36
16332,37714,3.194343e-05,27,36
16333,37715,3.206768e-05,27,35
16334,37716,3.203925e-05,27,35
16335,37717,3.199342e-05,27,35
16336,37720,3.204153e-05,27,35
16337,37721,3.21935e-05,27,35
16338,37722,3.218317e-05,27,35
16339,37723,3.211502e-05,27,34
16340,37724,3.215653e-05,27,34
16341,37725,3.230869e-05,27,34
16342,37726,3.228384e-05,27,34
16343,37727,3.223128e-05,27,34
16344,37730,3.228492e-05,27,34
16345,37731,3.242902e-05,27,33
16346,37732,3.244717e-05,27,33
16347,37733,3.244963e-05,27,33
16348,37734,3.258708e-05,27,33
16349,37735,3.304375e-05,27,33
16350,37736,3.342161e-05,27,33
16351,37737,3.395653e-05,27,33
16352,37740,3.533909e-05,27,32
16353,37741,3.730617e-05,27,32
16354,37742,4.227285e-05,27,32
16355,37743,5.324992e-05,27,32
16356,37744,7.133093e-05,27,32
16357,37745,0.0005539496,27,32
16358,37746,0.0005564291,27,31
16359,37747,0.0005595203,27,31
16360,37750,0.0005632969,27,31
16361,37751,0.0005659453,27,31
16362,37752,0.0005666939,27,31
16363,37753,0.0005676019,27,31
16364,37754,0.0005682755,27,30
16365,37755,0.0005688801,27,30
16366,37756,0.0005692575,27,30
16367,37757,0.0005700605,27,30
16368,37760,0.0005705837,27,30
16369,37761,0.0005706737,27,30
16370,37762,0.000570389,27,29
16371,37763,0.0005710901,27,29
16372,37764,0.0005709996,27,29
16373,37765,0.0005708445,27,29
16374,37766,0.0005718602,27,29
16375,37767,0.0005722028,27,29
16376,37770,0.0005730524,27,28
16377,37771,0.0005727686,27,28
16378,37772,0.0005724046,27,28
16379,37773,0.0005731133,27,28
16380,37774,0.0005732971,27,28
16381,37775,0.0005733336,27,28
16382,37776,0.0005724846,27,27
16383,37777,0.0005718011,27,27
16384,40000,0.0005714918,27,27
16385,40001,0.0005704442,27,27
16386,40002,0.000569841,27,27
16387,40003,0.0005696055,27,27
16388,40004,0.0005697866,27,27
16389,40005,0.0005703466,27,26
16390,40006,0.0005712074,27,26
16391,40007,0.0005720031,27,26
16392,40010,0.0005731854,27,26
16393,40011,0.0005733854,27,26
16394,40012,0.0005736877,27,26
16395,40013,0.000574193,27,25
16396,40014,0.0005742949,27,25
16397,40015,0.0005740956,27,25
16398,40016,0.0005738737,27,25
16399,40017,0.0005740955,27,25
16400,40020,0.0005738883,27,25
16401,40021,0.0005735882,27,24
16402,40022,0.0005735033,27,24
16403,40023,0.0005733115,27,24
16404,40024,0.00057348,27,24
16405,40025,0.0005731144,27,24
16406,40026,0.00057321,27,24
16407,40027,0.0005731606,27,23
16408,40030,0.0005735586,27,23
16409,40031,0.0005731538,27,23
16410,40032,0.0005732035,27,23
16411,40033,0.0005720843,27,23
16412,40034,0.0005697941,27,23
16413,40035,0.0005634949,27,22
16414,40036,0.0005528461,27,22
16415,40037,0.0005387124,27,22
16416,40040,0.0005053499,27,22
16417,40041,0.0004706089,27,22
16418,40042,0.0004201935,27,22
16419,40043,0.0003267442,27,22
16420,40044,0.0002595232,27,21
16421,40045,0.0001895254,27,21
16422,40046,0.0001224887,27,21
16423,40047,3.090908e-05,27,21
16424,40050,3.102405e-05,27,21
16425,40051,3.103427e-05,27,21
16426,40052,3.103154e-05,27,20
16427,40053,3.124957e-05,27,20
16428,40054,3.132464e-05,27,20
16429,40055,3.13183e-05,27,20
16430,40056,3.129407e-05,27,20
16431,40057,3.14862e-05,27,20
16432,40060,3.155561e-05,27,19
16433,40061,3.153225e-05,27,19
16434,40062,3.150523e-05,27,19
16435,40063,3.1695e-05,27,19
16436,40064,3.173906e-05,27,19
16437,40065,3.169784e-05,27,19
16438,40066,3.166638e-05,27,18
16439,40067,3.186248e-05,27,18
16440,40070,3.188343e-05,27,18
16441,40071,3.184147e-05,27,18
16442,40072,3.179943e-05,27,18
16443,40073,3.197247e-05,27,18
16444,40074,3.200127e-05,27,17
16445,40075,3.195206e-05,27,17
16446,40076,3.190902e-05,27,17
16447,40077,3.208811e-05,27,17
16448,40100,3.209804e-05,27,17
16449,40101,3.204208e-05,27,17
16450,40102,3.199439e-05,27,16
16451,40103,3.216622e-05,27,16
16452,40104,3.218452e-05,27,16
16453,40105,3.214295e-05,27,16
16454,40106,3.208455e-05,27,16
16455,40107,3.215009e-05,27,16
16456,40110,3.227534e-05,27,16
16457,40111,3.225801e-05,27,15
16458,40112,3.218847e-05,27,15
16459,40113,3.22434e-05,27,15
16460,40114,3.237543e-05,27,15
16461,40115,3.237427e-05,27,15
16462,40116,3.242029e-05,27,15
16463,40117,3.260213e-05,27,14
16464,40120,3.310093e-05,27,14
16465,40121,3.360517e-05,27,14
16466,40122,3.415529e-05,27,14
16467,40123,3.569364e-05,27,14
16468,40124,3.831185e-05,27,14
16469,40125,4.604401e-05,27,13
16470,40126,6.313858e-05,27,13
16471,40127,0.0005705306,27,13
16472,40130,0.000572656,27,13
16473,40131,0.000573855,27,13
16474,40132,0.0005740648,27,13
16475,40133,0.0005746011,27,12
16476,40134,0.0005747362,27,12
16477,40135,0.0005746666,27,12
16478,40136,0.0005742577,27,12
16479,40137,0.0005743226,27,12
16480,40140,0.0005734711,27,12
16481,40141,0.0005727806,27,11
16482,40142,0.0005731665,27,11
16483,40143,0.0005723873,27,11
16484,40144,0.000572641,27,11
16485,40145,0.0005725977,27,11
16486,40146,0.0005728661,27,11
16487,40147,0.0005730478,27,11
16488,40150,0.0005731555,27,10
16489,40151,0.0005727329,27,10
16490,40152,0.0005719062,27,10
16491,40153,0.0005714187,27,10
16492,40154,0.0005702926,27,10
16493,40155,0.0005688712,27,10
16494,40156,0.0005640078,27,9
16495,40157,0.0005557893,27,9
16496,40160,0.0005408726,27,9
16497,40161,0.0005125349,27,9
16498,40162,0.0004794449,27,9
16499,40163,0.0004208885,27,9
16500,40164,0.0003374626,27,8
16501,40165,0.0002727089,27,8
16502,40166,0.0001886164,27,8
16503,40167,0.000130575,27,8
16504,40170,3.058758e-05,27,8
16505,40171,3.072469e-05,27,8
16506,40172,3.090803e-05,27,7
16507,40173,3.09439e-05,27,7
16508,40174,3.094038e-05,27,7
16509,40175,3.098804e-05,27,7
16510,40176,3.119454e-05,27,7
16511,40177,3.122284e-05,27,7
16512,40200,3.119232e-05,27,6
16513,40201,3.121348e-05,27,6
16514,40202,3.14155e-05,27,6
16515,40203,3.143418e-05,27,6
16516,40204,3.139252e-05,27,6
16517,40205,3.140361e-05,27,6
16518,40206,3.159081e-05,27,5
16519,40207,3.15986e-05,27,5
16520,40210,3.155471e-05,27,5
16521,40211,3.15369e-05,27,5
16522,40212,3.171269e-05,27,5
16523,40213,3.174161e-05,27,5
16524,40214,3.169274e-05,27,5
16525,40215,3.165984e-05,27,4
16526,40216,3.183685e-05,27,4
16527,40217,3.183975e-05,27,4
16528,40220,3.178857e-05,27,4
16529,40221,3.177988e-05,27,4
16530,40222,3.19465e-05,27,4
16531,40223,3.193426e-05,27,3
16532,40224,3.187784e-05,27,3
16533,40225,3.187134e-05,27,3
16534,40226,3.206454e-05,27,3
16535,40227,3.20858e-05,27,3
16536,40230,3.201486e-05,27,3
16537,40231,3.197009e-05,27,2
16538,40232,3.214616e-05,27,2
16539,40233,3.213764e-05,27,2
16540,40234,3.208705e-05,27,2
16541,40235,3.204715e-05,27,2
16542,40236,3.220557e-05,27,2
16543,40237,3.22116e-05,27,1
16544,40240,3.213592e-05,27,1
16545,40241,3.208861e-05,27,1
16546,40242,3.225347e-05,27,1
16547,40243,3.225256e-05,27,1
16548,40244,3.219845e-05,27,1
16549,40245,3.213214e-05,27,0
16550,40246,3.228995e-05,27,0
16551,40247,3.232057e-05,27,0
16552,40250,3.225812e-05,27,0
16553,40251,3.217296e-05,27,0
16554,40252,3.230198e-05,27,0
16555,40253,3.235497e-05,-1,-1
16556,40254,3.229972e-05,-1,-1
16557,40255,3.222045e-05,-1,-1
16558,40256,3.228062e-05,-1,-1
16559,40257,3.240152e-05,-1,-1
16560,40260,3.235011e-05,-1,-1
16561,40261,3.227539e-05,-1,-1
16562,40262,3.228983e-05,-1,-1
16563,40263,3.242802e-05,-1,-1
16564,40264,3.239221e-05,-1,-1
16565,40265,3.23283e-05,-1,-1
16566,40266,3.228377e-05,-1,-1
16567,40267,3.244597e-05,-1,-1
16568,40270,3.244046e-05,-1,-1
16569,40271,3.235052e-05,-1,-1
16570,40272,3.231867e-05,-1,-1
16571,40273,3.247754e-05,-1,-1
16572,40274,3.245027e-05,-1,-1
16573,40275,3.23613e-05,-1,-1
16574,40276,3.232684e-05,-1,-1
16575,40277,3.248544e-05,-1,-1
16576,40300,3.248977e-05,-1,-1
16577,40301,3.241262e-05,-1,-1
16578,40302,3.234244e-05,-1,-1
16579,40303,3.250235e-05,-1,-1
16580,40304,3.250329e-05,-1,-1
16581,40305,3.242486e-05,-1,-1
16582,40306,3.237285e-05,-1,-1
16583,40307,3.253576e-05,-1,-1
16584,40310,3.25064e-05,-1,-1
16585,40311,3.242661e-05,-1,-1
16586,40312,3.240068e-05,-1,-1
16587,40313,3.255509e-05,-1,-1
16588,40314,3.25109e-05,-1,-1
16589,40315,3.242354e-05,-1,-1
16590,40316,3.245215e-05,-1,-1
16591,40317,3.256986e-05,-1,-1
16592,40320,3.251629e-05,-1,-1
16593,40321,3.243841e-05,-1,-1
16594,40322,3.243452e-05,-1,-1
16595,40323,3.258143e-05,-1,-1
16596,40324,3.254747e-05,-1,-1
16597,40325,3.245355e-05,-1,-1
16598,40326,3.245928e-05,-1,-1
16599,40327,3.259678e-05,-1,-1
16600,40330,3.254955e-05,-1,-1
16601,40331,3.245979e-05,-1,-1
16602,40332,3.249096e-05,-1,-1
16603,40333,3.260932e-05,-1,-1
16604,40334,3.255871e-05,-1,-1
16605,40335,3.247729e-05,-1,-1
16606,40336,3.252618e-05,-1,-1
16607,40337,3.262219e-05,-1,-1
16608,40340,3.256694e-05,-1,-1
16609,40341,3.247788e-05,-1,-1
16610,40342,3.249635e-05,-1,-1
16611,40343,3.26322e-05,-1,-1
16612,40344,3.257215e-05,-1,-1
16613,40345,3.247668e-05,-1,-1
16614,40346,3.25429e-05,-1,-1
16615,40347,3.263691e-05,-1,-1
16616,40350,3.258147e-05,-1,-1
16617,40351,3.249662e-05,-1,-1
16618,40352,3.255775e-05,-1,-1
16619,40353,3.265067e-05,-1,-1
16620,40354,3.259519e-05,-1,-1
16621,40355,3.250203e-05,-1,-1
16622,40356,3.258995e-05,-1,-1
16623,40357,3.265158e-05,-1,-1
16624,40360,3.258603e-05,-1,-1
16625,40361,3.249463e-05,-1,-1
16626,40362,3.257417e-05,-1,-1
16627,40363,3.266525e-05,-1,-1
16628,40364,3.261443e-05,-1,-1
16629,40365,3.252625e-05,-1,-1
16630,40366,3.252879e-05,-1,-1
16631,40367,3.266833e-05,-1,-1
16632,40370,3.262828e-05,-1,-1
16633,40371,3.254774e-05,-1,-1
16634,40372,3.253453e-05,-1,-1
16635,40373,3.267422e-05,-1,-1
16636,40374,3.263832e-05,-1,-1
16637,40375,3.255775e-05,-1,-1
16638,40376,3.251802e-05,-1,-1
16639,40377,3.267272e-05,-1,-1
16640,40400,3.265087e-05,-1,-1
16641,40401,3.258697e-05,-1,-1
16642,40402,3.25131e-05,-1,-1
16643,40403,3.26464e-05,-1,-1
16644,40404,3.267233e-05,-1,-1
16645,40405,3.261758e-05,-1,-1
16646,40406,3.252358e-05,-1,-1
16647,40407,3.262786e-05,-1,-1
16648,40410,3.268656e-05,-1,-1
16649,40411,3.262974e-05,-1,-1
16650,40412,3.252929e-05,-1,-1
16651,40413,3.258896e-05,-1,-1
16652,40414,3.268821e-05,-1,-1
16653,40415,3.264186e-05,-1,-1
16654,40416,3.255913e-05,-1,-1
16655,40417,3.254797e-05,-1,-1
16656,40420,3.269494e-05,-1,-1
16657,40421,3.265207e-05,-1,-1
16658,40422,3.256764e-05,-1,-1
16659,40423,3.255619e-05,-1,-1
16660,40424,3.269719e-05,-1,-1
16661,40425,3.264154e-05,-1,-1
16662,40426,3.254636e-05,-1,-1
16663,40427,3.26043e-05,-1,-1
16664,40430,3.26976e-05,-1,-1
16665,40431,3.263361e-05,-1,-1
16666,40432,3.254024e-05,-1,-1
16667,40433,3.262597e-05,-1,-1
16668,40434,3.270121e-05,-1,-1
16669,40435,3.264605e-05,-1,-1
16670,40436,3.255575e-05,-1,-1
16671,40437,3.259224e-05,-1,-1
16672,40440,3.270639e-05,-1,-1
16673,40441,3.263943e-05,-1,-1
16674,40442,3.254259e-05,-1,-1
16675,40443,3.264661e-05,-1,-1
16676,40444,3.270943e-05,-1,-1
16677,40445,3.263853e-05,-1,-1
16678,40446,3.254135e-05,-1,-1
16679,40447,3.264086e-05,-1,-1
16680,40450,3.270372e-05,-1,-1
16681,40451,3.262731e-05,-1,-1
16682,40452,3.254665e-05,-1,-1
16683,40453,3.266197e-05,-1,-1
16684,40454,3.271348e-05,-1,-1
16685,40455,3.264403e-05,-1,-1
16686,40456,3.255201e-05,-1,-1
16687,40457,3.264113e-05,-1,-1
16688,40460,3.271649e-05,-1,-1
16689,40461,3.266508e-05,-1,-1
16690,40462,3.257783e-05,-1,-1
16691,40463,3.256489e-05,-1,-1
16692,40464,3.271458e-05,-1,-1
16693,40465,3.269095e-05,-1,-1
16694,40466,3.261712e-05,-1,-1
16695,40467,3.254135e-05,-1,-1
16696,40470,3.268282e-05,-1,-1
16697,40471,3.270111e-05,-1,-1
16698,40472,3.263978e-05,-1,-1
16699,40473,3.255695e-05,-1,-1
16700,40474,3.260843e-05,-1,-1
16701,40475,3.272272e-05,-1,-1
16702,40476,3.267697e-05,-1,-1
16703,40477,3.259999e-05,-1,-1
16704,40500,3.256568e-05,-1,-1
16705,40501,3.270732e-05,-1,-1
16706,40502,3.269681e-05,-1,-1
16707,40503,3.26156e-05,-1,-1
16708,40504,3.254575e-05,-1,-1
16709,40505,3.270603e-05,-1,-1
16710,40506,3.26905e-05,-1,-1
16711,40507,3.259162e-05,-1,-1
16712,40510,3.258872e-05,-1,-1
16713,40511,3.271382e-05,-1,-1
16714,40512,3.265735e-05,-1,-1
16715,40513,3.256431e-05,-1,-1
16716,40514,3.258658e-05,-1,-1
16717,40515,3.270671e-05,-1,-1
16718,40516,3.267058e-05,-1,-1
16719,40517,3.259168e-05,-1,-1
16720,40520,3.257657e-05,-1,-1
16721,40521,3.270618e-05,-1,-1
16722,40522,3.265296e-05,-1,-1
16723,40523,3.254504e-05,-1,-1
16724,40524,3.25898e-05,-1,-1
16725,40525,3.270191e-05,-1,-1
16726,40526,3.2637e-05,-1,-1
16727,40527,3.253992e-05,-1,-1
16728,40530,3.258896e-05,-1,-1
16729,40531,3.269325e-05,-1,-1
16730,40532,3.261899e-05,-1,-1
16731,40533,3.252642e-05,-1,-1
16732,40534,3.261496e-05,-1,-1
16733,40535,3.268252e-05,-1,-1
16734,40536,3.260482e-05,-1,-1
16735,40537,3.250991e-05,-1,-1
16736,40540,3.263879e-05,-1,-1
16737,40541,3.267181e-05,-1,-1
16738,40542,3.26038e-05,-1,-1
16739,40543,3.25109e-05,28,0
16740,40544,3.264789e-05,28,0
16741,40545,3.266637e-05,28,0
16742,40546,3.258594e-05,28,0
16743,40547,3.252127e-05,28,0
16744,40550,3.267302e-05,28,0
16745,40551,3.265062e-05,28,0
16746,40552,3.256416e-05,28,1
16747,40553,3.249975e-05,28,1
16748,40554,3.263159e-05,28,1
16749,40555,3.260239e-05,28,1
16750,40556,3.251239e-05,28,1
16751,40557,3.250291e-05,28,1
16752,40560,3.263334e-05,28,2
16753,40561,3.260237e-05,28,2
16754,40562,3.25088e-05,28,2
16755,40563,3.248973e-05,28,2
16756,40564,3.263547e-05,28,2
16757,40565,3.260383e-05,28,2
16758,40566,3.24994e-05,28,3
16759,40567,3.251427e-05,28,3
16760,40570,3.264947e-05,28,3
16761,40571,3.259935e-05,28,3
16762,40572,3.250241e-05,28,3
16763,40573,3.254747e-05,28,3
16764,40574,3.265105e-05,28,4
16765,40575,3.260043e-05,28,4
16766,40576,3.25037e-05,28,4
16767,40577,3.258861e-05,28,4
16768,40600,3.265556e-05,28,4
16769,40601,3.258614e-05,28,4
16770,40602,3.248862e-05,28,5
16771,40603,3.263691e-05,28,5
16772,40604,3.264169e-05,28,5
16773,40605,3.256835e-05,28,5
16774,40606,3.250994e-05,28,5
16775,40607,3.266505e-05,28,5
16776,40610,3.264212e-05,28,6
16777,40611,3.253942e-05,28,6
16778,40612,3.256866e-05,28,6
16779,40613,3.268642e-05,28,6
16780,40614,3.262447e-05,28,6
16781,40615,3.252738e-05,28,6
16782,40616,3.268264e-05,28,6
16783,40617,3.274011e-05,28,7
16784,40620,3.272358e-05,28,7
16785,40621,3.269227e-05,28,7
16786,40622,3.290805e-05,28,7
16787,40623,3.302027e-05,28,7
16788,40624,3.321892e-05,28,7
16789,40625,3.381711e-05,28,8
16790,40626,3.524663e-05,28,8
16791,40627,3.811713e-05,28,8
16792,40630,4.516035e-05,28,8
16793,40631,5.735004e-05,28,8
16794,40632,0.0005666186,28,8
16795,40633,0.0005654492,28,9
16796,40634,0.0005652794,28,9
16797,40635,0.0005668583,28,9
16798,40636,0.0005688632,28,9
16799,40637,0.0005701086,28,9
16800,40640,0.0005700985,28,9
16801,40641,0.000569494,28,10
16802,40642,0.0005698974,28,10
16803,40643,0.0005709478,28,10
16804,40644,0.0005721841,28,10
16805,40645,0.0005734776,28,10
16806,40646,0.0005742388,28,10
16807,40647,0.0005744745,28,11
16808,40650,0.00057444,28,11
16809,40651,0.000574848,28,11
16810,40652,0.0005747977,28,11
16811,40653,0.0005750278,28,11
16812,40654,0.0005749078,28,11
16813,40655,0.0005748717,28,12
16814,40656,0.000574481,28,12
16815,40657,0.0005735573,28,12
16816,40660,0.0005719849,28,12
16817,40661,0.0005693141,28,12
16818,40662,0.000561132,28,12
16819,40663,0.0005500161,28,12
16820,40664,0.0005251371,28,13
16821,40665,0.000491605,28,13
16822,40666,0.0004503545,28,13
16823,40667,0.0003640257,28,13
16824,40670,0.0002887917,28,13
16825,40671,0.0002120635,28,13
16826,40672,0.0001467789,28,14
16827,40673,0.000103682,28,14
16828,40674,3.092217e-05,28,14
16829,40675,3.098128e-05,28,14
16830,40676,3.098615e-05,28,14
16831,40677,3.101463e-05,28,14
16832,40700,3.124814e-05,28,15
16833,40701,3.1288e-05,28,15
16834,40702,3.126026e-05,28,15
16835,40703,3.131296e-05,28,15
16836,40704,3.149105e-05,28,15
16837,40705,3.15309e-05,28,15
16838,40706,3.150824e-05,28,16
16839,40707,3.148248e-05,28,16
16840,40710,3.168651e-05,28,16
16841,40711,3.172269e-05,28,16
16842,40712,3.168692e-05,28,16
16843,40713,3.165563e-05,28,16
16844,40714,3.183486e-05,28,17
16845,40715,3.187638e-05,28,17
16846,40716,3.183563e-05,28,17
16847,40717,3.179244e-05,28,17
16848,40720,3.198209e-05,28,17
16849,40721,3.201134e-05,28,17
16850,40722,3.194509e-05,28,18
16851,40723,3.192468e-05,28,18
16852,40724,3.210867e-05,28,18
16853,40725,3.209514e-05,28,18
16854,40726,3.203166e-05,28,18
16855,40727,3.202798e-05,28,18
16856,40730,3.220783e-05,28,18
16857,40731,3.220012e-05,28,19
16858,40732,3.214345e-05,28,19
16859,40733,3.21033e-05,28,19
16860,40734,3.227182e-05,28,19
16861,40735,3.22876e-05,28,19
16862,40736,3.2228e-05,28,19
16863,40737,3.221143e-05,28,20
16864,40740,3.239941e-05,28,20
16865,40741,3.245399e-05,28,20
16866,40742,3.243868e-05,28,20
16867,40743,3.244055e-05,28,20
16868,40744,3.264672e-05,28,20
16869,40745,3.291707e-05,28,21
16870,40746,3.329887e-05,28,21
16871,40747,3.423589e-05,28,21
16872,40750,3.651747e-05,28,21
16873,40751,4.100378e-05,28,21
16874,40752,5.138023e-05,28,21
16875,40753,7.037269e-05,28,22
16876,40754,0.0005725612,28,22
16877,40755,0.0005718195,28,22
16878,40756,0.0005714417,28,22
16879,40757,0.0005710527,28,22
16880,40760,0.0005708229,28,22
16881,40761,0.0005715389,28,23
16882,40762,0.0005718806,28,23
16883,40763,0.0005726812,28,23
16884,40764,0.000572936,28,23
16885,40765,0.0005732471,28,23
16886,40766,0.0005735668,28,23
16887,40767,0.0005731707,28,24
16888,40770,0.0005733841,28,24
16889,40771,0.0005728945,28,24
16890,40772,0.0005726924,28,24
16891,40773,0.0005725648,28,24
16892,40774,0.0005717365,28,24
16893,40775,0.0005712014,28,25
16894,40776,0.0005712616,28,25
16895,40777,0.0005709172,28,25
16896,41000,0.0005706088,28,25
16897,41001,0.000570749,28,25
16898,41002,0.0005705628,28,25
16899,41003,0.0005705572,28,25
16900,41004,0.0005704017,28,26
16901,41005,0.0005689766,28,26
16902,41006,0.0005683891,28,26
16903,41007,0.0005678053,28,26
16904,41010,0.0005672337,28,26
16905,41011,0.0005665022,28,26
16906,41012,0.0005662676,28,27
16907,41013,0.0005655033,28,27
16908,41014,0.0005632381,28,27
16909,41015,0.0005607211,28,27
16910,41016,0.0005590597,28,27
16911,41017,0.0005583469,28,27
16912,41020,0.0005605752,28,28
16913,41021,0.0005624441,28,28
16914,41022,0.0005625896,28,28
16915,41023,0.0005628191,28,28
16916,41024,0.000561735,28,28
16917,41025,0.0005601104,28,28
16918,41026,0.0005572296,28,29
16919,41027,0.0005557616,28,29
16920,41030,0.0005540089,28,29
16921,41031,0.0005532985,28,29
16922,41032,0.0005540876,28,29
16923,41033,0.0005548555,28,29
16924,41034,0.0005543488,28,30
16925,41035,0.0005543079,28,30
16926,41036,0.0005529784,28,30
16927,41037,0.0005516354,28,30
16928,41040,0.000550961,28,30
16929,41041,0.000551948,28,30
16930,41042,0.0005544992,28,31
16931,41043,0.0005536724,28,31
16932,41044,0.000548234,28,31
16933,41045,0.0005392883,28,31
16934,41046,0.0005198412,28,31
16935,41047,0.0004910015,28,31
16936,41050,0.000449415,28,31
16937,41051,0.0003813216,28,32
16938,41052,0.0003009233,28,32
16939,41053,0.000217573,28,32
16940,41054,0.0001565837,28,32
16941,41055,0.0001123893,28,32
16942,41056,3.090162e-05,28,32
16943,41057,3.114877e-05,28,33
16944,41060,3.120853e-05,28,33
16945,41061,3.121022e-05,28,33
16946,41062,3.124577e-05,28,33
16947,41063,3.145657e-05,28,33
16948,41064,3.149106e-05,28,33
16949,41065,3.146603e-05,28,34
16950,41066,3.151196e-05,28,34
16951,41067,3.170045e-05,28,34
16952,41070,3.171043e-05,28,34
16953,41071,3.166684e-05,28,34
16954,41072,3.171275e-05,28,34
16955,41073,3.187828e-05,28,35
16956,41074,3.18986e-05,28,35
16957,41075,3.185328e-05,28,35
16958,41076,3.185788e-05,28,35
16959,41077,3.203735e-05,28,35
16960,41100,3.204206e-05,28,35
16961,41101,3.199226e-05,28,36
16962,41102,3.19754e-05,28,36
16963,41103,3.214526e-05,28,36
16964,41104,3.218353e-05,28,36
16965,41105,3.213464e-05,28,36
16966,41106,3.207818e-05,28,36
16967,41107,3.22489e-05,28,37
16968,41110,3.229753e-05,28,37
16969,41111,3.226542e-05,28,37
16970,41112,3.219831e-05,28,37
16971,41113,3.234297e-05,28,37
16972,41114,3.246874e-05,28,37
16973,41115,3.24811e-05,28,37
16974,41116,3.24537e-05,28,38
16975,41117,3.259321e-05,28,38
16976,41120,3.287857e-05,28,38
16977,41121,3.325961e-05,28,38
16978,41122,3.392517e-05,28,38
16979,41123,3.566249e-05,28,38
16980,41124,3.91615e-05,28,39
16981,41125,4.715719e-05,28,39
16982,41126,6.477523e-05,28,39
16983,41127,0.0006120532,28,39
16984,41130,0.000611422,28,39
16985,41131,0.0006117263,28,39
16986,41132,0.0006118863,28,40
16987,41133,0.0006119179,28,40
16988,41134,0.000611417,28,40
16989,41135,0.0006109732,28,40
16990,41136,0.0006112748,28,40
16991,41137,0.0006120853,28,40
16992,41140,0.0006114476,28,41
16993,41141,0.0006113048,28,41
16994,41142,0.0006113581,28,41
16995,41143,0.0006113016,28,41
16996,41144,0.0006113142,28,41
16997,41145,0.0006117295,28,41
16998,41146,0.0006114646,28,42
16999,41147,0.0006114793,28,42
17000,41150,0.0006110878,28,42
17001,41151,0.000611433,28,42
17002,41152,0.0006116111,28,42
17003,41153,0.0006111701,28,42
17004,41154,0.000611622,28,43
17005,41155,0.0006117093,28,43
17006,41156,0.0006112819,28,43
17007,41157,0.0006116878,28,43
17008,41160,0.0006113867,28,43
17009,41161,0.0006110009,28,43
17010,41162,0.000610553,28,43
17011,41163,0.0006111817,28,44
17012,41164,0.000611082,28,44
17013,41165,0.0006113164,28,44
17014,41166,0.0006106576,28,44
17015,41167,0.0006108842,28,44
17016,41170,0.0006108502,28,44
17017,41171,0.0006107613,28,45
17018,41172,0.0006109675,28,45
17019,41173,0.0006106031,28,45
17020,41174,0.0006110248,28,45
17021,41175,0.0006112028,28,45
17022,41176,0.0006110815,28,45
17023,41177,0.0006110827,28,46
17024,41200,0.0006110732,28,46
17025,41201,0.0006109475,28,46
17026,41202,0.0006115495,28,46
17027,41203,0.0006114877,28,46
17028,41204,0.0006108141,28,46
17029,41205,0.000611313,28,47
17030,41206,0.0006109521,28,47
17031,41207,0.0006108251,28,47
17032,41210,0.0006111893,28,47
17033,41211,0.0006112305,28,47
17034,41212,0.000611375,28,47
17035,41213,0.0006106232,28,48
17036,41214,0.0006109874,28,48
17037,41215,0.0006108995,28,48
17038,41216,0.0006111568,28,48
17039,41217,0.0006110289,28,48
17040,41220,0.0006109527,28,48
17041,41221,0.0006109274,28,49
17042,41222,0.0006109591,28,49
17043,41223,0.0006102383,28,49
17044,41224,0.0006110289,28,49
17045,41225,0.0006109374,28,49
17046,41226,0.0006103822,28,49
17047,41227,0.0006107573,-1,-1
17048,41230,0.0006107646,-1,-1
17049,41231,0.0006111231,-1,-1
17050,41232,0.0006112191,-1,-1
17051,41233,0.0006110511,-1,-1
17052,41234,0.0006107342,-1,-1
17053,41235,0.0006107332,-1,-1
17054,41236,0.0006107835,-1,-1
17055,41237,0.0006109557,-1,-1
17056,41240,0.0006105091,-1,-1
17057,41241,0.0006109048,-1,-1
17058,41242,0.000610797,-1,-1
17059,41243,0.0006110213,-1,-1
17060,41244,0.000611095,-1,-1
17061,41245,0.0006115741,-1,-1
17062,41246,0.0006112339,-1,-1
17063,41247,0.0006114855,-1,-1
17064,41250,0.0006114184,-1,-1
17065,41251,0.000611092,-1,-1
17066,41252,0.0006112795,-1,-1
17067,41253,0.0006112034,-1,-1
17068,41254,0.0006115055,-1,-1
17069,41255,0.0006111981,-1,-1
17070,41256,0.0006115711,-1,-1
17071,41257,0.0006110735,-1,-1
17072,41260,0.0006114769,-1,-1
17073,41261,0.0006112069,-1,-1
17074,41262,0.000611447,-1,-1
17075,41263,0.0006114707,-1,-1
17076,41264,0.0006115119,-1,-1
17077,41265,0.0006115096,-1,-1
17078,41266,0.0006115842,-1,-1
17079,41267,0.0006111514,-1,-1
17080,41270,0.000611802,-1,-1
17081,41271,0.0006109234,-1,-1
17082,41272,0.0006114172,-1,-1
17083,41273,0.000611163,-1,-1
17084,41274,0.0006113528,-1,-1
17085,41275,0.0006110465,-1,-1
17086,41276,0.0006111378,-1,-1
17087,41277,0.0006111894,-1,-1
17088,41300,0.0006114313,-1,-1
17089,41301,0.0006115964,-1,-1
17090,41302,0.000611352,-1,-1
17091,41303,0.0006111524,-1,-1
17092,41304,0.0006113421,-1,-1
17093,41305,0.0006111472,-1,-1
17094,41306,0.0006112869,-1,-1
17095,41307,0.0006115337,-1,-1
17096,41310,0.00061121,-1,-1
17097,41311,0.0006109932,-1,-1
17098,41312,0.0006114448,-1,-1
17099,41313,0.0006116672,-1,-1
17100,41314,0.0006115204,-1,-1
17101,41315,0.000611375,-1,-1
17102,41316,0.0006117012,-1,-1
17103,41317,0.0006119015,-1,-1
17104,41320,0.0006117359,-1,-1
17105,41321,0.0006118301,-1,-1
17106,41322,0.0006119459,-1,-1
17107,41323,0.0006120742,-1,-1
17108,41324,0.0006116835,-1,-1
17109,41325,0.0006117786,-1,-1
17110,41326,0.0006115839,-1,-1
17111,41327,0.0006118354,-1,-1
17112,41330,0.0006119683,-1,-1
17113,41331,0.00061148,-1,-1
17114,41332,0.0006114179,-1,-1
17115,41333,0.0006117094,-1,-1
17116,41334,0.0006111501,-1,-1
17117,41335,0.0006118042,-1,-1
17118,41336,0.0006115513,-1,-1
17119,41337,0.0006112057,-1,-1
17120,41340,0.0006117855,-1,-1
17121,41341,0.000610958,-1,-1
17122,41342,0.0006116016,-1,-1
17123,41343,0.0006109468,-1,-1
17124,41344,0.0006114167,-1,-1
17125,41345,0.000611372,-1,-1
17126,41346,0.0006110212,-1,-1
17127,41347,0.0006109959,-1,-1
17128,41350,0.000611222,-1,-1
17129,41351,0.0006105943,-1,-1
17130,41352,0.0006112004,-1,-1
17131,41353,0.000611,-1,-1
17132,41354,0.0006106353,-1,-1
17133,41355,0.0006109485,-1,-1
17134,41356,0.0006107221,-1,-1
17135,41357,0.0006112888,-1,-1
17136,41360,0.0006112056,-1,-1
17137,41361,0.0006105854,-1,-1
17138,41362,0.0006104339,-1,-1
17139,41363,0.0006108092,-1,-1
17140,41364,0.0006105662,-1,-1
17141,41365,0.0006114523,-1,-1
17142,41366,0.0006105316,-1,-1
17143,41367,0.000611036,-1,-1
17144,41370,0.0006110118,-1,-1
17145,41371,0.0006105609,-1,-1
17146,41372,0.0006107531,-1,-1
17147,41373,0.0006108584,-1,-1
17148,41374,0.0006109552,-1,-1
17149,41375,0.0006116057,-1,-1
17150,41376,0.0006111477,-1,-1
17151,41377,0.0006111846,-1,-1
17152,41400,0.0006108818,-1,-1
17153,41401,0.0006111019,-1,-1
17154,41402,0.0006112572,-1,-1
17155,41403,0.0006112565,-1,-1
17156,41404,0.0006109979,-1,-1
17157,41405,0.000611402,-1,-1
17158,41406,0.0006108977,-1,-1
17159,41407,0.0006109897,-1,-1
17160,41410,0.0006111058,-1,-1
17161,41411,0.0006109943,-1,-1
17162,41412,0.0006110875,-1,-1
17163,41413,0.0006111788,-1,-1
17164,41414,0.0006109299,-1,-1
17165,41415,0.0006107904,-1,-1
17166,41416,0.0006108637,-1,-1
17167,41417,0.0006113398,-1,-1
17168,41420,0.0006109938,-1,-1
17169,41421,0.0006110904,-1,-1
17170,41422,0.0006110645,-1,-1
17171,41423,0.0006105473,-1,-1
17172,41424,0.0006107395,-1,-1
17173,41425,0.0006110018,-1,-1
17174,41426,0.000610609,-1,-1
17175,41427,0.000611311,-1,-1
17176,41430,0.000611252,-1,-1
17177,41431,0.0006111614,-1,-1
17178,41432,0.0006115747,-1,-1
17179,41433,0.0006112572,-1,-1
17180,41434,0.0006119954,-1,-1
17181,41435,0.0006115704,-1,-1
17182,41436,0.0006113023,-1,-1
17183,41437,0.0006109404,-1,-1
17184,41440,0.0006118019,-1,-1
17185,41441,0.0006110193,-1,-1
17186,41442,0.0006113867,-1,-1
17187,41443,0.0006112133,-1,-1
17188,41444,0.0006116448,-1,-1
17189,41445,0.0006116866,-1,-1
17190,41446,0.0006113414,-1,-1
17191,41447,0.0006110594,-1,-1
17192,41450,0.0006112017,-1,-1
17193,41451,0.0006113539,-1,-1
17194,41452,0.0006111976,-1,-1
17195,41453,0.000610979,-1,-1
17196,41454,0.0006111562,-1,-1
17197,41455,0.0006115437,-1,-1
17198,41456,0.0006114212,-1,-1
17199,41457,0.0006115823,-1,-1
17200,41460,0.0006112742,-1,-1
17201,41461,0.0006113655,-1,-1
17202,41462,0.0006114488,-1,-1
17203,41463,0.0006106822,-1,-1
17204,41464,0.0006114299,-1,-1
17205,41465,0.0006115125,-1,-1
17206,41466,0.0006115583,-1,-1
17207,41467,0.0006118699,-1,-1
17208,41470,0.0006116396,-1,-1
17209,41471,0.0006117464,-1,-1
17210,41472,0.0006113161,-1,-1
17211,41473,0.0006115536,-1,-1
17212,41474,0.0006116104,-1,-1
17213,41475,0.0006113112,-1,-1
17214,41476,0.0006114873,-1,-1
17215,41477,0.0006111501,-1,-1
17216,41500,0.0006110008,-1,-1
17217,41501,0.0006115518,-1,-1
17218,41502,0.0006112818,-1,-1
17219,41503,0.0006113037,-1,-1
17220,41504,0.0006111143,-1,-1
17221,41505,0.0006111408,-1,-1
17222,41506,0.0006112129,-1,-1
17223,41507,0.0006111444,-1,-1
17224,41510,0.000611443,-1,-1
17225,41511,0.0006115044,-1,-1
17226,41512,0.0006112648,-1,-1
17227,41513,0.0006112731,-1,-1
17228,41514,0.0006115618,-1,-1
17229,41515,0.0006114012,-1,-1
17230,41516,0.0006117603,-1,-1
17231,41517,0.0006114105,-1,-1
17232,41520,0.0006110508,29,49
17233,41521,0.0006113357,29,49
17234,41522,0.0006112093,29,49
17235,41523,0.0006113968,29,49
17236,41524,0.000611276,29,49
17237,41525,0.0006113974,29,49
17238,41526,0.0006111313,29,49
17239,41527,0.0006114664,29,48
17240,41530,0.0006110224,29,48
17241,41531,0.0006109152,29,48
17242,41532,0.0006107027,29,48
17243,41533,0.0006110552,29,48
17244,41534,0.0006107992,29,48
17245,41535,0.0006106108,29,47
17246,41536,0.0006105708,29,47
17247,41537,0.0006111413,29,47
17248,41540,0.0006113476,29,47
17249,41541,0.000611112,29,47
17250,41542,0.0006108551,29,47
17251,41543,0.0006109899,29,46
17252,41544,0.0006112287,29,46
17253,41545,0.0006106119,29,46
17254,41546,0.0006113123,29,46
17255,41547,0.0006108677,29,46
17256,41550,0.0006109913,29,46
17257,41551,0.0006109176,29,45
17258,41552,0.0006114636,29,45
17259,41553,0.0006113579,29,45
17260,41554,0.0006109153,29,45
17261,41555,0.0006110957,29,45
17262,41556,0.0006109311,29,45
17263,41557,0.0006105604,29,44
17264,41560,0.000610876,29,44
17265,41561,0.0006108344,29,44
17266,41562,0.000610647,29,44
17267,41563,0.0006108179,29,44
17268,41564,0.0006107957,29,44
17269,41565,0.0006107038,29,44
17270,41566,0.0006104859,29,43
17271,41567,0.0006093514,29,43
17272,41570,0.0006058131,29,43
17273,41571,0.0006010683,29,43
17274,41572,0.0005963895,29,43
17275,41573,0.0005896127,29,43
17276,41574,0.0005820259,29,42
17277,41575,0.0005726103,29,42
17278,41576,0.0005612423,29,42
17279,41577,0.0005533848,29,42
17280,41600,0.0005485681,29,42
17281,41601,0.0005472914,29,42
17282,41602,0.0005486456,29,41
17283,41603,0.000553758,29,41
17284,41604,0.0005576269,29,41
17285,41605,0.000561015,29,41
17286,41606,0.0005630362,29,41
17287,41607,0.0005645203,29,41
17288,41610,0.0005651751,29,40
17289,41611,0.0005650585,29,40
17290,41612,0.0005622733,29,40
17291,41613,0.0005556681,29,40
17292,41614,0.0005414973,29,40
17293,41615,0.0005220352,29,40
17294,41616,0.0004944962,29,39
17295,41617,0.0004533889,29,39
17296,41620,0.0003938017,29,39
17297,41621,0.0003089773,29,39
17298,41622,0.0002271507,29,39
17299,41623,0.0001561948,29,39
17300,41624,3.076542e-05,29,38
17301,41625,3.090232e-05,29,38
17302,41626,3.107889e-05,29,38
17303,41627,3.109962e-05,29,38
17304,41630,3.107936e-05,29,38
17305,41631,3.123406e-05,29,38
17306,41632,3.136575e-05,29,38
17307,41633,3.136287e-05,29,37
17308,41634,3.133276e-05,29,37
17309,41635,3.147642e-05,29,37
17310,41636,3.15913e-05,29,37
17311,41637,3.158808e-05,29,37
17312,41640,3.153138e-05,29,37
17313,41641,3.163042e-05,29,36
17314,41642,3.176822e-05,29,36
17315,41643,3.175639e-05,29,36
17316,41644,3.170464e-05,29,36
17317,41645,3.176658e-05,29,36
17318,41646,3.190475e-05,29,36
17319,41647,3.18971e-05,29,35
17320,41650,3.184192e-05,29,35
17321,41651,3.184866e-05,29,35
17322,41652,3.201735e-05,29,35
17323,41653,3.20105e-05,29,35
17324,41654,3.195232e-05,29,35
17325,41655,3.193346e-05,29,34
17326,41656,3.209975e-05,29,34
17327,41657,3.212201e-05,29,34
17328,41660,3.207528e-05,29,34
17329,41661,3.201413e-05,29,34
17330,41662,3.218996e-05,29,34
17331,41663,3.224585e-05,29,33
17332,41664,3.223803e-05,29,33
17333,41665,3.226706e-05,29,33
17334,41666,3.25937e-05,29,33
17335,41667,3.306565e-05,29,33
17336,41670,3.347723e-05,29,33
17337,41671,3.431547e-05,29,33
17338,41672,3.611339e-05,29,32
17339,41673,3.881232e-05,29,32
17340,41674,4.712893e-05,29,32
17341,41675,6.038547e-05,29,32
17342,41676,0.0005720312,29,32
17343,41677,0.0005720237,29,32
17344,41700,0.0005722978,29,31
17345,41701,0.0005714684,29,31
17346,41702,0.0005711578,29,31
17347,41703,0.0005707373,29,31
17348,41704,0.0005702768,29,31
17349,41705,0.0005700506,29,31
17350,41706,0.0005700638,29,30
17351,41707,0.0005702872,29,30
17352,41710,0.0005704706,29,30
17353,41711,0.0005703298,29,30
17354,41712,0.0005703909,29,30
17355,41713,0.0005696283,29,30
17356,41714,0.0005684764,29,29
17357,41715,0.0005684604,29,29
17358,41716,0.000567475,29,29
17359,41717,0.0005672512,29,29
17360,41720,0.0005666046,29,29
17361,41721,0.0005648893,29,29
17362,41722,0.0005639741,29,28
17363,41723,0.0005640543,29,28
17364,41724,0.0005654016,29,28
17365,41725,0.0005679085,29,28
17366,41726,0.0005691851,29,28
17367,41727,0.0005709209,29,28
17368,41730,0.000571821,29,27
17369,41731,0.0005720131,29,27
17370,41732,0.0005722229,29,27
17371,41733,0.0005725108,29,27
17372,41734,0.0005719959,29,27
17373,41735,0.0005721439,29,27
17374,41736,0.0005722976,29,27
17375,41737,0.0005720161,29,26
17376,41740,0.0005719593,29,26
17377,41741,0.0005714979,29,26
17378,41742,0.0005706582,29,26
17379,41743,0.0005704378,29,26
17380,41744,0.0005702076,29,26
17381,41745,0.0005704435,29,25
17382,41746,0.0005701896,29,25
17383,41747,0.0005705338,29,25
17384,41750,0.0005718535,29,25
17385,41751,0.0005715318,29,25
17386,41752,0.0005717073,29,25
17387,41753,0.0005721902,29,24
17388,41754,0.0005732194,29,24
17389,41755,0.00057294,29,24
17390,41756,0.0005735201,29,24
17391,41757,0.0005736478,29,24
17392,41760,0.0005743758,29,24
17393,41761,0.0005740757,29,23
17394,41762,0.0005742647,29,23
17395,41763,0.0005747146,29,23
17396,41764,0.0005737113,29,23
17397,41765,0.0005711305,29,23
17398,41766,0.0005670146,29,23
17399,41767,0.0005553527,29,22
17400,41770,0.0005413459,29,22
17401,41771,0.0005195273,29,22
17402,41772,0.0004747643,29,22
17403,41773,0.0004339759,29,22
17404,41774,0.0003642603,29,22
17405,41775,0.0002608947,29,22
17406,41776,0.0002029042,29,21
17407,41777,0.0001387871,29,21
17408,42000,3.07491e-05,29,21
17409,42001,3.074847e-05,29,21
17410,42002,3.09073e-05,29,21
17411,42003,3.106633e-05,29,21
17412,42004,3.107263e-05,29,20
17413,42005,3.105621e-05,29,20
17414,42006,3.122302e-05,29,20
17415,42007,3.133246e-05,29,20
17416,42010,3.132992e-05,29,20
17417,42011,3.129239e-05,29,20
17418,42012,3.142639e-05,29,19
17419,42013,3.155324e-05,29,19
17420,42014,3.153959e-05,29,19
17421,42015,3.149662e-05,29,19
17422,42016,3.15783e-05,29,19
17423,42017,3.172378e-05,29,19
17424,42020,3.170947e-05,29,18
17425,42021,3.165528e-05,29,18
17426,42022,3.170563e-05,29,18
17427,42023,3.186259e-05,29,18
17428,42024,3.184437e-05,29,18
17429,42025,3.179153e-05,29,18
17430,42026,3.181456e-05,29,17
17431,42027,3.197059e-05,29,17
17432,42030,3.194514e-05,29,17
17433,42031,3.188012e-05,29,17
17434,42032,3.194905e-05,29,17
17435,42033,3.204858e-05,29,17
17436,42034,3.19823e-05,29,16
17437,42035,3.19364e-05,29,16
17438,42036,3.212093e-05,29,16
17439,42037,3.2131e-05,29,16
17440,42040,3.207898e-05,29,16
17441,42041,3.201392e-05,29,16
17442,42042,3.214809e-05,29,16
17443,42043,3.222132e-05,29,15
17444,42044,3.218458e-05,29,15
17445,42045,3.212251e-05,29,15
17446,42046,3.227469e-05,29,15
17447,42047,3.245457e-05,29,15
17448,42050,3.263645e-05,29,15
17449,42051,3.283471e-05,29,14
17450,42052,3.341619e-05,29,14
17451,42053,3.429184e-05,29,14
17452,42054,3.541679e-05,29,14
17453,42055,3.822598e-05,29,14
17454,42056,4.432536e-05,29,14
17455,42057,6.229995e-05,29,13
17456,42060,0.0005722695,29,13
17457,42061,0.0005719662,29,13
17458,42062,0.0005710727,29,13
17459,42063,0.0005692986,29,13
17460,42064,0.0005666487,29,13
17461,42065,0.0005642363,29,12
17462,42066,0.0005648759,29,12
17463,42067,0.0005661554,29,12
17464,42070,0.000568399,29,12
17465,42071,0.0005692283,29,12
17466,42072,0.0005716071,29,12
17467,42073,0.0005732763,29,11
17468,42074,0.0005736097,29,11
17469,42075,0.0005742701,29,11
17470,42076,0.0005746883,29,11
17471,42077,0.0005747643,29,11
17472,42100,0.0005747508,29,11
17473,42101,0.0005742803,29,11
17474,42102,0.0005744557,29,10
17475,42103,0.0005737857,29,10
17476,42104,0.0005742596,29,10
17477,42105,0.0005744784,29,10
17478,42106,0.0005739044,29,10
17479,42107,0.0005711164,29,10
17480,42110,0.0005661711,29,9
17481,42111,0.0005566347,29,9
17482,42112,0.0005393935,29,9
17483,42113,0.0005114359,29,9
17484,42114,0.0004793413,29,9
17485,42115,0.0004198076,29,9
17486,42116,0.0003429107,29,8
17487,42117,0.0002720587,29,8
17488,42120,0.0001921167,29,8
17489,42121,0.0001336423,29,8
17490,42122,3.066406e-05,29,8
17491,42123,3.074161e-05,29,8
17492,42124,3.076017e-05,29,7
17493,42125,3.077335e-05,29,7
17494,42126,3.098468e-05,29,7
17495,42127,3.105602e-05,29,7
17496,42130,3.105389e-05,29,7
17497,42131,3.103465e-05,29,7
17498,42132,3.12429e-05,29,6
17499,42133,3.130061e-05,29,6
17500,42134,3.128393e-05,29,6
17501,42135,3.12494e-05,29,6
17502,42136,3.141002e-05,29,6
17503,42137,3.149715e-05,29,6
17504,42140,3.148022e-05,29,5
17505,42141,3.142401e-05,29,5
17506,42142,3.151234e-05,29,5
17507,42143,3.163771e-05,29,5
17508,42144,3.160284e-05,29,5
17509,42145,3.154027e-05,29,5
17510,42146,3.165218e-05,29,5
17511,42147,3.175461e-05,29,4
17512,42150,3.17097e-05,29,4
17513,42151,3.164391e-05,29,4
17514,42152,3.177862e-05,29,4
17515,42153,3.184423e-05,29,4
17516,42154,3.178986e-05,29,4
17517,42155,3.174624e-05,29,3
17518,42156,3.191798e-05,29,3
17519,42157,3.195212e-05,29,3
17520,42160,3.192851e-05,29,3
17521,42161,3.188097e-05,29,3
17522,42162,3.198786e-05,29,3
17523,42163,3.207107e-05,29,2
17524,42164,3.20324e-05,29,2
17525,42165,3.195422e-05,29,2
17526,42166,3.204829e-05,29,2
17527,42167,3.214511e-05,29,2
17528,42170,3.210474e-05,29,2
17529,42171,3.202329e-05,29,1
17530,42172,3.208478e-05,29,1
17531,42173,3.220174e-05,29,1
17532,42174,3.216447e-05,29,1
17533,42175,3.20829e-05,29,1
17534,42176,3.213849e-05,29,1
17535,42177,3.225713e-05,29,0
17536,42200,3.221376e-05,29,0
17537,42201,3.214341e-05,29,0
17538,42202,3.215302e-05,29,0
17539,42203,3.229568e-05,29,0
17540,42204,3.226778e-05,29,0
17541,42205,3.219081e-05,-1,-1
17542,42206,3.218753e-05,-1,-1
17543,42207,3.234261e-05,-1,-1
17544,42210,3.229963e-05,-1,-1
17545,42211,3.222811e-05,-1,-1
17546,42212,3.22196e-05,-1,-1
17547,42213,3.236637e-05,-1,-1
17548,42214,3.234862e-05,-1,-1
17549,42215,3.226758e-05,-1,-1
17550,42216,3.223426e-05,-1,-1
17551,42217,3.239827e-05,-1,-1
17552,42220,3.236581e-05,-1,-1
17553,42221,3.228011e-05,-1,-1
17554,42222,3.228784e-05,-1,-1
17555,42223,3.242079e-05,-1,-1
17556,42224,3.238545e-05,-1,-1
17557,42225,3.231296e-05,-1,-1
17558,42226,3.230336e-05,-1,-1
17559,42227,3.244652e-05,-1,-1
17560,42230,3.241203e-05,-1,-1
17561,42231,3.232502e-05,-1,-1
17562,42232,3.231837e-05,-1,-1
17563,42233,3.246824e-05,-1,-1
17564,42234,3.243141e-05,-1,-1
17565,42235,3.234856e-05,-1,-1
17566,42236,3.234745e-05,-1,-1
17567,42237,3.24873e-05,-1,-1
17568,42240,3.243466e-05,-1,-1
17569,42241,3.234325e-05,-1,-1
17570,42242,3.239169e-05,-1,-1
17571,42243,3.24994e-05,-1,-1
17572,42244,3.245639e-05,-1,-1
17573,42245,3.237834e-05,-1,-1
17574,42246,3.236235e-05,-1,-1
17575,42247,3.251307e-05,-1,-1
17576,42250,3.247829e-05,-1,-1
17577,42251,3.239283e-05,-1,-1
17578,42252,3.237058e-05,-1,-1
17579,42253,3.251705e-05,-1,-1
17580,42254,3.249392e-05,-1,-1
17581,42255,3.241414e-05,-1,-1
17582,42256,3.235641e-05,-1,-1
17583,42257,3.252663e-05,-1,-1
17584,42260,3.2509e-05,-1,-1
17585,42261,3.242809e-05,-1,-1
17586,42262,3.237248e-05,-1,-1
17587,42263,3.250262e-05,-1,-1
17588,42264,3.253456e-05,-1,-1
17589,42265,3.245756e-05,-1,-1
17590,42266,3.237242e-05,-1,-1
17591,42267,3.248382e-05,-1,-1
17592,42270,3.255064e-05,-1,-1
17593,42271,3.248617e-05,-1,-1
17594,42272,3.238897e-05,-1,-1
17595,42273,3.246584e-05,-1,-1
17596,42274,3.256635e-05,-1,-1
17597,42275,3.249454e-05,-1,-1
17598,42276,3.240557e-05,-1,-1
17599,42277,3.247698e-05,-1,-1
17600,42300,3.25682e-05,-1,-1
17601,42301,3.251638e-05,-1,-1
17602,42302,3.242305e-05,-1,-1
17603,42303,3.24535e-05,-1,-1
17604,42304,3.258202e-05,-1,-1
17605,42305,3.252446e-05,-1,-1
17606,42306,3.244146e-05,-1,-1
17607,42307,3.24527e-05,-1,-1
17608,42310,3.258873e-05,-1,-1
17609,42311,3.254943e-05,-1,-1
17610,42312,3.24734e-05,-1,-1
17611,42313,3.245856e-05,-1,-1
17612,42314,3.25968e-05,-1,-1
17613,42315,3.255511e-05,-1,-1
17614,42316,3.247381e-05,-1,-1
17615,42317,3.244158e-05,-1,-1
17616,42320,3.259888e-05,-1,-1
17617,42321,3.257707e-05,-1,-1
17618,42322,3.24938e-05,-1,-1
17619,42323,3.245041e-05,-1,-1
17620,42324,3.259115e-05,-1,-1
17621,42325,3.25999e-05,-1,-1
17622,42326,3.254815e-05,-1,-1
17623,42327,3.245721e-05,-1,-1
17624,42330,3.253594e-05,-1,-1
17625,42331,3.262073e-05,-1,-1
17626,42332,3.257412e-05,-1,-1
17627,42333,3.24876e-05,-1,-1
17628,42334,3.249806e-05,-1,-1
17629,42335,3.26291e-05,-1,-1
17630,42336,3.259725e-05,-1,-1
17631,42337,3.252109e-05,-1,-1
17632,42340,3.245674e-05,-1,-1
17633,42341,3.261134e-05,-1,-1
17634,42342,3.260919e-05,-1,-1
17635,42343,3.253842e-05,-1,-1
17636,42344,3.245203e-05,-1,-1
17637,42345,3.256996e-05,-1,-1
17638,42346,3.26198e-05,-1,-1
17639,42347,3.253905e-05,-1,-1
17640,42350,3.245381e-05,-1,-1
17641,42351,3.258653e-05,-1,-1
17642,42352,3.26187e-05,-1,-1
17643,42353,3.253969e-05,-1,-1
17644,42354,3.246098e-05,-1,-1
17645,42355,3.259481e-05,-1,-1
17646,42356,3.263683e-05,-1,-1
17647,42357,3.25617e-05,-1,-1
17648,42360,3.247453e-05,-1,-1
17649,42361,3.258216e-05,-1,-1
17650,42362,3.263893e-05,-1,-1
17651,42363,3.258629e-05,-1,-1
17652,42364,3.248827e-05,-1,-1
17653,42365,3.255947e-05,-1,-1
17654,42366,3.265208e-05,-1,-1
17655,42367,3.258529e-05,-1,-1
17656,42370,3.250063e-05,-1,-1
17657,42371,3.25494e-05,-1,-1
17658,42372,3.265317e-05,-1,-1
17659,42373,3.258946e-05,-1,-1
17660,42374,3.249913e-05,-1,-1
17661,42375,3.254935e-05,-1,-1
17662,42376,3.266288e-05,-1,-1
17663,42377,3.26086e-05,-1,-1
17664,42400,3.252885e-05,-1,-1
17665,42401,3.253298e-05,-1,-1
17666,42402,3.266578e-05,-1,-1
17667,42403,3.261648e-05,-1,-1
17668,42404,3.252671e-05,-1,-1
17669,42405,3.256269e-05,-1,-1
17670,42406,3.267287e-05,-1,-1
17671,42407,3.262274e-05,-1,-1
17672,42410,3.253128e-05,-1,-1
17673,42411,3.254056e-05,-1,-1
17674,42412,3.2675e-05,-1,-1
17675,42413,3.263518e-05,-1,-1
17676,42414,3.254911e-05,-1,-1
17677,42415,3.25225e-05,-1,-1
17678,42416,3.267726e-05,-1,-1
17679,42417,3.264689e-05,-1,-1
17680,42420,3.256041e-05,-1,-1
17681,42421,3.250859e-05,-1,-1
17682,42422,3.265486e-05,-1,-1
17683,42423,3.266994e-05,-1,-1
17684,42424,3.258483e-05,-1,-1
17685,42425,3.250786e-05,-1,-1
17686,42426,3.266505e-05,-1,-1
17687,42427,3.266338e-05,-1,-1
17688,42430,3.258714e-05,-1,-1
17689,42431,3.251617e-05,-1,-1
17690,42432,3.265331e-05,-1,-1
17691,42433,3.267532e-05,-1,-1
17692,42434,3.26016e-05,-1,-1
17693,42435,3.252484e-05,-1,-1
17694,42436,3.25882e-05,-1,-1
17695,42437,3.268949e-05,-1,-1
17696,42440,3.263629e-05,-1,-1
17697,42441,3.254806e-05,-1,-1
17698,42442,3.258828e-05,-1,-1
17699,42443,3.269799e-05,-1,-1
17700,42444,3.26392e-05,-1,-1
17701,42445,3.25463e-05,-1,-1
17702,42446,3.256463e-05,-1,-1
17703,42447,3.269568e-05,-1,-1
17704,42450,3.261349e-05,-1,-1
17705,42451,3.253957e-05,-1,-1
17706,42452,3.259286e-05,-1,-1
17707,42453,3.269842e-05,-1,-1
17708,42454,3.263946e-05,-1,-1
17709,42455,3.25566e-05,-1,-1
17710,42456,3.259812e-05,-1,-1
17711,42457,3.270013e-05,-1,-1
17712,42460,3.264824e-05,-1,-1
17713,42461,3.255963e-05,-1,-1
17714,42462,3.26026e-05,-1,-1
17715,42463,3.270771e-05,-1,-1
17716,42464,3.265559e-05,-1,-1
17717,42465,3.256079e-05,-1,-1
17718,42466,3.258726e-05,-1,-1
17719,42467,3.270718e-05,-1,-1
17720,42470,3.265372e-05,-1,-1
17721,42471,3.255938e-05,-1,-1
17722,42472,3.2598e-05,-1,-1
17723,42473,3.270941e-05,-1,-1
17724,42474,3.265296e-05,-1,-1
17725,42475,3.25631e-05,30,0
17726,42476,3.260336e-05,30,0
17727,42477,3.270885e-05,30,0
17728,42500,3.266452e-05,30,0
17729,42501,3.256651e-05,30,0
17730,42502,3.258712e-05,30,0
17731,42503,3.27075e-05,30,0
17732,42504,3.266731e-05,30,1
17733,42505,3.256808e-05,30,1
17734,42506,3.254654e-05,30,1
17735,42507,3.267714e-05,30,1
17736,42510,3.263267e-05,30,1
17737,42511,3.254621e-05,30,1
17738,42512,3.252414e-05,30,2
17739,42513,3.268074e-05,30,2
17740,42514,3.263721e-05,30,2
17741,42515,3.253773e-05,30,2
17742,42516,3.255233e-05,30,2
17743,42517,3.268422e-05,30,2
17744,42520,3.264215e-05,30,3
17745,42521,3.256264e-05,30,3
17746,42522,3.254419e-05,30,3
17747,42523,3.269166e-05,30,3
17748,42524,3.266192e-05,30,3
17749,42525,3.256864e-05,30,3
17750,42526,3.254384e-05,30,4
17751,42527,3.269691e-05,30,4
17752,42530,3.266722e-05,30,4
17753,42531,3.257924e-05,30,4
17754,42532,3.256261e-05,30,4
17755,42533,3.270399e-05,30,4
17756,42534,3.268103e-05,30,5
17757,42535,3.260539e-05,30,5
17758,42536,3.254563e-05,30,5
17759,42537,3.270454e-05,30,5
17760,42540,3.270138e-05,30,5
17761,42541,3.262573e-05,30,5
17762,42542,3.255579e-05,30,5
17763,42543,3.270747e-05,30,6
17764,42544,3.272226e-05,30,6
17765,42545,3.265275e-05,30,6
17766,42546,3.256881e-05,30,6
17767,42547,3.270688e-05,30,6
17768,42550,3.275004e-05,30,6
17769,42551,3.270603e-05,30,7
17770,42552,3.266244e-05,30,7
17771,42553,3.282118e-05,30,7
17772,42554,3.293349e-05,30,7
17773,42555,3.296409e-05,30,7
17774,42556,3.300736e-05,30,7
17775,42557,3.340044e-05,30,8
17776,42560,3.442198e-05,30,8
17777,42561,3.581833e-05,30,8
17778,42562,3.963887e-05,30,8
17779,42563,4.766123e-05,30,8
17780,42564,6.19542e-05,30,8
17781,42565,0.0005704968,30,9
17782,42566,0.0005716703,30,9
17783,42567,0.0005723087,30,9
17784,42570,0.0005730094,30,9
17785,42571,0.0005729033,30,9
17786,42572,0.0005733535,30,9
17787,42573,0.0005736381,30,10
17788,42574,0.0005745008,30,10
17789,42575,0.0005738401,30,10
17790,42576,0.0005732861,30,10
17791,42577,0.0005724739,30,10
17792,42600,0.0005716088,30,10
17793,42601,0.000572554,30,11
17794,42602,0.0005729008,30,11
17795,42603,0.0005737987,30,11
17796,42604,0.0005746543,30,11
17797,42605,0.000574823,30,11
17798,42606,0.0005746166,30,11
17799,42607,0.0005738818,30,11
17800,42610,0.0005732996,30,12
17801,42611,0.0005730854,30,12
17802,42612,0.0005710566,30,12
17803,42613,0.0005706907,30,12
17804,42614,0.0005684656,30,12
17805,42615,0.0005632792,30,12
17806,42616,0.000555518,30,13
17807,42617,0.0005373726,30,13
17808,42620,0.0005117131,30,13
17809,42621,0.0004749904,30,13
17810,42622,0.0004020976,30,13
17811,42623,0.0003342713,30,13
17812,42624,0.0002473434,30,14
17813,42625,0.0001768857,30,14
17814,42626,0.0001268961,30,14
17815,42627,3.090426e-05,30,14
17816,42630,3.093166e-05,30,14
17817,42631,3.092357e-05,30,14
17818,42632,3.10428e-05,30,15
17819,42633,3.123028e-05,30,15
17820,42634,3.125245e-05,30,15
17821,42635,3.123903e-05,30,15
17822,42636,3.129929e-05,30,15
17823,42637,3.149565e-05,30,15
17824,42640,3.151006e-05,30,16
17825,42641,3.146606e-05,30,16
17826,42642,3.151486e-05,30,16
17827,42643,3.16982e-05,30,16
17828,42644,3.169653e-05,30,16
17829,42645,3.166146e-05,30,16
17830,42646,3.166872e-05,30,16
17831,42647,3.186197e-05,30,17
17832,42650,3.187187e-05,30,17
17833,42651,3.182055e-05,30,17
17834,42652,3.181012e-05,30,17
17835,42653,3.199372e-05,30,17
17836,42654,3.200039e-05,30,17
17837,42655,3.195625e-05,30,18
17838,42656,3.193004e-05,30,18
17839,42657,3.210956e-05,30,18
17840,42660,3.211935e-05,30,18
17841,42661,3.206197e-05,30,18
17842,42662,3.202121e-05,30,18
17843,42663,3.219704e-05,30,19
17844,42664,3.221866e-05,30,19
17845,42665,3.215589e-05,30,19
17846,42666,3.210963e-05,30,19
17847,42667,3.228058e-05,30,19
17848,42670,3.230198e-05,30,19
17849,42671,3.22414e-05,30,20
17850,42672,3.221228e-05,30,20
17851,42673,3.238884e-05,30,20
17852,42674,3.243399e-05,30,20
17853,42675,3.242975e-05,30,20
17854,42676,3.241652e-05,30,20
17855,42677,3.265222e-05,30,21
17856,42700,3.279571e-05,30,21
17857,42701,3.301585e-05,30,21
17858,42702,3.372562e-05,30,21
17859,42703,3.536286e-05,30,21
17860,42704,3.815533e-05,30,21
17861,42705,4.580591e-05,30,22
17862,42706,5.911285e-05,30,22
17863,42707,0.0005749218,30,22
17864,42710,0.0005749624,30,22
17865,42711,0.00057457,30,22
17866,42712,0.0005749953,30,22
17867,42713,0.0005746706,30,22
17868,42714,0.000574597,30,23
17869,42715,0.0005740536,30,23
17870,42716,0.0005732786,30,23
17871,42717,0.0005722725,30,23
17872,42720,0.0005711496,30,23
17873,42721,0.0005698114,30,23
17874,42722,0.0005686733,30,24
17875,42723,0.0005669456,30,24
17876,42724,0.0005658351,30,24
17877,42725,0.0005657887,30,24
17878,42726,0.0005681537,30,24
17879,42727,0.0005690089,30,24
17880,42730,0.00057031,30,25
17881,42731,0.000570622,30,25
17882,42732,0.0005713289,30,25
17883,42733,0.0005715709,30,25
17884,42734,0.000571743,30,25
17885,42735,0.000572385,30,25
17886,42736,0.0005729707,30,26
17887,42737,0.0005723917,30,26
17888,42740,0.0005717614,30,26
17889,42741,0.0005709078,30,26
17890,42742,0.0005704887,30,26
17891,42743,0.0005691277,30,26
17892,42744,0.0005689296,30,27
17893,42745,0.0005691492,30,27
17894,42746,0.0005689341,30,27
17895,42747,0.0005693205,30,27
17896,42750,0.0005703328,30,27
17897,42751,0.0005702134,30,27
17898,42752,0.0005712095,30,27
17899,42753,0.0005711496,30,28
17900,42754,0.0005713762,30,28
17901,42755,0.0005713605,30,28
17902,42756,0.0005724043,30,28
17903,42757,0.0005728512,30,28
17904,42760,0.0005733337,30,28
17905,42761,0.0005729473,30,29
17906,42762,0.0005726357,30,29
17907,42763,0.0005725157,30,29
17908,42764,0.0005727867,30,29
17909,42765,0.0005725576,30,29
17910,42766,0.0005722672,30,29
17911,42767,0.0005718467,30,30
17912,42770,0.0005716053,30,30
17913,42771,0.0005707322,30,30
17914,42772,0.0005707371,30,30
17915,42773,0.0005703804,30,30
17916,42774,0.0005704054,30,30
17917,42775,0.0005684809,30,31
17918,42776,0.0005646392,30,31
17919,42777,0.0005590782,30,31
17920,43000,0.0005495735,30,31
17921,43001,0.0005302946,30,31
17922,43002,0.000502964,30,31
17923,43003,0.0004581689,30,32
17924,43004,0.0003913036,30,32
17925,43005,0.0003079644,30,32
17926,43006,0.0002199017,30,32
17927,43007,0.0001601586,30,32
17928,43010,0.0001124858,30,32
17929,43011,3.099713e-05,30,33
17930,43012,3.101759e-05,30,33
17931,43013,3.124679e-05,30,33
17932,43014,3.132924e-05,30,33
17933,43015,3.132631e-05,30,33
17934,43016,3.131554e-05,30,33
17935,43017,3.150848e-05,30,33
17936,43020,3.160501e-05,30,34
17937,43021,3.158872e-05,30,34
17938,43022,3.155391e-05,30,34
17939,43023,3.169608e-05,30,34
17940,43024,3.181905e-05,30,34
17941,43025,3.179915e-05,30,34
17942,43026,3.174237e-05,30,35
17943,43027,3.190167e-05,30,35
17944,43030,3.198529e-05,30,35
17945,43031,3.195387e-05,30,35
17946,43032,3.189392e-05,30,35
17947,43033,3.202502e-05,30,35
17948,43034,3.213361e-05,30,36
17949,43035,3.211036e-05,30,36
17950,43036,3.205066e-05,30,36
17951,43037,3.212699e-05,30,36
17952,43040,3.225361e-05,30,36
17953,43041,3.222074e-05,30,36
17954,43042,3.216291e-05,30,37
17955,43043,3.221084e-05,30,37
17956,43044,3.23577e-05,30,37
17957,43045,3.23297e-05,30,37
17958,43046,3.226832e-05,30,37
17959,43047,3.230014e-05,30,37
17960,43050,3.250862e-05,30,38
17961,43051,3.254153e-05,30,38
17962,43052,3.253211e-05,30,38
17963,43053,3.260972e-05,30,38
17964,43054,3.291417e-05,30,38
17965,43055,3.321839e-05,30,38
17966,43056,3.391744e-05,30,38
17967,43057,3.539496e-05,30,39
17968,43060,3.865132e-05,30,39
17969,43061,4.653874e-05,30,39
17970,43062,6.178844e-05,30,39
17971,43063,0.0006115079,30,39
17972,43064,0.0006115549,30,39
17973,43065,0.0006112392,30,40
17974,43066,0.0006113176,30,40
17975,43067,0.0006118564,30,40
17976,43070,0.0006118135,30,40
17977,43071,0.0006115782,30,40
17978,43072,0.0006111091,30,40
17979,43073,0.0006111584,30,41
17980,43074,0.000611379,30,41
17981,43075,0.0006112899,30,41
17982,43076,0.0006112423,30,41
17983,43077,0.0006117804,30,41
17984,43100,0.0006115285,30,41
17985,43101,0.0006117194,30,42
17986,43102,0.0006112953,30,42
17987,43103,0.0006111747,30,42
17988,43104,0.0006113913,30,42
17989,43105,0.0006111776,30,42
17990,43106,0.0006113931,30,42
17991,43107,0.0006110838,30,43
17992,43110,0.0006112163,30,43
17993,43111,0.0006114208,30,43
17994,43112,0.0006113919,30,43
17995,43113,0.0006116941,30,43
17996,43114,0.0006114779,30,43
17997,43115,0.0006108943,30,44
17998,43116,0.0006111603,30,44
17999,43117,0.0006110823,30,44
18000,43120,0.0006115436,30,44
18001,43121,0.0006114428,30,44
18002,43122,0.0006112725,30,44
18003,43123,0.0006116545,30,44
18004,43124,0.000611351,30,45
18005,43125,0.0006114223,30,45
18006,43126,0.0006113782,30,45
18007,43127,0.0006107701,30,45
18008,43130,0.000611358,30,45
18009,43131,0.0006114395,30,45
18010,43132,0.0006111689,30,46
18011,43133,0.0006112187,30,46
18012,43134,0.0006115923,30,46
18013,43135,0.0006115788,30,46
18014,43136,0.0006112884,30,46
18015,43137,0.0006116509,30,46
18016,43140,0.0006116761,30,47
18017,43141,0.0006115209,30,47
18018,43142,0.000611057,30,47
18019,43143,0.000611697,30,47
18020,43144,0.0006116702,30,47
18021,43145,0.0006118625,30,47
18022,43146,0.0006117077,30,48
18023,43147,0.0006116995,30,48
18024,43150,0.0006117926,30,48
18025,43151,0.0006118349,30,48
18026,43152,0.0006115466,30,48
18027,43153,0.0006117293,30,48
18028,43154,0.000611593,30,49
18029,43155,0.0006118384,30,49
18030,43156,0.000611816,30,49
18031,43157,0.0006117527,30,49
18032,43160,0.0006114697,30,49
18033,43161,0.0006115453,30,49
18034,43162,0.0006113591,-1,-1
18035,43163,0.0006115173,-1,-1
18036,43164,0.0006114083,-1,-1
18037,43165,0.0006117869,-1,-1
18038,43166,0.000611291,-1,-1
18039,43167,0.000611006,-1,-1
18040,43170,0.0006120668,-1,-1
18041,43171,0.000611075,-1,-1
18042,43172,0.0006112656,-1,-1
18043,43173,0.000611303,-1,-1
18044,43174,0.0006113146,-1,-1
18045,43175,0.0006114957,-1,-1
18046,43176,0.0006115115,-1,-1
18047,43177,0.0006110236,-1,-1
18048,43200,0.0006111074,-1,-1
18049,43201,0.0006112005,-1,-1
18050,43202,0.0006115368,-1,-1
18051,43203,0.0006116838,-1,-1
18052,43204,0.0006115713,-1,-1
18053,43205,0.0006115981,-1,-1
18054,43206,0.000611508,-1,-1
18055,43207,0.0006108613,-1,-1
18056,43210,0.0006110903,-1,-1
18057,43211,0.0006111769,-1,-1
18058,43212,0.0006109666,-1,-1
18059,43213,0.000611183,-1,-1
18060,43214,0.0006112,-1,-1
18061,43215,0.0006115296,-1,-1
18062,43216,0.0006115361,-1,-1
18063,43217,0.0006112926,-1,-1
18064,43220,0.000610969,-1,-1
18065,43221,0.0006115015,-1,-1
18066,43222,0.0006111749,-1,-1
18067,43223,0.0006113686,-1,-1
18068,43224,0.0006110219,-1,-1
18069,43225,0.0006114336,-1,-1
18070,43226,0.0006111038,-1,-1
18071,43227,0.0006110096,-1,-1
18072,43230,0.0006111613,-1,-1
18073,43231,0.0006105152,-1,-1
18074,43232,0.0006109844,-1,-1
18075,43233,0.0006108626,-1,-1
18076,43234,0.0006108152,-1,-1
18077,43235,0.0006110552,-1,-1
18078,43236,0.0006109024,-1,-1
18079,43237,0.0006109299,-1,-1
18080,43240,0.0006112883,-1,-1
18081,43241,0.0006106973,-1,-1
18082,43242,0.0006111859,-1,-1
18083,43243,0.000611082,-1,-1
18084,43244,0.0006111471,-1,-1
18085,43245,0.000611139,-1,-1
18086,43246,0.0006111115,-1,-1
18087,43247,0.0006108016,-1,-1
18088,43250,0.0006111824,-1,-1
18089,43251,0.0006109633,-1,-1
18090,43252,0.0006109165,-1,-1
18091,43253,0.0006108392,-1,-1
18092,43254,0.0006110519,-1,-1
18093,43255,0.000610981,-1,-1
18094,43256,0.0006106353,-1,-1
18095,43257,0.0006111454,-1,-1
18096,43260,0.000611371,-1,-1
18097,43261,0.0006113239,-1,-1
18098,43262,0.000611084,-1,-1
18099,43263,0.0006111839,-1,-1
18100,43264,0.0006106886,-1,-1
18101,43265,0.0006108631,-1,-1
18102,43266,0.0006109902,-1,-1
18103,43267,0.0006110505,-1,-1
18104,43270,0.0006110226,-1,-1
18105,43271,0.0006114014,-1,-1
18106,43272,0.0006111612,-1,-1
18107,43273,0.000610985,-1,-1
18108,43274,0.0006113264,-1,-1
18109,43275,0.0006116251,-1,-1
18110,43276,0.0006112774,-1,-1
18111,43277,0.0006114501,-1,-1
18112,43300,0.0006111308,-1,-1
18113,43301,0.0006108122,-1,-1
18114,43302,0.0006112871,-1,-1
18115,43303,0.0006114206,-1,-1
18116,43304,0.0006111829,-1,-1
18117,43305,0.0006110786,-1,-1
18118,43306,0.0006113756,-1,-1
18119,43307,0.0006115935,-1,-1
18120,43310,0.000611231,-1,-1
18121,43311,0.0006114119,-1,-1
18122,43312,0.0006110519,-1,-1
18123,43313,0.0006110454,-1,-1
18124,43314,0.0006111554,-1,-1
18125,43315,0.000611187,-1,-1
18126,43316,0.0006112483,-1,-1
18127,43317,0.0006116836,-1,-1
18128,43320,0.0006117394,-1,-1
18129,43321,0.0006113142,-1,-1
18130,43322,0.0006115765,-1,-1
18131,43323,0.00061155,-1,-1
18132,43324,0.0006113938,-1,-1
18133,43325,0.0006113955,-1,-1
18134,43326,0.0006112873,-1,-1
18135,43327,0.0006118875,-1,-1
18136,43330,0.0006115093,-1,-1
18137,43331,0.0006115366,-1,-1
18138,43332,0.0006116882,-1,-1
18139,43333,0.0006115212,-1,-1
18140,43334,0.0006115289,-1,-1
18141,43335,0.0006117057,-1,-1
18142,43336,0.0006114469,-1,-1
18143,43337,0.0006121116,-1,-1
18144,43340,0.000611526,-1,-1
18145,43341,0.0006112193,-1,-1
18146,43342,0.0006111338,-1,-1
18147,43343,0.0006114471,-1,-1
18148,43344,0.000611334,-1,-1
18149,43345,0.0006116509,-1,-1
18150,43346,0.0006113217,-1,-1
18151,43347,0.0006113932,-1,-1
18152,43350,0.0006113634,-1,-1
18153,43351,0.0006114998,-1,-1
18154,43352,0.0006112663,-1,-1
18155,43353,0.0006113645,-1,-1
18156,43354,0.0006112926,-1,-1
18157,43355,0.0006111139,-1,-1
18158,43356,0.0006110306,-1,-1
18159,43357,0.0006113379,-1,-1
18160,43360,0.0006116489,-1,-1
18161,43361,0.0006109743,-1,-1
18162,43362,0.0006112549,-1,-1
18163,43363,0.0006109802,-1,-1
18164,43364,0.0006110598,-1,-1
18165,43365,0.0006112647,-1,-1
18166,43366,0.0006109158,-1,-1
18167,43367,0.0006116286,-1,-1
18168,43370,0.0006121122,-1,-1
18169,43371,0.0006115414,-1,-1
18170,43372,0.0006111133,-1,-1
18171,43373,0.0006110033,-1,-1
18172,43374,0.0006113944,-1,-1
18173,43375,0.0006109591,-1,-1
18174,43376,0.0006110307,-1,-1
18175,43377,0.0006112755,-1,-1
18176,43400,0.000611173,-1,-1
18177,43401,0.0006111219,-1,-1
18178,43402,0.000611379,-1,-1
18179,43403,0.0006112163,-1,-1
18180,43404,0.0006111407,-1,-1
18181,43405,0.0006111659,-1,-1
18182,43406,0.0006113821,-1,-1
18183,43407,0.0006112597,-1,-1
18184,43410,0.0006108269,-1,-1
18185,43411,0.0006110529,-1,-1
18186,43412,0.0006110533,-1,-1
18187,43413,0.000611187,-1,-1
18188,43414,0.000611229,-1,-1
18189,43415,0.0006112854,-1,-1
18190,43416,0.0006113955,-1,-1
18191,43417,0.0006110464,-1,-1
18192,43420,0.0006112298,-1,-1
18193,43421,0.0006116115,-1,-1
18194,43422,0.0006111179,-1,-1
18195,43423,0.0006112338,-1,-1
18196,43424,0.0006109715,-1,-1
18197,43425,0.0006111941,-1,-1
18198,43426,0.0006111905,-1,-1
18199,43427,0.0006110745,-1,-1
18200,43430,0.0006113908,-1,-1
18201,43431,0.0006113503,-1,-1
18202,43432,0.000611362,-1,-1
18203,43433,0.0006114623,-1,-1
18204,43434,0.0006116415,-1,-1
18205,43435,0.0006115853,-1,-1
18206,43436,0.0006113531,-1,-1
18207,43437,0.0006114861,-1,-1
18208,43440,0.0006113023,-1,-1
18209,43441,0.0006119864,-1,-1
18210,43442,0.0006115449,-1,-1
18211,43443,0.0006112262,-1,-1
18212,43444,0.0006113597,-1,-1
18213,43445,0.0006110253,-1,-1
18214,43446,0.0006115888,-1,-1
18215,43447,0.0006109488,-1,-1
18216,43450,0.0006109016,-1,-1
18217,43451,0.0006115905,-1,-1
18218,43452,0.0006113469,31,49
18219,43453,0.0006112199,31,49
18220,43454,0.0006115905,31,49
18221,43455,0.0006113066,31,49
18222,43456,0.000611415,31,49
18223,43457,0.0006118867,31,49
18224,43460,0.0006111353,31,49
18225,43461,0.0006113804,31,48
18226,43462,0.0006110354,31,48
18227,43463,0.0006109518,31,48
18228,43464,0.000611549,31,48
18229,43465,0.0006110957,31,48
18230,43466,0.0006117129,31,48
18231,43467,0.0006112884,31,47
18232,43470,0.00061132,31,47
18233,43471,0.0006114271,31,47
18234,43472,0.0006113967,31,47
18235,43473,0.0006115665,31,47
18236,43474,0.0006115817,31,47
18237,43475,0.000610726,31,46
18238,43476,0.0006114664,31,46
18239,43477,0.000611402,31,46
18240,43500,0.0006114489,31,46
18241,43501,0.0006111708,31,46
18242,43502,0.0006114072,31,46
18243,43503,0.0006111156,31,45
18244,43504,0.00061172,31,45
18245,43505,0.0006112247,31,45
18246,43506,0.0006113207,31,45
18247,43507,0.0006111807,31,45
18248,43510,0.0006108606,31,45
18249,43511,0.0006110189,31,44
18250,43512,0.0006113293,31,44
18251,43513,0.0006115477,31,44
18252,43514,0.0006111835,31,44
18253,43515,0.0006109872,31,44
18254,43516,0.0006116866,31,44
18255,43517,0.0006107571,31,44
18256,43520,0.0006113845,31,43
18257,43521,0.000610314,31,43
18258,43522,0.0006087561,31,43
18259,43523,0.0006058818,31,43
18260,43524,0.0006015087,31,43
18261,43525,0.0005965981,31,43
18262,43526,0.0005912207,31,42
18263,43527,0.0005843149,31,42
18264,43530,0.0005757576,31,42
18265,43531,0.0005652527,31,42
18266,43532,0.0005577721,31,42
18267,43533,0.0005525734,31,42
18268,43534,0.0005514927,31,41
18269,43535,0.0005521509,31,41
18270,43536,0.000555149,31,41
18271,43537,0.0005586323,31,41
18272,43540,0.0005621673,31,41
18273,43541,0.0005641847,31,41
18274,43542,0.000565141,31,40
18275,43543,0.0005654074,31,40
18276,43544,0.0005608274,31,40
18277,43545,0.0005528456,31,40
18278,43546,0.0005393816,31,40
18279,43547,0.0005154193,31,40
18280,43550,0.0004838187,31,39
18281,43551,0.0004443046,31,39
18282,43552,0.0003858226,31,39
18283,43553,0.0003078505,31,39
18284,43554,0.0002185863,31,39
18285,43555,0.0001503611,31,39
18286,43556,3.090489e-05,31,38
18287,43557,3.107134e-05,31,38
18288,43560,3.10986e-05,31,38
18289,43561,3.108425e-05,31,38
18290,43562,3.124102e-05,31,38
18291,43563,3.138871e-05,31,38
18292,43564,3.13941e-05,31,38
18293,43565,3.136057e-05,31,37
18294,43566,3.152377e-05,31,37
18295,43567,3.163502e-05,31,37
18296,43570,3.161768e-05,31,37
18297,43571,3.158155e-05,31,37
18298,43572,3.170936e-05,31,37
18299,43573,3.182781e-05,31,36
18300,43574,3.180011e-05,31,36
18301,43575,3.175231e-05,31,36
18302,43576,3.188938e-05,31,36
18303,43577,3.198166e-05,31,36
18304,43600,3.1944e-05,31,36
18305,43601,3.188352e-05,31,35
18306,43602,3.206003e-05,31,35
18307,43603,3.209862e-05,31,35
18308,43604,3.205971e-05,31,35
18309,43605,3.199861e-05,31,35
18310,43606,3.215091e-05,31,35
18311,43607,3.221233e-05,31,34
18312,43610,3.216476e-05,31,34
18313,43611,3.210708e-05,31,34
18314,43612,3.222902e-05,31,34
18315,43613,3.231791e-05,31,34
18316,43614,3.227845e-05,31,34
18317,43615,3.221746e-05,31,33
18318,43616,3.23466e-05,31,33
18319,43617,3.249077e-05,31,33
18320,43620,3.254147e-05,31,33
18321,43621,3.268338e-05,31,33
18322,43622,3.31888e-05,31,33
18323,43623,3.380622e-05,31,33
18324,43624,3.471604e-05,31,32
18325,43625,3.64326e-05,31,32
18326,43626,3.981928e-05,31,32
18327,43627,4.776524e-05,31,32
18328,43630,6.425626e-05,31,32
18329,43631,0.0005715193,31,32
18330,43632,0.0005723306,31,31
18331,43633,0.0005723298,31,31
18332,43634,0.0005723509,31,31
18333,43635,0.0005723133,31,31
18334,43636,0.0005724365,31,31
18335,43637,0.000572528,31,31
18336,43640,0.0005729846,31,30
18337,43641,0.0005729384,31,30
18338,43642,0.0005736933,31,30
18339,43643,0.0005738795,31,30
18340,43644,0.0005732523,31,30
18341,43645,0.0005730063,31,30
18342,43646,0.0005729664,31,29
18343,43647,0.0005727571,31,29
18344,43650,0.0005734005,31,29
18345,43651,0.0005729771,31,29
18346,43652,0.0005731708,31,29
18347,43653,0.0005718586,31,29
18348,43654,0.0005712418,31,28
18349,43655,0.0005713167,31,28
18350,43656,0.0005712228,31,28
18351,43657,0.0005722462,31,28
18352,43660,0.0005741892,31,28
18353,43661,0.0005745395,31,28
18354,43662,0.000575165,31,27
18355,43663,0.0005752416,31,27
18356,43664,0.0005747561,31,27
18357,43665,0.0005751065,31,27
18358,43666,0.0005747264,31,27
18359,43667,0.0005743626,31,27
18360,43670,0.0005743037,31,27
18361,43671,0.0005743561,31,26
18362,43672,0.0005745137,31,26
18363,43673,0.0005741978,31,26
18364,43674,0.000573274,31,26
18365,43675,0.0005730132,31,26
18366,43676,0.0005732932,31,26
18367,43677,0.0005729735,31,25
18368,43700,0.0005739147,31,25
18369,43701,0.000574043,31,25
18370,43702,0.0005742402,31,25
18371,43703,0.0005741881,31,25
18372,43704,0.0005737738,31,25
18373,43705,0.0005735686,31,24
18374,43706,0.0005736768,31,24
18375,43707,0.0005732323,31,24
18376,43710,0.0005734754,31,24
18377,43711,0.0005737646,31,24
18378,43712,0.000574047,31,24
18379,43713,0.0005737179,31,23
18380,43714,0.0005734729,31,23
18381,43715,0.0005733477,31,23
18382,43716,0.0005729431,31,23
18383,43717,0.000571035,31,23
18384,43720,0.0005650092,31,23
18385,43721,0.0005579743,31,22
18386,43722,0.0005420664,31,22
18387,43723,0.0005198573,31,22
18388,43724,0.0004909645,31,22
18389,43725,0.0004304671,31,22
18390,43726,0.0003750779,31,22
18391,43727,0.0002948422,31,22
18392,43730,0.0001890828,31,21
18393,43731,0.0001402237,31,21
18394,43732,3.075763e-05,31,21
18395,43733,3.094665e-05,31,21
18396,43734,3.097089e-05,31,21
18397,43735,3.097382e-05,31,21
18398,43736,3.108016e-05,31,20
18399,43737,3.125758e-05,31,20
18400,43740,3.12757e-05,31,20
18401,43741,3.12615e-05,31,20
18402,43742,3.130169e-05,31,20
18403,43743,3.149516e-05,31,20
18404,43744,3.150997e-05,31,19
18405,43745,3.146758e-05,31,19
18406,43746,3.151094e-05,31,19
18407,43747,3.168377e-05,31,19
18408,43750,3.168183e-05,31,19
18409,43751,3.163001e-05,31,19
18410,43752,3.169494e-05,31,18
18411,43753,3.18389e-05,31,18
18412,43754,3.182482e-05,31,18
18413,43755,3.177777e-05,31,18
18414,43756,3.177844e-05,31,18
18415,43757,3.194886e-05,31,18
18416,43760,3.196111e-05,31,17
18417,43761,3.189754e-05,31,17
18418,43762,3.186768e-05,31,17
18419,43763,3.204258e-05,31,17
18420,43764,3.206097e-05,31,17
18421,43765,3.198304e-05,31,17
18422,43766,3.19662e-05,31,16
18423,43767,3.214125e-05,31,16
18424,43770,3.213668e-05,31,16
18425,43771,3.208287e-05,31,16
18426,43772,3.205345e-05,31,16
18427,43773,3.221503e-05,31,16
18428,43774,3.221564e-05,31,16
18429,43775,3.215182e-05,31,15
18430,43776,3.212433e-05,31,15
18431,43777,3.230666e-05,31,15
18432,44000,3.235427e-05,31,15
18433,44001,3.236097e-05,31,15
18434,44002,3.245902e-05,31,15
18435,44003,3.29327e-05,31,14
18436,44004,3.333611e-05,31,14
18437,44005,3.401619e-05,31,14
18438,44006,3.520427e-05,31,14
18439,44007,3.727974e-05,31,14
18440,44010,4.296764e-05,31,14
18441,44011,5.389874e-05,31,13
18442,44012,7.776904e-05,31,13
18443,44013,0.0005728998,31,13
18444,44014,0.0005733634,31,13
18445,44015,0.0005736212,31,13
18446,44016,0.0005744895,31,13
18447,44017,0.0005750103,31,12
18448,44020,0.0005746771,31,12
18449,44021,0.0005746214,31,12
18450,44022,0.0005740533,31,12
18451,44023,0.0005734829,31,12
18452,44024,0.0005732214,31,12
18453,44025,0.0005732035,31,11
18454,44026,0.0005731509,31,11
18455,44027,0.0005734245,31,11
18456,44030,0.0005733232,31,11
18457,44031,0.0005738928,31,11
18458,44032,0.0005737563,31,11
18459,44033,0.000573393,31,11
18460,44034,0.0005729402,31,10
18461,44035,0.0005725354,31,10
18462,44036,0.0005726572,31,10
18463,44037,0.0005731217,31,10
18464,44040,0.0005736476,31,10
18465,44041,0.0005725349,31,10
18466,44042,0.0005700786,31,9
18467,44043,0.0005635411,31,9
18468,44044,0.0005539317,31,9
18469,44045,0.0005341858,31,9
18470,44046,0.0005060501,31,9
18471,44047,0.0004698807,31,9
18472,44050,0.0004021793,31,8
18473,44051,0.0003309139,31,8
18474,44052,0.0002546645,31,8
18475,44053,0.0001728144,31,8
18476,44054,0.0001214105,31,8
18477,44055,3.073675e-05,31,8
18478,44056,3.082286e-05,31,7
18479,44057,3.083209e-05,31,7
18480,44060,3.084038e-05,31,7
18481,44061,3.106211e-05,31,7
18482,44062,3.112126e-05,31,7
18483,44063,3.111874e-05,31,7
18484,44064,3.110073e-05,31,6
18485,44065,3.129651e-05,31,6
18486,44066,3.135197e-05,31,6
18487,44067,3.133692e-05,31,6
18488,44070,3.130863e-05,31,6
18489,44071,3.148622e-05,31,6
18490,44072,3.154665e-05,31,5
18491,44073,3.152148e-05,31,5
18492,44074,3.146479e-05,31,5
18493,44075,3.161967e-05,31,5
18494,44076,3.169576e-05,31,5
18495,44077,3.165815e-05,31,5
18496,44100,3.159948e-05,31,5
18497,44101,3.17735e-05,31,4
18498,44102,3.180567e-05,31,4
18499,44103,3.176588e-05,31,4
18500,44104,3.170955e-05,31,4
18501,44105,3.186267e-05,31,4
18502,44106,3.191704e-05,31,4
18503,44107,3.187831e-05,31,3
18504,44110,3.180848e-05,31,3
18505,44111,3.193077e-05,31,3
18506,44112,3.202411e-05,31,3
18507,44113,3.199235e-05,31,3
18508,44114,3.193502e-05,31,3
18509,44115,3.2026e-05,31,2
18510,44116,3.212477e-05,31,2
18511,44117,3.208999e-05,31,2
18512,44120,3.20098e-05,31,2
18513,44121,3.205588e-05,31,2
18514,44122,3.217829e-05,31,2
18515,44123,3.216452e-05,31,1
18516,44124,3.209687e-05,31,1
18517,44125,3.206519e-05,31,1
18518,44126,3.223188e-05,31,1
18519,44127,3.221842e-05,31,1
18520,44130,3.212731e-05,31,1
18521,44131,3.213917e-05,31,0
18522,44132,3.228699e-05,31,0
18523,44133,3.224896e-05,31,0
18524,44134,3.217358e-05,31,0
18525,44135,3.219175e-05,31,0
18526,44136,3.232737e-05,31,0
18527,44137,3.231077e-05,-1,-1
18528,44140,3.223014e-05,-1,-1
18529,44141,3.218479e-05,-1,-1
18530,44142,3.2349e-05,-1,-1
18531,44143,3.233319e-05,-1,-1
18532,44144,3.225042e-05,-1,-1
18533,44145,3.224995e-05,-1,-1
18534,44146,3.23964e-05,-1,-1
18535,44147,3.234472e-05,-1,-1
18536,44150,3.225215e-05,-1,-1
18537,44151,3.232411e-05,-1,-1
18538,44152,3.242796e-05,-1,-1
18539,44153,3.236118e-05,-1,-1
18540,44154,3.226761e-05,-1,-1
18541,44155,3.238076e-05,-1,-1
18542,44156,3.243812e-05,-1,-1
18543,44157,3.237228e-05,-1,-1
18544,44160,3.228866e-05,-1,-1
18545,44161,3.245524e-05,-1,-1
18546,44162,3.244971e-05,-1,-1
18547,44163,3.235872e-05,-1,-1
18548,44164,3.234238e-05,-1,-1
18549,44165,3.248862e-05,-1,-1
18550,44166,3.242696e-05,-1,-1
18551,44167,3.23497e-05,-1,-1
18552,44170,3.240545e-05,-1,-1
18553,44171,3.250768e-05,-1,-1
18554,44172,3.245835e-05,-1,-1
18555,44173,3.237552e-05,-1,-1
18556,44174,3.238584e-05,-1,-1
18557,44175,3.252757e-05,-1,-1
18558,44176,3.248485e-05,-1,-1
18559,44177,3.240796e-05,-1,-1
18560,44200,3.240041e-05,-1,-1
18561,44201,3.253737e-05,-1,-1
18562,44202,3.252133e-05,-1,-1
18563,44203,3.246675e-05,-1,-1
18564,44204,3.237907e-05,-1,-1
18565,44205,3.251675e-05,-1,-1
18566,44206,3.255028e-05,-1,-1
18567,44207,3.249132e-05,-1,-1
18568,44210,3.239991e-05,-1,-1
18569,44211,3.248885e-05,-1,-1
18570,44212,3.256656e-05,-1,-1
18571,44213,3.251646e-05,-1,-1
18572,44214,3.242981e-05,-1,-1
18573,44215,3.249216e-05,-1,-1
18574,44216,3.25829e-05,-1,-1
18575,44217,3.253901e-05,-1,-1
18576,44220,3.244789e-05,-1,-1
18577,44221,3.246721e-05,-1,-1
18578,44222,3.259698e-05,-1,-1
18579,44223,3.2541e-05,-1,-1
18580,44224,3.24438e-05,-1,-1
18581,44225,3.252662e-05,-1,-1
18582,44226,3.259959e-05,-1,-1
18583,44227,3.253887e-05,-1,-1
18584,44230,3.244731e-05,-1,-1
18585,44231,3.254252e-05,-1,-1
18586,44232,3.260994e-05,-1,-1
18587,44233,3.254449e-05,-1,-1
18588,44234,3.246262e-05,-1,-1
18589,44235,3.253831e-05,-1,-1
18590,44236,3.262131e-05,-1,-1
18591,44237,3.257303e-05,-1,-1
18592,44240,3.248482e-05,-1,-1
18593,44241,3.250637e-05,-1,-1
18594,44242,3.262872e-05,-1,-1
18595,44243,3.258234e-05,-1,-1
18596,44244,3.24973e-05,-1,-1
18597,44245,3.252511e-05,-1,-1
18598,44246,3.263826e-05,-1,-1
18599,44247,3.258594e-05,-1,-1
18600,44250,3.250101e-05,-1,-1
18601,44251,3.250487e-05,-1,-1
18602,44252,3.264924e-05,-1,-1
18603,44253,3.259952e-05,-1,-1
18604,44254,3.251093e-05,-1,-1
18605,44255,3.253347e-05,-1,-1
18606,44256,3.265287e-05,-1,-1
18607,44257,3.258764e-05,-1,-1
18608,44260,3.249044e-05,-1,-1
18609,44261,3.25843e-05,-1,-1
18610,44262,3.265392e-05,-1,-1
18611,44263,3.259454e-05,-1,-1
18612,44264,3.250124e-05,-1,-1
18613,44265,3.258522e-05,-1,-1
18614,44266,3.26659e-05,-1,-1
18615,44267,3.26053e-05,-1,-1
18616,44270,3.251595e-05,-1,-1
18617,44271,3.258579e-05,-1,-1
18618,44272,3.266663e-05,-1,-1
18619,44273,3.260515e-05,-1,-1
18620,44274,3.250443e-05,-1,-1
18621,44275,3.257315e-05,-1,-1
18622,44276,3.266523e-05,-1,-1
18623,44277,3.260117e-05,-1,-1
18624,44300,3.250306e-05,-1,-1
18625,44301,3.260445e-05,-1,-1
18626,44302,3.266432e-05,-1,-1
18627,44303,3.259933e-05,-1,-1
18628,44304,3.250705e-05,-1,-1
18629,44305,3.261823e-05,-1,-1
18630,44306,3.267597e-05,-1,-1
18631,44307,3.261235e-05,-1,-1
18632,44310,3.252352e-05,-1,-1
18633,44311,3.257915e-05,-1,-1
18634,44312,3.267644e-05,-1,-1
18635,44313,3.261695e-05,-1,-1
18636,44314,3.252001e-05,-1,-1
18637,44315,3.259801e-05,-1,-1
18638,44316,3.268355e-05,-1,-1
18639,44317,3.262772e-05,-1,-1
18640,44320,3.253778e-05,-1,-1
18641,44321,3.261856e-05,-1,-1
18642,44322,3.268829e-05,-1,-1
18643,44323,3.260828e-05,-1,-1
18644,44324,3.25256e-05,-1,-1
18645,44325,3.260325e-05,-1,-1
18646,44326,3.268865e-05,-1,-1
18647,44327,3.26267e-05,-1,-1
18648,44330,3.253236e-05,-1,-1
18649,44331,3.260971e-05,-1,-1
18650,44332,3.268943e-05,-1,-1
18651,44333,3.262537e-05,-1,-1
18652,44334,3.253866e-05,-1,-1
18653,44335,3.262157e-05,-1,-1
18654,44336,3.269705e-05,-1,-1
18655,44337,3.263162e-05,-1,-1
18656,44340,3.254518e-05,-1,-1
18657,44341,3.258058e-05,-1,-1
18658,44342,3.269922e-05,-1,-1
18659,44343,3.264195e-05,-1,-1
18660,44344,3.254902e-05,-1,-1
18661,44345,3.259964e-05,-1,-1
18662,44346,3.270223e-05,-1,-1
18663,44347,3.267199e-05,-1,-1
18664,44350,3.25754e-05,-1,-1
18665,44351,3.255793e-05,-1,-1
18666,44352,3.271035e-05,-1,-1
18667,44353,3.266508e-05,-1,-1
18668,44354,3.257104e-05,-1,-1
18669,44355,3.257982e-05,-1,-1
18670,44356,3.270926e-05,-1,-1
18671,44357,3.266704e-05,-1,-1
18672,44360,3.258799e-05,-1,-1
18673,44361,3.258014e-05,-1,-1
18674,44362,3.271213e-05,-1,-1
18675,44363,3.268542e-05,-1,-1
18676,44364,3.261545e-05,-1,-1
18677,44365,3.254235e-05,-1,-1
18678,44366,3.266944e-05,-1,-1
18679,44367,3.27114e-05,-1,-1
18680,44370,3.263756e-05,-1,-1
18681,44371,3.254393e-05,-1,-1
18682,44372,3.263097e-05,-1,-1
18683,44373,3.271948e-05,-1,-1
18684,44374,3.266005e-05,-1,-1
18685,44375,3.257007e-05,-1,-1
18686,44376,3.260761e-05,-1,-1
18687,44377,3.272428e-05,-1,-1
18688,44400,3.26743e-05,-1,-1
18689,44401,3.257719e-05,-1,-1
18690,44402,3.262204e-05,-1,-1
18691,44403,3.272235e-05,-1,-1
18692,44404,3.266344e-05,-1,-1
18693,44405,3.257005e-05,-1,-1
18694,44406,3.258632e-05,-1,-1
18695,44407,3.272636e-05,-1,-1
18696,44410,3.268897e-05,-1,-1
18697,44411,3.260383e-05,-1,-1
18698,44412,3.258111e-05,-1,-1
18699,44413,3.272657e-05,-1,-1
18700,44414,3.268844e-05,-1,-1
18701,44415,3.260433e-05,-1,-1
18702,44416,3.259004e-05,-1,-1
18703,44417,3.272935e-05,-1,-1
18704,44420,3.269218e-05,-1,-1
18705,44421,3.260816e-05,-1,-1
18706,44422,3.256905e-05,-1,-1
18707,44423,3.272147e-05,-1,-1
18708,44424,3.27075e-05,-1,-1
18709,44425,3.263615e-05,-1,-1
18710,44426,3.255956e-05,-1,-1
18711,44427,3.271657e-05,32,0
18712,44430,3.270946e-05,32,0
18713,44431,3.263311e-05,32,0
18714,44432,3.256214e-05,32,0
18715,44433,3.271804e-05,32,0
18716,44434,3.271804e-05,32,0
18717,44435,3.263554e-05,32,0
18718,44436,3.25634e-05,32,1
18719,44437,3.26924e-05,32,1
18720,44440,3.270367e-05,32,1
18721,44441,3.263068e-05,32,1
18722,44442,3.254745e-05,32,1
18723,44443,3.267106e-05,32,1
18724,44444,3.270879e-05,32,2
18725,44445,3.265202e-05,32,2
18726,44446,3.256993e-05,32,2
18727,44447,3.26149e-05,32,2
18728,44450,3.271939e-05,32,2
18729,44451,3.268883e-05,32,2
18730,44452,3.259727e-05,32,3
18731,44453,3.25747e-05,32,3
18732,44454,3.272246e-05,32,3
18733,44455,3.271336e-05,32,3
18734,44456,3.263108e-05,32,3
18735,44457,3.255988e-05,32,3
18736,44460,3.269872e-05,32,4
18737,44461,3.273506e-05,32,4
18738,44462,3.266634e-05,32,4
18739,44463,3.257871e-05,32,4
18740,44464,3.270407e-05,32,4
18741,44465,3.27386e-05,32,4
18742,44466,3.266666e-05,32,5
18743,44467,3.258375e-05,32,5
18744,44470,3.271289e-05,32,5
18745,44471,3.275039e-05,32,5
18746,44472,3.268689e-05,32,5
18747,44473,3.259306e-05,32,5
18748,44474,3.270862e-05,32,5
18749,44475,3.275516e-05,32,6
18750,44476,3.268724e-05,32,6
18751,44477,3.260333e-05,32,6
18752,44500,3.274099e-05,32,6
18753,44501,3.278371e-05,32,6
18754,44502,3.273262e-05,32,6
18755,44503,3.265735e-05,32,7
18756,44504,3.277379e-05,32,7
18757,44505,3.29125e-05,32,7
18758,44506,3.288691e-05,32,7
18759,44507,3.284353e-05,32,7
18760,44510,3.304384e-05,32,7
18761,44511,3.339297e-05,32,8
18762,44512,3.394216e-05,32,8
18763,44513,3.496841e-05,32,8
18764,44514,3.782447e-05,32,8
18765,44515,4.459352e-05,32,8
18766,44516,5.835099e-05,32,8
18767,44517,0.0005381145,32,9
18768,44520,0.0005392856,32,9
18769,44521,0.0005394011,32,9
18770,44522,0.000538998,32,9
18771,44523,0.0005403534,32,9
18772,44524,0.0005393642,32,9
18773,44525,0.0005406121,32,10
18774,44526,0.0005416398,32,10
18775,44527,0.0005400407,32,10
18776,44530,0.0005426196,32,10
18777,44531,0.0005434469,32,10
18778,44532,0.0005432933,32,10
18779,44533,0.0005452791,32,11
18780,44534,0.0005429126,32,11
18781,44535,0.0005436867,32,11
18782,44536,0.0005441079,32,11
18783,44537,0.0005420017,32,11
18784,44540,0.000543801,32,11
18785,44541,0.0005436521,32,11
18786,44542,0.0005422877,32,12
18787,44543,0.0005447175,32,12
18788,44544,0.000542954,32,12
18789,44545,0.0005439135,32,12
18790,44546,0.0005444456,32,12
18791,44547,0.0005400254,32,12
18792,44550,0.0005369275,32,13
18793,44551,0.0005283955,32,13
18794,44552,0.000512702,32,13
18795,44553,0.0004924657,32,13
18796,44554,0.0004420064,32,13
18797,44555,0.0003853995,32,13
18798,44556,0.0003071033,32,14
18799,44557,0.000222811,32,14
18800,44560,0.0001675322,32,14
18801,44561,0.0001129759,32,14
18802,44562,3.09306e-05,32,14
18803,44563,3.102344e-05,32,14
18804,44564,3.122448e-05,32,15
18805,44565,3.124768e-05,32,15
18806,44566,3.123565e-05,32,15
18807,44567,3.133115e-05,32,15
18808,44570,3.150362e-05,32,15
18809,44571,3.150783e-05,32,15
18810,44572,3.14763e-05,32,16
18811,44573,3.158094e-05,32,16
18812,44574,3.172442e-05,32,16
18813,44575,3.171114e-05,32,16
18814,44576,3.166429e-05,32,16
18815,44577,3.178003e-05,32,16
18816,44600,3.190065e-05,32,16
18817,44601,3.188118e-05,32,17
18818,44602,3.18219e-05,32,17
18819,44603,3.190937e-05,32,17
18820,44604,3.204364e-05,32,17
18821,44605,3.201421e-05,32,17
18822,44606,3.195587e-05,32,17
18823,44607,3.205881e-05,32,18
18824,44610,3.216661e-05,32,18
18825,44611,3.211973e-05,32,18
18826,44612,3.206187e-05,32,18
18827,44613,3.217245e-05,32,18
18828,44614,3.226283e-05,32,18
18829,44615,3.221664e-05,32,19
18830,44616,3.214526e-05,32,19
18831,44617,3.230459e-05,32,19
18832,44620,3.23454e-05,32,19
18833,44621,3.228535e-05,32,19
18834,44622,3.222203e-05,32,19
18835,44623,3.237576e-05,32,20
18836,44624,3.242603e-05,32,20
18837,44625,3.23848e-05,32,20
18838,44626,3.233677e-05,32,20
18839,44627,3.246942e-05,32,20
18840,44630,3.260705e-05,32,20
18841,44631,3.259476e-05,32,21
18842,44632,3.25836e-05,32,21
18843,44633,3.272097e-05,32,21
18844,44634,3.308216e-05,32,21
18845,44635,3.360672e-05,32,21
18846,44636,3.440737e-05,32,21
18847,44637,3.640967e-05,32,22
18848,44640,4.129491e-05,32,22
18849,44641,5.154168e-05,32,22
18850,44642,7.484976e-05,32,22
18851,44643,0.0005523812,32,22
18852,44644,0.0005526629,32,22
18853,44645,0.0005517638,32,22
18854,44646,0.0005524455,32,23
18855,44647,0.0005526324,32,23
18856,44650,0.0005520541,32,23
18857,44651,0.0005531958,32,23
18858,44652,0.0005528996,32,23
18859,44653,0.0005522505,32,23
18860,44654,0.0005531109,32,24
18861,44655,0.0005516559,32,24
18862,44656,0.0005521082,32,24
18863,44657,0.0005518213,32,24
18864,44660,0.0005506875,32,24
18865,44661,0.0005509133,32,24
18866,44662,0.0005499211,32,25
18867,44663,0.000548989,32,25
18868,44664,0.0005487819,32,25
18869,44665,0.0005469442,32,25
18870,44666,0.000547387,32,25
18871,44667,0.0005465558,32,25
18872,44670,0.0005438465,32,26
18873,44671,0.0005449752,32,26
18874,44672,0.0005457097,32,26
18875,44673,0.0005456172,32,26
18876,44674,0.0005469098,32,26
18877,44675,0.0005469394,32,26
18878,44676,0.0005460006,32,27
18879,44677,0.0005473731,32,27
18880,44700,0.0005458274,32,27
18881,44701,0.0005460674,32,27
18882,44702,0.0005461184,32,27
18883,44703,0.0005439427,32,27
18884,44704,0.0005438143,32,27
18885,44705,0.0005420386,32,28
18886,44706,0.0005406586,32,28
18887,44707,0.0005407274,32,28
18888,44710,0.0005385011,32,28
18889,44711,0.0005386446,32,28
18890,44712,0.0005386345,32,28
18891,44713,0.0005369238,32,29
18892,44714,0.0005374348,32,29
18893,44715,0.000534505,32,29
18894,44716,0.0005314001,32,29
18895,44717,0.0005296344,32,29
18896,44720,0.0005270271,32,29
18897,44721,0.0005277154,32,30
18898,44722,0.0005279355,32,30
18899,44723,0.0005273783,32,30
18900,44724,0.0005281429,32,30
18901,44725,0.0005270395,32,30
18902,44726,0.0005240841,32,30
18903,44727,0.0005210173,32,31
18904,44730,0.0005151607,32,31
18905,44731,0.0005072083,32,31
18906,44732,0.0004978346,32,31
18907,44733,0.0004791627,32,31
18908,44734,0.0004548719,32,31
18909,44735,0.0004184504,32,32
18910,44736,0.0003641706,32,32
18911,44737,0.0002955779,32,32
18912,44740,0.0002209482,32,32
18913,44741,0.0001611622,32,32
18914,44742,0.0001168606,32,32
18915,44743,3.110228e-05,32,33
18916,44744,3.128972e-05,32,33
18917,44745,3.130676e-05,32,33
18918,44746,3.129838e-05,32,33
18919,44747,3.144053e-05,32,33
18920,44750,3.158477e-05,32,33
18921,44751,3.157839e-05,32,33
18922,44752,3.154714e-05,32,34
18923,44753,3.170044e-05,32,34
18924,44754,3.181012e-05,32,34
18925,44755,3.178128e-05,32,34
18926,44756,3.173913e-05,32,34
18927,44757,3.19318e-05,32,34
18928,44760,3.198429e-05,32,35
18929,44761,3.194813e-05,32,35
18930,44762,3.190661e-05,32,35
18931,44763,3.208726e-05,32,35
18932,44764,3.213015e-05,32,35
18933,44765,3.207926e-05,32,35
18934,44766,3.204135e-05,32,36
18935,44767,3.223294e-05,32,36
18936,44770,3.225057e-05,32,36
18937,44771,3.2201e-05,32,36
18938,44772,3.215487e-05,32,36
18939,44773,3.233003e-05,32,36
18940,44774,3.234297e-05,32,37
18941,44775,3.229314e-05,32,37
18942,44776,3.226296e-05,32,37
18943,44777,3.243938e-05,32,37
18944,45000,3.244511e-05,32,37
18945,45001,3.238897e-05,32,37
18946,45002,3.235413e-05,32,38
18947,45003,3.256241e-05,32,38
18948,45004,3.261777e-05,32,38
18949,45005,3.261314e-05,32,38
18950,45006,3.259991e-05,32,38
18951,45007,3.285664e-05,32,38
18952,45010,3.307818e-05,32,38
18953,45011,3.345524e-05,32,39
18954,45012,3.425928e-05,32,39
18955,45013,3.639088e-05,32,39
18956,45014,4.133818e-05,32,39
18957,45015,5.321887e-05,32,39
18958,45016,7.39418e-05,32,39
18959,45017,0.0006120269,32,40
18960,45020,0.0006115304,32,40
18961,45021,0.0006116872,32,40
18962,45022,0.0006117153,32,40
18963,45023,0.000611534,32,40
18964,45024,0.0006119456,32,40
18965,45025,0.0006113223,32,41
18966,45026,0.0006115841,32,41
18967,45027,0.0006116538,32,41
18968,45030,0.0006118616,32,41
18969,45031,0.0006115313,32,41
18970,45032,0.0006114487,32,41
18971,45033,0.0006116027,32,42
18972,45034,0.0006117948,32,42
18973,45035,0.0006117376,32,42
18974,45036,0.0006114576,32,42
18975,45037,0.0006118095,32,42
18976,45040,0.0006116682,32,42
18977,45041,0.0006118037,32,43
18978,45042,0.0006116614,32,43
18979,45043,0.0006115993,32,43
18980,45044,0.0006118101,32,43
18981,45045,0.0006113159,32,43
18982,45046,0.0006117527,32,43
18983,45047,0.0006120696,32,44
18984,45050,0.0006117779,32,44
18985,45051,0.000611988,32,44
18986,45052,0.0006122112,32,44
18987,45053,0.0006116872,32,44
18988,45054,0.0006116906,32,44
18989,45055,0.0006117909,32,44
18990,45056,0.000611488,32,45
18991,45057,0.0006114756,32,45
18992,45060,0.0006111044,32,45
18993,45061,0.0006111045,32,45
18994,45062,0.0006112373,32,45
18995,45063,0.0006114371,32,45
18996,45064,0.0006108532,32,46
18997,45065,0.0006112807,32,46
18998,45066,0.0006113679,32,46
18999,45067,0.000611485,32,46
19000,45070,0.0006107277,32,46
19001,45071,0.0006110839,32,46
19002,45072,0.0006111321,32,47
19003,45073,0.0006104357,32,47
19004,45074,0.0006110838,32,47
19005,45075,0.0006112146,32,47
19006,45076,0.0006103483,32,47
19007,45077,0.0006115754,32,47
19008,45100,0.0006121575,32,48
19009,45101,0.000611993,32,48
19010,45102,0.0006118853,32,48
19011,45103,0.0006118344,32,48
19012,45104,0.0006117797,32,48
19013,45105,0.0006118964,32,48
19014,45106,0.0006117444,32,49
19015,45107,0.0006117446,32,49
19016,45110,0.0006118616,32,49
19017,45111,0.0006114559,32,49
19018,45112,0.0006117176,32,49
19019,45113,0.0006113492,32,49
19020,45114,0.0006117165,-1,-1
19021,45115,0.0006120626,-1,-1
19022,45116,0.0006118361,-1,-1
19023,45117,0.0006120081,-1,-1
19024,45120,0.0006115389,-1,-1
19025,45121,0.0006114859,-1,-1
19026,45122,0.0006112192,-1,-1
19027,45123,0.0006108198,-1,-1
19028,45124,0.0006112914,-1,-1
19029,45125,0.0006115678,-1,-1
19030,45126,0.0006118178,-1,-1
19031,45127,0.0006116551,-1,-1
19032,45130,0.0006117622,-1,-1
19033,45131,0.0006119162,-1,-1
19034,45132,0.0006117592,-1,-1
19035,45133,0.0006110729,-1,-1
19036,45134,0.0006115321,-1,-1
19037,45135,0.0006116836,-1,-1
19038,45136,0.0006112964,-1,-1
19039,45137,0.0006111584,-1,-1
19040,45140,0.0006113963,-1,-1
19041,45141,0.0006118599,-1,-1
19042,45142,0.0006113737,-1,-1
19043,45143,0.0006112695,-1,-1
19044,45144,0.0006115195,-1,-1
19045,45145,0.000611368,-1,-1
19046,45146,0.0006111031,-1,-1
19047,45147,0.0006116003,-1,-1
19048,45150,0.0006114659,-1,-1
19049,45151,0.0006109989,-1,-1
19050,45152,0.0006117926,-1,-1
19051,45153,0.0006112944,-1,-1
19052,45154,0.000611551,-1,-1
19053,45155,0.0006117385,-1,-1
19054,45156,0.0006117755,-1,-1
19055,45157,0.0006118545,-1,-1
19056,45160,0.0006114123,-1,-1
19057,45161,0.0006113808,-1,-1
19058,45162,0.0006111771,-1,-1
19059,45163,0.0006111471,-1,-1
19060,45164,0.000611157,-1,-1
19061,45165,0.0006111571,-1,-1
19062,45166,0.0006107583,-1,-1
19063,45167,0.0006108849,-1,-1
19064,45170,0.0006108145,-1,-1
19065,45171,0.0006109956,-1,-1
19066,45172,0.0006109574,-1,-1
19067,45173,0.0006112367,-1,-1
19068,45174,0.0006109714,-1,-1
19069,45175,0.0006111858,-1,-1
19070,45176,0.0006116771,-1,-1
19071,45177,0.0006117261,-1,-1
19072,45200,0.000611396,-1,-1
19073,45201,0.0006117041,-1,-1
19074,45202,0.0006113942,-1,-1
19075,45203,0.0006111717,-1,-1
19076,45204,0.0006116566,-1,-1
19077,45205,0.0006116626,-1,-1
19078,45206,0.0006113584,-1,-1
19079,45207,0.0006113392,-1,-1
19080,45210,0.0006116609,-1,-1
19081,45211,0.0006121755,-1,-1
19082,45212,0.000611419,-1,-1
19083,45213,0.0006116362,-1,-1
19084,45214,0.0006113762,-1,-1
19085,45215,0.000611386,-1,-1
19086,45216,0.0006115389,-1,-1
19087,45217,0.0006110178,-1,-1
19088,45220,0.0006112011,-1,-1
19089,45221,0.0006109165,-1,-1
19090,45222,0.0006109997,-1,-1
19091,45223,0.000611447,-1,-1
19092,45224,0.0006107898,-1,-1
19093,45225,0.0006116023,-1,-1
19094,45226,0.0006114201,-1,-1
19095,45227,0.0006111279,-1,-1
19096,45230,0.0006115394,-1,-1
19097,45231,0.0006113948,-1,-1
19098,45232,0.0006114564,-1,-1
19099,45233,0.0006116087,-1,-1
19100,45234,0.0006113768,-1,-1
19101,45235,0.0006117175,-1,-1
19102,45236,0.000611977,-1,-1
19103,45237,0.0006113165,-1,-1
19104,45240,0.0006118212,-1,-1
19105,45241,0.0006113193,-1,-1
19106,45242,0.0006114288,-1,-1
19107,45243,0.0006108027,-1,-1
19108,45244,0.0006115794,-1,-1
19109,45245,0.0006112105,-1,-1
19110,45246,0.0006111875,-1,-1
19111,45247,0.0006116738,-1,-1
19112,45250,0.0006113592,-1,-1
19113,45251,0.0006116573,-1,-1
19114,45252,0.0006116187,-1,-1
19115,45253,0.0006112455,-1,-1
19116,45254,0.0006116122,-1,-1
19117,45255,0.0006116812,-1,-1
19118,45256,0.0006114374,-1,-1
19119,45257,0.0006109658,-1,-1
19120,45260,0.0006113914,-1,-1
19121,45261,0.0006111864,-1,-1
19122,45262,0.000611707,-1,-1
19123,45263,0.0006114485,-1,-1
19124,45264,0.0006114856,-1,-1
19125,45265,0.0006116333,-1,-1
19126,45266,0.0006114675,-1,-1
19127,45267,0.0006114845,-1,-1
19128,45270,0.0006114294,-1,-1
19129,45271,0.0006114874,-1,-1
19130,45272,0.0006115013,-1,-1
19131,45273,0.0006112076,-1,-1
19132,45274,0.0006112621,-1,-1
19133,45275,0.0006119336,-1,-1
19134,45276,0.0006113906,-1,-1
19135,45277,0.0006117305,-1,-1
19136,45300,0.0006115787,-1,-1
19137,45301,0.0006118183,-1,-1
19138,45302,0.0006116706,-1,-1
19139,45303,0.0006115033,-1,-1
19140,45304,0.0006114991,-1,-1
19141,45305,0.0006115236,-1,-1
19142,45306,0.0006110481,-1,-1
19143,45307,0.0006114097,-1,-1
19144,45310,0.0006110987,-1,-1
19145,45311,0.0006114213,-1,-1
19146,45312,0.0006108298,-1,-1
19147,45313,0.0006114921,-1,-1
19148,45314,0.0006114322,-1,-1
19149,45315,0.0006113966,-1,-1
19150,45316,0.0006115354,-1,-1
19151,45317,0.0006113843,-1,-1
19152,45320,0.0006107208,-1,-1
19153,45321,0.0006114593,-1,-1
19154,45322,0.0006114512,-1,-1
19155,45323,0.0006108463,-1,-1
19156,45324,0.000611214,-1,-1
19157,45325,0.0006106634,-1,-1
19158,45326,0.0006111851,-1,-1
19159,45327,0.0006109065,-1,-1
19160,45330,0.0006109216,-1,-1
19161,45331,0.0006115517,-1,-1
19162,45332,0.0006113715,-1,-1
19163,45333,0.000611653,-1,-1
19164,45334,0.0006113339,-1,-1
19165,45335,0.0006110963,-1,-1
19166,45336,0.0006117047,-1,-1
19167,45337,0.0006111864,-1,-1
19168,45340,0.0006112386,-1,-1
19169,45341,0.0006113282,-1,-1
19170,45342,0.0006115255,-1,-1
19171,45343,0.0006113499,-1,-1
19172,45344,0.000611266,-1,-1
19173,45345,0.0006111994,-1,-1
19174,45346,0.0006119855,-1,-1
19175,45347,0.0006116627,-1,-1
19176,45350,0.0006117341,-1,-1
19177,45351,0.0006115981,-1,-1
19178,45352,0.0006115829,-1,-1
19179,45353,0.0006115577,-1,-1
19180,45354,0.0006116761,-1,-1
19181,45355,0.000611632,-1,-1
19182,45356,0.0006116157,-1,-1
19183,45357,0.0006113035,-1,-1
19184,45360,0.000611387,-1,-1
19185,45361,0.0006113558,-1,-1
19186,45362,0.0006116157,-1,-1
19187,45363,0.0006114036,-1,-1
19188,45364,0.0006118371,-1,-1
19189,45365,0.0006111028,-1,-1
19190,45366,0.0006115719,-1,-1
19191,45367,0.0006117129,-1,-1
19192,45370,0.000611847,-1,-1
19193,45371,0.0006116896,-1,-1
19194,45372,0.0006112011,-1,-1
19195,45373,0.0006111876,-1,-1
19196,45374,0.0006114307,-1,-1
19197,45375,0.0006111878,-1,-1
19198,45376,0.0006110454,-1,-1
19199,45377,0.0006114218,-1,-1
19200,45400,0.0006111426,-1,-1
19201,45401,0.0006111606,-1,-1
19202,45402,0.0006115536,-1,-1
19203,45403,0.0006111331,-1,-1
19204,45404,0.0006112347,-1,-1
19205,45405,0.0006108526,-1,-1
19206,45406,0.0006117553,-1,-1
19207,45407,0.0006116034,-1,-1
19208,45410,0.0006112469,-1,-1
19209,45411,0.000611277,-1,-1
19210,45412,0.0006107602,-1,-1
19211,45413,0.000611129,-1,-1
19212,45414,0.0006115003,-1,-1
19213,45415,0.0006110569,-1,-1
19214,45416,0.000611194,-1,-1
19215,45417,0.0006105316,33,49
19216,45420,0.0006106535,33,49
19217,45421,0.0006104357,33,49
19218,45422,0.0006101858,33,49
19219,45423,0.0006107173,33,49
19220,45424,0.0006107344,33,49
19221,45425,0.0006107994,33,49
19222,45426,0.0006109662,33,48
19223,45427,0.0006112451,33,48
19224,45430,0.0006111098,33,48
19225,45431,0.0006112948,33,48
19226,45432,0.0006109656,33,48
19227,45433,0.0006117364,33,48
19228,45434,0.0006111454,33,48
19229,45435,0.0006115207,33,47
19230,45436,0.0006114682,33,47
19231,45437,0.0006109945,33,47
19232,45440,0.0006111683,33,47
19233,45441,0.0006111079,33,47
19234,45442,0.0006106705,33,47
19235,45443,0.0006114242,33,47
19236,45444,0.0006110089,33,46
19237,45445,0.0006109558,33,46
19238,45446,0.0006113768,33,46
19239,45447,0.0006111272,33,46
19240,45450,0.0006115406,33,46
19241,45451,0.0006113861,33,46
19242,45452,0.00061121,33,46
19243,45453,0.0006108928,33,45
19244,45454,0.0006098106,33,45
19245,45455,0.0006066658,33,45
19246,45456,0.0006020049,33,45
19247,45457,0.0005971077,33,45
19248,45460,0.0005918479,33,45
19249,45461,0.0005861991,33,45
19250,45462,0.0005792339,33,44
19251,45463,0.000571194,33,44
19252,45464,0.0005656816,33,44
19253,45465,0.0005621914,33,44
19254,45466,0.0005600096,33,44
19255,45467,0.0005601971,33,44
19256,45470,0.0005622851,33,44
19257,45471,0.0005635102,33,43
19258,45472,0.0005644766,33,43
19259,45473,0.0005630539,33,43
19260,45474,0.0005591867,33,43
19261,45475,0.0005484229,33,43
19262,45476,0.0005265512,33,43
19263,45477,0.0004984044,33,43
19264,45500,0.0004588861,33,42
19265,45501,0.0003959542,33,42
19266,45502,0.0003290802,33,42
19267,45503,0.0002568113,33,42
19268,45504,0.0001833274,33,42
19269,45505,0.0001201012,33,42
19270,45506,3.09159e-05,33,41
19271,45507,3.096231e-05,33,41
19272,45510,3.118809e-05,33,41
19273,45511,3.124756e-05,33,41
19274,45512,3.124106e-05,33,41
19275,45513,3.124727e-05,33,41
19276,45514,3.145981e-05,33,41
19277,45515,3.152089e-05,33,40
19278,45516,3.149884e-05,33,40
19279,45517,3.147369e-05,33,40
19280,45520,3.167781e-05,33,40
19281,45521,3.172504e-05,33,40
19282,45522,3.168898e-05,33,40
19283,45523,3.165407e-05,33,40
19284,45524,3.185816e-05,33,39
19285,45525,3.18913e-05,33,39
19286,45526,3.18591e-05,33,39
19287,45527,3.180441e-05,33,39
19288,45530,3.197094e-05,33,39
19289,45531,3.203497e-05,33,39
19290,45532,3.200458e-05,33,39
19291,45533,3.193523e-05,33,38
19292,45534,3.203515e-05,33,38
19293,45535,3.214397e-05,33,38
19294,45536,3.210711e-05,33,38
19295,45537,3.202517e-05,33,38
19296,45540,3.215571e-05,33,38
19297,45541,3.223833e-05,33,38
19298,45542,3.219128e-05,33,37
19299,45543,3.211873e-05,33,37
19300,45544,3.222916e-05,33,37
19301,45545,3.231462e-05,33,37
19302,45546,3.22817e-05,33,37
19303,45547,3.220206e-05,33,37
19304,45550,3.225546e-05,33,37
19305,45551,3.239069e-05,33,36
19306,45552,3.235884e-05,33,36
19307,45553,3.230277e-05,33,36
19308,45554,3.234961e-05,33,36
19309,45555,3.25386e-05,33,36
19310,45556,3.262767e-05,33,36
19311,45557,3.281764e-05,33,36
19312,45560,3.328318e-05,33,35
19313,45561,3.469206e-05,33,35
19314,45562,3.638037e-05,33,35
19315,45563,3.95874e-05,33,35
19316,45564,4.600808e-05,33,35
19317,45565,4.99804e-05,33,35
19318,45566,5.704833e-05,33,34
19319,45567,6.816612e-05,33,34
19320,45570,7.005228e-05,33,34
19321,45571,8.307979e-05,33,34
19322,45572,9.143622e-05,33,34
19323,45573,9.206175e-05,33,34
19324,45574,0.00012922,33,34
19325,45575,0.0001341355,33,33
19326,45576,0.0001293245,33,33
19327,45577,0.0001500231,33,33
19328,45600,0.0001366496,33,33
19329,45601,0.0001413428,33,33
19330,45602,0.0001546865,33,33
19331,45603,0.0001358361,33,33
19332,45604,0.0001585421,33,32
19333,45605,0.0001536654,33,32
19334,45606,0.0001469081,33,32
19335,45607,0.0001671286,33,32
19336,45610,0.0001470914,33,32
19337,45611,0.000150839,33,32
19338,45612,0.0001645535,33,32
19339,45613,0.0001477315,33,31
19340,45614,0.0001618975,33,31
19341,45615,0.0001568241,33,31
19342,45616,0.0001490633,33,31
19343,45617,0.0001687068,33,31
19344,45620,0.0001572867,33,31
19345,45621,0.0001645969,33,31
19346,45622,0.0001872329,33,30
19347,45623,0.000162787,33,30
19348,45624,0.000175827,33,30
19349,45625,0.0001837287,33,30
19350,45626,0.0001651226,33,30
19351,45627,0.0001819348,33,30
19352,45630,0.0001786799,33,30
19353,45631,0.0001663874,33,29
19354,45632,0.0001888438,33,29
19355,45633,0.0001713566,33,29
19356,45634,0.0001727756,33,29
19357,45635,0.0001796531,33,29
19358,45636,0.0001666961,33,29
19359,45637,0.0001789771,33,29
19360,45640,0.0001760877,33,28
19361,45641,0.0001707635,33,28
19362,45642,0.0001876972,33,28
19363,45643,0.000172231,33,28
19364,45644,0.0001775331,33,28
19365,45645,0.0001834009,33,28
19366,45646,0.000172544,33,27
19367,45647,0.0001865956,33,27
19368,45650,0.0001786691,33,27
19369,45651,0.0001652894,33,27
19370,45652,0.0001708287,33,27
19371,45653,0.0001479316,33,27
19372,45654,0.0001363221,33,27
19373,45655,0.0001201894,33,26
19374,45656,3.15293e-05,33,26
19375,45657,3.149943e-05,33,26
19376,45660,3.163367e-05,33,26
19377,45661,3.176425e-05,33,26
19378,45662,3.177147e-05,33,26
19379,45663,3.173049e-05,33,26
19380,45664,3.178258e-05,33,25
19381,45665,3.194966e-05,33,25
19382,45666,3.19568e-05,33,25
19383,45667,3.190805e-05,33,25
19384,45670,3.189415e-05,33,25
19385,45671,3.208358e-05,33,25
19386,45672,3.208606e-05,33,25
19387,45673,3.202256e-05,33,24
19388,45674,3.202853e-05,33,24
19389,45675,3.219876e-05,33,24
19390,45676,3.218092e-05,33,24
19391,45677,3.212641e-05,33,24
19392,45700,3.210904e-05,33,24
19393,45701,3.22809e-05,33,24
19394,45702,3.227098e-05,33,23
19395,45703,3.220411e-05,33,23
19396,45704,3.217138e-05,33,23
19397,45705,3.234801e-05,33,23
19398,45706,3.233577e-05,33,23
19399,45707,3.22638e-05,33,23
19400,45710,3.223327e-05,33,23
19401,45711,3.239459e-05,33,22
19402,45712,3.240199e-05,33,22
19403,45713,3.23221e-05,33,22
19404,45714,3.226275e-05,33,22
19405,45715,3.243501e-05,33,22
19406,45716,3.244594e-05,33,22
19407,45717,3.237708e-05,33,22
19408,45720,3.230734e-05,33,21
19409,45721,3.245548e-05,33,21
19410,45722,3.248414e-05,33,21
19411,45723,3.241669e-05,33,21
19412,45724,3.234118e-05,33,21
19413,45725,3.24828e-05,33,21
19414,45726,3.252224e-05,33,20
19415,45727,3.246213e-05,33,20
19416,45730,3.237719e-05,33,20
19417,45731,3.248731e-05,33,20
19418,45732,3.256958e-05,33,20
19419,45733,3.251837e-05,33,20
19420,45734,3.244948e-05,33,20
19421,45735,3.266698e-05,33,19
19422,45736,3.274955e-05,33,19
19423,45737,3.2907e-05,33,19
19424,45740,3.336552e-05,33,19
19425,45741,3.448382e-05,33,19
19426,45742,3.684898e-05,33,19
19427,45743,3.970173e-05,33,19
19428,45744,4.665993e-05,33,18
19429,45745,5.820016e-05,33,18
19430,45746,6.7374e-05,33,18
19431,45747,8.962398e-05,33,18
19432,45750,9.527497e-05,33,18
19433,45751,0.0001139037,33,18
19434,45752,0.0001205784,33,18
19435,45753,0.0001156777,33,17
19436,45754,0.0001068883,33,17
19437,45755,0.0001198282,33,17
19438,45756,0.0001111144,33,17
19439,45757,0.0001059825,33,17
19440,45760,0.0001151261,33,17
19441,45761,0.0001063994,33,17
19442,45762,0.0001065703,33,16
19443,45763,0.0001131646,33,16
19444,45764,0.0001062543,33,16
19445,45765,0.0001122214,33,16
19446,45766,0.0001088251,33,16
19447,45767,0.0001033043,33,16
19448,45770,0.0001069388,33,16
19449,45771,3.142313e-05,33,15
19450,45772,3.133298e-05,33,15
19451,45773,3.125227e-05,33,15
19452,45774,3.138982e-05,33,15
19453,45775,3.150614e-05,33,15
19454,45776,3.149849e-05,33,15
19455,45777,3.146904e-05,33,15
19456,46000,3.162268e-05,33,14
19457,46001,3.173751e-05,33,14
19458,46002,3.171506e-05,33,14
19459,46003,3.167343e-05,33,14
19460,46004,3.182553e-05,33,14
19461,46005,3.19121e-05,33,14
19462,46006,3.187898e-05,33,13
19463,46007,3.182224e-05,33,13
19464,46010,3.195709e-05,33,13
19465,46011,3.204428e-05,33,13
19466,46012,3.199914e-05,33,13
19467,46013,3.193419e-05,33,13
19468,46014,3.213379e-05,33,13
19469,46015,3.210966e-05,33,12
19470,46016,3.20343e-05,33,12
19471,46017,3.209209e-05,33,12
19472,46020,3.22121e-05,33,12
19473,46021,3.217354e-05,33,12
19474,46022,3.209455e-05,33,12
19475,46023,3.216731e-05,33,12
19476,46024,3.22795e-05,33,11
19477,46025,3.222592e-05,33,11
19478,46026,3.214769e-05,33,11
19479,46027,3.223965e-05,33,11
19480,46030,3.232511e-05,33,11
19481,46031,3.228385e-05,33,11
19482,46032,3.219257e-05,33,11
19483,46033,3.229305e-05,33,10
19484,46034,3.237196e-05,33,10
19485,46035,3.231537e-05,33,10
19486,46036,3.2235e-05,33,10
19487,46037,3.230702e-05,33,10
19488,46040,3.240756e-05,33,10
19489,46041,3.235257e-05,33,10
19490,46042,3.225945e-05,33,9
19491,46043,3.239292e-05,33,9
19492,46044,3.244881e-05,33,9
19493,46045,3.24096e-05,33,9
19494,46046,3.232642e-05,33,9
19495,46047,3.237693e-05,33,9
19496,46050,3.248728e-05,33,9
19497,46051,3.243265e-05,33,8
19498,46052,3.234783e-05,33,8
19499,46053,3.241373e-05,33,8
19500,46054,3.250889e-05,33,8
19501,46055,3.24522e-05,33,8
19502,46056,3.236451e-05,33,8
19503,46057,3.241543e-05,33,8
19504,46060,3.252929e-05,33,7
19505,46061,3.24787e-05,33,7
19506,46062,3.238035e-05,33,7
19507,46063,3.245071e-05,33,7
19508,46064,3.254809e-05,33,7
19509,46065,3.25191e-05,33,7
19510,46066,3.245326e-05,33,6
19511,46067,3.238575e-05,33,6
19512,46070,3.253462e-05,33,6
19513,46071,3.25567e-05,33,6
19514,46072,3.24703e-05,33,6
19515,46073,3.239944e-05,33,6
19516,46074,3.254885e-05,33,6
19517,46075,3.256205e-05,33,5
19518,46076,3.249635e-05,33,5
19519,46077,3.241087e-05,33,5
19520,46100,3.255125e-05,33,5
19521,46101,3.258489e-05,33,5
19522,46102,3.251439e-05,33,5
19523,46103,3.244079e-05,33,5
19524,46104,3.250654e-05,33,4
19525,46105,3.260093e-05,33,4
19526,46106,3.254259e-05,33,4
19527,46107,3.247489e-05,33,4
19528,46110,3.245452e-05,33,4
19529,46111,3.2613e-05,33,4
19530,46112,3.258225e-05,33,4
19531,46113,3.249934e-05,33,3
19532,46114,3.246755e-05,33,3
19533,46115,3.261399e-05,33,3
19534,46116,3.259489e-05,33,3
19535,46117,3.251318e-05,33,3
19536,46120,3.245805e-05,33,3
19537,46121,3.259958e-05,33,3
19538,46122,3.261293e-05,33,2
19539,46123,3.253602e-05,33,2
19540,46124,3.24645e-05,33,2
19541,46125,3.261437e-05,33,2
19542,46126,3.262714e-05,33,2
19543,46127,3.253707e-05,33,2
19544,46130,3.248432e-05,33,2
19545,46131,3.264002e-05,33,1
19546,46132,3.26098e-05,33,1
19547,46133,3.252472e-05,33,1
19548,46134,3.249685e-05,33,1
19549,46135,3.264695e-05,33,1
19550,46136,3.26177e-05,33,1
19551,46137,3.254264e-05,33,1
19552,46140,3.248645e-05,33,0
19553,46141,3.263964e-05,33,0
19554,46142,3.262842e-05,33,0
19555,46143,3.25525e-05,33,0
19556,46144,3.249517e-05,33,0
19557,46145,3.265176e-05,33,0
19558,46146,3.262951e-05,-1,-1
19559,46147,3.255084e-05,-1,-1
19560,46150,3.24912e-05,-1,-1
19561,46151,3.265115e-05,-1,-1
19562,46152,3.265405e-05,-1,-1
19563,46153,3.257842e-05,-1,-1
19564,46154,3.249569e-05,-1,-1
19565,46155,3.262673e-05,-1,-1
19566,46156,3.266277e-05,-1,-1
19567,46157,3.257889e-05,-1,-1
19568,46160,3.249829e-05,-1,-1
19569,46161,3.264743e-05,-1,-1
19570,46162,3.265501e-05,-1,-1
19571,46163,3.256182e-05,-1,-1
19572,46164,3.25129e-05,-1,-1
19573,46165,3.267128e-05,-1,-1
19574,46166,3.264209e-05,-1,-1
19575,46167,3.255391e-05,-1,-1
19576,46170,3.251843e-05,-1,-1
19577,46171,3.267864e-05,-1,-1
19578,46172,3.264262e-05,-1,-1
19579,46173,3.256574e-05,-1,-1
19580,46174,3.251014e-05,-1,-1
19581,46175,3.26647e-05,-1,-1
19582,46176,3.266452e-05,-1,-1
19583,46177,3.258082e-05,-1,-1
19584,46200,3.250721e-05,-1,-1
19585,46201,3.267606e-05,-1,-1
19586,46202,3.266113e-05,-1,-1
19587,46203,3.257666e-05,-1,-1
19588,46204,3.251957e-05,-1,-1
19589,46205,3.266754e-05,-1,-1
19590,46206,3.266791e-05,-1,-1
19591,46207,3.257853e-05,-1,-1
19592,46210,3.2527e-05,-1,-1
19593,46211,3.268443e-05,-1,-1
19594,46212,3.266174e-05,-1,-1
19595,46213,3.257775e-05,-1,-1
19596,46214,3.25232e-05,-1,-1
19597,46215,3.268065e-05,-1,-1
19598,46216,3.266894e-05,-1,-1
19599,46217,3.258319e-05,-1,-1
19600,46220,3.251875e-05,-1,-1
19601,46221,3.266173e-05,-1,-1
19602,46222,3.268188e-05,-1,-1
19603,46223,3.261033e-05,-1,-1
19604,46224,3.252314e-05,-1,-1
19605,46225,3.262585e-05,-1,-1
19606,46226,3.269617e-05,-1,-1
19607,46227,3.263272e-05,-1,-1
19608,46230,3.254261e-05,-1,-1
19609,46231,3.260705e-05,-1,-1
19610,46232,3.269737e-05,-1,-1
19611,46233,3.266402e-05,-1,-1
19612,46234,3.258097e-05,-1,-1
19613,46235,3.254636e-05,-1,-1
19614,46236,3.269904e-05,-1,-1
19615,46237,3.265738e-05,-1,-1
19616,46240,3.257089e-05,-1,-1
19617,46241,3.254293e-05,-1,-1
19618,46242,3.268642e-05,-1,-1
19619,46243,3.267518e-05,-1,-1
19620,46244,3.259712e-05,-1,-1
19621,46245,3.253913e-05,-1,-1
19622,46246,3.269807e-05,-1,-1
19623,46247,3.266739e-05,-1,-1
19624,46250,3.259215e-05,-1,-1
19625,46251,3.25504e-05,-1,-1
19626,46252,3.270203e-05,-1,-1
19627,46253,3.266552e-05,-1,-1
19628,46254,3.257877e-05,-1,-1
19629,46255,3.257906e-05,-1,-1
19630,46256,3.270987e-05,-1,-1
19631,46257,3.265902e-05,-1,-1
19632,46260,3.256571e-05,-1,-1
19633,46261,3.257282e-05,-1,-1
19634,46262,3.270103e-05,-1,-1
19635,46263,3.266959e-05,-1,-1
19636,46264,3.258491e-05,-1,-1
19637,46265,3.257096e-05,-1,-1
19638,46266,3.271126e-05,-1,-1
19639,46267,3.268847e-05,-1,-1
19640,46270,3.259188e-05,-1,-1
19641,46271,3.254756e-05,-1,-1
19642,46272,3.271265e-05,-1,-1
19643,46273,3.268136e-05,-1,-1
19644,46274,3.260884e-05,-1,-1
19645,46275,3.255072e-05,-1,-1
19646,46276,3.270905e-05,-1,-1
19647,46277,3.268024e-05,-1,-1
19648,46300,3.259941e-05,-1,-1
19649,46301,3.256059e-05,-1,-1
19650,46302,3.271443e-05,-1,-1
19651,46303,3.268382e-05,-1,-1
19652,46304,3.2592e-05,-1,-1
19653,46305,3.256436e-05,-1,-1
19654,46306,3.272018e-05,-1,-1
19655,46307,3.268701e-05,-1,-1
19656,46310,3.261379e-05,-1,-1
19657,46311,3.25605e-05,-1,-1
19658,46312,3.271617e-05,-1,-1
19659,46313,3.268844e-05,-1,-1
19660,46314,3.260845e-05,-1,-1
19661,46315,3.256138e-05,-1,-1
19662,46316,3.272229e-05,-1,-1
19663,46317,3.268317e-05,-1,-1
19664,46320,3.259552e-05,-1,-1
19665,46321,3.256535e-05,-1,-1
19666,46322,3.272304e-05,-1,-1
19667,46323,3.26938e-05,-1,-1
19668,46324,3.26187e-05,-1,-1
19669,46325,3.255892e-05,-1,-1
19670,46326,3.271783e-05,-1,-1
19671,46327,3.269239e-05,-1,-1
19672,46330,3.261279e-05,-1,-1
19673,46331,3.257589e-05,-1,-1
19674,46332,3.272372e-05,-1,-1
19675,46333,3.270355e-05,-1,-1
19676,46334,3.261334e-05,-1,-1
19677,46335,3.255523e-05,-1,-1
19678,46336,3.272609e-05,-1,-1
19679,46337,3.269608e-05,-1,-1
19680,46340,3.260421e-05,-1,-1
19681,46341,3.257343e-05,-1,-1
19682,46342,3.272767e-05,-1,-1
19683,46343,3.269269e-05,-1,-1
19684,46344,3.261138e-05,-1,-1
19685,46345,3.257229e-05,-1,-1
19686,46346,3.272784e-05,-1,-1
19687,46347,3.269262e-05,-1,-1
19688,46350,3.26011e-05,-1,-1
19689,46351,3.260081e-05,-1,-1
19690,46352,3.273183e-05,-1,-1
19691,46353,3.267553e-05,-1,-1
19692,46354,3.259039e-05,-1,-1
19693,46355,3.259552e-05,-1,-1
19694,46356,3.273435e-05,-1,-1
19695,46357,3.26849e-05,-1,-1
19696,46360,3.258635e-05,-1,-1
19697,46361,3.260738e-05,-1,-1
19698,46362,3.273356e-05,-1,-1
19699,46363,3.268004e-05,-1,-1
19700,46364,3.260256e-05,-1,-1
19701,46365,3.26117e-05,-1,-1
19702,46366,3.273596e-05,-1,-1
19703,46367,3.269324e-05,-1,-1
19704,46370,3.260102e-05,-1,-1
19705,46371,3.257859e-05,-1,-1
19706,46372,3.271681e-05,-1,-1
19707,46373,3.267225e-05,-1,-1
19708,46374,3.259089e-05,-1,-1
19709,46375,3.254516e-05,-1,-1
19710,46376,3.270806e-05,-1,-1
19711,46377,3.266452e-05,-1,-1
19712,46400,3.258319e-05,-1,-1
19713,46401,3.258328e-05,-1,-1
19714,46402,3.271599e-05,-1,-1
19715,46403,3.265706e-05,-1,-1
19716,46404,3.257241e-05,-1,-1
19717,46405,3.261533e-05,-1,-1
19718,46406,3.272354e-05,-1,-1
19719,46407,3.265966e-05,-1,-1
19720,46410,3.256762e-05,-1,-1
19721,46411,3.265021e-05,-1,-1
19722,46412,3.272692e-05,-1,-1
19723,46413,3.267509e-05,-1,-1
19724,46414,3.258062e-05,-1,-1
19725,46415,3.263144e-05,-1,-1
19726,46416,3.273733e-05,-1,-1
19727,46417,3.267482e-05,-1,-1
19728,46420,3.259353e-05,-1,-1
19729,46421,3.265469e-05,-1,-1
19730,46422,3.27467e-05,-1,-1
19731,46423,3.26779e-05,-1,-1
19732,46424,3.259209e-05,-1,-1
19733,46425,3.268343e-05,-1,-1
19734,46426,3.275332e-05,-1,-1
19735,46427,3.268622e-05,-1,-1
19736,46430,3.259317e-05,-1,-1
19737,46431,3.267179e-05,-1,-1
19738,46432,3.276105e-05,-1,-1
19739,46433,3.270173e-05,-1,-1
19740,46434,3.259962e-05,-1,-1
19741,46435,3.2714e-05,-1,-1
19742,46436,3.277197e-05,-1,-1
19743,46437,3.270533e-05,-1,-1
19744,46440,3.261323e-05,-1,-1
19745,46441,3.270627e-05,-1,-1
19746,46442,3.277431e-05,-1,-1
19747,46443,3.2709e-05,-1,-1
19748,46444,3.263361e-05,-1,-1
19749,46445,3.269172e-05,-1,-1
19750,46446,3.280013e-05,-1,-1
19751,46447,3.274331e-05,-1,-1
19752,46450,3.266783e-05,-1,-1
19753,46451,3.273204e-05,-1,-1
19754,46452,3.285852e-05,-1,-1
19755,46453,3.283135e-05,-1,-1
19756,46454,3.277683e-05,-1,-1
19757,46455,3.285184e-05,-1,-1
19758,46456,3.298133e-05,-1,-1
19759,46457,3.293657e-05,-1,-1
19760,46460,3.285602e-05,-1,-1
19761,46461,3.294479e-05,-1,-1
19762,46462,3.304519e-05,-1,-1
19763,46463,3.298209e-05,34,0
19764,46464,3.288852e-05,34,0
19765,46465,3.301585e-05,34,0
19766,46466,3.305575e-05,34,0
19767,46467,3.300375e-05,34,0
19768,46470,3.293639e-05,34,0
19769,46471,3.302486e-05,34,0
19770,46472,3.310213e-05,34,1
19771,46473,3.300545e-05,34,1
19772,46474,3.292676e-05,34,1
19773,46475,3.308076e-05,34,1
19774,46476,3.307965e-05,34,1
19775,46477,3.301161e-05,34,1
19776,46500,3.296737e-05,34,1
19777,46501,3.306908e-05,34,2
19778,46502,3.314561e-05,34,2
19779,46503,3.308336e-05,34,2
19780,46504,3.298326e-05,34,2
19781,46505,3.308626e-05,34,2
19782,46506,3.317275e-05,34,2
19783,46507,3.3099e-05,34,2
19784,46510,3.303318e-05,34,3
19785,46511,3.307462e-05,34,3
19786,46512,3.318668e-05,34,3
19787,46513,3.311357e-05,34,3
19788,46514,3.303318e-05,34,3
19789,46515,3.308919e-05,34,3
19790,46516,3.32114e-05,34,3
19791,46517,3.316636e-05,34,4
19792,46520,3.310977e-05,34,4
19793,46521,3.306038e-05,34,4
19794,46522,3.326362e-05,34,4
19795,46523,3.319257e-05,34,4
19796,46524,3.31329e-05,34,4
19797,46525,3.312086e-05,34,4
19798,46526,3.324746e-05,34,5
19799,46527,3.327879e-05,34,5
19800,46530,3.321502e-05,34,5
19801,46531,3.311677e-05,34,5
19802,46532,3.333451e-05,34,5
19803,46533,3.330119e-05,34,5
19804,46534,3.324421e-05,34,5
19805,46535,3.320202e-05,34,6
19806,46536,3.324989e-05,34,6
19807,46537,3.331325e-05,34,6
19808,46540,3.329047e-05,34,6
19809,46541,3.312377e-05,34,6
19810,46542,3.326954e-05,34,6
19811,46543,3.332879e-05,34,6
19812,46544,3.324149e-05,34,7
19813,46545,3.321064e-05,34,7
19814,46546,3.324814e-05,34,7
19815,46547,3.335032e-05,34,7
19816,46550,3.333003e-05,34,7
19817,46551,3.314554e-05,34,7
19818,46552,3.323145e-05,34,7
19819,46553,3.322829e-05,34,8
19820,46554,3.308594e-05,34,8
19821,46555,3.29423e-05,34,8
19822,46556,3.28225e-05,34,8
19823,46557,3.293846e-05,34,8
19824,46560,3.287775e-05,34,8
19825,46561,3.276547e-05,34,9
19826,46562,3.271125e-05,34,9
19827,46563,3.286574e-05,34,9
19828,46564,3.283688e-05,34,9
19829,46565,3.276269e-05,34,9
19830,46566,3.269485e-05,34,9
19831,46567,3.284683e-05,34,9
19832,46570,3.285128e-05,34,10
19833,46571,3.277393e-05,34,10
19834,46572,3.26935e-05,34,10
19835,46573,3.285076e-05,34,10
19836,46574,3.285875e-05,34,10
19837,46575,3.279551e-05,34,10
19838,46576,3.271617e-05,34,10
19839,46577,3.282833e-05,34,11
19840,46600,3.288062e-05,34,11
19841,46601,3.28088e-05,34,11
19842,46602,3.271623e-05,34,11
19843,46603,3.284124e-05,34,11
19844,46604,3.288427e-05,34,11
19845,46605,3.282678e-05,34,11
19846,46606,3.27313e-05,34,12
19847,46607,3.283044e-05,34,12
19848,46610,3.290345e-05,34,12
19849,46611,3.284469e-05,34,12
19850,46612,3.275162e-05,34,12
19851,46613,3.277683e-05,34,12
19852,46614,3.291028e-05,34,12
19853,46615,3.287944e-05,34,13
19854,46616,3.27915e-05,34,13
19855,46617,3.275027e-05,34,13
19856,46620,3.292161e-05,34,13
19857,46621,3.28853e-05,34,13
19858,46622,3.280017e-05,34,13
19859,46623,3.277375e-05,34,13
19860,46624,3.29219e-05,34,14
19861,46625,3.289924e-05,34,14
19862,46626,3.282242e-05,34,14
19863,46627,3.275886e-05,34,14
19864,46630,3.292928e-05,34,14
19865,46631,3.291874e-05,34,14
19866,46632,3.283691e-05,34,14
19867,46633,3.276977e-05,34,15
19868,46634,3.291888e-05,34,15
19869,46635,3.292851e-05,34,15
19870,46636,3.284581e-05,34,15
19871,46637,3.277944e-05,34,15
19872,46640,3.294172e-05,34,15
19873,46641,3.292896e-05,34,15
19874,46642,3.284672e-05,34,16
19875,46643,3.278858e-05,34,16
19876,46644,3.295698e-05,34,16
19877,46645,3.293909e-05,34,16
19878,46646,3.285559e-05,34,16
19879,46647,3.27961e-05,34,16
19880,46650,3.294541e-05,34,17
19881,46651,3.295425e-05,34,17
19882,46652,3.287836e-05,34,17
19883,46653,3.280081e-05,34,17
19884,46654,3.29481e-05,34,17
19885,46655,3.296743e-05,34,17
19886,46656,3.288852e-05,34,17
19887,46657,3.280778e-05,34,18
19888,46660,3.297934e-05,34,18
19889,46661,3.296974e-05,34,18
19890,46662,3.289259e-05,34,18
19891,46663,3.284369e-05,34,18
19892,46664,3.300879e-05,34,18
19893,46665,3.303201e-05,34,18
19894,46666,3.299665e-05,34,19
19895,46667,3.299404e-05,34,19
19896,46670,3.326573e-05,34,19
19897,46671,3.345684e-05,34,19
19898,46672,3.357382e-05,34,19
19899,46673,3.376582e-05,34,19
19900,46674,3.391835e-05,34,19
19901,46675,3.407663e-05,34,20
19902,46676,3.412765e-05,34,20
19903,46677,3.39794e-05,34,20
19904,46700,3.424965e-05,34,20
19905,46701,3.408746e-05,34,20
19906,46702,3.397869e-05,34,20
19907,46703,3.404182e-05,34,20
19908,46704,3.40761e-05,34,21
19909,46705,3.414914e-05,34,21
19910,46706,3.407358e-05,34,21
19911,46707,3.397102e-05,34,21
19912,46710,3.415515e-05,34,21
19913,46711,3.394426e-05,34,21
19914,46712,3.387309e-05,34,21
19915,46713,3.380965e-05,34,22
19916,46714,3.382056e-05,34,22
19917,46715,3.399146e-05,34,22
19918,46716,3.396836e-05,34,22
19919,46717,3.386659e-05,34,22
19920,46720,3.431872e-05,34,22
19921,46721,3.428007e-05,34,22
19922,46722,3.408523e-05,34,23
19923,46723,3.40631e-05,34,23
19924,46724,3.394935e-05,34,23
19925,46725,3.403786e-05,34,23
19926,46726,3.397685e-05,34,23
19927,46727,3.374098e-05,34,23
19928,46730,3.380376e-05,34,23
19929,46731,3.388562e-05,34,24
19930,46732,3.379691e-05,34,24
19931,46733,3.388375e-05,34,24
19932,46734,3.383585e-05,34,24
19933,46735,3.405736e-05,34,24
19934,46736,3.407861e-05,34,24
19935,46737,3.382346e-05,34,25
19936,46740,3.388676e-05,34,25
19937,46741,3.393258e-05,34,25
19938,46742,3.376532e-05,34,25
19939,46743,3.37313e-05,34,25
19940,46744,3.358137e-05,34,25
19941,46745,3.374304e-05,34,25
19942,46746,3.368626e-05,34,26
19943,46747,3.350463e-05,34,26
19944,46750,3.354881e-05,34,26
19945,46751,3.362698e-05,34,26
19946,46752,3.34984e-05,34,26
19947,46753,3.342173e-05,34,26
19948,46754,3.335675e-05,34,26
19949,46755,3.349343e-05,34,27
19950,46756,3.346461e-05,34,27
19951,46757,3.33514e-05,34,27
19952,46760,3.340214e-05,34,27
19953,46761,3.361744e-05,34,27
19954,46762,3.35429e-05,34,27
19955,46763,3.3529e-05,34,27
19956,46764,3.347574e-05,34,28
19957,46765,3.361094e-05,34,28
19958,46766,3.362014e-05,34,28
19959,46767,3.350051e-05,34,28
19960,46770,3.340597e-05,34,28
19961,46771,3.359867e-05,34,28
19962,46772,3.349953e-05,34,28
19963,46773,3.343846e-05,34,29
19964,46774,3.330084e-05,34,29
19965,46775,3.335661e-05,34,29
19966,46776,3.343138e-05,34,29
19967,46777,3.335131e-05,34,29
19968,47000,3.324451e-05,34,29
19969,47001,3.334311e-05,34,29
19970,47002,3.338656e-05,34,30
19971,47003,3.336255e-05,34,30
19972,47004,3.328851e-05,34,30
19973,47005,3.318976e-05,34,30
19974,47006,3.333726e-05,34,30
19975,47007,3.331855e-05,34,30
19976,47010,3.319802e-05,34,30
19977,47011,3.316432e-05,34,31
19978,47012,3.328189e-05,34,31
19979,47013,3.328063e-05,34,31
19980,47014,3.322471e-05,34,31
19981,47015,3.311973e-05,34,31
19982,47016,3.32682e-05,34,31
19983,47017,3.327419e-05,34,31
19984,47020,3.317954e-05,34,32
19985,47021,3.311018e-05,34,32
19986,47022,3.322697e-05,34,32
19987,47023,3.319699e-05,34,32
19988,47024,3.308287e-05,34,32
19989,47025,3.297345e-05,34,32
19990,47026,3.311144e-05,34,32
19991,47027,3.307344e-05,34,33
19992,47030,3.29787e-05,34,33
19993,47031,3.289314e-05,34,33
19994,47032,3.304334e-05,34,33
19995,47033,3.303181e-05,34,33
19996,47034,3.295164e-05,34,33
19997,47035,3.287623e-05,34,34
19998,47036,3.303655e-05,34,34
19999,47037,3.302812e-05,34,34
20000,47040,3.294582e-05,34,34
20001,47041,3.287983e-05,34,34
20002,47042,3.304847e-05,34,34
20003,47043,3.302413e-05,34,34
20004,47044,3.293513e-05,34,35
20005,47045,3.289634e-05,34,35
20006,47046,3.30617e-05,34,35
20007,47047,3.30268e-05,34,35
20008,47050,3.293882e-05,34,35
20009,47051,3.292357e-05,34,35
20010,47052,3.306629e-05,34,35
20011,47053,3.303181e-05,34,36
20012,47054,3.295018e-05,34,36
20013,47055,3.292688e-05,34,36
20014,47056,3.307294e-05,34,36
20015,47057,3.303104e-05,34,36
20016,47060,3.294345e-05,34,36
20017,47061,3.295736e-05,34,36
20018,47062,3.308368e-05,34,37
20019,47063,3.302472e-05,34,37
20020,47064,3.29322e-05,34,37
20021,47065,3.299404e-05,34,37
20022,47066,3.308523e-05,34,37
20023,47067,3.303456e-05,34,37
20024,47070,3.293536e-05,34,37
20025,47071,3.298393e-05,34,38
20026,47072,3.309558e-05,34,38
20027,47073,3.303992e-05,34,38
20028,47074,3.295492e-05,34,38
20029,47075,3.298904e-05,34,38
20030,47076,3.309935e-05,34,38
20031,47077,3.303679e-05,34,38
20032,47100,3.294843e-05,34,39
20033,47101,3.297641e-05,34,39
20034,47102,3.3106e-05,34,39
20035,47103,3.306149e-05,34,39
20036,47104,3.298066e-05,34,39
20037,47105,3.296605e-05,34,39
20038,47106,3.311094e-05,34,39
20039,47107,3.307391e-05,34,40
20040,47110,3.297981e-05,34,40
20041,47111,3.296997e-05,34,40
20042,47112,3.31144e-05,34,40
20043,47113,3.309633e-05,34,40
20044,47114,3.301836e-05,34,40
20045,47115,3.297123e-05,34,40
20046,47116,3.314209e-05,34,41
20047,47117,3.313612e-05,34,41
20048,47120,3.309007e-05,34,41
20049,47121,3.31002e-05,34,41
20050,47122,3.331785e-05,34,41
20051,47123,3.334578e-05,34,41
20052,47124,3.338758e-05,34,42
20053,47125,3.371148e-05,34,42
20054,47126,3.456605e-05,34,42
20055,47127,3.606274e-05,34,42
20056,47130,3.913238e-05,34,42
20057,47131,4.635865e-05,34,42
20058,47132,6.247719e-05,34,42
20059,47133,0.0006125041,34,43
20060,47134,0.0006120503,34,43
20061,47135,0.0006123951,34,43
20062,47136,0.0006121785,34,43
20063,47137,0.0006121023,34,43
20064,47140,0.0006123811,34,43
20065,47141,0.0006120041,34,43
20066,47142,0.0006118193,34,44
20067,47143,0.0006118751,34,44
20068,47144,0.0006119484,34,44
20069,47145,0.0006121195,34,44
20070,47146,0.0006124348,34,44
20071,47147,0.0006122969,34,44
20072,47150,0.0006121148,34,44
20073,47151,0.0006121011,34,45
20074,47152,0.0006122967,34,45
20075,47153,0.0006119033,34,45
20076,47154,0.0006118477,34,45
20077,47155,0.0006124772,34,45
20078,47156,0.0006121739,34,45
20079,47157,0.0006118669,34,45
20080,47160,0.0006119835,34,46
20081,47161,0.000612312,34,46
20082,47162,0.0006122293,34,46
20083,47163,0.0006124493,34,46
20084,47164,0.0006124105,34,46
20085,47165,0.0006124759,34,46
20086,47166,0.0006119373,34,46
20087,47167,0.0006120485,34,47
20088,47170,0.000612558,34,47
20089,47171,0.0006120999,34,47
20090,47172,0.0006120221,34,47
20091,47173,0.0006125146,34,47
20092,47174,0.0006123161,34,47
20093,47175,0.0006122629,34,47
20094,47176,0.0006121522,34,48
20095,47177,0.0006124187,34,48
20096,47200,0.0006118845,34,48
20097,47201,0.0006126049,34,48
20098,47202,0.0006124479,34,48
20099,47203,0.0006121076,34,48
20100,47204,0.0006118734,34,48
20101,47205,0.0006125189,34,49
20102,47206,0.0006122529,34,49
20103,47207,0.0006117579,34,49
20104,47210,0.0006114588,34,49
20105,47211,0.0006119647,34,49
20106,47212,0.000612066,34,49
20107,47213,0.0006119239,-1,-1
20108,47214,0.0006117052,-1,-1
20109,47215,0.0006122012,-1,-1
20110,47216,0.0006117632,-1,-1
20111,47217,0.0006118224,-1,-1
20112,47220,0.0006115143,-1,-1
20113,47221,0.0006118939,-1,-1
20114,47222,0.0006125212,-1,-1
20115,47223,0.000612069,-1,-1
20116,47224,0.0006116668,-1,-1
20117,47225,0.0006116338,-1,-1
20118,47226,0.0006119728,-1,-1
20119,47227,0.0006118945,-1,-1
20120,47230,0.0006117194,-1,-1
20121,47231,0.0006116743,-1,-1
20122,47232,0.0006118517,-1,-1
20123,47233,0.0006118095,-1,-1
20124,47234,0.0006117686,-1,-1
20125,47235,0.0006118214,-1,-1
20126,47236,0.0006117077,-1,-1
20127,47237,0.0006122055,-1,-1
20128,47240,0.0006116309,-1,-1
20129,47241,0.0006116573,-1,-1
20130,47242,0.0006119617,-1,-1
20131,47243,0.0006116643,-1,-1
20132,47244,0.0006113597,-1,-1
20133,47245,0.0006116793,-1,-1
20134,47246,0.0006117672,-1,-1
20135,47247,0.000611916,-1,-1
20136,47250,0.0006115653,-1,-1
20137,47251,0.0006112989,-1,-1
20138,47252,0.000611755,-1,-1
20139,47253,0.0006114059,-1,-1
20140,47254,0.0006110265,-1,-1
20141,47255,0.0006114248,-1,-1
20142,47256,0.0006118545,-1,-1
20143,47257,0.0006122078,-1,-1
20144,47260,0.000611769,-1,-1
20145,47261,0.0006117898,-1,-1
20146,47262,0.0006120562,-1,-1
20147,47263,0.0006114816,-1,-1
20148,47264,0.0006115658,-1,-1
20149,47265,0.0006115945,-1,-1
20150,47266,0.0006118756,-1,-1
20151,47267,0.0006118141,-1,-1
20152,47270,0.0006122282,-1,-1
20153,47271,0.0006117198,-1,-1
20154,47272,0.0006116204,-1,-1
20155,47273,0.0006120259,-1,-1
20156,47274,0.0006121001,-1,-1
20157,47275,0.0006115214,-1,-1
20158,47276,0.0006119827,-1,-1
20159,47277,0.0006118744,-1,-1
20160,47300,0.0006112426,-1,-1
20161,47301,0.0006116144,-1,-1
20162,47302,0.0006117527,-1,-1
20163,47303,0.0006116556,-1,-1
20164,47304,0.0006113265,-1,-1
20165,47305,0.000611843,-1,-1
20166,47306,0.0006116356,-1,-1
20167,47307,0.000612041,-1,-1
20168,47310,0.0006120731,-1,-1
20169,47311,0.0006115413,-1,-1
20170,47312,0.00061196,-1,-1
20171,47313,0.0006118026,-1,-1
20172,47314,0.0006116232,-1,-1
20173,47315,0.0006123681,-1,-1
20174,47316,0.0006120087,-1,-1
20175,47317,0.0006119414,-1,-1
20176,47320,0.0006120509,-1,-1
20177,47321,0.0006119004,-1,-1
20178,47322,0.0006126224,-1,-1
20179,47323,0.0006116549,-1,-1
20180,47324,0.0006120882,-1,-1
20181,47325,0.0006121771,-1,-1
20182,47326,0.0006119155,-1,-1
20183,47327,0.000611672,-1,-1
20184,47330,0.0006120275,-1,-1
20185,47331,0.000612184,-1,-1
20186,47332,0.0006118318,-1,-1
20187,47333,0.0006116052,-1,-1
20188,47334,0.0006120139,-1,-1
20189,47335,0.0006119612,-1,-1
20190,47336,0.000611724,-1,-1
20191,47337,0.0006117246,-1,-1
20192,47340,0.000611897,-1,-1
20193,47341,0.0006119665,-1,-1
20194,47342,0.0006121991,-1,-1
20195,47343,0.0006120832,-1,-1
20196,47344,0.0006124074,-1,-1
20197,47345,0.0006118265,-1,-1
20198,47346,0.0006119578,-1,-1
20199,47347,0.0006115777,-1,-1
20200,47350,0.0006121359,-1,-1
20201,47351,0.0006115022,-1,-1
20202,47352,0.0006117803,-1,-1
20203,47353,0.0006115402,-1,-1
20204,47354,0.0006118734,-1,-1
20205,47355,0.0006124316,-1,-1
20206,47356,0.0006118404,-1,-1
20207,47357,0.0006117792,-1,-1
20208,47360,0.0006120801,-1,-1
20209,47361,0.0006116426,-1,-1
20210,47362,0.0006119307,-1,-1
20211,47363,0.0006111921,-1,-1
20212,47364,0.0006119275,-1,-1
20213,47365,0.0006118307,-1,-1
20214,47366,0.0006119384,-1,-1
20215,47367,0.0006115277,-1,-1
20216,47370,0.0006117838,-1,-1
20217,47371,0.0006119508,-1,-1
20218,47372,0.0006122136,-1,-1
20219,47373,0.0006118811,-1,-1
20220,47374,0.0006117047,-1,-1
20221,47375,0.0006115835,-1,-1
20222,47376,0.0006117931,-1,-1
20223,47377,0.0006113903,-1,-1
20224,47400,0.0006116163,-1,-1
20225,47401,0.0006118166,-1,-1
20226,47402,0.000611559,-1,-1
20227,47403,0.0006113856,-1,-1
20228,47404,0.000611525,-1,-1
20229,47405,0.0006112739,-1,-1
20230,47406,0.0006117047,-1,-1
20231,47407,0.0006112516,-1,-1
20232,47410,0.0006112016,-1,-1
20233,47411,0.0006115129,-1,-1
20234,47412,0.0006115157,-1,-1
20235,47413,0.0006113475,-1,-1
20236,47414,0.0006115829,-1,-1
20237,47415,0.0006111249,-1,-1
20238,47416,0.0006113112,-1,-1
20239,47417,0.0006111186,-1,-1
20240,47420,0.0006112004,-1,-1
20241,47421,0.0006116717,-1,-1
20242,47422,0.0006109662,-1,-1
20243,47423,0.0006113459,-1,-1
20244,47424,0.0006112585,-1,-1
20245,47425,0.0006112603,-1,-1
20246,47426,0.0006113906,-1,-1
20247,47427,0.0006111682,-1,-1
20248,47430,0.0006109176,-1,-1
20249,47431,0.0006113369,-1,-1
20250,47432,0.0006111244,-1,-1
20251,47433,0.0006111338,-1,-1
20252,47434,0.0006111969,-1,-1
20253,47435,0.0006111331,-1,-1
20254,47436,0.0006111858,-1,-1
20255,47437,0.0006115171,-1,-1
20256,47440,0.0006109768,-1,-1
20257,47441,0.0006113094,-1,-1
20258,47442,0.0006111398,-1,-1
20259,47443,0.0006111547,-1,-1
20260,47444,0.0006105985,-1,-1
20261,47445,0.0006115893,-1,-1
20262,47446,0.0006111701,-1,-1
20263,47447,0.0006110821,-1,-1
20264,47450,0.0006110207,-1,-1
20265,47451,0.0006110431,-1,-1
20266,47452,0.0006111338,-1,-1
20267,47453,0.0006113087,-1,-1
20268,47454,0.0006112292,-1,-1
20269,47455,0.0006112428,-1,-1
20270,47456,0.0006114786,-1,-1
20271,47457,0.0006117281,-1,-1
20272,47460,0.000611453,-1,-1
20273,47461,0.0006110137,-1,-1
20274,47462,0.0006112093,-1,-1
20275,47463,0.0006113416,-1,-1
20276,47464,0.0006113375,-1,-1
20277,47465,0.0006115027,-1,-1
20278,47466,0.0006111566,-1,-1
20279,47467,0.0006109233,-1,-1
20280,47470,0.0006109127,-1,-1
20281,47471,0.0006109796,-1,-1
20282,47472,0.0006112807,-1,-1
20283,47473,0.0006113732,-1,-1
20284,47474,0.0006113629,-1,-1
20285,47475,0.000611164,-1,-1
20286,47476,0.0006113469,-1,-1
20287,47477,0.0006112461,-1,-1
20288,47500,0.000611426,-1,-1
20289,47501,0.0006113304,-1,-1
20290,47502,0.0006111074,-1,-1
20291,47503,0.0006113714,-1,-1
20292,47504,0.0006113246,-1,-1
20293,47505,0.0006109998,-1,-1
20294,47506,0.0006118013,-1,-1
20295,47507,0.0006120464,-1,-1
20296,47510,0.0006111676,-1,-1
20297,47511,0.0006108091,-1,-1
20298,47512,0.0006112849,-1,-1
20299,47513,0.0006111778,-1,-1
20300,47514,0.0006111197,-1,-1
20301,47515,0.0006110155,-1,-1
20302,47516,0.0006112767,-1,-1
20303,47517,0.0006113013,-1,-1
20304,47520,0.0006109686,-1,-1
20305,47521,0.0006115003,-1,-1
20306,47522,0.0006112221,-1,-1
20307,47523,0.000611584,-1,-1
20308,47524,0.0006111244,-1,-1
20309,47525,0.0006115612,-1,-1
20310,47526,0.0006117235,-1,-1
20311,47527,0.0006116255,-1,-1
20312,47530,0.0006111665,-1,-1
20313,47531,0.0006113409,-1,-1
20314,47532,0.0006109364,-1,-1
20315,47533,0.0006114467,-1,-1
20316,47534,0.0006112402,-1,-1
20317,47535,0.0006114177,-1,-1
20318,47536,0.0006111086,-1,-1
20319,47537,0.0006109703,-1,-1
20320,47540,0.0006111395,-1,-1
20321,47541,0.0006113251,-1,-1
20322,47542,0.0006106358,-1,-1
20323,47543,0.0006111537,35,49
20324,47544,0.0006108732,35,49
20325,47545,0.0006109785,35,49
20326,47546,0.0006115647,35,49
20327,47547,0.0006110552,35,49
20328,47550,0.0006112033,35,49
20329,47551,0.0006111254,35,49
20330,47552,0.0006114187,35,49
20331,47553,0.0006115746,35,48
20332,47554,0.0006116695,35,48
20333,47555,0.0006110775,35,48
20334,47556,0.0006113973,35,48
20335,47557,0.0006114663,35,48
20336,47560,0.000611751,35,48
20337,47561,0.0006114293,35,48
20338,47562,0.0006116091,35,48
20339,47563,0.0006117492,35,47
20340,47564,0.000611724,35,47
20341,47565,0.000611758,35,47
20342,47566,0.0006111268,35,47
20343,47567,0.000608554,35,47
20344,47570,0.0006047239,35,47
20345,47571,0.0005993891,35,47
20346,47572,0.0005939996,35,46
20347,47573,0.0005864835,35,46
20348,47574,0.0005794318,35,46
20349,47575,0.0005688319,35,46
20350,47576,0.0005608497,35,46
20351,47577,0.000556025,35,46
20352,47600,0.0005542716,35,46
20353,47601,0.0005523963,35,46
20354,47602,0.0005508874,35,45
20355,47603,0.0005452655,35,45
20356,47604,0.0005361442,35,45
20357,47605,0.0005214995,35,45
20358,47606,0.0004979084,35,45
20359,47607,0.0004677552,35,45
20360,47610,0.0004148606,35,45
20361,47611,0.0003539887,35,44
20362,47612,0.0002848103,35,44
20363,47613,0.0001989535,35,44
20364,47614,0.0001361887,35,44
20365,47615,3.094679e-05,35,44
20366,47616,3.09405e-05,35,44
20367,47617,3.112691e-05,35,44
20368,47620,3.126319e-05,35,44
20369,47621,3.127052e-05,35,43
20370,47622,3.124829e-05,35,43
20371,47623,3.142629e-05,35,43
20372,47624,3.153221e-05,35,43
20373,47625,3.152772e-05,35,43
20374,47626,3.149418e-05,35,43
20375,47627,3.160289e-05,35,43
20376,47630,3.174583e-05,35,43
20377,47631,3.174264e-05,35,42
20378,47632,3.170414e-05,35,42
20379,47633,3.176834e-05,35,42
20380,47634,3.191426e-05,35,42
20381,47635,3.190153e-05,35,42
20382,47636,3.184955e-05,35,42
20383,47637,3.188798e-05,35,42
20384,47640,3.204927e-05,35,41
20385,47641,3.203316e-05,35,41
20386,47642,3.197926e-05,35,41
20387,47643,3.201041e-05,35,41
20388,47644,3.216227e-05,35,41
20389,47645,3.214353e-05,35,41
20390,47646,3.208108e-05,35,41
20391,47647,3.208796e-05,35,41
20392,47650,3.225221e-05,35,40
20393,47651,3.22338e-05,35,40
20394,47652,3.217655e-05,35,40
20395,47653,3.215891e-05,35,40
20396,47654,3.232622e-05,35,40
20397,47655,3.231879e-05,35,40
20398,47656,3.224946e-05,35,40
20399,47657,3.221362e-05,35,39
20400,47660,3.238674e-05,35,39
20401,47661,3.237245e-05,35,39
20402,47662,3.228907e-05,35,39
20403,47663,3.228701e-05,35,39
20404,47664,3.244245e-05,35,39
20405,47665,3.242348e-05,35,39
20406,47666,3.235845e-05,35,39
20407,47667,3.233317e-05,35,38
20408,47670,3.24907e-05,35,38
20409,47671,3.247369e-05,35,38
20410,47672,3.239661e-05,35,38
20411,47673,3.236425e-05,35,38
20412,47674,3.253043e-05,35,38
20413,47675,3.251626e-05,35,38
20414,47676,3.244448e-05,35,37
20415,47677,3.24147e-05,35,37
20416,47700,3.256817e-05,35,37
20417,47701,3.255066e-05,35,37
20418,47702,3.247129e-05,35,37
20419,47703,3.244011e-05,35,37
20420,47704,3.260615e-05,35,37
20421,47705,3.258744e-05,35,37
20422,47706,3.249517e-05,35,36
20423,47707,3.248722e-05,35,36
20424,47710,3.263554e-05,35,36
20425,47711,3.259361e-05,35,36
20426,47712,3.250557e-05,35,36
20427,47713,3.25283e-05,35,36
20428,47714,3.266364e-05,35,36
20429,47715,3.263706e-05,35,36
20430,47716,3.255658e-05,35,35
20431,47717,3.25153e-05,35,35
20432,47720,3.266607e-05,35,35
20433,47721,3.266437e-05,35,35
20434,47722,3.259519e-05,35,35
20435,47723,3.252355e-05,35,35
20436,47724,3.268704e-05,35,35
20437,47725,3.269538e-05,35,34
20438,47726,3.261352e-05,35,34
20439,47727,3.254264e-05,35,34
20440,47730,3.266475e-05,35,34
20441,47731,3.272613e-05,35,34
20442,47732,3.265872e-05,35,34
20443,47733,3.256963e-05,35,34
20444,47734,3.264813e-05,35,34
20445,47735,3.274058e-05,35,33
20446,47736,3.268408e-05,35,33
20447,47737,3.260583e-05,35,33
20448,47740,3.26178e-05,35,33
20449,47741,3.275977e-05,35,33
20450,47742,3.271811e-05,35,33
20451,47743,3.263117e-05,35,33
20452,47744,3.263911e-05,35,32
20453,47745,3.277115e-05,35,32
20454,47746,3.272656e-05,35,32
20455,47747,3.264259e-05,35,32
20456,47750,3.262353e-05,35,32
20457,47751,3.276345e-05,35,32
20458,47752,3.275425e-05,35,32
20459,47753,3.267931e-05,35,32
20460,47754,3.26239e-05,35,31
20461,47755,3.277346e-05,35,31
20462,47756,3.277835e-05,35,31
20463,47757,3.269653e-05,35,31
20464,47760,3.262438e-05,35,31
20465,47761,3.277928e-05,35,31
20466,47762,3.278277e-05,35,31
20467,47763,3.271093e-05,35,31
20468,47764,3.263466e-05,35,30
20469,47765,3.278669e-05,35,30
20470,47766,3.278705e-05,35,30
20471,47767,3.270929e-05,35,30
20472,47770,3.265164e-05,35,30
20473,47771,3.280614e-05,35,30
20474,47772,3.279539e-05,35,30
20475,47773,3.271508e-05,35,29
20476,47774,3.26531e-05,35,29
20477,47775,3.279352e-05,35,29
20478,47776,3.280587e-05,35,29
20479,47777,3.272969e-05,35,29
20480,50000,3.265799e-05,35,29
20481,50001,3.281949e-05,35,29
20482,50002,3.280364e-05,35,29
20483,50003,3.272597e-05,35,28
20484,50004,3.266048e-05,35,28
20485,50005,3.281703e-05,35,28
20486,50006,3.281711e-05,35,28
20487,50007,3.275826e-05,35,28
20488,50010,3.267582e-05,35,28
20489,50011,3.277929e-05,35,28
20490,50012,3.28348e-05,35,27
20491,50013,3.278796e-05,35,27
20492,50014,3.271118e-05,35,27
20493,50015,3.272384e-05,35,27
20494,50016,3.284698e-05,35,27
20495,50017,3.277961e-05,35,27
20496,50020,3.26979e-05,35,27
20497,50021,3.276942e-05,35,27
20498,50022,3.284794e-05,35,26
20499,50023,3.280089e-05,35,26
20500,50024,3.272305e-05,35,26
20501,50025,3.273277e-05,35,26
20502,50026,3.28564e-05,35,26
20503,50027,3.280746e-05,35,26
20504,50030,3.272469e-05,35,26
20505,50031,3.270411e-05,35,25
20506,50032,3.285216e-05,35,25
20507,50033,3.281278e-05,35,25
20508,50034,3.271897e-05,35,25
20509,50035,3.272882e-05,35,25
20510,50036,3.285851e-05,35,25
20511,50037,3.28206e-05,35,25
20512,50040,3.272917e-05,35,25
20513,50041,3.271602e-05,35,24
20514,50042,3.285462e-05,35,24
20515,50043,3.282024e-05,35,24
20516,50044,3.273078e-05,35,24
20517,50045,3.269792e-05,35,24
20518,50046,3.285023e-05,35,24
20519,50047,3.281591e-05,35,24
20520,50050,3.273537e-05,35,24
20521,50051,3.271148e-05,35,23
20522,50052,3.284909e-05,35,23
20523,50053,3.27987e-05,35,23
20524,50054,3.271193e-05,35,23
20525,50055,3.273728e-05,35,23
20526,50056,3.285143e-05,35,23
20527,50057,3.278801e-05,35,23
20528,50060,3.269825e-05,35,22
20529,50061,3.272685e-05,35,22
20530,50062,3.284704e-05,35,22
20531,50063,3.279129e-05,35,22
20532,50064,3.269723e-05,35,22
20533,50065,3.272887e-05,35,22
20534,50066,3.284359e-05,35,22
20535,50067,3.278767e-05,35,22
20536,50070,3.269318e-05,35,21
20537,50071,3.275177e-05,35,21
20538,50072,3.283925e-05,35,21
20539,50073,3.27756e-05,35,21
20540,50074,3.267872e-05,35,21
20541,50075,3.272844e-05,35,21
20542,50076,3.283685e-05,35,21
20543,50077,3.277598e-05,35,20
20544,50100,3.268095e-05,35,20
20545,50101,3.274099e-05,35,20
20546,50102,3.283134e-05,35,20
20547,50103,3.27847e-05,35,20
20548,50104,3.269149e-05,35,20
20549,50105,3.268961e-05,35,20
20550,50106,3.282876e-05,35,20
20551,50107,3.277672e-05,35,19
20552,50110,3.269948e-05,35,19
20553,50111,3.267931e-05,35,19
20554,50112,3.282016e-05,35,19
20555,50113,3.277817e-05,35,19
20556,50114,3.268897e-05,35,19
20557,50115,3.266721e-05,35,19
20558,50116,3.281676e-05,35,18
20559,50117,3.277633e-05,35,18
20560,50120,3.268516e-05,35,18
20561,50121,3.267758e-05,35,18
20562,50122,3.281132e-05,35,18
20563,50123,3.277349e-05,35,18
20564,50124,3.268821e-05,35,18
20565,50125,3.264586e-05,35,18
20566,50126,3.27984e-05,35,17
20567,50127,3.278338e-05,35,17
20568,50130,3.270457e-05,35,17
20569,50131,3.263937e-05,35,17
20570,50132,3.277227e-05,35,17
20571,50133,3.280049e-05,35,17
20572,50134,3.273538e-05,35,17
20573,50135,3.263972e-05,35,17
20574,50136,3.275124e-05,35,16
20575,50137,3.280289e-05,35,16
20576,50140,3.273526e-05,35,16
20577,50141,3.263954e-05,35,16
20578,50142,3.276371e-05,35,16
20579,50143,3.279961e-05,35,16
20580,50144,3.271804e-05,35,16
20581,50145,3.263287e-05,35,15
20582,50146,3.275587e-05,35,15
20583,50147,3.279721e-05,35,15
20584,50150,3.273104e-05,35,15
20585,50151,3.263399e-05,35,15
20586,50152,3.276057e-05,35,15
20587,50153,3.280412e-05,35,15
20588,50154,3.272656e-05,35,15
20589,50155,3.263197e-05,35,14
20590,50156,3.275642e-05,35,14
20591,50157,3.27948e-05,35,14
20592,50160,3.271807e-05,35,14
20593,50161,3.263123e-05,35,14
20594,50162,3.273452e-05,35,14
20595,50163,3.280222e-05,35,14
20596,50164,3.273634e-05,35,13
20597,50165,3.263522e-05,35,13
20598,50166,3.274453e-05,35,13
20599,50167,3.279431e-05,35,13
20600,50170,3.271857e-05,35,13
20601,50171,3.262731e-05,35,13
20602,50172,3.277861e-05,35,13
20603,50173,3.278149e-05,35,13
20604,50174,3.269828e-05,35,12
20605,50175,3.262008e-05,35,12
20606,50176,3.276741e-05,35,12
20607,50177,3.277727e-05,35,12
20608,50200,3.270361e-05,35,12
20609,50201,3.262189e-05,35,12
20610,50202,3.276763e-05,35,12
20611,50203,3.278137e-05,35,12
20612,50204,3.269509e-05,35,11
20613,50205,3.261182e-05,35,11
20614,50206,3.276682e-05,35,11
20615,50207,3.276289e-05,35,11
20616,50210,3.267375e-05,35,11
20617,50211,3.26156e-05,35,11
20618,50212,3.27645e-05,35,11
20619,50213,3.27614e-05,35,10
20620,50214,3.268379e-05,35,10
20621,50215,3.260735e-05,35,10
20622,50216,3.277332e-05,35,10
20623,50217,3.274535e-05,35,10
20624,50220,3.266772e-05,35,10
20625,50221,3.262134e-05,35,10
20626,50222,3.277087e-05,35,10
20627,50223,3.275929e-05,35,9
20628,50224,3.265662e-05,35,9
20629,50225,3.263943e-05,35,9
20630,50226,3.277706e-05,35,9
20631,50227,3.271013e-05,35,9
20632,50230,3.262017e-05,35,9
20633,50231,3.267021e-05,35,9
20634,50232,3.277282e-05,35,8
20635,50233,3.271475e-05,35,8
20636,50234,3.261054e-05,35,8
20637,50235,3.268844e-05,35,8
20638,50236,3.277273e-05,35,8
20639,50237,3.27198e-05,35,8
20640,50240,3.264455e-05,35,8
20641,50241,3.26233e-05,35,8
20642,50242,3.27686e-05,35,7
20643,50243,3.272723e-05,35,7
20644,50244,3.26209e-05,35,7
20645,50245,3.262722e-05,35,7
20646,50246,3.276614e-05,35,7
20647,50247,3.273054e-05,35,7
20648,50250,3.264061e-05,35,7
20649,50251,3.260872e-05,35,6
20650,50252,3.275993e-05,35,6
20651,50253,3.27063e-05,35,6
20652,50254,3.261226e-05,35,6
20653,50255,3.266288e-05,35,6
20654,50256,3.275742e-05,35,6
20655,50257,3.270835e-05,35,6
20656,50260,3.263533e-05,35,6
20657,50261,3.258006e-05,35,5
20658,50262,3.272184e-05,35,5
20659,50263,3.272998e-05,35,5
20660,50264,3.266116e-05,35,5
20661,50265,3.257444e-05,35,5
20662,50266,3.268464e-05,35,5
20663,50267,3.273181e-05,35,5
20664,50270,3.266476e-05,35,5
20665,50271,3.256937e-05,35,4
20666,50272,3.271825e-05,35,4
20667,50273,3.272451e-05,35,4
20668,50274,3.263983e-05,35,4
20669,50275,3.256398e-05,35,4
20670,50276,3.27068e-05,35,4
20671,50277,3.271644e-05,35,4
20672,50300,3.263794e-05,35,3
20673,50301,3.256668e-05,35,3
20674,50302,3.264402e-05,35,3
20675,50303,3.272764e-05,35,3
20676,50304,3.265972e-05,35,3
20677,50305,3.256624e-05,35,3
20678,50306,3.262368e-05,35,3
20679,50307,3.272079e-05,35,3
20680,50310,3.266815e-05,35,2
20681,50311,3.259274e-05,35,2
20682,50312,3.258073e-05,35,2
20683,50313,3.27171e-05,35,2
20684,50314,3.268235e-05,35,2
20685,50315,3.258275e-05,35,2
20686,50316,3.25624e-05,35,2
20687,50317,3.270773e-05,35,1
20688,50320,3.266721e-05,35,1
20689,50321,3.257265e-05,35,1
20690,50322,3.257013e-05,35,1
20691,50323,3.270452e-05,35,1
20692,50324,3.265015e-05,35,1
20693,50325,3.25679e-05,35,1
20694,50326,3.256585e-05,35,1
20695,50327,3.269737e-05,35,0
20696,50330,3.264955e-05,35,0
20697,50331,3.256214e-05,35,0
20698,50332,3.255368e-05,35,0
20699,50333,3.26993e-05,35,0
20700,50334,3.265357e-05,35,0
20701,50335,3.255716e-05,35,0
20702,50336,3.258939e-05,-1,-1
20703,50337,3.271886e-05,-1,-1
20704,50340,3.267254e-05,-1,-1
20705,50341,3.259704e-05,-1,-1
20706,50342,3.256639e-05,-1,-1
20707,50343,3.272039e-05,-1,-1
20708,50344,3.268754e-05,-1,-1
20709,50345,3.262283e-05,-1,-1
20710,50346,3.255883e-05,-1,-1
20711,50347,3.270981e-05,-1,-1
20712,50350,3.269482e-05,-1,-1
20713,50351,3.260843e-05,-1,-1
20714,50352,3.255289e-05,-1,-1
20715,50353,3.271804e-05,-1,-1
20716,50354,3.27027e-05,-1,-1
20717,50355,3.262775e-05,-1,-1
20718,50356,3.254955e-05,-1,-1
20719,50357,3.270264e-05,-1,-1
20720,50360,3.271412e-05,-1,-1
20721,50361,3.264086e-05,-1,-1
20722,50362,3.255619e-05,-1,-1
20723,50363,3.265981e-05,-1,-1
20724,50364,3.272387e-05,-1,-1
20725,50365,3.267928e-05,-1,-1
20726,50366,3.260426e-05,-1,-1
20727,50367,3.255699e-05,-1,-1
20728,50370,3.270091e-05,-1,-1
20729,50371,3.270835e-05,-1,-1
20730,50372,3.263627e-05,-1,-1
20731,50373,3.255125e-05,-1,-1
20732,50374,3.270024e-05,-1,-1
20733,50375,3.270203e-05,-1,-1
20734,50376,3.262558e-05,-1,-1
20735,50377,3.255204e-05,-1,-1
20736,50400,3.27121e-05,-1,-1
20737,50401,3.271075e-05,-1,-1
20738,50402,3.264265e-05,-1,-1
20739,50403,3.255333e-05,-1,-1
20740,50404,3.268065e-05,-1,-1
20741,50405,3.271441e-05,-1,-1
20742,50406,3.263858e-05,-1,-1
20743,50407,3.255095e-05,-1,-1
20744,50410,3.270021e-05,-1,-1
20745,50411,3.271567e-05,-1,-1
20746,50412,3.263853e-05,-1,-1
20747,50413,3.25578e-05,-1,-1
20748,50414,3.26688e-05,-1,-1
20749,50415,3.272334e-05,-1,-1
20750,50416,3.266078e-05,-1,-1
20751,50417,3.258957e-05,-1,-1
20752,50420,3.2607e-05,-1,-1
20753,50421,3.272893e-05,-1,-1
20754,50422,3.267383e-05,-1,-1
20755,50423,3.259879e-05,-1,-1
20756,50424,3.260491e-05,-1,-1
20757,50425,3.273048e-05,-1,-1
20758,50426,3.267928e-05,-1,-1
20759,50427,3.260327e-05,-1,-1
20760,50430,3.257795e-05,-1,-1
20761,50431,3.272352e-05,-1,-1
20762,50432,3.268601e-05,-1,-1
20763,50433,3.260126e-05,-1,-1
20764,50434,3.259353e-05,-1,-1
20765,50435,3.273043e-05,-1,-1
20766,50436,3.268423e-05,-1,-1
20767,50437,3.261443e-05,-1,-1
20768,50440,3.257356e-05,-1,-1
20769,50441,3.272867e-05,-1,-1
20770,50442,3.269673e-05,-1,-1
20771,50443,3.263208e-05,-1,-1
20772,50444,3.255704e-05,-1,-1
20773,50445,3.270278e-05,-1,-1
20774,50446,3.271845e-05,-1,-1
20775,50447,3.26449e-05,-1,-1
20776,50450,3.255962e-05,-1,-1
20777,50451,3.269037e-05,-1,-1
20778,50452,3.272033e-05,-1,-1
20779,50453,3.263516e-05,-1,-1
20780,50454,3.255904e-05,-1,-1
20781,50455,3.271641e-05,-1,-1
20782,50456,3.271957e-05,-1,-1
20783,50457,3.263162e-05,-1,-1
20784,50460,3.256241e-05,-1,-1
20785,50461,3.271222e-05,-1,-1
20786,50462,3.271449e-05,-1,-1
20787,50463,3.26546e-05,-1,-1
20788,50464,3.256917e-05,-1,-1
20789,50465,3.266461e-05,-1,-1
20790,50466,3.272981e-05,-1,-1
20791,50467,3.26712e-05,-1,-1
20792,50470,3.258439e-05,-1,-1
20793,50471,3.263618e-05,-1,-1
20794,50472,3.273839e-05,-1,-1
20795,50473,3.269731e-05,-1,-1
20796,50474,3.260671e-05,-1,-1
20797,50475,3.259039e-05,-1,-1
20798,50476,3.272111e-05,-1,-1
20799,50477,3.271816e-05,-1,-1
20800,50500,3.262775e-05,-1,-1
20801,50501,3.257025e-05,-1,-1
20802,50502,3.272194e-05,-1,-1
20803,50503,3.271207e-05,-1,-1
20804,50504,3.263852e-05,-1,-1
20805,50505,3.256847e-05,-1,-1
20806,50506,3.27193e-05,-1,-1
20807,50507,3.270888e-05,-1,-1
20808,50510,3.262573e-05,-1,-1
20809,50511,3.25834e-05,-1,-1
20810,50512,3.273485e-05,-1,-1
20811,50513,3.26996e-05,-1,-1
20812,50514,3.260802e-05,-1,-1
20813,50515,3.257465e-05,-1,-1
20814,50516,3.272633e-05,-1,-1
20815,50517,3.270182e-05,-1,-1
20816,50520,3.260345e-05,-1,-1
20817,50521,3.258085e-05,-1,-1
20818,50522,3.272829e-05,-1,-1
20819,50523,3.269465e-05,-1,-1
20820,50524,3.261425e-05,-1,-1
20821,50525,3.258527e-05,-1,-1
20822,50526,3.273183e-05,-1,-1
20823,50527,3.268636e-05,-1,-1
20824,50530,3.259938e-05,-1,-1
20825,50531,3.258173e-05,-1,-1
20826,50532,3.272381e-05,-1,-1
20827,50533,3.270572e-05,-1,-1
20828,50534,3.262673e-05,-1,-1
20829,50535,3.257312e-05,-1,-1
20830,50536,3.272756e-05,-1,-1
20831,50537,3.270059e-05,-1,-1
20832,50540,3.261503e-05,-1,-1
20833,50541,3.256662e-05,-1,-1
20834,50542,3.272999e-05,-1,-1
20835,50543,3.270314e-05,-1,-1
20836,50544,3.26137e-05,-1,-1
20837,50545,3.257373e-05,-1,-1
20838,50546,3.272996e-05,-1,-1
20839,50547,3.270718e-05,-1,-1
20840,50550,3.262418e-05,-1,-1
20841,50551,3.256451e-05,-1,-1
20842,50552,3.272875e-05,-1,-1
20843,50553,3.271107e-05,-1,-1
20844,50554,3.262239e-05,-1,-1
20845,50555,3.256718e-05,-1,-1
20846,50556,3.270555e-05,-1,-1
20847,50557,3.27058e-05,-1,-1
20848,50560,3.262087e-05,-1,-1
20849,50561,3.257689e-05,-1,-1
20850,50562,3.2732e-05,-1,-1
20851,50563,3.269948e-05,-1,-1
20852,50564,3.261156e-05,-1,-1
20853,50565,3.259578e-05,-1,-1
20854,50566,3.273839e-05,-1,-1
20855,50567,3.269011e-05,-1,-1
20856,50570,3.260125e-05,-1,-1
20857,50571,3.25889e-05,-1,-1
20858,50572,3.274223e-05,-1,-1
20859,50573,3.269497e-05,-1,-1
20860,50574,3.260214e-05,-1,-1
20861,50575,3.261838e-05,-1,-1
20862,50576,3.273862e-05,-1,-1
20863,50577,3.268692e-05,-1,-1
20864,50600,3.258817e-05,-1,-1
20865,50601,3.264699e-05,-1,-1
20866,50602,3.274381e-05,-1,-1
20867,50603,3.267653e-05,-1,-1
20868,50604,3.257725e-05,-1,-1
20869,50605,3.268642e-05,-1,-1
20870,50606,3.274507e-05,-1,-1
20871,50607,3.267579e-05,-1,-1
20872,50610,3.258477e-05,-1,-1
20873,50611,3.270024e-05,-1,-1
20874,50612,3.273976e-05,-1,-1
20875,50613,3.265926e-05,-1,-1
20876,50614,3.257341e-05,-1,-1
20877,50615,3.271368e-05,-1,-1
20878,50616,3.273745e-05,-1,-1
20879,50617,3.266921e-05,-1,-1
20880,50620,3.257637e-05,-1,-1
20881,50621,3.270688e-05,-1,-1
20882,50622,3.273909e-05,-1,-1
20883,50623,3.266256e-05,-1,-1
20884,50624,3.257652e-05,-1,-1
20885,50625,3.272413e-05,-1,-1
20886,50626,3.273783e-05,-1,-1
20887,50627,3.265638e-05,-1,-1
20888,50630,3.257757e-05,-1,-1
20889,50631,3.272358e-05,-1,-1
20890,50632,3.273154e-05,-1,-1
20891,50633,3.264924e-05,-1,-1
20892,50634,3.257607e-05,-1,-1
20893,50635,3.272091e-05,-1,-1
20894,50636,3.272557e-05,-1,-1
20895,50637,3.265425e-05,-1,-1
20896,50640,3.257713e-05,-1,-1
20897,50641,3.272205e-05,-1,-1
20898,50642,3.273944e-05,-1,-1
20899,50643,3.265723e-05,-1,-1
20900,50644,3.257578e-05,-1,-1
20901,50645,3.268586e-05,-1,-1
20902,50646,3.275057e-05,-1,-1
20903,50647,3.268089e-05,-1,-1
20904,50650,3.259016e-05,-1,-1
20905,50651,3.269289e-05,-1,-1
20906,50652,3.274998e-05,-1,-1
20907,50653,3.268517e-05,-1,-1
20908,50654,3.258466e-05,-1,-1
20909,50655,3.268548e-05,-1,-1
20910,50656,3.274814e-05,-1,-1
20911,50657,3.269169e-05,-1,-1
20912,50660,3.259885e-05,-1,-1
20913,50661,3.26125e-05,-1,-1
20914,50662,3.275379e-05,-1,-1
20915,50663,3.270533e-05,-1,-1
20916,50664,3.261679e-05,-1,-1
20917,50665,3.25754e-05,-1,-1
20918,50666,3.27212e-05,-1,-1
20919,50667,3.270372e-05,-1,-1
20920,50670,3.26283e-05,-1,-1
20921,50671,3.255405e-05,-1,-1
20922,50672,3.270208e-05,-1,-1
20923,50673,3.271438e-05,-1,-1
20924,50674,3.26368e-05,-1,-1
20925,50675,3.256229e-05,-1,-1
20926,50676,3.271699e-05,-1,-1
20927,50677,3.271837e-05,-1,-1
20928,50700,3.263454e-05,36,0
20929,50701,3.256392e-05,36,0
20930,50702,3.270223e-05,36,0
20931,50703,3.273423e-05,36,0
20932,50704,3.266209e-05,36,0
20933,50705,3.257391e-05,36,0
20934,50706,3.270062e-05,36,0
20935,50707,3.273965e-05,36,0
20936,50710,3.267509e-05,36,1
20937,50711,3.259642e-05,36,1
20938,50712,3.264655e-05,36,1
20939,50713,3.275408e-05,36,1
20940,50714,3.269966e-05,36,1
20941,50715,3.260556e-05,36,1
20942,50716,3.26614e-05,36,1
20943,50717,3.276705e-05,36,1
20944,50720,3.27114e-05,36,2
20945,50721,3.26269e-05,36,2
20946,50722,3.264846e-05,36,2
20947,50723,3.277077e-05,36,2
20948,50724,3.273002e-05,36,2
20949,50725,3.264561e-05,36,2
20950,50726,3.264154e-05,36,2
20951,50727,3.277686e-05,36,3
20952,50730,3.273772e-05,36,3
20953,50731,3.265723e-05,36,3
20954,50732,3.261534e-05,36,3
20955,50733,3.277241e-05,36,3
20956,50734,3.275162e-05,36,3
20957,50735,3.266552e-05,36,3
20958,50736,3.262289e-05,36,3
20959,50737,3.277399e-05,36,4
20960,50740,3.275841e-05,36,4
20961,50741,3.268197e-05,36,4
20962,50742,3.260795e-05,36,4
20963,50743,3.276149e-05,36,4
20964,50744,3.27588e-05,36,4
20965,50745,3.26743e-05,36,4
20966,50746,3.26077e-05,36,5
20967,50747,3.275783e-05,36,5
20968,50750,3.276283e-05,36,5
20969,50751,3.268264e-05,36,5
20970,50752,3.260131e-05,36,5
20971,50753,3.274389e-05,36,5
20972,50754,3.277168e-05,36,5
20973,50755,3.270399e-05,36,5
20974,50756,3.261182e-05,36,6
20975,50757,3.270876e-05,36,6
20976,50760,3.276869e-05,36,6
20977,50761,3.269957e-05,36,6
20978,50762,3.259926e-05,36,6
20979,50763,3.269213e-05,36,6
20980,50764,3.276863e-05,36,6
20981,50765,3.270065e-05,36,6
20982,50766,3.259294e-05,36,7
20983,50767,3.270794e-05,36,7
20984,50770,3.274878e-05,36,7
20985,50771,3.267684e-05,36,7
20986,50772,3.258617e-05,36,7
20987,50773,3.272281e-05,36,7
20988,50774,3.275763e-05,36,7
20989,50775,3.267948e-05,36,8
20990,50776,3.258504e-05,36,8
20991,50777,3.268777e-05,36,8
20992,51000,3.274814e-05,36,8
20993,51001,3.268277e-05,36,8
20994,51002,3.259186e-05,36,8
20995,51003,3.268059e-05,36,8
20996,51004,3.274585e-05,36,8
20997,51005,3.269058e-05,36,9
20998,51006,3.25887e-05,36,9
20999,51007,3.2606e-05,36,9
21000,51010,3.272416e-05,36,9
21001,51011,3.268912e-05,36,9
21002,51012,3.258782e-05,36,9
21003,51013,3.253749e-05,36,9
21004,51014,3.267817e-05,36,10
21005,51015,3.268661e-05,36,10
21006,51016,3.260072e-05,36,10
21007,51017,3.251869e-05,36,10
21008,51020,3.260579e-05,36,10
21009,51021,3.267383e-05,36,10
21010,51022,3.259982e-05,36,10
21011,51023,3.250411e-05,36,10
21012,51024,3.259546e-05,36,11
21013,51025,3.26464e-05,36,11
21014,51026,3.256633e-05,36,11
21015,51027,3.246673e-05,36,11
21016,51030,3.254442e-05,36,11
21017,51031,3.262353e-05,36,11
21018,51032,3.254839e-05,36,11
21019,51033,3.246221e-05,36,12
21020,51034,3.25148e-05,36,12
21021,51035,3.260476e-05,36,12
21022,51036,3.254226e-05,36,12
21023,51037,3.243903e-05,36,12
21024,51040,3.2482e-05,36,12
21025,51041,3.258422e-05,36,12
21026,51042,3.251974e-05,36,12
21027,51043,3.241733e-05,36,13
21028,51044,3.248142e-05,36,13
21029,51045,3.25636e-05,36,13
21030,51046,3.249837e-05,36,13
21031,51047,3.239904e-05,36,13
21032,51050,3.246324e-05,36,13
21033,51051,3.254302e-05,36,13
21034,51052,3.246891e-05,36,13
21035,51053,3.236674e-05,36,14
21036,51054,3.248001e-05,36,14
21037,51055,3.251703e-05,36,14
21038,51056,3.245657e-05,36,14
21039,51057,3.235943e-05,36,14
21040,51060,3.242325e-05,36,14
21041,51061,3.252742e-05,36,14
21042,51062,3.246394e-05,36,15
21043,51063,3.236785e-05,36,15
21044,51064,3.246465e-05,36,15
21045,51065,3.253002e-05,36,15
21046,51066,3.247161e-05,36,15
21047,51067,3.237558e-05,36,15
21048,51070,3.249278e-05,36,15
21049,51071,3.254434e-05,36,15
21050,51072,3.24854e-05,36,16
21051,51073,3.239532e-05,36,16
21052,51074,3.2496e-05,36,16
21053,51075,3.256829e-05,36,16
21054,51076,3.25237e-05,36,16
21055,51077,3.243678e-05,36,16
21056,51100,3.246473e-05,36,16
21057,51101,3.259455e-05,36,17
21058,51102,3.254583e-05,36,17
21059,51103,3.247311e-05,36,17
21060,51104,3.245621e-05,36,17
21061,51105,3.261012e-05,36,17
21062,51106,3.259575e-05,36,17
21063,51107,3.252917e-05,36,17
21064,51110,3.245308e-05,36,17
21065,51111,3.261015e-05,36,18
21066,51112,3.262538e-05,36,18
21067,51113,3.255661e-05,36,18
21068,51114,3.248185e-05,36,18
21069,51115,3.261703e-05,36,18
21070,51116,3.266754e-05,36,18
21071,51117,3.261469e-05,36,18
21072,51120,3.252396e-05,36,18
21073,51121,3.258368e-05,36,19
21074,51122,3.269242e-05,36,19
21075,51123,3.264157e-05,36,19
21076,51124,3.255971e-05,36,19
21077,51125,3.262017e-05,36,19
21078,51126,3.272293e-05,36,19
21079,51127,3.266016e-05,36,19
21080,51130,3.259095e-05,36,20
21081,51131,3.260843e-05,36,20
21082,51132,3.274755e-05,36,20
21083,51133,3.27031e-05,36,20
21084,51134,3.262726e-05,36,20
21085,51135,3.263891e-05,36,20
21086,51136,3.277452e-05,36,20
21087,51137,3.273225e-05,36,20
21088,51140,3.264585e-05,36,21
21089,51141,3.264467e-05,36,21
21090,51142,3.278883e-05,36,21
21091,51143,3.277182e-05,36,21
21092,51144,3.269854e-05,36,21
21093,51145,3.264169e-05,36,21
21094,51146,3.280874e-05,36,21
21095,51147,3.281091e-05,36,22
21096,51150,3.274949e-05,36,22
21097,51151,3.267603e-05,36,22
21098,51152,3.279724e-05,36,22
21099,51153,3.285778e-05,36,22
21100,51154,3.28124e-05,36,22
21101,51155,3.274893e-05,36,22
21102,51156,3.273069e-05,36,22
21103,51157,3.289125e-05,36,23
21104,51160,3.28644e-05,36,23
21105,51161,3.279258e-05,36,23
21106,51162,3.274523e-05,36,23
21107,51163,3.290225e-05,36,23
21108,51164,3.289637e-05,36,23
21109,51165,3.280748e-05,36,23
21110,51166,3.275782e-05,36,24
21111,51167,3.292242e-05,36,24
21112,51170,3.290551e-05,36,24
21113,51171,3.282198e-05,36,24
21114,51172,3.277999e-05,36,24
21115,51173,3.293639e-05,36,24
21116,51174,3.29219e-05,36,24
21117,51175,3.284548e-05,36,24
21118,51176,3.279613e-05,36,25
21119,51177,3.295428e-05,36,25
21120,51200,3.294403e-05,36,25
21121,51201,3.285734e-05,36,25
21122,51202,3.280488e-05,36,25
21123,51203,3.295475e-05,36,25
21124,51204,3.295791e-05,36,25
21125,51205,3.288659e-05,36,25
21126,51206,3.281275e-05,36,26
21127,51207,3.29693e-05,36,26
21128,51210,3.297284e-05,36,26
21129,51211,3.289807e-05,36,26
21130,51212,3.281559e-05,36,26
21131,51213,3.295126e-05,36,26
21132,51214,3.299228e-05,36,26
21133,51215,3.292489e-05,36,27
21134,51216,3.283641e-05,36,27
21135,51217,3.293487e-05,36,27
21136,51220,3.300762e-05,36,27
21137,51221,3.295226e-05,36,27
21138,51222,3.286979e-05,36,27
21139,51223,3.288047e-05,36,27
21140,51224,3.30119e-05,36,27
21141,51225,3.295354e-05,36,28
21142,51226,3.286536e-05,36,28
21143,51227,3.288097e-05,36,28
21144,51230,3.30133e-05,36,28
21145,51231,3.298365e-05,36,28
21146,51232,3.290102e-05,36,28
21147,51233,3.284438e-05,36,28
21148,51234,3.300703e-05,36,29
21149,51235,3.29869e-05,36,29
21150,51236,3.289834e-05,36,29
21151,51237,3.286302e-05,36,29
21152,51240,3.302197e-05,36,29
21153,51241,3.297797e-05,36,29
21154,51242,3.288515e-05,36,29
21155,51243,3.28822e-05,36,29
21156,51244,3.302237e-05,36,30
21157,51245,3.297978e-05,36,30
21158,51246,3.289306e-05,36,30
21159,51247,3.290228e-05,36,30
21160,51250,3.302232e-05,36,30
21161,51251,3.296107e-05,36,30
21162,51252,3.28682e-05,36,30
21163,51253,3.293036e-05,36,31
21164,51254,3.301814e-05,36,31
21165,51255,3.295328e-05,36,31
21166,51256,3.285832e-05,36,31
21167,51257,3.291057e-05,36,31
21168,51260,3.301971e-05,36,31
21169,51261,3.295861e-05,36,31
21170,51262,3.285796e-05,36,31
21171,51263,3.292837e-05,36,32
21172,51264,3.301477e-05,36,32
21173,51265,3.295135e-05,36,32
21174,51266,3.285819e-05,36,32
21175,51267,3.291646e-05,36,32
21176,51270,3.301354e-05,36,32
21177,51271,3.29613e-05,36,32
21178,51272,3.286747e-05,36,32
21179,51273,3.289025e-05,36,33
21180,51274,3.30052e-05,36,33
21181,51275,3.295545e-05,36,33
21182,51276,3.286659e-05,36,33
21183,51277,3.286507e-05,36,33
21184,51300,3.300127e-05,36,33
21185,51301,3.295647e-05,36,33
21186,51302,3.286442e-05,36,34
21187,51303,3.285427e-05,36,34
21188,51304,3.299032e-05,36,34
21189,51305,3.295665e-05,36,34
21190,51306,3.286812e-05,36,34
21191,51307,3.283957e-05,36,34
21192,51310,3.299113e-05,36,34
21193,51311,3.294915e-05,36,34
21194,51312,3.285406e-05,36,35
21195,51313,3.284204e-05,36,35
21196,51314,3.297673e-05,36,35
21197,51315,3.295153e-05,36,35
21198,51316,3.286618e-05,36,35
21199,51317,3.284019e-05,36,35
21200,51320,3.298265e-05,36,35
21201,51321,3.292971e-05,36,36
21202,51322,3.284176e-05,36,36
21203,51323,3.287522e-05,36,36
21204,51324,3.298001e-05,36,36
21205,51325,3.293773e-05,36,36
21206,51326,3.284141e-05,36,36
21207,51327,3.283969e-05,36,36
21208,51330,3.297805e-05,36,36
21209,51331,3.292275e-05,36,37
21210,51332,3.284809e-05,36,37
21211,51333,3.281559e-05,36,37
21212,51334,3.297053e-05,36,37
21213,51335,3.29498e-05,36,37
21214,51336,3.286085e-05,36,37
21215,51337,3.281115e-05,36,37
21216,51340,3.296216e-05,36,37
21217,51341,3.294962e-05,36,38
21218,51342,3.287289e-05,36,38
21219,51343,3.280216e-05,36,38
21220,51344,3.290723e-05,36,38
21221,51345,3.297032e-05,36,38
21222,51346,3.290053e-05,36,38
21223,51347,3.280965e-05,36,38
21224,51350,3.291575e-05,36,39
21225,51351,3.297495e-05,36,39
21226,51352,3.289077e-05,36,39
21227,51353,3.281785e-05,36,39
21228,51354,3.287886e-05,36,39
21229,51355,3.297969e-05,36,39
21230,51356,3.29185e-05,36,39
21231,51357,3.283167e-05,36,39
21232,51360,3.28408e-05,36,40
21233,51361,3.298136e-05,36,40
21234,51362,3.293757e-05,36,40
21235,51363,3.282959e-05,36,40
21236,51364,3.286094e-05,36,40
21237,51365,3.29856e-05,36,40
21238,51366,3.293264e-05,36,40
21239,51367,3.284789e-05,36,41
21240,51370,3.285903e-05,36,41
21241,51371,3.298885e-05,36,41
21242,51372,3.293689e-05,36,41
21243,51373,3.284707e-05,36,41
21244,51374,3.285663e-05,36,41
21245,51375,3.299702e-05,36,41
21246,51376,3.294813e-05,36,41
21247,51377,3.284829e-05,36,42
21248,51400,3.289652e-05,36,42
21249,51401,3.299896e-05,36,42
21250,51402,3.294773e-05,36,42
21251,51403,3.28598e-05,36,42
21252,51404,3.290442e-05,36,42
21253,51405,3.301559e-05,36,42
21254,51406,3.296257e-05,36,43
21255,51407,3.287623e-05,36,43
21256,51410,3.288832e-05,36,43
21257,51411,3.303272e-05,36,43
21258,51412,3.299758e-05,36,43
21259,51413,3.292257e-05,36,43
21260,51414,3.291775e-05,36,43
21261,51415,3.307508e-05,36,43
21262,51416,3.305678e-05,36,44
21263,51417,3.300944e-05,36,44
21264,51420,3.310837e-05,36,44
21265,51421,3.329179e-05,36,44
21266,51422,3.336808e-05,36,44
21267,51423,3.350545e-05,36,44
21268,51424,3.391891e-05,36,44
21269,51425,3.480083e-05,36,44
21270,51426,3.617745e-05,36,45
21271,51427,3.927399e-05,36,45
21272,51430,4.662815e-05,36,45
21273,51431,6.119721e-05,36,45
21274,51432,0.0006122125,36,45
21275,51433,0.0006126374,36,45
21276,51434,0.0006127676,36,45
21277,51435,0.0006125317,36,46
21278,51436,0.0006129456,36,46
21279,51437,0.0006122536,36,46
21280,51440,0.0006124064,36,46
21281,51441,0.0006129335,36,46
21282,51442,0.000612042,36,46
21283,51443,0.0006125463,36,46
21284,51444,0.000612196,36,46
21285,51445,0.0006121831,36,47
21286,51446,0.0006122779,36,47
21287,51447,0.0006125896,36,47
21288,51450,0.000612649,36,47
21289,51451,0.0006122892,36,47
21290,51452,0.0006121874,36,47
21291,51453,0.0006120913,36,47
21292,51454,0.0006123848,36,48
21293,51455,0.0006121515,36,48
21294,51456,0.0006121169,36,48
21295,51457,0.0006118933,36,48
21296,51460,0.0006122317,36,48
21297,51461,0.0006120199,36,48
21298,51462,0.0006118768,36,48
21299,51463,0.0006121527,36,48
21300,51464,0.0006121739,36,49
21301,51465,0.0006120871,36,49
21302,51466,0.0006121978,36,49
21303,51467,0.000612023,36,49
21304,51470,0.0006124338,36,49
21305,51471,0.0006123847,36,49
21306,51472,0.0006120177,36,49
21307,51473,0.000612171,-1,-1
21308,51474,0.0006122185,-1,-1
21309,51475,0.0006122424,-1,-1
21310,51476,0.0006121951,-1,-1
21311,51477,0.0006118981,-1,-1
21312,51500,0.0006120753,-1,-1
21313,51501,0.0006125129,-1,-1
21314,51502,0.0006122864,-1,-1
21315,51503,0.0006124053,-1,-1
21316,51504,0.0006122108,-1,-1
21317,51505,0.0006124181,-1,-1
21318,51506,0.0006123658,-1,-1
21319,51507,0.000612068,-1,-1
21320,51510,0.0006123472,-1,-1
21321,51511,0.0006122365,-1,-1
21322,51512,0.0006121527,-1,-1
21323,51513,0.0006120707,-1,-1
21324,51514,0.0006123536,-1,-1
21325,51515,0.0006121131,-1,-1
21326,51516,0.0006125405,-1,-1
21327,51517,0.0006117492,-1,-1
21328,51520,0.0006121701,-1,-1
21329,51521,0.0006119887,-1,-1
21330,51522,0.0006129473,-1,-1
21331,51523,0.000612308,-1,-1
21332,51524,0.0006124162,-1,-1
21333,51525,0.0006125118,-1,-1
21334,51526,0.0006123008,-1,-1
21335,51527,0.0006122066,-1,-1
21336,51530,0.0006119992,-1,-1
21337,51531,0.000612155,-1,-1
21338,51532,0.0006117733,-1,-1
21339,51533,0.0006123148,-1,-1
21340,51534,0.0006119137,-1,-1
21341,51535,0.0006124802,-1,-1
21342,51536,0.0006121188,-1,-1
21343,51537,0.0006118395,-1,-1
21344,51540,0.0006119414,-1,-1
21345,51541,0.0006119624,-1,-1
21346,51542,0.0006115748,-1,-1
21347,51543,0.0006124737,-1,-1
21348,51544,0.0006119537,-1,-1
21349,51545,0.0006124618,-1,-1
21350,51546,0.0006121785,-1,-1
21351,51547,0.0006120602,-1,-1
21352,51550,0.0006123327,-1,-1
21353,51551,0.0006124519,-1,-1
21354,51552,0.0006119196,-1,-1
21355,51553,0.0006122311,-1,-1
21356,51554,0.0006120169,-1,-1
21357,51555,0.0006119899,-1,-1
21358,51556,0.0006120357,-1,-1
21359,51557,0.0006116866,-1,-1
21360,51560,0.0006118792,-1,-1
21361,51561,0.0006121468,-1,-1
21362,51562,0.000612103,-1,-1
21363,51563,0.0006120519,-1,-1
21364,51564,0.0006121356,-1,-1
21365,51565,0.0006124121,-1,-1
21366,51566,0.0006120138,-1,-1
21367,51567,0.0006118296,-1,-1
21368,51570,0.0006116924,-1,-1
21369,51571,0.0006119675,-1,-1
21370,51572,0.0006120034,-1,-1
21371,51573,0.0006118277,-1,-1
21372,51574,0.0006115074,-1,-1
21373,51575,0.0006121006,-1,-1
21374,51576,0.0006120132,-1,-1
21375,51577,0.0006117786,-1,-1
21376,51600,0.0006117105,-1,-1
21377,51601,0.0006119345,-1,-1
21378,51602,0.0006122658,-1,-1
21379,51603,0.0006120864,-1,-1
21380,51604,0.0006120251,-1,-1
21381,51605,0.0006120375,-1,-1
21382,51606,0.000611816,-1,-1
21383,51607,0.0006121979,-1,-1
21384,51610,0.0006119308,-1,-1
21385,51611,0.0006121989,-1,-1
21386,51612,0.0006115987,-1,-1
21387,51613,0.0006122482,-1,-1
21388,51614,0.0006118841,-1,-1
21389,51615,0.0006118553,-1,-1
21390,51616,0.0006120678,-1,-1
21391,51617,0.0006120708,-1,-1
21392,51620,0.0006115322,-1,-1
21393,51621,0.0006116162,-1,-1
21394,51622,0.0006113446,-1,-1
21395,51623,0.0006115625,-1,-1
21396,51624,0.0006113171,-1,-1
21397,51625,0.0006116104,-1,-1
21398,51626,0.0006118734,-1,-1
21399,51627,0.0006119526,-1,-1
21400,51630,0.0006118323,-1,-1
21401,51631,0.0006113739,-1,-1
21402,51632,0.0006119935,-1,-1
21403,51633,0.0006114194,-1,-1
21404,51634,0.0006116254,-1,-1
21405,51635,0.0006120269,-1,-1
21406,51636,0.0006118051,-1,-1
21407,51637,0.0006120427,-1,-1
21408,51640,0.0006121593,-1,-1
21409,51641,0.0006118159,-1,-1
21410,51642,0.0006118756,-1,-1
21411,51643,0.0006124929,-1,-1
21412,51644,0.0006120469,-1,-1
21413,51645,0.0006117942,-1,-1
21414,51646,0.0006119754,-1,-1
21415,51647,0.0006122576,-1,-1
21416,51650,0.0006118195,-1,-1
21417,51651,0.0006120777,-1,-1
21418,51652,0.0006117312,-1,-1
21419,51653,0.0006119262,-1,-1
21420,51654,0.0006120818,-1,-1
21421,51655,0.0006118946,-1,-1
21422,51656,0.0006117815,-1,-1
21423,51657,0.0006118386,-1,-1
21424,51660,0.0006118674,-1,-1
21425,51661,0.000611475,-1,-1
21426,51662,0.0006119038,-1,-1
21427,51663,0.0006116129,-1,-1
21428,51664,0.0006118277,-1,-1
21429,51665,0.0006116398,-1,-1
21430,51666,0.000611221,-1,-1
21431,51667,0.0006116134,-1,-1
21432,51670,0.00061192,-1,-1
21433,51671,0.0006116201,-1,-1
21434,51672,0.0006114089,-1,-1
21435,51673,0.0006120421,-1,-1
21436,51674,0.0006119654,-1,-1
21437,51675,0.0006117931,-1,-1
21438,51676,0.0006114793,-1,-1
21439,51677,0.0006114014,-1,-1
21440,51700,0.0006115116,-1,-1
21441,51701,0.0006114288,-1,-1
21442,51702,0.0006114392,-1,-1
21443,51703,0.0006110624,-1,-1
21444,51704,0.0006116602,-1,-1
21445,51705,0.000611679,-1,-1
21446,51706,0.0006110037,-1,-1
21447,51707,0.0006113515,-1,-1
21448,51710,0.0006115003,-1,-1
21449,51711,0.000611727,-1,-1
21450,51712,0.0006113925,-1,-1
21451,51713,0.0006113792,-1,-1
21452,51714,0.0006117991,-1,-1
21453,51715,0.0006113481,-1,-1
21454,51716,0.0006113158,-1,-1
21455,51717,0.000611313,-1,-1
21456,51720,0.0006115277,-1,-1
21457,51721,0.0006118388,-1,-1
21458,51722,0.0006112361,-1,-1
21459,51723,0.000612018,-1,-1
21460,51724,0.0006120767,-1,-1
21461,51725,0.0006117334,-1,-1
21462,51726,0.0006118277,-1,-1
21463,51727,0.0006118553,-1,-1
21464,51730,0.0006119863,-1,-1
21465,51731,0.0006116303,-1,-1
21466,51732,0.0006115308,-1,-1
21467,51733,0.0006115189,-1,-1
21468,51734,0.0006115998,-1,-1
21469,51735,0.0006117397,-1,-1
21470,51736,0.000612031,-1,-1
21471,51737,0.0006120391,-1,-1
21472,51740,0.0006114985,-1,-1
21473,51741,0.0006117709,-1,-1
21474,51742,0.0006114097,-1,-1
21475,51743,0.0006114319,-1,-1
21476,51744,0.0006112708,-1,-1
21477,51745,0.0006115324,-1,-1
21478,51746,0.000611508,-1,-1
21479,51747,0.0006117855,-1,-1
21480,51750,0.000611843,-1,-1
21481,51751,0.0006111899,-1,-1
21482,51752,0.0006117151,-1,-1
21483,51753,0.0006115402,-1,-1
21484,51754,0.0006113228,-1,-1
21485,51755,0.0006112901,-1,-1
21486,51756,0.0006108016,-1,-1
21487,51757,0.000611065,-1,-1
21488,51760,0.0006114172,-1,-1
21489,51761,0.0006110939,-1,-1
21490,51762,0.0006115512,-1,-1
21491,51763,0.0006115314,-1,-1
21492,51764,0.0006117504,-1,-1
21493,51765,0.0006119425,-1,-1
21494,51766,0.0006117745,-1,-1
21495,51767,0.0006114167,-1,-1
21496,51770,0.000611632,-1,-1
21497,51771,0.0006114095,-1,-1
21498,51772,0.0006110388,-1,-1
21499,51773,0.0006112145,-1,-1
21500,51774,0.0006110746,-1,-1
21501,51775,0.0006116075,-1,-1
21502,51776,0.0006110072,-1,-1
21503,51777,0.0006118036,-1,-1
21504,52000,0.0006110523,-1,-1
21505,52001,0.0006115201,-1,-1
21506,52002,0.0006115629,-1,-1
21507,52003,0.000611219,-1,-1
21508,52004,0.0006111124,-1,-1
21509,52005,0.0006105722,-1,-1
21510,52006,0.0006111911,-1,-1
21511,52007,0.0006108691,-1,-1
21512,52010,0.0006117082,-1,-1
21513,52011,0.0006119012,-1,-1
21514,52012,0.0006114172,-1,-1
21515,52013,0.0006116005,-1,-1
21516,52014,0.0006109639,-1,-1
21517,52015,0.000611399,-1,-1
21518,52016,0.0006107038,-1,-1
21519,52017,0.0006112889,-1,-1
21520,52020,0.0006109959,-1,-1
21521,52021,0.0006108566,-1,-1
21522,52022,0.0006104115,-1,-1
21523,52023,0.0006112223,-1,-1
21524,52024,0.0006116953,-1,-1
21525,52025,0.0006123285,-1,-1
21526,52026,0.0006114968,-1,-1
21527,52027,0.0006115327,-1,-1
21528,52030,0.000611276,-1,-1
21529,52031,0.0006113808,-1,-1
21530,52032,0.0006114734,-1,-1
21531,52033,0.0006110581,-1,-1
21532,52034,0.0006115572,-1,-1
21533,52035,0.0006110645,-1,-1
21534,52036,0.0006118043,37,49
21535,52037,0.0006115813,37,49
21536,52040,0.0006115443,37,49
21537,52041,0.0006116772,37,49
21538,52042,0.0006112849,37,49
21539,52043,0.0006120161,37,49
21540,52044,0.0006113444,37,49
21541,52045,0.0006119185,37,49
21542,52046,0.000611771,37,48
21543,52047,0.00061198,37,48
21544,52050,0.0006117324,37,48
21545,52051,0.0006117116,37,48
21546,52052,0.0006121175,37,48
21547,52053,0.0006123546,37,48
21548,52054,0.000612239,37,48
21549,52055,0.0006119859,37,48
21550,52056,0.0006119653,37,47
21551,52057,0.0006119798,37,47
21552,52060,0.0006116924,37,47
21553,52061,0.0006112328,37,47
21554,52062,0.0006090177,37,47
21555,52063,0.0006045946,37,47
21556,52064,0.0005991532,37,47
21557,52065,0.0005942181,37,46
21558,52066,0.0005875938,37,46
21559,52067,0.0005789676,37,46
21560,52070,0.0005677454,37,46
21561,52071,0.0005546284,37,46
21562,52072,0.0005382936,37,46
21563,52073,0.0005108658,37,46
21564,52074,0.0004757336,37,46
21565,52075,0.0004401892,37,45
21566,52076,0.0003924262,37,45
21567,52077,0.0003491089,37,45
21568,52100,0.0003039019,37,45
21569,52101,0.0002481602,37,45
21570,52102,0.0001941423,37,45
21571,52103,0.0001423971,37,45
21572,52104,3.090226e-05,37,44
21573,52105,3.092932e-05,37,44
21574,52106,3.116324e-05,37,44
21575,52107,3.12276e-05,37,44
21576,52110,3.12037e-05,37,44
21577,52111,3.125403e-05,37,44
21578,52112,3.146031e-05,37,44
21579,52113,3.146878e-05,37,44
21580,52114,3.143756e-05,37,43
21581,52115,3.149126e-05,37,43
21582,52116,3.168192e-05,37,43
21583,52117,3.168119e-05,37,43
21584,52120,3.163316e-05,37,43
21585,52121,3.169306e-05,37,43
21586,52122,3.185822e-05,37,43
21587,52123,3.18382e-05,37,43
21588,52124,3.177833e-05,37,42
21589,52125,3.187427e-05,37,42
21590,52126,3.19967e-05,37,42
21591,52127,3.196895e-05,37,42
21592,52130,3.190607e-05,37,42
21593,52131,3.202429e-05,37,42
21594,52132,3.211188e-05,37,42
21595,52133,3.206662e-05,37,41
21596,52134,3.199902e-05,37,41
21597,52135,3.209071e-05,37,41
21598,52136,3.220545e-05,37,41
21599,52137,3.216643e-05,37,41
21600,52140,3.20858e-05,37,41
21601,52141,3.217954e-05,37,41
21602,52142,3.228781e-05,37,41
21603,52143,3.223254e-05,37,40
21604,52144,3.214464e-05,37,40
21605,52145,3.229457e-05,37,40
21606,52146,3.23375e-05,37,40
21607,52147,3.227308e-05,37,40
21608,52150,3.220771e-05,37,40
21609,52151,3.236361e-05,37,40
21610,52152,3.239774e-05,37,39
21611,52153,3.234144e-05,37,39
21612,52154,3.226207e-05,37,39
21613,52155,3.237245e-05,37,39
21614,52156,3.244761e-05,37,39
21615,52157,3.238674e-05,37,39
21616,52160,3.230827e-05,37,39
21617,52161,3.24349e-05,37,39
21618,52162,3.249357e-05,37,38
21619,52163,3.243118e-05,37,38
21620,52164,3.235017e-05,37,38
21621,52165,3.244676e-05,37,38
21622,52166,3.252865e-05,37,38
21623,52167,3.247211e-05,37,38
21624,52170,3.238635e-05,37,38
21625,52171,3.249132e-05,37,37
21626,52172,3.255608e-05,37,37
21627,52173,3.248821e-05,37,37
21628,52174,3.240704e-05,37,37
21629,52175,3.255087e-05,37,37
21630,52176,3.258179e-05,37,37
21631,52177,3.250774e-05,37,37
21632,52200,3.243499e-05,37,37
21633,52201,3.259665e-05,37,36
21634,52202,3.259563e-05,37,36
21635,52203,3.251722e-05,37,36
21636,52204,3.246735e-05,37,36
21637,52205,3.263018e-05,37,36
21638,52206,3.261259e-05,37,36
21639,52207,3.25312e-05,37,36
21640,52210,3.248537e-05,37,36
21641,52211,3.264222e-05,37,35
21642,52212,3.263281e-05,37,35
21643,52213,3.256375e-05,37,35
21644,52214,3.249957e-05,37,35
21645,52215,3.266201e-05,37,35
21646,52216,3.265243e-05,37,35
21647,52217,3.256626e-05,37,35
21648,52220,3.252953e-05,37,34
21649,52221,3.268879e-05,37,34
21650,52222,3.26673e-05,37,34
21651,52223,3.256989e-05,37,34
21652,52224,3.256865e-05,37,34
21653,52225,3.270847e-05,37,34
21654,52226,3.266883e-05,37,34
21655,52227,3.259781e-05,37,34
21656,52230,3.256721e-05,37,33
21657,52231,3.271424e-05,37,33
21658,52232,3.269131e-05,37,33
21659,52233,3.260755e-05,37,33
21660,52234,3.258328e-05,37,33
21661,52235,3.273306e-05,37,33
21662,52236,3.270413e-05,37,33
21663,52237,3.263607e-05,37,32
21664,52240,3.257361e-05,37,32
21665,52241,3.272322e-05,37,32
21666,52242,3.273616e-05,37,32
21667,52243,3.265381e-05,37,32
21668,52244,3.257698e-05,37,32
21669,52245,3.273315e-05,37,32
21670,52246,3.273965e-05,37,32
21671,52247,3.266112e-05,37,31
21672,52250,3.259239e-05,37,31
21673,52251,3.273456e-05,37,31
21674,52252,3.275236e-05,37,31
21675,52253,3.268334e-05,37,31
21676,52254,3.259573e-05,37,31
21677,52255,3.27412e-05,37,31
21678,52256,3.275973e-05,37,31
21679,52257,3.268244e-05,37,30
21680,52260,3.260295e-05,37,30
21681,52261,3.273306e-05,37,30
21682,52262,3.278017e-05,37,30
21683,52263,3.27131e-05,37,30
21684,52264,3.261648e-05,37,30
21685,52265,3.272736e-05,37,30
21686,52266,3.278875e-05,37,29
21687,52267,3.273247e-05,37,29
21688,52270,3.263115e-05,37,29
21689,52271,3.269778e-05,37,29
21690,52272,3.279551e-05,37,29
21691,52273,3.273393e-05,37,29
21692,52274,3.264241e-05,37,29
21693,52275,3.269728e-05,37,29
21694,52276,3.279846e-05,37,28
21695,52277,3.276137e-05,37,28
21696,52300,3.268189e-05,37,28
21697,52301,3.263592e-05,37,28
21698,52302,3.277397e-05,37,28
21699,52303,3.278526e-05,37,28
21700,52304,3.271199e-05,37,28
21701,52305,3.263152e-05,37,27
21702,52306,3.278901e-05,37,27
21703,52307,3.278553e-05,37,27
21704,52310,3.270853e-05,37,27
21705,52311,3.266235e-05,37,27
21706,52312,3.281147e-05,37,27
21707,52313,3.276263e-05,37,27
21708,52314,3.268136e-05,37,27
21709,52315,3.267872e-05,37,26
21710,52316,3.281313e-05,37,26
21711,52317,3.277217e-05,37,26
21712,52320,3.268663e-05,37,26
21713,52321,3.265794e-05,37,26
21714,52322,3.280535e-05,37,26
21715,52323,3.278848e-05,37,26
21716,52324,3.27118e-05,37,25
21717,52325,3.264432e-05,37,25
21718,52326,3.280643e-05,37,25
21719,52327,3.279577e-05,37,25
21720,52330,3.270384e-05,37,25
21721,52331,3.264374e-05,37,25
21722,52332,3.280751e-05,37,25
21723,52333,3.278588e-05,37,25
21724,52334,3.271163e-05,37,24
21725,52335,3.264124e-05,37,24
21726,52336,3.277789e-05,37,24
21727,52337,3.280209e-05,37,24
21728,52340,3.271629e-05,37,24
21729,52341,3.263326e-05,37,24
21730,52342,3.278491e-05,37,24
21731,52343,3.279041e-05,37,24
21732,52344,3.27205e-05,37,23
21733,52345,3.26411e-05,37,23
21734,52346,3.275077e-05,37,23
21735,52347,3.280289e-05,37,23
21736,52350,3.273599e-05,37,23
21737,52351,3.264819e-05,37,23
21738,52352,3.270797e-05,37,23
21739,52353,3.280107e-05,37,22
21740,52354,3.273514e-05,37,22
21741,52355,3.266242e-05,37,22
21742,52356,3.266725e-05,37,22
21743,52357,3.279777e-05,37,22
21744,52360,3.274468e-05,37,22
21745,52361,3.266182e-05,37,22
21746,52362,3.265725e-05,37,22
21747,52363,3.278951e-05,37,21
21748,52364,3.274205e-05,37,21
21749,52365,3.266871e-05,37,21
21750,52366,3.262594e-05,37,21
21751,52367,3.278098e-05,37,21
21752,52370,3.275508e-05,37,21
21753,52371,3.26659e-05,37,21
21754,52372,3.262977e-05,37,20
21755,52373,3.277636e-05,37,20
21756,52374,3.274437e-05,37,20
21757,52375,3.26546e-05,37,20
21758,52376,3.263922e-05,37,20
21759,52377,3.277736e-05,37,20
21760,52400,3.272709e-05,37,20
21761,52401,3.263598e-05,37,20
21762,52402,3.262082e-05,37,19
21763,52403,3.276732e-05,37,19
21764,52404,3.273005e-05,37,19
21765,52405,3.265375e-05,37,19
21766,52406,3.26017e-05,37,19
21767,52407,3.275481e-05,37,19
21768,52410,3.273467e-05,37,19
21769,52411,3.26392e-05,37,18
21770,52412,3.25949e-05,37,18
21771,52413,3.275209e-05,37,18
21772,52414,3.272837e-05,37,18
21773,52415,3.265208e-05,37,18
21774,52416,3.259138e-05,37,18
21775,52417,3.274418e-05,37,18
21776,52420,3.272234e-05,37,18
21777,52421,3.264224e-05,37,17
21778,52422,3.25807e-05,37,17
21779,52423,3.273634e-05,37,17
21780,52424,3.273286e-05,37,17
21781,52425,3.266335e-05,37,17
21782,52426,3.257543e-05,37,17
21783,52427,3.272521e-05,37,17
21784,52430,3.272829e-05,37,17
21785,52431,3.266803e-05,37,16
21786,52432,3.257775e-05,37,16
21787,52433,3.268428e-05,37,16
21788,52434,3.274855e-05,37,16
21789,52435,3.268438e-05,37,16
21790,52436,3.259566e-05,37,16
21791,52437,3.267128e-05,37,16
21792,52440,3.275069e-05,37,15
21793,52441,3.270124e-05,37,15
21794,52442,3.260672e-05,37,15
21795,52443,3.263291e-05,37,15
21796,52444,3.274899e-05,37,15
21797,52445,3.27251e-05,37,15
21798,52446,3.265231e-05,37,15
21799,52447,3.258023e-05,37,15
21800,52450,3.273643e-05,37,14
21801,52451,3.273069e-05,37,14
21802,52452,3.264669e-05,37,14
21803,52453,3.257675e-05,37,14
21804,52454,3.270627e-05,37,14
21805,52455,3.273971e-05,37,14
21806,52456,3.266766e-05,37,14
21807,52457,3.257745e-05,37,13
21808,52460,3.271842e-05,37,13
21809,52461,3.273567e-05,37,13
21810,52462,3.265893e-05,37,13
21811,52463,3.25754e-05,37,13
21812,52464,3.271628e-05,37,13
21813,52465,3.273824e-05,37,13
21814,52466,3.265545e-05,37,13
21815,52467,3.257423e-05,37,12
21816,52470,3.271739e-05,37,12
21817,52471,3.27318e-05,37,12
21818,52472,3.266214e-05,37,12
21819,52473,3.257959e-05,37,12
21820,52474,3.264423e-05,37,12
21821,52475,3.274372e-05,37,12
21822,52476,3.269259e-05,37,12
21823,52477,3.262265e-05,37,11
21824,52500,3.257774e-05,37,11
21825,52501,3.273435e-05,37,11
21826,52502,3.271137e-05,37,11
21827,52503,3.265205e-05,37,11
21828,52504,3.256767e-05,37,11
21829,52505,3.272035e-05,37,11
21830,52506,3.27253e-05,37,10
21831,52507,3.263551e-05,37,10
21832,52510,3.256358e-05,37,10
21833,52511,3.269623e-05,37,10
21834,52512,3.272462e-05,37,10
21835,52513,3.266698e-05,37,10
21836,52514,3.257675e-05,37,10
21837,52515,3.263184e-05,37,10
21838,52516,3.273274e-05,37,9
21839,52517,3.266671e-05,37,9
21840,52520,3.257133e-05,37,9
21841,52521,3.265571e-05,37,9
21842,52522,3.273043e-05,37,9
21843,52523,3.268159e-05,37,9
21844,52524,3.258705e-05,37,9
21845,52525,3.260138e-05,37,8
21846,52526,3.272595e-05,37,8
21847,52527,3.271204e-05,37,8
21848,52530,3.262353e-05,37,8
21849,52531,3.255974e-05,37,8
21850,52532,3.268932e-05,37,8
21851,52533,3.272644e-05,37,8
21852,52534,3.265374e-05,37,8
21853,52535,3.256017e-05,37,7
21854,52536,3.265536e-05,37,7
21855,52537,3.272492e-05,37,7
21856,52540,3.26599e-05,37,7
21857,52541,3.257842e-05,37,7
21858,52542,3.258474e-05,37,7
21859,52543,3.272721e-05,37,7
21860,52544,3.268379e-05,37,6
21861,52545,3.259929e-05,37,6
21862,52546,3.258375e-05,37,6
21863,52547,3.271219e-05,37,6
21864,52550,3.27032e-05,37,6
21865,52551,3.260804e-05,37,6
21866,52552,3.255596e-05,37,6
21867,52553,3.271715e-05,37,6
21868,52554,3.270381e-05,37,5
21869,52555,3.262145e-05,37,5
21870,52556,3.254815e-05,37,5
21871,52557,3.26962e-05,37,5
21872,52560,3.270891e-05,37,5
21873,52561,3.262641e-05,37,5
21874,52562,3.254879e-05,37,5
21875,52563,3.270592e-05,37,5
21876,52564,3.270007e-05,37,4
21877,52565,3.262443e-05,37,4
21878,52566,3.254941e-05,37,4
21879,52567,3.269385e-05,37,4
21880,52570,3.269585e-05,37,4
21881,52571,3.261648e-05,37,4
21882,52572,3.254167e-05,37,4
21883,52573,3.268704e-05,37,3
21884,52574,3.27022e-05,37,3
21885,52575,3.263223e-05,37,3
21886,52576,3.254044e-05,37,3
21887,52577,3.266874e-05,37,3
21888,52600,3.269895e-05,37,3
21889,52601,3.262069e-05,37,3
21890,52602,3.254033e-05,37,3
21891,52603,3.26695e-05,37,2
21892,52604,3.269389e-05,37,2
21893,52605,3.264028e-05,37,2
21894,52606,3.256074e-05,37,2
21895,52607,3.259645e-05,37,2
21896,52610,3.270393e-05,37,2
21897,52611,3.266069e-05,37,2
21898,52612,3.25725e-05,37,1
21899,52613,3.255799e-05,37,1
21900,52614,3.269134e-05,37,1
21901,52615,3.26729e-05,37,1
21902,52616,3.25879e-05,37,1
21903,52617,3.252229e-05,37,1
21904,52620,3.268156e-05,37,1
21905,52621,3.265934e-05,37,1
21906,52622,3.258621e-05,37,0
21907,52623,3.251582e-05,37,0
21908,52624,3.267067e-05,37,0
21909,52625,3.267287e-05,37,0
21910,52626,3.259127e-05,37,0
21911,52627,3.251582e-05,37,0
21912,52630,3.268864e-05,37,0
21913,52631,3.267005e-05,-1,-1
21914,52632,3.259331e-05,-1,-1
21915,52633,3.254642e-05,-1,-1
21916,52634,3.269075e-05,-1,-1
21917,52635,3.269035e-05,-1,-1
21918,52636,3.26156e-05,-1,-1
21919,52637,3.253555e-05,-1,-1
21920,52640,3.269237e-05,-1,-1
21921,52641,3.269869e-05,-1,-1
21922,52642,3.261674e-05,-1,-1
21923,52643,3.254001e-05,-1,-1
21924,52644,3.269517e-05,-1,-1
21925,52645,3.268367e-05,-1,-1
21926,52646,3.25983e-05,-1,-1
21927,52647,3.254917e-05,-1,-1
21928,52650,3.271301e-05,-1,-1
21929,52651,3.267225e-05,-1,-1
21930,52652,3.258129e-05,-1,-1
21931,52653,3.257007e-05,-1,-1
21932,52654,3.270867e-05,-1,-1
21933,52655,3.268106e-05,-1,-1
21934,52656,3.25947e-05,-1,-1
21935,52657,3.25393e-05,-1,-1
21936,52660,3.270516e-05,-1,-1
21937,52661,3.267804e-05,-1,-1
21938,52662,3.258331e-05,-1,-1
21939,52663,3.255779e-05,-1,-1
21940,52664,3.27078e-05,-1,-1
21941,52665,3.266579e-05,-1,-1
21942,52666,3.257909e-05,-1,-1
21943,52667,3.257494e-05,-1,-1
21944,52670,3.270873e-05,-1,-1
21945,52671,3.266452e-05,-1,-1
21946,52672,3.258468e-05,-1,-1
21947,52673,3.256413e-05,-1,-1
21948,52674,3.270809e-05,-1,-1
21949,52675,3.265782e-05,-1,-1
21950,52676,3.256911e-05,-1,-1
21951,52677,3.256767e-05,-1,-1
21952,52700,3.271309e-05,-1,-1
21953,52701,3.267035e-05,-1,-1
21954,52702,3.260245e-05,-1,-1
21955,52703,3.253722e-05,-1,-1
21956,52704,3.267951e-05,-1,-1
21957,52705,3.269643e-05,-1,-1
21958,52706,3.262069e-05,-1,-1
21959,52707,3.253298e-05,-1,-1
21960,52710,3.268203e-05,-1,-1
21961,52711,3.270059e-05,-1,-1
21962,52712,3.261926e-05,-1,-1
21963,52713,3.25345e-05,-1,-1
21964,52714,3.265714e-05,-1,-1
21965,52715,3.270224e-05,-1,-1
21966,52716,3.263065e-05,-1,-1
21967,52717,3.253184e-05,-1,-1
21968,52720,3.266075e-05,-1,-1
21969,52721,3.270024e-05,-1,-1
21970,52722,3.262649e-05,-1,-1
21971,52723,3.253723e-05,-1,-1
21972,52724,3.260697e-05,-1,-1
21973,52725,3.270906e-05,-1,-1
21974,52726,3.264492e-05,-1,-1
21975,52727,3.253726e-05,-1,-1
21976,52730,3.26171e-05,-1,-1
21977,52731,3.270493e-05,-1,-1
21978,52732,3.26438e-05,-1,-1
21979,52733,3.25564e-05,-1,-1
21980,52734,3.257432e-05,-1,-1
21981,52735,3.270475e-05,-1,-1
21982,52736,3.265501e-05,-1,-1
21983,52737,3.257341e-05,-1,-1
21984,52740,3.256147e-05,-1,-1
21985,52741,3.270024e-05,-1,-1
21986,52742,3.267202e-05,-1,-1
21987,52743,3.258278e-05,-1,-1
21988,52744,3.254612e-05,-1,-1
21989,52745,3.270115e-05,-1,-1
21990,52746,3.266538e-05,-1,-1
21991,52747,3.258594e-05,-1,-1
21992,52750,3.25533e-05,-1,-1
21993,52751,3.269568e-05,-1,-1
21994,52752,3.268203e-05,-1,-1
21995,52753,3.259698e-05,-1,-1
21996,52754,3.253421e-05,-1,-1
21997,52755,3.269325e-05,-1,-1
21998,52756,3.267644e-05,-1,-1
21999,52757,3.260468e-05,-1,-1
22000,52760,3.253986e-05,-1,-1
22001,52761,3.268422e-05,-1,-1
22002,52762,3.268838e-05,-1,-1
22003,52763,3.260892e-05,-1,-1
22004,52764,3.25271e-05,-1,-1
22005,52765,3.265799e-05,-1,-1
22006,52766,3.268944e-05,-1,-1
22007,52767,3.263448e-05,-1,-1
22008,52770,3.254334e-05,-1,-1
22009,52771,3.259906e-05,-1,-1
22010,52772,3.270407e-05,-1,-1
22011,52773,3.265896e-05,-1,-1
22012,52774,3.257235e-05,-1,-1
22013,52775,3.259534e-05,-1,-1
22014,52776,3.270299e-05,-1,-1
22015,52777,3.267175e-05,-1,-1
22016,53000,3.25976e-05,-1,-1
22017,53001,3.253722e-05,-1,-1
22018,53002,3.269549e-05,-1,-1
22019,53003,3.267597e-05,-1,-1
22020,53004,3.25932e-05,-1,-1
22021,53005,3.253496e-05,-1,-1
22022,53006,3.269046e-05,-1,-1
22023,53007,3.26731e-05,-1,-1
22024,53010,3.258065e-05,-1,-1
22025,53011,3.253243e-05,-1,-1
22026,53012,3.268484e-05,-1,-1
22027,53013,3.265964e-05,-1,-1
22028,53014,3.257833e-05,-1,-1
22029,53015,3.251738e-05,-1,-1
22030,53016,3.267269e-05,-1,-1
22031,53017,3.266127e-05,-1,-1
22032,53020,3.257455e-05,-1,-1
22033,53021,3.251799e-05,-1,-1
22034,53022,3.268028e-05,-1,-1
22035,53023,3.265741e-05,-1,-1
22036,53024,3.257909e-05,-1,-1
22037,53025,3.253028e-05,-1,-1
22038,53026,3.267606e-05,-1,-1
22039,53027,3.266836e-05,-1,-1
22040,53030,3.258442e-05,-1,-1
22041,53031,3.25148e-05,-1,-1
22042,53032,3.265076e-05,-1,-1
22043,53033,3.267655e-05,-1,-1
22044,53034,3.260626e-05,-1,-1
22045,53035,3.251934e-05,-1,-1
22046,53036,3.266665e-05,-1,-1
22047,53037,3.266909e-05,-1,-1
22048,53040,3.259449e-05,-1,-1
22049,53041,3.251679e-05,-1,-1
22050,53042,3.267228e-05,-1,-1
22051,53043,3.267612e-05,-1,-1
22052,53044,3.258784e-05,-1,-1
22053,53045,3.252261e-05,-1,-1
22054,53046,3.268016e-05,-1,-1
22055,53047,3.266696e-05,-1,-1
22056,53050,3.257028e-05,-1,-1
22057,53051,3.253775e-05,-1,-1
22058,53052,3.269517e-05,-1,-1
22059,53053,3.265592e-05,-1,-1
22060,53054,3.256056e-05,-1,-1
22061,53055,3.256012e-05,-1,-1
22062,53056,3.269813e-05,-1,-1
22063,53057,3.264872e-05,-1,-1
22064,53060,3.254826e-05,-1,-1
22065,53061,3.259663e-05,-1,-1
22066,53062,3.27013e-05,-1,-1
22067,53063,3.263785e-05,-1,-1
22068,53064,3.253921e-05,-1,-1
22069,53065,3.263372e-05,-1,-1
22070,53066,3.269541e-05,-1,-1
22071,53067,3.263267e-05,-1,-1
22072,53070,3.255628e-05,-1,-1
22073,53071,3.258322e-05,-1,-1
22074,53072,3.270832e-05,-1,-1
22075,53073,3.265234e-05,-1,-1
22076,53074,3.255935e-05,-1,-1
22077,53075,3.260354e-05,-1,-1
22078,53076,3.270767e-05,-1,-1
22079,53077,3.265432e-05,-1,-1
22080,53100,3.256858e-05,-1,-1
22081,53101,3.260096e-05,-1,-1
22082,53102,3.271127e-05,-1,-1
22083,53103,3.266133e-05,-1,-1
22084,53104,3.256799e-05,-1,-1
22085,53105,3.258641e-05,-1,-1
22086,53106,3.271032e-05,-1,-1
22087,53107,3.266092e-05,-1,-1
22088,53110,3.257412e-05,-1,-1
22089,53111,3.259241e-05,-1,-1
22090,53112,3.271371e-05,-1,-1
22091,53113,3.265609e-05,-1,-1
22092,53114,3.257192e-05,-1,-1
22093,53115,3.257215e-05,-1,-1
22094,53116,3.271376e-05,-1,-1
22095,53117,3.26678e-05,-1,-1
22096,53120,3.256604e-05,-1,-1
22097,53121,3.259923e-05,-1,-1
22098,53122,3.271488e-05,-1,-1
22099,53123,3.265492e-05,-1,-1
22100,53124,3.255976e-05,-1,-1
22101,53125,3.262064e-05,-1,-1
22102,53126,3.271409e-05,-1,-1
22103,53127,3.265995e-05,-1,-1
22104,53130,3.256931e-05,-1,-1
22105,53131,3.258527e-05,-1,-1
22106,53132,3.271737e-05,-1,-1
22107,53133,3.266326e-05,-1,-1
22108,53134,3.257105e-05,-1,-1
22109,53135,3.260292e-05,-1,-1
22110,53136,3.271532e-05,-1,-1
22111,53137,3.266788e-05,-1,-1
22112,53140,3.258099e-05,-1,-1
22113,53141,3.260203e-05,-1,-1
22114,53142,3.272088e-05,-1,-1
22115,53143,3.268009e-05,-1,-1
22116,53144,3.258354e-05,-1,-1
22117,53145,3.258811e-05,-1,-1
22118,53146,3.27185e-05,-1,-1
22119,53147,3.267623e-05,-1,-1
22120,53150,3.25947e-05,-1,-1
22121,53151,3.255403e-05,-1,-1
22122,53152,3.269506e-05,-1,-1
22123,53153,3.270077e-05,-1,-1
22124,53154,3.262953e-05,-1,-1
22125,53155,3.254753e-05,-1,-1
22126,53156,3.266959e-05,-1,-1
22127,53157,3.271066e-05,-1,-1
22128,53160,3.26365e-05,-1,-1
22129,53161,3.253286e-05,-1,-1
22130,53162,3.264637e-05,-1,-1
22131,53163,3.269532e-05,-1,-1
22132,53164,3.262262e-05,-1,-1
22133,53165,3.25362e-05,-1,-1
22134,53166,3.26488e-05,-1,-1
22135,53167,3.270355e-05,-1,-1
22136,53170,3.263036e-05,-1,-1
22137,53171,3.255026e-05,-1,-1
22138,53172,3.262682e-05,-1,-1
22139,53173,3.271102e-05,-1,-1
22140,53174,3.264209e-05,38,0
22141,53175,3.254375e-05,38,0
22142,53176,3.26476e-05,38,0
22143,53177,3.272255e-05,38,0
22144,53200,3.267099e-05,38,0
22145,53201,3.257616e-05,38,0
22146,53202,3.261317e-05,38,0
22147,53203,3.272736e-05,38,0
22148,53204,3.267301e-05,38,1
22149,53205,3.257089e-05,38,1
22150,53206,3.266148e-05,38,1
22151,53207,3.273312e-05,38,1
22152,53210,3.266847e-05,38,1
22153,53211,3.258125e-05,38,1
22154,53212,3.268074e-05,38,1
22155,53213,3.274046e-05,38,1
22156,53214,3.26716e-05,38,2
22157,53215,3.257853e-05,38,2
22158,53216,3.267477e-05,38,2
22159,53217,3.27462e-05,38,2
22160,53220,3.268709e-05,38,2
22161,53221,3.259136e-05,38,2
22162,53222,3.268397e-05,38,2
22163,53223,3.275273e-05,38,3
22164,53224,3.268238e-05,38,3
22165,53225,3.25937e-05,38,3
22166,53226,3.27097e-05,38,3
22167,53227,3.275841e-05,38,3
22168,53230,3.268721e-05,38,3
22169,53231,3.259455e-05,38,3
22170,53232,3.270659e-05,38,3
22171,53233,3.276269e-05,38,4
22172,53234,3.270143e-05,38,4
22173,53235,3.260723e-05,38,4
22174,53236,3.269675e-05,38,4
22175,53237,3.277215e-05,38,4
22176,53240,3.270952e-05,38,4
22177,53241,3.261499e-05,38,4
22178,53242,3.270115e-05,38,5
22179,53243,3.277297e-05,38,5
22180,53244,3.272012e-05,38,5
22181,53245,3.263024e-05,38,5
22182,53246,3.267447e-05,38,5
22183,53247,3.278052e-05,38,5
22184,53250,3.271707e-05,38,5
22185,53251,3.261928e-05,38,5
22186,53252,3.273648e-05,38,6
22187,53253,3.277946e-05,38,6
22188,53254,3.270618e-05,38,6
22189,53255,3.261672e-05,38,6
22190,53256,3.27655e-05,38,6
22191,53257,3.27869e-05,38,6
22192,53260,3.271186e-05,38,6
22193,53261,3.262286e-05,38,6
22194,53262,3.27602e-05,38,7
22195,53263,3.278666e-05,38,7
22196,53264,3.272421e-05,38,7
22197,53265,3.262395e-05,38,7
22198,53266,3.276161e-05,38,7
22199,53267,3.279764e-05,38,7
22200,53270,3.272709e-05,38,7
22201,53271,3.263884e-05,38,8
22202,53272,3.270718e-05,38,8
22203,53273,3.280423e-05,38,8
22204,53274,3.274752e-05,38,8
22205,53275,3.26738e-05,38,8
22206,53276,3.268338e-05,38,8
22207,53277,3.281234e-05,38,8
22208,53300,3.27669e-05,38,8
22209,53301,3.270475e-05,38,9
22210,53302,3.265369e-05,38,9
22211,53303,3.280705e-05,38,9
22212,53304,3.279829e-05,38,9
22213,53305,3.272632e-05,38,9
22214,53306,3.264423e-05,38,9
22215,53307,3.278957e-05,38,9
22216,53310,3.280488e-05,38,10
22217,53311,3.273458e-05,38,10
22218,53312,3.265647e-05,38,10
22219,53313,3.27886e-05,38,10
22220,53314,3.281658e-05,38,10
22221,53315,3.274799e-05,38,10
22222,53316,3.265275e-05,38,10
22223,53317,3.277864e-05,38,10
22224,53320,3.282203e-05,38,11
22225,53321,3.274826e-05,38,11
22226,53322,3.265929e-05,38,11
22227,53323,3.279384e-05,38,11
22228,53324,3.28321e-05,38,11
22229,53325,3.277662e-05,38,11
22230,53326,3.269107e-05,38,11
22231,53327,3.273314e-05,38,12
22232,53330,3.28415e-05,38,12
22233,53331,3.278904e-05,38,12
22234,53332,3.270121e-05,38,12
22235,53333,3.27028e-05,38,12
22236,53334,3.283916e-05,38,12
22237,53335,3.281779e-05,38,12
22238,53336,3.27386e-05,38,12
22239,53337,3.267752e-05,38,13
22240,53340,3.279671e-05,38,13
22241,53341,3.2849e-05,38,13
22242,53342,3.277753e-05,38,13
22243,53343,3.269082e-05,38,13
22244,53344,3.273669e-05,38,13
22245,53345,3.285623e-05,38,13
22246,53346,3.280842e-05,38,13
22247,53347,3.272027e-05,38,14
22248,53350,3.271661e-05,38,14
22249,53351,3.285974e-05,38,14
22250,53352,3.282078e-05,38,14
22251,53353,3.274301e-05,38,14
22252,53354,3.272392e-05,38,14
22253,53355,3.285866e-05,38,14
22254,53356,3.282306e-05,38,15
22255,53357,3.274325e-05,38,15
22256,53360,3.27015e-05,38,15
22257,53361,3.286112e-05,38,15
22258,53362,3.283866e-05,38,15
22259,53363,3.275387e-05,38,15
22260,53364,3.271221e-05,38,15
22261,53365,3.285518e-05,38,15
22262,53366,3.284284e-05,38,16
22263,53367,3.275993e-05,38,16
22264,53370,3.271872e-05,38,16
22265,53371,3.287064e-05,38,16
22266,53372,3.283737e-05,38,16
22267,53373,3.275291e-05,38,16
22268,53374,3.274899e-05,38,16
22269,53375,3.287951e-05,38,17
22270,53376,3.283082e-05,38,17
22271,53377,3.274433e-05,38,17
22272,53400,3.278579e-05,38,17
22273,53401,3.288837e-05,38,17
22274,53402,3.283819e-05,38,17
22275,53403,3.273605e-05,38,17
22276,53404,3.279079e-05,38,17
22277,53405,3.289171e-05,38,18
22278,53406,3.284285e-05,38,18
22279,53407,3.276172e-05,38,18
22280,53410,3.27864e-05,38,18
22281,53411,3.290283e-05,38,18
22282,53412,3.284663e-05,38,18
22283,53413,3.275932e-05,38,18
22284,53414,3.277212e-05,38,18
22285,53415,3.290407e-05,38,19
22286,53416,3.286358e-05,38,19
22287,53417,3.278154e-05,38,19
22288,53420,3.277911e-05,38,19
22289,53421,3.291466e-05,38,19
22290,53422,3.286856e-05,38,19
22291,53423,3.274901e-05,38,19
22292,53424,3.284935e-05,38,20
22293,53425,3.29147e-05,38,20
22294,53426,3.284666e-05,38,20
22295,53427,3.276216e-05,38,20
22296,53430,3.285515e-05,38,20
22297,53431,3.292477e-05,38,20
22298,53432,3.285796e-05,38,20
22299,53433,3.276571e-05,38,20
22300,53434,3.281917e-05,38,21
22301,53435,3.293229e-05,38,21
22302,53436,3.288457e-05,38,21
22303,53437,3.279887e-05,38,21
22304,53440,3.277697e-05,38,21
22305,53441,3.29272e-05,38,21
22306,53442,3.29195e-05,38,21
22307,53443,3.285333e-05,38,22
22308,53444,3.276822e-05,38,22
22309,53445,3.292553e-05,38,22
22310,53446,3.292541e-05,38,22
22311,53447,3.286873e-05,38,22
22312,53450,3.278494e-05,38,22
22313,53451,3.283406e-05,38,22
22314,53452,3.29493e-05,38,22
22315,53453,3.28959e-05,38,23
22316,53454,3.28009e-05,38,23
22317,53455,3.285052e-05,38,23
22318,53456,3.295431e-05,38,23
22319,53457,3.289309e-05,38,23
22320,53460,3.280681e-05,38,23
22321,53461,3.285886e-05,38,23
22322,53462,3.295967e-05,38,24
22323,53463,3.291256e-05,38,24
22324,53464,3.282341e-05,38,24
22325,53465,3.283128e-05,38,24
22326,53466,3.296184e-05,38,24
22327,53467,3.292164e-05,38,24
22328,53470,3.283907e-05,38,24
22329,53471,3.280107e-05,38,24
22330,53472,3.295674e-05,38,25
22331,53473,3.294046e-05,38,25
22332,53474,3.286633e-05,38,25
22333,53475,3.279167e-05,38,25
22334,53476,3.29496e-05,38,25
22335,53477,3.295604e-05,38,25
22336,53500,3.287857e-05,38,25
22337,53501,3.279472e-05,38,25
22338,53502,3.290049e-05,38,26
22339,53503,3.297252e-05,38,26
22340,53504,3.290161e-05,38,26
22341,53505,3.281032e-05,38,26
22342,53506,3.286252e-05,38,26
22343,53507,3.297781e-05,38,26
22344,53510,3.291388e-05,38,26
22345,53511,3.281565e-05,38,27
22346,53512,3.286645e-05,38,27
22347,53513,3.298317e-05,38,27
22348,53514,3.293779e-05,38,27
22349,53515,3.284241e-05,38,27
22350,53516,3.285263e-05,38,27
22351,53517,3.298546e-05,38,27
22352,53520,3.295079e-05,38,27
22353,53521,3.286331e-05,38,28
22354,53522,3.282458e-05,38,28
22355,53523,3.298151e-05,38,28
22356,53524,3.296444e-05,38,28
22357,53525,3.289441e-05,38,28
22358,53526,3.282481e-05,38,28
22359,53527,3.297389e-05,38,28
22360,53530,3.297059e-05,38,29
22361,53531,3.289107e-05,38,29
22362,53532,3.282095e-05,38,29
22363,53533,3.297922e-05,38,29
22364,53534,3.297641e-05,38,29
22365,53535,3.289716e-05,38,29
22366,53536,3.282554e-05,38,29
22367,53537,3.296587e-05,38,29
22368,53540,3.298432e-05,38,30
22369,53541,3.290931e-05,38,30
22370,53542,3.282774e-05,38,30
22371,53543,3.295797e-05,38,30
22372,53544,3.299275e-05,38,30
22373,53545,3.292767e-05,38,30
22374,53546,3.283556e-05,38,30
22375,53547,3.293598e-05,38,31
22376,53550,3.300452e-05,38,31
22377,53551,3.295896e-05,38,31
22378,53552,3.286856e-05,38,31
22379,53553,3.288553e-05,38,31
22380,53554,3.300253e-05,38,31
22381,53555,3.297149e-05,38,31
22382,53556,3.288875e-05,38,31
22383,53557,3.283712e-05,38,32
22384,53560,3.299638e-05,38,32
22385,53561,3.29758e-05,38,32
22386,53562,3.290568e-05,38,32
22387,53563,3.283436e-05,38,32
22388,53564,3.298408e-05,38,32
22389,53565,3.298777e-05,38,32
22390,53566,3.290594e-05,38,32
22391,53567,3.283682e-05,38,33
22392,53570,3.300092e-05,38,33
22393,53571,3.298391e-05,38,33
22394,53572,3.291175e-05,38,33
22395,53573,3.283243e-05,38,33
22396,53574,3.298304e-05,38,33
22397,53575,3.299658e-05,38,33
22398,53576,3.291303e-05,38,34
22399,53577,3.283058e-05,38,34
22400,53600,3.29881e-05,38,34
22401,53601,3.298862e-05,38,34
22402,53602,3.290948e-05,38,34
22403,53603,3.283237e-05,38,34
22404,53604,3.297431e-05,38,34
22405,53605,3.299428e-05,38,34
22406,53606,3.291994e-05,38,35
22407,53607,3.283149e-05,38,35
22408,53610,3.298508e-05,38,35
22409,53611,3.299597e-05,38,35
22410,53612,3.291754e-05,38,35
22411,53613,3.283641e-05,38,35
22412,53614,3.29919e-05,38,35
22413,53615,3.299258e-05,38,36
22414,53616,3.291007e-05,38,36
22415,53617,3.284176e-05,38,36
22416,53620,3.300532e-05,38,36
22417,53621,3.298426e-05,38,36
22418,53622,3.291153e-05,38,36
22419,53623,3.284214e-05,38,36
22420,53624,3.299697e-05,38,36
22421,53625,3.29887e-05,38,37
22422,53626,3.291021e-05,38,37
22423,53627,3.284162e-05,38,37
22424,53630,3.30013e-05,38,37
22425,53631,3.298145e-05,38,37
22426,53632,3.289815e-05,38,37
22427,53633,3.285673e-05,38,37
22428,53634,3.301547e-05,38,37
22429,53635,3.299231e-05,38,38
22430,53636,3.29082e-05,38,38
22431,53637,3.285066e-05,38,38
22432,53640,3.30111e-05,38,38
22433,53641,3.300431e-05,38,38
22434,53642,3.292535e-05,38,38
22435,53643,3.28569e-05,38,38
22436,53644,3.299752e-05,38,39
22437,53645,3.30198e-05,38,39
22438,53646,3.294626e-05,38,39
22439,53647,3.285819e-05,38,39
22440,53650,3.300771e-05,38,39
22441,53651,3.303415e-05,38,39
22442,53652,3.29719e-05,38,39
22443,53653,3.287821e-05,38,39
22444,53654,3.292135e-05,38,40
22445,53655,3.304799e-05,38,40
22446,53656,3.298982e-05,38,40
22447,53657,3.289842e-05,38,40
22448,53660,3.289707e-05,38,40
22449,53661,3.303974e-05,38,40
22450,53662,3.301755e-05,38,40
22451,53663,3.293323e-05,38,41
22452,53664,3.288196e-05,38,41
22453,53665,3.304601e-05,38,41
22454,53666,3.302627e-05,38,41
22455,53667,3.294301e-05,38,41
22456,53670,3.289845e-05,38,41
22457,53671,3.305274e-05,38,41
22458,53672,3.302815e-05,38,41
22459,53673,3.29515e-05,38,42
22460,53674,3.2902e-05,38,42
22461,53675,3.305698e-05,38,42
22462,53676,3.303275e-05,38,42
22463,53677,3.294904e-05,38,42
22464,53700,3.290278e-05,38,42
22465,53701,3.306225e-05,38,42
22466,53702,3.3047e-05,38,43
22467,53703,3.297563e-05,38,43
22468,53704,3.290316e-05,38,43
22469,53705,3.306919e-05,38,43
22470,53706,3.306644e-05,38,43
22471,53707,3.300434e-05,38,43
22472,53710,3.291785e-05,38,43
22473,53711,3.303939e-05,38,43
22474,53712,3.30992e-05,38,44
22475,53713,3.303609e-05,38,44
22476,53714,3.297155e-05,38,44
22477,53715,3.308157e-05,38,44
22478,53716,3.322618e-05,38,44
22479,53717,3.321013e-05,38,44
22480,53720,3.31748e-05,38,44
22481,53721,3.339494e-05,38,44
22482,53722,3.369613e-05,38,45
22483,53723,3.413211e-05,38,45
22484,53724,3.521721e-05,38,45
22485,53725,3.774229e-05,38,45
22486,53726,4.463603e-05,38,45
22487,53727,5.814215e-05,38,45
22488,53730,8.015793e-05,38,45
22489,53731,0.0006131378,38,46
22490,53732,0.0006129011,38,46
22491,53733,0.0006126905,38,46
22492,53734,0.0006131786,38,46
22493,53735,0.0006128591,38,46
22494,53736,0.0006130492,38,46
22495,53737,0.0006126933,38,46
22496,53740,0.0006123549,38,46
22497,53741,0.0006122998,38,47
22498,53742,0.0006120825,38,47
22499,53743,0.0006117628,38,47
22500,53744,0.0006114916,38,47
22501,53745,0.0006124152,38,47
22502,53746,0.0006125146,38,47
22503,53747,0.0006123877,38,47
22504,53750,0.0006120058,38,48
22505,53751,0.0006123444,38,48
22506,53752,0.0006126674,38,48
22507,53753,0.0006126236,38,48
22508,53754,0.0006125977,38,48
22509,53755,0.0006122207,38,48
22510,53756,0.0006120894,38,48
22511,53757,0.0006125702,38,48
22512,53760,0.0006123301,38,49
22513,53761,0.0006120162,38,49
22514,53762,0.000612377,38,49
22515,53763,0.0006126001,38,49
22516,53764,0.0006122804,38,49
22517,53765,0.0006125456,38,49
22518,53766,0.0006127465,38,49
22519,53767,0.0006123753,-1,-1
22520,53770,0.0006129761,-1,-1
22521,53771,0.0006130663,-1,-1
22522,53772,0.0006129491,-1,-1
22523,53773,0.0006125874,-1,-1
22524,53774,0.0006124263,-1,-1
22525,53775,0.0006127523,-1,-1
22526,53776,0.000612298,-1,-1
22527,53777,0.0006120044,-1,-1
22528,54000,0.0006118693,-1,-1
22529,54001,0.0006122313,-1,-1
22530,54002,0.0006118049,-1,-1
22531,54003,0.0006118465,-1,-1
22532,54004,0.0006116895,-1,-1
22533,54005,0.0006126094,-1,-1
22534,54006,0.0006123977,-1,-1
22535,54007,0.000612388,-1,-1
22536,54010,0.0006123051,-1,-1
22537,54011,0.0006120665,-1,-1
22538,54012,0.0006119541,-1,-1
22539,54013,0.0006124648,-1,-1
22540,54014,0.000612035,-1,-1
22541,54015,0.0006117834,-1,-1
22542,54016,0.0006119823,-1,-1
22543,54017,0.0006121954,-1,-1
22544,54020,0.0006115905,-1,-1
22545,54021,0.0006119629,-1,-1
22546,54022,0.0006119724,-1,-1
22547,54023,0.0006121978,-1,-1
22548,54024,0.0006117732,-1,-1
22549,54025,0.0006118224,-1,-1
22550,54026,0.0006115143,-1,-1
22551,54027,0.0006120163,-1,-1
22552,54030,0.0006120629,-1,-1
22553,54031,0.0006118282,-1,-1
22554,54032,0.0006112295,-1,-1
22555,54033,0.0006115505,-1,-1
22556,54034,0.0006114556,-1,-1
22557,54035,0.0006119676,-1,-1
22558,54036,0.0006112105,-1,-1
22559,54037,0.0006119044,-1,-1
22560,54040,0.0006114985,-1,-1
22561,54041,0.0006116566,-1,-1
22562,54042,0.0006115688,-1,-1
22563,54043,0.0006122339,-1,-1
22564,54044,0.0006115636,-1,-1
22565,54045,0.0006120157,-1,-1
22566,54046,0.0006124332,-1,-1
22567,54047,0.0006121176,-1,-1
22568,54050,0.0006121158,-1,-1
22569,54051,0.0006118455,-1,-1
22570,54052,0.0006119161,-1,-1
22571,54053,0.0006118992,-1,-1
22572,54054,0.000611882,-1,-1
22573,54055,0.0006115243,-1,-1
22574,54056,0.0006116132,-1,-1
22575,54057,0.0006118059,-1,-1
22576,54060,0.0006117796,-1,-1
22577,54061,0.0006115378,-1,-1
22578,54062,0.0006116386,-1,-1
22579,54063,0.0006114137,-1,-1
22580,54064,0.0006119044,-1,-1
22581,54065,0.0006120414,-1,-1
22582,54066,0.0006119607,-1,-1
22583,54067,0.0006118136,-1,-1
22584,54070,0.0006112778,-1,-1
22585,54071,0.0006115373,-1,-1
22586,54072,0.0006116414,-1,-1
22587,54073,0.0006116343,-1,-1
22588,54074,0.0006117273,-1,-1
22589,54075,0.0006117399,-1,-1
22590,54076,0.0006115758,-1,-1
22591,54077,0.0006116404,-1,-1
22592,54100,0.0006117575,-1,-1
22593,54101,0.0006121001,-1,-1
22594,54102,0.000612069,-1,-1
22595,54103,0.0006116872,-1,-1
22596,54104,0.0006120463,-1,-1
22597,54105,0.0006119419,-1,-1
22598,54106,0.0006115168,-1,-1
22599,54107,0.0006113428,-1,-1
22600,54110,0.0006116969,-1,-1
22601,54111,0.0006120923,-1,-1
22602,54112,0.0006123795,-1,-1
22603,54113,0.0006118512,-1,-1
22604,54114,0.0006126704,-1,-1
22605,54115,0.0006122551,-1,-1
22606,54116,0.0006121703,-1,-1
22607,54117,0.0006125112,-1,-1
22608,54120,0.0006124736,-1,-1
22609,54121,0.0006124807,-1,-1
22610,54122,0.0006124859,-1,-1
22611,54123,0.0006121364,-1,-1
22612,54124,0.0006124299,-1,-1
22613,54125,0.0006128291,-1,-1
22614,54126,0.000611735,-1,-1
22615,54127,0.0006128586,-1,-1
22616,54130,0.0006119488,-1,-1
22617,54131,0.000612031,-1,-1
22618,54132,0.0006125055,-1,-1
22619,54133,0.000611983,-1,-1
22620,54134,0.0006122447,-1,-1
22621,54135,0.0006119256,-1,-1
22622,54136,0.0006116515,-1,-1
22623,54137,0.0006123425,-1,-1
22624,54140,0.0006118201,-1,-1
22625,54141,0.00061154,-1,-1
22626,54142,0.000611221,-1,-1
22627,54143,0.0006113651,-1,-1
22628,54144,0.0006116549,-1,-1
22629,54145,0.0006113662,-1,-1
22630,54146,0.0006113052,-1,-1
22631,54147,0.0006109159,-1,-1
22632,54150,0.0006118961,-1,-1
22633,54151,0.0006117921,-1,-1
22634,54152,0.0006121545,-1,-1
22635,54153,0.0006120941,-1,-1
22636,54154,0.0006121972,-1,-1
22637,54155,0.0006120637,-1,-1
22638,54156,0.0006118218,-1,-1
22639,54157,0.0006117194,-1,-1
22640,54160,0.0006118293,-1,-1
22641,54161,0.0006120544,-1,-1
22642,54162,0.0006123209,-1,-1
22643,54163,0.0006122568,-1,-1
22644,54164,0.0006120648,-1,-1
22645,54165,0.0006120257,-1,-1
22646,54166,0.0006119041,-1,-1
22647,54167,0.0006118641,-1,-1
22648,54170,0.0006118517,-1,-1
22649,54171,0.0006113942,-1,-1
22650,54172,0.0006118781,-1,-1
22651,54173,0.0006119998,-1,-1
22652,54174,0.0006115331,-1,-1
22653,54175,0.0006115736,-1,-1
22654,54176,0.0006119619,-1,-1
22655,54177,0.0006122511,-1,-1
22656,54200,0.0006117779,-1,-1
22657,54201,0.0006125106,-1,-1
22658,54202,0.0006120868,-1,-1
22659,54203,0.0006120356,-1,-1
22660,54204,0.0006120495,-1,-1
22661,54205,0.0006116144,-1,-1
22662,54206,0.0006115694,-1,-1
22663,54207,0.0006117516,-1,-1
22664,54210,0.0006115553,-1,-1
22665,54211,0.0006118972,-1,-1
22666,54212,0.0006112343,-1,-1
22667,54213,0.0006119324,-1,-1
22668,54214,0.0006117845,-1,-1
22669,54215,0.0006112706,-1,-1
22670,54216,0.0006112683,-1,-1
22671,54217,0.0006115279,-1,-1
22672,54220,0.000611485,-1,-1
22673,54221,0.0006116836,-1,-1
22674,54222,0.0006117123,-1,-1
22675,54223,0.0006114359,-1,-1
22676,54224,0.0006116033,-1,-1
22677,54225,0.0006113797,-1,-1
22678,54226,0.0006119806,-1,-1
22679,54227,0.0006118009,-1,-1
22680,54230,0.0006115585,-1,-1
22681,54231,0.0006116491,-1,-1
22682,54232,0.0006115639,-1,-1
22683,54233,0.00061132,-1,-1
22684,54234,0.0006116502,-1,-1
22685,54235,0.0006115941,-1,-1
22686,54236,0.0006113212,-1,-1
22687,54237,0.0006115993,-1,-1
22688,54240,0.0006111273,-1,-1
22689,54241,0.0006115543,-1,-1
22690,54242,0.0006113679,-1,-1
22691,54243,0.0006114261,-1,-1
22692,54244,0.0006110373,-1,-1
22693,54245,0.0006117399,-1,-1
22694,54246,0.0006115958,-1,-1
22695,54247,0.0006114294,-1,-1
22696,54250,0.0006110776,-1,-1
22697,54251,0.0006115078,-1,-1
22698,54252,0.0006115201,-1,-1
22699,54253,0.0006113837,-1,-1
22700,54254,0.0006116625,-1,-1
22701,54255,0.0006118166,-1,-1
22702,54256,0.0006115455,-1,-1
22703,54257,0.0006115857,-1,-1
22704,54260,0.0006117022,-1,-1
22705,54261,0.0006111265,-1,-1
22706,54262,0.0006121046,-1,-1
22707,54263,0.0006113147,-1,-1
22708,54264,0.0006119892,-1,-1
22709,54265,0.000612274,-1,-1
22710,54266,0.0006119618,-1,-1
22711,54267,0.0006123787,-1,-1
22712,54270,0.0006119693,-1,-1
22713,54271,0.0006119831,-1,-1
22714,54272,0.0006118406,-1,-1
22715,54273,0.0006118828,-1,-1
22716,54274,0.0006113412,-1,-1
22717,54275,0.0006123743,-1,-1
22718,54276,0.0006118958,-1,-1
22719,54277,0.000612268,-1,-1
22720,54300,0.0006115946,-1,-1
22721,54301,0.0006110593,-1,-1
22722,54302,0.0006115928,-1,-1
22723,54303,0.0006120396,-1,-1
22724,54304,0.0006116939,-1,-1
22725,54305,0.0006114462,-1,-1
22726,54306,0.000611769,-1,-1
22727,54307,0.0006117259,-1,-1
22728,54310,0.0006117668,-1,-1
22729,54311,0.0006117347,-1,-1
22730,54312,0.0006117188,-1,-1
22731,54313,0.0006118271,-1,-1
22732,54314,0.0006119502,-1,-1
22733,54315,0.0006117288,-1,-1
22734,54316,0.0006117298,-1,-1
22735,54317,0.0006114798,-1,-1
22736,54320,0.0006114382,-1,-1
22737,54321,0.0006119648,-1,-1
22738,54322,0.0006114675,-1,-1
22739,54323,0.0006119084,-1,-1
22740,54324,0.0006117065,-1,-1
22741,54325,0.0006114791,-1,-1
22742,54326,0.0006113621,-1,-1
22743,54327,0.0006113907,-1,-1
22744,54330,0.0006122178,-1,-1
22745,54331,0.0006117543,-1,-1
22746,54332,0.0006113175,-1,-1
22747,54333,0.0006120243,39,49
22748,54334,0.0006116989,39,49
22749,54335,0.0006115882,39,49
22750,54336,0.0006112537,39,49
22751,54337,0.0006114466,39,49
22752,54340,0.0006116379,39,49
22753,54341,0.0006117756,39,49
22754,54342,0.0006109965,39,49
22755,54343,0.0006116046,39,48
22756,54344,0.0006120854,39,48
22757,54345,0.0006117041,39,48
22758,54346,0.0006117005,39,48
22759,54347,0.0006119683,39,48
22760,54350,0.0006116829,39,48
22761,54351,0.0006116023,39,48
22762,54352,0.0006111957,39,48
22763,54353,0.0006117562,39,47
22764,54354,0.000610537,39,47
22765,54355,0.0006081587,39,47
22766,54356,0.0006052722,39,47
22767,54357,0.0006015449,39,47
22768,54360,0.000596492,39,47
22769,54361,0.0005902656,39,47
22770,54362,0.0005821852,39,46
22771,54363,0.0005673953,39,46
22772,54364,0.0005490308,39,46
22773,54365,0.0005282089,39,46
22774,54366,0.0004960208,39,46
22775,54367,0.000454297,39,46
22776,54370,0.0004091727,39,46
22777,54371,0.0003385975,39,46
22778,54372,0.0002581627,39,45
22779,54373,0.0001923044,39,45
22780,54374,0.0001331947,39,45
22781,54375,3.086112e-05,39,45
22782,54376,3.09316e-05,39,45
22783,54377,3.114761e-05,39,45
22784,54400,3.119065e-05,39,45
22785,54401,3.118511e-05,39,45
22786,54402,3.121834e-05,39,44
22787,54403,3.143265e-05,39,44
22788,54404,3.146758e-05,39,44
22789,54405,3.14427e-05,39,44
22790,54406,3.144714e-05,39,44
22791,54407,3.164564e-05,39,44
22792,54410,3.166687e-05,39,44
22793,54411,3.163426e-05,39,43
22794,54412,3.164824e-05,39,43
22795,54413,3.18257e-05,39,43
22796,54414,3.182578e-05,39,43
22797,54415,3.178269e-05,39,43
22798,54416,3.179391e-05,39,43
22799,54417,3.196559e-05,39,43
22800,54420,3.196489e-05,39,43
22801,54421,3.190724e-05,39,42
22802,54422,3.190952e-05,39,42
22803,54423,3.207283e-05,39,42
22804,54424,3.207476e-05,39,42
22805,54425,3.201574e-05,39,42
22806,54426,3.202001e-05,39,42
22807,54427,3.217696e-05,39,42
22808,54430,3.215015e-05,39,42
22809,54431,3.20879e-05,39,41
22810,54432,3.208873e-05,39,41
22811,54433,3.225165e-05,39,41
22812,54434,3.223859e-05,39,41
22813,54435,3.216587e-05,39,41
22814,54436,3.215899e-05,39,41
22815,54437,3.231747e-05,39,41
22816,54440,3.230482e-05,39,40
22817,54441,3.223751e-05,39,40
22818,54442,3.219811e-05,39,40
22819,54443,3.235609e-05,39,40
22820,54444,3.238411e-05,39,40
22821,54445,3.232209e-05,39,40
22822,54446,3.224829e-05,39,40
22823,54447,3.238238e-05,39,40
22824,54450,3.243162e-05,39,39
22825,54451,3.238182e-05,39,39
22826,54452,3.229832e-05,39,39
22827,54453,3.239154e-05,39,39
22828,54454,3.248124e-05,39,39
22829,54455,3.242322e-05,39,39
22830,54456,3.234352e-05,39,39
22831,54457,3.23972e-05,39,39
22832,54460,3.251758e-05,39,38
22833,54461,3.247715e-05,39,38
22834,54462,3.238958e-05,39,38
22835,54463,3.244116e-05,39,38
22836,54464,3.255116e-05,39,38
22837,54465,3.249954e-05,39,38
22838,54466,3.242281e-05,39,38
22839,54467,3.246722e-05,39,37
22840,54470,3.258097e-05,39,37
22841,54471,3.253892e-05,39,37
22842,54472,3.245311e-05,39,37
22843,54473,3.248142e-05,39,37
22844,54474,3.260644e-05,39,37
22845,54475,3.25638e-05,39,37
22846,54476,3.249228e-05,39,37
22847,54477,3.246143e-05,39,36
22848,54500,3.261842e-05,39,36
22849,54501,3.260691e-05,39,36
22850,54502,3.253398e-05,39,36
22851,54503,3.248219e-05,39,36
22852,54504,3.264008e-05,39,36
22853,54505,3.261929e-05,39,36
22854,54506,3.25393e-05,39,35
22855,54507,3.254358e-05,39,35
22856,54510,3.266947e-05,39,35
22857,54511,3.262599e-05,39,35
22858,54512,3.254402e-05,39,35
22859,54513,3.253347e-05,39,35
22860,54514,3.268736e-05,39,35
22861,54515,3.265451e-05,39,35
22862,54516,3.256935e-05,39,34
22863,54517,3.255942e-05,39,34
22864,54520,3.270419e-05,39,34
22865,54521,3.265922e-05,39,34
22866,54522,3.257885e-05,39,34
22867,54523,3.258269e-05,39,34
22868,54524,3.27185e-05,39,34
22869,54525,3.267788e-05,39,34
22870,54526,3.259695e-05,39,33
22871,54527,3.257605e-05,39,33
22872,54530,3.272784e-05,39,33
22873,54531,3.270091e-05,39,33
22874,54532,3.264016e-05,39,33
22875,54533,3.256682e-05,39,33
22876,54534,3.271995e-05,39,33
22877,54535,3.273587e-05,39,32
22878,54536,3.268054e-05,39,32
22879,54537,3.259763e-05,39,32
22880,54540,3.268516e-05,39,32
22881,54541,3.275622e-05,39,32
22882,54542,3.268768e-05,39,32
22883,54543,3.259648e-05,39,32
22884,54544,3.267521e-05,39,32
22885,54545,3.27638e-05,39,31
22886,54546,3.270433e-05,39,31
22887,54547,3.262221e-05,39,31
22888,54550,3.267875e-05,39,31
22889,54551,3.277487e-05,39,31
22890,54552,3.272279e-05,39,31
22891,54553,3.262948e-05,39,31
22892,54554,3.266179e-05,39,31
22893,54555,3.278301e-05,39,30
22894,54556,3.273655e-05,39,30
22895,54557,3.265773e-05,39,30
22896,54560,3.265612e-05,39,30
22897,54561,3.279112e-05,39,30
22898,54562,3.274043e-05,39,30
22899,54563,3.264918e-05,39,30
22900,54564,3.26517e-05,39,29
22901,54565,3.279458e-05,39,29
22902,54566,3.275127e-05,39,29
22903,54567,3.266045e-05,39,29
22904,54570,3.26729e-05,39,29
22905,54571,3.280061e-05,39,29
22906,54572,3.275397e-05,39,29
22907,54573,3.267225e-05,39,29
22908,54574,3.264251e-05,39,28
22909,54575,3.279902e-05,39,28
22910,54576,3.277308e-05,39,28
22911,54577,3.269602e-05,39,28
22912,54600,3.265046e-05,39,28
22913,54601,3.280283e-05,39,28
22914,54602,3.277182e-05,39,28
22915,54603,3.26931e-05,39,28
22916,54604,3.263715e-05,39,27
22917,54605,3.280081e-05,39,27
22918,54606,3.278014e-05,39,27
22919,54607,3.269286e-05,39,27
22920,54610,3.264368e-05,39,27
22921,54611,3.277873e-05,39,27
22922,54612,3.280242e-05,39,27
22923,54613,3.272636e-05,39,26
22924,54614,3.264134e-05,39,26
22925,54615,3.273988e-05,39,26
22926,54616,3.281709e-05,39,26
22927,54617,3.274428e-05,39,26
22928,54620,3.265638e-05,39,26
22929,54621,3.276623e-05,39,26
22930,54622,3.281574e-05,39,26
22931,54623,3.274225e-05,39,25
22932,54624,3.265472e-05,39,25
22933,54625,3.274009e-05,39,25
22934,54626,3.281937e-05,39,25
22935,54627,3.2753e-05,39,25
22936,54630,3.265365e-05,39,25
22937,54631,3.276072e-05,39,25
22938,54632,3.280798e-05,39,24
22939,54633,3.273482e-05,39,24
22940,54634,3.264292e-05,39,24
22941,54635,3.278644e-05,39,24
22942,54636,3.279527e-05,39,24
22943,54637,3.272076e-05,39,24
22944,54640,3.264075e-05,39,24
22945,54641,3.277167e-05,39,24
22946,54642,3.281191e-05,39,23
22947,54643,3.274603e-05,39,23
22948,54644,3.265744e-05,39,23
22949,54645,3.270575e-05,39,23
22950,54646,3.281679e-05,39,23
22951,54647,3.277185e-05,39,23
22952,54650,3.268721e-05,39,23
22953,54651,3.268349e-05,39,23
22954,54652,3.28105e-05,39,22
22955,54653,3.278597e-05,39,22
22956,54654,3.269517e-05,39,22
22957,54655,3.264892e-05,39,22
22958,54656,3.280612e-05,39,22
22959,54657,3.277665e-05,39,22
22960,54660,3.26959e-05,39,22
22961,54661,3.26515e-05,39,21
22962,54662,3.278215e-05,39,21
22963,54663,3.279276e-05,39,21
22964,54664,3.271986e-05,39,21
22965,54665,3.262921e-05,39,21
22966,54666,3.27525e-05,39,21
22967,54667,3.279897e-05,39,21
22968,54670,3.275344e-05,39,21
22969,54671,3.267623e-05,39,20
22970,54672,3.266093e-05,39,20
22971,54673,3.27992e-05,39,20
22972,54674,3.276524e-05,39,20
22973,54675,3.267586e-05,39,20
22974,54676,3.263261e-05,39,20
22975,54677,3.27792e-05,39,20
22976,54700,3.277903e-05,39,20
22977,54701,3.269705e-05,39,19
22978,54702,3.262125e-05,39,19
22979,54703,3.272984e-05,39,19
22980,54704,3.278327e-05,39,19
22981,54705,3.272402e-05,39,19
22982,54706,3.262295e-05,39,19
22983,54707,3.273493e-05,39,19
22984,54710,3.278579e-05,39,18
22985,54711,3.270985e-05,39,18
22986,54712,3.261806e-05,39,18
22987,54713,3.270016e-05,39,18
22988,54714,3.278374e-05,39,18
22989,54715,3.272173e-05,39,18
22990,54716,3.263984e-05,39,18
22991,54717,3.266763e-05,39,18
22992,54720,3.278866e-05,39,17
22993,54721,3.273752e-05,39,17
22994,54722,3.264388e-05,39,17
22995,54723,3.265489e-05,39,17
22996,54724,3.277967e-05,39,17
22997,54725,3.274392e-05,39,17
22998,54726,3.265817e-05,39,17
22999,54727,3.261001e-05,39,17
23000,54730,3.276439e-05,39,16
23001,54731,3.276175e-05,39,16
23002,54732,3.2688e-05,39,16
23003,54733,3.261379e-05,39,16
23004,54734,3.27046e-05,39,16
23005,54735,3.278294e-05,39,16
23006,54736,3.271412e-05,39,16
23007,54737,3.262382e-05,39,15
23008,54740,3.271052e-05,39,15
23009,54741,3.278236e-05,39,15
23010,54742,3.272984e-05,39,15
23011,54743,3.263472e-05,39,15
23012,54744,3.26659e-05,39,15
23013,54745,3.278506e-05,39,15
23014,54746,3.273344e-05,39,15
23015,54747,3.264851e-05,39,14
23016,54750,3.265073e-05,39,14
23017,54751,3.277759e-05,39,14
23018,54752,3.273353e-05,39,14
23019,54753,3.263103e-05,39,14
23020,54754,3.265443e-05,39,14
23021,54755,3.278072e-05,39,14
23022,54756,3.272955e-05,39,14
23023,54757,3.265252e-05,39,13
23024,54760,3.264224e-05,39,13
23025,54761,3.277677e-05,39,13
23026,54762,3.274527e-05,39,13
23027,54763,3.265978e-05,39,13
23028,54764,3.261572e-05,39,13
23029,54765,3.27645e-05,39,13
23030,54766,3.274509e-05,39,12
23031,54767,3.266906e-05,39,12
23032,54770,3.261013e-05,39,12
23033,54771,3.276003e-05,39,12
23034,54772,3.274152e-05,39,12
23035,54773,3.265222e-05,39,12
23036,54774,3.260416e-05,39,12
23037,54775,3.276184e-05,39,12
23038,54776,3.275355e-05,39,11
23039,54777,3.267295e-05,39,11
23040,55000,3.259426e-05,39,11
23041,55001,3.274307e-05,39,11
23042,55002,3.275894e-05,39,11
23043,55003,3.269506e-05,39,11
23044,55004,3.261235e-05,39,11
23045,55005,3.267436e-05,39,10
23046,55006,3.27592e-05,39,10
23047,55007,3.269669e-05,39,10
23048,55010,3.260624e-05,39,10
23049,55011,3.265401e-05,39,10
23050,55012,3.276086e-05,39,10
23051,55013,3.270876e-05,39,10
23052,55014,3.262221e-05,39,10
23053,55015,3.263793e-05,39,9
23054,55016,3.275601e-05,39,9
23055,55017,3.269266e-05,39,9
23056,55020,3.260649e-05,39,9
23057,55021,3.265607e-05,39,9
23058,55022,3.275733e-05,39,9
23059,55023,3.270741e-05,39,9
23060,55024,3.263003e-05,39,9
23061,55025,3.259926e-05,39,8
23062,55026,3.275124e-05,39,8
23063,55027,3.270326e-05,39,8
23064,55030,3.261864e-05,39,8
23065,55031,3.259502e-05,39,8
23066,55032,3.275156e-05,39,8
23067,55033,3.271166e-05,39,8
23068,55034,3.26358e-05,39,7
23069,55035,3.25925e-05,39,7
23070,55036,3.273705e-05,39,7
23071,55037,3.270724e-05,39,7
23072,55040,3.261993e-05,39,7
23073,55041,3.25906e-05,39,7
23074,55042,3.27409e-05,39,7
23075,55043,3.268622e-05,39,7
23076,55044,3.259695e-05,39,6
23077,55045,3.262763e-05,39,6
23078,55046,3.273576e-05,39,6
23079,55047,3.267512e-05,39,6
23080,55050,3.257932e-05,39,6
23081,55051,3.26156e-05,39,6
23082,55052,3.273143e-05,39,6
23083,55053,3.267407e-05,39,6
23084,55054,3.259274e-05,39,5
23085,55055,3.260465e-05,39,5
23086,55056,3.272536e-05,39,5
23087,55057,3.269014e-05,39,5
23088,55060,3.259089e-05,39,5
23089,55061,3.25831e-05,39,5
23090,55062,3.272613e-05,39,5
23091,55063,3.268335e-05,39,4
23092,55064,3.260814e-05,39,4
23093,55065,3.256099e-05,39,4
23094,55066,3.271948e-05,39,4
23095,55067,3.272193e-05,39,4
23096,55070,3.26416e-05,39,4
23097,55071,3.258486e-05,39,4
23098,55072,3.273329e-05,39,4
23099,55073,3.27453e-05,39,3
23100,55074,3.268016e-05,39,3
23101,55075,3.261525e-05,39,3
23102,55076,3.262632e-05,39,3
23103,55077,3.272709e-05,39,3
23104,55100,3.268411e-05,39,3
23105,55101,3.259001e-05,39,3
23106,55102,3.256125e-05,39,3
23107,55103,3.270068e-05,39,2
23108,55104,3.267371e-05,39,2
23109,55105,3.257889e-05,39,2
23110,55106,3.255309e-05,39,2
23111,55107,3.268964e-05,39,2
23112,55110,3.266361e-05,39,2
23113,55111,3.255689e-05,39,2
23114,55112,3.254021e-05,39,1
23115,55113,3.268589e-05,39,1
23116,55114,3.264016e-05,39,1
23117,55115,3.253854e-05,39,1
23118,55116,3.256618e-05,39,1
23119,55117,3.268352e-05,39,1
23120,55120,3.263275e-05,39,1
23121,55121,3.253769e-05,39,1
23122,55122,3.257118e-05,39,0
23123,55123,3.268326e-05,39,0
23124,55124,3.26408e-05,39,0
23125,55125,3.255259e-05,39,0
23126,55126,3.258606e-05,39,0
23127,55127,3.271219e-05,39,0
23128,55130,3.265389e-05,39,0
23129,55131,3.254876e-05,-1,-1
23130,55132,3.263471e-05,-1,-1
23131,55133,3.270478e-05,-1,-1
23132,55134,3.264926e-05,-1,-1
23133,55135,3.254115e-05,-1,-1
23134,55136,3.26637e-05,-1,-1
23135,55137,3.269963e-05,-1,-1
23136,55140,3.263422e-05,-1,-1
23137,55141,3.255259e-05,-1,-1
23138,55142,3.263378e-05,-1,-1
23139,55143,3.270656e-05,-1,-1
23140,55144,3.264312e-05,-1,-1
23141,55145,3.255092e-05,-1,-1
23142,55146,3.265407e-05,-1,-1
23143,55147,3.27061e-05,-1,-1
23144,55150,3.262886e-05,-1,-1
23145,55151,3.254188e-05,-1,-1
23146,55152,3.263689e-05,-1,-1
23147,55153,3.270592e-05,-1,-1
23148,55154,3.263864e-05,-1,-1
23149,55155,3.254132e-05,-1,-1
23150,55156,3.266777e-05,-1,-1
23151,55157,3.270489e-05,-1,-1
23152,55160,3.262814e-05,-1,-1
23153,55161,3.254331e-05,-1,-1
23154,55162,3.266721e-05,-1,-1
23155,55163,3.2707e-05,-1,-1
23156,55164,3.264648e-05,-1,-1
23157,55165,3.25434e-05,-1,-1
23158,55166,3.265053e-05,-1,-1
23159,55167,3.271046e-05,-1,-1
23160,55170,3.263832e-05,-1,-1
23161,55171,3.255245e-05,-1,-1
23162,55172,3.266396e-05,-1,-1
23163,55173,3.271227e-05,-1,-1
23164,55174,3.264804e-05,-1,-1
23165,55175,3.254957e-05,-1,-1
23166,55176,3.267336e-05,-1,-1
23167,55177,3.27063e-05,-1,-1
23168,55200,3.26454e-05,-1,-1
23169,55201,3.256541e-05,-1,-1
23170,55202,3.264227e-05,-1,-1
23171,55203,3.271365e-05,-1,-1
23172,55204,3.265046e-05,-1,-1
23173,55205,3.256153e-05,-1,-1
23174,55206,3.264247e-05,-1,-1
23175,55207,3.271485e-05,-1,-1
23176,55210,3.264444e-05,-1,-1
23177,55211,3.25499e-05,-1,-1
23178,55212,3.26806e-05,-1,-1
23179,55213,3.270973e-05,-1,-1
23180,55214,3.263024e-05,-1,-1
23181,55215,3.254797e-05,-1,-1
23182,55216,3.270308e-05,-1,-1
23183,55217,3.270126e-05,-1,-1
23184,55220,3.264034e-05,-1,-1
23185,55221,3.255488e-05,-1,-1
23186,55222,3.267463e-05,-1,-1
23187,55223,3.271072e-05,-1,-1
23188,55224,3.265223e-05,-1,-1
23189,55225,3.255737e-05,-1,-1
23190,55226,3.264285e-05,-1,-1
23191,55227,3.271962e-05,-1,-1
23192,55230,3.266019e-05,-1,-1
23193,55231,3.256873e-05,-1,-1
23194,55232,3.264145e-05,-1,-1
23195,55233,3.27186e-05,-1,-1
23196,55234,3.266613e-05,-1,-1
23197,55235,3.257757e-05,-1,-1
23198,55236,3.261124e-05,-1,-1
23199,55237,3.272425e-05,-1,-1
23200,55240,3.269377e-05,-1,-1
23201,55241,3.260702e-05,-1,-1
23202,55242,3.256305e-05,-1,-1
23203,55243,3.270929e-05,-1,-1
23204,55244,3.270894e-05,-1,-1
23205,55245,3.263032e-05,-1,-1
23206,55246,3.254905e-05,-1,-1
23207,55247,3.269649e-05,-1,-1
23208,55250,3.270931e-05,-1,-1
23209,55251,3.264324e-05,-1,-1
23210,55252,3.256097e-05,-1,-1
23211,55253,3.265287e-05,-1,-1
23212,55254,3.272143e-05,-1,-1
23213,55255,3.26464e-05,-1,-1
23214,55256,3.255392e-05,-1,-1
23215,55257,3.267506e-05,-1,-1
23216,55260,3.271212e-05,-1,-1
23217,55261,3.263316e-05,-1,-1
23218,55262,3.255207e-05,-1,-1
23219,55263,3.269482e-05,-1,-1
23220,55264,3.270873e-05,-1,-1
23221,55265,3.262006e-05,-1,-1
23222,55266,3.255865e-05,-1,-1
23223,55267,3.271854e-05,-1,-1
23224,55270,3.268908e-05,-1,-1
23225,55271,3.259501e-05,-1,-1
23226,55272,3.258199e-05,-1,-1
23227,55273,3.272468e-05,-1,-1
23228,55274,3.269895e-05,-1,-1
23229,55275,3.261212e-05,-1,-1
23230,55276,3.255663e-05,-1,-1
23231,55277,3.272252e-05,-1,-1
23232,55300,3.270258e-05,-1,-1
23233,55301,3.260717e-05,-1,-1
23234,55302,3.256811e-05,-1,-1
23235,55303,3.273195e-05,-1,-1
23236,55304,3.274617e-05,-1,-1
23237,55305,3.282142e-05,-1,-1
23238,55306,3.321224e-05,-1,-1
23239,55307,3.398809e-05,-1,-1
23240,55310,3.464012e-05,-1,-1
23241,55311,3.518079e-05,-1,-1
23242,55312,3.516076e-05,-1,-1
23243,55313,3.526807e-05,-1,-1
23244,55314,3.529773e-05,-1,-1
23245,55315,3.521314e-05,-1,-1
23246,55316,3.512036e-05,-1,-1
23247,55317,3.520954e-05,-1,-1
23248,55320,3.52599e-05,-1,-1
23249,55321,3.520594e-05,-1,-1
23250,55322,3.506714e-05,-1,-1
23251,55323,3.515573e-05,-1,-1
23252,55324,3.524575e-05,-1,-1
23253,55325,3.514413e-05,-1,-1
23254,55326,3.504632e-05,-1,-1
23255,55327,3.510317e-05,-1,-1
23256,55330,3.521361e-05,-1,-1
23257,55331,3.515131e-05,-1,-1
23258,55332,3.505361e-05,-1,-1
23259,55333,3.504477e-05,-1,-1
23260,55334,3.518791e-05,-1,-1
23261,55335,3.51468e-05,-1,-1
23262,55336,3.50811e-05,-1,-1
23263,55337,3.501915e-05,-1,-1
23264,55340,3.515482e-05,-1,-1
23265,55341,3.513989e-05,-1,-1
23266,55342,3.505449e-05,-1,-1
23267,55343,3.499016e-05,-1,-1
23268,55344,3.51302e-05,-1,-1
23269,55345,3.512288e-05,-1,-1
23270,55346,3.503517e-05,-1,-1
23271,55347,3.49666e-05,-1,-1
23272,55350,3.51251e-05,-1,-1
23273,55351,3.511333e-05,-1,-1
23274,55352,3.50371e-05,-1,-1
23275,55353,3.495327e-05,-1,-1
23276,55354,3.510751e-05,-1,-1
23277,55355,3.512367e-05,-1,-1
23278,55356,3.502354e-05,-1,-1
23279,55357,3.494903e-05,-1,-1
23280,55360,3.509515e-05,-1,-1
23281,55361,3.510795e-05,-1,-1
23282,55362,3.502761e-05,-1,-1
23283,55363,3.494967e-05,-1,-1
23284,55364,3.510801e-05,-1,-1
23285,55365,3.510382e-05,-1,-1
23286,55366,3.501207e-05,-1,-1
23287,55367,3.494839e-05,-1,-1
23288,55370,3.508833e-05,-1,-1
23289,55371,3.509726e-05,-1,-1
23290,55372,3.503865e-05,-1,-1
23291,55373,3.493967e-05,-1,-1
23292,55374,3.50645e-05,-1,-1
23293,55375,3.510446e-05,-1,-1
23294,55376,3.505361e-05,-1,-1
23295,55377,3.496221e-05,-1,-1
23296,55400,3.49909e-05,-1,-1
23297,55401,3.510956e-05,-1,-1
23298,55402,3.505859e-05,-1,-1
23299,55403,3.496522e-05,-1,-1
23300,55404,3.496393e-05,-1,-1
23301,55405,3.51095e-05,-1,-1
23302,55406,3.506409e-05,-1,-1
23303,55407,3.497312e-05,-1,-1
23304,55410,3.497356e-05,-1,-1
23305,55411,3.510584e-05,-1,-1
23306,55412,3.509565e-05,-1,-1
23307,55413,3.502621e-05,-1,-1
23308,55414,3.494203e-05,-1,-1
23309,55415,3.508441e-05,-1,-1
23310,55416,3.50934e-05,-1,-1
23311,55417,3.501362e-05,-1,-1
23312,55420,3.494599e-05,-1,-1
23313,55421,3.509738e-05,-1,-1
23314,55422,3.509951e-05,-1,-1
23315,55423,3.504061e-05,-1,-1
23316,55424,3.493972e-05,-1,-1
23317,55425,3.505253e-05,-1,-1
23318,55426,3.51141e-05,-1,-1
23319,55427,3.504573e-05,-1,-1
23320,55430,3.494742e-05,-1,-1
23321,55431,3.504995e-05,-1,-1
23322,55432,3.51105e-05,-1,-1
23323,55433,3.505135e-05,-1,-1
23324,55434,3.494721e-05,-1,-1
23325,55435,3.503458e-05,-1,-1
23326,55436,3.511096e-05,-1,-1
23327,55437,3.503856e-05,-1,-1
23328,55440,3.495424e-05,-1,-1
23329,55441,3.503326e-05,-1,-1
23330,55442,3.511097e-05,-1,-1
23331,55443,3.50364e-05,-1,-1
23332,55444,3.494649e-05,-1,-1
23333,55445,3.502436e-05,-1,-1
23334,55446,3.510801e-05,-1,-1
23335,55447,3.504485e-05,-1,-1
23336,55450,3.495263e-05,-1,-1
23337,55451,3.502056e-05,-1,-1
23338,55452,3.505057e-05,-1,-1
23339,55453,3.507917e-05,-1,-1
23340,55454,3.511459e-05,-1,-1
23341,55455,3.520512e-05,-1,-1
23342,55456,3.561948e-05,-1,-1
23343,55457,3.563959e-05,-1,-1
23344,55460,3.578203e-05,-1,-1
23345,55461,3.630205e-05,-1,-1
23346,55462,3.628779e-05,-1,-1
23347,55463,3.683774e-05,-1,-1
23348,55464,3.694659e-05,-1,-1
23349,55465,3.740326e-05,-1,-1
23350,55466,3.84838e-05,-1,-1
23351,55467,3.88235e-05,-1,-1
23352,55470,3.998215e-05,-1,-1
23353,55471,4.127468e-05,-1,-1
23354,55472,4.177641e-05,-1,-1
23355,55473,4.354036e-05,-1,-1
23356,55474,4.390554e-05,-1,-1
23357,55475,4.543155e-05,40,0
23358,55476,4.721141e-05,40,0
23359,55477,4.723493e-05,40,0
23360,55500,4.939263e-05,40,0
23361,55501,5.110156e-05,40,0
23362,55502,5.092332e-05,40,0
23363,55503,5.229505e-05,40,0
23364,55504,5.185305e-05,40,0
23365,55505,5.151724e-05,40,1
23366,55506,5.080493e-05,40,1
23367,55507,4.808645e-05,40,1
23368,55510,4.538875e-05,40,1
23369,55511,4.283241e-05,40,1
23370,55512,4.010233e-05,40,1
23371,55513,3.770353e-05,40,1
23372,55514,3.529696e-05,40,1
23373,55515,3.363343e-05,40,2
23374,55516,3.282318e-05,40,2
23375,55517,3.253694e-05,40,2
23376,55520,3.234259e-05,40,2
23377,55521,3.219978e-05,40,2
23378,55522,3.221471e-05,40,2
23379,55523,3.237854e-05,40,2
23380,55524,3.235167e-05,40,3
23381,55525,3.232417e-05,40,3
23382,55526,3.236249e-05,40,3
23383,55527,3.251424e-05,40,3
23384,55530,3.253166e-05,40,3
23385,55531,3.247226e-05,40,3
23386,55532,3.252669e-05,40,3
23387,55533,3.269445e-05,40,3
23388,55534,3.264922e-05,40,4
23389,55535,3.260884e-05,40,4
23390,55536,3.264704e-05,40,4
23391,55537,3.27527e-05,40,4
23392,55540,3.277004e-05,40,4
23393,55541,3.273827e-05,40,4
23394,55542,3.269568e-05,40,4
23395,55543,3.288074e-05,40,4
23396,55544,3.287703e-05,40,5
23397,55545,3.281099e-05,40,5
23398,55546,3.281574e-05,40,5
23399,55547,3.295894e-05,40,5
23400,55550,3.300262e-05,40,5
23401,55551,3.29977e-05,40,5
23402,55552,3.29053e-05,40,5
23403,55553,3.302952e-05,40,6
23404,55554,3.310526e-05,40,6
23405,55555,3.306899e-05,40,6
23406,55556,3.30133e-05,40,6
23407,55557,3.313363e-05,40,6
23408,55560,3.319702e-05,40,6
23409,55561,3.316276e-05,40,6
23410,55562,3.305921e-05,40,6
23411,55563,3.325478e-05,40,7
23412,55564,3.326653e-05,40,7
23413,55565,3.323405e-05,40,7
23414,55566,3.317798e-05,40,7
23415,55567,3.317869e-05,40,7
23416,55570,3.334975e-05,40,7
23417,55571,3.332725e-05,40,7
23418,55572,3.322226e-05,40,7
23419,55573,3.326936e-05,40,8
23420,55574,3.3373e-05,40,8
23421,55575,3.337945e-05,40,8
23422,55576,3.332897e-05,40,8
23423,55577,3.326228e-05,40,8
23424,55600,3.347047e-05,40,8
23425,55601,3.34284e-05,40,8
23426,55602,3.329639e-05,40,9
23427,55603,3.338975e-05,40,9
23428,55604,3.343765e-05,40,9
23429,55605,3.344875e-05,40,9
23430,55606,3.337561e-05,40,9
23431,55607,3.329656e-05,40,9
23432,55610,3.353151e-05,40,9
23433,55611,3.347105e-05,40,9
23434,55612,3.336495e-05,40,10
23435,55613,3.341004e-05,40,10
23436,55614,3.347708e-05,40,10
23437,55615,3.349798e-05,40,10
23438,55616,3.346651e-05,40,10
23439,55617,3.331579e-05,40,10
23440,55620,3.350233e-05,40,10
23441,55621,3.356211e-05,40,10
23442,55622,3.34103e-05,40,11
23443,55623,3.33983e-05,40,11
23444,55624,3.342954e-05,40,11
23445,55625,3.34854e-05,40,11
23446,55626,3.34965e-05,40,11
23447,55627,3.337622e-05,40,11
23448,55630,3.32962e-05,40,11
23449,55631,3.350022e-05,40,12
23450,55632,3.343256e-05,40,12
23451,55633,3.334935e-05,40,12
23452,55634,3.329214e-05,40,12
23453,55635,3.340018e-05,40,12
23454,55636,3.340995e-05,40,12
23455,55637,3.327337e-05,40,12
23456,55640,3.315954e-05,40,12
23457,55641,3.33266e-05,40,13
23458,55642,3.329809e-05,40,13
23459,55643,3.32421e-05,40,13
23460,55644,3.313103e-05,40,13
23461,55645,3.324761e-05,40,13
23462,55646,3.325882e-05,40,13
23463,55647,3.311767e-05,40,13
23464,55650,3.310275e-05,40,13
23465,55651,3.324969e-05,40,14
23466,55652,3.319482e-05,40,14
23467,55653,3.313351e-05,40,14
23468,55654,3.312227e-05,40,14
23469,55655,3.322334e-05,40,14
23470,55656,3.319919e-05,40,14
23471,55657,3.308024e-05,40,14
23472,55660,3.312672e-05,40,15
23473,55661,3.324826e-05,40,15
23474,55662,3.315887e-05,40,15
23475,55663,3.308732e-05,40,15
23476,55664,3.31262e-05,40,15
23477,55665,3.318862e-05,40,15
23478,55666,3.314189e-05,40,15
23479,55667,3.305417e-05,40,15
23480,55670,3.306603e-05,40,16
23481,55671,3.319011e-05,40,16
23482,55672,3.31187e-05,40,16
23483,55673,3.30268e-05,40,16
23484,55674,3.310075e-05,40,16
23485,55675,3.314751e-05,40,16
23486,55676,3.308567e-05,40,16
23487,55677,3.297861e-05,40,16
23488,55700,3.305083e-05,40,17
23489,55701,3.314119e-05,40,17
23490,55702,3.305815e-05,40,17
23491,55703,3.297524e-05,40,17
23492,55704,3.302686e-05,40,17
23493,55705,3.310234e-05,40,17
23494,55706,3.305803e-05,40,17
23495,55707,3.294745e-05,40,18
23496,55710,3.296362e-05,40,18
23497,55711,3.309487e-05,40,18
23498,55712,3.303611e-05,40,18
23499,55713,3.296072e-05,40,18
23500,55714,3.29098e-05,40,18
23501,55715,3.303066e-05,40,18
23502,55716,3.306179e-05,40,18
23503,55717,3.297384e-05,40,19
23504,55720,3.288305e-05,40,19
23505,55721,3.302197e-05,40,19
23506,55722,3.305631e-05,40,19
23507,55723,3.299995e-05,40,19
23508,55724,3.291777e-05,40,19
23509,55725,3.29142e-05,40,19
23510,55726,3.306588e-05,40,19
23511,55727,3.301269e-05,40,20
23512,55730,3.290574e-05,40,20
23513,55731,3.293384e-05,40,20
23514,55732,3.305312e-05,40,20
23515,55733,3.29977e-05,40,20
23516,55734,3.292628e-05,40,20
23517,55735,3.288299e-05,40,20
23518,55736,3.30516e-05,40,21
23519,55737,3.300721e-05,40,21
23520,55740,3.290226e-05,40,21
23521,55741,3.290662e-05,40,21
23522,55742,3.304129e-05,40,21
23523,55743,3.299697e-05,40,21
23524,55744,3.294052e-05,40,21
23525,55745,3.289271e-05,40,21
23526,55746,3.305271e-05,40,22
23527,55747,3.300171e-05,40,22
23528,55750,3.290357e-05,40,22
23529,55751,3.290682e-05,40,22
23530,55752,3.30579e-05,40,22
23531,55753,3.300056e-05,40,22
23532,55754,3.293141e-05,40,22
23533,55755,3.291408e-05,40,22
23534,55756,3.304896e-05,40,23
23535,55757,3.303529e-05,40,23
23536,55760,3.293736e-05,40,23
23537,55761,3.290222e-05,40,23
23538,55762,3.308277e-05,40,23
23539,55763,3.302876e-05,40,23
23540,55764,3.295843e-05,40,23
23541,55765,3.292319e-05,40,24
23542,55766,3.308076e-05,40,24
23543,55767,3.304017e-05,40,24
23544,55770,3.29613e-05,40,24
23545,55771,3.293159e-05,40,24
23546,55772,3.308758e-05,40,24
23547,55773,3.304776e-05,40,24
23548,55774,3.297998e-05,40,24
23549,55775,3.292058e-05,40,25
23550,55776,3.309285e-05,40,25
23551,55777,3.307499e-05,40,25
23552,56000,3.297882e-05,40,25
23553,56001,3.297273e-05,40,25
23554,56002,3.311475e-05,40,25
23555,56003,3.305455e-05,40,25
23556,56004,3.299667e-05,40,25
23557,56005,3.297586e-05,40,26
23558,56006,3.311925e-05,40,26
23559,56007,3.310909e-05,40,26
23560,56010,3.302671e-05,40,26
23561,56011,3.295469e-05,40,26
23562,56012,3.311826e-05,40,26
23563,56013,3.311484e-05,40,26
23564,56014,3.307174e-05,40,27
23565,56015,3.298462e-05,40,27
23566,56016,3.312376e-05,40,27
23567,56017,3.317778e-05,40,27
23568,56020,3.309478e-05,40,27
23569,56021,3.301017e-05,40,27
23570,56022,3.314833e-05,40,27
23571,56023,3.315899e-05,40,27
23572,56024,3.312968e-05,40,28
23573,56025,3.302771e-05,40,28
23574,56026,3.314605e-05,40,28
23575,56027,3.322319e-05,40,28
23576,56030,3.31577e-05,40,28
23577,56031,3.307476e-05,40,28
23578,56032,3.318103e-05,40,28
23579,56033,3.323499e-05,40,28
23580,56034,3.320606e-05,40,29
23581,56035,3.310202e-05,40,29
23582,56036,3.316505e-05,40,29
23583,56037,3.331017e-05,40,29
23584,56040,3.323909e-05,40,29
23585,56041,3.316537e-05,40,29
23586,56042,3.326831e-05,40,29
23587,56043,3.33038e-05,40,30
23588,56044,3.329779e-05,40,30
23589,56045,3.321698e-05,40,30
23590,56046,3.323443e-05,40,30
23591,56047,3.340105e-05,40,30
23592,56050,3.334431e-05,40,30
23593,56051,3.32169e-05,40,30
23594,56052,3.336729e-05,40,30
23595,56053,3.341206e-05,40,31
23596,56054,3.341019e-05,40,31
23597,56055,3.334996e-05,40,31
23598,56056,3.341525e-05,40,31
23599,56057,3.356234e-05,40,31
23600,56060,3.350123e-05,40,31
23601,56061,3.342473e-05,40,31
23602,56062,3.354012e-05,40,31
23603,56063,3.359501e-05,40,32
23604,56064,3.365246e-05,40,32
23605,56065,3.356851e-05,40,32
23606,56066,3.35732e-05,40,32
23607,56067,3.37838e-05,40,32
23608,56070,3.376634e-05,40,32
23609,56071,3.366045e-05,40,32
23610,56072,3.382554e-05,40,33
23611,56073,3.384642e-05,40,33
23612,56074,3.390158e-05,40,33
23613,56075,3.385406e-05,40,33
23614,56076,3.38925e-05,40,33
23615,56077,3.406444e-05,40,33
23616,56100,3.402858e-05,40,33
23617,56101,3.392775e-05,40,33
23618,56102,3.406274e-05,40,34
23619,56103,3.409246e-05,40,34
23620,56104,3.412212e-05,40,34
23621,56105,3.407797e-05,40,34
23622,56106,3.415485e-05,40,34
23623,56107,3.43174e-05,40,34
23624,56110,3.429111e-05,40,34
23625,56111,3.417573e-05,40,34
23626,56112,3.442561e-05,40,35
23627,56113,3.444453e-05,40,35
23628,56114,3.446745e-05,40,35
23629,56115,3.443495e-05,40,35
23630,56116,3.461732e-05,40,35
23631,56117,3.474046e-05,40,35
23632,56120,3.469113e-05,40,35
23633,56121,3.46107e-05,40,36
23634,56122,3.4822e-05,40,36
23635,56123,3.477158e-05,40,36
23636,56124,3.484457e-05,40,36
23637,56125,3.474011e-05,40,36
23638,56126,3.492042e-05,40,36
23639,56127,3.506646e-05,40,36
23640,56130,3.494262e-05,40,36
23641,56131,3.488275e-05,40,37
23642,56132,3.522181e-05,40,37
23643,56133,3.506064e-05,40,37
23644,56134,3.50809e-05,40,37
23645,56135,3.515865e-05,40,37
23646,56136,3.528914e-05,40,37
23647,56137,3.537472e-05,40,37
23648,56140,3.547265e-05,40,37
23649,56141,3.534931e-05,40,38
23650,56142,3.564826e-05,40,38
23651,56143,3.565655e-05,40,38
23652,56144,3.572526e-05,40,38
23653,56145,3.571967e-05,40,38
23654,56146,3.608762e-05,40,38
23655,56147,3.624063e-05,40,38
23656,56150,3.635142e-05,40,39
23657,56151,3.643319e-05,40,39
23658,56152,3.681083e-05,40,39
23659,56153,3.656084e-05,40,39
23660,56154,3.701343e-05,40,39
23661,56155,3.682582e-05,40,39
23662,56156,3.708138e-05,40,39
23663,56157,3.763955e-05,40,39
23664,56160,3.76306e-05,40,40
23665,56161,3.751097e-05,40,40
23666,56162,3.852537e-05,40,40
23667,56163,3.822112e-05,40,40
23668,56164,3.898877e-05,40,40
23669,56165,3.910965e-05,40,40
23670,56166,4.008394e-05,40,40
23671,56167,4.144736e-05,40,40
23672,56170,4.177372e-05,40,41
23673,56171,4.225437e-05,40,41
23674,56172,4.37641e-05,40,41
23675,56173,4.260065e-05,40,41
23676,56174,4.39955e-05,40,41
23677,56175,4.399995e-05,40,41
23678,56176,4.432265e-05,40,41
23679,56177,4.54041e-05,40,42
23680,56200,4.504792e-05,40,42
23681,56201,4.481491e-05,40,42
23682,56202,4.592194e-05,40,42
23683,56203,4.452206e-05,40,42
23684,56204,4.625469e-05,40,42
23685,56205,4.592745e-05,40,42
23686,56206,4.477322e-05,40,42
23687,56207,4.635558e-05,40,43
23688,56210,4.6679e-05,40,43
23689,56211,4.506715e-05,40,43
23690,56212,4.694251e-05,40,43
23691,56213,4.690108e-05,40,43
23692,56214,4.745483e-05,40,43
23693,56215,4.893501e-05,40,43
23694,56216,4.968677e-05,40,43
23695,56217,5.108236e-05,40,44
23696,56220,5.287302e-05,40,44
23697,56221,5.329281e-05,40,44
23698,56222,5.518789e-05,40,44
23699,56223,5.621144e-05,40,44
23700,56224,5.991333e-05,40,44
23701,56225,6.387758e-05,40,44
23702,56226,7.442073e-05,40,45
23703,56227,0.0006131952,40,45
23704,56230,0.0006136192,40,45
23705,56231,0.0006134476,40,45
23706,56232,0.0006132871,40,45
23707,56233,0.0006129199,40,45
23708,56234,0.0006130305,40,45
23709,56235,0.0006126688,40,45
23710,56236,0.0006128431,40,46
23711,56237,0.0006130891,40,46
23712,56240,0.000612377,40,46
23713,56241,0.0006124162,40,46
23714,56242,0.0006123056,40,46
23715,56243,0.0006123436,40,46
23716,56244,0.0006122581,40,46
23717,56245,0.0006127642,40,46
23718,56246,0.0006126281,40,47
23719,56247,0.0006136782,40,47
23720,56250,0.00061317,40,47
23721,56251,0.0006124877,40,47
23722,56252,0.00061262,40,47
23723,56253,0.0006138601,40,47
23724,56254,0.000613375,40,47
23725,56255,0.0006127949,40,48
23726,56256,0.0006130295,40,48
23727,56257,0.0006127887,40,48
23728,56260,0.0006125721,40,48
23729,56261,0.0006121089,40,48
23730,56262,0.0006122715,40,48
23731,56263,0.0006124941,40,48
23732,56264,0.0006124011,40,48
23733,56265,0.0006125457,40,49
23734,56266,0.0006128982,40,49
23735,56267,0.0006122066,40,49
23736,56270,0.0006128613,40,49
23737,56271,0.0006125492,40,49
23738,56272,0.0006119653,40,49
23739,56273,0.0006123513,40,49
23740,56274,0.000611949,-1,-1
23741,56275,0.0006121722,-1,-1
23742,56276,0.0006120919,-1,-1
23743,56277,0.0006119778,-1,-1
23744,56300,0.0006121434,-1,-1
23745,56301,0.0006120244,-1,-1
23746,56302,0.000612,-1,-1
23747,56303,0.0006121304,-1,-1
23748,56304,0.0006121286,-1,-1
23749,56305,0.0006125527,-1,-1
23750,56306,0.0006125901,-1,-1
23751,56307,0.0006125779,-1,-1
23752,56310,0.0006124215,-1,-1
23753,56311,0.0006122377,-1,-1
23754,56312,0.0006126032,-1,-1
23755,56313,0.0006116133,-1,-1
23756,56314,0.0006118856,-1,-1
23757,56315,0.0006115701,-1,-1
23758,56316,0.000611768,-1,-1
23759,56317,0.0006127472,-1,-1
23760,56320,0.000612385,-1,-1
23761,56321,0.0006120263,-1,-1
23762,56322,0.0006124842,-1,-1
23763,56323,0.0006122653,-1,-1
23764,56324,0.0006126342,-1,-1
23765,56325,0.0006126373,-1,-1
23766,56326,0.0006119331,-1,-1
23767,56327,0.0006120268,-1,-1
23768,56330,0.0006124778,-1,-1
23769,56331,0.0006119577,-1,-1
23770,56332,0.0006124685,-1,-1
23771,56333,0.0006116421,-1,-1
23772,56334,0.0006117837,-1,-1
23773,56335,0.0006121615,-1,-1
23774,56336,0.0006121527,-1,-1
23775,56337,0.0006124326,-1,-1
23776,56340,0.0006126213,-1,-1
23777,56341,0.0006121767,-1,-1
23778,56342,0.00061178,-1,-1
23779,56343,0.0006117176,-1,-1
23780,56344,0.0006122575,-1,-1
23781,56345,0.0006124825,-1,-1
23782,56346,0.0006119121,-1,-1
23783,56347,0.0006118811,-1,-1
23784,56350,0.0006123086,-1,-1
23785,56351,0.0006122693,-1,-1
23786,56352,0.000612243,-1,-1
23787,56353,0.0006122013,-1,-1
23788,56354,0.0006121382,-1,-1
23789,56355,0.0006121112,-1,-1
23790,56356,0.0006114675,-1,-1
23791,56357,0.0006109394,-1,-1
23792,56360,0.0006110366,-1,-1
23793,56361,0.0006128514,-1,-1
23794,56362,0.0006121926,-1,-1
23795,56363,0.0006124959,-1,-1
23796,56364,0.0006121211,-1,-1
23797,56365,0.000611946,-1,-1
23798,56366,0.0006123144,-1,-1
23799,56367,0.0006116392,-1,-1
23800,56370,0.0006106254,-1,-1
23801,56371,0.0006116128,-1,-1
23802,56372,0.0006104808,-1,-1
23803,56373,0.0006109716,-1,-1
23804,56374,0.0006117201,-1,-1
23805,56375,0.0006133165,-1,-1
23806,56376,0.0006118353,-1,-1
23807,56377,0.0006129082,-1,-1
23808,56400,0.0006118108,-1,-1
23809,56401,0.0006120281,-1,-1
23810,56402,0.0006113228,-1,-1
23811,56403,0.0006112958,-1,-1
23812,56404,0.0006119033,-1,-1
23813,56405,0.0006114832,-1,-1
23814,56406,0.0006115015,-1,-1
23815,56407,0.0006117744,-1,-1
23816,56410,0.0006115818,-1,-1
23817,56411,0.0006116545,-1,-1
23818,56412,0.0006116023,-1,-1
23819,56413,0.0006120219,-1,-1
23820,56414,0.0006120378,-1,-1
23821,56415,0.0006122428,-1,-1
23822,56416,0.0006118623,-1,-1
23823,56417,0.0006120169,-1,-1
23824,56420,0.0006119699,-1,-1
23825,56421,0.0006121621,-1,-1
23826,56422,0.000612404,-1,-1
23827,56423,0.0006116895,-1,-1
23828,56424,0.0006115846,-1,-1
23829,56425,0.0006123266,-1,-1
23830,56426,0.0006119431,-1,-1
23831,56427,0.0006122073,-1,-1
23832,56430,0.0006125685,-1,-1
23833,56431,0.000612514,-1,-1
23834,56432,0.0006127278,-1,-1
23835,56433,0.000611612,-1,-1
23836,56434,0.0006118891,-1,-1
23837,56435,0.0006119471,-1,-1
23838,56436,0.0006122423,-1,-1
23839,56437,0.0006120199,-1,-1
23840,56440,0.0006117381,-1,-1
23841,56441,0.0006121311,-1,-1
23842,56442,0.0006119342,-1,-1
23843,56443,0.0006118663,-1,-1
23844,56444,0.0006119594,-1,-1
23845,56445,0.0006120366,-1,-1
23846,56446,0.0006116157,-1,-1
23847,56447,0.0006120438,-1,-1
23848,56450,0.0006118822,-1,-1
23849,56451,0.0006121305,-1,-1
23850,56452,0.0006125398,-1,-1
23851,56453,0.0006116186,-1,-1
23852,56454,0.0006109118,-1,-1
23853,56455,0.0006112602,-1,-1
23854,56456,0.0006111122,-1,-1
23855,56457,0.000611587,-1,-1
23856,56460,0.0006114254,-1,-1
23857,56461,0.0006107379,-1,-1
23858,56462,0.000610222,-1,-1
23859,56463,0.0006101715,-1,-1
23860,56464,0.0006110604,-1,-1
23861,56465,0.0006116703,-1,-1
23862,56466,0.0006112363,-1,-1
23863,56467,0.0006115633,-1,-1
23864,56470,0.000612147,-1,-1
23865,56471,0.0006124218,-1,-1
23866,56472,0.0006127498,-1,-1
23867,56473,0.0006126876,-1,-1
23868,56474,0.0006129893,-1,-1
23869,56475,0.0006125874,-1,-1
23870,56476,0.0006123297,-1,-1
23871,56477,0.0006124744,-1,-1
23872,56500,0.000612169,-1,-1
23873,56501,0.0006124179,-1,-1
23874,56502,0.0006121755,-1,-1
23875,56503,0.0006120445,-1,-1
23876,56504,0.0006113879,-1,-1
23877,56505,0.0006119273,-1,-1
23878,56506,0.0006117211,-1,-1
23879,56507,0.0006119951,-1,-1
23880,56510,0.0006119602,-1,-1
23881,56511,0.000611858,-1,-1
23882,56512,0.0006121082,-1,-1
23883,56513,0.0006115974,-1,-1
23884,56514,0.0006117023,-1,-1
23885,56515,0.0006118442,-1,-1
23886,56516,0.0006118867,-1,-1
23887,56517,0.0006117855,-1,-1
23888,56520,0.0006115093,-1,-1
23889,56521,0.0006115466,-1,-1
23890,56522,0.0006113329,-1,-1
23891,56523,0.0006115964,-1,-1
23892,56524,0.0006119378,-1,-1
23893,56525,0.0006114294,-1,-1
23894,56526,0.0006118753,-1,-1
23895,56527,0.0006118038,-1,-1
23896,56530,0.0006117293,-1,-1
23897,56531,0.0006119937,-1,-1
23898,56532,0.0006116829,-1,-1
23899,56533,0.0006119292,-1,-1
23900,56534,0.0006121816,-1,-1
23901,56535,0.0006119983,-1,-1
23902,56536,0.0006121082,-1,-1
23903,56537,0.0006106383,-1,-1
23904,56540,0.000611341,-1,-1
23905,56541,0.0006113903,-1,-1
23906,56542,0.0006122752,-1,-1
23907,56543,0.0006113369,-1,-1
23908,56544,0.0006110961,-1,-1
23909,56545,0.0006106921,-1,-1
23910,56546,0.0006113171,-1,-1
23911,56547,0.000610824,-1,-1
23912,56550,0.0006107272,-1,-1
23913,56551,0.0006113761,-1,-1
23914,56552,0.000612076,-1,-1
23915,56553,0.0006115731,-1,-1
23916,56554,0.0006118254,-1,-1
23917,56555,0.0006117948,-1,-1
23918,56556,0.0006116686,-1,-1
23919,56557,0.00061154,-1,-1
23920,56560,0.0006113423,-1,-1
23921,56561,0.000610962,-1,-1
23922,56562,0.0006105809,-1,-1
23923,56563,0.0006109651,-1,-1
23924,56564,0.0006107051,-1,-1
23925,56565,0.0006109282,-1,-1
23926,56566,0.0006112981,-1,-1
23927,56567,0.0006115354,-1,-1
23928,56570,0.0006117491,-1,-1
23929,56571,0.000611905,-1,-1
23930,56572,0.0006120678,-1,-1
23931,56573,0.0006116861,-1,-1
23932,56574,0.0006117716,-1,-1
23933,56575,0.0006120445,-1,-1
23934,56576,0.0006114846,-1,-1
23935,56577,0.0006108964,-1,-1
23936,56600,0.000612076,-1,-1
23937,56601,0.0006119905,-1,-1
23938,56602,0.0006118077,-1,-1
23939,56603,0.0006124959,-1,-1
23940,56604,0.0006120673,-1,-1
23941,56605,0.0006116971,-1,-1
23942,56606,0.0006119195,-1,-1
23943,56607,0.0006116439,-1,-1
23944,56610,0.0006117861,-1,-1
23945,56611,0.0006115964,-1,-1
23946,56612,0.000611569,-1,-1
23947,56613,0.0006113915,-1,-1
23948,56614,0.0006109854,-1,-1
23949,56615,0.000610972,-1,-1
23950,56616,0.0006121768,-1,-1
23951,56617,0.0006114692,-1,-1
23952,56620,0.0006116427,-1,-1
23953,56621,0.000611871,-1,-1
23954,56622,0.0006118601,-1,-1
23955,56623,0.0006119102,-1,-1
23956,56624,0.000612483,-1,-1
23957,56625,0.0006121785,-1,-1
23958,56626,0.0006117286,-1,-1
23959,56627,0.0006120542,-1,-1
23960,56630,0.0006124975,-1,-1
23961,56631,0.0006122909,-1,-1
23962,56632,0.0006119917,-1,-1
23963,56633,0.0006114247,-1,-1
23964,56634,0.0006126699,41,49
23965,56635,0.0006122475,41,49
23966,56636,0.0006121129,41,49
23967,56637,0.0006126509,41,49
23968,56640,0.0006124813,41,49
23969,56641,0.0006122259,41,49
23970,56642,0.0006114437,41,49
23971,56643,0.0006115243,41,49
23972,56644,0.0006117017,41,48
23973,56645,0.0006116203,41,48
23974,56646,0.0006118188,41,48
23975,56647,0.0006111584,41,48
23976,56650,0.0006087822,41,48
23977,56651,0.0006048872,41,48
23978,56652,0.000599257,41,48
23979,56653,0.0005919745,41,47
23980,56654,0.0005830008,41,47
23981,56655,0.0005694555,41,47
23982,56656,0.0005524395,41,47
23983,56657,0.0005365147,41,47
23984,56660,0.0005141337,41,47
23985,56661,0.0004871674,41,47
23986,56662,0.0004538386,41,47
23987,56663,0.000435541,41,46
23988,56664,0.0004276755,41,46
23989,56665,0.0004196403,41,46
23990,56666,0.0004258363,41,46
23991,56667,0.0004220062,41,46
23992,56670,0.0004183541,41,46
23993,56671,0.0004225481,41,46
23994,56672,0.0004033007,41,45
23995,56673,0.0004036855,41,45
23996,56674,0.0004089018,41,45
23997,56675,0.0003798851,41,45
23998,56676,0.0003775926,41,45
23999,56677,0.0003696305,41,45
24000,56700,0.0003492482,41,45
24001,56701,0.0003472026,41,45
24002,56702,0.0003350483,41,44
24003,56703,0.0003318577,41,44
24004,56704,0.0003413526,41,44
24005,56705,0.0003301825,41,44
24006,56706,0.0003424206,41,44
24007,56707,0.0003425304,41,44
24008,56710,0.0003404031,41,44
24009,56711,0.0003449373,41,43
24010,56712,0.0003324866,41,43
24011,56713,0.0003339897,41,43
24012,56714,0.0003380362,41,43
24013,56715,0.0003172049,41,43
24014,56716,0.0003222869,41,43
24015,56717,0.0003121781,41,43
24016,56720,0.0003071015,41,43
24017,56721,0.0003076947,41,42
24018,56722,0.0002873569,41,42
24019,56723,0.0002844609,41,42
24020,56724,0.0002858668,41,42
24021,56725,0.00026605,41,42
24022,56726,0.0002728447,41,42
24023,56727,0.0002665341,41,42
24024,56730,0.0002583417,41,41
24025,56731,0.0002570465,41,41
24026,56732,0.0002392772,41,41
24027,56733,0.0002337556,41,41
24028,56734,0.0002417923,41,41
24029,56735,0.0002282933,41,41
24030,56736,0.0002408161,41,41
24031,56737,0.0002418288,41,40
24032,56740,0.0002318878,41,40
24033,56741,0.0002376735,41,40
24034,56742,0.0002290139,41,40
24035,56743,0.0002198238,41,40
24036,56744,0.0002296032,41,40
24037,56745,0.0002159908,41,40
24038,56746,0.0002119043,41,40
24039,56747,0.0002109525,41,39
24040,56750,0.0002036482,41,39
24041,56751,0.0001996336,41,39
24042,56752,0.0001903766,41,39
24043,56753,0.0001814097,41,39
24044,56754,0.0001831712,41,39
24045,56755,0.0001712698,41,39
24046,56756,0.0001672537,41,38
24047,56757,0.0001638746,41,38
24048,56760,0.000159508,41,38
24049,56761,0.0001627086,41,38
24050,56762,0.0001595582,41,38
24051,56763,0.0001525214,41,38
24052,56764,0.0001603557,41,38
24053,56765,0.0001516068,41,38
24054,56766,0.0001473731,41,37
24055,56767,0.000149602,41,37
24056,56770,0.0001438933,41,37
24057,56771,0.0001473528,41,37
24058,56772,0.0001448577,41,37
24059,56773,0.0001359841,41,37
24060,56774,0.0001433283,41,37
24061,56775,0.0001350688,41,36
24062,56776,0.0001327128,41,36
24063,56777,0.0001323937,41,36
24064,57000,0.0001245496,41,36
24065,57001,0.0001294446,41,36
24066,57002,0.0001249068,41,36
24067,57003,0.0001195354,41,36
24068,57004,0.0001259796,41,36
24069,57005,0.0001154301,41,35
24070,57006,0.0001144718,41,35
24071,57007,0.0001177018,41,35
24072,57010,0.000109641,41,35
24073,57011,0.0001118197,41,35
24074,57012,0.0001102194,41,35
24075,57013,0.0001037188,41,35
24076,57014,0.0001089553,41,34
24077,57015,0.0001067772,41,34
24078,57016,0.0001011455,41,34
24079,57017,0.0001042315,41,34
24080,57020,0.0001020814,41,34
24081,57021,0.0001014521,41,34
24082,57022,0.0001031322,41,34
24083,57023,8.128071e-05,41,34
24084,57024,8.834628e-05,41,33
24085,57025,8.472045e-05,41,33
24086,57026,8.171561e-05,41,33
24087,57027,8.64639e-05,41,33
24088,57030,8.088676e-05,41,33
24089,57031,8.095926e-05,41,33
24090,57032,8.541595e-05,41,33
24091,57033,7.731454e-05,41,32
24092,57034,8.15438e-05,41,32
24093,57035,8.116192e-05,41,32
24094,57036,7.604966e-05,41,32
24095,57037,8.001672e-05,41,32
24096,57040,7.487248e-05,41,32
24097,57041,7.398584e-05,41,32
24098,57042,7.755532e-05,41,31
24099,57043,7.235065e-05,41,31
24100,57044,7.680559e-05,41,31
24101,57045,7.495246e-05,41,31
24102,57046,7.174461e-05,41,31
24103,57047,7.713104e-05,41,31
24104,57050,7.276106e-05,41,31
24105,57051,7.42436e-05,41,31
24106,57052,7.703331e-05,41,30
24107,57053,7.15494e-05,41,30
24108,57054,7.706113e-05,41,30
24109,57055,7.373354e-05,41,30
24110,57056,7.1455e-05,41,30
24111,57057,7.461103e-05,41,30
24112,57060,7.034375e-05,41,30
24113,57061,7.010708e-05,41,29
24114,57062,7.31532e-05,41,29
24115,57063,6.786836e-05,41,29
24116,57064,6.979692e-05,41,29
24117,57065,7.07311e-05,41,29
24118,57066,6.738622e-05,41,29
24119,57067,6.90035e-05,41,29
24120,57070,6.803935e-05,41,29
24121,57071,6.557982e-05,41,28
24122,57072,6.79884e-05,41,28
24123,57073,6.456368e-05,41,28
24124,57074,6.43709e-05,41,28
24125,57075,6.562912e-05,41,28
24126,57076,6.474208e-05,41,28
24127,57077,6.668345e-05,41,28
24128,57100,6.561326e-05,41,27
24129,57101,6.548093e-05,41,27
24130,57102,6.783317e-05,41,27
24131,57103,6.355763e-05,41,27
24132,57104,6.510437e-05,41,27
24133,57105,6.433484e-05,41,27
24134,57106,6.235377e-05,41,27
24135,57107,6.554698e-05,41,27
24136,57110,6.297906e-05,41,26
24137,57111,6.365782e-05,41,26
24138,57112,6.654298e-05,41,26
24139,57113,6.242251e-05,41,26
24140,57114,6.422581e-05,41,26
24141,57115,6.474864e-05,41,26
24142,57116,6.135839e-05,41,26
24143,57117,6.444556e-05,41,25
24144,57120,6.324614e-05,41,25
24145,57121,6.066949e-05,41,25
24146,57122,6.497688e-05,41,25
24147,57123,6.197146e-05,41,25
24148,57124,6.07879e-05,41,25
24149,57125,6.41365e-05,41,25
24150,57126,6.277603e-05,41,24
24151,57127,6.413581e-05,41,24
24152,57130,6.475554e-05,41,24
24153,57131,6.200055e-05,41,24
24154,57132,6.460207e-05,41,24
24155,57133,6.264332e-05,41,24
24156,57134,6.183163e-05,41,24
24157,57135,6.49232e-05,41,24
24158,57136,6.386001e-05,41,23
24159,57137,6.580011e-05,41,23
24160,57140,6.5812e-05,41,23
24161,57141,6.415625e-05,41,23
24162,57142,6.75585e-05,41,23
24163,57143,6.522411e-05,41,23
24164,57144,6.601318e-05,41,23
24165,57145,6.888773e-05,41,22
24166,57146,6.617093e-05,41,22
24167,57147,6.802822e-05,41,22
24168,57150,6.781525e-05,41,22
24169,57151,6.626257e-05,41,22
24170,57152,7.016839e-05,41,22
24171,57153,6.795766e-05,41,22
24172,57154,6.646746e-05,41,22
24173,57155,7.047211e-05,41,21
24174,57156,6.865177e-05,41,21
24175,57157,7.075464e-05,41,21
24176,57160,7.197064e-05,41,21
24177,57161,6.855363e-05,41,21
24178,57162,7.172125e-05,41,21
24179,57163,7.176019e-05,41,21
24180,57164,7.123021e-05,41,20
24181,57165,7.458866e-05,41,20
24182,57166,7.212639e-05,41,20
24183,57167,7.315086e-05,41,20
24184,57170,7.440111e-05,41,20
24185,57171,7.317065e-05,41,20
24186,57172,7.710656e-05,41,20
24187,57173,7.589004e-05,41,20
24188,57174,7.424917e-05,41,19
24189,57175,7.861235e-05,41,19
24190,57176,7.598929e-05,41,19
24191,57177,7.903341e-05,41,19
24192,57200,7.848658e-05,41,19
24193,57201,7.448027e-05,41,19
24194,57202,7.996864e-05,41,19
24195,57203,7.930896e-05,41,18
24196,57204,7.670623e-05,41,18
24197,57205,8.17559e-05,41,18
24198,57206,7.866347e-05,41,18
24199,57207,7.864977e-05,41,18
24200,57210,8.26957e-05,41,18
24201,57211,7.944628e-05,41,18
24202,57212,8.098369e-05,41,18
24203,57213,8.192022e-05,41,17
24204,57214,7.718461e-05,41,17
24205,57215,8.124828e-05,41,17
24206,57216,8.048012e-05,41,17
24207,57217,7.95026e-05,41,17
24208,57220,8.131235e-05,41,17
24209,57221,8.066047e-05,41,17
24210,57222,8.209697e-05,41,16
24211,57223,8.318428e-05,41,16
24212,57224,7.972516e-05,41,16
24213,57225,8.281109e-05,41,16
24214,57226,8.211307e-05,41,16
24215,57227,8.382673e-05,41,16
24216,57230,8.529324e-05,41,16
24217,57231,8.271372e-05,41,15
24218,57232,8.630959e-05,41,15
24219,57233,8.729817e-05,41,15
24220,57234,8.604677e-05,41,15
24221,57235,9.010942e-05,41,15
24222,57236,8.682026e-05,41,15
24223,57237,9.173317e-05,41,15
24224,57240,9.428694e-05,41,15
24225,57241,8.916346e-05,41,14
24226,57242,9.374347e-05,41,14
24227,57243,9.629617e-05,41,14
24228,57244,9.106456e-05,41,14
24229,57245,9.663722e-05,41,14
24230,57246,9.538938e-05,41,14
24231,57247,9.358409e-05,41,14
24232,57250,9.808523e-05,41,13
24233,57251,9.511178e-05,41,13
24234,57252,9.360527e-05,41,13
24235,57253,9.860133e-05,41,13
24236,57254,9.454544e-05,41,13
24237,57255,9.619954e-05,41,13
24238,57256,9.596984e-05,41,13
24239,57257,9.339045e-05,41,13
24240,57260,9.60382e-05,41,12
24241,57261,9.333089e-05,41,12
24242,57262,9.239899e-05,41,12
24243,57263,9.553181e-05,41,12
24244,57264,9.183111e-05,41,12
24245,57265,9.492032e-05,41,12
24246,57266,9.377918e-05,41,12
24247,57267,9.215238e-05,41,11
24248,57270,9.614107e-05,41,11
24249,57271,9.214702e-05,41,11
24250,57272,9.305494e-05,41,11
24251,57273,9.536369e-05,41,11
24252,57274,9.054173e-05,41,11
24253,57275,9.395873e-05,41,11
24254,57276,9.03661e-05,41,11
24255,57277,8.988721e-05,41,10
24256,57300,9.296025e-05,41,10
24257,57301,8.821374e-05,41,10
24258,57302,8.903017e-05,41,10
24259,57303,9.122143e-05,41,10
24260,57304,8.655249e-05,41,10
24261,57305,9.048038e-05,41,10
24262,57306,8.811765e-05,41,9
24263,57307,8.539148e-05,41,9
24264,57310,9.060845e-05,41,9
24265,57311,8.649522e-05,41,9
24266,57312,8.417081e-05,41,9
24267,57313,8.783201e-05,41,9
24268,57314,8.300033e-05,41,9
24269,57315,8.391848e-05,41,9
24270,57316,8.438792e-05,41,8
24271,57317,8.070379e-05,41,8
24272,57320,8.177633e-05,41,8
24273,57321,8.085591e-05,41,8
24274,57322,7.768859e-05,41,8
24275,57323,7.88016e-05,41,8
24276,57324,7.522638e-05,41,8
24277,57325,7.521332e-05,41,7
24278,57326,7.479267e-05,41,7
24279,57327,7.260987e-05,41,7
24280,57330,7.312153e-05,41,7
24281,57331,7.222043e-05,41,7
24282,57332,7.101368e-05,41,7
24283,57333,7.345985e-05,41,7
24284,57334,7.080165e-05,41,6
24285,57335,7.035641e-05,41,6
24286,57336,7.057124e-05,41,6
24287,57337,6.912805e-05,41,6
24288,57340,7.016622e-05,41,6
24289,57341,6.799525e-05,41,6
24290,57342,6.591914e-05,41,6
24291,57343,6.846925e-05,41,6
24292,57344,6.485263e-05,41,5
24293,57345,6.465043e-05,41,5
24294,57346,6.455517e-05,41,5
24295,57347,6.243615e-05,41,5
24296,57350,6.425492e-05,41,5
24297,57351,6.128725e-05,41,5
24298,57352,6.10987e-05,41,5
24299,57353,6.479173e-05,41,4
24300,57354,6.639087e-05,41,4
24301,57355,7.652822e-05,41,4
24302,57356,0.0001747406,41,4
24303,57357,0.0001629458,41,4
24304,57360,0.0001605582,41,4
24305,57361,0.0001726108,41,4
24306,57362,0.000155005,41,4
24307,57363,0.0001712105,41,3
24308,57364,0.000165265,41,3
24309,57365,0.0001559954,41,3
24310,57366,0.0001734786,41,3
24311,57367,0.0001609798,41,3
24312,57370,0.0001630421,41,3
24313,57371,0.0001690272,41,3
24314,57372,0.0001594254,41,2
24315,57373,0.0001702135,41,2
24316,57374,0.0001633916,41,2
24317,57375,0.0001609211,41,2
24318,57376,0.0001720023,41,2
24319,57377,0.0001606321,41,2
24320,57400,0.0001652578,41,2
24321,57401,0.000168114,41,2
24322,57402,0.0001623038,41,1
24323,57403,0.0001683021,41,1
24324,57404,0.0001625527,41,1
24325,57405,0.0001656683,41,1
24326,57406,0.0001684568,41,1
24327,57407,0.0001604459,41,1
24328,57410,0.0001679151,41,1
24329,57411,0.0001654137,41,0
24330,57412,0.0001625054,41,0
24331,57413,0.0001663906,41,0
24332,57414,0.0001629435,41,0
24333,57415,0.0001659767,41,0
24334,57416,0.0001638104,41,0
24335,57417,0.0001625126,41,0
24336,57420,0.0001677194,-1,-1
24337,57421,0.0001626143,-1,-1
24338,57422,0.0001644748,-1,-1
24339,57423,0.0001667431,-1,-1
24340,57424,0.0001633992,-1,-1
24341,57425,0.0001658641,-1,-1
24342,57426,0.0001644761,-1,-1
24343,57427,0.0001653792,-1,-1
24344,57430,0.0001661304,-1,-1
24345,57431,0.0001632997,-1,-1
24346,57432,0.0001671536,-1,-1
24347,57433,0.0001652115,-1,-1
24348,57434,0.0001641123,-1,-1
24349,57435,0.0001669111,-1,-1
24350,57436,0.0001651843,-1,-1
24351,57437,0.0001657755,-1,-1
24352,57440,0.0001654528,-1,-1
24353,57441,0.0001649678,-1,-1
24354,57442,0.000166209,-1,-1
24355,57443,0.0001632459,-1,-1
24356,57444,0.0001651057,-1,-1
24357,57445,0.0001660718,-1,-1
24358,57446,0.0001646498,-1,-1
24359,57447,0.0001666317,-1,-1
24360,57450,0.0001652819,-1,-1
24361,57451,0.000164553,-1,-1
24362,57452,0.0001634419,-1,-1
24363,57453,0.0001618941,-1,-1
24364,57454,0.0001627749,-1,-1
24365,57455,0.0001621889,-1,-1
24366,57456,0.000163649,-1,-1
24367,57457,0.0001651871,-1,-1
24368,57460,0.0001641045,-1,-1
24369,57461,0.000165194,-1,-1
24370,57462,0.0001655683,-1,-1
24371,57463,0.0001658585,-1,-1
24372,57464,0.0001657473,-1,-1
24373,57465,0.0001657638,-1,-1
24374,57466,0.0001666519,-1,-1
24375,57467,0.0001651625,-1,-1
24376,57470,0.0001648754,-1,-1
24377,57471,0.0001657583,-1,-1
24378,57472,0.0001648201,-1,-1
24379,57473,0.0001645054,-1,-1
24380,57474,0.0001645546,-1,-1
24381,57475,0.0001648995,-1,-1
24382,57476,0.0001644874,-1,-1
24383,57477,0.0001639887,-1,-1
24384,57500,0.0001654546,-1,-1
24385,57501,0.0001650207,-1,-1
24386,57502,0.0001645217,-1,-1
24387,57503,0.000165116,-1,-1
24388,57504,0.00016489,-1,-1
24389,57505,0.0001647086,-1,-1
24390,57506,0.0001645243,-1,-1
24391,57507,0.0001649781,-1,-1
24392,57510,0.0001650964,-1,-1
24393,57511,0.0001645266,-1,-1
24394,57512,0.000165426,-1,-1
24395,57513,0.000165523,-1,-1
24396,57514,0.0001649961,-1,-1
24397,57515,0.0001654898,-1,-1
24398,57516,0.0001655182,-1,-1
24399,57517,0.0001655092,-1,-1
24400,57520,0.0001651336,-1,-1
24401,57521,0.0001655055,-1,-1
24402,57522,0.0001650269,-1,-1
24403,57523,0.0001633631,-1,-1
24404,57524,0.0001629996,-1,-1
24405,57525,0.0001622466,-1,-1
24406,57526,0.000161186,-1,-1
24407,57527,0.0001785407,-1,-1
24408,57530,0.0002502886,-1,-1
24409,57531,0.0003266662,-1,-1
24410,57532,0.0004112253,-1,-1
24411,57533,0.0004890955,-1,-1
24412,57534,0.0005275698,-1,-1
24413,57535,0.0005430498,-1,-1
24414,57536,0.0005543368,-1,-1
24415,57537,0.000560149,-1,-1
24416,57540,0.0005598498,-1,-1
24417,57541,0.0005590094,-1,-1
24418,57542,0.0005587412,-1,-1
24419,57543,0.0005585015,-1,-1
24420,57544,0.000558442,-1,-1
24421,57545,0.0005573752,-1,-1
24422,57546,0.0005581595,-1,-1
24423,57547,0.0005580302,-1,-1
24424,57550,0.0005578436,-1,-1
24425,57551,0.0005576799,-1,-1
24426,57552,0.0005577748,-1,-1
24427,57553,0.00055743,-1,-1
24428,57554,0.0005577732,-1,-1
24429,57555,0.000557897,-1,-1
24430,57556,0.000557197,-1,-1
24431,57557,0.0005568572,-1,-1
24432,57560,0.0005569693,-1,-1
24433,57561,0.0005572735,-1,-1
24434,57562,0.0005568161,-1,-1
24435,57563,0.0005573233,-1,-1
24436,57564,0.0005568505,-1,-1
24437,57565,0.0005567892,-1,-1
24438,57566,0.0005566281,-1,-1
24439,57567,0.0005564705,-1,-1
24440,57570,0.0005571588,-1,-1
24441,57571,0.0005567244,-1,-1
24442,57572,0.0005569839,-1,-1
24443,57573,0.0005569189,-1,-1
24444,57574,0.0005566904,-1,-1
24445,57575,0.0005564713,-1,-1
24446,57576,0.0005568969,-1,-1
24447,57577,0.0005573423,-1,-1
24448,57600,0.0005573027,-1,-1
24449,57601,0.0005574412,-1,-1
24450,57602,0.000557112,-1,-1
24451,57603,0.0005568403,-1,-1
24452,57604,0.0005562814,-1,-1
24453,57605,0.0005568527,-1,-1
24454,57606,0.0005565111,-1,-1
24455,57607,0.0005566424,-1,-1
24456,57610,0.0005567957,-1,-1
24457,57611,0.0005569515,-1,-1
24458,57612,0.0005569539,-1,-1
24459,57613,0.0005565439,-1,-1
24460,57614,0.0005562734,-1,-1
24461,57615,0.0005570828,-1,-1
24462,57616,0.0005565281,-1,-1
24463,57617,0.0005569704,-1,-1
24464,57620,0.0005569,-1,-1
24465,57621,0.000556503,-1,-1
24466,57622,0.0005567612,-1,-1
24467,57623,0.0005568518,-1,-1
24468,57624,0.0005569488,-1,-1
24469,57625,0.0005563348,-1,-1
24470,57626,0.0005567131,-1,-1
24471,57627,0.0005565666,-1,-1
24472,57630,0.0005565711,-1,-1
24473,57631,0.0005562943,-1,-1
24474,57632,0.0005565429,-1,-1
24475,57633,0.0005567342,-1,-1
24476,57634,0.0005565146,-1,-1
24477,57635,0.0005567131,-1,-1
24478,57636,0.000557079,-1,-1
24479,57637,0.0005566748,-1,-1
24480,57640,0.000556603,-1,-1
24481,57641,0.0005566715,-1,-1
24482,57642,0.0005564075,-1,-1
24483,57643,0.0005570446,-1,-1
24484,57644,0.0005564972,-1,-1
24485,57645,0.0005565265,-1,-1
24486,57646,0.0005565354,-1,-1
24487,57647,0.0005568728,-1,-1
24488,57650,0.0005567314,-1,-1
24489,57651,0.0005562383,-1,-1
24490,57652,0.0005566726,-1,-1
24491,57653,0.0005564246,-1,-1
24492,57654,0.0005562353,-1,-1
24493,57655,0.0005563991,-1,-1
24494,57656,0.0005567001,-1,-1
24495,57657,0.0005569218,-1,-1
24496,57660,0.0005564373,-1,-1
24497,57661,0.0005562897,-1,-1
24498,57662,0.00055633,-1,-1
24499,57663,0.0005562164,-1,-1
24500,57664,0.0005562037,-1,-1
24501,57665,0.0005553687,-1,-1
24502,57666,0.0005554088,-1,-1
24503,57667,0.000555783,-1,-1
24504,57670,0.0005560177,-1,-1
24505,57671,0.0005561135,-1,-1
24506,57672,0.0005564219,-1,-1
24507,57673,0.0005562918,-1,-1
24508,57674,0.0005565889,-1,-1
24509,57675,0.0005567484,-1,-1
24510,57676,0.000556305,-1,-1
24511,57677,0.0005565726,-1,-1
24512,57700,0.0005558234,-1,-1
24513,57701,0.000557819,-1,-1
24514,57702,0.0005609606,-1,-1
24515,57703,0.0005605068,-1,-1
24516,57704,0.0005616535,-1,-1
24517,57705,0.0005616818,-1,-1
24518,57706,0.0005615969,-1,-1
24519,57707,0.0005621627,-1,-1
24520,57710,0.0005614447,-1,-1
24521,57711,0.0005621836,-1,-1
24522,57712,0.0005622799,-1,-1
24523,57713,0.000563058,-1,-1
24524,57714,0.0005632495,-1,-1
24525,57715,0.0005633461,-1,-1
24526,57716,0.0005646158,-1,-1
24527,57717,0.0005638533,-1,-1
24528,57720,0.0005639534,-1,-1
24529,57721,0.0005633234,-1,-1
24530,57722,0.0005621689,-1,-1
24531,57723,0.0005604387,-1,-1
24532,57724,0.0005587108,-1,-1
24533,57725,0.0005577393,-1,-1
24534,57726,0.0005574248,-1,-1
24535,57727,0.0005580382,-1,-1
24536,57730,0.000557542,-1,-1
24537,57731,0.0005593478,-1,-1
24538,57732,0.0005588338,-1,-1
24539,57733,0.000558043,-1,-1
24540,57734,0.0005555908,-1,-1
24541,57735,0.0005493981,-1,-1
24542,57736,0.0005366486,-1,-1
24543,57737,0.000516457,-1,-1
24544,57740,0.0004921873,-1,-1
24545,57741,0.0004717561,-1,-1
24546,57742,0.0004566322,-1,-1
24547,57743,0.0004462281,-1,-1
24548,57744,0.0004450264,-1,-1
24549,57745,0.0004406098,-1,-1
24550,57746,0.0004476032,-1,-1
24551,57747,0.0004530416,-1,-1
24552,57750,0.0004497487,-1,-1
24553,57751,0.0004609499,-1,-1
24554,57752,0.0004614408,-1,-1
24555,57753,0.0004689165,-1,-1
24556,57754,0.0004755221,-1,-1
24557,57755,0.000476573,42,0
24558,57756,0.0004851877,42,0
24559,57757,0.0004898831,42,0
24560,57760,0.0004878471,42,0
24561,57761,0.0004960857,42,0
24562,57762,0.0004958922,42,0
24563,57763,0.0004976236,42,0
24564,57764,0.0004995409,42,0
24565,57765,0.0004975396,42,1
24566,57766,0.0004991656,42,1
24567,57767,0.0005010162,42,1
24568,57770,0.0004968652,42,1
24569,57771,0.0005010962,42,1
24570,57772,0.0005020311,42,1
24571,57773,0.0005049152,42,1
24572,57774,0.0005096995,42,2
24573,57775,0.00051056,42,2
24574,57776,0.0005123183,42,2
24575,57777,0.0005174155,42,2
24576,60000,0.0005158928,42,2
24577,60001,0.0005182724,42,2
24578,60002,0.0005197303,42,2
24579,60003,0.0005202583,42,2
24580,60004,0.0005223053,42,3
24581,60005,0.0005224549,42,3
24582,60006,0.0005223996,42,3
24583,60007,0.000525146,42,3
24584,60010,0.0005242694,42,3
24585,60011,0.0005256849,42,3
24586,60012,0.0005244025,42,3
24587,60013,0.0005259992,42,4
24588,60014,0.0005275289,42,4
24589,60015,0.0005270195,42,4
24590,60016,0.0005293018,42,4
24591,60017,0.0005303536,42,4
24592,60020,0.0005276391,42,4
24593,60021,0.0005287579,42,4
24594,60022,0.0005276292,42,4
24595,60023,0.0005284723,42,5
24596,60024,0.0005300045,42,5
24597,60025,0.0005308106,42,5
24598,60026,0.0005317507,42,5
24599,60027,0.0005331851,42,5
24600,60030,0.000532343,42,5
24601,60031,0.0005332255,42,5
24602,60032,0.0005319581,42,6
24603,60033,0.0005329923,42,6
24604,60034,0.0005330144,42,6
24605,60035,0.000531585,42,6
24606,60036,0.0005321074,42,6
24607,60037,0.0005315514,42,6
24608,60040,0.0005305947,42,6
24609,60041,0.0005316896,42,7
24610,60042,0.0005298858,42,7
24611,60043,0.0005325674,42,7
24612,60044,0.0005333202,42,7
24613,60045,0.0005314046,42,7
24614,60046,0.0005333287,42,7
24615,60047,0.0005342229,42,7
24616,60050,0.0005327367,42,7
24617,60051,0.0005353433,42,8
24618,60052,0.0005329946,42,8
24619,60053,0.00053222,42,8
24620,60054,0.0005339816,42,8
24621,60055,0.000531804,42,8
24622,60056,0.0005299501,42,8
24623,60057,0.000530572,42,8
24624,60060,0.0005281082,42,9
24625,60061,0.0005297424,42,9
24626,60062,0.0005253188,42,9
24627,60063,0.0005219489,42,9
24628,60064,0.0005196017,42,9
24629,60065,0.0005157848,42,9
24630,60066,0.0005117437,42,9
24631,60067,0.0005038332,42,9
24632,60070,0.000493936,42,10
24633,60071,0.0004885095,42,10
24634,60072,0.0004844268,42,10
24635,60073,0.0004890043,42,10
24636,60074,0.0004956913,42,10
24637,60075,0.000500751,42,10
24638,60076,0.0005074369,42,10
24639,60077,0.0005097229,42,11
24640,60100,0.0005123268,42,11
24641,60101,0.0005176736,42,11
24642,60102,0.0005141955,42,11
24643,60103,0.0005159956,42,11
24644,60104,0.0005180257,42,11
24645,60105,0.0005177916,42,11
24646,60106,0.0005168272,42,11
24647,60107,0.0005168548,42,12
24648,60110,0.0005144693,42,12
24649,60111,0.0005180393,42,12
24650,60112,0.0005153104,42,12
24651,60113,0.0005138199,42,12
24652,60114,0.0005139681,42,12
24653,60115,0.0005123167,42,12
24654,60116,0.0005108793,42,13
24655,60117,0.0005135121,42,13
24656,60120,0.0005096836,42,13
24657,60121,0.0005123924,42,13
24658,60122,0.0005113574,42,13
24659,60123,0.0005091448,42,13
24660,60124,0.0005092186,42,13
24661,60125,0.0005071859,42,14
24662,60126,0.0005054268,42,14
24663,60127,0.0005072374,42,14
24664,60130,0.0005035981,42,14
24665,60131,0.0005068733,42,14
24666,60132,0.0005006162,42,14
24667,60133,0.0004995829,42,14
24668,60134,0.0005015409,42,14
24669,60135,0.0004962438,42,15
24670,60136,0.0004938507,42,15
24671,60137,0.0004948424,42,15
24672,60140,0.0004874002,42,15
24673,60141,0.0004941737,42,15
24674,60142,0.0004892976,42,15
24675,60143,0.0004840422,42,15
24676,60144,0.0004860967,42,16
24677,60145,0.000483602,42,16
24678,60146,0.0004834755,42,16
24679,60147,0.0004902166,42,16
24680,60150,0.0004783465,42,16
24681,60151,0.0004856209,42,16
24682,60152,0.00048365,42,16
24683,60153,0.0004792011,42,16
24684,60154,0.000484588,42,17
24685,60155,0.0004786381,42,17
24686,60156,0.0004753841,42,17
24687,60157,0.000483464,42,17
24688,60160,0.0004730642,42,17
24689,60161,0.000481051,42,17
24690,60162,0.000475398,42,17
24691,60163,0.0004711636,42,18
24692,60164,0.0004763819,42,18
24693,60165,0.0004710726,42,18
24694,60166,0.0004720723,42,18
24695,60167,0.0004752613,42,18
24696,60170,0.0004634281,42,18
24697,60171,0.000475665,42,18
24698,60172,0.0004717069,42,19
24699,60173,0.0004684455,42,19
24700,60174,0.0004720801,42,19
24701,60175,0.0004648416,42,19
24702,60176,0.0004620558,42,19
24703,60177,0.0004726802,42,19
24704,60200,0.0004635755,42,19
24705,60201,0.0004731796,42,19
24706,60202,0.0004734591,42,20
24707,60203,0.0004678059,42,20
24708,60204,0.0004713676,42,20
24709,60205,0.0004687014,42,20
24710,60206,0.0004640669,42,20
24711,60207,0.0004723718,42,20
24712,60210,0.0004653033,42,20
24713,60211,0.0004758977,42,21
24714,60212,0.0004751188,42,21
24715,60213,0.0004749041,42,21
24716,60214,0.0004799909,42,21
24717,60215,0.0004733096,42,21
24718,60216,0.0004730269,42,21
24719,60217,0.0004814168,42,21
24720,60220,0.0004770155,42,21
24721,60221,0.0004878549,42,22
24722,60222,0.0004835177,42,22
24723,60223,0.0004843573,42,22
24724,60224,0.0004917295,42,22
24725,60225,0.0004861804,42,22
24726,60226,0.0004827224,42,22
24727,60227,0.0004843787,42,22
24728,60230,0.0004690258,42,23
24729,60231,0.000479044,42,23
24730,60232,0.0004855412,42,23
24731,60233,0.0004839063,42,23
24732,60234,0.000492084,42,23
24733,60235,0.0004932026,42,23
24734,60236,0.0004877952,42,23
24735,60237,0.0004966295,42,23
24736,60240,0.0004899031,42,24
24737,60241,0.0004920868,42,24
24738,60242,0.000494995,42,24
24739,60243,0.0004882715,42,24
24740,60244,0.0004882606,42,24
24741,60245,0.0004917582,42,24
24742,60246,0.0004854107,42,24
24743,60247,0.0004922698,42,25
24744,60250,0.0004868439,42,25
24745,60251,0.0004918464,42,25
24746,60252,0.0004940611,42,25
24747,60253,0.0004948771,42,25
24748,60254,0.0004988695,42,25
24749,60255,0.0004967322,42,25
24750,60256,0.0004884786,42,26
24751,60257,0.0004876027,42,26
24752,60260,0.0004778914,42,26
24753,60261,0.0004787043,42,26
24754,60262,0.0004792872,42,26
24755,60263,0.000481432,42,26
24756,60264,0.0004866643,42,26
24757,60265,0.0004835395,42,26
24758,60266,0.0004862805,42,27
24759,60267,0.0004829875,42,27
24760,60270,0.0004727985,42,27
24761,60271,0.000467283,42,27
24762,60272,0.0004687463,42,27
24763,60273,0.0004735435,42,27
24764,60274,0.0004854009,42,27
24765,60275,0.0004931784,42,28
24766,60276,0.000495028,42,28
24767,60277,0.0005061615,42,28
24768,60300,0.0005056681,42,28
24769,60301,0.0005104256,42,28
24770,60302,0.0005141273,42,28
24771,60303,0.0005145838,42,28
24772,60304,0.0005171635,42,28
24773,60305,0.0005192283,42,29
24774,60306,0.0005183723,42,29
24775,60307,0.0005213559,42,29
24776,60310,0.0005204833,42,29
24777,60311,0.0005249677,42,29
24778,60312,0.0005263726,42,29
24779,60313,0.000526706,42,29
24780,60314,0.0005309544,42,30
24781,60315,0.0005308421,42,30
24782,60316,0.0005307434,42,30
24783,60317,0.0005343384,42,30
24784,60320,0.0005316957,42,30
24785,60321,0.0005325226,42,30
24786,60322,0.0005345186,42,30
24787,60323,0.0005338265,42,30
24788,60324,0.0005368263,42,31
24789,60325,0.0005379173,42,31
24790,60326,0.0005359392,42,31
24791,60327,0.0005387059,42,31
24792,60330,0.0005382065,42,31
24793,60331,0.0005395465,42,31
24794,60332,0.0005388039,42,31
24795,60333,0.0005351243,42,32
24796,60334,0.0005333872,42,32
24797,60335,0.0005314357,42,32
24798,60336,0.0005324414,42,32
24799,60337,0.0005395486,42,32
24800,60340,0.0005415158,42,32
24801,60341,0.0005472926,42,32
24802,60342,0.0005493815,42,33
24803,60343,0.0005475575,42,33
24804,60344,0.0005475045,42,33
24805,60345,0.0005475574,42,33
24806,60346,0.0005472504,42,33
24807,60347,0.0005468476,42,33
24808,60350,0.0005438772,42,33
24809,60351,0.0005459484,42,33
24810,60352,0.0005479282,42,34
24811,60353,0.0005496388,42,34
24812,60354,0.0005503536,42,34
24813,60355,0.0005501898,42,34
24814,60356,0.0005495814,42,34
24815,60357,0.0005515894,42,34
24816,60360,0.0005493189,42,34
24817,60361,0.0005502618,42,35
24818,60362,0.0005521462,42,35
24819,60363,0.0005521774,42,35
24820,60364,0.0005533388,42,35
24821,60365,0.0005539548,42,35
24822,60366,0.0005540292,42,35
24823,60367,0.0005554158,42,35
24824,60370,0.0005553174,42,35
24825,60371,0.0005561164,42,36
24826,60372,0.0005569678,42,36
24827,60373,0.000557759,42,36
24828,60374,0.0005577935,42,36
24829,60375,0.0005579888,42,36
24830,60376,0.0005575099,42,36
24831,60377,0.0005583026,42,36
24832,60400,0.0005579343,42,37
24833,60401,0.0005591749,42,37
24834,60402,0.0005600549,42,37
24835,60403,0.0005591647,42,37
24836,60404,0.000558254,42,37
24837,60405,0.0005564363,42,37
24838,60406,0.0005546517,42,37
24839,60407,0.0005502466,42,38
24840,60410,0.0005458356,42,38
24841,60411,0.0005423788,42,38
24842,60412,0.0005402895,42,38
24843,60413,0.000535122,42,38
24844,60414,0.0005309517,42,38
24845,60415,0.0005248235,42,38
24846,60416,0.0005214367,42,38
24847,60417,0.0005233434,42,39
24848,60420,0.0005252212,42,39
24849,60421,0.000530011,42,39
24850,60422,0.0005368208,42,39
24851,60423,0.0005414877,42,39
24852,60424,0.0005493815,42,39
24853,60425,0.0005540678,42,39
24854,60426,0.000555553,42,40
24855,60427,0.0005555743,42,40
24856,60430,0.0005527557,42,40
24857,60431,0.0005521917,42,40
24858,60432,0.0005481598,42,40
24859,60433,0.0005408839,42,40
24860,60434,0.0005313654,42,40
24861,60435,0.0005218054,42,40
24862,60436,0.0005166184,42,41
24863,60437,0.0005145326,42,41
24864,60440,0.0005170767,42,41
24865,60441,0.0005199747,42,41
24866,60442,0.0005228175,42,41
24867,60443,0.0005296082,42,41
24868,60444,0.0005364245,42,41
24869,60445,0.0005421887,42,42
24870,60446,0.0005422707,42,42
24871,60447,0.0005366458,42,42
24872,60450,0.0005285937,42,42
24873,60451,0.0005185154,42,42
24874,60452,0.0005076148,42,42
24875,60453,0.0004930819,42,42
24876,60454,0.000467225,42,42
24877,60455,0.0004315791,42,43
24878,60456,0.0004011303,42,43
24879,60457,0.0003919947,42,43
24880,60460,0.0004060749,42,43
24881,60461,0.0004379138,42,43
24882,60462,0.0004731292,42,43
24883,60463,0.0005036826,42,43
24884,60464,0.0005291429,42,44
24885,60465,0.0005510402,42,44
24886,60466,0.0005707429,42,44
24887,60467,0.0005851407,42,44
24888,60470,0.0005932933,42,44
24889,60471,0.0006007595,42,44
24890,60472,0.0006055033,42,44
24891,60473,0.0006091954,42,45
24892,60474,0.0006110523,42,45
24893,60475,0.0006115096,42,45
24894,60476,0.0006111963,42,45
24895,60477,0.0006112632,42,45
24896,60500,0.0006112351,42,45
24897,60501,0.0006119677,42,45
24898,60502,0.0006118013,42,45
24899,60503,0.0006119415,42,46
24900,60504,0.0006116888,42,46
24901,60505,0.000611878,42,46
24902,60506,0.0006120789,42,46
24903,60507,0.0006116017,42,46
24904,60510,0.0006111688,42,46
24905,60511,0.0006116157,42,46
24906,60512,0.0006116952,42,47
24907,60513,0.0006115875,42,47
24908,60514,0.0006114878,42,47
24909,60515,0.0006113077,42,47
24910,60516,0.0006118101,42,47
24911,60517,0.000612343,42,47
24912,60520,0.0006119765,42,47
24913,60521,0.000611562,42,47
24914,60522,0.0006115913,42,48
24915,60523,0.0006119554,42,48
24916,60524,0.0006109714,42,48
24917,60525,0.0006115308,42,48
24918,60526,0.0006118927,42,48
24919,60527,0.0006107081,42,48
24920,60530,0.0006098044,42,48
24921,60531,0.0006110641,42,49
24922,60532,0.0006115368,42,49
24923,60533,0.0006110371,42,49
24924,60534,0.0006112659,42,49
24925,60535,0.0006111619,42,49
24926,60536,0.0006113269,42,49
24927,60537,0.0006117445,42,49
24928,60540,0.000612582,-1,-1
24929,60541,0.0006118306,-1,-1
24930,60542,0.00061221,-1,-1
24931,60543,0.0006116912,-1,-1
24932,60544,0.0006120871,-1,-1
24933,60545,0.0006115939,-1,-1
24934,60546,0.0006115712,-1,-1
24935,60547,0.0006115178,-1,-1
24936,60550,0.000611724,-1,-1
24937,60551,0.0006114651,-1,-1
24938,60552,0.0006118482,-1,-1
24939,60553,0.0006119629,-1,-1
24940,60554,0.0006122416,-1,-1
24941,60555,0.0006120609,-1,-1
24942,60556,0.0006120297,-1,-1
24943,60557,0.0006110225,-1,-1
24944,60560,0.0006112385,-1,-1
24945,60561,0.0006117011,-1,-1
24946,60562,0.000611515,-1,-1
24947,60563,0.000611116,-1,-1
24948,60564,0.0006124424,-1,-1
24949,60565,0.0006116595,-1,-1
24950,60566,0.0006125147,-1,-1
24951,60567,0.0006109347,-1,-1
24952,60570,0.0006111577,-1,-1
24953,60571,0.0006112562,-1,-1
24954,60572,0.0006119132,-1,-1
24955,60573,0.0006124665,-1,-1
24956,60574,0.0006118102,-1,-1
24957,60575,0.0006113662,-1,-1
24958,60576,0.0006112775,-1,-1
24959,60577,0.0006114126,-1,-1
24960,60600,0.0006115695,-1,-1
24961,60601,0.0006113703,-1,-1
24962,60602,0.0006114169,-1,-1
24963,60603,0.0006116644,-1,-1
24964,60604,0.0006113843,-1,-1
24965,60605,0.0006114923,-1,-1
24966,60606,0.000611379,-1,-1
24967,60607,0.0006118788,-1,-1
24968,60610,0.000611947,-1,-1
24969,60611,0.0006120992,-1,-1
24970,60612,0.0006120917,-1,-1
24971,60613,0.0006123408,-1,-1
24972,60614,0.0006117584,-1,-1
24973,60615,0.0006113059,-1,-1
24974,60616,0.0006114858,-1,-1
24975,60617,0.0006122875,-1,-1
24976,60620,0.0006110955,-1,-1
24977,60621,0.0006111173,-1,-1
24978,60622,0.0006116011,-1,-1
24979,60623,0.00061212,-1,-1
24980,60624,0.0006119519,-1,-1
24981,60625,0.0006120736,-1,-1
24982,60626,0.0006120234,-1,-1
24983,60627,0.0006124726,-1,-1
24984,60630,0.0006124527,-1,-1
24985,60631,0.0006117931,-1,-1
24986,60632,0.0006112373,-1,-1
24987,60633,0.000611675,-1,-1
24988,60634,0.0006110811,-1,-1
24989,60635,0.0006112285,-1,-1
24990,60636,0.0006111636,-1,-1
24991,60637,0.0006117626,-1,-1
24992,60640,0.0006120433,-1,-1
24993,60641,0.0006117041,-1,-1
24994,60642,0.0006113492,-1,-1
24995,60643,0.0006113996,-1,-1
24996,60644,0.0006111652,-1,-1
24997,60645,0.0006110722,-1,-1
24998,60646,0.0006110347,-1,-1
24999,60647,0.0006113293,-1,-1
25000,60650,0.0006110291,-1,-1
25001,60651,0.000611225,-1,-1
25002,60652,0.0006109082,-1,-1
25003,60653,0.0006116357,-1,-1
25004,60654,0.0006119458,-1,-1
25005,60655,0.0006117087,-1,-1
25006,60656,0.000611628,-1,-1
25007,60657,0.0006115811,-1,-1
25008,60660,0.000611775,-1,-1
25009,60661,0.0006115589,-1,-1
25010,60662,0.0006110944,-1,-1
25011,60663,0.0006110757,-1,-1
25012,60664,0.0006113001,-1,-1
25013,60665,0.0006113363,-1,-1
25014,60666,0.0006110611,-1,-1
25015,60667,0.0006116352,-1,-1
25016,60670,0.000610801,-1,-1
25017,60671,0.000611781,-1,-1
25018,60672,0.0006110922,-1,-1
25019,60673,0.0006118417,-1,-1
25020,60674,0.0006121153,-1,-1
25021,60675,0.0006117158,-1,-1
25022,60676,0.0006114569,-1,-1
25023,60677,0.0006114381,-1,-1
25024,60700,0.0006118548,-1,-1
25025,60701,0.000611884,-1,-1
25026,60702,0.0006116884,-1,-1
25027,60703,0.0006111413,-1,-1
25028,60704,0.0006110869,-1,-1
25029,60705,0.0006109057,-1,-1
25030,60706,0.0006112415,-1,-1
25031,60707,0.000611277,-1,-1
25032,60710,0.0006118587,-1,-1
25033,60711,0.0006115337,-1,-1
25034,60712,0.0006111778,-1,-1
25035,60713,0.0006116144,-1,-1
25036,60714,0.0006115875,-1,-1
25037,60715,0.0006120378,-1,-1
25038,60716,0.0006112474,-1,-1
25039,60717,0.0006114132,-1,-1
25040,60720,0.0006116374,-1,-1
25041,60721,0.0006116385,-1,-1
25042,60722,0.0006113392,-1,-1
25043,60723,0.0006113498,-1,-1
25044,60724,0.0006116066,-1,-1
25045,60725,0.0006118488,-1,-1
25046,60726,0.0006121549,-1,-1
25047,60727,0.0006120988,-1,-1
25048,60730,0.00061158,-1,-1
25049,60731,0.0006114279,-1,-1
25050,60732,0.0006113241,-1,-1
25051,60733,0.0006112883,-1,-1
25052,60734,0.0006117391,-1,-1
25053,60735,0.0006111578,-1,-1
25054,60736,0.0006115704,-1,-1
25055,60737,0.0006117329,-1,-1
25056,60740,0.0006118744,-1,-1
25057,60741,0.0006116416,-1,-1
25058,60742,0.0006110219,-1,-1
25059,60743,0.0006112807,-1,-1
25060,60744,0.0006110142,-1,-1
25061,60745,0.0006109616,-1,-1
25062,60746,0.0006118594,-1,-1
25063,60747,0.0006121229,-1,-1
25064,60750,0.0006117697,-1,-1
25065,60751,0.0006122412,-1,-1
25066,60752,0.0006121672,-1,-1
25067,60753,0.0006117242,-1,-1
25068,60754,0.0006114482,-1,-1
25069,60755,0.0006114494,-1,-1
25070,60756,0.0006117089,-1,-1
25071,60757,0.0006114852,-1,-1
25072,60760,0.0006120127,-1,-1
25073,60761,0.0006115976,-1,-1
25074,60762,0.0006117368,-1,-1
25075,60763,0.0006103693,-1,-1
25076,60764,0.0006102168,-1,-1
25077,60765,0.0006117963,-1,-1
25078,60766,0.0006120433,-1,-1
25079,60767,0.0006117578,-1,-1
25080,60770,0.0006110042,-1,-1
25081,60771,0.0006112174,-1,-1
25082,60772,0.0006114469,-1,-1
25083,60773,0.0006113376,-1,-1
25084,60774,0.0006120989,-1,-1
25085,60775,0.0006124152,-1,-1
25086,60776,0.0006127302,-1,-1
25087,60777,0.0006119107,-1,-1
25088,61000,0.0006124747,-1,-1
25089,61001,0.0006120526,-1,-1
25090,61002,0.0006118605,-1,-1
25091,61003,0.000611856,-1,-1
25092,61004,0.0006122598,-1,-1
25093,61005,0.0006121722,-1,-1
25094,61006,0.0006118962,-1,-1
25095,61007,0.0006115518,-1,-1
25096,61010,0.0006118975,-1,-1
25097,61011,0.0006119173,-1,-1
25098,61012,0.0006113584,-1,-1
25099,61013,0.000611468,-1,-1
25100,61014,0.0006116583,-1,-1
25101,61015,0.000611368,-1,-1
25102,61016,0.0006116936,-1,-1
25103,61017,0.0006115028,-1,-1
25104,61020,0.0006110756,-1,-1
25105,61021,0.0006115665,-1,-1
25106,61022,0.0006115577,-1,-1
25107,61023,0.0006116337,-1,-1
25108,61024,0.0006114079,-1,-1
25109,61025,0.0006114529,-1,-1
25110,61026,0.0006113328,-1,-1
25111,61027,0.000611614,-1,-1
25112,61030,0.0006111924,-1,-1
25113,61031,0.0006114237,-1,-1
25114,61032,0.0006112964,-1,-1
25115,61033,0.0006115268,-1,-1
25116,61034,0.0006110271,-1,-1
25117,61035,0.0006113949,-1,-1
25118,61036,0.0006113153,-1,-1
25119,61037,0.0006116088,-1,-1
25120,61040,0.0006113898,-1,-1
25121,61041,0.0006119781,-1,-1
25122,61042,0.0006118898,-1,-1
25123,61043,0.0006118353,-1,-1
25124,61044,0.0006112676,-1,-1
25125,61045,0.0006117211,-1,-1
25126,61046,0.0006117499,-1,-1
25127,61047,0.0006115161,-1,-1
25128,61050,0.0006115383,-1,-1
25129,61051,0.0006122042,-1,-1
25130,61052,0.0006121667,-1,-1
25131,61053,0.0006117363,-1,-1
25132,61054,0.0006120912,-1,-1
25133,61055,0.0006119301,-1,-1
25134,61056,0.0006125095,-1,-1
25135,61057,0.0006121377,-1,-1
25136,61060,0.000611635,-1,-1
25137,61061,0.000611433,-1,-1
25138,61062,0.0006115718,-1,-1
25139,61063,0.0006114858,-1,-1
25140,61064,0.0006118083,-1,-1
25141,61065,0.0006115975,-1,-1
25142,61066,0.0006112637,-1,-1
25143,61067,0.0006113551,-1,-1
25144,61070,0.0006114377,-1,-1
25145,61071,0.0006116341,-1,-1
25146,61072,0.0006118634,-1,-1
25147,61073,0.0006116555,-1,-1
25148,61074,0.0006112269,-1,-1
25149,61075,0.0006115835,-1,-1
25150,61076,0.0006114665,-1,-1
25151,61077,0.0006112385,-1,-1
25152,61100,0.0006112861,-1,-1
25153,61101,0.000611542,-1,-1
25154,61102,0.0006120531,-1,-1
25155,61103,0.000611827,-1,-1
25156,61104,0.0006119367,-1,-1
25157,61105,0.000611604,43,49
25158,61106,0.0006117866,43,49
25159,61107,0.0006117662,43,49
25160,61110,0.000611621,43,49
25161,61111,0.0006118095,43,49
25162,61112,0.0006117526,43,49
25163,61113,0.0006116982,43,49
25164,61114,0.0006110267,43,49
25165,61115,0.0006111991,43,48
25166,61116,0.0006110101,43,48
25167,61117,0.0006112144,43,48
25168,61120,0.0006105547,43,48
25169,61121,0.0006107472,43,48
25170,61122,0.0006111203,43,48
25171,61123,0.0006111402,43,48
25172,61124,0.0006114723,43,48
25173,61125,0.0006112878,43,47
25174,61126,0.0006109634,43,47
25175,61127,0.0006117447,43,47
25176,61130,0.0006113673,43,47
25177,61131,0.0006116965,43,47
25178,61132,0.0006116498,43,47
25179,61133,0.0006113802,43,47
25180,61134,0.0006111712,43,47
25181,61135,0.0006109463,43,46
25182,61136,0.0006114201,43,46
25183,61137,0.0006114808,43,46
25184,61140,0.0006115717,43,46
25185,61141,0.0006111853,43,46
25186,61142,0.000610347,43,46
25187,61143,0.00060861,43,46
25188,61144,0.0006045042,43,46
25189,61145,0.0005986859,43,45
25190,61146,0.0005918235,43,45
25191,61147,0.0005808445,43,45
25192,61150,0.0005688554,43,45
25193,61151,0.000553837,43,45
25194,61152,0.0005320308,43,45
25195,61153,0.0005141606,43,45
25196,61154,0.000486988,43,45
25197,61155,0.0004470111,43,44
25198,61156,0.0004327867,43,44
25199,61157,0.0004202546,43,44
25200,61160,0.000421098,43,44
25201,61161,0.0004306187,43,44
25202,61162,0.0004343132,43,44
25203,61163,0.0004374097,43,44
25204,61164,0.0004505775,43,44
25205,61165,0.0004695082,43,43
25206,61166,0.0004884093,43,43
25207,61167,0.0005015161,43,43
25208,61170,0.0005181029,43,43
25209,61171,0.0005314928,43,43
25210,61172,0.0005422247,43,43
25211,61173,0.0005482877,43,43
25212,61174,0.0005527201,43,43
25213,61175,0.0005582266,43,42
25214,61176,0.0005615659,43,42
25215,61177,0.0005644746,43,42
25216,61200,0.0005666608,43,42
25217,61201,0.0005676035,43,42
25218,61202,0.000568443,43,42
25219,61203,0.0005694824,43,42
25220,61204,0.00057029,43,42
25221,61205,0.0005707984,43,41
25222,61206,0.000571484,43,41
25223,61207,0.0005716575,43,41
25224,61210,0.000570613,43,41
25225,61211,0.0005697471,43,41
25226,61212,0.000569534,43,41
25227,61213,0.0005691675,43,41
25228,61214,0.00056899,43,41
25229,61215,0.000569077,43,40
25230,61216,0.0005685273,43,40
25231,61217,0.0005685838,43,40
25232,61220,0.0005681413,43,40
25233,61221,0.0005686423,43,40
25234,61222,0.0005684353,43,40
25235,61223,0.0005693243,43,40
25236,61224,0.0005701637,43,40
25237,61225,0.000571361,43,39
25238,61226,0.0005716982,43,39
25239,61227,0.0005714976,43,39
25240,61230,0.0005713312,43,39
25241,61231,0.0005708082,43,39
25242,61232,0.0005706834,43,39
25243,61233,0.0005711666,43,39
25244,61234,0.0005707994,43,39
25245,61235,0.0005701798,43,38
25246,61236,0.0005698105,43,38
25247,61237,0.000570365,43,38
25248,61240,0.0005698086,43,38
25249,61241,0.0005694789,43,38
25250,61242,0.0005689837,43,38
25251,61243,0.0005690854,43,38
25252,61244,0.0005683212,43,38
25253,61245,0.0005677065,43,37
25254,61246,0.0005672717,43,37
25255,61247,0.0005668636,43,37
25256,61250,0.0005662112,43,37
25257,61251,0.0005658821,43,37
25258,61252,0.0005662498,43,37
25259,61253,0.0005664056,43,37
25260,61254,0.0005657189,43,36
25261,61255,0.0005652979,43,36
25262,61256,0.0005646869,43,36
25263,61257,0.0005650598,43,36
25264,61260,0.0005659874,43,36
25265,61261,0.0005663629,43,36
25266,61262,0.000567398,43,36
25267,61263,0.0005679005,43,36
25268,61264,0.0005680012,43,35
25269,61265,0.0005671594,43,35
25270,61266,0.0005659867,43,35
25271,61267,0.0005656386,43,35
25272,61270,0.0005654051,43,35
25273,61271,0.0005652827,43,35
25274,61272,0.0005671591,43,35
25275,61273,0.0005666639,43,35
25276,61274,0.0005669866,43,34
25277,61275,0.000564309,43,34
25278,61276,0.000564043,43,34
25279,61277,0.0005643627,43,34
25280,61300,0.0005656852,43,34
25281,61301,0.0005663112,43,34
25282,61302,0.0005690895,43,34
25283,61303,0.0005704453,43,34
25284,61304,0.0005718165,43,33
25285,61305,0.0005719253,43,33
25286,61306,0.0005715566,43,33
25287,61307,0.0005708449,43,33
25288,61310,0.000570872,43,33
25289,61311,0.0005700383,43,33
25290,61312,0.0005705793,43,33
25291,61313,0.0005703738,43,33
25292,61314,0.000569682,43,32
25293,61315,0.0005671303,43,32
25294,61316,0.0005642286,43,32
25295,61317,0.0005624266,43,32
25296,61320,0.0005620593,43,32
25297,61321,0.0005628829,43,32
25298,61322,0.0005638678,43,32
25299,61323,0.0005650556,43,32
25300,61324,0.0005657223,43,31
25301,61325,0.0005653069,43,31
25302,61326,0.000564679,43,31
25303,61327,0.0005655845,43,31
25304,61330,0.0005677468,43,31
25305,61331,0.0005693287,43,31
25306,61332,0.0005694126,43,31
25307,61333,0.0005699878,43,31
25308,61334,0.0005709619,43,30
25309,61335,0.0005697624,43,30
25310,61336,0.0005699156,43,30
25311,61337,0.0005689928,43,30
25312,61340,0.0005679413,43,30
25313,61341,0.0005676393,43,30
25314,61342,0.0005675527,43,30
25315,61343,0.0005666069,43,30
25316,61344,0.0005675832,43,29
25317,61345,0.0005684177,43,29
25318,61346,0.0005689054,43,29
25319,61347,0.000569459,43,29
25320,61350,0.0005690924,43,29
25321,61351,0.0005694145,43,29
25322,61352,0.0005697022,43,29
25323,61353,0.0005694751,43,29
25324,61354,0.0005705231,43,28
25325,61355,0.0005707772,43,28
25326,61356,0.0005703816,43,28
25327,61357,0.0005706666,43,28
25328,61360,0.0005713744,43,28
25329,61361,0.0005717454,43,28
25330,61362,0.0005722484,43,28
25331,61363,0.0005724194,43,28
25332,61364,0.0005726663,43,27
25333,61365,0.0005724405,43,27
25334,61366,0.00057231,43,27
25335,61367,0.0005722977,43,27
25336,61370,0.0005727287,43,27
25337,61371,0.0005730226,43,27
25338,61372,0.0005725237,43,27
25339,61373,0.0005731004,43,27
25340,61374,0.0005729335,43,26
25341,61375,0.0005731129,43,26
25342,61376,0.0005739725,43,26
25343,61377,0.0005742994,43,26
25344,61400,0.000574409,43,26
25345,61401,0.0005744288,43,26
25346,61402,0.0005748926,43,26
25347,61403,0.0005743264,43,26
25348,61404,0.0005749259,43,25
25349,61405,0.0005747961,43,25
25350,61406,0.0005745442,43,25
25351,61407,0.000575169,43,25
25352,61410,0.0005744667,43,25
25353,61411,0.0005746858,43,25
25354,61412,0.0005748527,43,25
25355,61413,0.0005742822,43,24
25356,61414,0.0005743515,43,24
25357,61415,0.0005747632,43,24
25358,61416,0.0005746608,43,24
25359,61417,0.0005747221,43,24
25360,61420,0.0005740321,43,24
25361,61421,0.0005739572,43,24
25362,61422,0.0005735209,43,24
25363,61423,0.0005725752,43,23
25364,61424,0.0005723018,43,23
25365,61425,0.0005719959,43,23
25366,61426,0.0005723126,43,23
25367,61427,0.0005730413,43,23
25368,61430,0.0005723276,43,23
25369,61431,0.0005730683,43,23
25370,61432,0.0005728697,43,23
25371,61433,0.0005720857,43,22
25372,61434,0.0005720535,43,22
25373,61435,0.0005714995,43,22
25374,61436,0.00057073,43,22
25375,61437,0.0005707035,43,22
25376,61440,0.0005688512,43,22
25377,61441,0.0005692619,43,22
25378,61442,0.0005688618,43,22
25379,61443,0.0005677952,43,21
25380,61444,0.0005688928,43,21
25381,61445,0.000569011,43,21
25382,61446,0.0005693029,43,21
25383,61447,0.0005702017,43,21
25384,61450,0.0005700874,43,21
25385,61451,0.0005705325,43,21
25386,61452,0.0005705755,43,21
25387,61453,0.0005706808,43,20
25388,61454,0.0005712276,43,20
25389,61455,0.0005711915,43,20
25390,61456,0.0005717781,43,20
25391,61457,0.0005713834,43,20
25392,61460,0.0005712089,43,20
25393,61461,0.0005715053,43,20
25394,61462,0.0005709902,43,20
25395,61463,0.0005711151,43,19
25396,61464,0.0005712014,43,19
25397,61465,0.0005707825,43,19
25398,61466,0.0005706174,43,19
25399,61467,0.0005711619,43,19
25400,61470,0.0005710244,43,19
25401,61471,0.0005713424,43,19
25402,61472,0.0005719817,43,19
25403,61473,0.0005712018,43,18
25404,61474,0.0005720537,43,18
25405,61475,0.0005720091,43,18
25406,61476,0.0005716658,43,18
25407,61477,0.0005722328,43,18
25408,61500,0.0005723689,43,18
25409,61501,0.0005730228,43,18
25410,61502,0.0005725618,43,18
25411,61503,0.0005722785,43,17
25412,61504,0.0005725959,43,17
25413,61505,0.0005726062,43,17
25414,61506,0.0005722321,43,17
25415,61507,0.0005723453,43,17
25416,61510,0.00057287,43,17
25417,61511,0.0005734783,43,17
25418,61512,0.0005729043,43,17
25419,61513,0.0005724265,43,16
25420,61514,0.0005718483,43,16
25421,61515,0.0005716861,43,16
25422,61516,0.0005717316,43,16
25423,61517,0.0005718711,43,16
25424,61520,0.000571289,43,16
25425,61521,0.0005706334,43,16
25426,61522,0.000570408,43,16
25427,61523,0.0005700176,43,15
25428,61524,0.0005707907,43,15
25429,61525,0.0005702263,43,15
25430,61526,0.000570827,43,15
25431,61527,0.0005707339,43,15
25432,61530,0.0005708506,43,15
25433,61531,0.0005707846,43,15
25434,61532,0.0005701167,43,15
25435,61533,0.00056872,43,14
25436,61534,0.0005683727,43,14
25437,61535,0.0005665972,43,14
25438,61536,0.0005656027,43,14
25439,61537,0.000564353,43,14
25440,61540,0.000560051,43,14
25441,61541,0.0005550535,43,14
25442,61542,0.0005461932,43,14
25443,61543,0.0005351764,43,13
25444,61544,0.0005266242,43,13
25445,61545,0.0005193592,43,13
25446,61546,0.0005200842,43,13
25447,61547,0.0005248171,43,13
25448,61550,0.0005352768,43,13
25449,61551,0.0005436357,43,13
25450,61552,0.0005522177,43,13
25451,61553,0.0005599702,43,12
25452,61554,0.0005642866,43,12
25453,61555,0.0005666846,43,12
25454,61556,0.00056805,43,12
25455,61557,0.0005691493,43,12
25456,61560,0.0005707127,43,12
25457,61561,0.0005716045,43,12
25458,61562,0.0005722526,43,11
25459,61563,0.0005732814,43,11
25460,61564,0.0005736931,43,11
25461,61565,0.0005733118,43,11
25462,61566,0.0005732312,43,11
25463,61567,0.0005739867,43,11
25464,61570,0.0005737481,43,11
25465,61571,0.0005739431,43,11
25466,61572,0.0005740662,43,10
25467,61573,0.0005741458,43,10
25468,61574,0.0005744965,43,10
25469,61575,0.0005742454,43,10
25470,61576,0.0005737774,43,10
25471,61577,0.0005739568,43,10
25472,61600,0.0005734356,43,10
25473,61601,0.000573798,43,10
25474,61602,0.0005735404,43,9
25475,61603,0.0005727152,43,9
25476,61604,0.0005728838,43,9
25477,61605,0.0005724658,43,9
25478,61606,0.000572422,43,9
25479,61607,0.0005727086,43,9
25480,61610,0.0005733172,43,9
25481,61611,0.0005731902,43,9
25482,61612,0.0005729733,43,8
25483,61613,0.0005720945,43,8
25484,61614,0.0005722237,43,8
25485,61615,0.000572554,43,8
25486,61616,0.0005729964,43,8
25487,61617,0.0005730098,43,8
25488,61620,0.0005735231,43,8
25489,61621,0.0005730813,43,8
25490,61622,0.0005732442,43,7
25491,61623,0.000571792,43,7
25492,61624,0.0005719522,43,7
25493,61625,0.0005718074,43,7
25494,61626,0.0005719447,43,7
25495,61627,0.0005728392,43,7
25496,61630,0.000573096,43,7
25497,61631,0.000574512,43,7
25498,61632,0.0005746399,43,6
25499,61633,0.0005752524,43,6
25500,61634,0.0005749998,43,6
25501,61635,0.0005741136,43,6
25502,61636,0.000573746,43,6
25503,61637,0.0005731722,43,6
25504,61640,0.0005734376,43,6
25505,61641,0.0005730109,43,6
25506,61642,0.0005731907,43,5
25507,61643,0.0005725166,43,5
25508,61644,0.0005719456,43,5
25509,61645,0.0005720031,43,5
25510,61646,0.0005720711,43,5
25511,61647,0.0005722068,43,5
25512,61650,0.0005725491,43,5
25513,61651,0.0005725599,43,5
25514,61652,0.0005726726,43,4
25515,61653,0.0005724854,43,4
25516,61654,0.0005728574,43,4
25517,61655,0.0005731393,43,4
25518,61656,0.0005720841,43,4
25519,61657,0.0005718531,43,4
25520,61660,0.0005712562,43,4
25521,61661,0.0005707301,43,4
25522,61662,0.0005713303,43,3
25523,61663,0.0005708406,43,3
25524,61664,0.0005715217,43,3
25525,61665,0.0005721448,43,3
25526,61666,0.0005718273,43,3
25527,61667,0.0005718724,43,3
25528,61670,0.0005714475,43,3
25529,61671,0.0005717762,43,3
25530,61672,0.0005716258,43,2
25531,61673,0.0005712055,43,2
25532,61674,0.0005715191,43,2
25533,61675,0.0005707046,43,2
25534,61676,0.0005715936,43,2
25535,61677,0.000572381,43,2
25536,61700,0.0005716188,43,2
25537,61701,0.0005715956,43,2
25538,61702,0.0005720729,43,1
25539,61703,0.0005714004,43,1
25540,61704,0.000570573,43,1
25541,61705,0.0005703727,43,1
25542,61706,0.0005711262,43,1
25543,61707,0.000570651,43,1
25544,61710,0.0005702089,43,1
25545,61711,0.0005688944,43,1
25546,61712,0.0005672371,43,0
25547,61713,0.0005657134,43,0
25548,61714,0.0005660624,43,0
25549,61715,0.0005676447,43,0
25550,61716,0.0005702591,43,0
25551,61717,0.0005710017,43,0
25552,61720,0.0005724476,43,0
25553,61721,0.0005736481,-1,-1
25554,61722,0.0005741148,-1,-1
25555,61723,0.0005742274,-1,-1
25556,61724,0.0005747303,-1,-1
25557,61725,0.000573995,-1,-1
25558,61726,0.0005743109,-1,-1
25559,61727,0.0005739286,-1,-1
25560,61730,0.0005737015,-1,-1
25561,61731,0.0005736025,-1,-1
25562,61732,0.0005735861,-1,-1
25563,61733,0.000573938,-1,-1
25564,61734,0.0005726482,-1,-1
25565,61735,0.0005723877,-1,-1
25566,61736,0.0005714586,-1,-1
25567,61737,0.000571692,-1,-1
25568,61740,0.0005720716,-1,-1
25569,61741,0.0005710764,-1,-1
25570,61742,0.0005715685,-1,-1
25571,61743,0.0005712294,-1,-1
25572,61744,0.0005716461,-1,-1
25573,61745,0.0005725559,-1,-1
25574,61746,0.0005717071,-1,-1
25575,61747,0.0005723112,-1,-1
25576,61750,0.0005720475,-1,-1
25577,61751,0.0005718363,-1,-1
25578,61752,0.000571955,-1,-1
25579,61753,0.0005720751,-1,-1
25580,61754,0.0005718385,-1,-1
25581,61755,0.0005720105,-1,-1
25582,61756,0.0005717619,-1,-1
25583,61757,0.0005721253,-1,-1
25584,61760,0.0005717453,-1,-1
25585,61761,0.0005719286,-1,-1
25586,61762,0.0005721154,-1,-1
25587,61763,0.0005715477,-1,-1
25588,61764,0.0005717145,-1,-1
25589,61765,0.0005718878,-1,-1
25590,61766,0.0005717729,-1,-1
25591,61767,0.0005720406,-1,-1
25592,61770,0.0005716546,-1,-1
25593,61771,0.0005720627,-1,-1
25594,61772,0.0005724229,-1,-1
25595,61773,0.000571992,-1,-1
25596,61774,0.000572414,-1,-1
25597,61775,0.0005721049,-1,-1
25598,61776,0.0005721626,-1,-1
25599,61777,0.0005722138,-1,-1
25600,62000,0.0005722635,-1,-1
25601,62001,0.0005722842,-1,-1
25602,62002,0.0005719784,-1,-1
25603,62003,0.0005719572,-1,-1
25604,62004,0.0005719141,-1,-1
25605,62005,0.0005716802,-1,-1
25606,62006,0.0005717019,-1,-1
25607,62007,0.0005717436,-1,-1
25608,62010,0.0005721998,-1,-1
25609,62011,0.0005721285,-1,-1
25610,62012,0.000571754,-1,-1
25611,62013,0.0005719366,-1,-1
25612,62014,0.000572239,-1,-1
25613,62015,0.000571893,-1,-1
25614,62016,0.0005717613,-1,-1
25615,62017,0.0005723129,-1,-1
25616,62020,0.0005719538,-1,-1
25617,62021,0.0005718404,-1,-1
25618,62022,0.0005715474,-1,-1
25619,62023,0.000572321,-1,-1
25620,62024,0.000572167,-1,-1
25621,62025,0.0005715876,-1,-1
25622,62026,0.0005718318,-1,-1
25623,62027,0.0005717946,-1,-1
25624,62030,0.0005720132,-1,-1
25625,62031,0.0005718434,-1,-1
25626,62032,0.000571581,-1,-1
25627,62033,0.0005718322,-1,-1
25628,62034,0.0005720762,-1,-1
25629,62035,0.0005720324,-1,-1
25630,62036,0.0005718275,-1,-1
25631,62037,0.0005720375,-1,-1
25632,62040,0.0005720129,-1,-1
25633,62041,0.0005718719,-1,-1
25634,62042,0.000571855,-1,-1
25635,62043,0.000572173,-1,-1
25636,62044,0.0005720145,-1,-1
25637,62045,0.0005716274,-1,-1
25638,62046,0.0005720059,-1,-1
25639,62047,0.0005721974,-1,-1
25640,62050,0.0005718943,-1,-1
25641,62051,0.000572013,-1,-1
25642,62052,0.0005709933,-1,-1
25643,62053,0.0005720041,-1,-1
25644,62054,0.000571478,-1,-1
25645,62055,0.0005717547,-1,-1
25646,62056,0.0005715201,-1,-1
25647,62057,0.0005717447,-1,-1
25648,62060,0.0005713032,-1,-1
25649,62061,0.0005715649,-1,-1
25650,62062,0.0005718555,-1,-1
25651,62063,0.0005719786,-1,-1
25652,62064,0.0005719556,-1,-1
25653,62065,0.0005717185,-1,-1
25654,62066,0.0005719802,-1,-1
25655,62067,0.0005716002,-1,-1
25656,62070,0.0005713497,-1,-1
25657,62071,0.0005715276,-1,-1
25658,62072,0.0005721895,-1,-1
25659,62073,0.0005719017,-1,-1
25660,62074,0.000572234,-1,-1
25661,62075,0.0005716691,-1,-1
25662,62076,0.0005719898,-1,-1
25663,62077,0.0005724487,-1,-1
25664,62100,0.0005722184,-1,-1
25665,62101,0.0005724927,-1,-1
25666,62102,0.0005724112,-1,-1
25667,62103,0.0005722097,-1,-1
25668,62104,0.0005721258,-1,-1
25669,62105,0.0005718527,-1,-1
25670,62106,0.000572067,-1,-1
25671,62107,0.0005722598,-1,-1
25672,62110,0.0005724122,-1,-1
25673,62111,0.0005719769,-1,-1
25674,62112,0.0005697367,-1,-1
25675,62113,0.0005691606,-1,-1
25676,62114,0.0005715312,-1,-1
25677,62115,0.0005724417,-1,-1
25678,62116,0.0005702031,-1,-1
25679,62117,0.0005703293,-1,-1
25680,62120,0.0005724216,-1,-1
25681,62121,0.0005716738,-1,-1
25682,62122,0.0005716892,-1,-1
25683,62123,0.0005717623,-1,-1
25684,62124,0.0005719293,-1,-1
25685,62125,0.0005716228,-1,-1
25686,62126,0.0005719573,-1,-1
25687,62127,0.0005719522,-1,-1
25688,62130,0.0005717729,-1,-1
25689,62131,0.0005718165,-1,-1
25690,62132,0.0005716718,-1,-1
25691,62133,0.000571828,-1,-1
25692,62134,0.0005718883,-1,-1
25693,62135,0.0005720851,-1,-1
25694,62136,0.0005719335,-1,-1
25695,62137,0.0005710366,-1,-1
25696,62140,0.0005716734,-1,-1
25697,62141,0.0005720198,-1,-1
25698,62142,0.0005721295,-1,-1
25699,62143,0.0005720029,-1,-1
25700,62144,0.0005717982,-1,-1
25701,62145,0.0005716702,-1,-1
25702,62146,0.0005711532,-1,-1
25703,62147,0.0005716594,-1,-1
25704,62150,0.0005719181,-1,-1
25705,62151,0.000571566,-1,-1
25706,62152,0.0005711145,-1,-1
25707,62153,0.0005716415,-1,-1
25708,62154,0.0005714831,-1,-1
25709,62155,0.0005720198,-1,-1
25710,62156,0.0005714817,-1,-1
25711,62157,0.0005708875,-1,-1
25712,62160,0.0005712312,-1,-1
25713,62161,0.000571685,-1,-1
25714,62162,0.0005721085,-1,-1
25715,62163,0.0005721566,-1,-1
25716,62164,0.0005719241,-1,-1
25717,62165,0.0005722659,-1,-1
25718,62166,0.0005718812,-1,-1
25719,62167,0.0005713502,-1,-1
25720,62170,0.0005710484,-1,-1
25721,62171,0.0005710966,-1,-1
25722,62172,0.00057099,-1,-1
25723,62173,0.000571088,-1,-1
25724,62174,0.0005714466,-1,-1
25725,62175,0.0005710776,-1,-1
25726,62176,0.0005712803,-1,-1
25727,62177,0.000571312,-1,-1
25728,62200,0.0005722467,-1,-1
25729,62201,0.0005715908,-1,-1
25730,62202,0.0005714876,-1,-1
25731,62203,0.0005716562,-1,-1
25732,62204,0.0005722056,-1,-1
25733,62205,0.0005716535,-1,-1
25734,62206,0.0005713982,-1,-1
25735,62207,0.0005716055,-1,-1
25736,62210,0.000571809,-1,-1
25737,62211,0.0005713804,-1,-1
25738,62212,0.0005711541,-1,-1
25739,62213,0.0005729219,-1,-1
25740,62214,0.0005715105,-1,-1
25741,62215,0.000571185,-1,-1
25742,62216,0.0005720622,-1,-1
25743,62217,0.0005720108,-1,-1
25744,62220,0.000571598,-1,-1
25745,62221,0.0005724172,-1,-1
25746,62222,0.0005726214,-1,-1
25747,62223,0.0005727779,-1,-1
25748,62224,0.0005721881,-1,-1
25749,62225,0.0005719154,-1,-1
25750,62226,0.0005718573,-1,-1
25751,62227,0.0005721413,-1,-1
25752,62230,0.0005734873,-1,-1
25753,62231,0.0005717475,-1,-1
25754,62232,0.0005713443,-1,-1
25755,62233,0.0005716747,-1,-1
25756,62234,0.0005723521,-1,-1
25757,62235,0.0005716216,-1,-1
25758,62236,0.0005724474,-1,-1
25759,62237,0.0005728844,-1,-1
25760,62240,0.0005718948,-1,-1
25761,62241,0.0005714459,-1,-1
25762,62242,0.0005709783,-1,-1
25763,62243,0.0005715181,-1,-1
25764,62244,0.0005719179,-1,-1
25765,62245,0.000572078,-1,-1
25766,62246,0.0005713959,-1,-1
25767,62247,0.0005708652,-1,-1
25768,62250,0.0005713286,-1,-1
25769,62251,0.0005717127,-1,-1
25770,62252,0.0005719796,-1,-1
25771,62253,0.0005719516,-1,-1
25772,62254,0.0005718951,-1,-1
25773,62255,0.0005718532,-1,-1
25774,62256,0.0005717049,-1,-1
25775,62257,0.0005716823,-1,-1
25776,62260,0.0005713438,-1,-1
25777,62261,0.0005719456,-1,-1
25778,62262,0.0005719991,-1,-1
25779,62263,0.0005724236,-1,-1
25780,62264,0.0005719675,-1,-1
25781,62265,0.0005725485,-1,-1
25782,62266,0.0005711956,-1,-1
25783,62267,0.0005698345,-1,-1
25784,62270,0.0005683365,-1,-1
25785,62271,0.000567263,-1,-1
25786,62272,0.0005664709,-1,-1
25787,62273,0.0005664554,-1,-1
25788,62274,0.0005660458,-1,-1
25789,62275,0.0005663375,-1,-1
25790,62276,0.0005679399,44,0
25791,62277,0.0005698068,44,0
25792,62300,0.0005713149,44,0
25793,62301,0.000570991,44,0
25794,62302,0.0005700378,44,0
25795,62303,0.0005698607,44,0
25796,62304,0.0005692019,44,0
25797,62305,0.0005685099,44,0
25798,62306,0.0005696923,44,1
25799,62307,0.0005707464,44,1
25800,62310,0.0005710759,44,1
25801,62311,0.0005704217,44,1
25802,62312,0.0005703773,44,1
25803,62313,0.0005702093,44,1
25804,62314,0.0005706602,44,1
25805,62315,0.0005705366,44,1
25806,62316,0.0005712137,44,2
25807,62317,0.0005713556,44,2
25808,62320,0.0005711123,44,2
25809,62321,0.0005726686,44,2
25810,62322,0.0005722616,44,2
25811,62323,0.0005729652,44,2
25812,62324,0.0005735311,44,2
25813,62325,0.0005732358,44,2
25814,62326,0.0005732088,44,3
25815,62327,0.000572492,44,3
25816,62330,0.0005722873,44,3
25817,62331,0.0005717868,44,3
25818,62332,0.0005719971,44,3
25819,62333,0.0005726951,44,3
25820,62334,0.0005725242,44,3
25821,62335,0.0005726719,44,3
25822,62336,0.0005725237,44,4
25823,62337,0.0005730052,44,4
25824,62340,0.0005733342,44,4
25825,62341,0.0005738297,44,4
25826,62342,0.0005732141,44,4
25827,62343,0.0005731034,44,4
25828,62344,0.0005734423,44,4
25829,62345,0.0005737625,44,4
25830,62346,0.0005742405,44,5
25831,62347,0.0005743433,44,5
25832,62350,0.0005734478,44,5
25833,62351,0.0005736817,44,5
25834,62352,0.0005734977,44,5
25835,62353,0.0005733207,44,5
25836,62354,0.0005729477,44,5
25837,62355,0.0005729153,44,5
25838,62356,0.0005733529,44,6
25839,62357,0.0005720049,44,6
25840,62360,0.0005727127,44,6
25841,62361,0.0005733178,44,6
25842,62362,0.0005733019,44,6
25843,62363,0.0005734981,44,6
25844,62364,0.0005730764,44,6
25845,62365,0.000573199,44,6
25846,62366,0.0005729041,44,7
25847,62367,0.000571944,44,7
25848,62370,0.0005714622,44,7
25849,62371,0.0005719041,44,7
25850,62372,0.0005726003,44,7
25851,62373,0.0005729566,44,7
25852,62374,0.0005733604,44,7
25853,62375,0.0005727246,44,7
25854,62376,0.0005733477,44,8
25855,62377,0.0005729466,44,8
25856,62400,0.0005731381,44,8
25857,62401,0.0005732277,44,8
25858,62402,0.0005741135,44,8
25859,62403,0.0005735775,44,8
25860,62404,0.0005733601,44,8
25861,62405,0.0005735549,44,8
25862,62406,0.000573491,44,9
25863,62407,0.0005735051,44,9
25864,62410,0.0005735547,44,9
25865,62411,0.0005732501,44,9
25866,62412,0.0005735707,44,9
25867,62413,0.0005733028,44,9
25868,62414,0.000572457,44,9
25869,62415,0.0005710736,44,9
25870,62416,0.0005717736,44,10
25871,62417,0.0005723598,44,10
25872,62420,0.0005724742,44,10
25873,62421,0.0005736123,44,10
25874,62422,0.0005724218,44,10
25875,62423,0.000572772,44,10
25876,62424,0.0005730311,44,10
25877,62425,0.0005736112,44,10
25878,62426,0.0005729932,44,11
25879,62427,0.0005721524,44,11
25880,62430,0.0005722877,44,11
25881,62431,0.0005721202,44,11
25882,62432,0.0005704067,44,11
25883,62433,0.000569838,44,11
25884,62434,0.000569027,44,11
25885,62435,0.0005650943,44,11
25886,62436,0.0005570096,44,12
25887,62437,0.0005425296,44,12
25888,62440,0.0005319908,44,12
25889,62441,0.0005272396,44,12
25890,62442,0.0005302826,44,12
25891,62443,0.0005341546,44,12
25892,62444,0.0005391053,44,12
25893,62445,0.0005415214,44,13
25894,62446,0.00054445,44,13
25895,62447,0.0005509556,44,13
25896,62450,0.0005579111,44,13
25897,62451,0.0005606741,44,13
25898,62452,0.0005631126,44,13
25899,62453,0.0005657572,44,13
25900,62454,0.0005691597,44,13
25901,62455,0.0005693019,44,14
25902,62456,0.0005701875,44,14
25903,62457,0.0005705144,44,14
25904,62460,0.0005706372,44,14
25905,62461,0.0005705053,44,14
25906,62462,0.0005700244,44,14
25907,62463,0.0005695541,44,14
25908,62464,0.0005697026,44,14
25909,62465,0.0005700254,44,15
25910,62466,0.000569656,44,15
25911,62467,0.0005686972,44,15
25912,62470,0.0005686032,44,15
25913,62471,0.000568453,44,15
25914,62472,0.0005683271,44,15
25915,62473,0.0005690895,44,15
25916,62474,0.0005698128,44,15
25917,62475,0.0005699843,44,16
25918,62476,0.0005709201,44,16
25919,62477,0.0005710385,44,16
25920,62500,0.0005711449,44,16
25921,62501,0.0005711903,44,16
25922,62502,0.0005711383,44,16
25923,62503,0.0005722413,44,16
25924,62504,0.0005722061,44,16
25925,62505,0.0005726087,44,17
25926,62506,0.0005725405,44,17
25927,62507,0.0005725243,44,17
25928,62510,0.0005722339,44,17
25929,62511,0.0005724505,44,17
25930,62512,0.0005728119,44,17
25931,62513,0.0005728609,44,17
25932,62514,0.0005730554,44,17
25933,62515,0.0005731838,44,18
25934,62516,0.0005730138,44,18
25935,62517,0.0005724804,44,18
25936,62520,0.0005727065,44,18
25937,62521,0.0005721829,44,18
25938,62522,0.0005724165,44,18
25939,62523,0.0005723081,44,18
25940,62524,0.000571648,44,18
25941,62525,0.0005707263,44,19
25942,62526,0.0005711035,44,19
25943,62527,0.0005713886,44,19
25944,62530,0.0005716973,44,19
25945,62531,0.0005714087,44,19
25946,62532,0.0005710115,44,19
25947,62533,0.0005717805,44,19
25948,62534,0.0005723705,44,19
25949,62535,0.0005708937,44,20
25950,62536,0.000571285,44,20
25951,62537,0.0005712524,44,20
25952,62540,0.0005712888,44,20
25953,62541,0.0005710946,44,20
25954,62542,0.0005704143,44,20
25955,62543,0.0005716176,44,20
25956,62544,0.0005721361,44,20
25957,62545,0.0005720276,44,21
25958,62546,0.0005717563,44,21
25959,62547,0.0005718861,44,21
25960,62550,0.0005718491,44,21
25961,62551,0.0005722769,44,21
25962,62552,0.00057179,44,21
25963,62553,0.0005717254,44,21
25964,62554,0.0005712288,44,21
25965,62555,0.0005717091,44,22
25966,62556,0.0005719796,44,22
25967,62557,0.0005726449,44,22
25968,62560,0.0005727662,44,22
25969,62561,0.0005730408,44,22
25970,62562,0.0005733714,44,22
25971,62563,0.0005736757,44,22
25972,62564,0.0005739519,44,22
25973,62565,0.0005739318,44,23
25974,62566,0.0005739615,44,23
25975,62567,0.0005734589,44,23
25976,62570,0.0005734161,44,23
25977,62571,0.0005731097,44,23
25978,62572,0.0005736229,44,23
25979,62573,0.0005743304,44,23
25980,62574,0.0005743959,44,23
25981,62575,0.0005750203,44,24
25982,62576,0.0005745857,44,24
25983,62577,0.0005743848,44,24
25984,62600,0.0005749459,44,24
25985,62601,0.0005754795,44,24
25986,62602,0.0005751444,44,24
25987,62603,0.000575334,44,24
25988,62604,0.0005751497,44,25
25989,62605,0.0005752086,44,25
25990,62606,0.0005751057,44,25
25991,62607,0.0005752615,44,25
25992,62610,0.0005759076,44,25
25993,62611,0.0005756645,44,25
25994,62612,0.0005756862,44,25
25995,62613,0.0005752863,44,25
25996,62614,0.000574286,44,26
25997,62615,0.0005740832,44,26
25998,62616,0.0005748101,44,26
25999,62617,0.000573771,44,26
26000,62620,0.0005735129,44,26
26001,62621,0.0005727655,44,26
26002,62622,0.0005722783,44,26
26003,62623,0.0005723176,44,26
26004,62624,0.0005727702,44,27
26005,62625,0.0005732303,44,27
26006,62626,0.0005735847,44,27
26007,62627,0.0005737611,44,27
26008,62630,0.0005745448,44,27
26009,62631,0.0005749357,44,27
26010,62632,0.0005754947,44,27
26011,62633,0.0005746536,44,27
26012,62634,0.0005747193,44,28
26013,62635,0.0005747303,44,28
26014,62636,0.0005744376,44,28
26015,62637,0.0005745256,44,28
26016,62640,0.0005755561,44,28
26017,62641,0.0005750131,44,28
26018,62642,0.0005742749,44,28
26019,62643,0.0005732925,44,28
26020,62644,0.0005726887,44,29
26021,62645,0.0005721165,44,29
26022,62646,0.0005716752,44,29
26023,62647,0.0005704371,44,29
26024,62650,0.0005693319,44,29
26025,62651,0.0005687942,44,29
26026,62652,0.0005692986,44,29
26027,62653,0.0005714924,44,29
26028,62654,0.0005722947,44,30
26029,62655,0.0005729675,44,30
26030,62656,0.0005723354,44,30
26031,62657,0.0005722104,44,30
26032,62660,0.0005724282,44,30
26033,62661,0.0005730795,44,30
26034,62662,0.0005731635,44,30
26035,62663,0.00057304,44,30
26036,62664,0.0005733764,44,31
26037,62665,0.0005742011,44,31
26038,62666,0.0005734829,44,31
26039,62667,0.0005728598,44,31
26040,62670,0.0005720604,44,31
26041,62671,0.000570497,44,31
26042,62672,0.0005698918,44,31
26043,62673,0.0005685764,44,31
26044,62674,0.0005698569,44,32
26045,62675,0.0005685322,44,32
26046,62676,0.0005680486,44,32
26047,62677,0.0005679454,44,32
26048,62700,0.0005676417,44,32
26049,62701,0.0005679681,44,32
26050,62702,0.000567938,44,32
26051,62703,0.0005674365,44,32
26052,62704,0.0005668279,44,33
26053,62705,0.0005661356,44,33
26054,62706,0.0005656437,44,33
26055,62707,0.0005652994,44,33
26056,62710,0.0005685455,44,33
26057,62711,0.0005706421,44,33
26058,62712,0.0005701836,44,33
26059,62713,0.0005713078,44,33
26060,62714,0.0005716862,44,34
26061,62715,0.0005711556,44,34
26062,62716,0.000570622,44,34
26063,62717,0.0005695968,44,34
26064,62720,0.000568926,44,34
26065,62721,0.0005687686,44,34
26066,62722,0.0005694755,44,34
26067,62723,0.0005692086,44,34
26068,62724,0.0005686726,44,35
26069,62725,0.0005676184,44,35
26070,62726,0.0005665445,44,35
26071,62727,0.0005655266,44,35
26072,62730,0.0005638979,44,35
26073,62731,0.0005636805,44,35
26074,62732,0.0005632056,44,35
26075,62733,0.0005628359,44,35
26076,62734,0.0005622716,44,36
26077,62735,0.0005632676,44,36
26078,62736,0.0005633602,44,36
26079,62737,0.0005637374,44,36
26080,62740,0.0005644474,44,36
26081,62741,0.0005651249,44,36
26082,62742,0.0005656428,44,36
26083,62743,0.000565485,44,36
26084,62744,0.0005649272,44,37
26085,62745,0.0005648513,44,37
26086,62746,0.0005648131,44,37
26087,62747,0.0005657214,44,37
26088,62750,0.0005664219,44,37
26089,62751,0.0005661938,44,37
26090,62752,0.0005663507,44,37
26091,62753,0.0005681409,44,38
26092,62754,0.0005684318,44,38
26093,62755,0.0005690002,44,38
26094,62756,0.0005694286,44,38
26095,62757,0.0005700578,44,38
26096,62760,0.0005704625,44,38
26097,62761,0.0005703521,44,38
26098,62762,0.0005712144,44,38
26099,62763,0.0005719079,44,39
26100,62764,0.0005720001,44,39
26101,62765,0.0005722801,44,39
26102,62766,0.0005722613,44,39
26103,62767,0.0005725725,44,39
26104,62770,0.000572847,44,39
26105,62771,0.0005730336,44,39
26106,62772,0.0005728001,44,39
26107,62773,0.0005714602,44,40
26108,62774,0.0005718363,44,40
26109,62775,0.000572959,44,40
26110,62776,0.0005724463,44,40
26111,62777,0.0005730232,44,40
26112,63000,0.0005719394,44,40
26113,63001,0.0005712432,44,40
26114,63002,0.0005710666,44,40
26115,63003,0.0005704035,44,41
26116,63004,0.0005705013,44,41
26117,63005,0.0005707812,44,41
26118,63006,0.0005714275,44,41
26119,63007,0.0005713014,44,41
26120,63010,0.0005704662,44,41
26121,63011,0.0005700873,44,41
26122,63012,0.0005703446,44,41
26123,63013,0.0005697013,44,42
26124,63014,0.0005696487,44,42
26125,63015,0.0005696845,44,42
26126,63016,0.0005686615,44,42
26127,63017,0.0005697096,44,42
26128,63020,0.0005688487,44,42
26129,63021,0.0005678822,44,42
26130,63022,0.0005650619,44,42
26131,63023,0.0005587989,44,43
26132,63024,0.0005496937,44,43
26133,63025,0.0005382726,44,43
26134,63026,0.0005297604,44,43
26135,63027,0.0005240869,44,43
26136,63030,0.0005204667,44,43
26137,63031,0.0005222642,44,43
26138,63032,0.0005215316,44,43
26139,63033,0.0005196963,44,44
26140,63034,0.0005181077,44,44
26141,63035,0.0005188771,44,44
26142,63036,0.000521846,44,44
26143,63037,0.0005250892,44,44
26144,63040,0.0005259204,44,44
26145,63041,0.0005218266,44,44
26146,63042,0.0005204961,44,44
26147,63043,0.0005211409,44,45
26148,63044,0.0005268468,44,45
26149,63045,0.0005372606,44,45
26150,63046,0.0005520707,44,45
26151,63047,0.0005666438,44,45
26152,63050,0.0005810523,44,45
26153,63051,0.0005888972,44,45
26154,63052,0.0005952487,44,45
26155,63053,0.0006010946,44,46
26156,63054,0.0006059983,44,46
26157,63055,0.0006097001,44,46
26158,63056,0.0006117586,44,46
26159,63057,0.000611078,44,46
26160,63060,0.0006109598,44,46
26161,63061,0.0006112204,44,46
26162,63062,0.0006106384,44,46
26163,63063,0.0006107707,44,47
26164,63064,0.0006113889,44,47
26165,63065,0.0006122153,44,47
26166,63066,0.0006124811,44,47
26167,63067,0.0006106916,44,47
26168,63070,0.0006114094,44,47
26169,63071,0.0006118828,44,47
26170,63072,0.0006117849,44,47
26171,63073,0.0006112627,44,48
26172,63074,0.0006116867,44,48
26173,63075,0.0006114518,44,48
26174,63076,0.0006115221,44,48
26175,63077,0.0006100884,44,48
26176,63100,0.0006112291,44,48
26177,63101,0.0006120919,44,48
26178,63102,0.0006110775,44,48
26179,63103,0.0006108404,44,49
26180,63104,0.0006109092,44,49
26181,63105,0.0006113123,44,49
26182,63106,0.0006107255,44,49
26183,63107,0.0006097135,44,49
26184,63110,0.0006097481,44,49
26185,63111,0.0006104367,44,49
26186,63112,0.0006106629,-1,-1
26187,63113,0.000610195,-1,-1
26188,63114,0.0006101992,-1,-1
26189,63115,0.0006108239,-1,-1
26190,63116,0.0006109955,-1,-1
26191,63117,0.0006103401,-1,-1
26192,63120,0.0006100391,-1,-1
26193,63121,0.0006106458,-1,-1
26194,63122,0.0006109165,-1,-1
26195,63123,0.0006105609,-1,-1
26196,63124,0.0006106785,-1,-1
26197,63125,0.000610839,-1,-1
26198,63126,0.0006106867,-1,-1
26199,63127,0.0006111261,-1,-1
26200,63130,0.0006107332,-1,-1
26201,63131,0.0006110388,-1,-1
26202,63132,0.0006108843,-1,-1
26203,63133,0.0006104245,-1,-1
26204,63134,0.0006108917,-1,-1
26205,63135,0.0006112321,-1,-1
26206,63136,0.000611197,-1,-1
26207,63137,0.0006114418,-1,-1
26208,63140,0.0006116515,-1,-1
26209,63141,0.0006113592,-1,-1
26210,63142,0.0006114939,-1,-1
26211,63143,0.0006098308,-1,-1
26212,63144,0.0006109763,-1,-1
26213,63145,0.0006113885,-1,-1
26214,63146,0.0006114558,-1,-1
26215,63147,0.0006116215,-1,-1
26216,63150,0.0006116573,-1,-1
26217,63151,0.0006118633,-1,-1
26218,63152,0.0006111627,-1,-1
26219,63153,0.0006108638,-1,-1
26220,63154,0.0006118453,-1,-1
26221,63155,0.0006108947,-1,-1
26222,63156,0.0006111735,-1,-1
26223,63157,0.0006102103,-1,-1
26224,63160,0.0006101716,-1,-1
26225,63161,0.0006112125,-1,-1
26226,63162,0.0006112665,-1,-1
26227,63163,0.0006115335,-1,-1
26228,63164,0.0006111671,-1,-1
26229,63165,0.0006104578,-1,-1
26230,63166,0.0006110816,-1,-1
26231,63167,0.0006110828,-1,-1
26232,63170,0.0006104198,-1,-1
26233,63171,0.0006112512,-1,-1
26234,63172,0.0006111343,-1,-1
26235,63173,0.0006109233,-1,-1
26236,63174,0.0006108474,-1,-1
26237,63175,0.0006114393,-1,-1
26238,63176,0.0006114013,-1,-1
26239,63177,0.000610887,-1,-1
26240,63200,0.0006112825,-1,-1
26241,63201,0.0006112237,-1,-1
26242,63202,0.000610952,-1,-1
26243,63203,0.0006114364,-1,-1
26244,63204,0.000611505,-1,-1
26245,63205,0.0006110992,-1,-1
26246,63206,0.0006115395,-1,-1
26247,63207,0.0006117341,-1,-1
26248,63210,0.0006116134,-1,-1
26249,63211,0.0006115993,-1,-1
26250,63212,0.0006112859,-1,-1
26251,63213,0.0006108878,-1,-1
26252,63214,0.0006111133,-1,-1
26253,63215,0.0006114711,-1,-1
26254,63216,0.0006111303,-1,-1
26255,63217,0.000610804,-1,-1
26256,63220,0.0006110985,-1,-1
26257,63221,0.000611362,-1,-1
26258,63222,0.0006108191,-1,-1
26259,63223,0.0006109152,-1,-1
26260,63224,0.0006108152,-1,-1
26261,63225,0.0006113317,-1,-1
26262,63226,0.0006116868,-1,-1
26263,63227,0.0006117931,-1,-1
26264,63230,0.0006115888,-1,-1
26265,63231,0.0006109565,-1,-1
26266,63232,0.0006111418,-1,-1
26267,63233,0.0006109073,-1,-1
26268,63234,0.0006115175,-1,-1
26269,63235,0.0006113883,-1,-1
26270,63236,0.0006114083,-1,-1
26271,63237,0.000611659,-1,-1
26272,63240,0.0006110258,-1,-1
26273,63241,0.0006114736,-1,-1
26274,63242,0.0006112215,-1,-1
26275,63243,0.0006107296,-1,-1
26276,63244,0.0006112063,-1,-1
26277,63245,0.0006115097,-1,-1
26278,63246,0.0006114892,-1,-1
26279,63247,0.000611498,-1,-1
26280,63250,0.0006110974,-1,-1
26281,63251,0.0006112817,-1,-1
26282,63252,0.0006111864,-1,-1
26283,63253,0.0006112561,-1,-1
26284,63254,0.0006109235,-1,-1
26285,63255,0.00061104,-1,-1
26286,63256,0.0006116907,-1,-1
26287,63257,0.0006113727,-1,-1
26288,63260,0.0006114406,-1,-1
26289,63261,0.0006116069,-1,-1
26290,63262,0.0006114199,-1,-1
26291,63263,0.0006112673,-1,-1
26292,63264,0.0006108614,-1,-1
26293,63265,0.0006109971,-1,-1
26294,63266,0.0006115625,-1,-1
26295,63267,0.0006110265,-1,-1
26296,63270,0.0006109165,-1,-1
26297,63271,0.0006108451,-1,-1
26298,63272,0.0006105516,-1,-1
26299,63273,0.0006110563,-1,-1
26300,63274,0.0006109275,-1,-1
26301,63275,0.0006111501,-1,-1
26302,63276,0.0006109661,-1,-1
26303,63277,0.0006110505,-1,-1
26304,63300,0.0006107016,-1,-1
26305,63301,0.0006106428,-1,-1
26306,63302,0.0006107126,-1,-1
26307,63303,0.0006112567,-1,-1
26308,63304,0.0006112719,-1,-1
26309,63305,0.000611085,-1,-1
26310,63306,0.0006113269,-1,-1
26311,63307,0.0006111724,-1,-1
26312,63310,0.0006108884,-1,-1
26313,63311,0.0006110693,-1,-1
26314,63312,0.0006105193,-1,-1
26315,63313,0.000610558,-1,-1
26316,63314,0.0006109556,-1,-1
26317,63315,0.000611102,-1,-1
26318,63316,0.0006111678,-1,-1
26319,63317,0.0006107558,-1,-1
26320,63320,0.0006109762,-1,-1
26321,63321,0.0006113492,-1,-1
26322,63322,0.000611064,-1,-1
26323,63323,0.0006116984,-1,-1
26324,63324,0.0006110077,-1,-1
26325,63325,0.0006111418,-1,-1
26326,63326,0.0006110728,-1,-1
26327,63327,0.0006112222,-1,-1
26328,63330,0.0006111115,-1,-1
26329,63331,0.0006113615,-1,-1
26330,63332,0.000611553,-1,-1
26331,63333,0.0006110463,-1,-1
26332,63334,0.0006112334,-1,-1
26333,63335,0.0006110651,-1,-1
26334,63336,0.0006114506,-1,-1
26335,63337,0.0006114372,-1,-1
26336,63340,0.0006113089,-1,-1
26337,63341,0.0006114558,-1,-1
26338,63342,0.0006109282,-1,-1
26339,63343,0.000611159,-1,-1
26340,63344,0.0006110902,-1,-1
26341,63345,0.0006106332,-1,-1
26342,63346,0.000610771,-1,-1
26343,63347,0.0006107202,-1,-1
26344,63350,0.0006109076,-1,-1
26345,63351,0.0006110487,-1,-1
26346,63352,0.0006106645,-1,-1
26347,63353,0.0006114598,-1,-1
26348,63354,0.000611649,-1,-1
26349,63355,0.0006108595,-1,-1
26350,63356,0.0006107553,-1,-1
26351,63357,0.0006115367,-1,-1
26352,63360,0.0006108766,-1,-1
26353,63361,0.0006112205,-1,-1
26354,63362,0.0006110517,-1,-1
26355,63363,0.0006112297,-1,-1
26356,63364,0.0006111987,-1,-1
26357,63365,0.0006111941,-1,-1
26358,63366,0.0006111083,-1,-1
26359,63367,0.0006110914,-1,-1
26360,63370,0.0006114445,-1,-1
26361,63371,0.0006114422,-1,-1
26362,63372,0.0006113812,-1,-1
26363,63373,0.0006111243,-1,-1
26364,63374,0.0006117317,-1,-1
26365,63375,0.0006110991,-1,-1
26366,63376,0.0006113925,-1,-1
26367,63377,0.0006115717,-1,-1
26368,63400,0.0006117286,-1,-1
26369,63401,0.0006114024,-1,-1
26370,63402,0.0006115959,-1,-1
26371,63403,0.0006109801,-1,-1
26372,63404,0.0006112192,-1,-1
26373,63405,0.0006112913,-1,-1
26374,63406,0.0006110734,-1,-1
26375,63407,0.0006109594,-1,-1
26376,63410,0.0006112503,-1,-1
26377,63411,0.0006112153,-1,-1
26378,63412,0.0006105641,-1,-1
26379,63413,0.00061155,-1,-1
26380,63414,0.0006114009,-1,-1
26381,63415,0.0006109697,-1,-1
26382,63416,0.0006112232,-1,-1
26383,63417,0.0006109516,-1,-1
26384,63420,0.0006112279,-1,-1
26385,63421,0.0006110451,-1,-1
26386,63422,0.0006113217,-1,-1
26387,63423,0.0006110418,-1,-1
26388,63424,0.0006110041,-1,-1
26389,63425,0.0006113428,-1,-1
26390,63426,0.0006116953,-1,-1
26391,63427,0.0006109416,-1,-1
26392,63430,0.0006107736,-1,-1
26393,63431,0.0006111822,-1,-1
26394,63432,0.0006110207,-1,-1
26395,63433,0.0006113134,-1,-1
26396,63434,0.0006112357,-1,-1
26397,63435,0.000611085,-1,-1
26398,63436,0.000610985,-1,-1
26399,63437,0.0006113797,-1,-1
26400,63440,0.0006112748,-1,-1
26401,63441,0.0006108021,-1,-1
26402,63442,0.0006113023,-1,-1
26403,63443,0.0006114108,-1,-1
26404,63444,0.000611512,-1,-1
26405,63445,0.0006111091,-1,-1
26406,63446,0.0006114435,-1,-1
26407,63447,0.000611,-1,-1
26408,63450,0.000611314,-1,-1
26409,63451,0.0006112172,-1,-1
26410,63452,0.0006109427,-1,-1
26411,63453,0.0006113163,-1,-1
26412,63454,0.0006114066,-1,-1
26413,63455,0.0006113837,-1,-1
26414,63456,0.0006114892,-1,-1
26415,63457,0.0006109287,-1,-1
26416,63460,0.0006116949,-1,-1
26417,63461,0.0006113898,-1,-1
26418,63462,0.0006110664,-1,-1
26419,63463,0.0006112163,-1,-1
26420,63464,0.0006113012,-1,-1
26421,63465,0.0006115495,-1,-1
26422,63466,0.0006113574,45,49
26423,63467,0.0006114612,45,49
26424,63470,0.0006114079,45,49
26425,63471,0.0006112467,45,49
26426,63472,0.0006114844,45,49
26427,63473,0.0006115156,45,49
26428,63474,0.0006115495,45,49
26429,63475,0.0006107244,45,49
26430,63476,0.0006112533,45,48
26431,63477,0.0006107274,45,48
26432,63500,0.0006109896,45,48
26433,63501,0.0006109627,45,48
26434,63502,0.0006112937,45,48
26435,63503,0.0006115607,45,48
26436,63504,0.0006113246,45,48
26437,63505,0.0006113352,45,48
26438,63506,0.0006106928,45,47
26439,63507,0.0006111033,45,47
26440,63510,0.0006109387,45,47
26441,63511,0.000611129,45,47
26442,63512,0.0006108732,45,47
26443,63513,0.000610829,45,47
26444,63514,0.0006109872,45,47
26445,63515,0.0006108531,45,47
26446,63516,0.0006111003,45,46
26447,63517,0.0006110535,45,46
26448,63520,0.0006113757,45,46
26449,63521,0.0006114956,45,46
26450,63522,0.0006106536,45,46
26451,63523,0.0006096743,45,46
26452,63524,0.0006066291,45,46
26453,63525,0.0006028322,45,46
26454,63526,0.0005965531,45,45
26455,63527,0.00058799,45,45
26456,63530,0.000577266,45,45
26457,63531,0.0005653555,45,45
26458,63532,0.0005472535,45,45
26459,63533,0.0005308586,45,45
26460,63534,0.0005165003,45,45
26461,63535,0.000504024,45,45
26462,63536,0.0005038776,45,44
26463,63537,0.0005110894,45,44
26464,63540,0.0005199034,45,44
26465,63541,0.0005269967,45,44
26466,63542,0.0005326659,45,44
26467,63543,0.000536213,45,44
26468,63544,0.0005389172,45,44
26469,63545,0.0005414571,45,44
26470,63546,0.0005441505,45,43
26471,63547,0.0005455143,45,43
26472,63550,0.0005486846,45,43
26473,63551,0.0005515856,45,43
26474,63552,0.0005536556,45,43
26475,63553,0.0005568216,45,43
26476,63554,0.0005599487,45,43
26477,63555,0.000561656,45,43
26478,63556,0.0005614161,45,42
26479,63557,0.0005620313,45,42
26480,63560,0.0005614536,45,42
26481,63561,0.0005610698,45,42
26482,63562,0.0005626802,45,42
26483,63563,0.0005646457,45,42
26484,63564,0.000567054,45,42
26485,63565,0.0005693953,45,42
26486,63566,0.0005710039,45,41
26487,63567,0.0005719816,45,41
26488,63570,0.000572498,45,41
26489,63571,0.0005730128,45,41
26490,63572,0.000573424,45,41
26491,63573,0.0005738229,45,41
26492,63574,0.0005742424,45,41
26493,63575,0.0005742133,45,41
26494,63576,0.0005741703,45,40
26495,63577,0.0005739311,45,40
26496,63600,0.0005732996,45,40
26497,63601,0.0005727872,45,40
26498,63602,0.000572075,45,40
26499,63603,0.0005718988,45,40
26500,63604,0.0005716029,45,40
26501,63605,0.0005717998,45,40
26502,63606,0.0005710158,45,39
26503,63607,0.0005702456,45,39
26504,63610,0.0005700273,45,39
26505,63611,0.0005699652,45,39
26506,63612,0.0005695632,45,39
26507,63613,0.0005695464,45,39
26508,63614,0.0005696194,45,39
26509,63615,0.0005689467,45,39
26510,63616,0.0005699627,45,38
26511,63617,0.0005695417,45,38
26512,63620,0.0005690754,45,38
26513,63621,0.0005682565,45,38
26514,63622,0.0005680816,45,38
26515,63623,0.0005685414,45,38
26516,63624,0.000569083,45,38
26517,63625,0.0005686057,45,38
26518,63626,0.0005669122,45,37
26519,63627,0.0005653619,45,37
26520,63630,0.0005638188,45,37
26521,63631,0.0005624428,45,37
26522,63632,0.00056166,45,37
26523,63633,0.0005613975,45,37
26524,63634,0.0005610937,45,37
26525,63635,0.000561472,45,36
26526,63636,0.0005619842,45,36
26527,63637,0.0005625426,45,36
26528,63640,0.0005629174,45,36
26529,63641,0.0005632982,45,36
26530,63642,0.0005639415,45,36
26531,63643,0.0005644377,45,36
26532,63644,0.0005653784,45,36
26533,63645,0.0005657693,45,35
26534,63646,0.0005653955,45,35
26535,63647,0.0005650017,45,35
26536,63650,0.0005654749,45,35
26537,63651,0.0005670221,45,35
26538,63652,0.0005681269,45,35
26539,63653,0.0005685531,45,35
26540,63654,0.0005682265,45,35
26541,63655,0.0005667792,45,34
26542,63656,0.0005649153,45,34
26543,63657,0.0005627444,45,34
26544,63660,0.0005619772,45,34
26545,63661,0.0005651611,45,34
26546,63662,0.0005645044,45,34
26547,63663,0.0005641739,45,34
26548,63664,0.0005637042,45,34
26549,63665,0.0005634117,45,33
26550,63666,0.0005637152,45,33
26551,63667,0.0005632062,45,33
26552,63670,0.0005621895,45,33
26553,63671,0.0005626644,45,33
26554,63672,0.0005638433,45,33
26555,63673,0.0005634473,45,33
26556,63674,0.0005630332,45,33
26557,63675,0.0005626392,45,32
26558,63676,0.0005634606,45,32
26559,63677,0.0005650933,45,32
26560,63700,0.0005669759,45,32
26561,63701,0.0005677806,45,32
26562,63702,0.0005692746,45,32
26563,63703,0.000570252,45,32
26564,63704,0.0005710263,45,32
26565,63705,0.0005713801,45,31
26566,63706,0.000573151,45,31
26567,63707,0.0005727352,45,31
26568,63710,0.0005727621,45,31
26569,63711,0.0005738758,45,31
26570,63712,0.0005742057,45,31
26571,63713,0.0005742102,45,31
26572,63714,0.0005739789,45,31
26573,63715,0.0005738311,45,30
26574,63716,0.0005734361,45,30
26575,63717,0.0005733419,45,30
26576,63720,0.0005728124,45,30
26577,63721,0.0005727193,45,30
26578,63722,0.0005728781,45,30
26579,63723,0.0005729576,45,30
26580,63724,0.0005735679,45,30
26581,63725,0.0005733495,45,29
26582,63726,0.0005736224,45,29
26583,63727,0.000573302,45,29
26584,63730,0.0005737576,45,29
26585,63731,0.0005740586,45,29
26586,63732,0.0005746394,45,29
26587,63733,0.0005745846,45,29
26588,63734,0.00057449,45,29
26589,63735,0.0005751784,45,28
26590,63736,0.0005748167,45,28
26591,63737,0.0005749235,45,28
26592,63740,0.0005742168,45,28
26593,63741,0.000573793,45,28
26594,63742,0.0005738911,45,28
26595,63743,0.0005739539,45,28
26596,63744,0.0005735142,45,28
26597,63745,0.0005736442,45,27
26598,63746,0.0005739743,45,27
26599,63747,0.000573976,45,27
26600,63750,0.0005736732,45,27
26601,63751,0.0005731791,45,27
26602,63752,0.0005733412,45,27
26603,63753,0.0005726218,45,27
26604,63754,0.0005722994,45,27
26605,63755,0.0005719461,45,26
26606,63756,0.000571722,45,26
26607,63757,0.0005716757,45,26
26608,63760,0.0005714408,45,26
26609,63761,0.0005720272,45,26
26610,63762,0.0005731557,45,26
26611,63763,0.0005738367,45,26
26612,63764,0.0005737406,45,26
26613,63765,0.0005742004,45,25
26614,63766,0.000574652,45,25
26615,63767,0.0005748251,45,25
26616,63770,0.0005740552,45,25
26617,63771,0.0005740832,45,25
26618,63772,0.0005741164,45,25
26619,63773,0.0005746186,45,25
26620,63774,0.0005750325,45,24
26621,63775,0.0005744396,45,24
26622,63776,0.0005744961,45,24
26623,63777,0.0005742361,45,24
26624,64000,0.0005743147,45,24
26625,64001,0.0005738169,45,24
26626,64002,0.0005745268,45,24
26627,64003,0.0005741711,45,24
26628,64004,0.0005743594,45,23
26629,64005,0.0005749441,45,23
26630,64006,0.0005743362,45,23
26631,64007,0.0005746358,45,23
26632,64010,0.0005749904,45,23
26633,64011,0.0005742787,45,23
26634,64012,0.0005742602,45,23
26635,64013,0.0005738648,45,23
26636,64014,0.0005737973,45,22
26637,64015,0.0005732456,45,22
26638,64016,0.0005731321,45,22
26639,64017,0.0005723809,45,22
26640,64020,0.0005719926,45,22
26641,64021,0.0005722834,45,22
26642,64022,0.0005723381,45,22
26643,64023,0.0005723896,45,22
26644,64024,0.0005720932,45,21
26645,64025,0.0005724774,45,21
26646,64026,0.0005720482,45,21
26647,64027,0.000572444,45,21
26648,64030,0.0005726193,45,21
26649,64031,0.000572559,45,21
26650,64032,0.0005722459,45,21
26651,64033,0.0005720329,45,21
26652,64034,0.0005720505,45,20
26653,64035,0.0005722221,45,20
26654,64036,0.0005722929,45,20
26655,64037,0.0005725815,45,20
26656,64040,0.0005727273,45,20
26657,64041,0.000571583,45,20
26658,64042,0.000571567,45,20
26659,64043,0.0005711884,45,20
26660,64044,0.0005712346,45,19
26661,64045,0.0005710527,45,19
26662,64046,0.0005710368,45,19
26663,64047,0.0005722935,45,19
26664,64050,0.0005725288,45,19
26665,64051,0.00057245,45,19
26666,64052,0.0005724364,45,19
26667,64053,0.0005720134,45,19
26668,64054,0.0005717812,45,18
26669,64055,0.0005714936,45,18
26670,64056,0.0005710887,45,18
26671,64057,0.0005708006,45,18
26672,64060,0.0005709644,45,18
26673,64061,0.0005715293,45,18
26674,64062,0.0005713862,45,18
26675,64063,0.0005714114,45,18
26676,64064,0.0005718777,45,17
26677,64065,0.0005717108,45,17
26678,64066,0.000571723,45,17
26679,64067,0.0005717131,45,17
26680,64070,0.0005722376,45,17
26681,64071,0.0005723431,45,17
26682,64072,0.0005723304,45,17
26683,64073,0.0005725388,45,17
26684,64074,0.0005734278,45,16
26685,64075,0.0005728839,45,16
26686,64076,0.0005727844,45,16
26687,64077,0.0005724574,45,16
26688,64100,0.0005722228,45,16
26689,64101,0.0005722785,45,16
26690,64102,0.0005718507,45,16
26691,64103,0.0005714548,45,16
26692,64104,0.000571886,45,15
26693,64105,0.0005720464,45,15
26694,64106,0.000572135,45,15
26695,64107,0.0005713847,45,15
26696,64110,0.0005708604,45,15
26697,64111,0.0005690332,45,15
26698,64112,0.0005685103,45,15
26699,64113,0.0005672676,45,15
26700,64114,0.0005672852,45,14
26701,64115,0.0005681631,45,14
26702,64116,0.0005695849,45,14
26703,64117,0.0005710017,45,14
26704,64120,0.0005712784,45,14
26705,64121,0.0005715381,45,14
26706,64122,0.0005718629,45,14
26707,64123,0.0005728116,45,14
26708,64124,0.0005733208,45,13
26709,64125,0.0005723822,45,13
26710,64126,0.0005710221,45,13
26711,64127,0.0005689362,45,13
26712,64130,0.000568036,45,13
26713,64131,0.0005665131,45,13
26714,64132,0.0005660313,45,13
26715,64133,0.0005655512,45,13
26716,64134,0.0005654468,45,12
26717,64135,0.0005656642,45,12
26718,64136,0.000566139,45,12
26719,64137,0.0005668196,45,12
26720,64140,0.000567823,45,12
26721,64141,0.0005694083,45,12
26722,64142,0.0005700106,45,12
26723,64143,0.0005697285,45,11
26724,64144,0.0005675423,45,11
26725,64145,0.0005661576,45,11
26726,64146,0.0005659681,45,11
26727,64147,0.0005685261,45,11
26728,64150,0.0005706614,45,11
26729,64151,0.0005732495,45,11
26730,64152,0.0005714181,45,11
26731,64153,0.0005703429,45,10
26732,64154,0.0005692805,45,10
26733,64155,0.0005693221,45,10
26734,64156,0.0005700365,45,10
26735,64157,0.00057086,45,10
26736,64160,0.0005717684,45,10
26737,64161,0.0005726826,45,10
26738,64162,0.000573551,45,10
26739,64163,0.0005740991,45,9
26740,64164,0.0005742479,45,9
26741,64165,0.0005745853,45,9
26742,64166,0.0005742899,45,9
26743,64167,0.000573637,45,9
26744,64170,0.0005732083,45,9
26745,64171,0.0005729213,45,9
26746,64172,0.0005724735,45,9
26747,64173,0.0005720877,45,8
26748,64174,0.0005719044,45,8
26749,64175,0.00057182,45,8
26750,64176,0.000571717,45,8
26751,64177,0.0005715803,45,8
26752,64200,0.0005717336,45,8
26753,64201,0.0005721038,45,8
26754,64202,0.0005730572,45,8
26755,64203,0.0005730236,45,7
26756,64204,0.0005735398,45,7
26757,64205,0.0005741587,45,7
26758,64206,0.0005736915,45,7
26759,64207,0.0005732727,45,7
26760,64210,0.0005718121,45,7
26761,64211,0.000571279,45,7
26762,64212,0.0005712038,45,7
26763,64213,0.0005710719,45,6
26764,64214,0.0005712025,45,6
26765,64215,0.0005713235,45,6
26766,64216,0.0005716212,45,6
26767,64217,0.0005714512,45,6
26768,64220,0.0005719936,45,6
26769,64221,0.0005722854,45,6
26770,64222,0.0005723936,45,6
26771,64223,0.0005723873,45,5
26772,64224,0.0005725246,45,5
26773,64225,0.0005725979,45,5
26774,64226,0.000572426,45,5
26775,64227,0.0005723831,45,5
26776,64230,0.000571539,45,5
26777,64231,0.0005717325,45,5
26778,64232,0.0005712645,45,5
26779,64233,0.0005712112,45,4
26780,64234,0.0005709658,45,4
26781,64235,0.0005702943,45,4
26782,64236,0.0005703386,45,4
26783,64237,0.0005703337,45,4
26784,64240,0.0005704224,45,4
26785,64241,0.0005701979,45,4
26786,64242,0.0005705248,45,4
26787,64243,0.0005695909,45,3
26788,64244,0.0005692348,45,3
26789,64245,0.0005663915,45,3
26790,64246,0.0005645531,45,3
26791,64247,0.0005614678,45,3
26792,64250,0.0005611214,45,3
26793,64251,0.0005617632,45,3
26794,64252,0.0005650633,45,3
26795,64253,0.0005664888,45,2
26796,64254,0.000567536,45,2
26797,64255,0.0005685378,45,2
26798,64256,0.000568129,45,2
26799,64257,0.0005679647,45,2
26800,64260,0.0005687333,45,2
26801,64261,0.0005685095,45,2
26802,64262,0.0005683439,45,2
26803,64263,0.0005683182,45,1
26804,64264,0.0005678181,45,1
26805,64265,0.000567033,45,1
26806,64266,0.0005677542,45,1
26807,64267,0.0005680277,45,1
26808,64270,0.0005678279,45,1
26809,64271,0.0005691912,45,1
26810,64272,0.000569093,45,1
26811,64273,0.000569571,45,0
26812,64274,0.0005699919,45,0
26813,64275,0.0005710666,45,0
26814,64276,0.0005715673,45,0
26815,64277,0.0005715966,45,0
26816,64300,0.0005716747,45,0
26817,64301,0.0005712323,45,0
26818,64302,0.000570351,-1,-1
26819,64303,0.0005696551,-1,-1
26820,64304,0.000568549,-1,-1
26821,64305,0.0005669164,-1,-1
26822,64306,0.0005645562,-1,-1
26823,64307,0.0005607472,-1,-1
26824,64310,0.000559186,-1,-1
26825,64311,0.000557625,-1,-1
26826,64312,0.0005589907,-1,-1
26827,64313,0.0005611472,-1,-1
26828,64314,0.0005647926,-1,-1
26829,64315,0.0005672372,-1,-1
26830,64316,0.0005683973,-1,-1
26831,64317,0.0005700975,-1,-1
26832,64320,0.0005706306,-1,-1
26833,64321,0.0005700102,-1,-1
26834,64322,0.0005700979,-1,-1
26835,64323,0.0005704945,-1,-1
26836,64324,0.0005700735,-1,-1
26837,64325,0.0005705337,-1,-1
26838,64326,0.0005704055,-1,-1
26839,64327,0.0005699123,-1,-1
26840,64330,0.0005704944,-1,-1
26841,64331,0.0005700786,-1,-1
26842,64332,0.0005701858,-1,-1
26843,64333,0.0005706309,-1,-1
26844,64334,0.0005697722,-1,-1
26845,64335,0.0005701348,-1,-1
26846,64336,0.0005701126,-1,-1
26847,64337,0.0005701747,-1,-1
26848,64340,0.0005703724,-1,-1
26849,64341,0.0005696079,-1,-1
26850,64342,0.0005701621,-1,-1
26851,64343,0.0005700644,-1,-1
26852,64344,0.0005702978,-1,-1
26853,64345,0.0005702921,-1,-1
26854,64346,0.0005701096,-1,-1
26855,64347,0.0005702298,-1,-1
26856,64350,0.0005706234,-1,-1
26857,64351,0.0005704092,-1,-1
26858,64352,0.0005701455,-1,-1
26859,64353,0.0005700723,-1,-1
26860,64354,0.0005704613,-1,-1
26861,64355,0.0005704777,-1,-1
26862,64356,0.0005705227,-1,-1
26863,64357,0.0005703341,-1,-1
26864,64360,0.0005699584,-1,-1
26865,64361,0.0005697982,-1,-1
26866,64362,0.0005698852,-1,-1
26867,64363,0.0005703914,-1,-1
26868,64364,0.0005701472,-1,-1
26869,64365,0.0005700364,-1,-1
26870,64366,0.0005698979,-1,-1
26871,64367,0.0005699657,-1,-1
26872,64370,0.0005704219,-1,-1
26873,64371,0.0005702502,-1,-1
26874,64372,0.000570211,-1,-1
26875,64373,0.0005704285,-1,-1
26876,64374,0.0005701453,-1,-1
26877,64375,0.0005704805,-1,-1
26878,64376,0.0005703783,-1,-1
26879,64377,0.0005700617,-1,-1
26880,64400,0.0005706464,-1,-1
26881,64401,0.0005700176,-1,-1
26882,64402,0.0005702295,-1,-1
26883,64403,0.0005705153,-1,-1
26884,64404,0.0005700789,-1,-1
26885,64405,0.0005704297,-1,-1
26886,64406,0.0005704705,-1,-1
26887,64407,0.0005707592,-1,-1
26888,64410,0.0005703912,-1,-1
26889,64411,0.0005704543,-1,-1
26890,64412,0.0005702391,-1,-1
26891,64413,0.0005703011,-1,-1
26892,64414,0.0005704271,-1,-1
26893,64415,0.0005707702,-1,-1
26894,64416,0.0005701589,-1,-1
26895,64417,0.0005701098,-1,-1
26896,64420,0.0005703592,-1,-1
26897,64421,0.0005705345,-1,-1
26898,64422,0.0005699907,-1,-1
26899,64423,0.0005706284,-1,-1
26900,64424,0.0005700575,-1,-1
26901,64425,0.0005704732,-1,-1
26902,64426,0.0005702989,-1,-1
26903,64427,0.0005699713,-1,-1
26904,64430,0.0005700357,-1,-1
26905,64431,0.0005702503,-1,-1
26906,64432,0.0005701694,-1,-1
26907,64433,0.0005702947,-1,-1
26908,64434,0.0005700584,-1,-1
26909,64435,0.0005698999,-1,-1
26910,64436,0.0005700837,-1,-1
26911,64437,0.0005700143,-1,-1
26912,64440,0.0005701975,-1,-1
26913,64441,0.0005701202,-1,-1
26914,64442,0.0005704132,-1,-1
26915,64443,0.0005703796,-1,-1
26916,64444,0.0005700174,-1,-1
26917,64445,0.0005704358,-1,-1
26918,64446,0.0005703844,-1,-1
26919,64447,0.0005702433,-1,-1
26920,64450,0.0005702894,-1,-1
26921,64451,0.0005696766,-1,-1
26922,64452,0.0005704659,-1,-1
26923,64453,0.0005702889,-1,-1
26924,64454,0.0005703798,-1,-1
26925,64455,0.0005704857,-1,-1
26926,64456,0.0005700846,-1,-1
26927,64457,0.0005706625,-1,-1
26928,64460,0.0005703933,-1,-1
26929,64461,0.0005702791,-1,-1
26930,64462,0.0005701477,-1,-1
26931,64463,0.0005706296,-1,-1
26932,64464,0.0005701888,-1,-1
26933,64465,0.0005706099,-1,-1
26934,64466,0.0005698419,-1,-1
26935,64467,0.0005701642,-1,-1
26936,64470,0.00057021,-1,-1
26937,64471,0.0005702684,-1,-1
26938,64472,0.0005700706,-1,-1
26939,64473,0.0005683016,-1,-1
26940,64474,0.0005671027,-1,-1
26941,64475,0.0005669278,-1,-1
26942,64476,0.0005667383,-1,-1
26943,64477,0.00056605,-1,-1
26944,64500,0.0005665437,-1,-1
26945,64501,0.0005683441,-1,-1
26946,64502,0.0005703149,-1,-1
26947,64503,0.0005699336,-1,-1
26948,64504,0.0005697169,-1,-1
26949,64505,0.0005704631,-1,-1
26950,64506,0.0005696152,-1,-1
26951,64507,0.0005700182,-1,-1
26952,64510,0.0005700534,-1,-1
26953,64511,0.0005698994,-1,-1
26954,64512,0.0005698707,-1,-1
26955,64513,0.0005693976,-1,-1
26956,64514,0.0005699193,-1,-1
26957,64515,0.0005700008,-1,-1
26958,64516,0.0005703766,-1,-1
26959,64517,0.000570463,-1,-1
26960,64520,0.0005702216,-1,-1
26961,64521,0.000570065,-1,-1
26962,64522,0.0005703996,-1,-1
26963,64523,0.0005701043,-1,-1
26964,64524,0.0005700616,-1,-1
26965,64525,0.0005699673,-1,-1
26966,64526,0.0005700164,-1,-1
26967,64527,0.0005701315,-1,-1
26968,64530,0.0005699563,-1,-1
26969,64531,0.0005696916,-1,-1
26970,64532,0.0005694006,-1,-1
26971,64533,0.0005694703,-1,-1
26972,64534,0.0005697586,-1,-1
26973,64535,0.0005703837,-1,-1
26974,64536,0.0005700808,-1,-1
26975,64537,0.0005700914,-1,-1
26976,64540,0.0005705247,-1,-1
26977,64541,0.000570084,-1,-1
26978,64542,0.0005702034,-1,-1
26979,64543,0.0005699396,-1,-1
26980,64544,0.0005697228,-1,-1
26981,64545,0.0005688728,-1,-1
26982,64546,0.0005693811,-1,-1
26983,64547,0.0005691252,-1,-1
26984,64550,0.0005695205,-1,-1
26985,64551,0.0005694679,-1,-1
26986,64552,0.0005699172,-1,-1
26987,64553,0.0005695283,-1,-1
26988,64554,0.0005695815,-1,-1
26989,64555,0.0005698858,-1,-1
26990,64556,0.0005697442,-1,-1
26991,64557,0.0005705887,-1,-1
26992,64560,0.0005701771,-1,-1
26993,64561,0.0005694931,-1,-1
26994,64562,0.000569722,-1,-1
26995,64563,0.0005701228,-1,-1
26996,64564,0.0005700258,-1,-1
26997,64565,0.0005700515,-1,-1
26998,64566,0.0005699562,-1,-1
26999,64567,0.0005700634,-1,-1
27000,64570,0.000569809,-1,-1
27001,64571,0.0005696052,-1,-1
27002,64572,0.0005702653,-1,-1
27003,64573,0.0005699768,-1,-1
27004,64574,0.0005695464,-1,-1
27005,64575,0.0005698103,-1,-1
27006,64576,0.0005700839,-1,-1
27007,64577,0.0005695539,-1,-1
27008,64600,0.0005697956,-1,-1
27009,64601,0.0005693925,-1,-1
27010,64602,0.0005694526,-1,-1
27011,64603,0.0005698702,-1,-1
27012,64604,0.0005696845,-1,-1
27013,64605,0.0005699341,-1,-1
27014,64606,0.000569582,-1,-1
27015,64607,0.0005695277,-1,-1
27016,64610,0.0005698169,-1,-1
27017,64611,0.0005693631,-1,-1
27018,64612,0.0005696588,-1,-1
27019,64613,0.000569461,-1,-1
27020,64614,0.0005690192,-1,-1
27021,64615,0.0005695571,-1,-1
27022,64616,0.0005695946,-1,-1
27023,64617,0.0005698579,-1,-1
27024,64620,0.0005697432,-1,-1
27025,64621,0.0005693472,-1,-1
27026,64622,0.0005693078,-1,-1
27027,64623,0.0005688664,-1,-1
27028,64624,0.0005693599,-1,-1
27029,64625,0.0005695292,-1,-1
27030,64626,0.00056953,-1,-1
27031,64627,0.0005695705,-1,-1
27032,64630,0.0005699644,-1,-1
27033,64631,0.0005695134,-1,-1
27034,64632,0.0005691684,-1,-1
27035,64633,0.0005695205,-1,-1
27036,64634,0.0005695855,-1,-1
27037,64635,0.0005703614,-1,-1
27038,64636,0.0005699827,-1,-1
27039,64637,0.0005702116,-1,-1
27040,64640,0.0005703754,-1,-1
27041,64641,0.000569844,-1,-1
27042,64642,0.0005697801,-1,-1
27043,64643,0.0005696911,-1,-1
27044,64644,0.00056891,-1,-1
27045,64645,0.0005686141,-1,-1
27046,64646,0.0005671587,-1,-1
27047,64647,0.0005666931,-1,-1
27048,64650,0.000566135,-1,-1
27049,64651,0.0005663267,-1,-1
27050,64652,0.000566569,-1,-1
27051,64653,0.0005681308,-1,-1
27052,64654,0.0005702695,-1,-1
27053,64655,0.000571343,-1,-1
27054,64656,0.0005727409,-1,-1
27055,64657,0.0005729527,46,0
27056,64660,0.0005733687,46,0
27057,64661,0.0005740407,46,0
27058,64662,0.0005743895,46,0
27059,64663,0.0005743368,46,0
27060,64664,0.0005741734,46,0
27061,64665,0.0005732196,46,0
27062,64666,0.0005728191,46,0
27063,64667,0.0005718695,46,1
27064,64670,0.0005712258,46,1
27065,64671,0.0005703915,46,1
27066,64672,0.0005699506,46,1
27067,64673,0.0005684477,46,1
27068,64674,0.0005685991,46,1
27069,64675,0.0005680865,46,1
27070,64676,0.0005684346,46,1
27071,64677,0.0005680629,46,2
27072,64700,0.000568213,46,2
27073,64701,0.0005678106,46,2
27074,64702,0.0005666965,46,2
27075,64703,0.0005663779,46,2
27076,64704,0.0005655102,46,2
27077,64705,0.0005655353,46,2
27078,64706,0.0005655078,46,2
27079,64707,0.0005653791,46,3
27080,64710,0.000564641,46,3
27081,64711,0.0005640466,46,3
27082,64712,0.0005632478,46,3
27083,64713,0.0005622726,46,3
27084,64714,0.0005627635,46,3
27085,64715,0.0005623699,46,3
27086,64716,0.0005623728,46,3
27087,64717,0.0005628326,46,4
27088,64720,0.0005634821,46,4
27089,64721,0.0005639582,46,4
27090,64722,0.0005645899,46,4
27091,64723,0.0005649492,46,4
27092,64724,0.0005657024,46,4
27093,64725,0.0005659945,46,4
27094,64726,0.0005652668,46,4
27095,64727,0.0005643794,46,5
27096,64730,0.0005651188,46,5
27097,64731,0.0005647438,46,5
27098,64732,0.0005648026,46,5
27099,64733,0.0005648027,46,5
27100,64734,0.0005649368,46,5
27101,64735,0.0005651733,46,5
27102,64736,0.0005654193,46,5
27103,64737,0.000566716,46,6
27104,64740,0.0005681184,46,6
27105,64741,0.0005694501,46,6
27106,64742,0.0005697617,46,6
27107,64743,0.0005696475,46,6
27108,64744,0.0005689951,46,6
27109,64745,0.0005682337,46,6
27110,64746,0.000567543,46,6
27111,64747,0.0005669917,46,7
27112,64750,0.0005685965,46,7
27113,64751,0.0005696011,46,7
27114,64752,0.0005690119,46,7
27115,64753,0.0005687785,46,7
27116,64754,0.0005687293,46,7
27117,64755,0.0005699244,46,7
27118,64756,0.0005708303,46,7
27119,64757,0.0005713657,46,8
27120,64760,0.000571175,46,8
27121,64761,0.0005717612,46,8
27122,64762,0.0005720676,46,8
27123,64763,0.0005717348,46,8
27124,64764,0.0005717782,46,8
27125,64765,0.0005724387,46,8
27126,64766,0.0005728308,46,8
27127,64767,0.00057322,46,9
27128,64770,0.0005734683,46,9
27129,64771,0.0005733295,46,9
27130,64772,0.0005737249,46,9
27131,64773,0.0005732977,46,9
27132,64774,0.0005728803,46,9
27133,64775,0.0005722665,46,9
27134,64776,0.0005724927,46,9
27135,64777,0.0005732998,46,10
27136,65000,0.0005727462,46,10
27137,65001,0.0005727836,46,10
27138,65002,0.0005722648,46,10
27139,65003,0.0005707461,46,10
27140,65004,0.0005693472,46,10
27141,65005,0.0005688493,46,10
27142,65006,0.0005670477,46,10
27143,65007,0.0005658115,46,11
27144,65010,0.0005653134,46,11
27145,65011,0.0005664966,46,11
27146,65012,0.0005669558,46,11
27147,65013,0.0005672844,46,11
27148,65014,0.0005676348,46,11
27149,65015,0.000568028,46,11
27150,65016,0.0005680993,46,11
27151,65017,0.0005688076,46,12
27152,65020,0.0005692663,46,12
27153,65021,0.0005699797,46,12
27154,65022,0.0005704557,46,12
27155,65023,0.0005702481,46,12
27156,65024,0.0005703522,46,12
27157,65025,0.0005706121,46,12
27158,65026,0.0005708119,46,13
27159,65027,0.0005706124,46,13
27160,65030,0.0005701162,46,13
27161,65031,0.0005704964,46,13
27162,65032,0.0005701244,46,13
27163,65033,0.0005697366,46,13
27164,65034,0.0005696815,46,13
27165,65035,0.00057029,46,13
27166,65036,0.0005708224,46,14
27167,65037,0.0005716382,46,14
27168,65040,0.0005711808,46,14
27169,65041,0.0005704421,46,14
27170,65042,0.0005698001,46,14
27171,65043,0.0005683608,46,14
27172,65044,0.0005672953,46,14
27173,65045,0.0005664197,46,14
27174,65046,0.0005668044,46,15
27175,65047,0.0005678263,46,15
27176,65050,0.0005687193,46,15
27177,65051,0.000569849,46,15
27178,65052,0.0005699994,46,15
27179,65053,0.0005706805,46,15
27180,65054,0.0005711898,46,15
27181,65055,0.0005714779,46,15
27182,65056,0.0005715867,46,16
27183,65057,0.0005715843,46,16
27184,65060,0.0005715007,46,16
27185,65061,0.0005716125,46,16
27186,65062,0.0005721613,46,16
27187,65063,0.0005727152,46,16
27188,65064,0.0005737731,46,16
27189,65065,0.0005735825,46,16
27190,65066,0.000572792,46,17
27191,65067,0.0005714256,46,17
27192,65070,0.0005706644,46,17
27193,65071,0.0005694948,46,17
27194,65072,0.0005690878,46,17
27195,65073,0.0005687006,46,17
27196,65074,0.0005689528,46,17
27197,65075,0.0005699815,46,17
27198,65076,0.0005702105,46,18
27199,65077,0.0005709616,46,18
27200,65100,0.0005711346,46,18
27201,65101,0.0005714761,46,18
27202,65102,0.0005715339,46,18
27203,65103,0.0005714483,46,18
27204,65104,0.0005717904,46,18
27205,65105,0.0005719088,46,18
27206,65106,0.0005724728,46,19
27207,65107,0.0005724746,46,19
27208,65110,0.0005723755,46,19
27209,65111,0.0005726293,46,19
27210,65112,0.0005723498,46,19
27211,65113,0.0005719634,46,19
27212,65114,0.000571184,46,19
27213,65115,0.0005715299,46,19
27214,65116,0.0005711058,46,20
27215,65117,0.0005713871,46,20
27216,65120,0.0005715305,46,20
27217,65121,0.0005711358,46,20
27218,65122,0.0005707949,46,20
27219,65123,0.0005707433,46,20
27220,65124,0.0005700805,46,20
27221,65125,0.0005704227,46,20
27222,65126,0.000570444,46,21
27223,65127,0.0005707187,46,21
27224,65130,0.0005713347,46,21
27225,65131,0.000571728,46,21
27226,65132,0.0005717964,46,21
27227,65133,0.0005725612,46,21
27228,65134,0.0005717988,46,21
27229,65135,0.0005714586,46,21
27230,65136,0.0005707726,46,22
27231,65137,0.0005710578,46,22
27232,65140,0.0005710481,46,22
27233,65141,0.0005716839,46,22
27234,65142,0.0005727867,46,22
27235,65143,0.0005734437,46,22
27236,65144,0.0005740224,46,22
27237,65145,0.0005746073,46,22
27238,65146,0.0005743129,46,23
27239,65147,0.0005745622,46,23
27240,65150,0.0005740956,46,23
27241,65151,0.000574076,46,23
27242,65152,0.0005733679,46,23
27243,65153,0.0005740017,46,23
27244,65154,0.000574692,46,23
27245,65155,0.0005745483,46,23
27246,65156,0.0005745859,46,24
27247,65157,0.0005747925,46,24
27248,65160,0.000574394,46,24
27249,65161,0.0005746401,46,24
27250,65162,0.0005745029,46,24
27251,65163,0.0005748435,46,24
27252,65164,0.0005750186,46,24
27253,65165,0.0005750501,46,25
27254,65166,0.000574746,46,25
27255,65167,0.000575492,46,25
27256,65170,0.0005755767,46,25
27257,65171,0.0005752867,46,25
27258,65172,0.0005753653,46,25
27259,65173,0.0005750122,46,25
27260,65174,0.0005743668,46,25
27261,65175,0.000572848,46,26
27262,65176,0.0005724771,46,26
27263,65177,0.0005715797,46,26
27264,65200,0.0005713122,46,26
27265,65201,0.0005714386,46,26
27266,65202,0.000570836,46,26
27267,65203,0.0005711857,46,26
27268,65204,0.0005723734,46,26
27269,65205,0.0005739672,46,27
27270,65206,0.0005741734,46,27
27271,65207,0.0005736131,46,27
27272,65210,0.0005728023,46,27
27273,65211,0.0005729079,46,27
27274,65212,0.0005721922,46,27
27275,65213,0.0005704799,46,27
27276,65214,0.0005688359,46,27
27277,65215,0.0005686173,46,28
27278,65216,0.0005691778,46,28
27279,65217,0.0005690409,46,28
27280,65220,0.0005707332,46,28
27281,65221,0.000571838,46,28
27282,65222,0.0005738917,46,28
27283,65223,0.0005739814,46,28
27284,65224,0.0005747445,46,28
27285,65225,0.0005748611,46,29
27286,65226,0.000575425,46,29
27287,65227,0.0005754385,46,29
27288,65230,0.0005754681,46,29
27289,65231,0.0005754606,46,29
27290,65232,0.0005752564,46,29
27291,65233,0.0005755586,46,29
27292,65234,0.0005755784,46,29
27293,65235,0.0005757988,46,30
27294,65236,0.0005757934,46,30
27295,65237,0.000575573,46,30
27296,65240,0.0005756,46,30
27297,65241,0.0005753454,46,30
27298,65242,0.000575144,46,30
27299,65243,0.0005752007,46,30
27300,65244,0.0005752286,46,30
27301,65245,0.0005750836,46,31
27302,65246,0.000575289,46,31
27303,65247,0.0005749565,46,31
27304,65250,0.0005749048,46,31
27305,65251,0.0005753236,46,31
27306,65252,0.0005748977,46,31
27307,65253,0.0005747619,46,31
27308,65254,0.0005755179,46,31
27309,65255,0.0005750171,46,32
27310,65256,0.0005741685,46,32
27311,65257,0.0005731123,46,32
27312,65260,0.0005716638,46,32
27313,65261,0.0005712301,46,32
27314,65262,0.0005714742,46,32
27315,65263,0.0005713466,46,32
27316,65264,0.00057067,46,32
27317,65265,0.0005702719,46,33
27318,65266,0.0005700351,46,33
27319,65267,0.0005695233,46,33
27320,65270,0.0005698006,46,33
27321,65271,0.0005703837,46,33
27322,65272,0.0005693216,46,33
27323,65273,0.0005682947,46,33
27324,65274,0.0005672506,46,33
27325,65275,0.0005659728,46,34
27326,65276,0.0005654505,46,34
27327,65277,0.0005654768,46,34
27328,65300,0.0005646966,46,34
27329,65301,0.0005639395,46,34
27330,65302,0.0005630379,46,34
27331,65303,0.0005631525,46,34
27332,65304,0.0005603088,46,34
27333,65305,0.0005571354,46,35
27334,65306,0.0005561005,46,35
27335,65307,0.0005551378,46,35
27336,65310,0.000553864,46,35
27337,65311,0.0005541627,46,35
27338,65312,0.0005544082,46,35
27339,65313,0.0005541687,46,35
27340,65314,0.0005533216,46,35
27341,65315,0.0005522713,46,36
27342,65316,0.0005520994,46,36
27343,65317,0.0005520837,46,36
27344,65320,0.0005531866,46,36
27345,65321,0.0005550641,46,36
27346,65322,0.0005566264,46,36
27347,65323,0.0005584006,46,36
27348,65324,0.0005583361,46,36
27349,65325,0.0005573196,46,37
27350,65326,0.000557923,46,37
27351,65327,0.0005569058,46,37
27352,65330,0.0005584033,46,37
27353,65331,0.0005600236,46,37
27354,65332,0.0005609832,46,37
27355,65333,0.000562901,46,37
27356,65334,0.0005634963,46,38
27357,65335,0.0005645161,46,38
27358,65336,0.0005648473,46,38
27359,65337,0.0005649514,46,38
27360,65340,0.0005656654,46,38
27361,65341,0.0005661615,46,38
27362,65342,0.0005659393,46,38
27363,65343,0.0005665051,46,38
27364,65344,0.0005673949,46,39
27365,65345,0.0005677801,46,39
27366,65346,0.0005676362,46,39
27367,65347,0.0005680024,46,39
27368,65350,0.0005682972,46,39
27369,65351,0.0005690604,46,39
27370,65352,0.0005701419,46,39
27371,65353,0.000570044,46,39
27372,65354,0.0005703832,46,40
27373,65355,0.0005705589,46,40
27374,65356,0.0005706545,46,40
27375,65357,0.0005709372,46,40
27376,65360,0.0005710234,46,40
27377,65361,0.0005721305,46,40
27378,65362,0.0005719572,46,40
27379,65363,0.0005719766,46,40
27380,65364,0.000572458,46,41
27381,65365,0.0005729664,46,41
27382,65366,0.0005736955,46,41
27383,65367,0.0005736946,46,41
27384,65370,0.0005735549,46,41
27385,65371,0.0005741666,46,41
27386,65372,0.0005742226,46,41
27387,65373,0.0005739699,46,41
27388,65374,0.00057353,46,42
27389,65375,0.0005734179,46,42
27390,65376,0.0005733934,46,42
27391,65377,0.0005725396,46,42
27392,65400,0.0005711573,46,42
27393,65401,0.0005688473,46,42
27394,65402,0.0005657393,46,42
27395,65403,0.0005632066,46,42
27396,65404,0.0005617111,46,43
27397,65405,0.0005603828,46,43
27398,65406,0.0005593997,46,43
27399,65407,0.0005593156,46,43
27400,65410,0.0005574664,46,43
27401,65411,0.0005572512,46,43
27402,65412,0.0005587906,46,43
27403,65413,0.0005576979,46,43
27404,65414,0.0005562975,46,44
27405,65415,0.0005541455,46,44
27406,65416,0.0005516414,46,44
27407,65417,0.0005465631,46,44
27408,65420,0.0005390783,46,44
27409,65421,0.0005311494,46,44
27410,65422,0.0005209806,46,44
27411,65423,0.0005111983,46,44
27412,65424,0.0005060072,46,45
27413,65425,0.0005089393,46,45
27414,65426,0.0005180604,46,45
27415,65427,0.0005357568,46,45
27416,65430,0.0005525693,46,45
27417,65431,0.0005694397,46,45
27418,65432,0.0005838498,46,45
27419,65433,0.0005922623,46,45
27420,65434,0.0005993344,46,46
27421,65435,0.0006053932,46,46
27422,65436,0.0006085972,46,46
27423,65437,0.0006108308,46,46
27424,65440,0.0006109097,46,46
27425,65441,0.0006108525,46,46
27426,65442,0.0006108452,46,46
27427,65443,0.0006106314,46,46
27428,65444,0.0006106973,46,47
27429,65445,0.0006109002,46,47
27430,65446,0.0006109538,46,47
27431,65447,0.0006107865,46,47
27432,65450,0.0006111987,46,47
27433,65451,0.0006112282,46,47
27434,65452,0.0006109889,46,47
27435,65453,0.0006107625,46,47
27436,65454,0.000610818,46,48
27437,65455,0.000610646,46,48
27438,65456,0.000611108,46,48
27439,65457,0.0006102138,46,48
27440,65460,0.0006102893,46,48
27441,65461,0.0006104491,46,48
27442,65462,0.0006105117,46,48
27443,65463,0.0006101344,46,48
27444,65464,0.0006100953,46,49
27445,65465,0.0006105087,46,49
27446,65466,0.0006106114,46,49
27447,65467,0.0006107303,46,49
27448,65470,0.0006112027,46,49
27449,65471,0.0006110985,46,49
27450,65472,0.0006109058,46,49
27451,65473,0.0006107413,-1,-1
27452,65474,0.0006111453,-1,-1
27453,65475,0.0006105195,-1,-1
27454,65476,0.0006110041,-1,-1
27455,65477,0.0006106769,-1,-1
27456,65500,0.0006109851,-1,-1
27457,65501,0.0006106054,-1,-1
27458,65502,0.0006104099,-1,-1
27459,65503,0.0006103882,-1,-1
27460,65504,0.0006103295,-1,-1
27461,65505,0.000610469,-1,-1
27462,65506,0.0006102647,-1,-1
27463,65507,0.0006102827,-1,-1
27464,65510,0.0006102927,-1,-1
27465,65511,0.0006105822,-1,-1
27466,65512,0.0006101441,-1,-1
27467,65513,0.0006102505,-1,-1
27468,65514,0.000610407,-1,-1
27469,65515,0.0006096438,-1,-1
27470,65516,0.0006104908,-1,-1
27471,65517,0.0006102335,-1,-1
27472,65520,0.0006101509,-1,-1
27473,65521,0.0006103108,-1,-1
27474,65522,0.0006106183,-1,-1
27475,65523,0.0006107229,-1,-1
27476,65524,0.0006108631,-1,-1
27477,65525,0.00061027,-1,-1
27478,65526,0.0006105495,-1,-1
27479,65527,0.0006105311,-1,-1
27480,65530,0.0006101764,-1,-1
27481,65531,0.0006104027,-1,-1
27482,65532,0.0006103507,-1,-1
27483,65533,0.0006100147,-1,-1
27484,65534,0.0006104087,-1,-1
27485,65535,0.000610102,-1,-1
27486,65536,0.0006103665,-1,-1
27487,65537,0.0006103663,-1,-1
27488,65540,0.0006099395,-1,-1
27489,65541,0.0006101335,-1,-1
27490,65542,0.0006104073,-1,-1
27491,65543,0.0006102928,-1,-1
27492,65544,0.0006096384,-1,-1
27493,65545,0.0006101262,-1,-1
27494,65546,0.0006101937,-1,-1
27495,65547,0.0006096825,-1,-1
27496,65550,0.0006101716,-1,-1
27497,65551,0.0006101234,-1,-1
27498,65552,0.0006101364,-1,-1
27499,65553,0.0006107871,-1,-1
27500,65554,0.0006097366,-1,-1
27501,65555,0.0006097346,-1,-1
27502,65556,0.0006101803,-1,-1
27503,65557,0.0006102863,-1,-1
27504,65560,0.0006103713,-1,-1
27505,65561,0.0006102876,-1,-1
27506,65562,0.0006101457,-1,-1
27507,65563,0.0006103591,-1,-1
27508,65564,0.0006104449,-1,-1
27509,65565,0.0006106229,-1,-1
27510,65566,0.0006103734,-1,-1
27511,65567,0.00061054,-1,-1
27512,65570,0.0006104831,-1,-1
27513,65571,0.0006104139,-1,-1
27514,65572,0.0006105737,-1,-1
27515,65573,0.0006105106,-1,-1
27516,65574,0.0006100548,-1,-1
27517,65575,0.0006097821,-1,-1
27518,65576,0.0006102786,-1,-1
27519,65577,0.0006105878,-1,-1
27520,65600,0.0006102833,-1,-1
27521,65601,0.0006100251,-1,-1
27522,65602,0.0006098622,-1,-1
27523,65603,0.0006094979,-1,-1
27524,65604,0.0006100095,-1,-1
27525,65605,0.0006098762,-1,-1
27526,65606,0.0006100613,-1,-1
27527,65607,0.0006097835,-1,-1
27528,65610,0.0006098829,-1,-1
27529,65611,0.0006101704,-1,-1
27530,65612,0.0006105663,-1,-1
27531,65613,0.0006103279,-1,-1
27532,65614,0.0006101463,-1,-1
27533,65615,0.0006103109,-1,-1
27534,65616,0.0006103045,-1,-1
27535,65617,0.0006101418,-1,-1
27536,65620,0.00060972,-1,-1
27537,65621,0.0006101961,-1,-1
27538,65622,0.0006102586,-1,-1
27539,65623,0.0006104949,-1,-1
27540,65624,0.0006100883,-1,-1
27541,65625,0.000610278,-1,-1
27542,65626,0.0006102314,-1,-1
27543,65627,0.0006103889,-1,-1
27544,65630,0.0006103981,-1,-1
27545,65631,0.0006105013,-1,-1
27546,65632,0.0006101556,-1,-1
27547,65633,0.0006105075,-1,-1
27548,65634,0.0006100803,-1,-1
27549,65635,0.0006098015,-1,-1
27550,65636,0.0006102992,-1,-1
27551,65637,0.0006099361,-1,-1
27552,65640,0.0006100005,-1,-1
27553,65641,0.0006099431,-1,-1
27554,65642,0.0006096391,-1,-1
27555,65643,0.0006097294,-1,-1
27556,65644,0.0006097529,-1,-1
27557,65645,0.0006095941,-1,-1
27558,65646,0.000610323,-1,-1
27559,65647,0.0006098177,-1,-1
27560,65650,0.0006099145,-1,-1
27561,65651,0.0006103655,-1,-1
27562,65652,0.0006100668,-1,-1
27563,65653,0.0006104491,-1,-1
27564,65654,0.0006100866,-1,-1
27565,65655,0.0006101143,-1,-1
27566,65656,0.0006103877,-1,-1
27567,65657,0.0006105463,-1,-1
27568,65660,0.0006109188,-1,-1
27569,65661,0.0006106301,-1,-1
27570,65662,0.0006098488,-1,-1
27571,65663,0.0006101704,-1,-1
27572,65664,0.0006099273,-1,-1
27573,65665,0.0006099596,-1,-1
27574,65666,0.0006104524,-1,-1
27575,65667,0.0006111683,-1,-1
27576,65670,0.0006107591,-1,-1
27577,65671,0.0006103718,-1,-1
27578,65672,0.0006109463,-1,-1
27579,65673,0.0006105113,-1,-1
27580,65674,0.0006105075,-1,-1
27581,65675,0.000610342,-1,-1
27582,65676,0.0006103131,-1,-1
27583,65677,0.0006106137,-1,-1
27584,65700,0.0006103672,-1,-1
27585,65701,0.0006104893,-1,-1
27586,65702,0.0006104168,-1,-1
27587,65703,0.000610247,-1,-1
27588,65704,0.000610135,-1,-1
27589,65705,0.0006105289,-1,-1
27590,65706,0.0006105357,-1,-1
27591,65707,0.0006101428,-1,-1
27592,65710,0.0006108556,-1,-1
27593,65711,0.0006106394,-1,-1
27594,65712,0.0006100468,-1,-1
27595,65713,0.0006103941,-1,-1
27596,65714,0.0006107941,-1,-1
27597,65715,0.0006103138,-1,-1
27598,65716,0.0006106632,-1,-1
27599,65717,0.000610404,-1,-1
27600,65720,0.0006106336,-1,-1
27601,65721,0.0006107081,-1,-1
27602,65722,0.0006099736,-1,-1
27603,65723,0.0006103759,-1,-1
27604,65724,0.0006100534,-1,-1
27605,65725,0.0006106827,-1,-1
27606,65726,0.0006109491,-1,-1
27607,65727,0.0006104351,-1,-1
27608,65730,0.0006101598,-1,-1
27609,65731,0.0006104999,-1,-1
27610,65732,0.0006103378,-1,-1
27611,65733,0.0006100773,-1,-1
27612,65734,0.0006102528,-1,-1
27613,65735,0.0006109228,-1,-1
27614,65736,0.000610917,-1,-1
27615,65737,0.0006103613,-1,-1
27616,65740,0.0006103542,-1,-1
27617,65741,0.0006097434,-1,-1
27618,65742,0.0006104251,-1,-1
27619,65743,0.0006103794,-1,-1
27620,65744,0.0006102736,-1,-1
27621,65745,0.0006100966,-1,-1
27622,65746,0.0006102683,-1,-1
27623,65747,0.0006105136,-1,-1
27624,65750,0.0006105469,-1,-1
27625,65751,0.000610469,-1,-1
27626,65752,0.0006103396,-1,-1
27627,65753,0.0006102489,-1,-1
27628,65754,0.0006101444,-1,-1
27629,65755,0.0006102563,-1,-1
27630,65756,0.0006103781,-1,-1
27631,65757,0.0006097492,-1,-1
27632,65760,0.0006104351,-1,-1
27633,65761,0.0006102587,-1,-1
27634,65762,0.0006099678,-1,-1
27635,65763,0.0006102161,-1,-1
27636,65764,0.0006099915,-1,-1
27637,65765,0.0006106325,-1,-1
27638,65766,0.0006105679,-1,-1
27639,65767,0.0006103198,-1,-1
27640,65770,0.0006104363,-1,-1
27641,65771,0.0006104151,-1,-1
27642,65772,0.0006102131,-1,-1
27643,65773,0.000610691,-1,-1
27644,65774,0.0006103906,-1,-1
27645,65775,0.0006106986,-1,-1
27646,65776,0.0006105217,-1,-1
27647,65777,0.000610517,-1,-1
27648,66000,0.0006108045,-1,-1
27649,66001,0.0006101459,-1,-1
27650,66002,0.0006103882,-1,-1
27651,66003,0.0006101293,-1,-1
27652,66004,0.0006102785,-1,-1
27653,66005,0.0006107742,-1,-1
27654,66006,0.0006100507,-1,-1
27655,66007,0.0006102674,-1,-1
27656,66010,0.0006098698,-1,-1
27657,66011,0.0006098342,-1,-1
27658,66012,0.0006106757,-1,-1
27659,66013,0.0006104474,-1,-1
27660,66014,0.0006101897,-1,-1
27661,66015,0.0006106306,-1,-1
27662,66016,0.0006100318,-1,-1
27663,66017,0.000610617,-1,-1
27664,66020,0.0006106008,-1,-1
27665,66021,0.0006103865,-1,-1
27666,66022,0.0006105264,-1,-1
27667,66023,0.0006104794,-1,-1
27668,66024,0.0006105886,-1,-1
27669,66025,0.0006103222,-1,-1
27670,66026,0.0006107308,-1,-1
27671,66027,0.0006105151,-1,-1
27672,66030,0.0006106044,-1,-1
27673,66031,0.0006105819,-1,-1
27674,66032,0.0006105463,-1,-1
27675,66033,0.0006104662,-1,-1
27676,66034,0.0006098934,-1,-1
27677,66035,0.0006105609,-1,-1
27678,66036,0.0006102301,-1,-1
27679,66037,0.0006103881,-1,-1
27680,66040,0.0006108409,-1,-1
27681,66041,0.0006101264,-1,-1
27682,66042,0.0006102483,-1,-1
27683,66043,0.0006106598,-1,-1
27684,66044,0.0006099659,-1,-1
27685,66045,0.0006105661,-1,-1
27686,66046,0.0006101271,-1,-1
27687,66047,0.0006101604,-1,-1
27688,66050,0.0006101634,47,49
27689,66051,0.0006102171,47,49
27690,66052,0.0006110041,47,49
27691,66053,0.0006108191,47,49
27692,66054,0.0006103131,47,49
27693,66055,0.0006106541,47,49
27694,66056,0.0006104918,47,49
27695,66057,0.0006105754,47,49
27696,66060,0.0006104467,47,48
27697,66061,0.0006105316,47,48
27698,66062,0.0006103865,47,48
27699,66063,0.0006106815,47,48
27700,66064,0.0006110323,47,48
27701,66065,0.0006101828,47,48
27702,66066,0.0006107145,47,48
27703,66067,0.0006103929,47,48
27704,66070,0.0006101631,47,47
27705,66071,0.0006103403,47,47
27706,66072,0.0006107934,47,47
27707,66073,0.0006104239,47,47
27708,66074,0.0006099799,47,47
27709,66075,0.0006109076,47,47
27710,66076,0.0006106477,47,47
27711,66077,0.0006105287,47,47
27712,66100,0.0006104777,47,46
27713,66101,0.0006105088,47,46
27714,66102,0.0006111542,47,46
27715,66103,0.0006105732,47,46
27716,66104,0.000609651,47,46
27717,66105,0.0006078246,47,46
27718,66106,0.0006036907,47,46
27719,66107,0.0005971409,47,46
27720,66110,0.0005905562,47,45
27721,66111,0.00058163,47,45
27722,66112,0.0005703296,47,45
27723,66113,0.0005583173,47,45
27724,66114,0.0005428395,47,45
27725,66115,0.0005301663,47,45
27726,66116,0.0005220597,47,45
27727,66117,0.0005188024,47,45
27728,66120,0.0005234515,47,44
27729,66121,0.0005315975,47,44
27730,66122,0.0005411158,47,44
27731,66123,0.000546838,47,44
27732,66124,0.0005516938,47,44
27733,66125,0.0005541627,47,44
27734,66126,0.0005563761,47,44
27735,66127,0.0005596567,47,44
27736,66130,0.0005619524,47,43
27737,66131,0.0005630439,47,43
27738,66132,0.0005648168,47,43
27739,66133,0.0005663357,47,43
27740,66134,0.0005675516,47,43
27741,66135,0.0005682016,47,43
27742,66136,0.0005678057,47,43
27743,66137,0.0005678561,47,43
27744,66140,0.0005677004,47,42
27745,66141,0.0005687533,47,42
27746,66142,0.0005708524,47,42
27747,66143,0.0005712252,47,42
27748,66144,0.000572381,47,42
27749,66145,0.0005723318,47,42
27750,66146,0.0005723433,47,42
27751,66147,0.0005717893,47,42
27752,66150,0.0005716288,47,41
27753,66151,0.0005723884,47,41
27754,66152,0.0005722194,47,41
27755,66153,0.0005717901,47,41
27756,66154,0.0005719897,47,41
27757,66155,0.0005717068,47,41
27758,66156,0.0005703752,47,41
27759,66157,0.0005701084,47,41
27760,66160,0.0005690684,47,40
27761,66161,0.0005687797,47,40
27762,66162,0.0005688951,47,40
27763,66163,0.000570145,47,40
27764,66164,0.0005706216,47,40
27765,66165,0.0005713482,47,40
27766,66166,0.0005711591,47,40
27767,66167,0.0005712446,47,40
27768,66170,0.0005702173,47,39
27769,66171,0.0005700011,47,39
27770,66172,0.0005695791,47,39
27771,66173,0.0005694181,47,39
27772,66174,0.0005694485,47,39
27773,66175,0.0005694428,47,39
27774,66176,0.0005695341,47,39
27775,66177,0.000568973,47,39
27776,66200,0.0005680224,47,38
27777,66201,0.0005672625,47,38
27778,66202,0.0005658284,47,38
27779,66203,0.0005643219,47,38
27780,66204,0.0005620235,47,38
27781,66205,0.0005597544,47,38
27782,66206,0.0005572753,47,38
27783,66207,0.0005561935,47,38
27784,66210,0.0005557116,47,37
27785,66211,0.0005539196,47,37
27786,66212,0.0005516831,47,37
27787,66213,0.0005507887,47,37
27788,66214,0.0005499069,47,37
27789,66215,0.0005506565,47,37
27790,66216,0.0005519365,47,37
27791,66217,0.0005546921,47,36
27792,66220,0.0005570049,47,36
27793,66221,0.0005590844,47,36
27794,66222,0.0005586639,47,36
27795,66223,0.0005604887,47,36
27796,66224,0.0005599537,47,36
27797,66225,0.0005609766,47,36
27798,66226,0.0005623072,47,36
27799,66227,0.0005645889,47,35
27800,66230,0.0005659708,47,35
27801,66231,0.0005685251,47,35
27802,66232,0.0005704464,47,35
27803,66233,0.0005713992,47,35
27804,66234,0.000571161,47,35
27805,66235,0.0005697063,47,35
27806,66236,0.000569576,47,35
27807,66237,0.000569353,47,34
27808,66240,0.0005703707,47,34
27809,66241,0.0005709538,47,34
27810,66242,0.0005720811,47,34
27811,66243,0.0005727819,47,34
27812,66244,0.0005725537,47,34
27813,66245,0.0005725399,47,34
27814,66246,0.0005730443,47,34
27815,66247,0.0005735027,47,33
27816,66250,0.0005742589,47,33
27817,66251,0.0005736465,47,33
27818,66252,0.0005737343,47,33
27819,66253,0.0005740305,47,33
27820,66254,0.0005740043,47,33
27821,66255,0.0005730043,47,33
27822,66256,0.0005720478,47,33
27823,66257,0.0005731475,47,32
27824,66260,0.0005737827,47,32
27825,66261,0.0005743356,47,32
27826,66262,0.0005745746,47,32
27827,66263,0.0005747995,47,32
27828,66264,0.0005750498,47,32
27829,66265,0.0005749727,47,32
27830,66266,0.0005748662,47,32
27831,66267,0.0005751151,47,31
27832,66270,0.0005753358,47,31
27833,66271,0.0005754351,47,31
27834,66272,0.0005754536,47,31
27835,66273,0.0005748333,47,31
27836,66274,0.0005752047,47,31
27837,66275,0.0005760192,47,31
27838,66276,0.0005753582,47,31
27839,66277,0.0005751188,47,30
27840,66300,0.000575088,47,30
27841,66301,0.0005753842,47,30
27842,66302,0.0005756855,47,30
27843,66303,0.0005753224,47,30
27844,66304,0.000575128,47,30
27845,66305,0.0005753951,47,30
27846,66306,0.0005755199,47,30
27847,66307,0.0005752994,47,29
27848,66310,0.0005755128,47,29
27849,66311,0.0005754584,47,29
27850,66312,0.0005753344,47,29
27851,66313,0.0005752654,47,29
27852,66314,0.0005750227,47,29
27853,66315,0.0005731083,47,29
27854,66316,0.0005715137,47,29
27855,66317,0.0005693508,47,28
27856,66320,0.0005681391,47,28
27857,66321,0.0005662452,47,28
27858,66322,0.0005668249,47,28
27859,66323,0.0005669556,47,28
27860,66324,0.0005687971,47,28
27861,66325,0.0005710575,47,28
27862,66326,0.0005726481,47,28
27863,66327,0.0005729446,47,27
27864,66330,0.0005742618,47,27
27865,66331,0.0005748398,47,27
27866,66332,0.0005752227,47,27
27867,66333,0.0005756934,47,27
27868,66334,0.0005761513,47,27
27869,66335,0.0005757888,47,27
27870,66336,0.0005757438,47,27
27871,66337,0.0005755168,47,26
27872,66340,0.000574244,47,26
27873,66341,0.0005746044,47,26
27874,66342,0.0005746539,47,26
27875,66343,0.0005745536,47,26
27876,66344,0.0005746736,47,26
27877,66345,0.0005735975,47,26
27878,66346,0.0005733851,47,26
27879,66347,0.0005738014,47,25
27880,66350,0.0005736815,47,25
27881,66351,0.0005738919,47,25
27882,66352,0.0005745185,47,25
27883,66353,0.000574657,47,25
27884,66354,0.0005754249,47,25
27885,66355,0.0005755777,47,25
27886,66356,0.0005752383,47,24
27887,66357,0.0005753496,47,24
27888,66360,0.0005757998,47,24
27889,66361,0.000576109,47,24
27890,66362,0.0005758454,47,24
27891,66363,0.0005758876,47,24
27892,66364,0.0005763245,47,24
27893,66365,0.0005755636,47,24
27894,66366,0.000575739,47,23
27895,66367,0.0005757071,47,23
27896,66370,0.0005751401,47,23
27897,66371,0.0005752997,47,23
27898,66372,0.000574922,47,23
27899,66373,0.0005745197,47,23
27900,66374,0.0005751919,47,23
27901,66375,0.0005749991,47,23
27902,66376,0.0005748483,47,22
27903,66377,0.0005746796,47,22
27904,66400,0.0005746603,47,22
27905,66401,0.0005749143,47,22
27906,66402,0.0005746953,47,22
27907,66403,0.0005747228,47,22
27908,66404,0.0005750413,47,22
27909,66405,0.0005746557,47,22
27910,66406,0.0005741355,47,21
27911,66407,0.0005746432,47,21
27912,66410,0.000573913,47,21
27913,66411,0.0005735586,47,21
27914,66412,0.0005737166,47,21
27915,66413,0.0005728463,47,21
27916,66414,0.0005728615,47,21
27917,66415,0.00057248,47,21
27918,66416,0.000572765,47,20
27919,66417,0.0005724721,47,20
27920,66420,0.0005725769,47,20
27921,66421,0.0005730484,47,20
27922,66422,0.0005722947,47,20
27923,66423,0.0005724904,47,20
27924,66424,0.0005727379,47,20
27925,66425,0.0005725464,47,20
27926,66426,0.0005722783,47,19
27927,66427,0.0005726942,47,19
27928,66430,0.0005727772,47,19
27929,66431,0.0005727915,47,19
27930,66432,0.0005713906,47,19
27931,66433,0.0005705648,47,19
27932,66434,0.0005699336,47,19
27933,66435,0.0005694082,47,19
27934,66436,0.0005688687,47,18
27935,66437,0.0005695468,47,18
27936,66440,0.0005707071,47,18
27937,66441,0.0005710071,47,18
27938,66442,0.0005716518,47,18
27939,66443,0.000571825,47,18
27940,66444,0.0005723978,47,18
27941,66445,0.0005713945,47,18
27942,66446,0.0005711215,47,17
27943,66447,0.0005699639,47,17
27944,66450,0.0005692233,47,17
27945,66451,0.0005701585,47,17
27946,66452,0.0005708129,47,17
27947,66453,0.0005713894,47,17
27948,66454,0.0005717158,47,17
27949,66455,0.0005724176,47,17
27950,66456,0.000572848,47,16
27951,66457,0.0005729264,47,16
27952,66460,0.0005726595,47,16
27953,66461,0.000572529,47,16
27954,66462,0.0005737049,47,16
27955,66463,0.0005734273,47,16
27956,66464,0.0005742728,47,16
27957,66465,0.0005735759,47,16
27958,66466,0.000573303,47,15
27959,66467,0.0005719036,47,15
27960,66470,0.0005718086,47,15
27961,66471,0.0005711721,47,15
27962,66472,0.0005722464,47,15
27963,66473,0.0005726406,47,15
27964,66474,0.0005729262,47,15
27965,66475,0.0005725996,47,15
27966,66476,0.0005722176,47,14
27967,66477,0.0005728417,47,14
27968,66500,0.0005729655,47,14
27969,66501,0.000573558,47,14
27970,66502,0.0005733395,47,14
27971,66503,0.0005734268,47,14
27972,66504,0.0005731314,47,14
27973,66505,0.0005728611,47,14
27974,66506,0.0005720856,47,13
27975,66507,0.0005717085,47,13
27976,66510,0.000571363,47,13
27977,66511,0.0005707451,47,13
27978,66512,0.0005704792,47,13
27979,66513,0.0005700666,47,13
27980,66514,0.0005702602,47,13
27981,66515,0.0005702414,47,13
27982,66516,0.0005694929,47,12
27983,66517,0.0005689763,47,12
27984,66520,0.0005694789,47,12
27985,66521,0.0005694368,47,12
27986,66522,0.0005704347,47,12
27987,66523,0.0005703156,47,12
27988,66524,0.0005705441,47,12
27989,66525,0.0005705517,47,11
27990,66526,0.0005696898,47,11
27991,66527,0.0005704006,47,11
27992,66530,0.0005707694,47,11
27993,66531,0.000570484,47,11
27994,66532,0.0005712283,47,11
27995,66533,0.0005711697,47,11
27996,66534,0.0005706168,47,11
27997,66535,0.0005681981,47,10
27998,66536,0.0005672355,47,10
27999,66537,0.0005652367,47,10
28000,66540,0.000562814,47,10
28001,66541,0.0005625609,47,10
28002,66542,0.000563479,47,10
28003,66543,0.0005655148,47,10
28004,66544,0.0005677707,47,10
28005,66545,0.0005692801,47,9
28006,66546,0.0005700481,47,9
28007,66547,0.0005712547,47,9
28008,66550,0.0005709595,47,9
28009,66551,0.0005717776,47,9
28010,66552,0.0005702261,47,9
28011,66553,0.0005697624,47,9
28012,66554,0.0005698181,47,9
28013,66555,0.0005702203,47,8
28014,66556,0.0005700926,47,8
28015,66557,0.0005707223,47,8
28016,66560,0.0005710755,47,8
28017,66561,0.0005719152,47,8
28018,66562,0.0005724884,47,8
28019,66563,0.0005722754,47,8
28020,66564,0.0005721951,47,8
28021,66565,0.0005712164,47,7
28022,66566,0.0005709698,47,7
28023,66567,0.000571373,47,7
28024,66570,0.000571219,47,7
28025,66571,0.0005709293,47,7
28026,66572,0.0005703921,47,7
28027,66573,0.0005696829,47,7
28028,66574,0.000569466,47,7
28029,66575,0.0005681129,47,6
28030,66576,0.0005687097,47,6
28031,66577,0.0005672359,47,6
28032,66600,0.0005681221,47,6
28033,66601,0.0005682774,47,6
28034,66602,0.0005681902,47,6
28035,66603,0.0005680766,47,6
28036,66604,0.0005676757,47,6
28037,66605,0.0005663756,47,5
28038,66606,0.0005659026,47,5
28039,66607,0.0005653023,47,5
28040,66610,0.0005655007,47,5
28041,66611,0.0005650648,47,5
28042,66612,0.0005651594,47,5
28043,66613,0.0005647219,47,5
28044,66614,0.0005644401,47,5
28045,66615,0.0005643105,47,4
28046,66616,0.0005641962,47,4
28047,66617,0.0005629638,47,4
28048,66620,0.000563291,47,4
28049,66621,0.0005634265,47,4
28050,66622,0.0005641638,47,4
28051,66623,0.0005638903,47,4
28052,66624,0.0005645321,47,4
28053,66625,0.0005651183,47,3
28054,66626,0.0005650304,47,3
28055,66627,0.0005644904,47,3
28056,66630,0.0005640789,47,3
28057,66631,0.0005655311,47,3
28058,66632,0.0005647875,47,3
28059,66633,0.0005653998,47,3
28060,66634,0.0005659022,47,3
28061,66635,0.0005670327,47,2
28062,66636,0.0005675135,47,2
28063,66637,0.0005686791,47,2
28064,66640,0.0005690039,47,2
28065,66641,0.0005694711,47,2
28066,66642,0.0005698133,47,2
28067,66643,0.0005703581,47,2
28068,66644,0.0005700805,47,2
28069,66645,0.0005704336,47,1
28070,66646,0.0005705947,47,1
28071,66647,0.0005709276,47,1
28072,66650,0.0005714598,47,1
28073,66651,0.0005717169,47,1
28074,66652,0.0005724289,47,1
28075,66653,0.0005732459,47,1
28076,66654,0.0005732925,47,1
28077,66655,0.0005736851,47,0
28078,66656,0.0005743943,47,0
28079,66657,0.0005748361,47,0
28080,66660,0.0005747182,47,0
28081,66661,0.0005749606,47,0
28082,66662,0.0005743597,47,0
28083,66663,0.0005738714,47,0
28084,66664,0.0005737552,-1,-1
28085,66665,0.0005731063,-1,-1
28086,66666,0.000572408,-1,-1
28087,66667,0.0005712218,-1,-1
28088,66670,0.0005707439,-1,-1
28089,66671,0.0005708738,-1,-1
28090,66672,0.0005709284,-1,-1
28091,66673,0.0005699517,-1,-1
28092,66674,0.0005704073,-1,-1
28093,66675,0.0005721613,-1,-1
28094,66676,0.0005733282,-1,-1
28095,66677,0.0005727744,-1,-1
28096,66700,0.0005731279,-1,-1
28097,66701,0.0005733857,-1,-1
28098,66702,0.0005727732,-1,-1
28099,66703,0.0005726157,-1,-1
28100,66704,0.0005728705,-1,-1
28101,66705,0.0005726285,-1,-1
28102,66706,0.0005730251,-1,-1
28103,66707,0.0005724551,-1,-1
28104,66710,0.0005724162,-1,-1
28105,66711,0.0005725729,-1,-1
28106,66712,0.0005728194,-1,-1
28107,66713,0.0005723122,-1,-1
28108,66714,0.0005723038,-1,-1
28109,66715,0.0005724709,-1,-1
28110,66716,0.0005726764,-1,-1
28111,66717,0.0005726987,-1,-1
28112,66720,0.0005726414,-1,-1
28113,66721,0.0005722996,-1,-1
28114,66722,0.0005727762,-1,-1
28115,66723,0.0005725102,-1,-1
28116,66724,0.0005732607,-1,-1
28117,66725,0.000572905,-1,-1
28118,66726,0.000572887,-1,-1
28119,66727,0.0005727813,-1,-1
28120,66730,0.0005725389,-1,-1
28121,66731,0.0005729377,-1,-1
28122,66732,0.0005730159,-1,-1
28123,66733,0.0005729845,-1,-1
28124,66734,0.0005729995,-1,-1
28125,66735,0.0005728728,-1,-1
28126,66736,0.000572714,-1,-1
28127,66737,0.0005731449,-1,-1
28128,66740,0.0005729569,-1,-1
28129,66741,0.0005727989,-1,-1
28130,66742,0.0005729009,-1,-1
28131,66743,0.0005729725,-1,-1
28132,66744,0.0005729769,-1,-1
28133,66745,0.0005730396,-1,-1
28134,66746,0.0005728159,-1,-1
28135,66747,0.000573049,-1,-1
28136,66750,0.0005727052,-1,-1
28137,66751,0.0005730495,-1,-1
28138,66752,0.0005731328,-1,-1
28139,66753,0.000572179,-1,-1
28140,66754,0.000572992,-1,-1
28141,66755,0.0005727461,-1,-1
28142,66756,0.0005729583,-1,-1
28143,66757,0.0005728769,-1,-1
28144,66760,0.0005727867,-1,-1
28145,66761,0.0005729606,-1,-1
28146,66762,0.0005728263,-1,-1
28147,66763,0.0005726267,-1,-1
28148,66764,0.0005728412,-1,-1
28149,66765,0.0005728077,-1,-1
28150,66766,0.0005727767,-1,-1
28151,66767,0.0005731152,-1,-1
28152,66770,0.0005731501,-1,-1
28153,66771,0.0005728091,-1,-1
28154,66772,0.0005729526,-1,-1
28155,66773,0.0005726353,-1,-1
28156,66774,0.0005730749,-1,-1
28157,66775,0.0005727293,-1,-1
28158,66776,0.0005727567,-1,-1
28159,66777,0.000572864,-1,-1
28160,67000,0.0005726561,-1,-1
28161,67001,0.0005728985,-1,-1
28162,67002,0.0005727285,-1,-1
28163,67003,0.0005729888,-1,-1
28164,67004,0.0005724442,-1,-1
28165,67005,0.0005728399,-1,-1
28166,67006,0.0005732633,-1,-1
28167,67007,0.000572844,-1,-1
28168,67010,0.0005728523,-1,-1
28169,67011,0.0005729671,-1,-1
28170,67012,0.0005727018,-1,-1
28171,67013,0.0005723512,-1,-1
28172,67014,0.0005730192,-1,-1
28173,67015,0.0005727863,-1,-1
28174,67016,0.000572714,-1,-1
28175,67017,0.0005727473,-1,-1
28176,67020,0.0005727527,-1,-1
28177,67021,0.0005725859,-1,-1
28178,67022,0.0005726109,-1,-1
28179,67023,0.0005728832,-1,-1
28180,67024,0.0005730491,-1,-1
28181,67025,0.0005724699,-1,-1
28182,67026,0.0005727984,-1,-1
28183,67027,0.0005727836,-1,-1
28184,67030,0.0005724727,-1,-1
28185,67031,0.0005727093,-1,-1
28186,67032,0.0005725115,-1,-1
28187,67033,0.0005723604,-1,-1
28188,67034,0.0005727738,-1,-1
28189,67035,0.0005726506,-1,-1
28190,67036,0.000573262,-1,-1
28191,67037,0.0005728127,-1,-1
28192,67040,0.0005727749,-1,-1
28193,67041,0.0005726888,-1,-1
28194,67042,0.0005729095,-1,-1
28195,67043,0.0005727608,-1,-1
28196,67044,0.000572757,-1,-1
28197,67045,0.0005725944,-1,-1
28198,67046,0.0005726833,-1,-1
28199,67047,0.0005730368,-1,-1
28200,67050,0.0005723803,-1,-1
28201,67051,0.0005726496,-1,-1
28202,67052,0.0005731739,-1,-1
28203,67053,0.0005741646,-1,-1
28204,67054,0.000574239,-1,-1
28205,67055,0.0005745781,-1,-1
28206,67056,0.0005742129,-1,-1
28207,67057,0.0005749593,-1,-1
28208,67060,0.0005747028,-1,-1
28209,67061,0.00057457,-1,-1
28210,67062,0.0005744434,-1,-1
28211,67063,0.0005750068,-1,-1
28212,67064,0.0005744182,-1,-1
28213,67065,0.0005740158,-1,-1
28214,67066,0.000574609,-1,-1
28215,67067,0.000573948,-1,-1
28216,67070,0.0005740761,-1,-1
28217,67071,0.0005742114,-1,-1
28218,67072,0.0005736347,-1,-1
28219,67073,0.0005742461,-1,-1
28220,67074,0.0005744972,-1,-1
28221,67075,0.0005748164,-1,-1
28222,67076,0.0005744186,-1,-1
28223,67077,0.0005742557,-1,-1
28224,67100,0.0005745963,-1,-1
28225,67101,0.0005747903,-1,-1
28226,67102,0.0005741317,-1,-1
28227,67103,0.0005749248,-1,-1
28228,67104,0.0005746164,-1,-1
28229,67105,0.0005745454,-1,-1
28230,67106,0.0005745633,-1,-1
28231,67107,0.0005747262,-1,-1
28232,67110,0.0005744247,-1,-1
28233,67111,0.000574526,-1,-1
28234,67112,0.00057473,-1,-1
28235,67113,0.0005748603,-1,-1
28236,67114,0.0005743649,-1,-1
28237,67115,0.0005744307,-1,-1
28238,67116,0.0005746432,-1,-1
28239,67117,0.00057453,-1,-1
28240,67120,0.000574433,-1,-1
28241,67121,0.00057416,-1,-1
28242,67122,0.0005746867,-1,-1
28243,67123,0.0005743848,-1,-1
28244,67124,0.0005744376,-1,-1
28245,67125,0.0005743025,-1,-1
28246,67126,0.0005746621,-1,-1
28247,67127,0.0005744481,-1,-1
28248,67130,0.0005746895,-1,-1
28249,67131,0.000574375,-1,-1
28250,67132,0.0005745665,-1,-1
28251,67133,0.0005747374,-1,-1
28252,67134,0.0005743511,-1,-1
28253,67135,0.000574608,-1,-1
28254,67136,0.0005747163,-1,-1
28255,67137,0.0005746049,-1,-1
28256,67140,0.0005748604,-1,-1
28257,67141,0.0005744679,-1,-1
28258,67142,0.0005745687,-1,-1
28259,67143,0.0005743807,-1,-1
28260,67144,0.0005745799,-1,-1
28261,67145,0.000574425,-1,-1
28262,67146,0.0005744857,-1,-1
28263,67147,0.000574436,-1,-1
28264,67150,0.0005744945,-1,-1
28265,67151,0.0005744729,-1,-1
28266,67152,0.000574507,-1,-1
28267,67153,0.0005745753,-1,-1
28268,67154,0.0005749755,-1,-1
28269,67155,0.0005747703,-1,-1
28270,67156,0.0005747807,-1,-1
28271,67157,0.0005741371,-1,-1
28272,67160,0.000574642,-1,-1
28273,67161,0.0005744944,-1,-1
28274,67162,0.0005742133,-1,-1
28275,67163,0.0005744568,-1,-1
28276,67164,0.000574354,-1,-1
28277,67165,0.0005746941,-1,-1
28278,67166,0.0005745688,-1,-1
28279,67167,0.0005745266,-1,-1
28280,67170,0.0005745149,-1,-1
28281,67171,0.0005743697,-1,-1
28282,67172,0.0005747546,-1,-1
28283,67173,0.0005745597,-1,-1
28284,67174,0.0005743844,-1,-1
28285,67175,0.0005743996,-1,-1
28286,67176,0.0005746638,-1,-1
28287,67177,0.0005741325,-1,-1
28288,67200,0.0005743347,-1,-1
28289,67201,0.0005747123,-1,-1
28290,67202,0.0005744258,-1,-1
28291,67203,0.0005747593,-1,-1
28292,67204,0.0005745867,-1,-1
28293,67205,0.0005746676,-1,-1
28294,67206,0.0005746408,-1,-1
28295,67207,0.0005749217,-1,-1
28296,67210,0.0005744492,-1,-1
28297,67211,0.0005746324,-1,-1
28298,67212,0.0005743322,-1,-1
28299,67213,0.000574571,-1,-1
28300,67214,0.0005743626,-1,-1
28301,67215,0.0005748306,-1,-1
28302,67216,0.0005749683,-1,-1
28303,67217,0.0005745612,-1,-1
28304,67220,0.0005746982,-1,-1
28305,67221,0.0005749764,-1,-1
28306,67222,0.0005744628,-1,-1
28307,67223,0.0005744892,-1,-1
28308,67224,0.0005743642,-1,-1
28309,67225,0.0005736111,-1,-1
28310,67226,0.0005732673,-1,-1
28311,67227,0.0005723662,-1,-1
28312,67230,0.000572307,-1,-1
28313,67231,0.0005727204,-1,-1
28314,67232,0.0005731338,-1,-1
28315,67233,0.000573763,-1,-1
28316,67234,0.000574224,-1,-1
28317,67235,0.0005745898,-1,-1
28318,67236,0.0005747286,-1,-1
28319,67237,0.0005748008,-1,-1
28320,67240,0.0005748364,48,0
28321,67241,0.0005750952,48,0
28322,67242,0.0005750695,48,0
28323,67243,0.0005750675,48,0
28324,67244,0.0005749429,48,0
28325,67245,0.0005748853,48,0
28326,67246,0.0005750519,48,0
28327,67247,0.000574718,48,0
28328,67250,0.0005739282,48,1
28329,67251,0.0005737758,48,1
28330,67252,0.0005729626,48,1
28331,67253,0.0005730226,48,1
28332,67254,0.0005730158,48,1
28333,67255,0.0005741348,48,1
28334,67256,0.000574074,48,1
28335,67257,0.0005735209,48,1
28336,67260,0.0005732113,48,2
28337,67261,0.0005733107,48,2
28338,67262,0.0005734541,48,2
28339,67263,0.0005729613,48,2
28340,67264,0.0005727228,48,2
28341,67265,0.0005733706,48,2
28342,67266,0.0005731392,48,2
28343,67267,0.0005724249,48,2
28344,67270,0.000572519,48,3
28345,67271,0.0005723526,48,3
28346,67272,0.0005721285,48,3
28347,67273,0.0005723973,48,3
28348,67274,0.0005718673,48,3
28349,67275,0.0005713849,48,3
28350,67276,0.0005711263,48,3
28351,67277,0.0005700616,48,3
28352,67300,0.0005700682,48,4
28353,67301,0.0005699458,48,4
28354,67302,0.000569519,48,4
28355,67303,0.0005689565,48,4
28356,67304,0.0005680154,48,4
28357,67305,0.0005678928,48,4
28358,67306,0.000567889,48,4
28359,67307,0.0005680087,48,4
28360,67310,0.0005683228,48,5
28361,67311,0.0005690384,48,5
28362,67312,0.0005689402,48,5
28363,67313,0.0005690596,48,5
28364,67314,0.0005684084,48,5
28365,67315,0.000568267,48,5
28366,67316,0.0005680946,48,5
28367,67317,0.0005678633,48,5
28368,67320,0.0005683146,48,6
28369,67321,0.0005679592,48,6
28370,67322,0.0005679107,48,6
28371,67323,0.0005666832,48,6
28372,67324,0.0005663481,48,6
28373,67325,0.000566385,48,6
28374,67326,0.0005679696,48,6
28375,67327,0.0005690026,48,6
28376,67330,0.0005710358,48,7
28377,67331,0.0005727211,48,7
28378,67332,0.0005726281,48,7
28379,67333,0.0005721043,48,7
28380,67334,0.0005713326,48,7
28381,67335,0.000571785,48,7
28382,67336,0.0005727767,48,7
28383,67337,0.0005737113,48,7
28384,67340,0.0005736288,48,8
28385,67341,0.0005729863,48,8
28386,67342,0.0005717665,48,8
28387,67343,0.0005708635,48,8
28388,67344,0.0005701719,48,8
28389,67345,0.0005706273,48,8
28390,67346,0.0005704398,48,8
28391,67347,0.0005706754,48,8
28392,67350,0.0005718867,48,9
28393,67351,0.0005726954,48,9
28394,67352,0.0005729644,48,9
28395,67353,0.0005725678,48,9
28396,67354,0.000572173,48,9
28397,67355,0.0005716715,48,9
28398,67356,0.0005717193,48,9
28399,67357,0.0005710474,48,9
28400,67360,0.0005710426,48,10
28401,67361,0.000570774,48,10
28402,67362,0.0005708326,48,10
28403,67363,0.0005708648,48,10
28404,67364,0.000570255,48,10
28405,67365,0.000570465,48,10
28406,67366,0.0005703325,48,10
28407,67367,0.0005706463,48,10
28408,67370,0.0005708723,48,11
28409,67371,0.0005702645,48,11
28410,67372,0.0005704698,48,11
28411,67373,0.000569954,48,11
28412,67374,0.0005695827,48,11
28413,67375,0.0005704201,48,11
28414,67376,0.0005720485,48,11
28415,67377,0.0005729965,48,11
28416,67400,0.000573808,48,12
28417,67401,0.0005733526,48,12
28418,67402,0.0005736974,48,12
28419,67403,0.0005735199,48,12
28420,67404,0.0005730412,48,12
28421,67405,0.0005729595,48,12
28422,67406,0.0005726333,48,12
28423,67407,0.0005732975,48,13
28424,67410,0.0005729419,48,13
28425,67411,0.0005731487,48,13
28426,67412,0.0005725683,48,13
28427,67413,0.0005726338,48,13
28428,67414,0.0005729946,48,13
28429,67415,0.00057308,48,13
28430,67416,0.0005735082,48,13
28431,67417,0.0005739479,48,14
28432,67420,0.0005740685,48,14
28433,67421,0.0005739182,48,14
28434,67422,0.0005738466,48,14
28435,67423,0.0005740884,48,14
28436,67424,0.0005740264,48,14
28437,67425,0.0005740128,48,14
28438,67426,0.0005731444,48,14
28439,67427,0.0005734802,48,15
28440,67430,0.0005733101,48,15
28441,67431,0.0005733753,48,15
28442,67432,0.0005734005,48,15
28443,67433,0.0005732521,48,15
28444,67434,0.0005738639,48,15
28445,67435,0.0005744246,48,15
28446,67436,0.00057478,48,15
28447,67437,0.0005748956,48,16
28448,67440,0.0005739609,48,16
28449,67441,0.0005729278,48,16
28450,67442,0.0005723607,48,16
28451,67443,0.0005716488,48,16
28452,67444,0.0005710946,48,16
28453,67445,0.0005708265,48,16
28454,67446,0.0005708364,48,16
28455,67447,0.0005714556,48,17
28456,67450,0.0005719573,48,17
28457,67451,0.000573123,48,17
28458,67452,0.0005740018,48,17
28459,67453,0.0005746209,48,17
28460,67454,0.0005745564,48,17
28461,67455,0.0005741769,48,17
28462,67456,0.000573627,48,17
28463,67457,0.0005735739,48,18
28464,67460,0.0005734196,48,18
28465,67461,0.0005727203,48,18
28466,67462,0.0005725419,48,18
28467,67463,0.0005718105,48,18
28468,67464,0.0005718431,48,18
28469,67465,0.0005713979,48,18
28470,67466,0.0005713889,48,18
28471,67467,0.0005721946,48,19
28472,67470,0.0005725694,48,19
28473,67471,0.0005726594,48,19
28474,67472,0.0005731664,48,19
28475,67473,0.0005731701,48,19
28476,67474,0.0005733075,48,19
28477,67475,0.0005732797,48,19
28478,67476,0.0005727808,48,19
28479,67477,0.0005732195,48,20
28480,67500,0.000573981,48,20
28481,67501,0.0005742902,48,20
28482,67502,0.00057404,48,20
28483,67503,0.0005739332,48,20
28484,67504,0.0005746831,48,20
28485,67505,0.000574165,48,20
28486,67506,0.0005743972,48,20
28487,67507,0.0005740405,48,21
28488,67510,0.0005739108,48,21
28489,67511,0.0005740544,48,21
28490,67512,0.000573637,48,21
28491,67513,0.0005739487,48,21
28492,67514,0.0005739251,48,21
28493,67515,0.0005740726,48,21
28494,67516,0.0005740073,48,21
28495,67517,0.0005742955,48,22
28496,67520,0.0005738648,48,22
28497,67521,0.0005745364,48,22
28498,67522,0.0005741775,48,22
28499,67523,0.0005748919,48,22
28500,67524,0.0005751787,48,22
28501,67525,0.0005750033,48,22
28502,67526,0.0005752222,48,22
28503,67527,0.0005754179,48,23
28504,67530,0.0005750284,48,23
28505,67531,0.0005752485,48,23
28506,67532,0.0005758179,48,23
28507,67533,0.0005759496,48,23
28508,67534,0.0005752833,48,23
28509,67535,0.0005758108,48,23
28510,67536,0.0005758614,48,23
28511,67537,0.0005759754,48,24
28512,67540,0.000575945,48,24
28513,67541,0.0005761335,48,24
28514,67542,0.000575918,48,24
28515,67543,0.0005754548,48,24
28516,67544,0.0005752649,48,24
28517,67545,0.000575063,48,24
28518,67546,0.0005749085,48,25
28519,67547,0.0005748628,48,25
28520,67550,0.0005745347,48,25
28521,67551,0.0005752742,48,25
28522,67552,0.0005749926,48,25
28523,67553,0.0005747392,48,25
28524,67554,0.0005749459,48,25
28525,67555,0.0005752227,48,25
28526,67556,0.0005754512,48,26
28527,67557,0.0005755672,48,26
28528,67560,0.0005751497,48,26
28529,67561,0.000575515,48,26
28530,67562,0.0005757547,48,26
28531,67563,0.0005758701,48,26
28532,67564,0.0005755674,48,26
28533,67565,0.0005757435,48,26
28534,67566,0.0005754231,48,27
28535,67567,0.00057535,48,27
28536,67570,0.00057523,48,27
28537,67571,0.0005755777,48,27
28538,67572,0.0005753384,48,27
28539,67573,0.0005754296,48,27
28540,67574,0.0005755802,48,27
28541,67575,0.0005747384,48,27
28542,67576,0.0005746079,48,28
28543,67577,0.0005743941,48,28
28544,67600,0.0005739661,48,28
28545,67601,0.0005743849,48,28
28546,67602,0.0005744965,48,28
28547,67603,0.0005747032,48,28
28548,67604,0.0005744447,48,28
28549,67605,0.0005740218,48,28
28550,67606,0.0005739427,48,29
28551,67607,0.0005737248,48,29
28552,67610,0.0005734246,48,29
28553,67611,0.0005737797,48,29
28554,67612,0.0005736799,48,29
28555,67613,0.000573421,48,29
28556,67614,0.0005734757,48,29
28557,67615,0.0005727508,48,29
28558,67616,0.0005728077,48,30
28559,67617,0.0005719144,48,30
28560,67620,0.0005720815,48,30
28561,67621,0.0005728662,48,30
28562,67622,0.0005747088,48,30
28563,67623,0.0005748647,48,30
28564,67624,0.0005748587,48,30
28565,67625,0.0005746431,48,30
28566,67626,0.0005748732,48,31
28567,67627,0.000575192,48,31
28568,67630,0.0005752076,48,31
28569,67631,0.000575343,48,31
28570,67632,0.0005755298,48,31
28571,67633,0.0005755777,48,31
28572,67634,0.0005751028,48,31
28573,67635,0.0005743239,48,31
28574,67636,0.0005744529,48,32
28575,67637,0.0005745785,48,32
28576,67640,0.0005743011,48,32
28577,67641,0.0005743902,48,32
28578,67642,0.0005738362,48,32
28579,67643,0.0005741724,48,32
28580,67644,0.0005739495,48,32
28581,67645,0.0005743001,48,32
28582,67646,0.0005741643,48,33
28583,67647,0.0005736511,48,33
28584,67650,0.000573108,48,33
28585,67651,0.0005732921,48,33
28586,67652,0.0005730343,48,33
28587,67653,0.0005737853,48,33
28588,67654,0.0005738421,48,33
28589,67655,0.0005735971,48,33
28590,67656,0.0005735941,48,34
28591,67657,0.0005736063,48,34
28592,67660,0.0005738706,48,34
28593,67661,0.0005731819,48,34
28594,67662,0.0005733097,48,34
28595,67663,0.0005731141,48,34
28596,67664,0.0005727333,48,34
28597,67665,0.000573746,48,34
28598,67666,0.0005739104,48,35
28599,67667,0.0005739343,48,35
28600,67670,0.0005733564,48,35
28601,67671,0.0005727632,48,35
28602,67672,0.0005717295,48,35
28603,67673,0.0005702222,48,35
28604,67674,0.0005691632,48,35
28605,67675,0.0005690401,48,35
28606,67676,0.0005692752,48,36
28607,67677,0.0005696577,48,36
28608,67700,0.0005692171,48,36
28609,67701,0.0005676317,48,36
28610,67702,0.0005664328,48,36
28611,67703,0.0005663756,48,36
28612,67704,0.0005656959,48,36
28613,67705,0.0005669468,48,36
28614,67706,0.0005680898,48,37
28615,67707,0.0005683491,48,37
28616,67710,0.0005687341,48,37
28617,67711,0.0005684086,48,37
28618,67712,0.0005677983,48,37
28619,67713,0.0005675305,48,37
28620,67714,0.0005672296,48,37
28621,67715,0.0005669368,48,38
28622,67716,0.0005667717,48,38
28623,67717,0.0005663728,48,38
28624,67720,0.0005669455,48,38
28625,67721,0.0005671745,48,38
28626,67722,0.0005666462,48,38
28627,67723,0.0005666426,48,38
28628,67724,0.0005662763,48,38
28629,67725,0.0005659466,48,39
28630,67726,0.0005660014,48,39
28631,67727,0.0005666179,48,39
28632,67730,0.0005666662,48,39
28633,67731,0.0005676208,48,39
28634,67732,0.0005685333,48,39
28635,67733,0.000570395,48,39
28636,67734,0.0005714591,48,39
28637,67735,0.0005726959,48,40
28638,67736,0.0005730633,48,40
28639,67737,0.0005732768,48,40
28640,67740,0.0005733264,48,40
28641,67741,0.0005737628,48,40
28642,67742,0.0005731485,48,40
28643,67743,0.0005732937,48,40
28644,67744,0.0005727497,48,40
28645,67745,0.0005734781,48,41
28646,67746,0.0005739522,48,41
28647,67747,0.000573518,48,41
28648,67750,0.0005730474,48,41
28649,67751,0.0005724189,48,41
28650,67752,0.000572047,48,41
28651,67753,0.000571819,48,41
28652,67754,0.0005715574,48,41
28653,67755,0.0005719345,48,42
28654,67756,0.000572266,48,42
28655,67757,0.0005722899,48,42
28656,67760,0.0005720709,48,42
28657,67761,0.0005715506,48,42
28658,67762,0.0005712757,48,42
28659,67763,0.0005707966,48,42
28660,67764,0.0005697722,48,42
28661,67765,0.0005690003,48,43
28662,67766,0.0005686343,48,43
28663,67767,0.0005691837,48,43
28664,67770,0.0005693974,48,43
28665,67771,0.0005682817,48,43
28666,67772,0.0005671075,48,43
28667,67773,0.000564024,48,43
28668,67774,0.0005625244,48,43
28669,67775,0.0005613371,48,44
28670,67776,0.0005612581,48,44
28671,67777,0.0005618514,48,44
28672,70000,0.0005588917,48,44
28673,70001,0.0005544232,48,44
28674,70002,0.0005499119,48,44
28675,70003,0.0005450455,48,44
28676,70004,0.0005401864,48,44
28677,70005,0.0005396403,48,45
28678,70006,0.0005432013,48,45
28679,70007,0.0005505388,48,45
28680,70010,0.000561544,48,45
28681,70011,0.0005733744,48,45
28682,70012,0.0005850152,48,45
28683,70013,0.0005915469,48,45
28684,70014,0.0005967035,48,45
28685,70015,0.000601841,48,46
28686,70016,0.0006063296,48,46
28687,70017,0.0006093897,48,46
28688,70020,0.0006107814,48,46
28689,70021,0.0006111923,48,46
28690,70022,0.0006108063,48,46
28691,70023,0.0006111868,48,46
28692,70024,0.0006110258,48,46
28693,70025,0.0006109522,48,47
28694,70026,0.0006110522,48,47
28695,70027,0.0006111068,48,47
28696,70030,0.000611368,48,47
28697,70031,0.0006110768,48,47
28698,70032,0.0006113049,48,47
28699,70033,0.0006111156,48,47
28700,70034,0.0006108128,48,47
28701,70035,0.000611129,48,48
28702,70036,0.000611303,48,48
28703,70037,0.0006109967,48,48
28704,70040,0.0006115301,48,48
28705,70041,0.0006112432,48,48
28706,70042,0.0006112883,48,48
28707,70043,0.0006113211,48,48
28708,70044,0.0006112878,48,48
28709,70045,0.0006116052,48,49
28710,70046,0.0006112533,48,49
28711,70047,0.0006112315,48,49
28712,70050,0.0006111742,48,49
28713,70051,0.0006111221,48,49
28714,70052,0.0006112562,48,49
28715,70053,0.0006113253,48,49
28716,70054,0.0006113633,-1,-1
28717,70055,0.0006112531,-1,-1
28718,70056,0.0006113515,-1,-1
28719,70057,0.0006110817,-1,-1
28720,70060,0.0006112639,-1,-1
28721,70061,0.0006110093,-1,-1
28722,70062,0.0006111384,-1,-1
28723,70063,0.0006106913,-1,-1
28724,70064,0.0006107952,-1,-1
28725,70065,0.0006107149,-1,-1
28726,70066,0.0006111338,-1,-1
28727,70067,0.0006109439,-1,-1
28728,70070,0.0006116162,-1,-1
28729,70071,0.0006109903,-1,-1
28730,70072,0.0006113227,-1,-1
28731,70073,0.0006109863,-1,-1
28732,70074,0.0006112204,-1,-1
28733,70075,0.000610804,-1,-1
28734,70076,0.0006108977,-1,-1
28735,70077,0.0006110417,-1,-1
28736,70100,0.0006114767,-1,-1
28737,70101,0.0006113584,-1,-1
28738,70102,0.0006107789,-1,-1
28739,70103,0.0006110621,-1,-1
28740,70104,0.0006111348,-1,-1
28741,70105,0.0006108715,-1,-1
28742,70106,0.0006110663,-1,-1
28743,70107,0.0006109456,-1,-1
28744,70110,0.0006109504,-1,-1
28745,70111,0.0006109463,-1,-1
28746,70112,0.000610882,-1,-1
28747,70113,0.0006110782,-1,-1
28748,70114,0.0006107889,-1,-1
28749,70115,0.00061116,-1,-1
28750,70116,0.0006109761,-1,-1
28751,70117,0.0006111049,-1,-1
28752,70120,0.0006111771,-1,-1
28753,70121,0.0006107221,-1,-1
28754,70122,0.0006105983,-1,-1
28755,70123,0.0006107109,-1,-1
28756,70124,0.0006110576,-1,-1
28757,70125,0.0006110019,-1,-1
28758,70126,0.0006112315,-1,-1
28759,70127,0.0006107075,-1,-1
28760,70130,0.0006110657,-1,-1
28761,70131,0.0006110683,-1,-1
28762,70132,0.0006109927,-1,-1
28763,70133,0.0006108807,-1,-1
28764,70134,0.0006105593,-1,-1
28765,70135,0.0006109411,-1,-1
28766,70136,0.0006110548,-1,-1
28767,70137,0.000611284,-1,-1
28768,70140,0.0006111138,-1,-1
28769,70141,0.0006110896,-1,-1
28770,70142,0.0006111315,-1,-1
28771,70143,0.0006114588,-1,-1
28772,70144,0.0006113821,-1,-1
28773,70145,0.0006112274,-1,-1
28774,70146,0.0006111119,-1,-1
28775,70147,0.0006114225,-1,-1
28776,70150,0.0006110535,-1,-1
28777,70151,0.0006109698,-1,-1
28778,70152,0.0006113081,-1,-1
28779,70153,0.0006108814,-1,-1
28780,70154,0.0006111771,-1,-1
28781,70155,0.0006107327,-1,-1
28782,70156,0.0006106846,-1,-1
28783,70157,0.0006110571,-1,-1
28784,70160,0.0006112402,-1,-1
28785,70161,0.0006114653,-1,-1
28786,70162,0.0006110212,-1,-1
28787,70163,0.0006111401,-1,-1
28788,70164,0.0006110323,-1,-1
28789,70165,0.000610585,-1,-1
28790,70166,0.0006108415,-1,-1
28791,70167,0.0006104151,-1,-1
28792,70170,0.0006110143,-1,-1
28793,70171,0.0006108182,-1,-1
28794,70172,0.0006111854,-1,-1
28795,70173,0.0006106939,-1,-1
28796,70174,0.0006109159,-1,-1
28797,70175,0.0006109786,-1,-1
28798,70176,0.0006108473,-1,-1
28799,70177,0.000610958,-1,-1
28800,70200,0.0006110209,-1,-1
28801,70201,0.0006112444,-1,-1
28802,70202,0.0006108127,-1,-1
28803,70203,0.0006109154,-1,-1
28804,70204,0.000610526,-1,-1
28805,70205,0.0006108186,-1,-1
28806,70206,0.0006109172,-1,-1
28807,70207,0.0006110342,-1,-1
28808,70210,0.0006105732,-1,-1
28809,70211,0.000610801,-1,-1
28810,70212,0.0006110886,-1,-1
28811,70213,0.0006112389,-1,-1
28812,70214,0.0006110429,-1,-1
28813,70215,0.0006109978,-1,-1
28814,70216,0.000610316,-1,-1
28815,70217,0.0006108525,-1,-1
28816,70220,0.0006107055,-1,-1
28817,70221,0.0006108005,-1,-1
28818,70222,0.0006109052,-1,-1
28819,70223,0.0006108784,-1,-1
28820,70224,0.0006110106,-1,-1
28821,70225,0.000611275,-1,-1
28822,70226,0.0006108566,-1,-1
28823,70227,0.0006106803,-1,-1
28824,70230,0.000610687,-1,-1
28825,70231,0.0006111324,-1,-1
28826,70232,0.0006108463,-1,-1
28827,70233,0.0006101987,-1,-1
28828,70234,0.0006105342,-1,-1
28829,70235,0.0006106699,-1,-1
28830,70236,0.0006107343,-1,-1
28831,70237,0.0006109755,-1,-1
28832,70240,0.0006109661,-1,-1
28833,70241,0.000611464,-1,-1
28834,70242,0.0006112894,-1,-1
28835,70243,0.0006106931,-1,-1
28836,70244,0.0006112126,-1,-1
28837,70245,0.0006108391,-1,-1
28838,70246,0.000611409,-1,-1
28839,70247,0.0006107537,-1,-1
28840,70250,0.000610817,-1,-1
28841,70251,0.0006112345,-1,-1
28842,70252,0.0006108696,-1,-1
28843,70253,0.0006106753,-1,-1
28844,70254,0.0006111271,-1,-1
28845,70255,0.0006110215,-1,-1
28846,70256,0.0006110487,-1,-1
28847,70257,0.0006109547,-1,-1
28848,70260,0.000610445,-1,-1
28849,70261,0.0006109815,-1,-1
28850,70262,0.0006112426,-1,-1
28851,70263,0.00061082,-1,-1
28852,70264,0.0006109336,-1,-1
28853,70265,0.0006111137,-1,-1
28854,70266,0.0006111467,-1,-1
28855,70267,0.0006109457,-1,-1
28856,70270,0.000611163,-1,-1
28857,70271,0.0006112485,-1,-1
28858,70272,0.0006112428,-1,-1
28859,70273,0.0006109538,-1,-1
28860,70274,0.0006113211,-1,-1
28861,70275,0.0006110658,-1,-1
28862,70276,0.0006109856,-1,-1
28863,70277,0.0006107981,-1,-1
28864,70300,0.0006107753,-1,-1
28865,70301,0.0006109505,-1,-1
28866,70302,0.000610937,-1,-1
28867,70303,0.0006111132,-1,-1
28868,70304,0.0006114469,-1,-1
28869,70305,0.0006111408,-1,-1
28870,70306,0.000611156,-1,-1
28871,70307,0.0006112086,-1,-1
28872,70310,0.000610554,-1,-1
28873,70311,0.0006107759,-1,-1
28874,70312,0.0006108081,-1,-1
28875,70313,0.0006105499,-1,-1
28876,70314,0.0006107437,-1,-1
28877,70315,0.0006105635,-1,-1
28878,70316,0.0006105938,-1,-1
28879,70317,0.0006107982,-1,-1
28880,70320,0.0006104521,-1,-1
28881,70321,0.0006107829,-1,-1
28882,70322,0.0006102623,-1,-1
28883,70323,0.0006106986,-1,-1
28884,70324,0.0006104801,-1,-1
28885,70325,0.0006108958,-1,-1
28886,70326,0.0006103975,-1,-1
28887,70327,0.0006106353,-1,-1
28888,70330,0.0006107371,-1,-1
28889,70331,0.0006107507,-1,-1
28890,70332,0.0006104331,-1,-1
28891,70333,0.0006110047,-1,-1
28892,70334,0.0006106165,-1,-1
28893,70335,0.0006105462,-1,-1
28894,70336,0.0006108444,-1,-1
28895,70337,0.0006106084,-1,-1
28896,70340,0.0006105966,-1,-1
28897,70341,0.0006107835,-1,-1
28898,70342,0.000611053,-1,-1
28899,70343,0.0006109136,-1,-1
28900,70344,0.0006103128,-1,-1
28901,70345,0.0006105662,-1,-1
28902,70346,0.0006101868,-1,-1
28903,70347,0.0006105281,-1,-1
28904,70350,0.0006107747,-1,-1
28905,70351,0.0006104813,-1,-1
28906,70352,0.0006107535,-1,-1
28907,70353,0.0006107875,-1,-1
28908,70354,0.0006105703,-1,-1
28909,70355,0.0006108302,-1,-1
28910,70356,0.0006103707,-1,-1
28911,70357,0.000610366,-1,-1
28912,70360,0.0006107565,-1,-1
28913,70361,0.0006109262,-1,-1
28914,70362,0.0006104908,-1,-1
28915,70363,0.0006106068,-1,-1
28916,70364,0.000611129,-1,-1
28917,70365,0.0006103542,-1,-1
28918,70366,0.0006106888,-1,-1
28919,70367,0.0006106312,-1,-1
28920,70370,0.0006105503,-1,-1
28921,70371,0.0006105902,-1,-1
28922,70372,0.0006104251,-1,-1
28923,70373,0.0006108421,-1,-1
28924,70374,0.0006108977,-1,-1
28925,70375,0.0006106131,-1,-1
28926,70376,0.0006105552,-1,-1
28927,70377,0.000611265,-1,-1
28928,70400,0.0006107261,-1,-1
28929,70401,0.0006107397,-1,-1
28930,70402,0.0006107964,-1,-1
28931,70403,0.0006107325,-1,-1
28932,70404,0.0006107306,-1,-1
28933,70405,0.0006108807,-1,-1
28934,70406,0.0006109662,-1,-1
28935,70407,0.0006108398,-1,-1
28936,70410,0.0006111572,-1,-1
28937,70411,0.0006103987,-1,-1
28938,70412,0.000610329,-1,-1
28939,70413,0.0006111239,-1,-1
28940,70414,0.0006109218,-1,-1
28941,70415,0.0006104449,-1,-1
28942,70416,0.000610725,-1,-1
28943,70417,0.0006105503,-1,-1
28944,70420,0.0006106689,-1,-1
28945,70421,0.0006108092,-1,-1
28946,70422,0.0006103385,-1,-1
28947,70423,0.0006107191,-1,-1
28948,70424,0.0006109661,-1,-1
28949,70425,0.000610883,-1,-1
28950,70426,0.0006104415,-1,-1
28951,70427,0.0006109183,-1,-1
28952,70430,0.0006106918,49,49
28953,70431,0.000611112,49,49
28954,70432,0.0006107906,49,49
28955,70433,0.000611413,49,49
28956,70434,0.0006107728,49,49
28957,70435,0.0006109815,49,49
28958,70436,0.0006113305,49,49
28959,70437,0.00061118,49,49
28960,70440,0.000611333,49,48
28961,70441,0.0006112047,49,48
28962,70442,0.0006110242,49,48
28963,70443,0.0006107871,49,48
28964,70444,0.0006108813,49,48
28965,70445,0.0006110141,49,48
28966,70446,0.0006111483,49,48
28967,70447,0.0006109846,49,48
28968,70450,0.0006113553,49,47
28969,70451,0.0006109377,49,47
28970,70452,0.000610929,49,47
28971,70453,0.0006113704,49,47
28972,70454,0.0006114237,49,47
28973,70455,0.0006107889,49,47
28974,70456,0.0006109927,49,47
28975,70457,0.0006111863,49,47
28976,70460,0.0006114963,49,46
28977,70461,0.0006110195,49,46
28978,70462,0.0006110903,49,46
28979,70463,0.0006112344,49,46
28980,70464,0.0006108545,49,46
28981,70465,0.0006088679,49,46
28982,70466,0.0006066929,49,46
28983,70467,0.0006030571,49,46
28984,70470,0.0005986586,49,45
28985,70471,0.000593774,49,45
28986,70472,0.0005868333,49,45
28987,70473,0.0005785265,49,45
28988,70474,0.0005683603,49,45
28989,70475,0.0005578201,49,45
28990,70476,0.000551385,49,45
28991,70477,0.0005470429,49,45
28992,70500,0.0005457371,49,44
28993,70501,0.0005485577,49,44
28994,70502,0.0005527434,49,44
28995,70503,0.0005582802,49,44
28996,70504,0.0005617639,49,44
28997,70505,0.0005644133,49,44
28998,70506,0.0005648765,49,44
28999,70507,0.0005650837,49,44
29000,70510,0.0005646991,49,43
29001,70511,0.0005648793,49,43
29002,70512,0.0005658469,49,43
29003,70513,0.0005676276,49,43
29004,70514,0.0005689009,49,43
29005,70515,0.0005689426,49,43
29006,70516,0.00056913,49,43
29007,70517,0.0005686063,49,43
29008,70520,0.0005685467,49,42
29009,70521,0.0005689717,49,42
29010,70522,0.0005695422,49,42
29011,70523,0.0005712254,49,42
29012,70524,0.0005721073,49,42
29013,70525,0.00057298,49,42
29014,70526,0.0005737651,49,42
29015,70527,0.0005735006,49,42
29016,70530,0.0005737692,49,41
29017,70531,0.0005736207,49,41
29018,70532,0.0005738085,49,41
29019,70533,0.0005735352,49,41
29020,70534,0.0005738027,49,41
29021,70535,0.0005734192,49,41
29022,70536,0.0005730662,49,41
29023,70537,0.0005728363,49,41
29024,70540,0.0005723012,49,40
29025,70541,0.0005724715,49,40
29026,70542,0.0005733126,49,40
29027,70543,0.000573056,49,40
29028,70544,0.0005718566,49,40
29029,70545,0.0005707071,49,40
29030,70546,0.000568981,49,40
29031,70547,0.0005662924,49,40
29032,70550,0.0005629597,49,39
29033,70551,0.0005588614,49,39
29034,70552,0.0005526642,49,39
29035,70553,0.0005465954,49,39
29036,70554,0.0005419139,49,39
29037,70555,0.000541035,49,39
29038,70556,0.000544803,49,39
29039,70557,0.0005521791,49,39
29040,70560,0.0005590564,49,38
29041,70561,0.0005631155,49,38
29042,70562,0.0005660229,49,38
29043,70563,0.000566488,49,38
29044,70564,0.000566456,49,38
29045,70565,0.0005658597,49,38
29046,70566,0.0005650768,49,38
29047,70567,0.0005653809,49,38
29048,70570,0.000567568,49,37
29049,70571,0.0005699152,49,37
29050,70572,0.0005710771,49,37
29051,70573,0.0005711978,49,37
29052,70574,0.0005712828,49,37
29053,70575,0.0005708698,49,37
29054,70576,0.0005708066,49,37
29055,70577,0.0005698192,49,37
29056,70600,0.0005692529,49,36
29057,70601,0.0005694256,49,36
29058,70602,0.0005691755,49,36
29059,70603,0.000569929,49,36
29060,70604,0.0005706922,49,36
29061,70605,0.000571051,49,36
29062,70606,0.0005712248,49,36
29063,70607,0.0005716041,49,36
29064,70610,0.0005712997,49,35
29065,70611,0.0005713759,49,35
29066,70612,0.0005719824,49,35
29067,70613,0.0005731374,49,35
29068,70614,0.0005741756,49,35
29069,70615,0.0005744957,49,35
29070,70616,0.000574588,49,35
29071,70617,0.0005746597,49,35
29072,70620,0.0005747537,49,34
29073,70621,0.0005748088,49,34
29074,70622,0.000574246,49,34
29075,70623,0.0005743674,49,34
29076,70624,0.0005738743,49,34
29077,70625,0.0005732344,49,34
29078,70626,0.0005727152,49,34
29079,70627,0.0005727458,49,34
29080,70630,0.0005729005,49,33
29081,70631,0.0005730907,49,33
29082,70632,0.0005740118,49,33
29083,70633,0.0005731644,49,33
29084,70634,0.0005738656,49,33
29085,70635,0.0005741628,49,33
29086,70636,0.0005741612,49,33
29087,70637,0.000573726,49,32
29088,70640,0.0005737611,49,32
29089,70641,0.0005730145,49,32
29090,70642,0.0005738825,49,32
29091,70643,0.0005741991,49,32
29092,70644,0.000574629,49,32
29093,70645,0.0005746178,49,32
29094,70646,0.0005748415,49,32
29095,70647,0.0005746771,49,31
29096,70650,0.0005749827,49,31
29097,70651,0.0005753818,49,31
29098,70652,0.0005756328,49,31
29099,70653,0.0005747876,49,31
29100,70654,0.0005750167,49,31
29101,70655,0.0005751575,49,31
29102,70656,0.0005745353,49,31
29103,70657,0.0005743796,49,30
29104,70660,0.0005736019,49,30
29105,70661,0.000573629,49,30
29106,70662,0.0005751461,49,30
29107,70663,0.000574728,49,30
29108,70664,0.0005740441,49,30
29109,70665,0.0005751509,49,30
29110,70666,0.0005752485,49,30
29111,70667,0.0005751814,49,29
29112,70670,0.0005755262,49,29
29113,70671,0.0005757454,49,29
29114,70672,0.0005758995,49,29
29115,70673,0.0005757639,49,29
29116,70674,0.0005753328,49,29
29117,70675,0.000575753,49,29
29118,70676,0.0005746466,49,29
29119,70677,0.0005741824,49,28
29120,70700,0.0005737447,49,28
29121,70701,0.0005745058,49,28
29122,70702,0.0005753471,49,28
29123,70703,0.0005757273,49,28
29124,70704,0.000575736,49,28
29125,70705,0.0005752458,49,28
29126,70706,0.0005753529,49,28
29127,70707,0.0005746848,49,27
29128,70710,0.0005738527,49,27
29129,70711,0.0005746976,49,27
29130,70712,0.0005758202,49,27
29131,70713,0.0005754084,49,27
29132,70714,0.0005751249,49,27
29133,70715,0.000574755,49,27
29134,70716,0.0005745623,49,27
29135,70717,0.0005744284,49,26
29136,70720,0.000573517,49,26
29137,70721,0.0005734117,49,26
29138,70722,0.0005738289,49,26
29139,70723,0.0005746525,49,26
29140,70724,0.0005755798,49,26
29141,70725,0.0005756234,49,26
29142,70726,0.000574877,49,26
29143,70727,0.0005751228,49,25
29144,70730,0.0005739031,49,25
29145,70731,0.000574481,49,25
29146,70732,0.0005742848,49,25
29147,70733,0.0005747786,49,25
29148,70734,0.0005752199,49,25
29149,70735,0.0005755111,49,25
29150,70736,0.0005756337,49,25
29151,70737,0.0005751329,49,24
29152,70740,0.0005741449,49,24
29153,70741,0.0005751075,49,24
29154,70742,0.0005755643,49,24
29155,70743,0.0005745541,49,24
29156,70744,0.0005768756,49,24
29157,70745,0.0005761375,49,24
29158,70746,0.0005757159,49,24
29159,70747,0.0005758444,49,23
29160,70750,0.0005761676,49,23
29161,70751,0.000576085,49,23
29162,70752,0.0005765036,49,23
29163,70753,0.0005763695,49,23
29164,70754,0.0005757107,49,23
29165,70755,0.000574909,49,23
29166,70756,0.0005726573,49,23
29167,70757,0.0005707545,49,22
29168,70760,0.0005667046,49,22
29169,70761,0.0005624121,49,22
29170,70762,0.0005582752,49,22
29171,70763,0.0005511271,49,22
29172,70764,0.0005469621,49,22
29173,70765,0.0005436818,49,22
29174,70766,0.0005481199,49,22
29175,70767,0.000555811,49,21
29176,70770,0.0005567866,49,21
29177,70771,0.0005612602,49,21
29178,70772,0.0005611072,49,21
29179,70773,0.0005624574,49,21
29180,70774,0.000565752,49,21
29181,70775,0.0005676076,49,21
29182,70776,0.0005688514,49,21
29183,70777,0.0005702992,49,20
29184,71000,0.0005716968,49,20
29185,71001,0.000571101,49,20
29186,71002,0.0005718217,49,20
29187,71003,0.0005705184,49,20
29188,71004,0.0005686534,49,20
29189,71005,0.0005667956,49,20
29190,71006,0.0005649849,49,20
29191,71007,0.0005636464,49,19
29192,71010,0.0005642563,49,19
29193,71011,0.0005664652,49,19
29194,71012,0.0005670061,49,19
29195,71013,0.0005680792,49,19
29196,71014,0.0005680677,49,19
29197,71015,0.0005683777,49,19
29198,71016,0.0005705713,49,19
29199,71017,0.0005725278,49,18
29200,71020,0.0005740239,49,18
29201,71021,0.0005738726,49,18
29202,71022,0.0005737308,49,18
29203,71023,0.0005733403,49,18
29204,71024,0.0005734548,49,18
29205,71025,0.0005744422,49,18
29206,71026,0.0005746208,49,18
29207,71027,0.0005747405,49,17
29208,71030,0.0005742639,49,17
29209,71031,0.0005743991,49,17
29210,71032,0.0005738264,49,17
29211,71033,0.0005729853,49,17
29212,71034,0.0005727863,49,17
29213,71035,0.0005713931,49,17
29214,71036,0.0005707725,49,17
29215,71037,0.0005700629,49,16
29216,71040,0.0005709836,49,16
29217,71041,0.0005712271,49,16
29218,71042,0.0005717181,49,16
29219,71043,0.0005715317,49,16
29220,71044,0.0005718322,49,16
29221,71045,0.0005716904,49,16
29222,71046,0.0005715388,49,15
29223,71047,0.0005709841,49,15
29224,71050,0.0005699355,49,15
29225,71051,0.0005695798,49,15
29226,71052,0.0005691891,49,15
29227,71053,0.0005720722,49,15
29228,71054,0.0005738521,49,15
29229,71055,0.0005734567,49,15
29230,71056,0.000573975,49,14
29231,71057,0.0005732788,49,14
29232,71060,0.0005736484,49,14
29233,71061,0.0005739257,49,14
29234,71062,0.0005734672,49,14
29235,71063,0.0005733437,49,14
29236,71064,0.0005734794,49,14
29237,71065,0.0005728271,49,14
29238,71066,0.000573499,49,13
29239,71067,0.0005739359,49,13
29240,71070,0.0005736182,49,13
29241,71071,0.0005741582,49,13
29242,71072,0.0005745351,49,13
29243,71073,0.0005734231,49,13
29244,71074,0.0005736687,49,13
29245,71075,0.0005740481,49,13
29246,71076,0.000573809,49,12
29247,71077,0.0005730354,49,12
29248,71100,0.0005728938,49,12
29249,71101,0.000572827,49,12
29250,71102,0.0005728417,49,12
29251,71103,0.0005726273,49,12
29252,71104,0.0005717402,49,12
29253,71105,0.0005709372,49,12
29254,71106,0.0005706926,49,11
29255,71107,0.000569755,49,11
29256,71110,0.0005680048,49,11
29257,71111,0.0005689033,49,11
29258,71112,0.0005704119,49,11
29259,71113,0.0005711733,49,11
29260,71114,0.0005710337,49,11
29261,71115,0.0005716974,49,11
29262,71116,0.000571893,49,10
29263,71117,0.0005715722,49,10
29264,71120,0.0005717286,49,10
29265,71121,0.0005717069,49,10
29266,71122,0.0005718668,49,10
29267,71123,0.0005715365,49,10
29268,71124,0.0005708797,49,10
29269,71125,0.0005706128,49,10
29270,71126,0.0005700547,49,9
29271,71127,0.0005704998,49,9
29272,71130,0.0005694148,49,9
29273,71131,0.0005708519,49,9
29274,71132,0.0005708103,49,9
29275,71133,0.0005711293,49,9
29276,71134,0.0005709904,49,9
29277,71135,0.0005695398,49,9
29278,71136,0.0005679861,49,8
29279,71137,0.0005670594,49,8
29280,71140,0.0005663962,49,8
29281,71141,0.0005663795,49,8
29282,71142,0.0005675643,49,8
29283,71143,0.0005683323,49,8
29284,71144,0.0005720043,49,8
29285,71145,0.0005726122,49,8
29286,71146,0.0005733892,49,7
29287,71147,0.0005739012,49,7
29288,71150,0.0005733864,49,7
29289,71151,0.0005734648,49,7
29290,71152,0.0005734698,49,7
29291,71153,0.0005728507,49,7
29292,71154,0.0005731546,49,7
29293,71155,0.0005734806,49,7
29294,71156,0.0005736172,49,6
29295,71157,0.0005737882,49,6
29296,71160,0.0005729899,49,6
29297,71161,0.0005716234,49,6
29298,71162,0.0005700439,49,6
29299,71163,0.0005690297,49,6
29300,71164,0.0005682262,49,6
29301,71165,0.0005681828,49,6
29302,71166,0.0005689155,49,5
29303,71167,0.0005697497,49,5
29304,71170,0.0005697944,49,5
29305,71171,0.0005708972,49,5
29306,71172,0.0005704928,49,5
29307,71173,0.0005706962,49,5
29308,71174,0.0005699583,49,5
29309,71175,0.0005703198,49,5
29310,71176,0.000570713,49,4
29311,71177,0.0005710743,49,4
29312,71200,0.0005709424,49,4
29313,71201,0.0005712499,49,4
29314,71202,0.0005717296,49,4
29315,71203,0.000571958,49,4
29316,71204,0.0005726887,49,4
29317,71205,0.0005728957,49,4
29318,71206,0.0005737827,49,3
29319,71207,0.0005723475,49,3
29320,71210,0.0005736576,49,3
29321,71211,0.0005738889,49,3
29322,71212,0.0005735896,49,3
29323,71213,0.0005743392,49,3
29324,71214,0.0005743306,49,3
29325,71215,0.0005745448,49,3
29326,71216,0.0005744522,49,2
29327,71217,0.0005738201,49,2
29328,71220,0.0005740529,49,2
29329,71221,0.000573909,49,2
29330,71222,0.0005740576,49,2
29331,71223,0.0005741494,49,2
29332,71224,0.0005750829,49,2
29333,71225,0.0005755578,49,2
29334,71226,0.0005756434,49,1
29335,71227,0.0005750469,49,1
29336,71230,0.0005753196,49,1
29337,71231,0.0005754484,49,1
29338,71232,0.0005751978,49,1
29339,71233,0.0005747722,49,1
29340,71234,0.0005742389,49,1
29341,71235,0.0005741001,49,1
29342,71236,0.0005744869,49,0
29343,71237,0.0005742835,49,0
29344,71240,0.0005741207,49,0
29345,71241,0.0005744011,49,0
29346,71242,0.0005745447,49,0
29347,71243,0.0005750356,49,0
29348,71244,0.000574755,49,0
29349,71245,0.0005752436,-1,-1
29350,71246,0.0005748839,-1,-1
29351,71247,0.0005748477,-1,-1
29352,71250,0.0005739411,-1,-1
29353,71251,0.0005739699,-1,-1
29354,71252,0.0005729957,-1,-1
29355,71253,0.0005727001,-1,-1
29356,71254,0.0005722334,-1,-1
29357,71255,0.0005715856,-1,-1
29358,71256,0.0005718794,-1,-1
29359,71257,0.0005714156,-1,-1
29360,71260,0.0005723577,-1,-1
29361,71261,0.0005734783,-1,-1
29362,71262,0.0005742057,-1,-1
29363,71263,0.0005737264,-1,-1
29364,71264,0.0005737965,-1,-1
29365,71265,0.0005742439,-1,-1
29366,71266,0.0005738596,-1,-1
29367,71267,0.0005737668,-1,-1
29368,71270,0.0005742555,-1,-1
29369,71271,0.000574019,-1,-1
29370,71272,0.0005742419,-1,-1
29371,71273,0.0005743169,-1,-1
29372,71274,0.0005739804,-1,-1
29373,71275,0.0005743901,-1,-1
29374,71276,0.0005743609,-1,-1
29375,71277,0.0005736371,-1,-1
29376,71300,0.0005740501,-1,-1
29377,71301,0.0005743498,-1,-1
29378,71302,0.0005739104,-1,-1
29379,71303,0.000574379,-1,-1
29380,71304,0.0005736812,-1,-1
29381,71305,0.0005737681,-1,-1
29382,71306,0.000573854,-1,-1
29383,71307,0.000573719,-1,-1
29384,71310,0.0005738256,-1,-1
29385,71311,0.0005735814,-1,-1
29386,71312,0.0005740441,-1,-1
29387,71313,0.0005738231,-1,-1
29388,71314,0.0005737969,-1,-1
29389,71315,0.0005742395,-1,-1
29390,71316,0.0005740996,-1,-1
29391,71317,0.0005741582,-1,-1
29392,71320,0.0005741131,-1,-1
29393,71321,0.000573855,-1,-1
29394,71322,0.0005736412,-1,-1
29395,71323,0.0005739724,-1,-1
29396,71324,0.0005738054,-1,-1
29397,71325,0.000573302,-1,-1
29398,71326,0.0005733788,-1,-1
29399,71327,0.0005737038,-1,-1
29400,71330,0.0005737161,-1,-1
29401,71331,0.0005740126,-1,-1
29402,71332,0.0005741313,-1,-1
29403,71333,0.0005744171,-1,-1
29404,71334,0.0005740275,-1,-1
29405,71335,0.0005745842,-1,-1
29406,71336,0.0005736304,-1,-1
29407,71337,0.0005734579,-1,-1
29408,71340,0.0005736359,-1,-1
29409,71341,0.0005736264,-1,-1
29410,71342,0.000573364,-1,-1
29411,71343,0.0005734065,-1,-1
29412,71344,0.0005741695,-1,-1
29413,71345,0.0005735745,-1,-1
29414,71346,0.0005730691,-1,-1
29415,71347,0.0005736529,-1,-1
29416,71350,0.0005737973,-1,-1
29417,71351,0.0005733207,-1,-1
29418,71352,0.000573833,-1,-1
29419,71353,0.0005740639,-1,-1
29420,71354,0.0005742077,-1,-1
29421,71355,0.0005745195,-1,-1
29422,71356,0.0005738584,-1,-1
29423,71357,0.0005735848,-1,-1
29424,71360,0.0005738604,-1,-1
29425,71361,0.0005739393,-1,-1
29426,71362,0.0005740832,-1,-1
29427,71363,0.000573966,-1,-1
29428,71364,0.0005736136,-1,-1
29429,71365,0.0005742443,-1,-1
29430,71366,0.0005737253,-1,-1
29431,71367,0.0005742145,-1,-1
29432,71370,0.0005744926,-1,-1
29433,71371,0.0005738257,-1,-1
29434,71372,0.0005740914,-1,-1
29435,71373,0.000573846,-1,-1
29436,71374,0.0005735293,-1,-1
29437,71375,0.0005737003,-1,-1
29438,71376,0.0005734363,-1,-1
29439,71377,0.000573855,-1,-1
29440,71400,0.0005734517,-1,-1
29441,71401,0.0005735796,-1,-1
29442,71402,0.0005738667,-1,-1
29443,71403,0.0005738203,-1,-1
29444,71404,0.0005740879,-1,-1
29445,71405,0.0005733939,-1,-1
29446,71406,0.000573621,-1,-1
29447,71407,0.0005740774,-1,-1
29448,71410,0.0005738777,-1,-1
29449,71411,0.0005735744,-1,-1
29450,71412,0.0005734087,-1,-1
29451,71413,0.0005736247,-1,-1
29452,71414,0.0005739871,-1,-1
29453,71415,0.0005738936,-1,-1
29454,71416,0.0005732512,-1,-1
29455,71417,0.0005740921,-1,-1
29456,71420,0.0005739118,-1,-1
29457,71421,0.0005738121,-1,-1
29458,71422,0.0005737233,-1,-1
29459,71423,0.0005733933,-1,-1
29460,71424,0.0005741101,-1,-1
29461,71425,0.0005736902,-1,-1
29462,71426,0.0005731356,-1,-1
29463,71427,0.0005738457,-1,-1
29464,71430,0.0005734911,-1,-1
29465,71431,0.0005739999,-1,-1
29466,71432,0.0005737095,-1,-1
29467,71433,0.0005739674,-1,-1
29468,71434,0.0005745201,-1,-1
29469,71435,0.0005740306,-1,-1
29470,71436,0.0005743785,-1,-1
29471,71437,0.0005745008,-1,-1
29472,71440,0.0005742456,-1,-1
29473,71441,0.0005745867,-1,-1
29474,71442,0.0005742954,-1,-1
29475,71443,0.0005740163,-1,-1
29476,71444,0.0005742437,-1,-1
29477,71445,0.0005750062,-1,-1
29478,71446,0.0005748034,-1,-1
29479,71447,0.0005742373,-1,-1
29480,71450,0.0005746828,-1,-1
29481,71451,0.000574459,-1,-1
29482,71452,0.0005747835,-1,-1
29483,71453,0.0005744732,-1,-1
29484,71454,0.0005745721,-1,-1
29485,71455,0.0005749606,-1,-1
29486,71456,0.000574614,-1,-1
29487,71457,0.0005742929,-1,-1
29488,71460,0.0005747456,-1,-1
29489,71461,0.0005744347,-1,-1
29490,71462,0.0005743849,-1,-1
29491,71463,0.0005739915,-1,-1
29492,71464,0.0005745114,-1,-1
29493,71465,0.0005750919,-1,-1
29494,71466,0.0005751486,-1,-1
29495,71467,0.0005748823,-1,-1
29496,71470,0.0005750807,-1,-1
29497,71471,0.0005759593,-1,-1
29498,71472,0.0005758925,-1,-1
29499,71473,0.0005753429,-1,-1
29500,71474,0.0005755674,-1,-1
29501,71475,0.0005753366,-1,-1
29502,71476,0.0005753986,-1,-1
29503,71477,0.0005750511,-1,-1
29504,71500,0.0005751936,-1,-1
29505,71501,0.0005753492,-1,-1
29506,71502,0.0005749934,-1,-1
29507,71503,0.0005755058,-1,-1
29508,71504,0.0005756138,-1,-1
29509,71505,0.0005751926,-1,-1
29510,71506,0.0005745683,-1,-1
29511,71507,0.0005754846,-1,-1
29512,71510,0.0005747736,-1,-1
29513,71511,0.0005745073,-1,-1
29514,71512,0.0005748847,-1,-1
29515,71513,0.0005745125,-1,-1
29516,71514,0.0005744586,-1,-1
29517,71515,0.0005744271,-1,-1
29518,71516,0.0005749107,-1,-1
29519,71517,0.0005749407,-1,-1
29520,71520,0.0005751051,-1,-1
29521,71521,0.0005755606,-1,-1
29522,71522,0.0005754145,-1,-1
29523,71523,0.0005752458,-1,-1
29524,71524,0.00057517,-1,-1
29525,71525,0.0005746845,-1,-1
29526,71526,0.0005749587,-1,-1
29527,71527,0.0005743859,-1,-1
29528,71530,0.0005748277,-1,-1
29529,71531,0.000574197,-1,-1
29530,71532,0.0005744659,-1,-1
29531,71533,0.0005749481,-1,-1
29532,71534,0.0005747368,-1,-1
29533,71535,0.0005746006,-1,-1
29534,71536,0.0005746969,-1,-1
29535,71537,0.0005751643,-1,-1
29536,71540,0.000574841,-1,-1
29537,71541,0.0005749932,-1,-1
29538,71542,0.0005749575,-1,-1
29539,71543,0.0005748929,-1,-1
29540,71544,0.0005746178,-1,-1
29541,71545,0.0005747121,-1,-1
29542,71546,0.0005755316,-1,-1
29543,71547,0.000575597,-1,-1
29544,71550,0.000575203,-1,-1
29545,71551,0.0005751018,-1,-1
29546,71552,0.000574708,-1,-1
29547,71553,0.0005748757,-1,-1
29548,71554,0.0005744905,-1,-1
29549,71555,0.0005744813,-1,-1
29550,71556,0.0005745352,-1,-1
29551,71557,0.0005748886,-1,-1
29552,71560,0.0005745653,-1,-1
29553,71561,0.0005745776,-1,-1
29554,71562,0.0005745126,-1,-1
29555,71563,0.0005747977,-1,-1
29556,71564,0.0005746938,-1,-1
29557,71565,0.0005752235,-1,-1
29558,71566,0.0005748881,-1,-1
29559,71567,0.00057496,-1,-1
29560,71570,0.0005745678,-1,-1
29561,71571,0.000575104,-1,-1
29562,71572,0.0005748851,-1,-1
29563,71573,0.0005750612,-1,-1
29564,71574,0.0005748915,-1,-1
29565,71575,0.0005748942,-1,-1
29566,71576,0.0005748324,-1,-1
29567,71577,0.0005748172,-1,-1
29568,71600,0.0005743815,-1,-1
29569,71601,0.0005748435,-1,-1
29570,71602,0.0005742917,-1,-1
29571,71603,0.0005743153,-1,-1
29572,71604,0.0005744201,-1,-1
29573,71605,0.0005744378,-1,-1
29574,71606,0.0005747955,-1,-1
29575,71607,0.0005747954,-1,-1
29576,71610,0.0005742373,-1,-1
29577,71611,0.0005751302,-1,-1
29578,71612,0.0005745076,-1,-1
29579,71613,0.0005743833,-1,-1
29580,71614,0.0005744685,-1,-1
29581,71615,0.0005743272,-1,-1
29582,71616,0.0005747188,-1,-1
29583,71617,0.0005746701,-1,-1
29584,71620,0.0005744053,-1,-1
29585,71621,0.0005745447,-1,-1
29586,71622,0.000574382,-1,-1
29587,71623,0.0005744353,-1,-1
29588,71624,0.0005750535,-1,-1
29589,71625,0.000574185,-1,-1
29590,71626,0.0005746758,-1,-1
29591,71627,0.0005746707,-1,-1
29592,71630,0.0005745214,-1,-1
29593,71631,0.0005747534,-1,-1
29594,71632,0.0005749606,-1,-1
29595,71633,0.0005749309,-1,-1
29596,71634,0.0005749859,-1,-1
29597,71635,0.0005750573,-1,-1
29598,71636,0.0005751065,-1,-1
29599,71637,0.0005750124,-1,-1
29600,71640,0.000574715,-1,-1
29601,71641,0.0005745455,-1,-1
29602,71642,0.0005749653,-1,-1
29603,71643,0.0005747085,-1,-1
29604,71644,0.0005747801,-1,-1
29605,71645,0.0005743555,-1,-1
29606,71646,0.0005750807,-1,-1
29607,71647,0.0005751557,-1,-1
29608,71650,0.0005749465,-1,-1
29609,71651,0.0005747838,-1,-1
29610,71652,0.0005747941,-1,-1
29611,71653,0.0005749968,-1,-1
29612,71654,0.0005747344,-1,-1
29613,71655,0.0005746923,-1,-1
29614,71656,0.0005752014,-1,-1
29615,71657,0.0005749032,-1,-1
29616,71660,0.0005748054,-1,-1
29617,71661,0.0005746962,-1,-1
29618,71662,0.0005749962,-1,-1
29619,71663,0.0005749399,-1,-1
29620,71664,0.0005745951,-1,-1
29621,71665,0.0005748406,-1,-1
29622,71666,0.0005748757,-1,-1
29623,71667,0.0005748774,-1,-1
29624,71670,0.0005749935,-1,-1
29625,71671,0.0005750489,-1,-1
29626,71672,0.0005746065,-1,-1
29627,71673,0.0005745864,-1,-1
29628,71674,0.0005751494,-1,-1
29629,71675,0.0005747649,-1,-1
29630,71676,0.0005744403,-1,-1
29631,71677,0.0005745848,-1,-1
29632,71700,0.0005743211,-1,-1
29633,71701,0.0005744864,-1,-1
29634,71702,0.0005743341,-1,-1
29635,71703,0.0005745232,-1,-1
29636,71704,0.0005742379,-1,-1
29637,71705,0.0005741729,-1,-1
29638,71706,0.0005748901,-1,-1
29639,71707,0.0005743977,-1,-1
29640,71710,0.0005743913,-1,-1
29641,71711,0.0005749151,-1,-1
29642,71712,0.0005746882,-1,-1
29643,71713,0.00057453,-1,-1
29644,71714,0.0005740675,-1,-1
29645,71715,0.000574533,-1,-1
29646,71716,0.0005748455,-1,-1
29647,71717,0.00057447,-1,-1
29648,71720,0.0005742507,-1,-1
29649,71721,0.0005743338,-1,-1
29650,71722,0.0005746262,-1,-1
29651,71723,0.000574545,-1,-1
29652,71724,0.0005747732,-1,-1
29653,71725,0.0005749447,-1,-1
29654,71726,0.0005751087,-1,-1
29655,71727,0.000574872,-1,-1
29656,71730,0.0005746987,-1,-1
29657,71731,0.000574718,-1,-1
29658,71732,0.0005750632,-1,-1
29659,71733,0.0005748668,-1,-1
29660,71734,0.0005749071,-1,-1
29661,71735,0.0005748405,-1,-1
29662,71736,0.00057482,-1,-1
29663,71737,0.0005749465,-1,-1
29664,71740,0.0005742073,-1,-1
29665,71741,0.0005746307,-1,-1
29666,71742,0.0005746448,-1,-1
29667,71743,0.0005747622,-1,-1
29668,71744,0.0005746953,-1,-1
29669,71745,0.0005746929,-1,-1
29670,71746,0.0005745683,-1,-1
29671,71747,0.0005746268,-1,-1
29672,71750,0.0005745041,-1,-1
29673,71751,0.0005750331,-1,-1
29674,71752,0.0005746548,-1,-1
29675,71753,0.0005742137,-1,-1
29676,71754,0.0005744154,-1,-1
29677,71755,0.0005742779,-1,-1
29678,71756,0.0005744061,-1,-1
29679,71757,0.0005743161,-1,-1
29680,71760,0.0005744564,-1,-1
29681,71761,0.0005747956,-1,-1
29682,71762,0.0005745561,-1,-1
29683,71763,0.0005745611,-1,-1
29684,71764,0.0005745483,-1,-1
29685,71765,0.0005746931,-1,-1
29686,71766,0.0005744353,-1,-1
29687,71767,0.0005747157,-1,-1
29688,71770,0.0005743803,-1,-1
29689,71771,0.0005746823,-1,-1
29690,71772,0.000575128,-1,-1
29691,71773,0.0005747202,-1,-1
29692,71774,0.000574792,-1,-1
29693,71775,0.0005746085,-1,-1
29694,71776,0.0005748963,-1,-1
29695,71777,0.0005743944,-1,-1
29696,72000,0.0005743936,-1,-1
29697,72001,0.0005744894,-1,-1
29698,72002,0.0005742034,-1,-1
29699,72003,0.0005748417,-1,-1
29700,72004,0.0005746444,-1,-1
29701,72005,0.0005745043,-1,-1
29702,72006,0.0005744569,-1,-1
29703,72007,0.0005741242,-1,-1
29704,72010,0.0005744907,-1,-1
29705,72011,0.0005744646,-1,-1
29706,72012,0.0005745923,-1,-1
29707,72013,0.0005744774,-1,-1
29708,72014,0.0005743949,-1,-1
29709,72015,0.0005746889,-1,-1
29710,72016,0.0005747774,-1,-1
29711,72017,0.0005746442,-1,-1
29712,72020,0.0005745707,-1,-1
29713,72021,0.0005745916,-1,-1
29714,72022,0.0005743256,-1,-1
29715,72023,0.0005740991,-1,-1
29716,72024,0.0005744341,-1,-1
29717,72025,0.0005737499,-1,-1
29718,72026,0.0005742534,-1,-1
29719,72027,0.0005739991,-1,-1
29720,72030,0.0005742484,-1,-1
29721,72031,0.0005748949,-1,-1
29722,72032,0.0005743224,-1,-1
29723,72033,0.0005742395,-1,-1
29724,72034,0.000574506,-1,-1
29725,72035,0.0005744289,-1,-1
29726,72036,0.0005744598,-1,-1
29727,72037,0.0005744579,-1,-1
29728,72040,0.0005744292,-1,-1
29729,72041,0.0005745777,-1,-1
29730,72042,0.0005750455,-1,-1
29731,72043,0.0005742661,-1,-1
29732,72044,0.0005749518,-1,-1
29733,72045,0.0005745858,-1,-1
29734,72046,0.0005744266,-1,-1
29735,72047,0.0005744715,-1,-1
29736,72050,0.0005742022,-1,-1
29737,72051,0.000574488,-1,-1
29738,72052,0.0005737116,-1,-1
29739,72053,0.0005742527,-1,-1
29740,72054,0.0005744952,-1,-1
29741,72055,0.0005742813,-1,-1
29742,72056,0.0005745073,-1,-1
29743,72057,0.0005743555,-1,-1
29744,72060,0.000574338,-1,-1
29745,72061,0.0005740496,-1,-1
29746,72062,0.0005743268,-1,-1
29747,72063,0.0005741523,-1,-1
29748,72064,0.0005741552,-1,-1
29749,72065,0.0005742559,-1,-1
29750,72066,0.0005741559,-1,-1
29751,72067,0.0005744306,-1,-1
29752,72070,0.0005747142,-1,-1
29753,72071,0.0005744656,-1,-1
29754,72072,0.0005742725,-1,-1
29755,72073,0.0005742557,-1,-1
29756,72074,0.0005746992,-1,-1
29757,72075,0.0005747141,-1,-1
29758,72076,0.0005746561,-1,-1
29759,72077,0.0005748155,-1,-1
29760,72100,0.0005747615,-1,-1
29761,72101,0.0005746227,-1,-1
29762,72102,0.0005747493,-1,-1
29763,72103,0.0005748366,-1,-1
29764,72104,0.0005746676,-1,-1
29765,72105,0.0005748575,-1,-1
29766,72106,0.0005751608,-1,-1
29767,72107,0.0005746652,-1,-1
29768,72110,0.0005749625,-1,-1
29769,72111,0.0005750108,-1,-1
29770,72112,0.0005745468,-1,-1
29771,72113,0.0005751,-1,-1
29772,72114,0.0005750385,-1,-1
29773,72115,0.0005747296,-1,-1
29774,72116,0.0005746109,-1,-1
29775,72117,0.0005748966,-1,-1
29776,72120,0.0005746121,-1,-1
29777,72121,0.000574865,-1,-1
29778,72122,0.00057491,-1,-1
29779,72123,0.0005749131,-1,-1
29780,72124,0.0005745948,-1,-1
29781,72125,0.0005746021,-1,-1
29782,72126,0.0005745912,-1,-1
29783,72127,0.0005748592,-1,-1
29784,72130,0.0005750605,-1,-1
29785,72131,0.0005748452,-1,-1
29786,72132,0.000574965,-1,-1
29787,72133,0.0005744659,-1,-1
29788,72134,0.0005751932,-1,-1
29789,72135,0.0005746122,-1,-1
29790,72136,0.0005745337,-1,-1
29791,72137,0.0005746902,-1,-1
29792,72140,0.0005748863,-1,-1
29793,72141,0.0005745454,-1,-1
29794,72142,0.0005746918,-1,-1
29795,72143,0.0005743977,-1,-1
29796,72144,0.0005750379,-1,-1
29797,72145,0.0005748699,-1,-1
29798,72146,0.000574664,-1,-1
29799,72147,0.0005745582,-1,-1
29800,72150,0.0005748341,-1,-1
29801,72151,0.0005749775,-1,-1
29802,72152,0.0005745345,-1,-1
29803,72153,0.0005748367,-1,-1
29804,72154,0.0005749113,-1,-1
29805,72155,0.0005747185,-1,-1
29806,72156,0.0005746929,-1,-1
29807,72157,0.0005744231,-1,-1
29808,72160,0.0005745255,-1,-1
29809,72161,0.0005744218,-1,-1
29810,72162,0.000574125,-1,-1
29811,72163,0.0005742997,-1,-1
29812,72164,0.0005743856,-1,-1
29813,72165,0.000574829,-1,-1
29814,72166,0.0005746029,-1,-1
29815,72167,0.000574412,-1,-1
29816,72170,0.0005745576,-1,-1
29817,72171,0.0005749045,-1,-1
29818,72172,0.0005748511,-1,-1
29819,72173,0.0005749054,-1,-1
29820,72174,0.0005747878,-1,-1
29821,72175,0.0005751488,-1,-1
29822,72176,0.0005747198,-1,-1
29823,72177,0.0005743716,-1,-1
29824,72200,0.0005749429,-1,-1
29825,72201,0.0005746856,-1,-1
29826,72202,0.0005749547,-1,-1
29827,72203,0.000574792,-1,-1
29828,72204,0.000574994,-1,-1
29829,72205,0.0005755023,-1,-1
29830,72206,0.0005746871,-1,-1
29831,72207,0.0005746964,-1,-1
29832,72210,0.0005747139,-1,-1
29833,72211,0.0005752383,-1,-1
29834,72212,0.0005750231,-1,-1
29835,72213,0.0005750101,-1,-1
29836,72214,0.0005750021,-1,-1
29837,72215,0.0005749893,-1,-1
29838,72216,0.0005748611,-1,-1
29839,72217,0.0005745987,-1,-1
29840,72220,0.0005747363,-1,-1
29841,72221,0.0005746949,-1,-1
29842,72222,0.0005750472,-1,-1
29843,72223,0.0005748505,-1,-1
29844,72224,0.0005744729,-1,-1
29845,72225,0.0005745373,-1,-1
29846,72226,0.0005746151,-1,-1
29847,72227,0.0005745157,-1,-1
29848,72230,0.000574604,-1,-1
29849,72231,0.0005749752,-1,-1
29850,72232,0.0005750372,-1,-1
29851,72233,0.0005746039,-1,-1
29852,72234,0.0005745512,-1,-1
29853,72235,0.0005752073,-1,-1
29854,72236,0.0005748675,-1,-1
29855,72237,0.0005749052,-1,-1
29856,72240,0.0005751436,-1,-1
29857,72241,0.0005749093,-1,-1
29858,72242,0.0005753388,-1,-1
29859,72243,0.0005751404,-1,-1
29860,72244,0.0005748761,-1,-1
29861,72245,0.0005752962,-1,-1
29862,72246,0.0005748675,-1,-1
29863,72247,0.0005748751,-1,-1
29864,72250,0.0005742933,-1,-1
29865,72251,0.0005752641,-1,-1
29866,72252,0.0005748288,-1,-1
29867,72253,0.0005751216,-1,-1
29868,72254,0.0005747933,-1,-1
29869,72255,0.0005751457,-1,-1
29870,72256,0.0005748171,-1,-1
29871,72257,0.0005750309,-1,-1
29872,72260,0.0005749632,-1,-1
29873,72261,0.0005747614,-1,-1
29874,72262,0.000574892,-1,-1
29875,72263,0.0005751757,-1,-1
29876,72264,0.0005751221,-1,-1
29877,72265,0.0005746901,-1,-1
29878,72266,0.0005749809,-1,-1
29879,72267,0.0005745735,-1,-1
29880,72270,0.0005748488,-1,-1
29881,72271,0.0005749547,-1,-1
29882,72272,0.0005746825,-1,-1
29883,72273,0.0005749457,-1,-1
29884,72274,0.0005743539,-1,-1
29885,72275,0.0005753014,-1,-1
29886,72276,0.0005752189,-1,-1
29887,72277,0.0005747135,-1,-1
29888,72300,0.0005746866,-1,-1
29889,72301,0.0005744562,-1,-1
29890,72302,0.0005752195,-1,-1
29891,72303,0.0005748475,-1,-1
29892,72304,0.0005748142,-1,-1
29893,72305,0.0005747455,-1,-1
29894,72306,0.0005747375,-1,-1
29895,72307,0.0005748242,-1,-1
29896,72310,0.0005747988,-1,-1
29897,72311,0.0005748157,-1,-1
29898,72312,0.0005751795,-1,-1
29899,72313,0.0005750192,-1,-1
29900,72314,0.0005745876,-1,-1
29901,72315,0.0005749681,-1,-1
29902,72316,0.0005748142,-1,-1
29903,72317,0.0005743919,-1,-1
29904,72320,0.00057523,-1,-1
29905,72321,0.0005749341,-1,-1
29906,72322,0.00057496,-1,-1
29907,72323,0.0005748141,-1,-1
29908,72324,0.0005744804,-1,-1
29909,72325,0.0005749044,-1,-1
29910,72326,0.0005747501,-1,-1
29911,72327,0.0005746329,-1,-1
29912,72330,0.0005744916,-1,-1
29913,72331,0.0005744135,-1,-1
29914,72332,0.0005745399,-1,-1
29915,72333,0.0005745644,-1,-1
29916,72334,0.0005744054,-1,-1
29917,72335,0.0005743312,-1,-1
29918,72336,0.0005743374,-1,-1
29919,72337,0.0005746554,-1,-1
29920,72340,0.000574543,-1,-1
29921,72341,0.000574593,-1,-1
29922,72342,0.0005745223,-1,-1
29923,72343,0.0005744115,-1,-1
29924,72344,0.0005744165,-1,-1
29925,72345,0.0005747497,-1,-1
29926,72346,0.0005744867,-1,-1
29927,72347,0.0005746139,-1,-1
29928,72350,0.0005746777,-1,-1
29929,72351,0.0005745203,-1,-1
29930,72352,0.0005748041,-1,-1
29931,72353,0.0005749444,-1,-1
29932,72354,0.000574624,-1,-1
29933,72355,0.0005743334,-1,-1
29934,72356,0.0005747937,-1,-1
29935,72357,0.0005747895,-1,-1
29936,72360,0.000574765,-1,-1
29937,72361,0.0005743513,-1,-1
29938,72362,0.0005747309,-1,-1
29939,72363,0.0005747463,-1,-1
29940,72364,0.0005751333,-1,-1
29941,72365,0.0005749736,-1,-1
29942,72366,0.0005743996,-1,-1
29943,72367,0.0005744162,-1,-1
29944,72370,0.000574878,-1,-1
29945,72371,0.0005745864,-1,-1
29946,72372,0.0005747651,-1,-1
29947,72373,0.0005748445,-1,-1
29948,72374,0.0005748141,-1,-1
29949,72375,0.0005750057,-1,-1
29950,72376,0.0005751884,-1,-1
29951,72377,0.00057467,-1,-1
29952,72400,0.0005745018,-1,-1
29953,72401,0.0005752469,-1,-1
29954,72402,0.000575646,-1,-1
29955,72403,0.0005751713,-1,-1
29956,72404,0.0005751948,-1,-1
29957,72405,0.0005753271,-1,-1
29958,72406,0.0005749693,-1,-1
29959,72407,0.0005747455,-1,-1
29960,72410,0.0005748241,-1,-1
29961,72411,0.0005752142,-1,-1
29962,72412,0.0005755011,-1,-1
29963,72413,0.0005751965,-1,-1
29964,72414,0.0005749213,-1,-1
29965,72415,0.0005746185,-1,-1
29966,72416,0.0005746338,-1,-1
29967,72417,0.0005750012,-1,-1
29968,72420,0.0005748738,-1,-1
29969,72421,0.0005746977,-1,-1
29970,72422,0.0005750424,-1,-1
29971,72423,0.0005748805,-1,-1
29972,72424,0.0005746671,-1,-1
29973,72425,0.0005755643,-1,-1
29974,72426,0.0005748463,-1,-1
29975,72427,0.0005751662,-1,-1
29976,72430,0.0005753311,-1,-1
29977,72431,0.0005744082,-1,-1
29978,72432,0.0005752639,-1,-1
29979,72433,0.0005746818,-1,-1
29980,72434,0.0005746077,-1,-1
29981,72435,0.0005747241,-1,-1
29982,72436,0.000575013,-1,-1
29983,72437,0.0005749002,-1,-1
29984,72440,0.0005748562,-1,-1
29985,72441,0.0005747485,-1,-1
29986,72442,0.0005750881,-1,-1
29987,72443,0.0005752492,-1,-1
29988,72444,0.0005748205,-1,-1
29989,72445,0.0005752319,-1,-1
29990,72446,0.0005752252,-1,-1
29991,72447,0.0005749809,-1,-1
29992,72450,0.0005748662,-1,-1
29993,72451,0.0005752448,-1,-1
29994,72452,0.0005750289,-1,-1
29995,72453,0.000575036,-1,-1
29996,72454,0.0005748592,-1,-1
29997,72455,0.0005749583,-1,-1
29998,72456,0.0005747814,-1,-1
29999,72457,0.0005748927,-1,-1
30000,72460,0.0005746373,-1,-1
30001,72461,0.0005749933,-1,-1
30002,72462,0.0005746455,-1,-1
30003,72463,0.0005749795,-1,-1
30004,72464,0.0005750033,-1,-1
30005,72465,0.0005752142,-1,-1
30006,72466,0.0005751229,-1,-1
30007,72467,0.0005747633,-1,-1
30008,72470,0.0005752914,-1,-1
30009,72471,0.000574389,-1,-1
30010,72472,0.0005747422,-1,-1
30011,72473,0.0005747692,-1,-1
30012,72474,0.0005754014,-1,-1
30013,72475,0.0005747984,-1,-1
30014,72476,0.0005745547,-1,-1
30015,72477,0.0005748118,-1,-1
30016,72500,0.000574977,-1,-1
30017,72501,0.0005745653,-1,-1
30018,72502,0.0005748399,-1,-1
30019,72503,0.0005746817,-1,-1
30020,72504,0.0005746318,-1,-1
30021,72505,0.0005753305,-1,-1
30022,72506,0.0005742506,-1,-1
30023,72507,0.0005745552,-1,-1
30024,72510,0.0005746346,-1,-1
30025,72511,0.0005740927,-1,-1
30026,72512,0.0005743209,-1,-1
30027,72513,0.0005742813,-1,-1
30028,72514,0.0005746994,-1,-1
30029,72515,0.0005742793,-1,-1
30030,72516,0.0005743768,-1,-1
30031,72517,0.0005741823,-1,-1
30032,72520,0.0005739216,-1,-1
30033,72521,0.0005739233,-1,-1
30034,72522,0.0005736104,-1,-1
30035,72523,0.0005740998,-1,-1
30036,72524,0.0005738158,-1,-1
30037,72525,0.0005738515,-1,-1
30038,72526,0.0005739596,-1,-1
30039,72527,0.0005742726,-1,-1
30040,72530,0.000573811,-1,-1
30041,72531,0.0005741167,-1,-1
30042,72532,0.0005740094,-1,-1
30043,72533,0.0005737413,-1,-1
30044,72534,0.0005738103,-1,-1
30045,72535,0.0005735162,-1,-1
30046,72536,0.0005733836,-1,-1
30047,72537,0.0005739261,-1,-1
30048,72540,0.0005736196,-1,-1
30049,72541,0.0005737121,-1,-1
30050,72542,0.0005736445,-1,-1
30051,72543,0.0005731551,-1,-1
30052,72544,0.0005740739,-1,-1
30053,72545,0.0005738028,-1,-1
30054,72546,0.0005734437,-1,-1
30055,72547,0.0005734415,-1,-1
30056,72550,0.0005730262,-1,-1
30057,72551,0.0005729875,-1,-1
30058,72552,0.0005731533,-1,-1
30059,72553,0.0005734073,-1,-1
30060,72554,0.0005734576,-1,-1
30061,72555,0.0005731286,-1,-1
30062,72556,0.000573316,-1,-1
30063,72557,0.0005734523,-1,-1
30064,72560,0.0005734192,-1,-1
30065,72561,0.0005737794,-1,-1
30066,72562,0.000573756,-1,-1
30067,72563,0.0005736481,-1,-1
30068,72564,0.0005735615,-1,-1
30069,72565,0.0005732364,-1,-1
30070,72566,0.0005734703,-1,-1
30071,72567,0.0005733986,-1,-1
30072,72570,0.0005733971,-1,-1
30073,72571,0.0005732681,-1,-1
30074,72572,0.0005736275,-1,-1
30075,72573,0.0005732453,-1,-1
30076,72574,0.000573733,-1,-1
30077,72575,0.000573686,-1,-1
30078,72576,0.000573486,-1,-1
30079,72577,0.0005737131,-1,-1
30080,72600,0.0005735456,-1,-1
30081,72601,0.0005733476,-1,-1
30082,72602,0.000573664,-1,-1
30083,72603,0.0005736318,-1,-1
30084,72604,0.0005732609,-1,-1
30085,72605,0.0005737306,-1,-1
30086,72606,0.0005736113,-1,-1
30087,72607,0.0005736725,-1,-1
30088,72610,0.0005734828,-1,-1
30089,72611,0.0005735457,-1,-1
30090,72612,0.0005732323,-1,-1
30091,72613,0.0005734659,-1,-1
30092,72614,0.0005736458,-1,-1
30093,72615,0.0005730198,-1,-1
30094,72616,0.0005734063,-1,-1
30095,72617,0.0005731937,-1,-1
30096,72620,0.0005735745,-1,-1
30097,72621,0.0005731275,-1,-1
30098,72622,0.0005734802,-1,-1
30099,72623,0.0005735838,-1,-1
30100,72624,0.0005731369,-1,-1
30101,72625,0.0005735238,-1,-1
30102,72626,0.0005733734,-1,-1
30103,72627,0.000573414,-1,-1
30104,72630,0.0005732453,-1,-1
30105,72631,0.0005727059,-1,-1
30106,72632,0.0005728044,-1,-1
30107,72633,0.000573029,-1,-1
30108,72634,0.0005735348,-1,-1
30109,72635,0.0005734144,-1,-1
30110,72636,0.0005730375,-1,-1
30111,72637,0.0005732292,-1,-1
30112,72640,0.0005735294,-1,-1
30113,72641,0.0005734668,-1,-1
30114,72642,0.0005731083,-1,-1
30115,72643,0.0005731691,-1,-1
30116,72644,0.000573794,-1,-1
30117,72645,0.0005738062,-1,-1
30118,72646,0.0005731551,-1,-1
30119,72647,0.0005735658,-1,-1
30120,72650,0.0005735505,-1,-1
30121,72651,0.0005735832,-1,-1
30122,72652,0.0005737958,-1,-1
30123,72653,0.0005735633,-1,-1
30124,72654,0.0005737946,-1,-1
30125,72655,0.0005741798,-1,-1
30126,72656,0.0005737108,-1,-1
30127,72657,0.0005735862,-1,-1
30128,72660,0.0005739732,-1,-1
30129,72661,0.0005741755,-1,-1
30130,72662,0.0005741389,-1,-1
30131,72663,0.0005735568,-1,-1
30132,72664,0.0005739434,-1,-1
30133,72665,0.0005736856,-1,-1
30134,72666,0.0005736429,-1,-1
30135,72667,0.0005738958,-1,-1
30136,72670,0.000573559,-1,-1
30137,72671,0.000573681,-1,-1
30138,72672,0.0005742402,-1,-1
30139,72673,0.0005738583,-1,-1
30140,72674,0.0005742952,-1,-1
30141,72675,0.0005736589,-1,-1
30142,72676,0.0005736953,-1,-1
30143,72677,0.0005740193,-1,-1
30144,72700,0.000574131,-1,-1
30145,72701,0.0005737342,-1,-1
30146,72702,0.0005740341,-1,-1
30147,72703,0.0005742601,-1,-1
30148,72704,0.0005742905,-1,-1
30149,72705,0.0005742449,-1,-1
30150,72706,0.0005743063,-1,-1
30151,72707,0.0005739858,-1,-1
30152,72710,0.0005738278,-1,-1
30153,72711,0.0005744862,-1,-1
30154,72712,0.0005741172,-1,-1
30155,72713,0.0005737554,-1,-1
30156,72714,0.0005744456,-1,-1
30157,72715,0.0005740668,-1,-1
30158,72716,0.0005742196,-1,-1
30159,72717,0.0005737349,-1,-1
30160,72720,0.0005743681,-1,-1
30161,72721,0.0005742596,-1,-1
30162,72722,0.0005740618,-1,-1
30163,72723,0.0005739601,-1,-1
30164,72724,0.0005742424,-1,-1
30165,72725,0.0005745856,-1,-1
30166,72726,0.0005742718,-1,-1
30167,72727,0.0005742595,-1,-1
30168,72730,0.0005735606,-1,-1
30169,72731,0.000574274,-1,-1
30170,72732,0.0005743417,-1,-1
30171,72733,0.0005743478,-1,-1
30172,72734,0.0005742631,-1,-1
30173,72735,0.0005740742,-1,-1
30174,72736,0.0005742654,-1,-1
30175,72737,0.0005743204,-1,-1
30176,72740,0.0005743239,-1,-1
30177,72741,0.0005743626,-1,-1
30178,72742,0.0005741905,-1,-1
30179,72743,0.0005742238,-1,-1
30180,72744,0.0005741726,-1,-1
30181,72745,0.0005741838,-1,-1
30182,72746,0.0005743123,-1,-1
30183,72747,0.000573692,-1,-1
30184,72750,0.0005743642,-1,-1
30185,72751,0.0005741579,-1,-1
30186,72752,0.0005741849,-1,-1
30187,72753,0.0005738472,-1,-1
30188,72754,0.0005744922,-1,-1
30189,72755,0.0005741143,-1,-1
30190,72756,0.0005739895,-1,-1
30191,72757,0.0005743112,-1,-1
30192,72760,0.000573839,-1,-1
30193,72761,0.0005744749,-1,-1
30194,72762,0.0005740179,-1,-1
30195,72763,0.0005741687,-1,-1
30196,72764,0.0005738116,-1,-1
30197,72765,0.0005741668,-1,-1
30198,72766,0.0005743333,-1,-1
30199,72767,0.0005739574,-1,-1
30200,72770,0.0005737311,-1,-1
30201,72771,0.0005739965,-1,-1
30202,72772,0.0005744157,-1,-1
30203,72773,0.000574358,-1,-1
30204,72774,0.0005742291,-1,-1
30205,72775,0.0005743343,-1,-1
30206,72776,0.0005743603,-1,-1
30207,72777,0.0005742701,-1,-1
30208,73000,0.0005743421,-1,-1
30209,73001,0.0005748164,-1,-1
30210,73002,0.000573965,-1,-1
30211,73003,0.0005744143,-1,-1
30212,73004,0.0005746782,-1,-1
30213,73005,0.0005743097,-1,-1
30214,73006,0.0005745231,-1,-1
30215,73007,0.0005745213,-1,-1
30216,73010,0.0005740709,-1,-1
30217,73011,0.000574441,-1,-1
30218,73012,0.000574554,-1,-1
30219,73013,0.0005742444,-1,-1
30220,73014,0.0005744154,-1,-1
30221,73015,0.0005747825,-1,-1
30222,73016,0.0005745213,-1,-1
30223,73017,0.0005747136,-1,-1
30224,73020,0.0005742443,-1,-1
30225,73021,0.000575066,-1,-1
30226,73022,0.0005742543,-1,-1
30227,73023,0.0005744165,-1,-1
30228,73024,0.0005746725,-1,-1
30229,73025,0.0005745746,-1,-1
30230,73026,0.000574697,-1,-1
30231,73027,0.0005748944,-1,-1
30232,73030,0.0005751837,-1,-1
30233,73031,0.0005745196,-1,-1
30234,73032,0.0005748078,-1,-1
30235,73033,0.0005744403,-1,-1
30236,73034,0.0005744559,-1,-1
30237,73035,0.0005747267,-1,-1
30238,73036,0.0005744395,-1,-1
30239,73037,0.0005749259,-1,-1
30240,73040,0.0005742221,-1,-1
30241,73041,0.000574776,-1,-1
30242,73042,0.0005743516,-1,-1
30243,73043,0.0005746846,-1,-1
30244,73044,0.0005749349,-1,-1
30245,73045,0.0005745743,-1,-1
30246,73046,0.0005746954,-1,-1
30247,73047,0.0005743245,-1,-1
30248,73050,0.0005746535,-1,-1
30249,73051,0.0005749132,-1,-1
30250,73052,0.0005746561,-1,-1
30251,73053,0.0005747619,-1,-1
30252,73054,0.0005747328,-1,-1
30253,73055,0.0005747451,-1,-1
30254,73056,0.0005746782,-1,-1
30255,73057,0.0005747837,-1,-1
30256,73060,0.0005744685,-1,-1
30257,73061,0.0005751025,-1,-1
30258,73062,0.0005749249,-1,-1
30259,73063,0.0005745307,-1,-1
30260,73064,0.0005748182,-1,-1
30261,73065,0.0005746799,-1,-1
30262,73066,0.0005743908,-1,-1
30263,73067,0.0005747382,-1,-1
30264,73070,0.0005745672,-1,-1
30265,73071,0.0005749059,-1,-1
30266,73072,0.0005745092,-1,-1
30267,73073,0.000574369,-1,-1
30268,73074,0.0005744399,-1,-1
30269,73075,0.0005746246,-1,-1
30270,73076,0.0005750782,-1,-1
30271,73077,0.0005747924,-1,-1
30272,73100,0.0005742086,-1,-1
30273,73101,0.000574792,-1,-1
30274,73102,0.0005747186,-1,-1
30275,73103,0.0005742304,-1,-1
30276,73104,0.0005746298,-1,-1
30277,73105,0.0005743346,-1,-1
30278,73106,0.0005742959,-1,-1
30279,73107,0.0005747083,-1,-1
30280,73110,0.0005745313,-1,-1
30281,73111,0.0005744424,-1,-1
30282,73112,0.0005746653,-1,-1
30283,73113,0.0005744462,-1,-1
30284,73114,0.0005743053,-1,-1
30285,73115,0.0005745497,-1,-1
30286,73116,0.0005744466,-1,-1
30287,73117,0.0005746367,-1,-1
30288,73120,0.000574454,-1,-1
30289,73121,0.0005744664,-1,-1
30290,73122,0.000574548,-1,-1
30291,73123,0.0005744386,-1,-1
30292,73124,0.0005743955,-1,-1
30293,73125,0.0005746385,-1,-1
30294,73126,0.0005742012,-1,-1
30295,73127,0.0005746275,-1,-1
30296,73130,0.0005742538,-1,-1
30297,73131,0.0005744711,-1,-1
30298,73132,0.0005743452,-1,-1
30299,73133,0.0005743824,-1,-1
30300,73134,0.0005744656,-1,-1
30301,73135,0.0005742362,-1,-1
30302,73136,0.0005741665,-1,-1
30303,73137,0.0005740125,-1,-1
30304,73140,0.0005741078,-1,-1
30305,73141,0.0005744153,-1,-1
30306,73142,0.0005744258,-1,-1
30307,73143,0.000574547,-1,-1
30308,73144,0.0005738367,-1,-1
30309,73145,0.0005739151,-1,-1
30310,73146,0.0005740863,-1,-1
30311,73147,0.0005743486,-1,-1
30312,73150,0.0005739743,-1,-1
30313,73151,0.0005741523,-1,-1
30314,73152,0.0005739041,-1,-1
30315,73153,0.0005739303,-1,-1
30316,73154,0.0005734953,-1,-1
30317,73155,0.0005736218,-1,-1
30318,73156,0.000573599,-1,-1
30319,73157,0.0005736831,-1,-1
30320,73160,0.0005735265,-1,-1
30321,73161,0.0005735172,-1,-1
30322,73162,0.000573304,-1,-1
30323,73163,0.000573725,-1,-1
30324,73164,0.0005733631,-1,-1
30325,73165,0.0005737267,-1,-1
30326,73166,0.0005736708,-1,-1
30327,73167,0.0005740034,-1,-1
30328,73170,0.0005734573,-1,-1
30329,73171,0.0005736504,-1,-1
30330,73172,0.0005739235,-1,-1
30331,73173,0.0005734918,-1,-1
30332,73174,0.0005735885,-1,-1
30333,73175,0.000573148,-1,-1
30334,73176,0.0005737686,-1,-1
30335,73177,0.0005730824,-1,-1
30336,73200,0.0005732435,-1,-1
30337,73201,0.0005731718,-1,-1
30338,73202,0.0005731644,-1,-1
30339,73203,0.0005735242,-1,-1
30340,73204,0.0005731446,-1,-1
30341,73205,0.0005735688,-1,-1
30342,73206,0.0005735112,-1,-1
30343,73207,0.0005729047,-1,-1
30344,73210,0.0005731229,-1,-1
30345,73211,0.0005732863,-1,-1
30346,73212,0.000573001,-1,-1
30347,73213,0.0005730637,-1,-1
30348,73214,0.0005726421,-1,-1
30349,73215,0.0005724558,-1,-1
30350,73216,0.0005732077,-1,-1
30351,73217,0.0005727062,-1,-1
30352,73220,0.0005730051,-1,-1
30353,73221,0.0005728179,-1,-1
30354,73222,0.0005730062,-1,-1
30355,73223,0.0005727276,-1,-1
30356,73224,0.0005726708,-1,-1
30357,73225,0.0005727689,-1,-1
30358,73226,0.0005730754,-1,-1
30359,73227,0.0005725754,-1,-1
30360,73230,0.0005726679,-1,-1
30361,73231,0.0005730096,-1,-1
30362,73232,0.0005722491,-1,-1
30363,73233,0.0005728976,-1,-1
30364,73234,0.0005728088,-1,-1
30365,73235,0.0005724111,-1,-1
30366,73236,0.0005726262,-1,-1
30367,73237,0.0005725886,-1,-1
30368,73240,0.0005729103,-1,-1
30369,73241,0.0005728499,-1,-1
30370,73242,0.0005725345,-1,-1
30371,73243,0.000572422,-1,-1
30372,73244,0.0005723093,-1,-1
30373,73245,0.0005727648,-1,-1
30374,73246,0.0005725015,-1,-1
30375,73247,0.0005721836,-1,-1
30376,73250,0.0005724588,-1,-1
30377,73251,0.0005729237,-1,-1
30378,73252,0.0005724967,-1,-1
30379,73253,0.0005725196,-1,-1
30380,73254,0.0005726235,-1,-1
30381,73255,0.0005724535,-1,-1
30382,73256,0.0005731557,-1,-1
30383,73257,0.0005725771,-1,-1
30384,73260,0.0005728292,-1,-1
30385,73261,0.00057284,-1,-1
30386,73262,0.0005724638,-1,-1
30387,73263,0.0005724936,-1,-1
30388,73264,0.0005728485,-1,-1
30389,73265,0.0005726683,-1,-1
30390,73266,0.0005727242,-1,-1
30391,73267,0.0005725036,-1,-1
30392,73270,0.0005731134,-1,-1
30393,73271,0.00057259,-1,-1
30394,73272,0.0005722467,-1,-1
30395,73273,0.0005727122,-1,-1
30396,73274,0.0005723349,-1,-1
30397,73275,0.000572512,-1,-1
30398,73276,0.0005723715,-1,-1
30399,73277,0.0005720863,-1,-1
30400,73300,0.0005726121,-1,-1
30401,73301,0.0005722936,-1,-1
30402,73302,0.0005722609,-1,-1
30403,73303,0.000572489,-1,-1
30404,73304,0.0005724346,-1,-1
30405,73305,0.0005720686,-1,-1
30406,73306,0.0005728881,-1,-1
30407,73307,0.0005729442,-1,-1
30408,73310,0.0005726111,-1,-1
30409,73311,0.0005728871,-1,-1
30410,73312,0.0005723425,-1,-1
30411,73313,0.0005723631,-1,-1
30412,73314,0.0005725466,-1,-1
30413,73315,0.0005725904,-1,-1
30414,73316,0.0005725775,-1,-1
30415,73317,0.0005726889,-1,-1
30416,73320,0.0005727291,-1,-1
30417,73321,0.0005728756,-1,-1
30418,73322,0.0005729859,-1,-1
30419,73323,0.0005724916,-1,-1
30420,73324,0.0005727363,-1,-1
30421,73325,0.0005728143,-1,-1
30422,73326,0.0005727532,-1,-1
30423,73327,0.0005722135,-1,-1
30424,73330,0.0005726131,-1,-1
30425,73331,0.0005726642,-1,-1
30426,73332,0.000572489,-1,-1
30427,73333,0.0005723215,-1,-1
30428,73334,0.0005724438,-1,-1
30429,73335,0.0005725416,-1,-1
30430,73336,0.0005725073,-1,-1
30431,73337,0.0005720153,-1,-1
30432,73340,0.0005728056,-1,-1
30433,73341,0.0005721794,-1,-1
30434,73342,0.0005723374,-1,-1
30435,73343,0.0005722977,-1,-1
30436,73344,0.0005725103,-1,-1
30437,73345,0.0005723456,-1,-1
30438,73346,0.000572448,-1,-1
30439,73347,0.0005722755,-1,-1
30440,73350,0.0005725535,-1,-1
30441,73351,0.000572248,-1,-1
30442,73352,0.0005722308,-1,-1
30443,73353,0.0005720639,-1,-1
30444,73354,0.0005729481,-1,-1
30445,73355,0.0005727194,-1,-1
30446,73356,0.0005726594,-1,-1
30447,73357,0.0005724392,-1,-1
30448,73360,0.0005726777,-1,-1
30449,73361,0.0005728333,-1,-1
30450,73362,0.000572829,-1,-1
30451,73363,0.0005729576,-1,-1
30452,73364,0.0005727688,-1,-1
30453,73365,0.0005727105,-1,-1
30454,73366,0.0005730976,-1,-1
30455,73367,0.0005725617,-1,-1
30456,73370,0.0005727619,-1,-1
30457,73371,0.0005727217,-1,-1
30458,73372,0.0005723995,-1,-1
30459,73373,0.0005729729,-1,-1
30460,73374,0.000572614,-1,-1
30461,73375,0.0005725817,-1,-1
30462,73376,0.0005730432,-1,-1
30463,73377,0.0005726291,-1,-1
30464,73400,0.0005732292,-1,-1
30465,73401,0.0005728013,-1,-1
30466,73402,0.0005728262,-1,-1
30467,73403,0.0005726006,-1,-1
30468,73404,0.0005730516,-1,-1
30469,73405,0.0005726538,-1,-1
30470,73406,0.0005730349,-1,-1
30471,73407,0.0005730421,-1,-1
30472,73410,0.0005728115,-1,-1
