row,col,x_center_nominal_mm,y_scanline_relative_mm,start_source_index,stop_source_index_exclusive,sample_count,median_current_A,mean_current_A,std_current_A,high_sample_fraction,binary_0_low_1_high
0,0,1.0,0.0,107,119,12,3.761417e-07,3.7478609166666664e-07,1.921591780034781e-09,0.0,0
0,1,3.0,0.0,119,130,11,3.670605e-07,3.672270636363636e-07,1.7924515214809847e-09,0.0,0
0,2,5.0,0.0,130,142,12,3.5898935e-07,3.597657916666667e-07,2.3323210032991983e-09,0.0,0
0,3,7.0,0.0,142,153,11,3.571069e-07,3.571501545454545e-07,9.081008517917202e-11,0.0,0
0,4,9.0,0.0,153,165,12,3.571791e-07,3.5743851666666667e-07,4.640805692142595e-10,0.0,0
0,5,11.0,0.0,165,176,11,3.584079e-07,3.581605454545455e-07,3.9974490357462774e-10,0.0,0
0,6,13.0,0.0,176,187,11,3.571374e-07,3.571725909090909e-07,9.301809652423328e-11,0.0,0
0,7,15.0,0.0,187,199,12,3.5715085e-07,3.57153325e-07,2.829302402242366e-11,0.0,0
0,8,17.0,0.0,199,210,11,3.572172e-07,3.5723063636363633e-07,3.6376297795711375e-11,0.0,0
0,9,19.0,0.0,210,222,12,3.572864e-07,3.57280075e-07,3.7293724338021333e-11,0.0,0
0,10,21.0,0.0,222,233,11,3.566906e-07,3.5651817272727276e-07,5.662374045814227e-10,0.0,0
0,11,23.0,0.0,233,245,12,3.5472215e-07,3.54792375e-07,1.6933132278169604e-10,0.0,0
0,12,25.0,0.0,245,256,11,3.549735e-07,3.5500275454545457e-07,1.5602110791717424e-10,0.0,0
0,13,27.0,0.0,256,267,11,3.558103e-07,3.5577049090909097e-07,2.0957284459127712e-10,0.0,0
0,14,29.0,0.0,267,279,12,3.5651095e-07,3.56512975e-07,2.4162635454008326e-10,0.0,0
0,15,31.0,0.0,279,290,11,3.573488e-07,3.5733503636363637e-07,2.4941096160472957e-10,0.0,0
0,16,33.0,0.0,290,302,12,3.590969e-07,3.5930128333333334e-07,1.1324846796854306e-09,0.0,0
0,17,35.0,0.0,302,313,11,3.633041e-07,3.631997909090909e-07,7.788860068941608e-10,0.0,0
0,18,37.0,0.0,313,325,12,3.6505805e-07,3.6505207500000007e-07,3.951577598989204e-10,0.0,0
0,19,39.0,0.0,325,336,11,3.666253e-07,3.667601090909091e-07,6.235630455178911e-10,0.0,0
0,20,41.0,0.0,336,347,11,3.686831e-07,3.6857891818181814e-07,2.518596716722914e-10,0.0,0
0,21,43.0,0.0,347,359,12,3.6833575e-07,3.6843627499999997e-07,2.0985397353477606e-10,0.0,0
0,22,45.0,0.0,359,370,11,3.686491e-07,3.686079090909091e-07,1.443803968974477e-10,0.0,0
0,23,47.0,0.0,370,382,12,3.6895045e-07,3.690013583333334e-07,1.2407336175514516e-10,0.0,0
0,24,49.0,0.0,382,393,11,3.694208e-07,3.6940851818181816e-07,6.36616456272333e-11,0.0,0
0,25,51.0,0.0,393,405,12,3.6917164999999997e-07,3.6919680000000004e-07,1.5506445434076525e-10,0.0,0
0,26,53.0,0.0,405,416,11,3.694876e-07,3.6951523636363635e-07,3.3825676711023436e-10,0.0,0
0,27,55.0,0.0,416,427,11,3.705492e-07,3.705396727272727e-07,2.0430220081095155e-10,0.0,0
0,28,57.0,0.0,427,439,12,3.7118195e-07,3.7121429999999993e-07,2.428730601226373e-10,0.0,0
0,29,59.0,0.0,439,450,11,3.739145e-07,3.822520545454546e-07,1.6773219952941415e-08,0.0,0
0,30,61.0,0.0,450,462,12,5.858082e-05,5.291815816666667e-05,1.601972228658715e-05,0.9166666666666666,1
0,31,63.0,0.0,462,473,11,5.972942e-05,5.969266090909091e-05,2.304810427011912e-07,1.0,1
0,32,65.0,0.0,473,485,12,5.9719515000000004e-05,5.9643105833333326e-05,2.1242440394402068e-07,1.0,1
0,33,67.0,0.0,485,496,11,6.043011e-05,6.0275373636363644e-05,4.1146064339071905e-07,1.0,1
0,34,69.0,0.0,496,507,11,6.016964e-05,6.010228545454545e-05,7.350643281603886e-07,1.0,1
0,35,71.0,0.0,507,519,12,5.907113e-05,5.9163759166666674e-05,4.578851705296553e-07,1.0,1
0,36,73.0,0.0,519,530,11,6.103594e-05,6.101234818181819e-05,1.2501171943739526e-07,1.0,1
0,37,75.0,0.0,530,542,12,6.0996945e-05,6.0975207499999996e-05,1.0916541165627237e-07,1.0,1
0,38,77.0,0.0,542,553,11,5.995376e-05,5.964952363636364e-05,8.185235366557916e-07,1.0,1
0,39,79.0,0.0,553,564,11,6.538699e-05,6.414932363636364e-05,1.9375952404240806e-06,1.0,1
1,0,1.0,2.0,1039,1050,11,3.339987e-07,3.339970272727273e-07,1.706556505785299e-10,0.0,0
1,1,3.0,2.0,1028,1039,11,3.332444e-07,3.333039090909091e-07,1.770400286249892e-10,0.0,0
1,2,5.0,2.0,1016,1028,12,3.3273015e-07,3.327129e-07,1.8949760772456626e-10,0.0,0
1,3,7.0,2.0,1005,1016,11,3.319986e-07,3.319907545454546e-07,2.2426520162779799e-10,0.0,0
1,4,9.0,2.0,993,1005,12,3.3107695e-07,3.3111102499999996e-07,2.4668524184001596e-10,0.0,0
1,5,11.0,2.0,982,993,11,3.303062e-07,3.3033831818181813e-07,2.1649425278192002e-10,0.0,0
1,6,13.0,2.0,971,982,11,3.29505e-07,3.295252090909091e-07,2.556080538443256e-10,0.0,0
1,7,15.0,2.0,959,971,12,3.288694e-07,3.288435583333333e-07,1.595468868302406e-10,0.0,0
1,8,17.0,2.0,948,959,11,3.280719e-07,3.2804662727272727e-07,2.902011562250954e-10,0.0,0
1,9,19.0,2.0,936,948,12,3.269723e-07,3.2698686666666666e-07,2.8644109439037793e-10,0.0,0
1,10,21.0,2.0,925,936,11,3.261114e-07,3.2609540000000003e-07,2.4483447098360256e-10,0.0,0
1,11,23.0,2.0,913,925,12,3.250825e-07,3.2505664999999994e-07,3.756613712285775e-10,0.0,0
1,12,25.0,2.0,902,913,11,3.236525e-07,3.236674636363636e-07,3.9322084073300525e-10,0.0,0
1,13,27.0,2.0,891,902,11,3.221824e-07,3.2216222727272724e-07,4.825726400165712e-10,0.0,0
1,14,29.0,2.0,879,891,12,3.2031255e-07,3.202599333333333e-07,6.177156996188157e-10,0.0,0
1,15,31.0,2.0,868,879,11,3.180658e-07,3.180304818181818e-07,6.602219445255218e-10,0.0,0
1,16,33.0,2.0,856,868,12,3.1537965e-07,3.15347625e-07,8.889972985757646e-10,0.0,0
1,17,35.0,2.0,845,856,11,3.121489e-07,3.121184090909091e-07,9.68377835214922e-10,0.0,0
1,18,37.0,2.0,833,845,12,3.082317e-07,3.08223725e-07,1.2478911578639402e-09,0.0,0
1,19,39.0,2.0,822,833,11,3.037028e-07,3.037084363636364e-07,1.3470836467736341e-09,0.0,0
1,20,41.0,2.0,811,822,11,2.986777e-07,2.9863695454545454e-07,1.5856739658945375e-09,0.0,0
1,21,43.0,2.0,799,811,12,2.924511e-07,2.9238700833333334e-07,2.02421367015208e-09,0.0,0
1,22,45.0,2.0,788,799,11,2.85262e-07,2.8523514545454546e-07,2.0440300968979876e-09,0.0,0
1,23,47.0,2.0,776,788,12,2.7768530000000004e-07,2.7773619166666665e-07,2.2261282478248813e-09,0.0,0
1,24,49.0,2.0,765,776,11,2.716019e-07,2.720139181818182e-07,8.450369920016829e-10,0.0,0
1,25,51.0,2.0,753,765,12,2.7955745e-07,2.843165666666667e-07,1.2720427196005998e-08,0.0,0
1,26,53.0,2.0,742,753,11,4.042712e-05,3.3527974854545456e-05,2.380737993227996e-05,0.5454545454545454,1
1,27,55.0,2.0,731,742,11,5.855764e-05,5.867366090909092e-05,4.927929943136645e-07,1.0,1
1,28,57.0,2.0,719,731,12,5.720655e-05,5.724661833333334e-05,2.7128211161179624e-07,1.0,1
1,29,59.0,2.0,708,719,11,5.876738e-05,5.862140363636364e-05,2.900061620433967e-07,1.0,1
1,30,61.0,2.0,696,708,12,5.9949125e-05,5.989932416666666e-05,2.8573645186483674e-07,1.0,1
1,31,63.0,2.0,685,696,11,5.962624e-05,5.9600031818181816e-05,2.2713029031485974e-07,1.0,1
1,32,65.0,2.0,673,685,12,6.08117e-05,6.0614099166666665e-05,3.6102160338079317e-07,1.0,1
1,33,67.0,2.0,662,673,11,6.083804e-05,6.083238545454546e-05,3.09844302142622e-08,1.0,1
1,34,69.0,2.0,651,662,11,6.048761e-05,6.049962727272727e-05,1.2444185426359522e-07,1.0,1
1,35,71.0,2.0,639,651,12,5.984625e-05,6.003979500000001e-05,2.437778197308978e-06,1.0,1
1,36,73.0,2.0,628,639,11,6.528631e-05,6.528774454545455e-05,2.6527173499719954e-08,1.0,1
1,37,75.0,2.0,616,628,12,6.529992000000001e-05,6.530534833333334e-05,3.443614787625845e-08,1.0,1
1,38,77.0,2.0,605,616,11,6.537366e-05,6.537077454545455e-05,3.7767254061407286e-08,1.0,1
1,39,79.0,2.0,593,605,12,6.5338985e-05,6.533863833333334e-05,3.4146928810980444e-08,1.0,1
2,0,1.0,4.0,1079,1091,12,3.364933e-07,3.359919916666667e-07,1.6625339627901033e-09,0.0,0
2,1,3.0,4.0,1091,1102,11,3.388203e-07,3.3880648181818183e-07,3.631738922789689e-10,0.0,0
2,2,5.0,4.0,1102,1114,12,3.416861e-07,3.415054333333333e-07,1.2154449427633072e-09,0.0,0
2,3,7.0,4.0,1114,1125,11,3.447968e-07,3.4471296363636365e-07,4.896617705996383e-10,0.0,0
2,4,9.0,4.0,1125,1137,12,3.3918265000000003e-07,3.39904125e-07,1.9612555987279382e-09,0.0,0
2,5,11.0,4.0,1137,1148,11,3.383837e-07,3.3850247272727275e-07,4.665728240749637e-10,0.0,0
2,6,13.0,4.0,1148,1159,11,3.403437e-07,3.4029399090909093e-07,4.993547899850255e-10,0.0,0
2,7,15.0,4.0,1159,1171,12,3.417285e-07,3.4170907500000004e-07,3.5716071808314907e-10,0.0,0
2,8,17.0,4.0,1171,1182,11,3.42618e-07,3.4260692727272724e-07,1.7571590237399512e-10,0.0,0
2,9,19.0,4.0,1182,1194,12,3.43194e-07,3.4320286666666673e-07,2.1529006918315996e-10,0.0,0
2,10,21.0,4.0,1194,1205,11,3.440443e-07,3.440070909090909e-07,1.9906244088703638e-10,0.0,0
2,11,23.0,4.0,1205,1217,12,3.447287e-07,3.4474455000000004e-07,2.6571566727111677e-10,0.0,0
2,12,25.0,4.0,1217,1228,11,3.455119e-07,3.4552071818181816e-07,1.6516503492062237e-10,0.0,0
2,13,27.0,4.0,1228,1239,11,3.463208e-07,3.4630272727272726e-07,2.5422792597806846e-10,0.0,0
2,14,29.0,4.0,1239,1251,12,3.47341e-07,3.473142333333334e-07,3.0645920972002644e-10,0.0,0
2,15,31.0,4.0,1251,1262,11,3.482885e-07,3.4826162727272724e-07,2.5915532054212264e-10,0.0,0
2,16,33.0,4.0,1262,1274,12,3.4902e-07,3.490256e-07,2.0265515455243361e-10,0.0,0
2,17,35.0,4.0,1274,1285,11,3.49967e-07,3.4992621818181817e-07,2.965719744565555e-10,0.0,0
2,18,37.0,4.0,1285,1297,12,3.5103559999999997e-07,3.5105359999999994e-07,3.579834260595486e-10,0.0,0
2,19,39.0,4.0,1297,1308,11,3.521959e-07,3.521944090909091e-07,3.0838698962813764e-10,0.0,0
2,20,41.0,4.0,1308,1319,11,3.533084e-07,3.5330900909090907e-07,3.417601084613759e-10,0.0,0
2,21,43.0,4.0,1319,1331,12,3.54478e-07,3.544842e-07,3.4151428959855433e-10,0.0,0
2,22,45.0,4.0,1331,1342,11,3.557024e-07,3.5567954545454547e-07,3.4265077733257353e-10,0.0,0
2,23,47.0,4.0,1342,1354,12,3.569706e-07,3.5697169999999997e-07,4.309211122699792e-10,0.0,0
2,24,49.0,4.0,1354,1365,11,3.583559e-07,3.5837342727272723e-07,3.460848190595323e-10,0.0,0
2,25,51.0,4.0,1365,1377,12,3.5936624999999997e-07,3.593772333333333e-07,2.4132559379854467e-10,0.0,0
2,26,53.0,4.0,1377,1388,11,3.600822e-07,3.600954727272727e-07,1.7342111170059335e-10,0.0,0
2,27,55.0,4.0,1388,1399,11,3.608409e-07,3.6081657272727274e-07,2.03073681616532e-10,0.0,0
2,28,57.0,4.0,1399,1411,12,3.6151964999999997e-07,3.6151794999999995e-07,2.0845297431315606e-10,0.0,0
2,29,59.0,4.0,1411,1422,11,3.621865e-07,3.621622454545455e-07,1.241009806102684e-10,0.0,0
2,30,61.0,4.0,1422,1434,12,3.6273015000000003e-07,3.6272225833333335e-07,2.2660078132526813e-10,0.0,0
2,31,63.0,4.0,1434,1445,11,3.633184e-07,3.633850454545455e-07,1.9311321862215617e-10,0.0,0
2,32,65.0,4.0,1445,1457,12,3.64253e-07,3.65174e-07,2.1071466761950856e-09,0.0,0
2,33,67.0,4.0,1457,1468,11,5.511115e-05,3.20333973e-05,2.8859759098573102e-05,0.5454545454545454,1
2,34,69.0,4.0,1468,1479,11,5.769883e-05,5.777360818181818e-05,4.0697152709915847e-07,1.0,1
2,35,71.0,4.0,1479,1491,12,5.8914644999999996e-05,5.8640683333333326e-05,8.397122314850234e-07,1.0,1
2,36,73.0,4.0,1491,1502,11,5.934545e-05,5.938197636363637e-05,1.7802605816783416e-07,1.0,1
2,37,75.0,4.0,1502,1514,12,5.9536065e-05,5.951582166666667e-05,3.4353115726799585e-07,1.0,1
2,38,77.0,4.0,1514,1525,11,5.93321e-05,5.939396636363636e-05,9.74692867767937e-07,1.0,1
2,39,79.0,4.0,1525,1536,11,6.086547e-05,6.0855693636363644e-05,6.182800340427198e-08,1.0,1
3,0,1.0,6.0,2010,2021,11,3.303072e-07,3.303060909090909e-07,2.067963708778792e-10,0.0,0
3,1,3.0,6.0,1999,2010,11,3.299425e-07,3.2995510000000004e-07,1.319412196947776e-10,0.0,0
3,2,5.0,6.0,1987,1999,12,3.29793e-07,3.29547425e-07,6.393148300133501e-10,0.0,0
3,3,7.0,6.0,1976,1987,11,3.279682e-07,3.2794634545454546e-07,1.2521167795984607e-10,0.0,0
3,4,9.0,6.0,1964,1976,12,3.273464e-07,3.272932333333333e-07,6.997879408951132e-10,0.0,0
3,5,11.0,6.0,1953,1964,11,3.241732e-07,3.241921727272728e-07,9.636361526586478e-10,0.0,0
3,6,13.0,6.0,1942,1953,11,3.184844e-07,3.182692545454545e-07,2.942371616837384e-09,0.0,0
3,7,15.0,6.0,1930,1942,12,3.143738e-07,3.143734916666667e-07,2.528703075304749e-10,0.0,0
3,8,17.0,6.0,1919,1930,11,3.139065e-07,3.139287818181818e-07,1.0869306089904022e-10,0.0,0
3,9,19.0,6.0,1907,1919,12,3.157478e-07,3.160679333333333e-07,1.4024038543000209e-09,0.0,0
3,10,21.0,6.0,1896,1907,11,3.263294e-07,3.303528909090909e-07,1.0786672476167021e-08,0.0,0
3,11,23.0,6.0,1885,1896,11,3.933645e-07,3.899271090909091e-07,8.087696754100086e-09,0.0,0
3,12,25.0,6.0,1873,1885,12,3.753329e-07,3.7231076666666665e-07,1.2126803950569811e-08,0.0,0
3,13,27.0,6.0,1862,1873,11,3.033723e-07,3.058341909090909e-07,8.89400282564857e-09,0.0,0
3,14,29.0,6.0,1850,1862,12,3.0612345e-07,3.057153083333334e-07,1.1196468062580713e-09,0.0,0
3,15,31.0,6.0,1839,1850,11,3.009931e-07,3.010774636363637e-07,1.2325633874702982e-09,0.0,0
3,16,33.0,6.0,1828,1839,11,2.967248e-07,2.966611727272727e-07,1.1858412511346384e-09,0.0,0
3,17,35.0,6.0,1816,1828,12,2.9147290000000004e-07,2.914003333333333e-07,1.961686428957378e-09,0.0,0
3,18,37.0,6.0,1805,1816,11,2.847437e-07,2.846924454545455e-07,1.7065251671498134e-09,0.0,0
3,19,39.0,6.0,1793,1805,12,2.7747789999999997e-07,2.7760956666666673e-07,2.1195382179197043e-09,0.0,0
3,20,41.0,6.0,1782,1793,11,2.705862e-07,2.706495e-07,1.7719007811335845e-09,0.0,0
3,21,43.0,6.0,1771,1782,11,2.673823e-07,2.676740090909091e-07,8.914606608916387e-10,0.0,0
3,22,45.0,6.0,1759,1771,12,2.9313865e-07,1.6873169499999998e-06,4.599403522062499e-06,0.0,0
3,23,47.0,6.0,1748,1759,11,5.963191e-05,5.342579909090909e-05,1.0267591977561292e-05,0.9090909090909091,1
3,24,49.0,6.0,1736,1748,12,5.8960724999999994e-05,5.8904259999999995e-05,6.310674683423318e-07,1.0,1
3,25,51.0,6.0,1725,1736,11,5.983708e-05,5.979253363636364e-05,1.8307629265481461e-07,1.0,1
3,26,53.0,6.0,1714,1725,11,6.00909e-05,5.978066363636364e-05,7.290266355188056e-07,1.0,1
3,27,55.0,6.0,1702,1714,12,5.938165e-05,5.934999416666666e-05,5.555829421346296e-07,1.0,1
3,28,57.0,6.0,1691,1702,11,6.055833e-05,6.047150363636363e-05,1.775187788413449e-07,1.0,1
3,29,59.0,6.0,1679,1691,12,6.042115e-05,6.0383640833333326e-05,1.7573674783884043e-07,1.0,1
3,30,61.0,6.0,1668,1679,11,6.006721e-05,6.0032699090909094e-05,9.616097738636475e-08,1.0,1
3,31,63.0,6.0,1657,1668,11,5.939924e-05,5.8839310000000005e-05,1.109985161678053e-06,1.0,1
3,32,65.0,6.0,1645,1657,12,6.438360499999999e-05,6.246216499999999e-05,3.3046495336558247e-06,1.0,1
3,33,67.0,6.0,1634,1645,11,6.51521e-05,6.515634727272728e-05,2.5572368643060168e-08,1.0,1
3,34,69.0,6.0,1622,1634,12,6.517804e-05,6.51798425e-05,3.963084659811581e-08,1.0,1
3,35,71.0,6.0,1611,1622,11,6.515273e-05,6.514951454545455e-05,3.3410074518606937e-08,1.0,1
3,36,73.0,6.0,1600,1611,11,6.519625e-05,6.519635272727273e-05,3.6733144827602423e-08,1.0,1
3,37,75.0,6.0,1588,1600,12,6.5181885e-05,6.519650999999999e-05,3.458703152917382e-08,1.0,1
3,38,77.0,6.0,1577,1588,11,6.527453e-05,6.526947454545456e-05,3.108316743063057e-08,1.0,1
3,39,79.0,6.0,1565,1577,12,6.525454e-05,6.425626666666667e-05,1.8168537280801911e-06,1.0,1
4,0,1.0,8.0,2050,2062,12,3.3553705e-07,3.3555377499999994e-07,5.093378923088993e-10,0.0,0
4,1,3.0,8.0,2062,2073,11,3.371403e-07,3.371625181818182e-07,4.001033566880729e-10,0.0,0
4,2,5.0,8.0,2073,2085,12,3.3883809999999997e-07,3.388260416666666e-07,5.031756874398369e-10,0.0,0
4,3,7.0,8.0,2085,2096,11,3.404941e-07,3.4050137272727277e-07,4.6357508775113524e-10,0.0,0
4,4,9.0,8.0,2096,2108,12,3.4204695e-07,3.4209089999999994e-07,4.614783978331701e-10,0.0,0
4,5,11.0,8.0,2108,2119,11,3.435763e-07,3.436130909090909e-07,4.3327101208984183e-10,0.0,0
4,6,13.0,8.0,2119,2130,11,3.450829e-07,3.4510460909090906e-07,4.460146072914602e-10,0.0,0
4,7,15.0,8.0,2130,2142,12,3.4671635e-07,3.467053583333334e-07,4.488366860717668e-10,0.0,0
4,8,17.0,8.0,2142,2153,11,3.481439e-07,3.481493272727273e-07,3.825042675719426e-10,0.0,0
4,9,19.0,8.0,2153,2165,12,3.4945214999999996e-07,3.494406916666667e-07,3.5495731306345067e-10,0.0,0
4,10,21.0,8.0,2165,2176,11,3.506018e-07,3.5058059999999996e-07,2.938274849449726e-10,0.0,0
4,11,23.0,8.0,2176,2188,12,3.5160294999999995e-07,3.516085666666667e-07,3.0140919122607327e-10,0.0,0
4,12,25.0,8.0,2188,2199,11,3.526707e-07,3.526541e-07,2.8621683134549014e-10,0.0,0
4,13,27.0,8.0,2199,2210,11,3.535162e-07,3.535365909090909e-07,2.3247766834900557e-10,0.0,0
4,14,29.0,8.0,2210,2222,12,3.5446985e-07,3.544491583333333e-07,2.9026039877534635e-10,0.0,0
4,15,31.0,8.0,2222,2233,11,3.554593e-07,3.5543435454545456e-07,2.641781849215172e-10,0.0,0
4,16,33.0,8.0,2233,2245,12,3.5641695e-07,3.563563333333333e-07,2.2903874975402568e-10,0.0,0
4,17,35.0,8.0,2245,2256,11,3.675446e-07,9.801405545454545e-06,2.002461837708245e-05,0.18181818181818182,0
4,18,37.0,8.0,2256,2268,12,5.8709385e-05,5.8574228333333325e-05,3.910619823385492e-07,1.0,1
4,19,39.0,8.0,2268,2279,11,5.963967e-05,5.958252272727273e-05,2.792622370751167e-07,1.0,1
4,20,41.0,8.0,2279,2290,11,5.985155e-05,5.987477909090909e-05,1.1366303448467648e-07,1.0,1
4,21,43.0,8.0,2290,2302,12,6.065169e-05,6.055653e-05,1.8299208835356813e-07,1.0,1
4,22,45.0,8.0,2302,2313,11,6.0697e-05,6.072889363636363e-05,8.274232370577616e-08,1.0,1
4,23,47.0,8.0,2313,2325,12,6.0793285e-05,6.078432416666667e-05,8.752840371924432e-08,1.0,1
4,24,49.0,8.0,2325,2336,11,6.028252e-05,6.0353332727272725e-05,1.5273198379638804e-07,1.0,1
4,25,51.0,8.0,2336,2348,12,5.9939569999999996e-05,5.967341666666667e-05,8.119692794305015e-07,1.0,1
4,26,53.0,8.0,2348,2359,11,5.798208e-05,5.954109363636364e-05,4.09733141512258e-06,1.0,1
4,27,55.0,8.0,2359,2370,11,6.518262e-05,6.51856990909091e-05,3.832528039500007e-08,1.0,1
4,28,57.0,8.0,2370,2382,12,6.513229999999999e-05,6.514272083333332e-05,3.5421681086197036e-08,1.0,1
4,29,59.0,8.0,2382,2393,11,6.510676e-05,6.510432636363636e-05,4.6908183676919556e-08,1.0,1
4,30,61.0,8.0,2393,2405,12,6.5094515e-05,6.510162249999999e-05,3.033267823239483e-08,1.0,1
4,31,63.0,8.0,2405,2416,11,6.511845e-05,6.514084454545454e-05,4.817075732389015e-08,1.0,1
4,32,65.0,8.0,2416,2428,12,6.5126935e-05,6.513326166666666e-05,4.209776415941852e-08,1.0,1
4,33,67.0,8.0,2428,2439,11,6.502079e-05,6.348219999999999e-05,2.6577283896078007e-06,1.0,1
4,34,69.0,8.0,2439,2450,11,5.778643e-05,5.694084454545454e-05,2.5205124521607737e-06,1.0,1
4,35,71.0,8.0,2450,2462,12,6.0115605e-05,6.000395333333333e-05,3.723412071906921e-07,1.0,1
4,36,73.0,8.0,2462,2473,11,6.041277e-05,6.0338512727272725e-05,1.6377717235155543e-07,1.0,1
4,37,75.0,8.0,2473,2485,12,6.053708e-05,6.0501865833333336e-05,1.2027937662364373e-07,1.0,1
4,38,77.0,8.0,2485,2496,11,6.036826e-05,6.038687909090909e-05,1.0296579082875865e-07,1.0,1
4,39,79.0,8.0,2496,2507,11,6.010021e-05,6.006501909090909e-05,1.4063396133577276e-07,1.0,1
5,0,1.0,10.0,2982,2993,11,3.253051e-07,3.252707545454546e-07,1.7301157272714409e-10,0.0,0
5,1,3.0,10.0,2971,2982,11,3.244386e-07,3.2444685454545454e-07,3.147232041121407e-10,0.0,0
5,2,5.0,10.0,2959,2971,12,3.2365445e-07,3.2363060833333333e-07,2.0915013131851944e-10,0.0,0
5,3,7.0,10.0,2948,2959,11,3.229302e-07,3.2291991818181817e-07,2.0182351794748353e-10,0.0,0
5,4,9.0,10.0,2936,2948,12,3.222578e-07,3.2225665e-07,1.742779078560152e-10,0.0,0
5,5,11.0,10.0,2925,2936,11,3.216915e-07,3.2168104545454545e-07,1.544012562574707e-10,0.0,0
5,6,13.0,10.0,2914,2925,11,3.211563e-07,3.2113886363636366e-07,1.471133902361665e-10,0.0,0
5,7,15.0,10.0,2902,2914,12,3.2045610000000004e-07,3.204745083333333e-07,2.408870325080921e-10,0.0,0
5,8,17.0,10.0,2891,2902,11,3.198301e-07,3.198225e-07,1.3086544790183108e-10,0.0,0
5,9,19.0,10.0,2879,2891,12,3.1936304999999997e-07,3.193784833333333e-07,1.191931474074227e-10,0.0,0
5,10,21.0,10.0,2868,2879,11,3.189752e-07,3.189565272727273e-07,1.595168448836982e-10,0.0,0
5,11,23.0,10.0,2856,2868,12,3.182536e-07,3.182520583333333e-07,2.2184793387338023e-10,0.0,0
5,12,25.0,10.0,2845,2856,11,3.178989e-07,3.178910727272727e-07,3.199792865196384e-11,0.0,0
5,13,27.0,10.0,2834,2845,11,3.180267e-07,3.179951909090909e-07,7.907578016222711e-11,0.0,0
5,14,29.0,10.0,2822,2834,12,3.1785835e-07,3.178088166666667e-07,1.5041975066090633e-10,0.0,0
5,15,31.0,10.0,2811,2822,11,3.169989e-07,3.1694661818181817e-07,3.9879423908071587e-10,0.0,0
5,16,33.0,10.0,2799,2811,12,3.1539885e-07,3.1545616666666666e-07,3.4378096547398176e-10,0.0,0
5,17,35.0,10.0,2788,2799,11,3.146266e-07,3.146854181818182e-07,1.4989331247245753e-10,0.0,0
5,18,37.0,10.0,2776,2788,12,3.1420909999999997e-07,3.1414980000000006e-07,2.5937996260312055e-10,0.0,0
5,19,39.0,10.0,2765,2776,11,3.134066e-07,3.133472e-07,1.6758650954602043e-10,0.0,0
5,20,41.0,10.0,2754,2765,11,3.126062e-07,3.1260189999999994e-07,2.1259877276648648e-10,0.0,0
5,21,43.0,10.0,2742,2754,12,3.1192960000000005e-07,3.11903625e-07,1.674695152607431e-10,0.0,0
5,22,45.0,10.0,2731,2742,11,3.11201e-07,3.1120626363636367e-07,2.0583883047723515e-10,0.0,0
5,23,47.0,10.0,2719,2731,12,3.1039175e-07,3.104075166666667e-07,2.688863540399406e-10,0.0,0
5,24,49.0,10.0,2708,2719,11,3.094385e-07,3.094423818181818e-07,2.7550267716296895e-10,0.0,0
5,25,51.0,10.0,2696,2708,12,3.0829044999999995e-07,3.0828529166666663e-07,3.877076915631443e-10,0.0,0
5,26,53.0,10.0,2685,2696,11,3.068966e-07,3.0688717272727273e-07,4.320848929443749e-10,0.0,0
5,27,55.0,10.0,2674,2685,11,3.053554e-07,3.0531305454545453e-07,4.734870649354208e-10,0.0,0
5,28,57.0,10.0,2662,2674,12,3.0337095e-07,3.0336199166666666e-07,6.498736895971088e-10,0.0,0
5,29,59.0,10.0,2651,2662,11,3.009305e-07,3.0097970909090907e-07,7.345177656797499e-10,0.0,0
5,30,61.0,10.0,2639,2651,12,2.9815510000000003e-07,2.981078166666667e-07,9.475049690576238e-10,0.0,0
5,31,63.0,10.0,2628,2639,11,2.946688e-07,2.9464834545454545e-07,1.036293395067807e-09,0.0,0
5,32,65.0,10.0,2616,2628,12,2.9058125e-07,2.90562125e-07,1.3225335024899492e-09,0.0,0
5,33,67.0,10.0,2605,2616,11,2.858893e-07,2.8585367272727277e-07,1.3825585058085224e-09,0.0,0
5,34,69.0,10.0,2594,2605,11,2.806006e-07,2.805983454545455e-07,1.5998526769468068e-09,0.0,0
5,35,71.0,10.0,2582,2594,12,2.744428e-07,2.744327666666667e-07,1.969098240876319e-09,0.0,0
5,36,73.0,10.0,2571,2582,11,2.677502e-07,2.6776068181818183e-07,1.8390042902803196e-09,0.0,0
5,37,75.0,10.0,2559,2571,12,2.613972e-07,2.6158761666666663e-07,1.5434889276318797e-09,0.0,0
5,38,77.0,10.0,2548,2559,11,2.604628e-07,2.6175597272727274e-07,2.8851839900652686e-09,0.0,0
5,39,79.0,10.0,2536,2548,12,3.1292520000000004e-07,7.386444308333332e-06,1.3168841593612547e-05,0.08333333333333333,0
6,0,1.0,12.0,3022,3034,12,3.293461e-07,3.293334e-07,3.2933771673871636e-10,0.0,0
6,1,3.0,12.0,3034,3045,11,3.302092e-07,3.301589e-07,3.928334784844422e-10,0.0,0
6,2,5.0,12.0,3045,3057,12,3.3106985e-07,3.31108425e-07,3.42674486271835e-10,0.0,0
6,3,7.0,12.0,3057,3068,11,3.315232e-07,3.315626363636363e-07,1.5065777759682415e-10,0.0,0
6,4,9.0,12.0,3068,3080,12,3.324338e-07,3.3243949999999996e-07,3.133536553693425e-10,0.0,0
6,5,11.0,12.0,3080,3091,11,3.336628e-07,3.336543e-07,3.40024017868259e-10,0.0,0
6,6,13.0,12.0,3091,3102,11,3.348394e-07,3.348369545454545e-07,3.546607094717132e-10,0.0,0
6,7,15.0,12.0,3102,3114,12,3.361183e-07,3.3612666666666666e-07,3.9151145648058815e-10,0.0,0
6,8,17.0,12.0,3114,3125,11,3.373973e-07,3.374337090909091e-07,3.490092143991861e-10,0.0,0
6,9,19.0,12.0,3125,3137,12,3.387471e-07,3.3874780833333333e-07,3.9811540717555053e-10,0.0,0
6,10,21.0,12.0,3137,3148,11,3.399882e-07,3.3998220000000004e-07,3.4301863188198005e-10,0.0,0
6,11,23.0,12.0,3148,3160,12,3.4111725e-07,3.41113225e-07,3.1211083534806516e-10,0.0,0
6,12,25.0,12.0,3160,3171,11,3.42021e-07,3.4204605454545454e-07,2.1417314305629435e-10,0.0,0
6,13,27.0,12.0,3171,3182,11,3.428676e-07,3.4282773636363643e-07,2.4176945544624237e-10,0.0,0
6,14,29.0,12.0,3182,3194,12,3.435794e-07,3.435760083333333e-07,2.1021729019570385e-10,0.0,0
6,15,31.0,12.0,3194,3205,11,3.442057e-07,3.442239909090909e-07,1.6342205511856113e-10,0.0,0
6,16,33.0,12.0,3205,3217,12,3.4493855e-07,3.449372416666667e-07,1.8830608707781098e-10,0.0,0
6,17,35.0,12.0,3217,3228,11,3.456082e-07,3.455941090909091e-07,1.8603464220185968e-10,0.0,0
6,18,37.0,12.0,3228,3240,12,3.4635875e-07,3.463166e-07,2.30791684570019e-10,0.0,0
6,19,39.0,12.0,3240,3251,11,3.469733e-07,3.4700435454545453e-07,1.7398401370469216e-10,0.0,0
6,20,41.0,12.0,3251,3262,11,3.478524e-07,3.4803829999999996e-07,6.422507723198575e-10,0.0,0
6,21,43.0,12.0,3262,3274,12,2.58714588e-05,2.900751525e-05,2.8714558571050456e-05,0.5,0
6,22,45.0,12.0,3274,3285,11,6.041504e-05,6.035235090909091e-05,1.519362388668084e-07,1.0,1
6,23,47.0,12.0,3285,3297,12,5.9118e-05,5.908592166666666e-05,1.0901994469196398e-06,1.0,1
6,24,49.0,12.0,3297,3308,11,5.984032e-05,5.97977990909091e-05,3.3923824587273457e-07,1.0,1
6,25,51.0,12.0,3308,3320,12,6.053641e-05,6.046658166666666e-05,1.750265312190003e-07,1.0,1
6,26,53.0,12.0,3320,3331,11,6.058631e-05,6.056848e-05,1.0090283859418159e-07,1.0,1
6,27,55.0,12.0,3331,3342,11,6.048103e-05,6.048636090909091e-05,5.3967296570919534e-08,1.0,1
6,28,57.0,12.0,3342,3354,12,6.0331574999999995e-05,6.034269583333333e-05,1.36768352117631e-07,1.0,1
6,29,59.0,12.0,3354,3365,11,5.680417e-05,5.675876090909091e-05,2.6747195681942037e-06,1.0,1
6,30,61.0,12.0,3365,3377,12,6.51405e-05,6.439773166666667e-05,1.6032304821974989e-06,1.0,1
6,31,63.0,12.0,3377,3388,11,6.511806e-05,6.513182363636363e-05,5.125496273492439e-08,1.0,1
6,32,65.0,12.0,3388,3400,12,6.511966e-05,6.511769416666666e-05,5.01512496451701e-08,1.0,1
6,33,67.0,12.0,3400,3411,11,6.512301e-05,6.512179818181818e-05,3.208596771124392e-08,1.0,1
6,34,69.0,12.0,3411,3422,11,6.510473e-05,6.510649272727273e-05,2.3446716804823863e-08,1.0,1
6,35,71.0,12.0,3422,3434,12,6.507797e-05,6.507616666666667e-05,3.625709386527938e-08,1.0,1
6,36,73.0,12.0,3434,3445,11,6.506546e-05,6.506539181818182e-05,3.7092627010127745e-08,1.0,1
6,37,75.0,12.0,3445,3457,12,5.6879635000000006e-05,5.8098829166666674e-05,3.882043754101393e-06,1.0,1
6,38,77.0,12.0,3457,3468,11,6.016007e-05,5.9834704545454546e-05,7.742216142606903e-07,1.0,1
6,39,79.0,12.0,3468,3479,11,6.0484e-05,6.048338090909091e-05,6.165824982839504e-08,1.0,1
7,0,1.0,14.0,3953,3964,11,3.285517e-07,3.2854416363636364e-07,1.0647945830686321e-10,0.0,0
7,1,3.0,14.0,3942,3953,11,3.285193e-07,3.284927909090909e-07,2.9487724550625253e-10,0.0,0
7,2,5.0,14.0,3930,3942,12,3.2782019999999996e-07,3.278771666666667e-07,2.41986209432598e-10,0.0,0
7,3,7.0,14.0,3919,3930,11,3.263545e-07,3.2654165454545457e-07,3.775680152180506e-10,0.0,0
7,4,9.0,14.0,3907,3919,12,3.2621365e-07,3.2623556666666665e-07,6.692612012925295e-11,0.0,0
7,5,11.0,14.0,3896,3907,11,3.262217e-07,3.2622079090909095e-07,7.543846926222393e-11,0.0,0
7,6,13.0,14.0,3885,3896,11,3.259004e-07,3.258989e-07,1.3127863497156826e-10,0.0,0
7,7,15.0,14.0,3873,3885,12,3.259629e-07,3.260265083333333e-07,1.8885924414023977e-10,0.0,0
7,8,17.0,14.0,3862,3873,11,3.267516e-07,3.2673813636363637e-07,4.6658688613586935e-11,0.0,0
7,9,19.0,14.0,3850,3862,12,3.2680670000000005e-07,3.268207166666666e-07,4.252745845006827e-11,0.0,0
7,10,21.0,14.0,3839,3850,11,3.27154e-07,3.2714447272727273e-07,1.4630413584478078e-10,0.0,0
7,11,23.0,14.0,3828,3839,11,3.278255e-07,3.2790269999999997e-07,3.3481375012494233e-10,0.0,0
7,12,25.0,14.0,3816,3828,12,3.2979940000000005e-07,3.299005583333334e-07,9.054211832607102e-10,0.0,0
7,13,27.0,14.0,3805,3816,11,3.350662e-07,3.356336090909091e-07,2.8444183493784725e-09,0.0,0
7,14,29.0,14.0,3793,3805,12,3.794589e-07,4.0150614166666663e-07,5.9455427952857524e-08,0.0,0
7,15,31.0,14.0,3782,3793,11,5.956002e-07,5.933645636363637e-07,1.505914606104105e-08,0.0,0
7,16,33.0,14.0,3771,3782,11,5.200352e-07,5.203604454545454e-07,2.4101431930804576e-08,0.0,0
7,17,35.0,14.0,3759,3771,12,4.507878e-07,4.50796375e-07,1.5495759066334083e-08,0.0,0
7,18,37.0,14.0,3748,3759,11,4.130487e-07,4.139159454545454e-07,3.6292020250797498e-09,0.0,0
7,19,39.0,14.0,3736,3748,12,4.0405209999999996e-07,4.0371716666666666e-07,4.6847729669880786e-09,0.0,0
7,20,41.0,14.0,3725,3736,11,3.924443e-07,3.927697454545455e-07,3.2155834243326597e-09,0.0,0
7,21,43.0,14.0,3714,3725,11,3.86366e-07,3.867053272727273e-07,6.822740133232413e-10,0.0,0
7,22,45.0,14.0,3702,3714,12,3.8661375000000004e-07,3.8714603333333333e-07,1.140343523777913e-09,0.0,0
7,23,47.0,14.0,3691,3702,11,3.884886e-07,3.896275636363636e-07,2.455821911396639e-09,0.0,0
7,24,49.0,14.0,3679,3691,12,4.0027190000000003e-07,4.00216725e-07,5.0401466753004006e-09,0.0,0
7,25,51.0,14.0,3668,3679,11,4.183584e-07,4.160899818181819e-07,4.784106288120384e-09,0.0,0
7,26,53.0,14.0,3657,3668,11,4.255139e-07,4.2415461818181813e-07,5.425375206265501e-09,0.0,0
7,27,55.0,14.0,3645,3657,12,3.084996e-07,3.2918415000000006e-07,3.3006472768092523e-08,0.0,0
7,28,57.0,14.0,3634,3645,11,3.026369e-07,3.026276818181819e-07,9.05172447475857e-10,0.0,0
7,29,59.0,14.0,3622,3634,12,2.991401e-07,2.9911486666666666e-07,1.1255346657872904e-09,0.0,0
7,30,61.0,14.0,3611,3622,11,2.95181e-07,2.951870818181818e-07,1.1344138348769972e-09,0.0,0
7,31,63.0,14.0,3600,3611,11,2.911752e-07,2.9118831818181815e-07,1.1593220886034944e-09,0.0,0
7,32,65.0,14.0,3588,3600,12,2.8699695e-07,2.87039225e-07,1.1975140835114745e-09,0.0,0
7,33,67.0,14.0,3577,3588,11,2.840405e-07,2.841866454545454e-07,3.1623893832939074e-10,0.0,0
7,34,69.0,14.0,3565,3577,12,2.9003644999999996e-07,2.9190218333333334e-07,6.2189679734440065e-09,0.0,0
7,35,71.0,14.0,3554,3565,11,3.689514e-07,2.496759418181818e-06,3.948733624785811e-06,0.0,0
7,36,73.0,14.0,3543,3554,11,2.28743e-05,3.0207413636363633e-05,1.754388355442705e-05,0.45454545454545453,0
7,37,75.0,14.0,3531,3543,12,6.015968e-05,6.016545333333334e-05,1.9690337792655792e-07,1.0,1
7,38,77.0,14.0,3520,3531,11,6.037418e-05,6.037228727272727e-05,4.768465697416516e-08,1.0,1
7,39,79.0,14.0,3508,3520,12,6.0413049999999996e-05,6.0425953333333335e-05,8.744535382486243e-08,1.0,1
8,0,1.0,16.0,3993,4005,12,3.299619e-07,3.299233416666667e-07,2.2216477540455437e-10,0.0,0
8,1,3.0,16.0,4005,4016,11,3.30467e-07,3.304828090909091e-07,1.6119018949700926e-10,0.0,0
8,2,5.0,16.0,4016,4028,12,3.4003905e-07,9.201995399999999e-06,1.9813953178639345e-05,0.16666666666666666,0
8,3,7.0,16.0,4028,4039,11,5.930998e-05,5.922112181818182e-05,3.02419690761582e-07,1.0,1
8,4,9.0,16.0,4039,4051,12,5.926968e-05,5.9259455833333335e-05,7.31184693332597e-08,1.0,1
8,5,11.0,16.0,4051,4062,11,5.908926e-05,5.906101545454546e-05,1.2945957560451957e-07,1.0,1
8,6,13.0,16.0,4062,4073,11,5.871837e-05,5.872164090909091e-05,5.478779865071872e-08,1.0,1
8,7,15.0,16.0,4073,4085,12,5.868609e-05,5.868452583333332e-05,9.906448669581598e-08,1.0,1
8,8,17.0,16.0,4085,4096,11,5.862703e-05,5.86183509090909e-05,6.545278665566269e-08,1.0,1
8,9,19.0,16.0,4096,4108,12,5.8488585e-05,5.850131416666667e-05,9.068708925552131e-08,1.0,1
8,10,21.0,16.0,4108,4119,11,5.850915e-05,5.8499083636363626e-05,7.438206898693266e-08,1.0,1
8,11,23.0,16.0,4119,4131,12,5.8539065e-05,5.85262975e-05,7.561043690357747e-08,1.0,1
8,12,25.0,16.0,4131,4142,11,5.867065e-05,5.866812454545455e-05,5.9315143607321036e-08,1.0,1
8,13,27.0,16.0,4142,4153,11,5.889843e-05,5.888450363636364e-05,5.9150644547741674e-08,1.0,1
8,14,29.0,16.0,4153,4165,12,5.8425565e-05,5.333417666666666e-05,9.267130546812871e-06,0.9166666666666666,1
8,15,31.0,16.0,4165,4176,11,2.93138e-07,1.7425524727272725e-06,4.563866605466981e-06,0.0,0
8,16,33.0,16.0,4176,4188,12,2.6330715e-07,2.6420771666666663e-07,1.7738348588267382e-09,0.0,0
8,17,35.0,16.0,4188,4199,11,2.655219e-07,2.6565621818181817e-07,1.5417759958851297e-09,0.0,0
8,18,37.0,16.0,4199,4211,12,2.7220555000000003e-07,2.7220865833333333e-07,2.129089287488245e-09,0.0,0
8,19,39.0,16.0,4211,4222,11,2.792899e-07,2.792561090909091e-07,1.880094280737761e-09,0.0,0
8,20,41.0,16.0,4222,4233,11,2.851879e-07,2.851371999999999e-07,1.7265477588634341e-09,0.0,0
8,21,43.0,16.0,4233,4245,12,2.910966e-07,2.9107246666666673e-07,1.7207393369001452e-09,0.0,0
8,22,45.0,16.0,4245,4256,11,3.030937e-07,4.930055227272728e-06,1.4591335055862014e-05,0.09090909090909091,0
8,23,47.0,16.0,4256,4268,12,6.0517954999999996e-05,6.005117833333333e-05,1.1814934396265414e-06,1.0,1
8,24,49.0,16.0,4268,4279,11,6.071086e-05,6.0700245454545454e-05,4.1053089876764534e-08,1.0,1
8,25,51.0,16.0,4279,4291,12,6.0663095e-05,6.0662303333333335e-05,2.2625280231536568e-08,1.0,1
8,26,53.0,16.0,4291,4302,11,6.068915e-05,6.066133181818182e-05,6.78606183582712e-08,1.0,1
8,27,55.0,16.0,4302,4313,11,6.055245e-05,6.0519881818181824e-05,1.0262401214833509e-07,1.0,1
8,28,57.0,16.0,4313,4325,12,6.04327e-05,6.044303166666666e-05,4.5107215578244254e-08,1.0,1
8,29,59.0,16.0,4325,4336,11,6.051233e-05,6.05086709090909e-05,5.1718021204947215e-08,1.0,1
8,30,61.0,16.0,4336,4348,12,6.0269410000000003e-05,6.029466833333333e-05,1.515096425332572e-07,1.0,1
8,31,63.0,16.0,4348,4359,11,5.831237e-05,5.766674e-05,1.8732959712714434e-06,1.0,1
8,32,65.0,16.0,4359,4371,12,6.4754695e-05,6.253634833333334e-05,3.467056965734372e-06,1.0,1
8,33,67.0,16.0,4371,4382,11,6.505776e-05,6.504855181818182e-05,2.9362027988597432e-08,1.0,1
8,34,69.0,16.0,4382,4393,11,6.501914e-05,6.501800363636364e-05,3.5695773692470115e-08,1.0,1
8,35,71.0,16.0,4393,4405,12,6.498041e-05,6.496785250000001e-05,4.77959009966676e-08,1.0,1
8,36,73.0,16.0,4405,4416,11,6.491048e-05,6.491132363636364e-05,4.446719429641485e-08,1.0,1
8,37,75.0,16.0,4416,4428,12,6.494140999999999e-05,6.493901416666666e-05,4.101543804031501e-08,1.0,1
8,38,77.0,16.0,4428,4439,11,6.492771e-05,6.492106090909092e-05,2.177969423549596e-08,1.0,1
8,39,79.0,16.0,4439,4450,11,6.180068e-05,6.0378218181818183e-05,4.58623194515105e-06,1.0,1
9,0,1.0,18.0,4925,4936,11,2.990495e-07,2.9903693636363634e-07,7.35471527503682e-10,0.0,0
9,1,3.0,18.0,4914,4925,11,2.964948e-07,2.9645063636363634e-07,7.611208377036995e-10,0.0,0
9,2,5.0,18.0,4902,4914,12,2.9368605e-07,2.937035916666667e-07,7.822522189787825e-10,0.0,0
9,3,7.0,18.0,4891,4902,11,2.911879e-07,2.9110117272727273e-07,8.52232201703172e-10,0.0,0
9,4,9.0,18.0,4879,4891,12,2.8695875e-07,2.8693739166666666e-07,1.3773824592672992e-09,0.0,0
9,5,11.0,18.0,4868,4879,11,2.824933e-07,2.8250604545454547e-07,1.1831073073314923e-09,0.0,0
9,6,13.0,18.0,4857,4868,11,2.781648e-07,2.781109090909091e-07,1.397525015196213e-09,0.0,0
9,7,15.0,18.0,4845,4857,12,2.7267784999999996e-07,2.726526416666667e-07,1.7338952820448069e-09,0.0,0
9,8,17.0,18.0,4834,4845,11,2.665498e-07,2.665317363636363e-07,1.771798218694386e-09,0.0,0
9,9,19.0,18.0,4822,4834,12,2.597885e-07,2.5977930833333334e-07,2.0967571471434707e-09,0.0,0
9,10,21.0,18.0,4811,4822,11,2.528817e-07,2.5298435454545454e-07,1.7352338298619941e-09,0.0,0
9,11,23.0,18.0,4799,4811,12,2.4864435e-07,2.487757583333333e-07,5.503654641210845e-10,0.0,0
9,12,25.0,18.0,4788,4799,11,2.584212e-07,2.625893727272727e-07,1.215877465335526e-08,0.0,0
9,13,27.0,18.0,4777,4788,11,3.823117e-05,3.288985973636364e-05,2.4234429697732307e-05,0.5454545454545454,1
9,14,29.0,18.0,4765,4777,12,6.0596645e-05,6.059260166666667e-05,4.57172660369024e-08,1.0,1
9,15,31.0,18.0,4754,4765,11,6.056095e-05,6.0572322727272724e-05,3.578058185687486e-08,1.0,1
9,16,33.0,18.0,4742,4754,12,6.056287e-05,6.056661666666667e-05,4.0626033593688764e-08,1.0,1
9,17,35.0,18.0,4731,4742,11,6.056986e-05,6.057745272727273e-05,2.4501657120547648e-08,1.0,1
9,18,37.0,18.0,4719,4731,12,6.060292e-05,6.059657833333334e-05,5.1941603561649454e-08,1.0,1
9,19,39.0,18.0,4708,4719,11,6.060957e-05,6.061369636363636e-05,4.2179733882674216e-08,1.0,1
9,20,41.0,18.0,4697,4708,11,6.063957e-05,6.064589454545454e-05,4.72418545867261e-08,1.0,1
9,21,43.0,18.0,4685,4697,12,6.0582225e-05,6.056423000000001e-05,6.376950054689134e-08,1.0,1
9,22,45.0,18.0,4674,4685,11,6.058517e-05,6.0595623636363645e-05,4.446575787210283e-08,1.0,1
9,23,47.0,18.0,4662,4674,12,6.0577665e-05,6.0507964166666674e-05,1.1060579335778671e-07,1.0,1
9,24,49.0,18.0,4651,4662,11,6.053777e-05,6.051667272727272e-05,9.015268332525588e-08,1.0,1
9,25,51.0,18.0,4639,4651,12,3.7674955e-07,2.4484710091666668e-05,2.8626179893728352e-05,0.4166666666666667,0
9,26,53.0,18.0,4628,4639,11,2.896127e-07,2.8954224545454544e-07,1.3848344465305367e-09,0.0,0
9,27,55.0,18.0,4617,4628,11,2.844727e-07,2.843892909090909e-07,1.60795247580978e-09,0.0,0
9,28,57.0,18.0,4605,4617,12,2.7809924999999996e-07,2.7808588333333337e-07,2.005662345225527e-09,0.0,0
9,29,59.0,18.0,4594,4605,11,2.711233e-07,2.7108655454545456e-07,1.997982988081017e-09,0.0,0
9,30,61.0,18.0,4582,4594,12,2.630583e-07,2.634384666666667e-07,2.131292851116964e-09,0.0,0
9,31,63.0,18.0,4571,4582,11,2.587997e-07,2.589992090909091e-07,6.003378949384808e-10,0.0,0
9,32,65.0,18.0,4559,4571,12,2.6806285e-07,2.7308430833333337e-07,1.3714047704541162e-08,0.0,0
9,33,67.0,18.0,4548,4559,11,4.40226e-05,3.4921522681818176e-05,2.4212797292367064e-05,0.6363636363636364,1
9,34,69.0,18.0,4537,4548,11,6.047087e-05,6.0475607272727275e-05,4.065333869570159e-08,1.0,1
9,35,71.0,18.0,4525,4537,12,6.043472e-05,6.044104916666667e-05,4.4493251259476504e-08,1.0,1
9,36,73.0,18.0,4514,4525,11,6.043858e-05,6.043945363636364e-05,3.8137374241675764e-08,1.0,1
9,37,75.0,18.0,4502,4514,12,6.043458e-05,6.043387249999999e-05,9.850075144594948e-08,1.0,1
9,38,77.0,18.0,4491,4502,11,5.9899e-05,5.958547909090909e-05,8.89766126845134e-07,1.0,1
9,39,79.0,18.0,4479,4491,12,6.020504e-05,6.020957583333334e-05,9.40462454024917e-08,1.0,1
10,0,1.0,20.0,4965,4977,12,3.070249e-07,3.07001175e-07,5.626627958866635e-10,0.0,0
10,1,3.0,20.0,4977,4988,11,3.089042e-07,3.0886288181818184e-07,4.838716204986225e-10,0.0,0
10,2,5.0,20.0,4988,5000,12,3.106804e-07,3.1067828333333334e-07,5.566952170822157e-10,0.0,0
10,3,7.0,20.0,5000,5011,11,3.231476e-07,1.0176459054545455e-05,2.0904461594931883e-05,0.18181818181818182,0
10,4,9.0,20.0,5011,5023,12,6.0603225e-05,6.0460838333333336e-05,3.354231353289287e-07,1.0,1
10,5,11.0,20.0,5023,5034,11,6.070974e-05,6.070856545454545e-05,3.6299919950735044e-08,1.0,1
10,6,13.0,20.0,5034,5045,11,6.06878e-05,6.070400363636363e-05,3.910152340039283e-08,1.0,1
10,7,15.0,20.0,5045,5057,12,6.0633820000000004e-05,6.063397916666666e-05,3.551949076641638e-08,1.0,1
10,8,17.0,20.0,5057,5068,11,6.063297e-05,6.063753090909092e-05,3.378673716511392e-08,1.0,1
10,9,19.0,20.0,5068,5080,12,6.0607425e-05,6.056996666666668e-05,8.456098995531256e-08,1.0,1
10,10,21.0,20.0,5080,5091,11,6.046306e-05,6.037427727272728e-05,2.114085094653947e-07,1.0,1
10,11,23.0,20.0,5091,5103,12,6.0507605e-05,6.04638725e-05,9.974571219898722e-08,1.0,1
10,12,25.0,20.0,5103,5114,11,6.049601e-05,6.049690727272727e-05,4.4470626687922104e-08,1.0,1
10,13,27.0,20.0,5114,5125,11,6.046777e-05,6.041633818181819e-05,1.1082062630609905e-07,1.0,1
10,14,29.0,20.0,5125,5137,12,5.9896654999999995e-05,5.987252833333334e-05,1.7580663643301072e-07,1.0,1
10,15,31.0,20.0,5137,5148,11,5.699957e-05,4.803757272727273e-05,1.5607480862599246e-05,0.8181818181818182,1
10,16,33.0,20.0,5148,5160,12,2.7888085e-07,2.8807375e-07,2.4660444978733997e-08,0.0,0
10,17,35.0,20.0,5160,5171,11,2.612638e-07,2.6149598181818177e-07,6.20627768426568e-10,0.0,0
10,18,37.0,20.0,5171,5183,12,2.648045e-07,2.6493963333333333e-07,1.9131861053982457e-09,0.0,0
10,19,39.0,20.0,5183,5194,11,2.718809e-07,2.7193204545454544e-07,2.0413592826009662e-09,0.0,0
10,20,41.0,20.0,5194,5205,11,2.788284e-07,2.788603454545455e-07,1.934525900277109e-09,0.0,0
10,21,43.0,20.0,5205,5217,12,2.854454e-07,2.8545564999999996e-07,1.847182072103347e-09,0.0,0
10,22,45.0,20.0,5217,5228,11,2.913324e-07,2.913356909090909e-07,1.6101772937133617e-09,0.0,0
10,23,47.0,20.0,5228,5240,12,3.0915870000000005e-07,9.893664175e-06,2.1361614657035367e-05,0.16666666666666666,0
10,24,49.0,20.0,5240,5251,11,6.054462e-05,6.050166727272727e-05,1.5042685870493562e-07,1.0,1
10,25,51.0,20.0,5251,5263,12,6.0602250000000004e-05,6.060506416666666e-05,4.5402467895172574e-08,1.0,1
10,26,53.0,20.0,5263,5274,11,6.063284e-05,6.060799181818182e-05,5.6798219213151464e-08,1.0,1
10,27,55.0,20.0,5274,5285,11,6.057214e-05,6.054538272727273e-05,1.0883325871098879e-07,1.0,1
10,28,57.0,20.0,5285,5297,12,6.0009455e-05,6.003735833333333e-05,1.4013228082977588e-07,1.0,1
10,29,59.0,20.0,5297,5308,11,6.011597e-05,6.003710090909091e-05,2.4539823509977134e-07,1.0,1
10,30,61.0,20.0,5308,5320,12,5.9837055e-05,5.9699343333333334e-05,2.9563662775816904e-07,1.0,1
10,31,63.0,20.0,5320,5331,11,5.930529e-05,5.9281654545454537e-05,3.998236225538291e-07,1.0,1
10,32,65.0,20.0,5331,5343,12,5.7515324999999996e-05,5.7475989166666675e-05,1.5207966694107957e-06,1.0,1
10,33,67.0,20.0,5343,5354,11,6.490564e-05,6.352023454545454e-05,2.221215862987752e-06,1.0,1
10,34,69.0,20.0,5354,5365,11,6.48824e-05,6.488313545454544e-05,3.371601490622863e-08,1.0,1
10,35,71.0,20.0,5365,5377,12,6.488716e-05,6.48924475e-05,3.2165712885254335e-08,1.0,1
10,36,73.0,20.0,5377,5388,11,6.490111e-05,6.490658454545455e-05,3.66804365403862e-08,1.0,1
10,37,75.0,20.0,5388,5400,12,6.486497000000001e-05,6.486555333333332e-05,3.368940123474456e-08,1.0,1
10,38,77.0,20.0,5400,5411,11,6.484453e-05,6.484443909090909e-05,3.620113118638047e-08,1.0,1
10,39,79.0,20.0,5411,5422,11,6.484875e-05,6.485511818181817e-05,4.977605992993605e-08,1.0,1
11,0,1.0,22.0,5896,5907,11,2.967181e-07,2.966930636363636e-07,7.763822398239458e-10,0.0,0
11,1,3.0,22.0,5885,5896,11,2.939054e-07,2.938575454545454e-07,8.504869111959939e-10,0.0,0
11,2,5.0,22.0,5873,5885,12,2.905727e-07,2.905659083333333e-07,1.042781282163497e-09,0.0,0
11,3,7.0,22.0,5862,5873,11,2.868894e-07,2.868798181818182e-07,1.0826021243602902e-09,0.0,0
11,4,9.0,22.0,5850,5862,12,2.8257865e-07,2.8258422500000006e-07,1.3736809382852802e-09,0.0,0
11,5,11.0,22.0,5839,5850,11,2.777977e-07,2.7773745454545457e-07,1.4431025058807664e-09,0.0,0
11,6,13.0,22.0,5828,5839,11,2.723369e-07,2.723265636363636e-07,1.6271669374449711e-09,0.0,0
11,7,15.0,22.0,5816,5828,12,2.6615855e-07,2.6613719166666665e-07,1.9288153702287157e-09,0.0,0
11,8,17.0,22.0,5805,5816,11,2.594181e-07,2.5938923636363636e-07,1.929941088254307e-09,0.0,0
11,9,19.0,22.0,5793,5805,12,2.5244615e-07,2.5251154166666666e-07,1.984997912869746e-09,0.0,0
11,10,21.0,22.0,5782,5793,11,2.47707e-07,2.478906454545455e-07,5.445434440697488e-10,0.0,0
11,11,23.0,22.0,5771,5782,11,2.549406e-07,2.5808445454545455e-07,9.227171106757934e-09,0.0,0
11,12,25.0,22.0,5759,5771,12,3.1310755e-05,2.9839316033333333e-05,2.4804013713884834e-05,0.5,1
11,13,27.0,22.0,5748,5759,11,6.045339e-05,6.044846818181819e-05,2.0653508096547445e-08,1.0,1
11,14,29.0,22.0,5736,5748,12,6.0469180000000006e-05,6.0469850833333326e-05,2.5146782583575297e-08,1.0,1
11,15,31.0,22.0,5725,5736,11,6.048903e-05,6.0485811818181826e-05,3.4891200718853935e-08,1.0,1
11,16,33.0,22.0,5714,5725,11,6.053675e-05,6.0531340000000004e-05,4.725869097560027e-08,1.0,1
11,17,35.0,22.0,5702,5714,12,6.0410444999999997e-05,6.035232583333333e-05,1.4046269887164192e-07,1.0,1
11,18,37.0,22.0,5691,5702,11,6.048214e-05,6.047708272727272e-05,6.237702900192981e-08,1.0,1
11,19,39.0,22.0,5679,5691,12,6.0518154999999996e-05,6.0515771666666675e-05,3.833857648925141e-08,1.0,1
11,20,41.0,22.0,5668,5679,11,6.044129e-05,6.0421004545454545e-05,5.1249093892413754e-08,1.0,1
11,21,43.0,22.0,5657,5668,11,6.050893e-05,6.0502778181818176e-05,4.8112586487449524e-08,1.0,1
11,22,45.0,22.0,5645,5657,12,6.0574605e-05,6.0537890833333336e-05,6.464346892227857e-08,1.0,1
11,23,47.0,22.0,5634,5645,11,6.034513e-05,6.033787000000001e-05,1.5487402845832183e-07,1.0,1
11,24,49.0,22.0,5622,5634,12,3.612612e-07,2.4239388058333334e-05,2.8342284430843743e-05,0.4166666666666667,0
11,25,51.0,22.0,5611,5622,11,2.886167e-07,2.8869137272727273e-07,1.5479312347252386e-09,0.0,0
11,26,53.0,22.0,5600,5611,11,2.834313e-07,2.8340146363636365e-07,1.5721095620348204e-09,0.0,0
11,27,55.0,22.0,5588,5600,12,2.7727925e-07,2.77274925e-07,1.9689082656491908e-09,0.0,0
11,28,57.0,22.0,5577,5588,11,2.705087e-07,2.704805909090909e-07,1.93521900261938e-09,0.0,0
11,29,59.0,22.0,5565,5577,12,2.633432e-07,2.6342678333333335e-07,2.0471922275128214e-09,0.0,0
11,30,61.0,22.0,5554,5565,11,2.58278e-07,2.584675727272727e-07,6.096328986155356e-10,0.0,0
11,31,63.0,22.0,5543,5554,11,2.660431e-07,2.696539545454546e-07,1.0328047315605621e-08,0.0,0
11,32,65.0,22.0,5531,5543,12,3.7494839999999995e-05,3.1849310075e-05,2.5124298624129065e-05,0.5833333333333334,1
11,33,67.0,22.0,5520,5531,11,6.030816e-05,6.031166727272727e-05,5.536317188937831e-08,1.0,1
11,34,69.0,22.0,5508,5520,12,6.039511e-05,6.038767583333333e-05,2.335898237592735e-08,1.0,1
11,35,71.0,22.0,5497,5508,11,6.034508e-05,6.0352161818181814e-05,5.349006582673795e-08,1.0,1
11,36,73.0,22.0,5486,5497,11,6.037694e-05,6.037484818181818e-05,3.674831840758366e-08,1.0,1
11,37,75.0,22.0,5474,5486,12,5.9803725e-05,5.9866014166666666e-05,2.561220630694909e-07,1.0,1
11,38,77.0,22.0,5463,5474,11,5.887018e-05,5.874088909090909e-05,5.20580546286452e-07,1.0,1
11,39,79.0,22.0,5451,5463,12,5.667012e-05,5.6639910833333335e-05,1.0346620870801113e-06,1.0,1
12,0,1.0,24.0,5936,5948,12,3.052557e-07,3.052708416666666e-07,6.370251126111281e-10,0.0,0
12,1,3.0,24.0,5948,5959,11,3.073254e-07,3.0732842727272724e-07,5.559601376994121e-10,0.0,0
12,2,5.0,24.0,5959,5971,12,3.0917965e-07,3.091819333333333e-07,5.306566157967823e-10,0.0,0
12,3,7.0,24.0,5971,5982,11,3.109432e-07,3.109225363636364e-07,4.786020747452031e-10,0.0,0
12,4,9.0,24.0,5982,5994,12,3.2056805e-07,9.229772166666668e-06,1.9931473169864167e-05,0.16666666666666666,0
12,5,11.0,24.0,5994,6005,11,6.040321e-05,6.0234080000000005e-05,3.6783933931195363e-07,1.0,1
12,6,13.0,24.0,6005,6016,11,6.055137e-05,6.054272090909091e-05,6.383723072350671e-08,1.0,1
12,7,15.0,24.0,6016,6028,12,6.062045e-05,6.0618745000000006e-05,2.4771595460661527e-08,1.0,1
12,8,17.0,24.0,6028,6039,11,6.061053e-05,6.062213090909092e-05,2.7027245665521105e-08,1.0,1
12,9,19.0,24.0,6039,6051,12,6.055729e-05,6.055778583333334e-05,3.80838785792482e-08,1.0,1
12,10,21.0,24.0,6051,6062,11,6.05148e-05,6.046489818181818e-05,9.55111582075562e-08,1.0,1
12,11,23.0,24.0,6062,6074,12,6.030453e-05,6.029146916666666e-05,1.1652395365033565e-07,1.0,1
12,12,25.0,24.0,6074,6085,11,6.039442e-05,6.038636727272727e-05,3.9361082323189825e-08,1.0,1
12,13,27.0,24.0,6085,6096,11,6.031347e-05,6.030797454545454e-05,5.850214997815155e-08,1.0,1
12,14,29.0,24.0,6096,6108,12,6.035737e-05,6.035400333333333e-05,3.470204781021309e-08,1.0,1
12,15,31.0,24.0,6108,6119,11,6.020183e-05,6.0197904545454536e-05,5.0313952224305615e-08,1.0,1
12,16,33.0,24.0,6119,6131,12,5.5150755000000004e-05,4.4125047091666675e-05,1.9996682535086117e-05,0.75,1
12,17,35.0,24.0,6131,6142,11,2.751571e-07,2.816643363636364e-07,1.859655769755999e-08,0.0,0
12,18,37.0,24.0,6142,6154,12,2.595953e-07,2.598118583333333e-07,6.468341614591471e-10,0.0,0
12,19,39.0,24.0,6154,6165,11,2.634426e-07,2.635043909090909e-07,1.7777445472766604e-09,0.0,0
12,20,41.0,24.0,6165,6176,11,2.701953e-07,2.701875363636364e-07,2.0018896029287027e-09,0.0,0
12,21,43.0,24.0,6176,6188,12,2.773823e-07,2.773408916666666e-07,2.080398308200586e-09,0.0,0
12,22,45.0,24.0,6188,6199,11,2.838365e-07,2.8380834545454544e-07,1.6473201727564187e-09,0.0,0
12,23,47.0,24.0,6199,6211,12,2.8957945e-07,2.8960726666666664e-07,1.7293877945356547e-09,0.0,0
12,24,49.0,24.0,6211,6222,11,3.108587e-07,1.5400802309090907e-05,2.4693863523489034e-05,0.2727272727272727,0
12,25,51.0,24.0,6222,6234,12,6.0469599999999994e-05,6.045271083333333e-05,8.287492991031061e-08,1.0,1
12,26,53.0,24.0,6234,6245,11,6.048426e-05,6.0456906363636364e-05,8.339204695813494e-08,1.0,1
12,27,55.0,24.0,6245,6256,11,6.054543e-05,6.054862181818181e-05,3.085701182085547e-08,1.0,1
12,28,57.0,24.0,6256,6268,12,6.040501e-05,6.042081499999999e-05,1.0080981041049476e-07,1.0,1
12,29,59.0,24.0,6268,6279,11,6.043563e-05,6.0385147272727276e-05,1.1760774820570502e-07,1.0,1
12,30,61.0,24.0,6279,6291,12,6.036449e-05,6.0117487500000004e-05,3.8449415372939405e-07,1.0,1
12,31,63.0,24.0,6291,6302,11,5.98795e-05,5.9822336363636364e-05,1.8904416815667622e-07,1.0,1
12,32,65.0,24.0,6302,6314,12,5.979271e-05,5.978118416666667e-05,3.0248175028857347e-07,1.0,1
12,33,67.0,24.0,6314,6325,11,5.767935e-05,5.711008545454546e-05,1.9762791986474523e-06,1.0,1
12,34,69.0,24.0,6325,6336,11,6.474238e-05,6.27771418181818e-05,2.979697001148143e-06,1.0,1
12,35,71.0,24.0,6336,6348,12,6.4860015e-05,6.486589666666667e-05,3.67203098510301e-08,1.0,1
12,36,73.0,24.0,6348,6359,11,6.482418e-05,6.483050818181819e-05,3.4178142621532245e-08,1.0,1
12,37,75.0,24.0,6359,6371,12,6.482589499999999e-05,6.483764333333333e-05,3.1198781048125983e-08,1.0,1
12,38,77.0,24.0,6371,6382,11,6.479663e-05,6.479601909090909e-05,3.4168574997435747e-08,1.0,1
12,39,79.0,24.0,6382,6393,11,6.478372e-05,6.478561090909092e-05,3.6609939895794515e-08,1.0,1
13,0,1.0,26.0,6868,6879,11,1.944049e-06,1.350327618181818e-06,7.251499256760943e-07,0.0,0
13,1,3.0,26.0,6857,6868,11,1.80351e-06,1.2383692363636362e-06,7.170787500808379e-07,0.0,0
13,2,5.0,26.0,6845,6857,12,3.571081e-07,3.5632952499999993e-07,6.097746077735749e-09,0.0,0
13,3,7.0,26.0,6834,6845,11,3.017957e-07,3.072046181818182e-07,2.4051207500732802e-08,0.0,0
13,4,9.0,26.0,6822,6834,12,2.76849e-07,2.7684632499999995e-07,1.5528388723694623e-09,0.0,0
13,5,11.0,26.0,6811,6822,11,2.715602e-07,2.715054454545455e-07,1.5489518017993685e-09,0.0,0
13,6,13.0,26.0,6800,6811,11,2.657874e-07,2.6577031818181824e-07,1.7420244277684886e-09,0.0,0
13,7,15.0,26.0,6788,6800,12,2.5916475e-07,2.5915575e-07,2.0416959112871516e-09,0.0,0
13,8,17.0,26.0,6777,6788,11,2.523938e-07,2.5244116363636366e-07,1.7740214830474963e-09,0.0,0
13,9,19.0,26.0,6765,6777,12,2.4708335e-07,2.474337416666667e-07,8.468488033668623e-10,0.0,0
13,10,21.0,26.0,6754,6765,11,2.524513e-07,2.5494742727272727e-07,7.366926828997397e-09,0.0,0
13,11,23.0,26.0,6742,6754,12,2.0246855e-05,2.5124437266666667e-05,2.4246352395884193e-05,0.4166666666666667,0
13,12,25.0,26.0,6731,6742,11,5.984745e-05,5.9756197272727276e-05,3.119991472625567e-07,1.0,1
13,13,27.0,26.0,6720,6731,11,5.995012e-05,5.991011272727272e-05,2.3164229434394197e-07,1.0,1
13,14,29.0,26.0,6708,6720,12,6.0380040000000004e-05,6.036180166666666e-05,8.522047991663921e-08,1.0,1
13,15,31.0,26.0,6697,6708,11,6.047181e-05,6.0464593636363634e-05,4.238983481765089e-08,1.0,1
13,16,33.0,26.0,6685,6697,12,6.0470009999999996e-05,6.047273916666667e-05,5.712968674549974e-08,1.0,1
13,17,35.0,26.0,6674,6685,11,6.051696e-05,6.0505370909090914e-05,3.844991912854733e-08,1.0,1
13,18,37.0,26.0,6662,6674,12,6.045351e-05,6.046024e-05,5.921492815723526e-08,1.0,1
13,19,39.0,26.0,6651,6662,11,6.052635e-05,6.048902454545454e-05,7.599556833534055e-08,1.0,1
13,20,41.0,26.0,6640,6651,11,6.054925e-05,6.0552376363636375e-05,3.1369329338392286e-08,1.0,1
13,21,43.0,26.0,6628,6640,12,6.0479165e-05,6.048187083333333e-05,4.336481032249099e-08,1.0,1
13,22,45.0,26.0,6617,6628,11,6.042185e-05,6.040368545454545e-05,1.2925994685577218e-07,1.0,1
13,23,47.0,26.0,6605,6617,12,3.4966185e-07,1.9951065966666668e-05,2.7749892974203152e-05,0.3333333333333333,0
13,24,49.0,26.0,6594,6605,11,2.8566e-07,2.8570130000000003e-07,1.4994042659427298e-09,0.0,0
13,25,51.0,26.0,6582,6594,12,2.802392e-07,2.8019386666666667e-07,1.7272388231574136e-09,0.0,0
13,26,53.0,26.0,6571,6582,11,2.741896e-07,2.741628818181819e-07,1.760278786193811e-09,0.0,0
13,27,55.0,26.0,6560,6571,11,2.677254e-07,2.676906727272727e-07,1.957655581227387e-09,0.0,0
13,28,57.0,26.0,6548,6560,12,2.6060555e-07,2.606708333333333e-07,2.017350342377074e-09,0.0,0
13,29,59.0,26.0,6537,6548,11,2.557294e-07,2.5593663636363635e-07,5.489145640968893e-10,0.0,0
13,30,61.0,26.0,6525,6537,12,2.6577994999999997e-07,2.71078625e-07,1.4529100037976948e-08,0.0,0
13,31,63.0,26.0,6514,6525,11,4.568229e-05,3.6751576327272724e-05,2.3194038628569448e-05,0.6363636363636364,1
13,32,65.0,26.0,6502,6514,12,6.038332e-05,6.037823666666667e-05,4.774320533390607e-08,1.0,1
13,33,67.0,26.0,6491,6502,11,6.047094e-05,6.047941727272727e-05,4.4329525373442696e-08,1.0,1
13,34,69.0,26.0,6480,6491,11,6.046774e-05,6.04581490909091e-05,3.7795880596735245e-08,1.0,1
13,35,71.0,26.0,6468,6480,12,6.0399289999999995e-05,6.0351345e-05,1.0611071109145125e-07,1.0,1
13,36,73.0,26.0,6457,6468,11,6.028683e-05,6.0164140000000005e-05,2.526647947559987e-07,1.0,1
13,37,75.0,26.0,6445,6457,12,6.0327005e-05,6.029277416666668e-05,1.0845579786702206e-07,1.0,1
13,38,77.0,26.0,6434,6445,11,5.973912e-05,5.9586647272727274e-05,6.440373904037079e-07,1.0,1
13,39,79.0,26.0,6422,6434,12,5.8265349999999996e-05,5.832837416666668e-05,6.58383685063382e-07,1.0,1
14,0,1.0,28.0,6908,6920,12,3.163162e-07,3.163251833333333e-07,3.0799764293831677e-10,0.0,0
14,1,3.0,28.0,6920,6931,11,3.157478e-07,3.157526727272727e-07,4.22019622746989e-11,0.0,0
14,2,5.0,28.0,6931,6943,12,3.1599505e-07,3.1600943333333334e-07,1.6550850599155103e-10,0.0,0
14,3,7.0,28.0,6943,6954,11,3.167241e-07,3.1678177272727274e-07,2.7389180707620664e-10,0.0,0
14,4,9.0,28.0,6954,6966,12,3.239118e-07,4.7799903249999995e-06,1.4719992576618373e-05,0.08333333333333333,0
14,5,11.0,28.0,6966,6977,11,6.057151e-05,6.0266613636363634e-05,7.706343954557861e-07,1.0,1
14,6,13.0,28.0,6977,6988,11,6.061631e-05,6.0605553636363635e-05,4.875531491264718e-08,1.0,1
14,7,15.0,28.0,6988,7000,12,6.059543e-05,6.0590094166666666e-05,4.429715142427978e-08,1.0,1
14,8,17.0,28.0,7000,7011,11,6.059623e-05,6.052839181818182e-05,1.3186913704800294e-07,1.0,1
14,9,19.0,28.0,7011,7023,12,6.0582919999999994e-05,6.045819833333332e-05,2.338641675144397e-07,1.0,1
14,10,21.0,28.0,7023,7034,11,6.05547e-05,6.053366909090908e-05,1.1307786516415476e-07,1.0,1
14,11,23.0,28.0,7034,7046,12,6.056872e-05,6.056218833333334e-05,3.567094144943416e-08,1.0,1
14,12,25.0,28.0,7046,7057,11,6.058492e-05,6.055819545454546e-05,4.897743364664597e-08,1.0,1
14,13,27.0,28.0,7057,7068,11,6.050673e-05,6.0502727272727275e-05,6.199172350782815e-08,1.0,1
14,14,29.0,28.0,7068,7080,12,6.0581375e-05,6.0573753333333334e-05,6.264131614908013e-08,1.0,1
14,15,31.0,28.0,7080,7091,11,6.051136e-05,6.050555363636364e-05,7.994557447217505e-08,1.0,1
14,16,33.0,28.0,7091,7103,12,5.3685715e-05,4.276529130000001e-05,2.077072027140091e-05,0.75,1
14,17,35.0,28.0,7103,7114,11,2.724202e-07,2.7816779090909085e-07,1.6707767308130802e-08,0.0,0
14,18,37.0,28.0,7114,7126,12,2.582931e-07,2.5843209166666663e-07,5.767700053723503e-10,0.0,0
14,19,39.0,28.0,7126,7137,11,2.621303e-07,2.6221673636363637e-07,1.775308741534441e-09,0.0,0
14,20,41.0,28.0,7137,7148,11,2.688319e-07,2.688296363636364e-07,1.972253314115943e-09,0.0,0
14,21,43.0,28.0,7148,7160,12,2.7577775000000004e-07,2.757580083333333e-07,2.011992847261276e-09,0.0,0
14,22,45.0,28.0,7160,7171,11,2.822229e-07,2.822280454545454e-07,1.6978184758756734e-09,0.0,0
14,23,47.0,28.0,7171,7183,12,2.881573e-07,2.88163425e-07,1.7520390939916245e-09,0.0,0
14,24,49.0,28.0,7183,7194,11,3.150521e-07,1.5818845881818183e-05,2.533591758641168e-05,0.2727272727272727,0
14,25,51.0,28.0,7194,7206,12,6.0467885e-05,6.046574999999999e-05,4.4527121323226814e-08,1.0,1
14,26,53.0,28.0,7206,7217,11,6.038454e-05,6.037762181818181e-05,1.1139788130988202e-07,1.0,1
14,27,55.0,28.0,7217,7228,11,6.043611e-05,6.0421057272727274e-05,5.7301253213474705e-08,1.0,1
14,28,57.0,28.0,7228,7240,12,6.038556e-05,6.042329166666666e-05,7.829291324180483e-08,1.0,1
14,29,59.0,28.0,7240,7251,11,6.041238e-05,6.0381570909090914e-05,1.0752656369090116e-07,1.0,1
14,30,61.0,28.0,7251,7263,12,5.8350445000000006e-05,5.870312416666667e-05,7.965289483174099e-07,1.0,1
14,31,63.0,28.0,7263,7274,11,5.911588e-05,5.9171936363636354e-05,6.528120946444301e-07,1.0,1
14,32,65.0,28.0,7274,7286,12,5.9913395e-05,5.9870212500000006e-05,7.64820680644604e-08,1.0,1
14,33,67.0,28.0,7286,7297,11,5.840006e-05,5.7499689090909096e-05,2.0828232585972638e-06,1.0,1
14,34,69.0,28.0,7297,7308,11,6.477881e-05,6.275331727272727e-05,3.0990007271321012e-06,1.0,1
14,35,71.0,28.0,7308,7320,12,6.4891155e-05,6.489555583333332e-05,4.7058281498996655e-08,1.0,1
14,36,73.0,28.0,7320,7331,11,6.487986e-05,6.487685636363637e-05,3.850723999758042e-08,1.0,1
14,37,75.0,28.0,7331,7343,12,6.4893135e-05,6.489576416666667e-05,2.926114786377164e-08,1.0,1
14,38,77.0,28.0,7343,7354,11,6.488611e-05,6.488263000000001e-05,4.39162512889319e-08,1.0,1
14,39,79.0,28.0,7354,7365,11,6.483901e-05,6.484768090909091e-05,2.730341951762352e-08,1.0,1
15,0,1.0,30.0,7839,7850,11,3.723015e-06,2.6065346545454546e-06,1.4551138059239535e-06,0.0,0
15,1,3.0,30.0,7828,7839,11,3.626017e-06,3.5450245454545453e-06,2.0915896184540581e-07,0.0,0
15,2,5.0,30.0,7816,7828,12,2.6472035000000002e-06,2.72055175e-06,1.395602942029746e-07,0.0,0
15,3,7.0,30.0,7805,7816,11,2.484828e-06,1.536797518181818e-06,1.100301054088146e-06,0.0,0
15,4,9.0,30.0,7793,7805,12,2.725451e-07,2.7276922499999997e-07,1.9585297734631586e-09,0.0,0
15,5,11.0,30.0,7782,7793,11,2.671741e-07,2.671340909090909e-07,1.5233555082326668e-09,0.0,0
15,6,13.0,30.0,7771,7782,11,2.615764e-07,2.6152542727272727e-07,1.7194940857922109e-09,0.0,0
15,7,15.0,30.0,7759,7771,12,2.551384e-07,2.551151666666667e-07,1.96269138401556e-09,0.0,0
15,8,17.0,30.0,7748,7759,11,2.485796e-07,2.4862626363636364e-07,1.7276071266732608e-09,0.0,0
15,9,19.0,30.0,7736,7748,12,2.4368265e-07,2.4398713333333333e-07,7.173109162389395e-10,0.0,0
15,10,21.0,30.0,7725,7736,11,2.491117e-07,2.5155184545454543e-07,7.163656474856401e-09,0.0,0
15,11,23.0,30.0,7714,7725,11,1.314152e-05,2.135987268181818e-05,2.2560347890963827e-05,0.36363636363636365,0
15,12,25.0,30.0,7702,7714,12,6.0507104999999996e-05,6.044360166666667e-05,1.990936346225619e-07,1.0,1
15,13,27.0,30.0,7691,7702,11,6.044006e-05,6.046604272727273e-05,7.088321523218898e-08,1.0,1
15,14,29.0,30.0,7679,7691,12,6.053151e-05,6.0516672500000004e-05,4.4593609804731784e-08,1.0,1
15,15,31.0,30.0,7668,7679,11,6.05157e-05,6.053008090909091e-05,4.9939517501317506e-08,1.0,1
15,16,33.0,30.0,7657,7668,11,6.050748e-05,6.051909272727271e-05,4.0399878733146104e-08,1.0,1
15,17,35.0,30.0,7645,7657,12,6.05629e-05,6.0570625e-05,3.5423587598285064e-08,1.0,1
15,18,37.0,30.0,7634,7645,11,6.053609e-05,6.054100363636363e-05,3.576598517960567e-08,1.0,1
15,19,39.0,30.0,7622,7634,12,6.0434955000000004e-05,6.0442000833333336e-05,1.0854097378857595e-07,1.0,1
15,20,41.0,30.0,7611,7622,11,6.058148e-05,6.057089636363636e-05,4.889042038026109e-08,1.0,1
15,21,43.0,30.0,7600,7611,11,6.05328e-05,6.0530790000000006e-05,4.5555682411747387e-08,1.0,1
15,22,45.0,30.0,7588,7600,12,6.054572e-05,6.052720916666666e-05,7.769851998358132e-08,1.0,1
15,23,47.0,30.0,7577,7588,11,3.204411e-07,1.615554033636364e-05,2.5862583714640118e-05,0.2727272727272727,0
15,24,49.0,30.0,7565,7577,12,2.8452494999999997e-07,2.845790333333333e-07,1.6421991679519887e-09,0.0,0
15,25,51.0,30.0,7554,7565,11,2.792217e-07,2.791920727272727e-07,1.5209591448047793e-09,0.0,0
15,26,53.0,30.0,7543,7554,11,2.735589e-07,2.735076363636364e-07,1.7400293133752026e-09,0.0,0
15,27,55.0,30.0,7531,7543,12,2.6696550000000005e-07,2.669162833333334e-07,2.0386908756329172e-09,0.0,0
15,28,57.0,30.0,7520,7531,11,2.600956e-07,2.601391e-07,1.7618410288414517e-09,0.0,0
15,29,59.0,30.0,7508,7520,12,2.5580195000000003e-07,2.559471666666667e-07,5.409780438140661e-10,0.0,0
15,30,61.0,30.0,7497,7508,11,2.671121e-07,2.720781636363636e-07,1.4247133493588533e-08,0.0,0
15,31,63.0,30.0,7486,7497,11,4.436145e-05,3.61549236e-05,2.3269312334397783e-05,0.6363636363636364,1
15,32,65.0,30.0,7474,7486,12,6.047433e-05,6.047478916666667e-05,4.9284379617740564e-08,1.0,1
15,33,67.0,30.0,7463,7474,11,6.046215e-05,6.0450621818181824e-05,5.464400654453945e-08,1.0,1
15,34,69.0,30.0,7451,7463,12,6.019235e-05,6.0272452499999996e-05,1.4725163435001206e-07,1.0,1
15,35,71.0,30.0,7440,7451,11,6.040902e-05,6.0385592727272726e-05,6.7755649894027e-08,1.0,1
15,36,73.0,30.0,7429,7440,11,5.966062e-05,5.948232272727273e-05,5.289378425261309e-07,1.0,1
15,37,75.0,30.0,7417,7429,12,5.849458e-05,5.8410933333333333e-05,3.2164574069238816e-07,1.0,1
15,38,77.0,30.0,7406,7417,11,5.939884e-05,5.929251545454544e-05,2.8547984543933487e-07,1.0,1
15,39,79.0,30.0,7394,7406,12,5.8920565000000004e-05,5.669236583333333e-05,4.346308552585091e-06,1.0,1
16,0,1.0,32.0,7879,7891,12,3.1518534999999997e-07,3.15314625e-07,4.996506965287542e-10,0.0,0
16,1,3.0,32.0,7891,7902,11,3.146177e-07,3.146374e-07,4.553953327505023e-11,0.0,0
16,2,5.0,32.0,7902,7914,12,3.150816e-07,3.1509813333333337e-07,2.2267202837856032e-10,0.0,0
16,3,7.0,32.0,7914,7925,11,3.159081e-07,3.1594200909090907e-07,2.725279216872517e-10,0.0,0
16,4,9.0,32.0,7925,7937,12,3.20435e-07,3.3948923333333325e-07,4.434949138566554e-08,0.0,0
16,5,11.0,32.0,7937,7948,11,6.052944e-05,5.967921363636364e-05,1.9965179625413875e-06,1.0,1
16,6,13.0,32.0,7948,7959,11,6.063735e-05,6.0628439090909096e-05,4.449325637453315e-08,1.0,1
16,7,15.0,32.0,7959,7971,12,6.06055e-05,6.059043166666667e-05,4.7952862242230335e-08,1.0,1
16,8,17.0,32.0,7971,7982,11,6.067e-05,6.066063727272726e-05,4.558019886886917e-08,1.0,1
16,9,19.0,32.0,7982,7994,12,6.0664699999999995e-05,6.06516025e-05,5.089286887259688e-08,1.0,1
16,10,21.0,32.0,7994,8005,11,6.059026e-05,6.0567944545454544e-05,6.863675524271133e-08,1.0,1
16,11,23.0,32.0,8005,8017,12,6.0593065e-05,6.058982e-05,4.7518976735615725e-08,1.0,1
16,12,25.0,32.0,8017,8028,11,6.054814e-05,6.0531697272727276e-05,7.8496564266553e-08,1.0,1
16,13,27.0,32.0,8028,8039,11,6.060421e-05,6.054427636363637e-05,1.3913559816842565e-07,1.0,1
16,14,29.0,32.0,8039,8051,12,6.0539135e-05,6.050242666666666e-05,1.3511889766259775e-07,1.0,1
16,15,31.0,32.0,8051,8062,11,6.052457e-05,6.048418636363637e-05,8.193992813726794e-08,1.0,1
16,16,33.0,32.0,8062,8074,12,5.3582774999999996e-05,4.2389286875e-05,2.1022537616161573e-05,0.6666666666666666,1
16,17,35.0,32.0,8074,8085,11,2.711459e-07,2.7677735454545455e-07,1.6386334571574282e-08,0.0,0
16,18,37.0,32.0,8085,8097,12,2.5722195e-07,2.5735169999999993e-07,5.828012582919325e-10,0.0,0
16,19,39.0,32.0,8097,8108,11,2.610285e-07,2.611014272727273e-07,1.7431302919491572e-09,0.0,0
16,20,41.0,32.0,8108,8119,11,2.676429e-07,2.6764624545454544e-07,1.9515547076689414e-09,0.0,0
16,21,43.0,32.0,8119,8131,12,2.745539e-07,2.745385666666667e-07,1.9944201965873596e-09,0.0,0
16,22,45.0,32.0,8131,8142,11,2.809315e-07,2.809070545454546e-07,1.6758129215201419e-09,0.0,0
16,23,47.0,32.0,8142,8154,12,2.8670355e-07,2.86722325e-07,1.7151137096049918e-09,0.0,0
16,24,49.0,32.0,8154,8165,11,3.13003e-07,1.577132819090909e-05,2.526503359514991e-05,0.2727272727272727,0
16,25,51.0,32.0,8165,8177,12,6.0455525e-05,6.043824333333333e-05,6.5017525372438e-08,1.0,1
16,26,53.0,32.0,8177,8188,11,6.045193e-05,6.047195090909092e-05,4.8569343390201606e-08,1.0,1
16,27,55.0,32.0,8188,8199,11,6.052856e-05,6.0526616363636355e-05,3.2796183889074203e-08,1.0,1
16,28,57.0,32.0,8199,8211,12,5.9927480000000004e-05,5.976205833333334e-05,6.389197740044424e-07,1.0,1
16,29,59.0,32.0,8211,8222,11,5.989283e-05,5.971928818181819e-05,4.953916765700404e-07,1.0,1
16,30,61.0,32.0,8222,8234,12,6.021892e-05,6.005699416666667e-05,4.2285930316632e-07,1.0,1
16,31,63.0,32.0,8234,8245,11,5.937528e-05,5.936870545454546e-05,2.740127798732817e-07,1.0,1
16,32,65.0,32.0,8245,8257,12,5.8254365e-05,5.822157583333333e-05,9.54370803238608e-07,1.0,1
16,33,67.0,32.0,8257,8268,11,3.968952e-05,3.873957727272727e-05,9.301170895966016e-06,0.7272727272727273,1
16,34,69.0,32.0,8268,8279,11,6.473721e-05,6.253834454545453e-05,3.4258876654999626e-06,1.0,1
16,35,71.0,32.0,8279,8291,12,6.489606e-05,6.488043249999998e-05,3.132452290804585e-08,1.0,1
16,36,73.0,32.0,8291,8302,11,6.485102e-05,6.484955363636363e-05,2.6226146659297474e-08,1.0,1
16,37,75.0,32.0,8302,8314,12,6.482941e-05,6.483155666666666e-05,3.2176012372917756e-08,1.0,1
16,38,77.0,32.0,8314,8325,11,6.479873e-05,6.480265727272727e-05,3.8334243436315326e-08,1.0,1
16,39,79.0,32.0,8325,8336,11,6.47889e-05,6.478369545454547e-05,3.3994909074375384e-08,1.0,1
17,0,1.0,34.0,8811,8822,11,6.244516e-06,3.939250509090909e-06,2.630860221296889e-06,0.0,0
17,1,3.0,34.0,8800,8811,11,6.21938e-06,6.113772454545454e-06,1.6750169179192507e-07,0.0,0
17,2,5.0,34.0,8788,8800,12,4.863982e-06,5.0311345e-06,2.985188667598471e-07,0.0,0
17,3,7.0,34.0,8777,8788,11,4.656763e-06,3.129900645454546e-06,2.084907509986681e-06,0.0,0
17,4,9.0,34.0,8765,8777,12,2.7263965e-07,2.734747583333333e-07,3.26472163705125e-09,0.0,0
17,5,11.0,34.0,8754,8765,11,2.670867e-07,2.6705980909090903e-07,1.5347467629159502e-09,0.0,0
17,6,13.0,34.0,8743,8754,11,2.614748e-07,2.6147002727272726e-07,1.6721836790642705e-09,0.0,0
17,7,15.0,34.0,8731,8743,12,2.551381e-07,2.551152583333333e-07,1.980532535901366e-09,0.0,0
17,8,17.0,34.0,8720,8731,11,2.485643e-07,2.485829727272727e-07,1.7495672317310711e-09,0.0,0
17,9,19.0,34.0,8708,8720,12,2.431851e-07,2.434681833333333e-07,9.999763812488538e-10,0.0,0
17,10,21.0,34.0,8697,8708,11,2.461371e-07,2.4790428181818185e-07,5.114051498090721e-09,0.0,0
17,11,23.0,34.0,8685,8697,12,5.35044555e-06,1.7859633241666666e-05,2.1049426198349173e-05,0.3333333333333333,0
17,12,25.0,34.0,8674,8685,11,6.031115e-05,6.0177941818181817e-05,3.7255979397622113e-07,1.0,1
17,13,27.0,34.0,8663,8674,11,6.036156e-05,6.0369192727272723e-05,8.966707251027049e-08,1.0,1
17,14,29.0,34.0,8651,8663,12,6.001772e-05,6.0018335e-05,2.859534111675083e-07,1.0,1
17,15,31.0,34.0,8640,8651,11,6.031171e-05,6.029125545454546e-05,7.70463517351883e-08,1.0,1
17,16,33.0,34.0,8628,8640,12,6.0252665000000004e-05,6.026758333333333e-05,6.951902105818866e-08,1.0,1
17,17,35.0,34.0,8617,8628,11,6.025873e-05,6.024089090909091e-05,9.970205947125728e-08,1.0,1
17,18,37.0,34.0,8605,8617,12,6.0358039999999996e-05,6.0368884166666675e-05,6.140120797649144e-08,1.0,1
17,19,39.0,34.0,8594,8605,11,6.039733e-05,6.032431181818182e-05,1.5218757969977722e-07,1.0,1
17,20,41.0,34.0,8583,8594,11,5.994101e-05,6.001817363636363e-05,2.933151768156797e-07,1.0,1
17,21,43.0,34.0,8571,8583,12,6.0412205e-05,6.0397045e-05,7.553199724840596e-08,1.0,1
17,22,45.0,34.0,8560,8571,11,6.041258e-05,6.0413729090909085e-05,5.480746771522472e-08,1.0,1
17,23,47.0,34.0,8548,8560,12,3.2204635e-07,1.951910703333333e-05,2.719189407722219e-05,0.3333333333333333,0
17,24,49.0,34.0,8537,8548,11,2.833441e-07,2.8335017272727275e-07,1.4904175711957111e-09,0.0,0
17,25,51.0,34.0,8525,8537,12,2.7790605e-07,2.778543666666666e-07,1.7196330346585177e-09,0.0,0
17,26,53.0,34.0,8514,8525,11,2.718648e-07,2.718274181818182e-07,1.7228418788935427e-09,0.0,0
17,27,55.0,34.0,8503,8514,11,2.654805e-07,2.654530727272727e-07,1.921068121025341e-09,0.0,0
17,28,57.0,34.0,8491,8503,12,2.5849745e-07,2.5860631666666664e-07,1.909267242003824e-09,0.0,0
17,29,59.0,34.0,8480,8491,11,2.542896e-07,2.5442268181818185e-07,4.5338680218627164e-10,0.0,0
17,30,61.0,34.0,8468,8480,12,2.6619610000000003e-07,2.722758083333333e-07,1.666431210443736e-08,0.0,0
17,31,63.0,34.0,8457,8468,11,4.852485e-05,3.839162484545454e-05,2.2904583436590882e-05,0.6363636363636364,1
17,32,65.0,34.0,8445,8457,12,6.027027e-05,6.0222613333333334e-05,1.285420652505969e-07,1.0,1
17,33,67.0,34.0,8434,8445,11,6.028712e-05,6.029037636363636e-05,3.3455979292395425e-08,1.0,1
17,34,69.0,34.0,8423,8434,11,6.024369e-05,6.0170467272727274e-05,1.6810528887309705e-07,1.0,1
17,35,71.0,34.0,8411,8423,12,5.9732335e-05,5.965394416666666e-05,5.380808281206203e-07,1.0,1
17,36,73.0,34.0,8400,8411,11,6.032535e-05,6.033022363636363e-05,4.491075418340661e-08,1.0,1
17,37,75.0,34.0,8388,8400,12,6.020736e-05,5.968541166666667e-05,1.0182115930381176e-06,1.0,1
17,38,77.0,34.0,8377,8388,11,5.542232e-05,5.541889999999999e-05,8.688592291777043e-07,1.0,1
17,39,79.0,34.0,8365,8377,12,5.545904e-05,5.546962583333334e-05,3.5022876491559814e-07,1.0,1
18,0,1.0,36.0,8851,8863,12,3.0710845000000004e-07,3.071974249999999e-07,2.320324083865664e-10,0.0,0
18,1,3.0,36.0,8863,8874,11,3.072122e-07,3.072191363636364e-07,1.4908329137967221e-10,0.0,0
18,2,5.0,36.0,8874,8886,12,3.081117e-07,3.0813381666666667e-07,4.015198019884971e-10,0.0,0
18,3,7.0,36.0,8886,8897,11,3.097356e-07,3.097501909090909e-07,4.75538868413408e-10,0.0,0
18,4,9.0,36.0,8897,8909,12,3.149227e-07,3.3449075e-07,4.527043852176054e-08,0.0,0
18,5,11.0,36.0,8909,8920,11,6.031286e-05,5.950342727272726e-05,1.946131436835142e-06,1.0,1
18,6,13.0,36.0,8920,8931,11,6.046215e-05,6.045002909090909e-05,7.199050296640074e-08,1.0,1
18,7,15.0,36.0,8931,8943,12,6.0400045e-05,6.039197250000001e-05,6.223574443530558e-08,1.0,1
18,8,17.0,36.0,8943,8954,11,6.036991e-05,6.037015999999999e-05,1.799495569218312e-07,1.0,1
18,9,19.0,36.0,8954,8966,12,6.0527745e-05,6.051605416666667e-05,3.949192986301783e-08,1.0,1
18,10,21.0,36.0,8966,8977,11,6.01717e-05,6.018331727272727e-05,2.280923389606986e-07,1.0,1
18,11,23.0,36.0,8977,8989,12,6.045907e-05,6.046414333333334e-05,4.570517591647125e-08,1.0,1
18,12,25.0,36.0,8989,9000,11,6.057479e-05,6.057441181818183e-05,6.058170002989622e-08,1.0,1
18,13,27.0,36.0,9000,9011,11,6.058368e-05,6.059346e-05,3.213510003945e-08,1.0,1
18,14,29.0,36.0,9011,9023,12,6.051776e-05,6.0504815833333326e-05,5.7022934634281676e-08,1.0,1
18,15,31.0,36.0,9023,9034,11,6.04406e-05,6.044493636363637e-05,5.682086032959165e-08,1.0,1
18,16,33.0,36.0,9034,9046,12,4.6145060000000004e-05,3.6337269608333334e-05,2.4247341973894427e-05,0.5833333333333334,1
18,17,35.0,36.0,9046,9057,11,2.665271e-07,2.7066096363636364e-07,1.2234447384278444e-08,0.0,0
18,18,37.0,36.0,9057,9069,12,2.5628235e-07,2.5640996666666664e-07,5.463029369213513e-10,0.0,0
18,19,39.0,36.0,9069,9080,11,2.60562e-07,2.606414727272728e-07,1.7983689974736406e-09,0.0,0
18,20,41.0,36.0,9080,9091,11,2.672111e-07,2.6722493636363637e-07,1.9351091175588797e-09,0.0,0
18,21,43.0,36.0,9091,9103,12,2.7410535e-07,2.7405881666666665e-07,1.9809980560453737e-09,0.0,0
18,22,45.0,36.0,9103,9114,11,2.803366e-07,2.8033697272727266e-07,1.6804702275315174e-09,0.0,0
18,23,47.0,36.0,9114,9126,12,2.8623385e-07,2.862754833333333e-07,1.78070601299659e-09,0.0,0
18,24,49.0,36.0,9126,9137,11,3.366752e-07,2.1019053754545455e-05,2.7426464000914488e-05,0.36363636363636365,0
18,25,51.0,36.0,9137,9149,12,6.0303045000000005e-05,6.0300770833333336e-05,9.209193236998948e-08,1.0,1
18,26,53.0,36.0,9149,9160,11,6.022733e-05,6.019563e-05,1.11071853074731e-07,1.0,1
18,27,55.0,36.0,9160,9171,11,6.008404e-05,6.0063859090909086e-05,2.1600292786123928e-07,1.0,1
18,28,57.0,36.0,9171,9183,12,5.9771245000000004e-05,5.98550625e-05,3.5091446959159377e-07,1.0,1
18,29,59.0,36.0,9183,9194,11,6.028264e-05,6.022439181818182e-05,2.1369864647625889e-07,1.0,1
18,30,61.0,36.0,9194,9206,12,6.008369e-05,6.003070333333333e-05,2.3552457219058058e-07,1.0,1
18,31,63.0,36.0,9206,9217,11,5.764526e-05,5.778595727272727e-05,6.424308091939968e-07,1.0,1
18,32,65.0,36.0,9217,9229,12,5.8199295e-05,5.768961916666667e-05,1.1830399613668902e-06,1.0,1
18,33,67.0,36.0,9229,9240,11,4.914636e-05,4.945730909090909e-05,1.7168176276177893e-06,1.0,1
18,34,69.0,36.0,9240,9251,11,6.482648e-05,6.297496636363635e-05,2.9835236153833964e-06,1.0,1
18,35,71.0,36.0,9251,9263,12,6.487493e-05,6.487581833333331e-05,4.0888117229279804e-08,1.0,1
18,36,73.0,36.0,9263,9274,11,6.483123e-05,6.482531636363635e-05,3.36817032264037e-08,1.0,1
18,37,75.0,36.0,9274,9286,12,6.48651e-05,6.485398833333334e-05,3.263474830946844e-08,1.0,1
18,38,77.0,36.0,9286,9297,11,6.480598e-05,6.480902636363637e-05,2.8442740014003203e-08,1.0,1
18,39,79.0,36.0,9297,9308,11,6.484695e-05,6.484572727272728e-05,2.2097081292623475e-08,1.0,1
19,0,1.0,38.0,9782,9793,11,3.296266e-07,3.3675865454545454e-07,2.366004038067574e-08,0.0,0
19,1,3.0,38.0,9771,9782,11,1.096618e-05,9.759965736363636e-06,2.9861235804952704e-06,0.0,0
19,2,5.0,38.0,9759,9771,12,8.0235925e-06,8.352761166666667e-06,5.496006405586445e-07,0.0,0
19,3,7.0,38.0,9748,9759,11,7.743648e-06,5.751353527272727e-06,3.3188390602671886e-06,0.0,0
19,4,9.0,38.0,9736,9748,12,2.7022345e-07,2.713411916666667e-07,3.725614894317972e-09,0.0,0
19,5,11.0,38.0,9725,9736,11,2.648954e-07,2.648948636363637e-07,1.488121878728494e-09,0.0,0
19,6,13.0,38.0,9714,9725,11,2.594503e-07,2.593767090909091e-07,1.617885651906413e-09,0.0,0
19,7,15.0,38.0,9702,9714,12,2.532476e-07,2.5322083333333334e-07,1.9289188156120634e-09,0.0,0
19,8,17.0,38.0,9691,9702,11,2.465235e-07,2.4671136363636366e-07,1.7427148268631434e-09,0.0,0
19,9,19.0,38.0,9679,9691,12,2.413502e-07,2.415977e-07,1.046134451205962e-09,0.0,0
19,10,21.0,38.0,9668,9679,11,2.440838e-07,2.4569437272727276e-07,4.720976634532488e-09,0.0,0
19,11,23.0,38.0,9657,9668,11,3.185886e-07,1.2366634572727276e-05,1.757591352800132e-05,0.18181818181818182,0
19,12,25.0,38.0,9645,9657,12,6.0368889999999997e-05,5.9816375e-05,1.4425390836501913e-06,1.0,1
19,13,27.0,38.0,9634,9645,11,6.029626e-05,6.030589272727272e-05,4.627265009816762e-08,1.0,1
19,14,29.0,38.0,9622,9634,12,6.0353525e-05,6.034121416666668e-05,4.7400080425096164e-08,1.0,1
19,15,31.0,38.0,9611,9622,11,6.043888e-05,6.0431783636363635e-05,4.950594129132955e-08,1.0,1
19,16,33.0,38.0,9600,9611,11,6.04702e-05,6.045540636363637e-05,4.67060882293305e-08,1.0,1
19,17,35.0,38.0,9588,9600,12,6.045667e-05,6.046577833333335e-05,2.804279878843831e-08,1.0,1
19,18,37.0,38.0,9577,9588,11,6.045901e-05,6.0465280000000004e-05,2.2898611708611823e-08,1.0,1
19,19,39.0,38.0,9565,9577,12,6.0448835e-05,6.04441275e-05,3.925381682609683e-08,1.0,1
19,20,41.0,38.0,9554,9565,11,6.050266e-05,6.050478181818182e-05,5.2561496072899887e-08,1.0,1
19,21,43.0,38.0,9543,9554,11,6.054642e-05,6.053243272727273e-05,2.980522562203014e-08,1.0,1
19,22,45.0,38.0,9531,9543,12,6.047298e-05,6.042788499999999e-05,1.4888659215993793e-07,1.0,1
19,23,47.0,38.0,9520,9531,11,3.158657e-07,1.6064535436363637e-05,2.5724469277452902e-05,0.2727272727272727,0
19,24,49.0,38.0,9508,9520,12,2.824931e-07,2.8251602499999995e-07,1.6572201830801873e-09,0.0,0
19,25,51.0,38.0,9497,9508,11,2.771627e-07,2.7708857272727266e-07,1.5062657697950248e-09,0.0,0
19,26,53.0,38.0,9486,9497,11,2.712843e-07,2.712668727272727e-07,1.753356999426532e-09,0.0,0
19,27,55.0,38.0,9474,9486,12,2.644631e-07,2.645448583333333e-07,1.9820950151537222e-09,0.0,0
19,28,57.0,38.0,9463,9474,11,2.578766e-07,2.579808181818182e-07,1.7636855805222563e-09,0.0,0
19,29,59.0,38.0,9451,9463,12,2.5376644999999996e-07,2.5391564166666665e-07,5.122833094072213e-10,0.0,0
19,30,61.0,38.0,9440,9451,11,2.653309e-07,2.702951454545454e-07,1.42840569006379e-08,0.0,0
19,31,63.0,38.0,9429,9440,11,4.410954e-05,3.6138392081818176e-05,2.3127132116895912e-05,0.6363636363636364,1
19,32,65.0,38.0,9417,9429,12,6.026675e-05,6.026190333333333e-05,4.998392963965718e-08,1.0,1
19,33,67.0,38.0,9406,9417,11,6.020309e-05,6.019735e-05,1.0683893536108931e-07,1.0,1
19,34,69.0,38.0,9394,9406,12,5.9669275e-05,5.9572970833333326e-05,3.0881682222795594e-07,1.0,1
19,35,71.0,38.0,9383,9394,11,5.94641e-05,5.9440001818181815e-05,4.863785420247785e-07,1.0,1
19,36,73.0,38.0,9372,9383,11,5.992861e-05,5.9479860000000003e-05,7.94026974146803e-07,1.0,1
19,37,75.0,38.0,9360,9372,12,5.9790885e-05,5.96238625e-05,3.178209412579408e-07,1.0,1
19,38,77.0,38.0,9349,9360,11,5.984895e-05,5.98577290909091e-05,1.1413957910100711e-07,1.0,1
19,39,79.0,38.0,9337,9349,12,5.907057e-05,5.90273725e-05,5.664439186145592e-07,1.0,1
20,0,1.0,40.0,9822,9834,12,2.97016e-07,2.97009625e-07,5.463951853207242e-10,0.0,0
20,1,3.0,40.0,9834,9845,11,2.993092e-07,2.9928939090909086e-07,6.762943138961478e-10,0.0,0
20,2,5.0,40.0,9845,9857,12,3.0149895e-07,3.01511e-07,6.771589239855871e-10,0.0,0
20,3,7.0,40.0,9857,9868,11,3.037175e-07,3.0740223636363635e-07,6.551416150625576e-09,0.0,0
20,4,9.0,40.0,9868,9880,12,6.0437334999999994e-05,4.951230622499999e-05,2.2078685521667075e-05,0.8333333333333334,1
20,5,11.0,40.0,9880,9891,11,6.048691e-05,6.04975090909091e-05,4.093132706787257e-08,1.0,1
20,6,13.0,40.0,9891,9902,11,6.043593e-05,6.0413097272727266e-05,8.571979150813574e-08,1.0,1
20,7,15.0,40.0,9902,9914,12,6.0537445000000004e-05,6.0545814166666665e-05,4.9511245937722007e-08,1.0,1
20,8,17.0,40.0,9914,9925,11,6.050341e-05,6.0485182727272726e-05,7.574966199635513e-08,1.0,1
20,9,19.0,40.0,9925,9937,12,6.0488085e-05,6.048357083333333e-05,5.6073443871755345e-08,1.0,1
20,10,21.0,40.0,9937,9948,11,6.043427e-05,6.043960363636364e-05,4.7033684500429714e-08,1.0,1
20,11,23.0,40.0,9948,9960,12,6.0424165e-05,6.036612583333333e-05,1.1205898093253864e-07,1.0,1
20,12,25.0,40.0,9960,9971,11,6.045121e-05,6.046422727272727e-05,4.626093720131335e-08,1.0,1
20,13,27.0,40.0,9971,9982,11,6.047491e-05,6.047497272727272e-05,3.05554720857037e-08,1.0,1
20,14,29.0,40.0,9982,9994,12,6.0446454999999995e-05,6.0441109999999994e-05,5.63720387248855e-08,1.0,1
20,15,31.0,40.0,9994,10005,11,5.331574e-05,4.228775650909091e-05,2.06335502144381e-05,0.7272727272727273,1
20,16,33.0,40.0,10005,10017,12,2.6922225000000003e-07,2.75870775e-07,1.855157290411988e-08,0.0,0
20,17,35.0,40.0,10017,10028,11,2.553636e-07,2.554389545454545e-07,4.682379549751714e-10,0.0,0
20,18,37.0,40.0,10028,10040,12,2.58993e-07,2.5908674166666666e-07,1.843104167095261e-09,0.0,0
20,19,39.0,40.0,10040,10051,11,2.657906e-07,2.6575673636363636e-07,1.890204305586957e-09,0.0,0
20,20,41.0,40.0,10051,10062,11,2.722132e-07,2.7219926363636367e-07,1.8143538064670056e-09,0.0,0
20,21,43.0,40.0,10062,10074,12,2.7851590000000004e-07,2.7851215833333337e-07,1.8196483906963772e-09,0.0,0
20,22,45.0,40.0,10074,10085,11,2.844302e-07,2.844330272727273e-07,1.6148513272918384e-09,0.0,0
20,23,47.0,40.0,10085,10097,12,3.0945895e-07,1.4667701466666666e-05,2.48651054459479e-05,0.25,0
20,24,49.0,40.0,10097,10108,11,6.050785e-05,6.05067290909091e-05,6.666839846373242e-08,1.0,1
20,25,51.0,40.0,10108,10120,12,6.0464855e-05,6.0471092500000014e-05,5.18954192141914e-08,1.0,1
20,26,53.0,40.0,10120,10131,11,6.038401e-05,6.033138636363637e-05,1.1868374226357047e-07,1.0,1
20,27,55.0,40.0,10131,10142,11,6.034027e-05,6.034054727272727e-05,7.180580593022561e-08,1.0,1
20,28,57.0,40.0,10142,10154,12,6.0344885000000005e-05,6.0208951666666665e-05,2.68359506099353e-07,1.0,1
20,29,59.0,40.0,10154,10165,11,6.006238e-05,5.999046090909091e-05,1.4483884476796587e-07,1.0,1
20,30,61.0,40.0,10165,10177,12,6.0052820000000003e-05,5.998299583333332e-05,1.599221178917171e-07,1.0,1
20,31,63.0,40.0,10177,10188,11,5.983254e-05,5.982016818181818e-05,5.830100230203154e-08,1.0,1
20,32,65.0,40.0,10188,10200,12,5.9865435e-05,5.94385175e-05,7.653096739242772e-07,1.0,1
20,33,67.0,40.0,10200,10211,11,6.454275e-05,6.286637818181817e-05,2.489297561159913e-06,1.0,1
20,34,69.0,40.0,10211,10222,11,6.480941e-05,6.479492272727274e-05,4.047160173636919e-08,1.0,1
20,35,71.0,40.0,10222,10234,12,6.4815315e-05,6.481536666666667e-05,2.257985766611983e-08,1.0,1
20,36,73.0,40.0,10234,10245,11,6.476766e-05,6.476740363636363e-05,2.6565284343132942e-08,1.0,1
20,37,75.0,40.0,10245,10257,12,6.477887500000001e-05,6.477491833333333e-05,3.451551555299138e-08,1.0,1
20,38,77.0,40.0,10257,10268,11,6.4785e-05,6.478759545454545e-05,4.110547195682447e-08,1.0,1
20,39,79.0,40.0,10268,10279,11,6.478302e-05,6.477369363636362e-05,3.090855670661316e-08,1.0,1
21,0,1.0,42.0,10754,10765,11,2.956928e-07,2.9863819090909085e-07,1.0821535800468739e-08,0.0,0
21,1,3.0,42.0,10743,10754,11,1.767752e-05,1.0813600636363637e-05,8.106436356935941e-06,0.0,0
21,2,5.0,42.0,10731,10743,12,1.7520245e-05,1.70908725e-05,7.604174806219384e-07,0.0,0
21,3,7.0,42.0,10720,10731,11,1.323377e-05,1.372627181818182e-05,6.97666977169665e-07,0.0,0
21,4,9.0,42.0,10708,10720,12,1.302288e-05,8.845288574999999e-06,5.9927668347011216e-06,0.0,0
21,5,11.0,42.0,10697,10708,11,2.676559e-07,2.686232090909091e-07,3.3669200013323636e-09,0.0,0
21,6,13.0,42.0,10686,10697,11,2.625016e-07,2.624722909090909e-07,1.4415944584537749e-09,0.0,0
21,7,15.0,42.0,10674,10686,12,2.5683535e-07,2.568354166666666e-07,1.7646551753970362e-09,0.0,0
21,8,17.0,42.0,10663,10674,11,2.50766e-07,2.5074714545454547e-07,1.728614335432041e-09,0.0,0
21,9,19.0,42.0,10651,10663,12,2.444052e-07,2.444598416666667e-07,1.8200271359965745e-09,0.0,0
21,10,21.0,42.0,10640,10651,11,2.392186e-07,2.394424636363637e-07,9.252545971713817e-10,0.0,0
21,11,23.0,42.0,10628,10640,12,2.4161535e-07,2.4348587500000004e-07,5.063670123557458e-09,0.0,0
21,12,25.0,42.0,10617,10628,11,3.204623e-07,1.292573761818182e-05,1.8264916984351495e-05,0.18181818181818182,0
21,13,27.0,42.0,10606,10617,11,6.015273e-05,5.9670292727272736e-05,1.2774802329165645e-06,1.0,1
21,14,29.0,42.0,10594,10606,12,6.036922e-05,6.036730583333333e-05,3.627847466894847e-08,1.0,1
21,15,31.0,42.0,10583,10594,11,6.040413e-05,6.040333545454545e-05,3.3075921855809826e-08,1.0,1
21,16,33.0,42.0,10571,10583,12,6.041188e-05,6.041509583333334e-05,3.0571242875816616e-08,1.0,1
21,17,35.0,42.0,10560,10571,11,6.042919e-05,6.043318818181819e-05,3.528243673768527e-08,1.0,1
21,18,37.0,42.0,10548,10560,12,6.0424285e-05,6.041797416666667e-05,3.472084231369161e-08,1.0,1
21,19,39.0,42.0,10537,10548,11,6.04282e-05,6.042728181818182e-05,4.9069334215277826e-08,1.0,1
21,20,41.0,42.0,10526,10537,11,6.044026e-05,6.044836727272728e-05,3.381464639388964e-08,1.0,1
21,21,43.0,42.0,10514,10526,12,6.0469799999999995e-05,6.047452416666668e-05,3.8491276816601044e-08,1.0,1
21,22,45.0,42.0,10503,10514,11,6.04236e-05,6.038648181818182e-05,8.79046028185904e-08,1.0,1
21,23,47.0,42.0,10491,10503,12,6.036359e-05,6.028539916666666e-05,2.7562234193603567e-07,1.0,1
21,24,49.0,42.0,10480,10491,11,2.986028e-07,1.0629236427272728e-05,2.1890063967329123e-05,0.18181818181818182,0
21,25,51.0,42.0,10468,10480,12,2.808755e-07,2.8089130833333335e-07,1.5694967306211778e-09,0.0,0
21,26,53.0,42.0,10457,10468,11,2.754828e-07,2.753969090909091e-07,1.6537849280058085e-09,0.0,0
21,27,55.0,42.0,10446,10457,11,2.694329e-07,2.693942e-07,1.8113071809155906e-09,0.0,0
21,28,57.0,42.0,10434,10446,12,2.6263055e-07,2.6264152499999995e-07,2.043554742405578e-09,0.0,0
21,29,59.0,42.0,10423,10434,11,2.559398e-07,2.5601579090909094e-07,1.6776231798451414e-09,0.0,0
21,30,61.0,42.0,10411,10423,12,2.5241075000000004e-07,2.52600225e-07,6.330137296101872e-10,0.0,0
21,31,63.0,42.0,10400,10411,11,2.67505e-07,2.739315727272727e-07,1.817975098449775e-08,0.0,0
21,32,65.0,42.0,10388,10400,12,5.3524685e-05,4.1392343716666666e-05,2.2531279107583184e-05,0.6666666666666666,1
21,33,67.0,42.0,10377,10388,11,6.02736e-05,6.027615454545455e-05,4.542870865705806e-08,1.0,1
21,34,69.0,42.0,10366,10377,11,6.026943e-05,6.023296272727272e-05,5.400825140508361e-08,1.0,1
21,35,71.0,42.0,10354,10366,12,6.01885e-05,6.0208222499999995e-05,6.991463570252325e-08,1.0,1
21,36,73.0,42.0,10343,10354,11,6.027391e-05,6.0254089090909085e-05,5.640640751071138e-08,1.0,1
21,37,75.0,42.0,10331,10343,12,6.0077925e-05,6.003861666666667e-05,1.1187272935001773e-07,1.0,1
21,38,77.0,42.0,10320,10331,11,5.959964e-05,5.928862363636363e-05,6.072390322864876e-07,1.0,1
21,39,79.0,42.0,10308,10320,12,5.9953465e-05,5.988538833333334e-05,3.364250823445765e-07,1.0,1
22,0,1.0,44.0,10794,10806,12,2.846603e-07,2.84682225e-07,9.320290009123542e-10,0.0,0
22,1,3.0,44.0,10806,10817,11,2.880136e-07,2.879877454545454e-07,9.442155121519769e-10,0.0,0
22,2,5.0,44.0,10817,10829,12,2.9171965e-07,2.91676025e-07,1.1449785886826322e-09,0.0,0
22,3,7.0,44.0,10829,10840,11,3.024635e-07,5.114656036363637e-06,1.5171492619960968e-05,0.09090909090909091,0
22,4,9.0,44.0,10840,10852,12,5.9692854999999996e-05,5.954392666666667e-05,6.883188679230642e-07,1.0,1
22,5,11.0,44.0,10852,10863,11,6.002219e-05,5.991584818181819e-05,3.059474661624765e-07,1.0,1
22,6,13.0,44.0,10863,10874,11,5.975964e-05,5.978741818181818e-05,5.141510798626854e-07,1.0,1
22,7,15.0,44.0,10874,10886,12,6.0396589999999996e-05,6.039810833333333e-05,3.4672509723923e-08,1.0,1
22,8,17.0,44.0,10886,10897,11,6.034523e-05,6.035372090909092e-05,4.255841065354073e-08,1.0,1
22,9,19.0,44.0,10897,10909,12,6.0342044999999996e-05,6.034169499999999e-05,2.302177031275648e-08,1.0,1
22,10,21.0,44.0,10909,10920,11,6.032328e-05,6.0325648181818185e-05,1.6234660910411473e-08,1.0,1
22,11,23.0,44.0,10920,10932,12,6.0318545000000005e-05,6.032996166666667e-05,3.2337974538028995e-08,1.0,1
22,12,25.0,44.0,10932,10943,11,6.033562e-05,6.0335010909090916e-05,3.1119949595234626e-08,1.0,1
22,13,27.0,44.0,10943,10954,11,6.031126e-05,6.0312188181818186e-05,2.7832598551855927e-08,1.0,1
22,14,29.0,44.0,10954,10966,12,6.0242435e-05,6.005306750000001e-05,4.68076609935543e-07,1.0,1
22,15,31.0,44.0,10966,10977,11,1.194278e-05,2.01382995e-05,2.1701202731863226e-05,0.36363636363636365,0
22,16,33.0,44.0,10977,10989,12,2.5779114999999997e-07,2.6012470833333336e-07,6.3948062209966305e-09,0.0,0
22,17,35.0,44.0,10989,11000,11,2.543305e-07,2.545779e-07,9.263400740156312e-10,0.0,0
22,18,37.0,44.0,11000,11012,12,2.6002749999999996e-07,2.6001521666666663e-07,1.9915853244895716e-09,0.0,0
22,19,39.0,44.0,11012,11023,11,2.666099e-07,2.666590090909091e-07,1.8382317805457124e-09,0.0,0
22,20,41.0,44.0,11023,11034,11,2.730815e-07,2.730474181818182e-07,1.7658887537380524e-09,0.0,0
22,21,43.0,44.0,11034,11046,12,2.790982e-07,2.7912218333333336e-07,1.808303099977679e-09,0.0,0
22,22,45.0,44.0,11046,11057,11,2.851157e-07,2.858042727272727e-07,2.827888849265766e-09,0.0,0
22,23,47.0,44.0,11057,11069,12,5.689629e-05,3.470123415e-05,2.9054103134326464e-05,0.5833333333333334,1
22,24,49.0,44.0,11069,11080,11,6.033009e-05,6.032711363636364e-05,4.836997909536389e-08,1.0,1
22,25,51.0,44.0,11080,11092,12,6.0326965e-05,6.031286333333334e-05,7.194958041727574e-08,1.0,1
22,26,53.0,44.0,11092,11103,11,6.025531e-05,6.025156818181819e-05,4.919527080341586e-08,1.0,1
22,27,55.0,44.0,11103,11114,11,6.002394e-05,6.004608e-05,1.8987264143008203e-07,1.0,1
22,28,57.0,44.0,11114,11126,12,5.9876219999999996e-05,5.981717166666666e-05,2.0007168489624393e-07,1.0,1
22,29,59.0,44.0,11126,11137,11,6.005409e-05,6.0041358181818186e-05,7.239901127127269e-08,1.0,1
22,30,61.0,44.0,11137,11149,12,5.9945700000000004e-05,5.992820833333333e-05,1.7253652303369237e-07,1.0,1
22,31,63.0,44.0,11149,11160,11,6.010205e-05,6.0093814545454546e-05,4.971537979770266e-08,1.0,1
22,32,65.0,44.0,11160,11172,12,5.800355e-05,5.8342995e-05,1.6016665262235464e-06,1.0,1
22,33,67.0,44.0,11172,11183,11,6.463619e-05,6.449656818181818e-05,4.1998362290187615e-07,1.0,1
22,34,69.0,44.0,11183,11194,11,6.461807e-05,6.461233545454546e-05,3.1490933287833464e-08,1.0,1
22,35,71.0,44.0,11194,11206,12,6.460443e-05,6.460727083333334e-05,3.993436645679446e-08,1.0,1
22,36,73.0,44.0,11206,11217,11,6.462131e-05,6.461699090909093e-05,2.8199489503615923e-08,1.0,1
22,37,75.0,44.0,11217,11229,12,6.4592515e-05,6.458479583333333e-05,2.8816861226932456e-08,1.0,1
22,38,77.0,44.0,11229,11240,11,6.459944e-05,6.458411272727272e-05,3.673729269257835e-08,1.0,1
22,39,79.0,44.0,11240,11251,11,6.45494e-05,6.450691727272728e-05,1.6926282769118596e-07,1.0,1
23,0,1.0,46.0,11725,11736,11,2.688236e-07,2.705574636363636e-07,6.2562985250898404e-09,0.0,0
23,1,3.0,46.0,11714,11725,11,3.496562e-07,9.61115938181818e-06,1.2563983716887304e-05,0.0,0
23,2,5.0,46.0,11702,11714,12,2.8453005e-05,2.8283429166666665e-05,4.13184100219631e-07,0.0,0
23,3,7.0,46.0,11691,11702,11,2.232322e-05,2.2999748181818184e-05,1.5732698800721213e-06,0.0,0
23,4,9.0,46.0,11679,11691,12,2.1868455e-05,2.1823386666666663e-05,9.904232035964339e-08,0.0,0
23,5,11.0,46.0,11668,11679,11,2.695272e-07,3.0299038181818183e-07,6.983677433466251e-08,0.0,0
23,6,13.0,46.0,11657,11668,11,2.617477e-07,2.617671e-07,1.4752105674044766e-09,0.0,0
23,7,15.0,46.0,11645,11657,12,2.564844e-07,2.564381333333334e-07,1.6523790527263595e-09,0.0,0
23,8,17.0,46.0,11634,11645,11,2.506676e-07,2.506603545454545e-07,1.6707624652255734e-09,0.0,0
23,9,19.0,46.0,11622,11634,12,2.4448215e-07,2.4450045833333327e-07,1.8581472835678489e-09,0.0,0
23,10,21.0,46.0,11611,11622,11,2.387544e-07,2.388897181818182e-07,1.2971185372468535e-09,0.0,0
23,11,23.0,46.0,11600,11611,11,2.36862e-07,2.3754255454545456e-07,1.1718767010566114e-09,0.0,0
23,12,25.0,46.0,11588,11600,12,2.5991645e-07,2.71304525e-07,3.016253439070079e-08,0.0,0
23,13,27.0,46.0,11577,11588,11,5.808958e-05,4.91725e-05,1.4849753486642005e-05,0.8181818181818182,1
23,14,29.0,46.0,11565,11577,12,5.9976664999999995e-05,5.992835166666666e-05,1.8254164610819393e-07,1.0,1
23,15,31.0,46.0,11554,11565,11,6.012059e-05,6.0043392727272734e-05,1.1361351416822146e-07,1.0,1
23,16,33.0,46.0,11543,11554,11,6.002516e-05,6.0011670909090916e-05,4.325441153634389e-08,1.0,1
23,17,35.0,46.0,11531,11543,12,6.012076e-05,6.010326583333333e-05,5.524996145674935e-08,1.0,1
23,18,37.0,46.0,11520,11531,11,6.008505e-05,6.0085749999999996e-05,5.255211785369926e-08,1.0,1
23,19,39.0,46.0,11508,11520,12,6.0186795000000004e-05,6.018597000000001e-05,3.705763753937859e-08,1.0,1
23,20,41.0,46.0,11497,11508,11,6.021098e-05,6.0199840909090906e-05,3.3289842145655056e-08,1.0,1
23,21,43.0,46.0,11486,11497,11,6.014456e-05,6.014121e-05,6.200086392359944e-08,1.0,1
23,22,45.0,46.0,11474,11486,12,6.015644e-05,6.0154779166666666e-05,5.274614748306765e-08,1.0,1
23,23,47.0,46.0,11463,11474,11,6.005711e-05,6.005486454545455e-05,6.381282976780844e-08,1.0,1
23,24,49.0,46.0,11451,11463,12,2.80944397e-05,2.9525714933333332e-05,2.921335175796326e-05,0.5,0
23,25,51.0,46.0,11440,11451,11,2.820123e-07,2.8224515454545457e-07,1.8434797705148688e-09,0.0,0
23,26,53.0,46.0,11429,11440,11,2.768142e-07,2.768313727272728e-07,1.4510860948650739e-09,0.0,0
23,27,55.0,46.0,11417,11429,12,2.716212e-07,2.715849666666667e-07,1.5801113854901406e-09,0.0,0
23,28,57.0,46.0,11406,11417,11,2.653293e-07,2.653321454545454e-07,1.8667124053526655e-09,0.0,0
23,29,59.0,46.0,11394,11406,12,2.5860595e-07,2.586321666666666e-07,1.9585282196645065e-09,0.0,0
23,30,61.0,46.0,11383,11394,11,2.531276e-07,2.534172454545454e-07,8.346605116764979e-10,0.0,0
23,31,63.0,46.0,11372,11383,11,2.571643e-07,2.5931833636363635e-07,6.154964964566526e-09,0.0,0
23,32,65.0,46.0,11360,11372,12,8.0839398e-06,2.0238183116666668e-05,2.2591952855401526e-05,0.3333333333333333,0
23,33,67.0,46.0,11349,11360,11,5.999195e-05,5.992235181818181e-05,2.2885784117967523e-07,1.0,1
23,34,69.0,46.0,11337,11349,12,5.9958725e-05,5.994755250000001e-05,6.432192370218736e-08,1.0,1
23,35,71.0,46.0,11326,11337,11,5.969373e-05,5.9686957272727264e-05,1.3873053266156772e-07,1.0,1
23,36,73.0,46.0,11315,11326,11,5.985485e-05,5.9836098181818186e-05,8.968733252180055e-08,1.0,1
23,37,75.0,46.0,11303,11315,12,5.9820335e-05,5.97704225e-05,1.7997026245674622e-07,1.0,1
23,38,77.0,46.0,11292,11303,11,5.993318e-05,5.9947879999999994e-05,1.0669141603027703e-07,1.0,1
23,39,79.0,46.0,11280,11292,12,5.9977885e-05,5.999182166666666e-05,1.0719595777774826e-07,1.0,1
24,0,1.0,48.0,11765,11777,12,2.7083505e-07,2.708117916666667e-07,1.3752101018016104e-09,0.0,0
24,1,3.0,48.0,11777,11788,11,2.752959e-07,2.753006909090909e-07,1.2256939269836572e-09,0.0,0
24,2,5.0,48.0,11788,11800,12,2.798263e-07,2.7987628333333336e-07,1.452811064702581e-09,0.0,0
24,3,7.0,48.0,11800,11811,11,3.043364e-07,1.548752210909091e-05,2.480959797197392e-05,0.2727272727272727,0
24,4,9.0,48.0,11811,11823,12,5.8306514999999996e-05,5.8598307499999995e-05,1.1886790199778135e-06,1.0,1
24,5,11.0,48.0,11823,11834,11,6.031412e-05,6.028753818181818e-05,8.056997521276265e-08,1.0,1
24,6,13.0,48.0,11834,11845,11,6.033364e-05,6.032609636363637e-05,3.536900910343231e-08,1.0,1
24,7,15.0,48.0,11845,11857,12,6.0264525e-05,6.0267551666666664e-05,7.918893986676504e-08,1.0,1
24,8,17.0,48.0,11857,11868,11,6.030245e-05,6.030450363636363e-05,4.550853252118116e-08,1.0,1
24,9,19.0,48.0,11868,11880,12,6.0385455e-05,6.039440583333334e-05,3.124987798865012e-08,1.0,1
24,10,21.0,48.0,11880,11891,11,6.015441e-05,6.013511818181818e-05,1.653835554548158e-07,1.0,1
24,11,23.0,48.0,11891,11903,12,6.0265555e-05,6.026968e-05,4.0321456653581714e-08,1.0,1
24,12,25.0,48.0,11903,11914,11,6.009899e-05,5.962631727272727e-05,8.443755152030282e-07,1.0,1
24,13,27.0,48.0,11914,11925,11,6.018185e-05,5.9690560909090916e-05,8.214944847317161e-07,1.0,1
24,14,29.0,48.0,11925,11937,12,5.997818499999999e-05,5.7765465e-05,4.38295122212857e-06,1.0,1
24,15,31.0,48.0,11937,11948,11,2.99354e-07,6.3831784090909096e-06,1.0968421367122532e-05,0.09090909090909091,0
24,16,33.0,48.0,11948,11960,12,2.53997e-07,2.5528330000000005e-07,2.9993627556532785e-09,0.0,0
24,17,35.0,48.0,11960,11971,11,2.544607e-07,2.5461531818181816e-07,1.2879737863073392e-09,0.0,0
24,18,37.0,48.0,11971,11983,12,2.606181e-07,2.6061911666666663e-07,2.0141186752660648e-09,0.0,0
24,19,39.0,48.0,11983,11994,11,2.674101e-07,2.6737607272727275e-07,1.8437839338465796e-09,0.0,0
24,20,41.0,48.0,11994,12005,11,2.735108e-07,2.734805454545455e-07,1.667112840355848e-09,0.0,0
24,21,43.0,48.0,12005,12017,12,2.7945969999999996e-07,2.794631916666667e-07,1.8015385153891627e-09,0.0,0
24,22,45.0,48.0,12017,12028,11,2.862669e-07,2.911610090909091e-07,1.0388558060714027e-08,0.0,0
24,23,47.0,48.0,12028,12040,12,6.0246635e-05,4.979906351666667e-05,2.2098812056817813e-05,0.8333333333333334,1
24,24,49.0,48.0,12040,12051,11,6.010697e-05,6.010100999999999e-05,2.024580134699087e-07,1.0,1
24,25,51.0,48.0,12051,12063,12,6.0262735000000004e-05,6.025302333333334e-05,9.592174921373326e-08,1.0,1
24,26,53.0,48.0,12063,12074,11,6.021145e-05,6.0105914545454545e-05,3.432829351308714e-07,1.0,1
24,27,55.0,48.0,12074,12085,11,5.912321e-05,5.8938449090909084e-05,1.115048418561067e-06,1.0,1
24,28,57.0,48.0,12085,12097,12,5.9817705e-05,5.96835825e-05,5.371535529859361e-07,1.0,1
24,29,59.0,48.0,12097,12108,11,6.012896e-05,6.006186363636363e-05,1.6788254131292579e-07,1.0,1
24,30,61.0,48.0,12108,12120,12,6.00547e-05,6.005933749999999e-05,1.263633770866783e-07,1.0,1
24,31,63.0,48.0,12120,12131,11,5.916691e-05,5.9190881818181817e-05,5.534725721843228e-07,1.0,1
24,32,65.0,48.0,12131,12143,12,5.7370899999999996e-05,5.897850083333333e-05,3.1915934478053925e-06,1.0,1
24,33,67.0,48.0,12143,12154,11,6.463517e-05,6.464054272727273e-05,3.9596939526111855e-08,1.0,1
24,34,69.0,48.0,12154,12165,11,6.463264e-05,6.463820545454545e-05,2.992469529385041e-08,1.0,1
24,35,71.0,48.0,12165,12177,12,6.460262e-05,6.460727166666667e-05,2.3402345264715108e-08,1.0,1
24,36,73.0,48.0,12177,12188,11,6.465355e-05,6.463636636363636e-05,4.114728761031417e-08,1.0,1
24,37,75.0,48.0,12188,12200,12,6.461568499999999e-05,6.4611265e-05,2.4976238874846423e-08,1.0,1
24,38,77.0,48.0,12200,12211,11,6.459371e-05,6.459227636363637e-05,2.8433161584425154e-08,1.0,1
24,39,79.0,48.0,12211,12222,11,6.455558e-05,6.356620363636363e-05,1.7349079126427464e-06,1.0,1
25,0,1.0,50.0,12697,12708,11,2.510008e-07,2.520701272727273e-07,3.154579003201217e-09,0.0,0
25,1,3.0,50.0,12686,12697,11,2.892232e-07,3.0224441181818184e-06,6.113973948216206e-06,0.0,0
25,2,5.0,50.0,12674,12686,12,3.905496e-05,3.8423308333333334e-05,2.034753184503522e-06,1.0,1
25,3,7.0,50.0,12663,12674,11,3.938869e-05,3.891369454545455e-05,1.1065882785913204e-06,1.0,1
25,4,9.0,50.0,12651,12663,12,3.527885e-05,3.53261425e-05,1.7753942497020262e-07,1.0,1
25,5,11.0,50.0,12640,12651,11,4.598549e-07,1.6151106509090906e-05,1.7343421169110685e-05,0.45454545454545453,0
25,6,13.0,50.0,12629,12640,11,2.60601e-07,2.607073818181818e-07,1.615657125426725e-09,0.0,0
25,7,15.0,50.0,12617,12629,12,2.5543605e-07,2.5544389166666665e-07,1.5084878656336283e-09,0.0,0
25,8,17.0,50.0,12606,12617,11,2.502003e-07,2.501611727272728e-07,1.5708833271245866e-09,0.0,0
25,9,19.0,50.0,12594,12606,12,2.4422125000000003e-07,2.44239175e-07,1.7944370022957973e-09,0.0,0
25,10,21.0,50.0,12583,12594,11,2.384063e-07,2.3847270909090916e-07,1.485659515290065e-09,0.0,0
25,11,23.0,50.0,12571,12583,12,2.3464215e-07,2.3479206666666668e-07,4.718758864597991e-10,0.0,0
25,12,25.0,50.0,12560,12571,11,2.415949e-07,2.441606181818182e-07,8.015595913401705e-09,0.0,0
25,13,27.0,50.0,12549,12560,11,1.605554e-05,2.263885749090909e-05,2.3263756415509395e-05,0.36363636363636365,0
25,14,29.0,50.0,12537,12549,12,6.017992e-05,6.00925125e-05,1.4719319148231635e-07,1.0,1
25,15,31.0,50.0,12526,12537,11,6.025438e-05,6.025592181818182e-05,2.5319677514168412e-08,1.0,1
25,16,33.0,50.0,12514,12526,12,6.0254935e-05,6.0249443333333334e-05,3.7018176466283026e-08,1.0,1
25,17,35.0,50.0,12503,12514,11,6.026249e-05,6.0264790909090916e-05,3.648939608223667e-08,1.0,1
25,18,37.0,50.0,12491,12503,12,5.9650275e-05,5.9450225833333345e-05,7.406295300109947e-07,1.0,1
25,19,39.0,50.0,12480,12491,11,6.003169e-05,5.9976862727272735e-05,1.7768865007447497e-07,1.0,1
25,20,41.0,50.0,12469,12480,11,6.020899e-05,6.0226958181818187e-05,3.737424339597383e-08,1.0,1
25,21,43.0,50.0,12457,12469,12,6.025352e-05,6.023970833333333e-05,3.965753686949724e-08,1.0,1
25,22,45.0,50.0,12446,12457,11,6.022272e-05,6.0138280909090916e-05,1.5901940032899114e-07,1.0,1
25,23,47.0,50.0,12434,12446,12,6.031789e-05,6.030662916666667e-05,6.201818946329776e-08,1.0,1
25,24,49.0,50.0,12423,12434,11,5.978294e-05,4.84591668909091e-05,2.272204140590217e-05,0.8181818181818182,1
25,25,51.0,50.0,12411,12423,12,2.8222925e-07,2.857578083333334e-07,8.734483895023826e-09,0.0,0
25,26,53.0,50.0,12400,12411,11,2.766674e-07,2.766683181818182e-07,1.4882796980639884e-09,0.0,0
25,27,55.0,50.0,12389,12400,11,2.712e-07,2.7117139090909095e-07,1.6814675356823651e-09,0.0,0
25,28,57.0,50.0,12377,12389,12,2.6470875e-07,2.6470304166666665e-07,2.0321324909473495e-09,0.0,0
25,29,59.0,50.0,12366,12377,11,2.577947e-07,2.578057545454546e-07,1.9040985556824686e-09,0.0,0
25,30,61.0,50.0,12354,12366,12,2.51564e-07,2.517798416666667e-07,1.3980875708495079e-09,0.0,0
25,31,63.0,50.0,12343,12354,11,2.51573e-07,2.5282903636363634e-07,3.0939352553232657e-09,0.0,0
25,32,65.0,50.0,12331,12343,12,3.0936065e-07,9.676531558333334e-06,1.5059714980447175e-05,0.16666666666666666,0
25,33,67.0,50.0,12320,12331,11,5.984132e-05,5.896338545454544e-05,2.14070423590999e-06,1.0,1
25,34,69.0,50.0,12309,12320,11,5.934151e-05,5.920311909090909e-05,3.600849949526959e-07,1.0,1
25,35,71.0,50.0,12297,12309,12,5.9437585e-05,5.9420044166666666e-05,3.444003018160303e-07,1.0,1
25,36,73.0,50.0,12286,12297,11,5.973204e-05,5.971139181818182e-05,2.402805203324646e-07,1.0,1
25,37,75.0,50.0,12274,12286,12,6.003243e-05,6.00388625e-05,5.8112935898558724e-08,1.0,1
25,38,77.0,50.0,12263,12274,11,6.01472e-05,6.015363727272726e-05,5.183105914953024e-08,1.0,1
25,39,79.0,50.0,12251,12263,12,5.950744e-05,5.950337749999999e-05,4.2566121065007053e-07,1.0,1
26,0,1.0,52.0,12737,12749,12,2.6176335e-07,2.617592e-07,1.6434583480169676e-09,0.0,0
26,1,3.0,52.0,12749,12760,11,2.671823e-07,2.6719153636363634e-07,1.4584107329385604e-09,0.0,0
26,2,5.0,52.0,12760,12772,12,2.724824e-07,2.727150333333333e-07,1.9879418541686696e-09,0.0,0
26,3,7.0,52.0,12772,12783,11,4.594419e-07,2.6816829536363637e-05,2.9058395965587628e-05,0.45454545454545453,0
26,4,9.0,52.0,12783,12795,12,6.032873e-05,6.033212666666667e-05,3.1366387086957883e-08,1.0,1
26,5,11.0,52.0,12795,12806,11,6.038041e-05,6.037567181818181e-05,4.1848443832950764e-08,1.0,1
26,6,13.0,52.0,12806,12817,11,6.041802e-05,6.041676181818181e-05,3.796289404098415e-08,1.0,1
26,7,15.0,52.0,12817,12829,12,6.038747e-05,6.0384170833333336e-05,2.9454150091944723e-08,1.0,1
26,8,17.0,52.0,12829,12840,11,6.041589e-05,6.0413759090909094e-05,1.7536441773708383e-08,1.0,1
26,9,19.0,52.0,12840,12852,12,6.041526e-05,6.039706083333333e-05,6.845633918276462e-08,1.0,1
26,10,21.0,52.0,12852,12863,11,6.037579e-05,6.0375859090909085e-05,3.627869258307422e-08,1.0,1
26,11,23.0,52.0,12863,12875,12,6.0055735e-05,6.0069951666666665e-05,1.5441437243303812e-07,1.0,1
26,12,25.0,52.0,12875,12886,11,6.02888e-05,6.024572727272728e-05,8.549966688833685e-08,1.0,1
26,13,27.0,52.0,12886,12897,11,6.032882e-05,6.032905727272727e-05,3.2325860767815656e-08,1.0,1
26,14,29.0,52.0,12897,12909,12,5.5888425e-05,4.49078425e-05,1.9645955852686375e-05,0.75,1
26,15,31.0,52.0,12909,12920,11,2.697783e-07,2.7677648181818185e-07,2.0073468310629608e-08,0.0,0
26,16,33.0,52.0,12920,12932,12,2.5224065e-07,2.525424083333333e-07,8.473272158758336e-10,0.0,0
26,17,35.0,52.0,12932,12943,11,2.55265e-07,2.5535005454545455e-07,1.5969300704013527e-09,0.0,0
26,18,37.0,52.0,12943,12955,12,2.6184785e-07,2.6184845833333335e-07,2.0620525371008065e-09,0.0,0
26,19,39.0,52.0,12955,12966,11,2.685817e-07,2.6853974545454543e-07,1.7705893042423806e-09,0.0,0
26,20,41.0,52.0,12966,12977,11,2.744968e-07,2.7448031818181816e-07,1.6608781777986002e-09,0.0,0
26,21,43.0,52.0,12977,12989,12,2.8045045e-07,2.8048129166666666e-07,1.8012940258132626e-09,0.0,0
26,22,45.0,52.0,12989,13000,11,3.001249e-07,1.06188882e-05,2.1842503452182143e-05,0.18181818181818182,0
26,23,47.0,52.0,13000,13012,12,6.0030335e-05,5.996628416666667e-05,1.5543935942237682e-07,1.0,1
26,24,49.0,52.0,13012,13023,11,5.979541e-05,5.979425727272727e-05,1.8115386770221374e-07,1.0,1
26,25,51.0,52.0,13023,13035,12,6.000976e-05,6.0010486666666665e-05,3.9289963165617065e-08,1.0,1
26,26,53.0,52.0,13035,13046,11,5.986097e-05,5.9928901818181823e-05,1.8708598012766864e-07,1.0,1
26,27,55.0,52.0,13046,13057,11,6.007077e-05,6.0099274545454555e-05,1.4789721697324007e-07,1.0,1
26,28,57.0,52.0,13057,13069,12,6.0335745e-05,6.030542333333333e-05,1.0267859029785921e-07,1.0,1
26,29,59.0,52.0,13069,13080,11,6.021532e-05,6.019590454545455e-05,6.005256324309707e-08,1.0,1
26,30,61.0,52.0,13080,13092,12,6.00475e-05,5.975874166666667e-05,5.359314150435254e-07,1.0,1
26,31,63.0,52.0,13092,13103,11,5.826566e-05,5.790574363636364e-05,1.0063959616849963e-06,1.0,1
26,32,65.0,52.0,13103,13115,12,6.302388e-05,6.119316916666666e-05,3.746682693442423e-06,1.0,1
26,33,67.0,52.0,13115,13126,11,6.456811e-05,6.457983545454545e-05,5.4589702552710285e-08,1.0,1
26,34,69.0,52.0,13126,13137,11,6.451878e-05,6.452151909090909e-05,2.5731634034444635e-08,1.0,1
26,35,71.0,52.0,13137,13149,12,6.450997500000001e-05,6.449910166666667e-05,4.726134675633087e-08,1.0,1
26,36,73.0,52.0,13149,13160,11,6.454421e-05,6.454360090909091e-05,4.378331468297087e-08,1.0,1
26,37,75.0,52.0,13160,13172,12,6.4589075e-05,6.459313916666667e-05,4.7925619011535467e-08,1.0,1
26,38,77.0,52.0,13172,13183,11,6.453408e-05,6.452997363636364e-05,3.451962347648959e-08,1.0,1
26,39,79.0,52.0,13183,13194,11,6.094417e-05,5.994824818181818e-05,4.27533552311994e-06,1.0,1
27,0,1.0,54.0,13668,13679,11,2.756771e-07,2.756786818181818e-07,5.146144873383451e-10,0.0,0
27,1,3.0,54.0,13657,13668,11,2.739727e-07,2.739229818181818e-07,5.113579422713304e-10,0.0,0
27,2,5.0,54.0,13645,13657,12,2.7210894999999997e-07,2.722364333333333e-07,3.2226981794072977e-10,0.0,0
27,3,7.0,54.0,13634,13645,11,2.739178e-07,2.7416142727272725e-07,1.7262521142589408e-09,0.0,0
27,4,9.0,54.0,13622,13634,12,2.7285785e-07,2.7273143333333334e-07,1.654076773879879e-09,0.0,0
27,5,11.0,54.0,13611,13622,11,2.630596e-07,2.639160727272727e-07,3.126992926436435e-09,0.0,0
27,6,13.0,54.0,13600,13611,11,2.577925e-07,2.5778548181818184e-07,1.208935292514702e-09,0.0,0
27,7,15.0,54.0,13588,13600,12,2.5328895e-07,2.532827083333333e-07,1.380485215095481e-09,0.0,0
27,8,17.0,54.0,13577,13588,11,2.486006e-07,2.4855410000000004e-07,1.3396898338455373e-09,0.0,0
27,9,19.0,54.0,13565,13577,12,2.4333485e-07,2.4330479166666673e-07,1.6515505121240447e-09,0.0,0
27,10,21.0,54.0,13554,13565,11,2.377194e-07,2.3776455454545452e-07,1.477924223893177e-09,0.0,0
27,11,23.0,54.0,13543,13554,11,2.332934e-07,2.3346292727272728e-07,8.612046342092367e-10,0.0,0
27,12,25.0,54.0,13531,13543,12,2.3395435e-07,2.3515360833333335e-07,3.011653147486254e-09,0.0,0
27,13,27.0,54.0,13520,13531,11,2.743336e-07,2.9059653363636366e-06,5.896020944245935e-06,0.0,0
27,14,29.0,54.0,13508,13520,12,5.975269e-05,5.463740833333333e-05,9.015217429148002e-06,1.0,1
27,15,31.0,54.0,13497,13508,11,6.0156e-05,6.014493181818181e-05,6.53592997929258e-08,1.0,1
27,16,33.0,54.0,13486,13497,11,6.021168e-05,6.0215735454545455e-05,3.368196128052097e-08,1.0,1
27,17,35.0,54.0,13474,13486,12,6.0220645e-05,6.022820916666667e-05,4.326766642238534e-08,1.0,1
27,18,37.0,54.0,13463,13474,11,6.024266e-05,6.0245439090909096e-05,2.9226824993036137e-08,1.0,1
27,19,39.0,54.0,13451,13463,12,6.0243270000000004e-05,6.02371925e-05,5.587502857941114e-08,1.0,1
27,20,41.0,54.0,13440,13451,11,6.03095e-05,6.029764636363637e-05,7.780213648301944e-08,1.0,1
27,21,43.0,54.0,13429,13440,11,6.039049e-05,6.0387890000000004e-05,3.987435699111061e-08,1.0,1
27,22,45.0,54.0,13417,13429,12,6.0315160000000005e-05,6.031692916666666e-05,4.6430109745426135e-08,1.0,1
27,23,47.0,54.0,13406,13417,11,6.029907e-05,6.030313181818181e-05,8.494051874086346e-08,1.0,1
27,24,49.0,54.0,13394,13406,12,6.015971e-05,5.980983166666666e-05,6.4336976367707e-07,1.0,1
27,25,51.0,54.0,13383,13394,11,2.862868e-07,5.356081263636364e-06,1.5969242013560213e-05,0.09090909090909091,0
27,26,53.0,54.0,13372,13383,11,2.767781e-07,2.7679650000000005e-07,1.4956745173393098e-09,0.0,0
27,27,55.0,54.0,13360,13372,12,2.7114985000000003e-07,2.71140825e-07,1.7488902148338725e-09,0.0,0
27,28,57.0,54.0,13349,13360,11,2.64961e-07,2.649515727272727e-07,1.8204192829180406e-09,0.0,0
27,29,59.0,54.0,13337,13349,12,2.581393e-07,2.581605416666667e-07,2.065458022835908e-09,0.0,0
27,30,61.0,54.0,13326,13337,11,2.515019e-07,2.5162044545454546e-07,1.577619398946999e-09,0.0,0
27,31,63.0,54.0,13315,13326,11,2.48929e-07,2.4934793636363635e-07,9.46548393108277e-10,0.0,0
27,32,65.0,54.0,13303,13315,12,2.7038205e-07,2.8164718333333334e-07,2.9527305299243312e-08,0.0,0
27,33,67.0,54.0,13292,13303,11,5.775946e-05,4.8887397272727276e-05,1.5003178683674816e-05,0.8181818181818182,1
27,34,69.0,54.0,13280,13292,12,5.9535029999999994e-05,5.9637837500000006e-05,3.070201112339111e-07,1.0,1
27,35,71.0,54.0,13269,13280,11,5.946238e-05,5.9508000909090904e-05,1.5804132920074083e-07,1.0,1
27,36,73.0,54.0,13258,13269,11,5.990737e-05,5.988880363636364e-05,5.116172988629858e-08,1.0,1
27,37,75.0,54.0,13246,13258,12,5.977429e-05,5.979672666666666e-05,7.702994150905871e-08,1.0,1
27,38,77.0,54.0,13235,13246,11,5.999571e-05,5.999763818181818e-05,6.575726808334753e-08,1.0,1
27,39,79.0,54.0,13223,13235,12,6.0002595e-05,5.998932500000001e-05,7.856465877437035e-08,1.0,1
28,0,1.0,56.0,13708,13720,12,2.8339665e-07,2.8338663333333337e-07,6.529601012993758e-10,0.0,0
28,1,3.0,56.0,13720,13731,11,2.856513e-07,2.856551181818182e-07,6.459661302944599e-10,0.0,0
28,2,5.0,56.0,13731,13743,12,2.8811625e-07,2.8812467500000003e-07,7.704857257221947e-10,0.0,0
28,3,7.0,56.0,13743,13754,11,2.907552e-07,2.907900181818182e-07,7.987407382512493e-10,0.0,0
28,4,9.0,56.0,13754,13766,12,3.282087e-07,1.9351368766666666e-05,2.6966532937391526e-05,0.3333333333333333,0
28,5,11.0,56.0,13766,13777,11,6.023952e-05,6.0232152727272725e-05,7.004548692111919e-08,1.0,1
28,6,13.0,56.0,13777,13788,11,6.026242e-05,5.997918545454545e-05,5.099596470909806e-07,1.0,1
28,7,15.0,56.0,13788,13800,12,6.0160229999999996e-05,5.995743750000001e-05,4.769809805104908e-07,1.0,1
28,8,17.0,56.0,13800,13811,11,5.984941e-05,5.978526636363636e-05,5.591683133217942e-07,1.0,1
28,9,19.0,56.0,13811,13823,12,6.03806e-05,6.038906166666667e-05,4.851866785635722e-08,1.0,1
28,10,21.0,56.0,13823,13834,11,6.035195e-05,6.035731363636364e-05,5.532122135520211e-08,1.0,1
28,11,23.0,56.0,13834,13846,12,6.02901e-05,6.028674583333333e-05,4.1820099126762115e-08,1.0,1
28,12,25.0,56.0,13846,13857,11,6.02028e-05,6.018055454545455e-05,5.433198812747699e-08,1.0,1
28,13,27.0,56.0,13857,13868,11,6.021399e-05,6.021859363636364e-05,4.8225600193771296e-08,1.0,1
28,14,29.0,56.0,13868,13880,12,6.013352e-05,6.01426725e-05,3.940852681104328e-08,1.0,1
28,15,31.0,56.0,13880,13891,11,5.694249e-05,4.766506363636363e-05,1.5895434943633274e-05,0.8181818181818182,1
28,16,33.0,56.0,13891,13903,12,2.6967135e-07,2.7878776666666667e-07,2.4821114360302647e-08,0.0,0
28,17,35.0,56.0,13903,13914,11,2.510162e-07,2.513012090909091e-07,7.704659622645661e-10,0.0,0
28,18,37.0,56.0,13914,13926,12,2.5400685e-07,2.541519416666667e-07,1.7547415300922626e-09,0.0,0
28,19,39.0,56.0,13926,13937,11,2.604748e-07,2.604912272727273e-07,1.8123371049513533e-09,0.0,0
28,20,41.0,56.0,13937,13948,11,2.66734e-07,2.6670482727272726e-07,1.7422524089605754e-09,0.0,0
28,21,43.0,56.0,13948,13960,12,2.7282725e-07,2.7282160833333334e-07,1.7721325183040192e-09,0.0,0
28,22,45.0,56.0,13960,13971,11,2.787309e-07,2.787437545454546e-07,1.630449020899472e-09,0.0,0
28,23,47.0,56.0,13971,13983,12,2.9884955e-07,1.4318374191666667e-05,2.4306903000050586e-05,0.25,0
28,24,49.0,56.0,13983,13994,11,5.981435e-05,5.982109727272727e-05,1.4898152881792266e-07,1.0,1
28,25,51.0,56.0,13994,14006,12,5.979171e-05,5.9796314999999996e-05,1.360509751588223e-07,1.0,1
28,26,53.0,56.0,14006,14017,11,6.010658e-05,6.008252181818181e-05,1.3051914926158113e-07,1.0,1
28,27,55.0,56.0,14017,14028,11,6.021489e-05,6.0199241818181816e-05,6.129409712320456e-08,1.0,1
28,28,57.0,56.0,14028,14040,12,6.0076925e-05,5.9962352500000014e-05,1.951261407451171e-07,1.0,1
28,29,59.0,56.0,14040,14051,11,5.984067e-05,5.972061727272727e-05,2.3486139618897526e-07,1.0,1
28,30,61.0,56.0,14051,14063,12,5.99189e-05,5.9929365833333335e-05,5.2378701533214105e-08,1.0,1
28,31,63.0,56.0,14063,14074,11,5.978301e-05,5.9741669999999995e-05,1.8787638653695002e-07,1.0,1
28,32,65.0,56.0,14074,14086,12,5.887683e-05,5.669043916666668e-05,3.895939604965787e-06,1.0,1
28,33,67.0,56.0,14086,14097,11,6.291426e-05,6.0879165454545455e-05,4.288724972960791e-06,1.0,1
28,34,69.0,56.0,14097,14108,11,6.464171e-05,6.464361272727273e-05,2.7291263034470426e-08,1.0,1
28,35,71.0,56.0,14108,14120,12,6.46092e-05,6.461815750000002e-05,4.9645222684733345e-08,1.0,1
28,36,73.0,56.0,14120,14131,11,6.459851e-05,6.45950109090909e-05,3.5811982619976664e-08,1.0,1
28,37,75.0,56.0,14131,14143,12,6.462332e-05,6.46162775e-05,2.7206959932157148e-08,1.0,1
28,38,77.0,56.0,14143,14154,11,6.461432e-05,6.462379090909091e-05,5.3821589188818475e-08,1.0,1
28,39,79.0,56.0,14154,14165,11,6.462291e-05,6.462490636363636e-05,4.2253764603173836e-08,1.0,1
29,0,1.0,58.0,14640,14651,11,1.276378e-07,1.2782425454545456e-07,1.197845705167581e-09,0.0,0
29,1,3.0,58.0,14629,14640,11,1.351225e-07,1.3638500909090907e-07,4.883138296675904e-09,0.0,0
29,2,5.0,58.0,14617,14629,12,1.7009535e-07,1.68716375e-07,4.66113711629201e-09,0.0,0
29,3,7.0,58.0,14606,14617,11,1.68095e-07,1.680948272727273e-07,6.299869235163966e-10,0.0,0
29,4,9.0,58.0,14594,14606,12,1.6559409999999999e-07,1.656337083333333e-07,7.798258378834059e-10,0.0,0
29,5,11.0,58.0,14583,14594,11,1.632006e-07,1.6319120909090907e-07,6.613558778676424e-10,0.0,0
29,6,13.0,58.0,14572,14583,11,1.609166e-07,1.6089076363636362e-07,6.482620293351186e-10,0.0,0
29,7,15.0,58.0,14560,14572,12,1.5852795e-07,1.5854475e-07,6.730966108219526e-10,0.0,0
29,8,17.0,58.0,14549,14560,11,1.565043e-07,1.565390909090909e-07,4.778815856646413e-10,0.0,0
29,9,19.0,58.0,14537,14549,12,1.555769e-07,1.555873083333333e-07,1.1717568333015448e-10,0.0,0
29,10,21.0,58.0,14526,14537,11,1.574428e-07,1.577716636363636e-07,1.4617254867716008e-09,0.0,0
29,11,23.0,58.0,14514,14526,12,1.7040305e-07,1.7422364166666666e-07,1.196260002329889e-08,0.0,0
29,12,25.0,58.0,14503,14514,11,2.566864e-07,2.6041337272727275e-07,3.0469348492336324e-08,0.0,0
29,13,27.0,58.0,14492,14503,11,5.340561e-05,4.439883818181818e-05,1.5696606298668985e-05,0.8181818181818182,1
29,14,29.0,58.0,14480,14492,12,5.7112239999999994e-05,5.715063416666667e-05,1.406346529403012e-07,1.0,1
29,15,31.0,58.0,14469,14480,11,5.719573e-05,5.723836636363636e-05,1.2068404039042839e-07,1.0,1
29,16,33.0,58.0,14457,14469,12,5.7739870000000004e-05,5.7743786666666676e-05,8.369943999547131e-08,1.0,1
29,17,35.0,58.0,14446,14457,11,5.819956e-05,5.812954727272728e-05,2.0677959654450266e-07,1.0,1
29,18,37.0,58.0,14434,14446,12,5.848705e-05,5.8473302500000005e-05,1.3727933111755386e-07,1.0,1
29,19,39.0,58.0,14423,14434,11,5.87996e-05,5.877323181818182e-05,9.937624902068581e-08,1.0,1
29,20,41.0,58.0,14412,14423,11,5.902207e-05,5.899754363636364e-05,4.970232393921492e-08,1.0,1
29,21,43.0,58.0,14400,14412,12,5.9086369999999995e-05,5.903127666666666e-05,1.6987008282475342e-07,1.0,1
29,22,45.0,58.0,14389,14400,11,5.919224e-05,5.918731181818182e-05,4.9221650782812805e-08,1.0,1
29,23,47.0,58.0,14377,14389,12,5.9081699999999994e-05,5.8924994999999995e-05,4.0047301472758506e-07,1.0,1
29,24,49.0,58.0,14366,14377,11,2.875014e-07,5.370153536363636e-06,1.598514894741623e-05,0.09090909090909091,0
29,25,51.0,58.0,14354,14366,12,2.759978e-07,2.7599557499999997e-07,1.5636516258025591e-09,0.0,0
29,26,53.0,58.0,14343,14354,11,2.705591e-07,2.705384e-07,1.5927011812412449e-09,0.0,0
29,27,55.0,58.0,14332,14343,11,2.64658e-07,2.6466140909090905e-07,1.7926755795608242e-09,0.0,0
29,28,57.0,58.0,14320,14332,12,2.5787965e-07,2.5787936666666666e-07,2.098042989444108e-09,0.0,0
29,29,59.0,58.0,14309,14320,11,2.511801e-07,2.5129852727272733e-07,1.6013346184246693e-09,0.0,0
29,30,61.0,58.0,14297,14309,12,2.4849725e-07,2.4897200000000004e-07,1.1457678058838978e-09,0.0,0
29,31,63.0,58.0,14286,14297,11,2.698291e-07,2.788028363636364e-07,2.495513973164547e-08,0.0,0
29,32,65.0,58.0,14274,14286,12,5.7117025e-05,4.6765626666666676e-05,1.654221809797804e-05,0.8333333333333334,1
29,33,67.0,58.0,14263,14274,11,5.879014e-05,5.880822e-05,3.1337725536774053e-07,1.0,1
29,34,69.0,58.0,14252,14263,11,5.97599e-05,5.940113999999999e-05,5.800885506384504e-07,1.0,1
29,35,71.0,58.0,14240,14252,12,6.0010035e-05,6.001434583333333e-05,8.92784203543745e-08,1.0,1
29,36,73.0,58.0,14229,14240,11,6.000399e-05,6.003191727272728e-05,1.0389774309307595e-07,1.0,1
29,37,75.0,58.0,14217,14229,12,5.9567185e-05,5.9592875833333336e-05,1.3363164161594365e-07,1.0,1
29,38,77.0,58.0,14206,14217,11,5.927801e-05,5.933819545454546e-05,2.817996925723742e-07,1.0,1
29,39,79.0,58.0,14194,14206,12,5.9554775e-05,5.948717416666667e-05,1.6144499442319537e-07,1.0,1
30,0,1.0,60.0,14680,14692,12,1.229778e-07,1.2298745833333333e-07,3.838475084225598e-11,0.0,0
30,1,3.0,60.0,14692,14703,11,1.229904e-07,1.2300176363636362e-07,3.079091580105885e-11,0.0,0
30,2,5.0,60.0,14703,14715,12,1.232005e-07,1.2320258333333332e-07,8.39223136133809e-11,0.0,0
30,3,7.0,60.0,14715,14726,11,1.234703e-07,1.2350396363636364e-07,1.0185927255267153e-10,0.0,0
30,4,9.0,60.0,14726,14738,12,1.2388820000000001e-07,1.238794e-07,1.1441739378258827e-10,0.0,0
30,5,11.0,60.0,14738,14749,11,1.244119e-07,1.2511482727272727e-07,1.5731282176784548e-09,0.0,0
30,6,13.0,60.0,14749,14760,11,1.802391e-07,1.7814420000000002e-07,2.4557538035138473e-08,0.0,0
30,7,15.0,60.0,14760,14772,12,2.4236045e-07,2.4370590833333333e-07,1.8565870826800196e-08,0.0,0
30,8,17.0,60.0,14772,14783,11,2.751082e-07,2.793907727272727e-07,1.843312121363414e-08,0.0,0
30,9,19.0,60.0,14783,14795,12,3.8785879999999997e-07,3.819015083333333e-07,2.5752664217560688e-08,0.0,0
30,10,21.0,60.0,14795,14806,11,4.458546e-07,4.481547181818182e-07,1.8070366364441094e-08,0.0,0
30,11,23.0,60.0,14806,14818,12,5.2921555e-07,5.262000166666666e-07,2.7799473477952576e-08,0.0,0
30,12,25.0,60.0,14818,14829,11,6.082353e-07,6.07706890909091e-07,2.631597622926058e-08,0.0,0
30,13,27.0,60.0,14829,14840,11,6.816737e-07,6.812777454545454e-07,1.7250063326490546e-08,0.0,0
30,14,29.0,60.0,14840,14852,12,7.482518e-07,7.487116833333332e-07,2.1968892489185447e-08,0.0,0
30,15,31.0,60.0,14852,14863,11,7.916653e-07,7.915355181818182e-07,5.896627899650957e-09,0.0,0
30,16,33.0,60.0,14863,14875,12,8.0760665e-07,8.028333083333333e-07,1.396765072846648e-08,0.0,0
30,17,35.0,60.0,14875,14886,11,2.934821e-07,3.6187764545454545e-07,1.7181348988359635e-07,0.0,0
30,18,37.0,60.0,14886,14898,12,1.681373e-07,1.6980817500000003e-07,8.252029546736267e-09,0.0,0
30,19,39.0,60.0,14898,14909,11,1.533071e-07,1.5359437272727272e-07,2.51179427939142e-09,0.0,0
30,20,41.0,60.0,14909,14920,11,1.4716e-07,1.4726764545454544e-07,1.2858699201592048e-09,0.0,0
30,21,43.0,60.0,14920,14932,12,1.436588e-07,1.4372575833333332e-07,8.018596234777565e-10,0.0,0
30,22,45.0,60.0,14932,14943,11,1.416005e-07,1.4160574545454547e-07,4.548643021698119e-10,0.0,0
30,23,47.0,60.0,14943,14955,12,1.4026195e-07,1.4028382500000001e-07,3.060855412162872e-10,0.0,0
30,24,49.0,60.0,14955,14966,11,1.394754e-07,1.3949223636363638e-07,1.412031049924337e-10,0.0,0
30,25,51.0,60.0,14966,14978,12,1.436772e-07,4.612297658333333e-06,1.477306053717471e-05,0.08333333333333333,0
30,26,53.0,60.0,14978,14989,11,5.963924e-05,5.938251181818183e-05,7.571034371125283e-07,1.0,1
30,27,55.0,60.0,14989,15000,11,5.99649e-05,5.995414454545455e-05,1.251794213674303e-07,1.0,1
30,28,57.0,60.0,15000,15012,12,6.0129165e-05,6.009485833333333e-05,9.593344983488515e-08,1.0,1
30,29,59.0,60.0,15012,15023,11,5.984307e-05,5.991752181818183e-05,2.1587964099630733e-07,1.0,1
30,30,61.0,60.0,15023,15035,12,5.890908e-05,5.883249916666667e-05,2.4763337559311085e-07,1.0,1
30,31,63.0,60.0,15035,15046,11,5.887909e-05,5.8969388181818176e-05,5.386396267672548e-07,1.0,1
30,32,65.0,60.0,15046,15058,12,5.9470765e-05,5.94864475e-05,4.933143057444054e-07,1.0,1
30,33,67.0,60.0,15058,15069,11,5.901464e-05,5.895759e-05,2.6771159070910756e-07,1.0,1
30,34,69.0,60.0,15069,15080,11,5.882075e-05,5.754631454545454e-05,2.3773737455488137e-06,1.0,1
30,35,71.0,60.0,15080,15092,12,5.6932574999999996e-05,5.6172285833333324e-05,6.929353979947023e-06,1.0,1
30,36,73.0,60.0,15092,15103,11,6.443644e-05,6.444428272727273e-05,4.629514859541124e-08,1.0,1
30,37,75.0,60.0,15103,15115,12,6.4431045e-05,6.442538749999999e-05,4.725500628240354e-08,1.0,1
30,38,77.0,60.0,15115,15126,11,6.441023e-05,6.440992181818182e-05,3.2957141540375446e-08,1.0,1
30,39,79.0,60.0,15126,15137,11,6.438064e-05,6.43840609090909e-05,2.4812510207755713e-08,1.0,1
31,0,1.0,62.0,15611,15622,11,1.219507e-07,1.219402181818182e-07,1.4038723600476412e-10,0.0,0
31,1,3.0,62.0,15600,15611,11,1.213923e-07,1.2138247272727272e-07,1.821983389351933e-10,0.0,0
31,2,5.0,62.0,15588,15600,12,1.2067129999999999e-07,1.2066079166666666e-07,2.4668253031758924e-10,0.0,0
31,3,7.0,62.0,15577,15588,11,1.198808e-07,1.198904090909091e-07,1.7207200635751753e-10,0.0,0
31,4,9.0,62.0,15565,15577,12,1.1922925e-07,1.19240075e-07,1.8567234637482538e-10,0.0,0
31,5,11.0,62.0,15554,15565,11,1.185819e-07,1.185816909090909e-07,1.9531600713875785e-10,0.0,0
31,6,13.0,62.0,15543,15554,11,1.178962e-07,1.1789595454545455e-07,1.955642203919728e-10,0.0,0
31,7,15.0,62.0,15531,15543,12,1.172161e-07,1.1721225833333333e-07,2.2506969830970632e-10,0.0,0
31,8,17.0,62.0,15520,15531,11,1.164638e-07,1.1647028181818181e-07,2.034196996725638e-10,0.0,0
31,9,19.0,62.0,15508,15520,12,1.1579185e-07,1.1578911666666667e-07,1.8250910860070104e-10,0.0,0
31,10,21.0,62.0,15497,15508,11,1.15133e-07,1.1513665454545455e-07,1.9351682268256934e-10,0.0,0
31,11,23.0,62.0,15486,15497,11,1.146232e-07,1.1463324545454545e-07,6.725487969638244e-11,0.0,0
31,12,25.0,62.0,15474,15486,12,1.1410745e-07,1.1409710000000001e-07,2.4275864213933555e-10,0.0,0
31,13,27.0,62.0,15463,15474,11,1.134026e-07,1.1344576363636363e-07,9.356502136557417e-11,0.0,0
31,14,29.0,62.0,15451,15463,12,1.1281645e-07,1.1281609166666667e-07,2.9813222865682985e-10,0.0,0
31,15,31.0,62.0,15440,15451,11,1.11741e-07,1.1175596363636365e-07,3.0179605477488914e-10,0.0,0
31,16,33.0,62.0,15429,15440,11,1.106967e-07,1.1068616363636364e-07,3.0823745059679786e-10,0.0,0
31,17,35.0,62.0,15417,15429,12,1.095055e-07,1.0947806666666668e-07,4.16351282639498e-10,0.0,0
31,18,37.0,62.0,15406,15417,11,1.079954e-07,1.0798733636363635e-07,4.1574312277201933e-10,0.0,0
31,19,39.0,62.0,15394,15406,12,1.06504e-07,1.0650103333333333e-07,4.259304214174996e-10,0.0,0
31,20,41.0,62.0,15383,15394,11,1.04049e-07,1.0405132727272729e-07,4.411489051657319e-10,0.0,0
31,21,43.0,62.0,15372,15383,11,1.024793e-07,1.0247138181818182e-07,4.702507258090796e-10,0.0,0
31,22,45.0,62.0,15360,15372,12,1.007162e-07,1.00726605e-07,5.316704680611214e-10,0.0,0
31,23,47.0,62.0,15349,15360,11,9.901603e-08,9.901859e-08,4.5442957658225555e-10,0.0,0
31,24,49.0,62.0,15337,15349,12,9.7480015e-08,9.749039000000001e-08,4.1222404078364993e-10,0.0,0
31,25,51.0,62.0,15326,15337,11,9.634956e-08,9.637657909090907e-08,2.158498475773682e-10,0.0,0
31,26,53.0,62.0,15315,15326,11,9.607842e-08,9.613706727272727e-08,1.3072423633469625e-10,0.0,0
31,27,55.0,62.0,15303,15315,12,9.759124e-08,9.826295e-08,1.7155861875804043e-09,0.0,0
31,28,57.0,62.0,15292,15303,11,1.078257e-07,1.0875208181818182e-07,4.802502217465424e-09,0.0,0
31,29,59.0,62.0,15280,15292,12,1.5304715e-07,3.2336761333333335e-06,7.20196167481906e-06,0.0,0
31,30,61.0,62.0,15269,15280,11,5.937962e-05,5.537913454545454e-05,7.237654918745642e-06,1.0,1
31,31,63.0,62.0,15258,15269,11,5.972636e-05,5.9786032727272735e-05,1.3390092280834224e-07,1.0,1
31,32,65.0,62.0,15246,15258,12,5.976457e-05,5.973151e-05,1.4617679238967307e-07,1.0,1
31,33,67.0,62.0,15235,15246,11,5.874656e-05,5.886321181818182e-05,2.910680321542521e-07,1.0,1
31,34,69.0,62.0,15223,15235,12,5.8706535e-05,5.8633875833333334e-05,2.6403595031290504e-07,1.0,1
31,35,71.0,62.0,15212,15223,11,5.909438e-05,5.8953815454545465e-05,3.591514951398046e-07,1.0,1
31,36,73.0,62.0,15201,15212,11,5.872393e-05,5.886245e-05,5.658105249671807e-07,1.0,1
31,37,75.0,62.0,15189,15201,12,5.9116029999999996e-05,5.9008296666666664e-05,6.735328109965311e-07,1.0,1
31,38,77.0,62.0,15178,15189,11,5.839517e-05,5.8405209090909084e-05,4.0952684967931507e-07,1.0,1
31,39,79.0,62.0,15166,15178,12,5.5886035e-05,5.56780375e-05,3.7870365842725566e-06,1.0,1
32,0,1.0,64.0,15651,15663,12,1.237414e-07,1.2373529166666666e-07,1.71053390584798e-10,0.0,0
32,1,3.0,64.0,15663,15674,11,1.242445e-07,1.2423473636363632e-07,1.2208194917369789e-10,0.0,0
32,2,5.0,64.0,15674,15686,12,1.246987e-07,1.246900583333333e-07,1.4771201405851304e-10,0.0,0
32,3,7.0,64.0,15686,15697,11,1.251997e-07,1.2521353636363636e-07,1.4917585883615712e-10,0.0,0
32,4,9.0,64.0,15697,15709,12,1.2572625e-07,1.25714525e-07,1.4565064438008344e-10,0.0,0
32,5,11.0,64.0,15709,15720,11,1.26163e-07,1.2614866363636362e-07,1.0485389204834406e-10,0.0,0
32,6,13.0,64.0,15720,15731,11,1.264768e-07,1.2648166363636363e-07,8.481756113969904e-11,0.0,0
32,7,15.0,64.0,15731,15743,12,1.2682035000000002e-07,1.2682850000000002e-07,1.0934877685644332e-10,0.0,0
32,8,17.0,64.0,15743,15754,11,1.272233e-07,1.2720340909090911e-07,9.972414182538547e-11,0.0,0
32,9,19.0,64.0,15754,15766,12,1.2750899999999998e-07,1.2751875833333334e-07,1.048043133521819e-10,0.0,0
32,10,21.0,64.0,15766,15777,11,1.279683e-07,1.2796986363636363e-07,1.2983295752429222e-10,0.0,0
32,11,23.0,64.0,15777,15789,12,1.2838325e-07,1.2837225833333334e-07,1.2233640408270933e-10,0.0,0
32,12,25.0,64.0,15789,15800,11,1.287766e-07,1.2879332727272727e-07,1.4170999253218489e-10,0.0,0
32,13,27.0,64.0,15800,15811,11,1.293874e-07,1.293541090909091e-07,1.3440923571179192e-10,0.0,0
32,14,29.0,64.0,15811,15823,12,1.2919369999999998e-07,1.2909405e-07,3.281692132117227e-10,0.0,0
32,15,31.0,64.0,15823,15834,11,1.284876e-07,1.2848125454545456e-07,6.887015930702522e-11,0.0,0
32,16,33.0,64.0,15834,15846,12,1.283439e-07,1.284377916666667e-07,2.4092532542378285e-10,0.0,0
32,17,35.0,64.0,15846,15857,11,1.292652e-07,1.2923508181818182e-07,1.275677774802077e-10,0.0,0
32,18,37.0,64.0,15857,15869,12,1.2942660000000002e-07,1.2952395833333335e-07,2.7378617099947943e-10,0.0,0
32,19,39.0,64.0,15869,15880,11,1.302613e-07,1.3026968181818184e-07,1.7094464185377048e-10,0.0,0
32,20,41.0,64.0,15880,15891,11,1.312597e-07,1.3128085454545456e-07,4.1144504628893497e-10,0.0,0
32,21,43.0,64.0,15891,15903,12,1.326278e-07,1.32600225e-07,2.698031570268685e-10,0.0,0
32,22,45.0,64.0,15903,15914,11,1.33456e-07,1.3344396363636366e-07,2.180692186720296e-10,0.0,0
32,23,47.0,64.0,15914,15926,12,1.3394009999999999e-07,1.3393979166666668e-07,1.0341351828407175e-10,0.0,0
32,24,49.0,64.0,15926,15937,11,1.342821e-07,1.3428464545454546e-07,8.691433989474165e-11,0.0,0
32,25,51.0,64.0,15937,15949,12,1.3458805e-07,1.3459720000000003e-07,9.436867418093231e-11,0.0,0
32,26,53.0,64.0,15949,15960,11,1.350019e-07,1.3501095454545455e-07,1.4598103465635113e-10,0.0,0
32,27,55.0,64.0,15960,15971,11,1.371426e-07,1.4308365454545454e-07,1.2825198083061023e-08,0.0,0
32,28,57.0,64.0,15971,15983,12,5.9242339999999996e-05,5.3754509474999996e-05,1.62142029374439e-05,0.9166666666666666,1
32,29,59.0,64.0,15983,15994,11,5.997523e-05,5.993491818181819e-05,1.3079202358346592e-07,1.0,1
32,30,61.0,64.0,15994,16006,12,6.012042e-05,6.006930250000001e-05,1.3015977054662576e-07,1.0,1
32,31,63.0,64.0,16006,16017,11,5.890243e-05,5.900184272727273e-05,3.289503723855036e-07,1.0,1
32,32,65.0,64.0,16017,16029,12,5.8709435000000007e-05,5.866313333333334e-05,1.804656709891259e-07,1.0,1
32,33,67.0,64.0,16029,16040,11,5.883776e-05,5.880915727272727e-05,3.6982286934769447e-07,1.0,1
32,34,69.0,64.0,16040,16051,11,5.887683e-05,5.8792057272727273e-05,3.1320492443855575e-07,1.0,1
32,35,71.0,64.0,16051,16063,12,5.8606119999999996e-05,5.859897499999999e-05,5.716345771775886e-07,1.0,1
32,36,73.0,64.0,16063,16074,11,5.769502e-05,5.774632090909091e-05,6.245901291021988e-07,1.0,1
32,37,75.0,64.0,16074,16086,12,5.745203e-05,5.8796299166666664e-05,3.718709771745343e-06,1.0,1
32,38,77.0,64.0,16086,16097,11,6.450133e-05,6.448962e-05,4.321250723827742e-08,1.0,1
32,39,79.0,64.0,16097,16108,11,6.450638e-05,6.450666181818182e-05,3.825151282051385e-08,1.0,1
33,0,1.0,66.0,16583,16594,11,1.215494e-07,1.2154646363636366e-07,1.82305967950622e-10,0.0,0
33,1,3.0,66.0,16572,16583,11,1.209288e-07,1.2092513636363635e-07,1.77262369860596e-10,0.0,0
33,2,5.0,66.0,16560,16572,12,1.2027860000000002e-07,1.2029746666666666e-07,1.7779980939872857e-10,0.0,0
33,3,7.0,66.0,16549,16560,11,1.196845e-07,1.196808181818182e-07,1.7005376058059996e-10,0.0,0
33,4,9.0,66.0,16537,16549,12,1.189743e-07,1.1898138333333332e-07,2.191254314821152e-10,0.0,0
33,5,11.0,66.0,16526,16537,11,1.18325e-07,1.1830742727272726e-07,1.9545645453613114e-10,0.0,0
33,6,13.0,66.0,16515,16526,11,1.17693e-07,1.1769995454545452e-07,1.4452607417246045e-10,0.0,0
33,7,15.0,66.0,16503,16515,12,1.1703085e-07,1.1703384166666666e-07,2.3552953267878847e-10,0.0,0
33,8,17.0,66.0,16492,16503,11,1.162906e-07,1.1631096363636364e-07,1.7430295607323168e-10,0.0,0
33,9,19.0,66.0,16480,16492,12,1.1565045e-07,1.1566044166666667e-07,2.4065002409561893e-10,0.0,0
33,10,21.0,66.0,16469,16480,11,1.147634e-07,1.147264909090909e-07,3.71899946110988e-10,0.0,0
33,11,23.0,66.0,16457,16469,12,1.1355799999999999e-07,1.1357013333333334e-07,2.8189648021136425e-10,0.0,0
33,12,25.0,66.0,16446,16457,11,1.125804e-07,1.1259208181818182e-07,2.9264388479137127e-10,0.0,0
33,13,27.0,66.0,16435,16446,11,1.1165e-07,1.1165150909090909e-07,2.5204415000891904e-10,0.0,0
33,14,29.0,66.0,16423,16435,12,1.1056805000000001e-07,1.1054367500000001e-07,3.932466997636482e-10,0.0,0
33,15,31.0,66.0,16412,16423,11,1.092375e-07,1.0923440909090907e-07,3.507475509006597e-10,0.0,0
33,16,33.0,66.0,16400,16412,12,1.079751e-07,1.0795867499999998e-07,3.836627949232663e-10,0.0,0
33,17,35.0,66.0,16389,16400,11,1.066603e-07,1.0664582727272727e-07,3.563534075526434e-10,0.0,0
33,18,37.0,66.0,16377,16389,12,1.0429355e-07,1.0436407500000001e-07,6.33891047584938e-10,0.0,0
33,19,39.0,66.0,16366,16377,11,1.026736e-07,1.0267794545454545e-07,4.4630639570028077e-10,0.0,0
33,20,41.0,66.0,16355,16366,11,1.011393e-07,1.0114205454545455e-07,4.5468908330785727e-10,0.0,0
33,21,43.0,66.0,16343,16355,12,9.949620500000001e-08,9.94962041666667e-08,4.82519429029517e-10,0.0,0
33,22,45.0,66.0,16332,16343,11,9.796093e-08,9.798453545454544e-08,3.724186451821916e-10,0.0,0
33,23,47.0,66.0,16320,16332,12,9.683567499999999e-08,9.68713025e-08,2.5561991263478667e-10,0.0,0
33,24,49.0,66.0,16309,16320,11,9.645894e-08,9.649784636363636e-08,1.0017073980983473e-10,0.0,0
33,25,51.0,66.0,16297,16309,12,9.7884575e-08,9.871670666666668e-08,1.8383654485952694e-09,0.0,0
33,26,53.0,66.0,16286,16297,11,1.086743e-07,1.0965217272727273e-07,5.141251149829173e-09,0.0,0
33,27,55.0,66.0,16275,16286,11,1.520522e-07,1.7245536636363635e-06,4.954753423676568e-06,0.0,0
33,28,57.0,66.0,16263,16275,12,5.948709e-05,5.428334833333334e-05,9.34298228499055e-06,0.9166666666666666,1
33,29,59.0,66.0,16252,16263,11,5.988031e-05,5.989581e-05,5.3869003737180796e-08,1.0,1
33,30,61.0,66.0,16240,16252,12,5.9966095e-05,5.996997916666668e-05,6.827960425807191e-08,1.0,1
33,31,63.0,66.0,16229,16240,11,5.959675e-05,5.943858636363636e-05,3.8305836847601213e-07,1.0,1
33,32,65.0,66.0,16217,16229,12,5.8715189999999996e-05,5.8760801666666664e-05,1.2423676058460137e-07,1.0,1
33,33,67.0,66.0,16206,16217,11,5.910679e-05,5.894049454545455e-05,4.25245784680378e-07,1.0,1
33,34,69.0,66.0,16195,16206,11,5.849318e-05,5.866197363636365e-05,4.771558835104045e-07,1.0,1
33,35,71.0,66.0,16183,16195,12,5.7684515e-05,5.7940800833333334e-05,5.992557395978549e-07,1.0,1
33,36,73.0,66.0,16172,16183,11,5.555735e-05,5.599534090909091e-05,8.801847135010891e-07,1.0,1
33,37,75.0,66.0,16160,16172,12,5.6902205e-05,5.8140082500000005e-05,2.564779197335595e-06,1.0,1
33,38,77.0,66.0,16149,16160,11,6.44262e-05,6.441690181818182e-05,6.300153040250454e-08,1.0,1
33,39,79.0,66.0,16137,16149,12,6.444014499999999e-05,6.442560499999999e-05,2.9763177613732476e-08,1.0,1
34,0,1.0,68.0,16623,16635,12,1.2339415000000001e-07,1.2339429166666667e-07,1.4485187525154611e-10,0.0,0
34,1,3.0,68.0,16635,16646,11,1.238396e-07,1.2383951818181816e-07,1.0918005827057521e-10,0.0,0
34,2,5.0,68.0,16646,16658,12,1.2421595e-07,1.2422524166666667e-07,1.2182582141684285e-10,0.0,0
34,3,7.0,68.0,16658,16669,11,1.24647e-07,1.2465163636363638e-07,1.2670169886733276e-10,0.0,0
34,4,9.0,68.0,16669,16681,12,1.2508755e-07,1.2509297499999998e-07,1.2478457520196128e-10,0.0,0
34,5,11.0,68.0,16681,16692,11,1.255811e-07,1.2556254545454548e-07,1.4249304521233536e-10,0.0,0
34,6,13.0,68.0,16692,16703,11,1.259554e-07,1.2594788181818182e-07,6.170910965875136e-11,0.0,0
34,7,15.0,68.0,16703,16715,12,1.2626535e-07,1.2627923333333334e-07,1.252842656610232e-10,0.0,0
34,8,17.0,68.0,16715,16726,11,1.267745e-07,1.2677757272727274e-07,1.6063607706925027e-10,0.0,0
34,9,19.0,68.0,16726,16738,12,1.273051e-07,1.2730075e-07,1.493257485052929e-10,0.0,0
34,10,21.0,68.0,16738,16749,11,1.277953e-07,1.2780362727272727e-07,1.5347704057438167e-10,0.0,0
34,11,23.0,68.0,16749,16761,12,1.2837065e-07,1.28352975e-07,1.4375512816939727e-10,0.0,0
34,12,25.0,68.0,16761,16772,11,1.288442e-07,1.288297e-07,1.3900869168378306e-10,0.0,0
34,13,27.0,68.0,16772,16783,11,1.293307e-07,1.2932952727272726e-07,1.4702646076570962e-10,0.0,0
34,14,29.0,68.0,16783,16795,12,1.2985265e-07,1.29853125e-07,1.4392682819752845e-10,0.0,0
34,15,31.0,68.0,16795,16806,11,1.303813e-07,1.3037755454545454e-07,1.710139779700981e-10,0.0,0
34,16,33.0,68.0,16806,16818,12,1.3096335e-07,1.3095518333333332e-07,1.6521923230127024e-10,0.0,0
34,17,35.0,68.0,16818,16829,11,1.314407e-07,1.314431181818182e-07,1.1690331528219027e-10,0.0,0
34,18,37.0,68.0,16829,16841,12,1.318747e-07,1.318736583333333e-07,1.2288424402890768e-10,0.0,0
34,19,39.0,68.0,16841,16852,11,1.322823e-07,1.322871090909091e-07,1.2111918588763015e-10,0.0,0
34,20,41.0,68.0,16852,16863,11,1.327319e-07,1.3272726363636365e-07,1.277027676266456e-10,0.0,0
34,21,43.0,68.0,16863,16875,12,1.3318199999999998e-07,1.3319314166666668e-07,1.5239524521417813e-10,0.0,0
34,22,45.0,68.0,16875,16886,11,1.336637e-07,1.3368263636363638e-07,9.789429617265946e-11,0.0,0
34,23,47.0,68.0,16886,16898,12,1.3403285e-07,1.3402293333333333e-07,8.92502225331815e-11,0.0,0
34,24,49.0,68.0,16898,16909,11,1.34312e-07,1.3430322727272728e-07,7.938536722171013e-11,0.0,0
34,25,51.0,68.0,16909,16921,12,1.345619e-07,1.3456634166666666e-07,6.52063322376649e-11,0.0,0
34,26,53.0,68.0,16921,16932,11,1.347987e-07,1.3481294545454545e-07,7.515624166466424e-11,0.0,0
34,27,55.0,68.0,16932,16943,11,1.350574e-07,1.3506981818181817e-07,7.537402275177283e-11,0.0,0
34,28,57.0,68.0,16943,16955,12,1.3543855e-07,1.3545975e-07,1.6981127514587115e-10,0.0,0
34,29,59.0,68.0,16955,16966,11,1.371303e-07,1.406639e-07,6.846480022079029e-09,0.0,0
34,30,61.0,68.0,16966,16978,12,5.823952e-05,4.8617727583333336e-05,2.1684800643095877e-05,0.8333333333333334,1
34,31,63.0,68.0,16978,16989,11,5.998788e-05,6.000703727272727e-05,9.636425045258779e-08,1.0,1
34,32,65.0,68.0,16989,17001,12,6.0161895e-05,6.0164868333333326e-05,3.66454653477827e-08,1.0,1
34,33,67.0,68.0,17001,17012,11,6.005638e-05,6.004187363636363e-05,7.718538501234623e-08,1.0,1
34,34,69.0,68.0,17012,17023,11,5.995297e-05,5.994292909090909e-05,7.187595886532463e-08,1.0,1
34,35,71.0,68.0,17023,17035,12,5.9303085e-05,5.9201e-05,3.0603415019133523e-07,1.0,1
34,36,73.0,68.0,17035,17046,11,5.8565e-05,5.8518780000000005e-05,2.2729887913174066e-07,1.0,1
34,37,75.0,68.0,17046,17058,12,5.7290165e-05,5.734398249999999e-05,6.025520320703294e-07,1.0,1
34,38,77.0,68.0,17058,17069,11,5.597665e-05,5.585166090909091e-05,5.198893013719281e-07,1.0,1
34,39,79.0,68.0,17069,17080,11,5.775544e-05,5.879735090909091e-05,3.777132577877405e-06,1.0,1
35,0,1.0,70.0,17554,17565,11,1.132797e-07,1.1329688181818183e-07,5.059997876718572e-11,0.0,0
35,1,3.0,70.0,17543,17554,11,1.134882e-07,1.1359882727272728e-07,3.238037483384295e-10,0.0,0
35,2,5.0,70.0,17531,17543,12,1.1518945e-07,1.15040775e-07,2.6183205534910033e-10,0.0,0
35,3,7.0,70.0,17520,17531,11,1.148891e-07,1.1488426363636362e-07,1.8341556527944114e-10,0.0,0
35,4,9.0,70.0,17508,17520,12,1.142638e-07,1.1425880833333333e-07,1.8979781987830153e-10,0.0,0
35,5,11.0,70.0,17497,17508,11,1.13577e-07,1.1359068181818182e-07,1.9714248570366953e-10,0.0,0
35,6,13.0,70.0,17486,17497,11,1.129196e-07,1.1291869090909092e-07,1.910149516020598e-10,0.0,0
35,7,15.0,70.0,17474,17486,12,1.1218879999999999e-07,1.1218522499999999e-07,2.228290343327521e-10,0.0,0
35,8,17.0,70.0,17463,17474,11,1.114016e-07,1.1140556363636364e-07,2.259419526126417e-10,0.0,0
35,9,19.0,70.0,17451,17463,12,1.105891e-07,1.1057851666666666e-07,2.4578765507829966e-10,0.0,0
35,10,21.0,70.0,17440,17451,11,1.09759e-07,1.0974914545454546e-07,2.550699025887055e-10,0.0,0
35,11,23.0,70.0,17429,17440,11,1.088117e-07,1.0878757272727272e-07,3.1029301427964016e-10,0.0,0
35,12,25.0,70.0,17417,17429,12,1.076527e-07,1.0765225000000001e-07,3.2081858710700106e-10,0.0,0
35,13,27.0,70.0,17406,17417,11,1.068451e-07,1.0689840000000002e-07,7.855020398098471e-11,0.0,0
35,14,29.0,70.0,17394,17406,12,1.084935e-07,1.0855845e-07,1.2811532822031873e-09,0.0,0
35,15,31.0,70.0,17383,17394,11,1.097817e-07,1.0962542727272728e-07,1.0128447553041433e-09,0.0,0
35,16,33.0,70.0,17372,17383,11,1.076644e-07,1.0768813636363636e-07,9.818601337838549e-11,0.0,0
35,17,35.0,70.0,17360,17372,12,1.031442e-07,1.0379205833333332e-07,2.72737966292995e-09,0.0,0
35,18,37.0,70.0,17349,17360,11,9.924766e-08,9.94644881818182e-08,6.326506011409186e-10,0.0,0
35,19,39.0,70.0,17337,17349,12,9.799221e-08,9.804596666666665e-08,4.1572670887522203e-10,0.0,0
35,20,41.0,70.0,17326,17337,11,9.775894e-08,9.771291181818182e-08,1.181561107424623e-10,0.0,0
35,21,43.0,70.0,17315,17326,11,9.728662e-08,9.726304181818183e-08,2.929970089458931e-10,0.0,0
35,22,45.0,70.0,17303,17315,12,9.6363855e-08,9.641534166666666e-08,1.2990534957122347e-10,0.0,0
35,23,47.0,70.0,17292,17303,11,9.70953e-08,9.723845090909093e-08,5.925335664209558e-10,0.0,0
35,24,49.0,70.0,17280,17292,12,1.046464e-07,1.0537173333333335e-07,3.8148344833761206e-09,0.0,0
35,25,51.0,70.0,17269,17280,11,1.323632e-07,1.3831295454545454e-07,2.053130851169694e-08,0.0,0
35,26,53.0,70.0,17258,17269,11,4.950715e-05,3.929800741818182e-05,2.2476749109059024e-05,0.6363636363636364,1
35,27,55.0,70.0,17246,17258,12,5.982007e-05,5.981154833333333e-05,7.822273271811045e-08,1.0,1
35,28,57.0,70.0,17235,17246,11,6.010254e-05,6.0092769090909095e-05,6.384157856537479e-08,1.0,1
35,29,59.0,70.0,17223,17235,12,6.0017785e-05,6.000052916666667e-05,1.1347392589330292e-07,1.0,1
35,30,61.0,70.0,17212,17223,11,5.95959e-05,5.962240818181818e-05,7.81933755411059e-08,1.0,1
35,31,63.0,70.0,17201,17212,11,5.918561e-05,5.9300199999999985e-05,1.8647846938843808e-07,1.0,1
35,32,65.0,70.0,17189,17201,12,5.9561340000000005e-05,5.948606916666667e-05,1.8045775551165782e-07,1.0,1
35,33,67.0,70.0,17178,17189,11,5.8174e-05,5.812366636363637e-05,8.811144542543083e-07,1.0,1
35,34,69.0,70.0,17166,17178,12,5.378515e-05,5.4206349166666665e-05,1.3009597554655451e-06,1.0,1
35,35,71.0,70.0,17155,17166,11,5.48718e-05,5.650245454545454e-05,2.714959254110333e-06,1.0,1
35,36,73.0,70.0,17144,17155,11,6.44431e-05,6.437673090909091e-05,1.9662589274857456e-07,1.0,1
35,37,75.0,70.0,17132,17144,12,6.447395500000001e-05,6.4471425e-05,4.711318702514878e-08,1.0,1
35,38,77.0,70.0,17121,17132,11,6.447153e-05,6.446192727272729e-05,3.4988389786252474e-08,1.0,1
35,39,79.0,70.0,17109,17121,12,6.451778e-05,6.45251075e-05,3.4515243522489345e-08,1.0,1
36,0,1.0,72.0,17594,17606,12,1.1433685e-07,1.1446174999999999e-07,3.9252149516512577e-10,0.0,0
36,1,3.0,72.0,17606,17617,11,2.771463e-05,2.0226812300000002e-05,1.2294526091519445e-05,0.0,0
36,2,5.0,72.0,17617,17629,12,2.809335e-05,2.8114522499999998e-05,1.9254607942537648e-07,0.0,0
36,3,7.0,72.0,17629,17640,11,2.03974e-07,7.2976442909090906e-06,1.011731060507464e-05,0.0,0
36,4,9.0,72.0,17640,17652,12,1.2211475e-07,1.2387749166666665e-07,8.956697092256195e-09,0.0,0
36,5,11.0,72.0,17652,17663,11,1.065466e-07,1.0688906363636363e-07,2.3553974392572275e-09,0.0,0
36,6,13.0,72.0,17663,17674,11,1.01604e-07,1.0172675454545456e-07,8.206554080995101e-10,0.0,0
36,7,15.0,72.0,17674,17686,12,9.997276e-08,1.000461625e-07,2.1257298758799011e-10,0.0,0
36,8,17.0,72.0,17686,17697,11,1.001291e-07,1.0015868454545454e-07,1.8360147144209484e-10,0.0,0
36,9,19.0,72.0,17697,17709,12,1.0094715e-07,1.0093138333333333e-07,2.6554091911082774e-10,0.0,0
36,10,21.0,72.0,17709,17720,11,1.017767e-07,1.0179512727272727e-07,2.696467456469968e-10,0.0,0
36,11,23.0,72.0,17720,17732,12,1.0289845e-07,1.028926e-07,3.4450051523909254e-10,0.0,0
36,12,25.0,72.0,17732,17743,11,1.041046e-07,1.0411356363636364e-07,3.2112774935367774e-10,0.0,0
36,13,27.0,72.0,17743,17754,11,1.068084e-07,1.0664679090909093e-07,6.780501663587835e-10,0.0,0
36,14,29.0,72.0,17754,17766,12,1.0815815e-07,1.0811395e-07,4.2686414212642937e-10,0.0,0
36,15,31.0,72.0,17766,17777,11,1.092947e-07,1.0927614545454545e-07,3.0671412619344863e-10,0.0,0
36,16,33.0,72.0,17777,17789,12,1.1041245e-07,1.1041971666666669e-07,3.8115160114520774e-10,0.0,0
36,17,35.0,72.0,17789,17800,11,1.117132e-07,1.117002090909091e-07,3.414517094954356e-10,0.0,0
36,18,37.0,72.0,17800,17812,12,1.130378e-07,1.1306496666666666e-07,4.72268654710667e-10,0.0,0
36,19,39.0,72.0,17812,17823,11,1.146177e-07,1.1460546363636361e-07,3.6343527189790585e-10,0.0,0
36,20,41.0,72.0,17823,17834,11,1.158131e-07,1.1581199090909092e-07,3.207652170401446e-10,0.0,0
36,21,43.0,72.0,17834,17846,12,1.169123e-07,1.1684120833333333e-07,2.4886320358225267e-10,0.0,0
36,22,45.0,72.0,17846,17857,11,1.176218e-07,1.1759730000000001e-07,1.8482568200137234e-10,0.0,0
36,23,47.0,72.0,17857,17869,12,1.1895435e-07,1.1916961666666666e-07,1.2128628802914564e-09,0.0,0
36,24,49.0,72.0,17869,17880,11,1.219208e-07,1.218306272727273e-07,4.6317979248374963e-10,0.0,0
36,25,51.0,72.0,17880,17892,12,1.2315405000000001e-07,1.2315396666666665e-07,3.593176434422454e-10,0.0,0
36,26,53.0,72.0,17892,17903,11,1.24542e-07,1.244393818181818e-07,2.975484003964951e-10,0.0,0
36,27,55.0,72.0,17903,17914,11,1.249718e-07,1.249608727272727e-07,4.7829680608461904e-11,0.0,0
36,28,57.0,72.0,17914,17926,12,1.2418715e-07,1.2429216666666666e-07,4.91057945211721e-10,0.0,0
36,29,59.0,72.0,17926,17937,11,1.239438e-07,1.2536080000000002e-07,2.677370142509249e-09,0.0,0
36,30,61.0,72.0,17937,17949,12,5.9194015e-05,3.96193452e-05,2.786409133966303e-05,0.6666666666666666,1
36,31,63.0,72.0,17949,17960,11,6.006084e-05,6.001831090909091e-05,7.425503367749783e-08,1.0,1
36,32,65.0,72.0,17960,17972,12,5.9999565e-05,6.000435333333333e-05,6.781145224485083e-08,1.0,1
36,33,67.0,72.0,17972,17983,11,5.970082e-05,5.9694328181818175e-05,1.426665438144729e-07,1.0,1
36,34,69.0,72.0,17983,17994,11,5.953592e-05,5.954970636363637e-05,9.895172177037892e-08,1.0,1
36,35,71.0,72.0,17994,18006,12,5.9517645000000004e-05,5.949750416666666e-05,1.1700251581756173e-07,1.0,1
36,36,73.0,72.0,18006,18017,11,5.941708e-05,5.934975e-05,2.4766626540201597e-07,1.0,1
36,37,75.0,72.0,18017,18029,12,5.8191775e-05,5.8107064999999996e-05,3.180731208254897e-07,1.0,1
36,38,77.0,72.0,18029,18040,11,5.651208e-05,5.6278906363636364e-05,8.509593820161589e-07,1.0,1
36,39,79.0,72.0,18040,18051,11,6.119139e-05,6.024082181818183e-05,4.1013114177492475e-06,1.0,1
37,0,1.0,74.0,18526,18537,11,1.128691e-07,1.1728372727272728e-07,8.808735168630874e-09,0.0,0
37,1,3.0,74.0,18515,18526,11,1.129781e-07,1.1328260000000001e-07,1.601641805943343e-09,0.0,0
37,2,5.0,74.0,18503,18515,12,1.11139e-07,1.1112235e-07,1.1084507581906221e-10,0.0,0
37,3,7.0,74.0,18492,18503,11,1.103933e-07,1.1040140909090908e-07,2.696299735649383e-10,0.0,0
37,4,9.0,74.0,18480,18492,12,1.09693e-07,1.0966503333333334e-07,2.707208135494731e-10,0.0,0
37,5,11.0,74.0,18469,18480,11,1.089257e-07,1.0892235454545453e-07,1.8030466319606835e-10,0.0,0
37,6,13.0,74.0,18458,18469,11,1.082298e-07,1.0817734545454545e-07,3.0567948860213893e-10,0.0,0
37,7,15.0,74.0,18446,18458,12,1.068789e-07,1.07005125e-07,2.205538147671299e-10,0.0,0
37,8,17.0,74.0,18435,18446,11,1.067322e-07,1.0669700000000002e-07,1.641299762106511e-10,0.0,0
37,9,19.0,74.0,18423,18435,12,1.05817e-07,1.058355e-07,3.0737667987883027e-10,0.0,0
37,10,21.0,74.0,18412,18423,11,1.051467e-07,1.051789909090909e-07,6.747414931991472e-11,0.0,0
37,11,23.0,74.0,18400,18412,12,1.0455320000000001e-07,1.0465029166666668e-07,4.325895927595691e-10,0.0,0
37,12,25.0,74.0,18389,18400,11,1.033066e-07,1.0334980909090911e-07,3.035995282501591e-10,0.0,0
37,13,27.0,74.0,18378,18389,11,1.026579e-07,1.0265257272727273e-07,1.1270148898677029e-10,0.0,0
37,14,29.0,74.0,18366,18378,12,1.0179605e-07,1.0178595833333335e-07,4.1112489071313525e-10,0.0,0
37,15,31.0,74.0,18355,18366,11,1.006542e-07,1.006654e-07,2.2552671278990101e-10,0.0,0
37,16,33.0,74.0,18343,18355,12,9.953093e-08,9.94862225e-08,5.145593252665345e-10,0.0,0
37,17,35.0,74.0,18332,18343,11,9.799392e-08,9.799982363636363e-08,3.309562953094543e-10,0.0,0
37,18,37.0,74.0,18320,18332,12,9.6814925e-08,9.679765999999999e-08,3.976070272685493e-10,0.0,0
37,19,39.0,74.0,18309,18320,11,9.548747e-08,9.547170545454546e-08,3.7669059156056443e-10,0.0,0
37,20,41.0,74.0,18298,18309,11,9.415634e-08,9.414818e-08,3.3089818010983405e-10,0.0,0
37,21,43.0,74.0,18286,18298,12,9.283541e-08,9.289160916666668e-08,3.371022493116487e-10,0.0,0
37,22,45.0,74.0,18275,18286,11,9.214148e-08,9.218162454545455e-08,1.0466328742154315e-10,0.0,0
37,23,47.0,74.0,18263,18275,12,9.2546365e-08,9.261533083333333e-08,3.602880899238466e-10,0.0,0
37,24,49.0,74.0,18252,18263,11,9.507303e-08,9.558771636363638e-08,2.0226294910755628e-09,0.0,0
37,25,51.0,74.0,18240,18252,12,1.111165e-07,1.1302877500000002e-07,8.75398109539549e-09,0.0,0
37,26,53.0,74.0,18229,18240,11,2.038094e-07,1.2385799436363636e-05,1.782145885298766e-05,0.18181818181818182,0
37,27,55.0,74.0,18218,18229,11,5.937585e-05,5.886415909090909e-05,1.2899038313656958e-06,1.0,1
37,28,57.0,74.0,18206,18218,12,5.9413065e-05,5.94495e-05,1.2472374159183456e-07,1.0,1
37,29,59.0,74.0,18195,18206,11,5.950667e-05,5.954540181818183e-05,1.2572002240318762e-07,1.0,1
37,30,61.0,74.0,18183,18195,12,5.972593e-05,5.9715120833333336e-05,7.33395494098434e-08,1.0,1
37,31,63.0,74.0,18172,18183,11,5.95725e-05,5.959037818181818e-05,1.189116670488248e-07,1.0,1
37,32,65.0,74.0,18160,18172,12,5.94489e-05,5.936549666666667e-05,2.001452419425021e-07,1.0,1
37,33,67.0,74.0,18149,18160,11,5.896233e-05,5.8733257272727266e-05,5.141685650214311e-07,1.0,1
37,34,69.0,74.0,18138,18149,11,5.72121e-05,5.714796636363636e-05,6.587506733379033e-07,1.0,1
37,35,71.0,74.0,18126,18138,12,5.5912394999999996e-05,5.583495333333333e-05,9.2521102703053e-07,1.0,1
37,36,73.0,74.0,18115,18126,11,6.440239e-05,6.36768890909091e-05,1.4118138860889983e-06,1.0,1
37,37,75.0,74.0,18103,18115,12,6.444889e-05,6.444834666666668e-05,3.182722428292381e-08,1.0,1
37,38,77.0,74.0,18092,18103,11,6.446319e-05,6.44585618181818e-05,4.111008166953823e-08,1.0,1
37,39,79.0,74.0,18080,18092,12,6.448057e-05,6.44842125e-05,2.436176619383942e-08,1.0,1
38,0,1.0,76.0,18566,18578,12,5.306189e-05,5.3199038333333344e-05,1.5922250663606644e-06,1.0,1
38,1,3.0,76.0,18578,18589,11,5.148443e-05,5.154237727272728e-05,1.7909054602178287e-07,1.0,1
38,2,5.0,76.0,18589,18601,12,5.6580955e-05,5.6508179166666666e-05,1.7533596727732848e-06,1.0,1
38,3,7.0,76.0,18601,18612,11,3.232398e-05,3.569131363636364e-05,7.717447010642683e-06,0.6363636363636364,1
38,4,9.0,76.0,18612,18624,12,2.5694765e-05,2.54133325e-05,9.393043298023368e-07,0.0,0
38,5,11.0,76.0,18624,18635,11,2.269671e-05,2.2848919090909095e-05,7.937699968155939e-07,0.0,0
38,6,13.0,76.0,18635,18646,11,2.018177e-05,2.021189090909091e-05,2.0442391891959778e-07,0.0,0
38,7,15.0,76.0,18646,18658,12,1.9802974999999998e-05,1.9641496666666667e-05,6.757548016518677e-07,0.0,0
38,8,17.0,76.0,18658,18669,11,1.659505e-05,1.665465e-05,8.507280647133426e-07,0.0,0
38,9,19.0,76.0,18669,18681,12,1.4510009999999999e-05,1.4511405833333333e-05,6.181526048026535e-07,0.0,0
38,10,21.0,76.0,18681,18692,11,1.279546e-05,1.2964334545454544e-05,2.9024393688330625e-07,0.0,0
38,11,23.0,76.0,18692,18704,12,1.1769779999999999e-05,1.1614295833333334e-05,7.788750585134343e-07,0.0,0
38,12,25.0,76.0,18704,18715,11,8.554593e-06,8.87194909090909e-06,7.334144197809504e-07,0.0,0
38,13,27.0,76.0,18715,18726,11,7.759448e-06,7.69207209090909e-06,3.692297318276755e-07,0.0,0
38,14,29.0,76.0,18726,18738,12,6.3136e-06,6.448879166666665e-06,3.728727561214936e-07,0.0,0
38,15,31.0,76.0,18738,18749,11,5.604363e-06,5.609951909090909e-06,1.9861396694980233e-07,0.0,0
38,16,33.0,76.0,18749,18761,12,5.1170695000000004e-06,5.114983833333333e-06,7.164570771376022e-08,0.0,0
38,17,35.0,76.0,18761,18772,11,4.765961e-06,4.796849090909092e-06,7.354732690458523e-08,0.0,0
38,18,37.0,76.0,18772,18784,12,4.4972245e-06,4.515474416666666e-06,1.1101713380634719e-07,0.0,0
38,19,39.0,76.0,18784,18795,11,4.233281e-06,4.246848363636363e-06,4.9871172832468565e-08,0.0,0
38,20,41.0,76.0,18795,18806,11,4.075508e-06,4.072279545454546e-06,6.186694938533762e-08,0.0,0
38,21,43.0,76.0,18806,18818,12,3.733688e-06,3.5840282499999993e-06,2.775070880155211e-07,0.0,0
38,22,45.0,76.0,18818,18829,11,2.575293e-07,7.748836363636362e-07,8.995338236269155e-07,0.0,0
38,23,47.0,76.0,18829,18841,12,1.8604055e-07,1.8814778333333336e-07,5.7208452058871725e-09,0.0,0
38,24,49.0,76.0,18841,18852,11,2.212173e-07,2.3631895454545452e-07,4.3560392152929754e-08,0.0,0
38,25,51.0,76.0,18852,18864,12,6.7660175e-07,7.397279583333333e-07,3.645427979962354e-07,0.0,0
38,26,53.0,76.0,18864,18875,11,3.642969e-06,3.8028505454545455e-06,1.5051423465500084e-06,0.0,0
38,27,55.0,76.0,18875,18886,11,6.937732e-06,7.083646636363637e-06,4.93893219280015e-07,0.0,0
38,28,57.0,76.0,18886,18898,12,8.9455155e-06,8.801481916666667e-06,3.4222257653425346e-07,0.0,0
38,29,59.0,76.0,18898,18909,11,1.199471e-05,1.1969482636363636e-05,2.060965298569592e-06,0.0,0
38,30,61.0,76.0,18909,18921,12,5.809492e-05,4.999935750000001e-05,1.3630351498179912e-05,0.8333333333333334,1
38,31,63.0,76.0,18921,18932,11,5.976553e-05,5.977287181818182e-05,7.673135341367453e-08,1.0,1
38,32,65.0,76.0,18932,18944,12,5.979095e-05,5.971843000000001e-05,1.669636734941667e-07,1.0,1
38,33,67.0,76.0,18944,18955,11,5.980056e-05,5.977188272727273e-05,7.510510176242226e-08,1.0,1
38,34,69.0,76.0,18955,18966,11,5.960666e-05,5.959869454545455e-05,1.7182362306439557e-07,1.0,1
38,35,71.0,76.0,18966,18978,12,5.911903e-05,5.876995166666666e-05,6.075150517454046e-07,1.0,1
38,36,73.0,76.0,18978,18989,11,5.901797e-05,5.849532181818182e-05,8.526979001095512e-07,1.0,1
38,37,75.0,76.0,18989,19001,12,5.702987e-05,5.705155416666667e-05,5.071851944220894e-07,1.0,1
38,38,77.0,76.0,19001,19012,11,5.634458e-05,5.6416442727272726e-05,4.415921456212505e-07,1.0,1
38,39,79.0,76.0,19012,19023,11,6.031269e-05,5.996794636363637e-05,3.836560836652045e-06,1.0,1
39,0,1.0,78.0,19497,19508,11,5.968875e-05,5.968727999999999e-05,9.091845337244041e-08,1.0,1
39,1,3.0,78.0,19486,19497,11,5.966745e-05,5.968513545454545e-05,7.21394613186081e-08,1.0,1
39,2,5.0,78.0,19474,19486,12,5.971262e-05,5.971692916666667e-05,6.435972711490931e-08,1.0,1
39,3,7.0,78.0,19463,19474,11,5.87168e-05,5.8621009090909096e-05,7.060372925697154e-07,1.0,1
39,4,9.0,78.0,19451,19463,12,5.9175635e-05,5.918078916666667e-05,2.276763656837745e-07,1.0,1
39,5,11.0,78.0,19440,19451,11,5.938423e-05,5.9387267272727265e-05,1.2034286012668678e-07,1.0,1
39,6,13.0,78.0,19429,19440,11,5.923037e-05,5.920255181818182e-05,1.5170323139233426e-07,1.0,1
39,7,15.0,78.0,19417,19429,12,5.9304675e-05,5.9252084166666666e-05,3.8834983036042747e-07,1.0,1
39,8,17.0,78.0,19406,19417,11,5.969185e-05,5.962850363636363e-05,9.019577809840539e-08,1.0,1
39,9,19.0,78.0,19394,19406,12,5.9336469999999995e-05,5.9382141666666674e-05,1.9518432590901236e-07,1.0,1
39,10,21.0,78.0,19383,19394,11,5.961593e-05,5.957180545454546e-05,1.4774822314659196e-07,1.0,1
39,11,23.0,78.0,19372,19383,11,5.964351e-05,5.95816390909091e-05,1.0566702465373813e-07,1.0,1
39,12,25.0,78.0,19360,19372,12,5.9644655e-05,5.9646663333333335e-05,8.839010552972376e-08,1.0,1
39,13,27.0,78.0,19349,19360,11,5.978438e-05,5.975289545454546e-05,5.964062028877435e-08,1.0,1
39,14,29.0,78.0,19337,19349,12,5.9656145e-05,5.9637531666666664e-05,9.437639639879464e-08,1.0,1
39,15,31.0,78.0,19326,19337,11,5.956454e-05,5.955261636363637e-05,1.4798733927865912e-07,1.0,1
39,16,33.0,78.0,19315,19326,11,5.973804e-05,5.972049636363636e-05,8.707587519699292e-08,1.0,1
39,17,35.0,78.0,19303,19315,12,5.8646955e-05,5.83052875e-05,1.122904025018204e-06,1.0,1
39,18,37.0,78.0,19292,19303,11,5.650991e-05,5.64501190909091e-05,4.338482021179653e-07,1.0,1
39,19,39.0,78.0,19280,19292,12,5.7267439999999996e-05,5.722235333333333e-05,1.2625943920709026e-07,1.0,1
39,20,41.0,78.0,19269,19280,11,5.826011e-05,5.8061698181818185e-05,4.483472301447985e-07,1.0,1
39,21,43.0,78.0,19258,19269,11,5.876038e-05,5.8724594545454544e-05,1.702790781662774e-07,1.0,1
39,22,45.0,78.0,19246,19258,12,5.8813910000000004e-05,5.88197975e-05,2.317494216866214e-07,1.0,1
39,23,47.0,78.0,19235,19246,11,5.913155e-05,5.9079513636363634e-05,5.092155855515367e-07,1.0,1
39,24,49.0,78.0,19223,19235,12,5.936978e-05,5.9371349999999995e-05,3.0122934792280795e-07,1.0,1
39,25,51.0,78.0,19212,19223,11,5.972748e-05,5.972996181818181e-05,4.688545535629339e-08,1.0,1
39,26,53.0,78.0,19201,19212,11,5.945794e-05,5.9597589090909095e-05,2.2127877339166266e-07,1.0,1
39,27,55.0,78.0,19189,19201,12,6.0008325e-05,5.999275916666666e-05,3.743900316032556e-08,1.0,1
39,28,57.0,78.0,19178,19189,11,5.990034e-05,5.984917818181818e-05,1.4247344032027244e-07,1.0,1
39,29,59.0,78.0,19166,19178,12,5.9662515e-05,5.962324583333334e-05,2.0840248904696966e-07,1.0,1
39,30,61.0,78.0,19155,19166,11,5.970592e-05,5.9673289090909085e-05,1.2564613407608177e-07,1.0,1
39,31,63.0,78.0,19144,19155,11,5.930284e-05,5.933540909090909e-05,2.503935544281707e-07,1.0,1
39,32,65.0,78.0,19132,19144,12,5.8821565000000004e-05,5.845258416666666e-05,6.492094633790941e-07,1.0,1
39,33,67.0,78.0,19121,19132,11,5.599519e-05,5.581688818181818e-05,7.62105895610293e-07,1.0,1
39,34,69.0,78.0,19109,19121,12,5.710674e-05,5.72014825e-05,2.7703210698777033e-07,1.0,1
39,35,71.0,78.0,19098,19109,11,5.64566e-05,5.6218521818181814e-05,6.438948887374002e-07,1.0,1
39,36,73.0,78.0,19087,19098,11,5.892701e-05,5.9238684545454546e-05,3.903763474553902e-06,1.0,1
39,37,75.0,78.0,19075,19087,12,6.437524e-05,6.438818333333334e-05,3.403343633676896e-08,1.0,1
39,38,77.0,78.0,19064,19075,11,6.440462e-05,6.44010509090909e-05,5.579900511568996e-08,1.0,1
39,39,79.0,78.0,19052,19064,12,6.441408999999999e-05,6.441260833333334e-05,2.847636734596382e-08,1.0,1
