row,col,start_source_index,stop_source_index_exclusive,sample_count,median_current_A,mean_current_A,std_current_A
0,0,2135,2139,4,3.7258715000000004e-05,3.7196015e-05,3.87287567609653e-07
0,1,2139,2143,4,3.623027e-05,3.6346625e-05,8.368041155939662e-07
0,2,2143,2147,4,3.457136e-05,3.4612525e-05,2.649984198537816e-07
0,3,2147,2150,3,3.409627e-05,3.4121996666666665e-05,1.2608804366614467e-07
0,4,2150,2154,4,3.4004585e-05,3.399321e-05,6.191204688911575e-08
0,5,2154,2158,4,3.394251e-05,3.3953254999999996e-05,5.392820852763467e-08
0,6,2158,2161,3,3.397505e-05,3.394171333333333e-05,7.238844582451611e-08
0,7,2161,2165,4,3.395195e-05,3.3935599999999994e-05,6.907999782860505e-08
0,8,2165,2169,4,3.395989e-05,3.39505125e-05,6.522705396344476e-08
0,9,2169,2173,4,3.3959000000000005e-05,3.39629875e-05,6.188901250424134e-08
0,10,2173,2176,3,3.392534e-05,3.394525e-05,4.73234846561394e-08
0,11,2176,2180,4,3.400546e-05,3.3992112499999993e-05,6.270123458712633e-08
0,12,2180,2184,4,3.4022514999999996e-05,3.400604e-05,6.245728020014875e-08
0,13,2184,2187,3,3.403529e-05,3.404403e-05,3.0772033840267086e-08
0,14,2187,2191,4,3.4039095000000004e-05,3.40280975e-05,6.237858421565744e-08
0,15,2191,2195,4,3.4024685e-05,3.40355025e-05,6.028178720600587e-08
0,16,2195,2199,4,3.4055660000000004e-05,3.40427775e-05,6.51164370090234e-08
0,17,2199,2202,3,3.40361e-05,3.403266666666667e-05,6.201146632321736e-08
0,18,2202,2206,4,3.407778e-05,3.4061127500000003e-05,6.022084995041036e-08
0,19,2206,2210,4,3.4097135e-05,3.40770775e-05,6.733164834422325e-08
0,20,2210,2213,3,3.407097e-05,3.406546e-05,6.336164507544561e-08
0,21,2213,2217,4,3.410257e-05,3.4090255e-05,5.988261746951073e-08
0,22,2217,2221,4,3.4119225e-05,3.41062975e-05,5.649933865763387e-08
0,23,2221,2225,4,3.41288e-05,3.41182525e-05,5.7555002117540197e-08
0,24,2225,2228,3,3.413934e-05,3.415042666666667e-05,3.397671490234953e-08
0,25,2228,2232,4,3.4136280000000006e-05,3.41327825e-05,6.028510859864171e-08
0,26,2232,2236,4,3.412694e-05,3.4131574999999995e-05,6.200537496862631e-08
0,27,2236,2239,3,3.411325e-05,3.413599333333334e-05,6.740114555571185e-08
0,28,2239,2243,4,3.412865e-05,3.41428e-05,6.302155980297556e-08
0,29,2243,2247,4,3.4158355e-05,3.4155655e-05,6.272336984729222e-08
0,30,2247,2251,4,3.4169495000000005e-05,3.41555575e-05,6.301259333458565e-08
0,31,2251,2254,3,3.415386e-05,3.4152319999999996e-05,6.372053358219811e-08
0,32,2254,2258,4,3.4182115e-05,3.4174537499999995e-05,5.7427574550472266e-08
0,33,2258,2262,4,3.41857e-05,3.419027e-05,5.507552223991977e-08
0,34,2262,2265,3,3.422697e-05,3.4214089999999994e-05,5.6416882225092915e-08
0,35,2265,2269,4,3.4208845e-05,3.42088925e-05,6.11324309900247e-08
0,36,2269,2273,4,3.421062e-05,3.4215215e-05,6.495089702998708e-08
0,37,2273,2276,3,3.416926e-05,3.421191e-05,6.371887161587305e-08
0,38,2276,2280,4,3.42284e-05,3.4234475e-05,5.615772319993132e-08
0,39,2280,2284,4,3.422856e-05,3.42374625e-05,6.098319537995655e-08
0,40,2284,2288,4,3.4261795e-05,3.42489775e-05,6.070759440753665e-08
0,41,2288,2291,3,3.424598e-05,3.4246179999999996e-05,6.544235376777504e-08
0,42,2291,2295,4,3.428326e-05,3.42769775e-05,5.1674308594795405e-08
0,43,2295,2299,4,3.4284614999999995e-05,3.42919875e-05,4.7324243984980636e-08
0,44,2299,2302,3,3.432757e-05,3.429876333333333e-05,6.713712601004815e-08
0,45,2302,2306,4,3.429869e-05,3.42840925e-05,6.837199111295395e-08
0,46,2306,2310,4,3.4303519999999996e-05,3.4288419999999997e-05,6.547680887153862e-08
0,47,2310,2314,4,3.429625e-05,3.429452e-05,5.770109834309796e-08
0,48,2314,2317,3,3.42735e-05,3.427813e-05,4.337763094806595e-08
0,49,2317,2321,4,3.4311015e-05,3.4313145e-05,5.3683307694291685e-08
0,50,2321,2325,4,3.4298685e-05,3.43086275e-05,6.026088008608972e-08
0,51,2325,2328,3,3.435749e-05,3.434341e-05,5.480878822476021e-08
0,52,2328,2332,4,3.433751e-05,3.43355925e-05,5.701750274038683e-08
0,53,2332,2336,4,3.43454e-05,3.4330445e-05,6.616164617813117e-08
0,54,2336,2340,4,3.4319884999999995e-05,3.4326874999999996e-05,6.849577523468104e-08
0,55,2340,2343,3,3.42821e-05,3.431600666666667e-05,7.008700370888291e-08
0,56,2343,2347,4,3.434644e-05,3.4328895e-05,6.270852434079537e-08
0,57,2347,2351,4,3.435584e-05,3.4335410000000004e-05,6.223679578834267e-08
0,58,2351,2354,3,3.433298e-05,3.4323576666666665e-05,6.738364110738408e-08
0,59,2354,2358,4,3.435906e-05,3.4341125e-05,6.207610107762717e-08
0,60,2358,2362,4,3.435609e-05,3.4342645e-05,6.130454489676748e-08
0,61,2362,2366,4,3.435382e-05,3.434328e-05,5.8655420891850876e-08
0,62,2366,2369,3,3.438226e-05,3.4370376666666666e-05,4.325329608506424e-08
0,63,2369,2373,4,3.4341665e-05,3.43378025e-05,6.371767077310456e-08
0,64,2373,2377,4,3.4339854999999996e-05,3.43338e-05,6.263628461203813e-08
0,65,2377,2380,3,3.4317e-05,3.430744666666667e-05,3.305537307138932e-08
0,66,2380,2384,4,3.4329574999999996e-05,3.4335689999999997e-05,5.869892971767167e-08
0,67,2384,2388,4,3.433305e-05,3.4340925000000004e-05,5.553693613263145e-08
0,68,2388,2391,3,3.43664e-05,3.435569e-05,6.105958892753892e-08
0,69,2391,2395,4,3.4336239999999994e-05,3.4341889999999997e-05,5.696755523980419e-08
0,70,2395,2399,4,3.4341889999999997e-05,3.4352349999999996e-05,5.554853958476284e-08
0,71,2399,2403,4,3.435121e-05,3.43596225e-05,5.4210044906364225e-08
0,72,2403,2406,3,3.441473e-05,3.437930333333333e-05,6.843627952742478e-08
0,73,2406,2410,4,3.4379405e-05,3.4371062499999994e-05,6.552283662014334e-08
0,74,2410,2414,4,3.4376159999999995e-05,3.4383215e-05,5.92111397880503e-08
0,75,2414,2417,3,3.436212e-05,3.436628666666667e-05,4.1737280963452525e-08
0,76,2417,2421,4,3.439609e-05,3.4405039999999996e-05,5.677101637279465e-08
0,77,2421,2425,4,3.441261e-05,3.4414135e-05,6.344453699886206e-08
0,78,2425,2429,4,3.4440745e-05,3.442277e-05,7.14077254223958e-08
0,79,2429,2432,3,3.443597e-05,3.444169333333334e-05,2.92223137725645e-08
0,80,2432,2436,4,3.443387e-05,3.44115175e-05,6.773461831847778e-08
0,81,2436,2440,4,3.4393375e-05,3.43985375e-05,6.181296562008657e-08
0,82,2440,2443,3,3.434713e-05,3.436520333333333e-05,6.223688099154186e-08
0,83,2443,2447,4,3.4423885e-05,3.440454e-05,6.66070818306905e-08
0,84,2447,2451,4,3.4401054999999995e-05,3.43936775e-05,5.932177524948e-08
0,85,2451,2455,4,3.441514e-05,3.44069225e-05,5.8514403942531726e-08
0,86,2455,2458,3,3.443432e-05,3.442515666666666e-05,6.088489705081898e-08
0,87,2458,2462,4,3.4419795000000005e-05,3.4427520000000003e-05,5.269558378080561e-08
0,88,2462,2466,4,3.4480145e-05,3.44760425e-05,4.535869782908294e-08
0,89,2466,2469,3,3.472155e-05,3.4664570000000005e-05,1.1431325586591758e-07
0,90,2469,2473,4,3.5761680000000006e-05,3.61622725e-05,1.3201868341711148e-06
0,91,2473,2477,4,5.8178335e-05,0.0002009492875,0.0002568898762304707
0,92,2477,2481,4,0.0006449607,0.000645314325,8.876422206469052e-07
0,93,2481,2484,3,0.0006467946,0.0006469398333333333,5.063411915124214e-07
0,94,2484,2488,4,0.00064633045,0.0006465782,7.471541106090569e-07
0,95,2488,2492,4,0.0006459702499999999,0.00064590425,3.926827886475295e-07
0,96,2492,2495,3,0.000645611,0.0006455975,2.5676156254391943e-07
0,97,2495,2499,4,0.0006452661500000001,0.000645321575,1.9519903143971657e-07
0,98,2499,2503,4,0.00064589355,0.000645905675,1.013561634780857e-07
0,99,2503,2506,3,0.0006453334,0.0006453915333333333,9.50039414387344e-08
1,0,3089,3092,3,3.512793e-05,3.516546666666667e-05,1.1935975489623244e-07
1,1,3085,3089,4,3.5063595e-05,3.49566325e-05,2.989208009134701e-07
1,2,3081,3085,4,3.3880855000000006e-05,3.39487525e-05,1.3940881632360809e-07
1,3,3078,3081,3,3.375497e-05,3.378052e-05,6.172370209247106e-08
1,4,3074,3078,4,3.3783645e-05,3.378683000000001e-05,7.426551252095443e-08
1,5,3070,3074,4,3.3781405e-05,3.3761724999999994e-05,6.673655688601385e-08
1,6,3067,3070,3,3.379271e-05,3.377912333333333e-05,3.070685627384052e-08
1,7,3063,3067,4,3.3748985e-05,3.37290225e-05,6.090318028436704e-08
1,8,3059,3063,4,3.3753915e-05,3.373391e-05,6.629440511838008e-08
1,9,3055,3059,4,3.3740725e-05,3.373033e-05,6.721904677991305e-08
1,10,3052,3055,3,3.369357e-05,3.3706446666666665e-05,5.155164034463217e-08
1,11,3048,3052,4,3.3728725e-05,3.37322575e-05,6.23729550265981e-08
1,12,3044,3048,4,3.373016e-05,3.3738847499999996e-05,5.7959763791358085e-08
1,13,3041,3044,3,3.369521e-05,3.372957333333333e-05,6.784054654523168e-08
1,14,3037,3041,4,3.374768e-05,3.3749765e-05,5.52563057487573e-08
1,15,3033,3037,4,3.3758359999999996e-05,3.3755025e-05,5.454049023431934e-08
1,16,3029,3033,4,3.378107e-05,3.37671775e-05,5.9464214606349486e-08
1,17,3026,3029,3,3.378135e-05,3.379136e-05,2.9246767342732707e-08
1,18,3022,3026,4,3.3763855e-05,3.37616525e-05,6.231292296747195e-08
1,19,3018,3022,4,3.377777e-05,3.3775504999999996e-05,5.45919085121615e-08
1,20,3015,3018,3,3.378963e-05,3.377805e-05,6.59038714087917e-08
1,21,3011,3015,4,3.379094e-05,3.3785164999999994e-05,5.46095987441775e-08
1,22,3007,3011,4,3.3803085e-05,3.37902175e-05,6.326661930868414e-08
1,23,3003,3007,4,3.380877e-05,3.3793845000000005e-05,5.486497630547277e-08
1,24,3000,3003,3,3.376501e-05,3.377653666666667e-05,6.1704436001167e-08
1,25,2996,3000,4,3.379565e-05,3.380172000000001e-05,5.949664276242862e-08
1,26,2992,2996,4,3.3815679999999994e-05,3.38126975e-05,5.8392578456086105e-08
1,27,2989,2992,3,3.385147e-05,3.385008333333333e-05,2.8226992204072785e-08
1,28,2985,2989,4,3.3832425e-05,3.3816542500000004e-05,6.509392535982054e-08
1,29,2981,2985,4,3.3839434999999996e-05,3.3822262500000004e-05,6.220420981533324e-08
1,30,2977,2981,4,3.3830455000000004e-05,3.38212375e-05,6.892806880183135e-08
1,31,2974,2977,3,3.380766e-05,3.3807420000000006e-05,6.214378649551504e-08
1,32,2970,2974,4,3.385628e-05,3.3834705000000004e-05,6.594503108650548e-08
1,33,2966,2970,4,3.3849905e-05,3.3832525e-05,6.047054427570545e-08
1,34,2963,2966,3,3.380782e-05,3.3825143333333337e-05,6.961072251376795e-08
1,35,2959,2963,4,3.3849205e-05,3.3848750000000004e-05,5.7677908682615666e-08
1,36,2955,2959,4,3.386822e-05,3.385257e-05,6.106376462354643e-08
1,37,2952,2955,3,3.390446e-05,3.3889016666666664e-05,3.3466873505339096e-08
1,38,2948,2952,4,3.3863490000000005e-05,3.385044e-05,6.538266092780218e-08
1,39,2944,2948,4,3.3862389999999995e-05,3.38550275e-05,6.67740197887624e-08
1,40,2940,2944,4,3.3851705e-05,3.3860445e-05,6.340275723499879e-08
1,41,2937,2940,3,3.384667e-05,3.384053333333333e-05,3.765051600649722e-08
1,42,2933,2937,4,3.3875845e-05,3.38692875e-05,5.7857986214091485e-08
1,43,2929,2933,4,3.387999e-05,3.38744125e-05,5.657344623363681e-08
1,44,2926,2929,3,3.392353e-05,3.389196666666666e-05,5.7638183138918166e-08
1,45,2922,2926,4,3.388378e-05,3.388781e-05,5.32568113014664e-08
1,46,2918,2922,4,3.3884e-05,3.3894115e-05,5.708156379252348e-08
1,47,2914,2918,4,3.390287e-05,3.39030375e-05,5.572496181021539e-08
1,48,2911,2914,3,3.392183e-05,3.393542333333333e-05,3.713425133515186e-08
1,49,2907,2911,4,3.3922885e-05,3.391132e-05,6.003069506510741e-08
1,50,2903,2907,4,3.3929295e-05,3.391593e-05,6.341363299795912e-08
1,51,2900,2903,3,3.38814e-05,3.3890803333333336e-05,6.158499402361742e-08
1,52,2896,2900,4,3.3916605e-05,3.39133475e-05,6.142669793135644e-08
1,53,2892,2896,4,3.3906074999999995e-05,3.39172375e-05,5.946734161495722e-08
1,54,2888,2892,4,3.391921e-05,3.3923375e-05,5.894286831331051e-08
1,55,2885,2888,3,3.395764e-05,3.392956e-05,7.166868400261309e-08
1,56,2881,2885,4,3.395083e-05,3.3930664999999994e-05,6.327234170630835e-08
1,57,2877,2881,4,3.394227e-05,3.3933067499999996e-05,6.385267119510253e-08
1,58,2874,2877,3,3.397129e-05,3.3961199999999996e-05,4.497469140157195e-08
1,59,2870,2874,4,3.392019e-05,3.3925685000000005e-05,6.586473354535001e-08
1,60,2866,2870,4,3.391807e-05,3.3917314999999996e-05,5.177525736295359e-08
1,61,2862,2866,4,3.3939075e-05,3.39221125e-05,6.105933400185499e-08
1,62,2859,2862,3,3.387677e-05,3.390580333333333e-05,6.549335708468553e-08
1,63,2855,2859,4,3.3912695e-05,3.391672e-05,6.218712286317781e-08
1,64,2851,2855,4,3.3925470000000004e-05,3.3924205e-05,5.6921861573564235e-08
1,65,2848,2851,3,3.393436e-05,3.394111666666667e-05,3.854601953797623e-08
1,66,2844,2848,4,3.393556e-05,3.391813999999999e-05,6.086775542107649e-08
1,67,2840,2844,4,3.3909020000000005e-05,3.3896775e-05,6.04333519259027e-08
1,68,2837,2840,3,3.390142e-05,3.388542666666666e-05,6.521367767236902e-08
1,69,2833,2837,4,3.3902109999999996e-05,3.3883072499999996e-05,6.09540205298236e-08
1,70,2829,2833,4,3.3896489999999996e-05,3.3873834999999997e-05,6.280956873757396e-08
1,71,2825,2829,4,3.385393e-05,3.38597725e-05,5.922289649071533e-08
1,72,2822,2825,3,3.384193e-05,3.384981333333334e-05,6.831138720756664e-08
1,73,2818,2822,4,3.3835980000000005e-05,3.3834985e-05,5.839241838629301e-08
1,74,2814,2818,4,3.383278e-05,3.38209225e-05,6.374828326120004e-08
1,75,2811,2814,3,3.38178e-05,3.382980666666666e-05,3.320825633617125e-08
1,76,2807,2811,4,3.3798125e-05,3.3783054999999995e-05,5.510389301129227e-08
1,77,2803,2807,4,3.375923e-05,3.3748857500000005e-05,5.82167498985482e-08
1,78,2799,2803,4,3.372584e-05,3.3716915e-05,5.57282982424562e-08
1,79,2796,2799,3,3.363194e-05,3.364624333333333e-05,3.819949592453746e-08
1,80,2792,2796,4,3.3623305e-05,3.363192e-05,6.539368203427554e-08
1,81,2788,2792,4,3.3583514999999996e-05,3.35803375e-05,7.714778492445455e-08
1,82,2785,2788,3,3.358758e-05,3.3554020000000006e-05,6.748245253397503e-08
1,83,2781,2785,4,3.347565e-05,3.34786525e-05,4.115607572096702e-08
1,84,2777,2781,4,3.3383275e-05,3.33818975e-05,4.196826561522358e-08
1,85,2773,2777,4,3.3272665e-05,3.3273665e-05,3.5690777870479207e-08
1,86,2770,2773,3,3.314132e-05,3.313727e-05,3.4172200202309e-08
1,87,2766,2770,4,3.2984274999999993e-05,3.3010497499999995e-05,7.269650348366324e-08
1,88,2762,2766,4,3.2775715e-05,3.28206375e-05,8.548677803467542e-08
1,89,2759,2762,3,3.252041e-05,3.258149333333334e-05,1.0933456432233807e-07
1,90,2755,2759,4,3.230644e-05,3.23162475e-05,1.5157592476627208e-07
1,91,2751,2755,4,0.0002485818,0.00025143025,9.135549248221204e-05
1,92,2747,2751,4,0.00051865165,0.000510049825,3.7723695293699376e-05
1,93,2744,2747,3,0.0005757088,0.0005746258,7.1878683437209964e-06
1,94,2740,2744,4,0.00059053595,0.0005899153,1.6811111905522308e-06
1,95,2736,2740,4,0.0005834699,0.0005831645499999999,3.8435583236761335e-06
1,96,2733,2736,3,0.0005773082,0.0005785836666666667,2.399888588154788e-06
1,97,2729,2733,4,0.00059886105,0.000599394725,9.94522900751284e-06
1,98,2725,2729,4,0.0006306689499999999,0.00063048835,6.783794463462188e-06
1,99,2721,2725,4,0.0006440997,0.00064371685,1.0324537217231436e-06
2,0,3307,3311,4,3.371209e-05,3.3703994999999994e-05,6.30659406890917e-08
2,1,3311,3315,4,3.3732599999999996e-05,3.37237125e-05,5.727074225771757e-08
2,2,3315,3319,4,3.3741195e-05,3.3740850000000004e-05,5.1911522324046994e-08
2,3,3319,3322,3,3.376973e-05,3.3764269999999996e-05,5.024062897695369e-08
2,4,3322,3326,4,3.373994e-05,3.37526375e-05,5.833944479295245e-08
2,5,3326,3330,4,3.3758965e-05,3.376605e-05,6.038906647730218e-08
2,6,3330,3333,3,3.374291e-05,3.375397666666667e-05,6.924161048258582e-08
2,7,3333,3337,4,3.378746e-05,3.3778315e-05,6.443572553327813e-08
2,8,3337,3341,4,3.381267e-05,3.3789285e-05,6.21265098408076e-08
2,9,3341,3345,4,3.380255e-05,3.3798085e-05,5.3501794596068836e-08
2,10,3345,3348,3,3.385622e-05,3.383418e-05,5.174363793420904e-08
2,11,3348,3352,4,3.382828e-05,3.3818180000000006e-05,6.063652364705505e-08
2,12,3352,3356,4,3.384231e-05,3.38254075e-05,6.343745201968618e-08
2,13,3356,3359,3,3.386734e-05,3.3837203333333326e-05,7.286944047785531e-08
2,14,3359,3363,4,3.3839055e-05,3.3836312500000004e-05,6.14417697397304e-08
2,15,3363,3367,4,3.385889e-05,3.385415e-05,5.751474115389765e-08
2,16,3367,3371,4,3.3871984999999996e-05,3.3866764999999997e-05,5.91962272868803e-08
2,17,3371,3374,3,3.387493e-05,3.3847159999999994e-05,3.932929273031255e-08
2,18,3374,3378,4,3.391612e-05,3.390623e-05,5.584075662094901e-08
2,19,3378,3382,4,3.3923684999999994e-05,3.3929535000000003e-05,4.935521882233075e-08
2,20,3382,3385,3,3.399868e-05,3.399508333333333e-05,3.9612407427753794e-08
2,21,3385,3389,4,3.403373e-05,3.400481e-05,6.99069299139945e-08
2,22,3389,3393,4,3.4064385e-05,3.40404425e-05,7.014155593334028e-08
2,23,3393,3397,4,3.4095495000000005e-05,3.40809875e-05,7.290635136083939e-08
2,24,3397,3400,3,3.405499e-05,3.410346333333333e-05,7.423687553291146e-08
2,25,3400,3404,4,3.414432e-05,3.4158167499999995e-05,6.41207089694896e-08
2,26,3404,3408,4,3.4189025e-05,3.4192055e-05,6.025430129874659e-08
2,27,3408,3411,3,3.421505e-05,3.4212953333333334e-05,5.5064079237032606e-08
2,28,3411,3415,4,3.4281825e-05,3.42704475e-05,5.357965816193618e-08
2,29,3415,3419,4,3.431298e-05,3.4314164999999995e-05,4.5671849371357986e-08
2,30,3419,3423,4,3.4339739999999995e-05,3.43329025e-05,5.7953435780372406e-08
2,31,3423,3426,3,3.439878e-05,3.4349456666666666e-05,8.043877188410176e-08
2,32,3426,3430,4,3.436935e-05,3.4354800000000005e-05,6.905038848550987e-08
2,33,3430,3434,4,3.4390395e-05,3.437055e-05,6.786648031245023e-08
2,34,3434,3437,3,3.433946e-05,3.436173e-05,6.636985209164471e-08
2,35,3437,3441,4,3.4395e-05,3.4393755e-05,6.587728496985982e-08
2,36,3441,3445,4,3.440354e-05,3.43991225e-05,5.6995972829226125e-08
2,37,3445,3448,3,3.439319e-05,3.440040666666667e-05,6.47006967161527e-08
2,38,3448,3452,4,3.4437645e-05,3.4428335e-05,5.8140048374593914e-08
2,39,3452,3456,4,3.4439505e-05,3.4433355000000005e-05,6.078142664498776e-08
2,40,3456,3460,4,3.445685e-05,3.444645e-05,5.758735842179133e-08
2,41,3460,3463,3,3.446594e-05,3.447724333333334e-05,3.322327530846602e-08
2,42,3463,3467,4,3.44777e-05,3.44604675e-05,6.39716258879657e-08
2,43,3467,3471,4,3.4447925e-05,3.4454175000000005e-05,5.7852874820531544e-08
2,44,3471,3474,3,3.439383e-05,3.443157e-05,6.941345258665794e-08
2,45,3474,3478,4,3.4434175e-05,3.4437125e-05,6.080024773798075e-08
2,46,3478,3482,4,3.4431605000000005e-05,3.44175475e-05,6.492087467640868e-08
2,47,3482,3486,4,3.440371e-05,3.438661e-05,6.766192614757586e-08
2,48,3486,3489,3,3.434895e-05,3.4343139999999996e-05,7.43535370151738e-08
2,49,3489,3493,4,3.4342639999999995e-05,3.4328937499999995e-05,6.741521763482011e-08
2,50,3493,3497,4,3.4294355e-05,3.42803225e-05,6.716429608616682e-08
2,51,3497,3500,3,3.4273e-05,3.426377666666667e-05,3.8744488066765476e-08
2,52,3500,3504,4,3.4190785000000004e-05,3.41898975e-05,5.349635752787367e-08
2,53,3504,3508,4,3.4143584999999995e-05,3.4152215e-05,4.893956298333882e-08
2,54,3508,3512,4,3.4112315e-05,3.411667e-05,5.430811863800647e-08
2,55,3512,3515,3,3.406169e-05,3.4095546666666664e-05,6.151834107718495e-08
2,56,3515,3519,4,3.4087899999999996e-05,3.40903375e-05,5.325080815114447e-08
2,57,3519,3523,4,3.4069800000000004e-05,3.407713e-05,5.9213487906050036e-08
2,58,3523,3526,3,3.402893e-05,3.4045503333333336e-05,4.9435472644202845e-08
2,59,3526,3530,4,3.407352e-05,3.4074195e-05,6.501771200988304e-08
2,60,3530,3534,4,3.4088835e-05,3.407514e-05,6.728134176723941e-08
2,61,3534,3538,4,3.4086539999999996e-05,3.4075214999999996e-05,6.503182701570246e-08
2,62,3538,3541,3,3.412669e-05,3.4110493333333335e-05,3.1953666804018995e-08
2,63,3541,3545,4,3.409137e-05,3.4084735e-05,6.361156911285892e-08
2,64,3545,3549,4,3.409614e-05,3.4095175e-05,5.967339503497617e-08
2,65,3549,3552,3,3.40506e-05,3.407765e-05,6.690766024903305e-08
2,66,3552,3556,4,3.410337e-05,3.40917175e-05,5.790099799441976e-08
2,67,3556,3560,4,3.4130129999999996e-05,3.41117075e-05,6.647341061469472e-08
2,68,3560,3563,3,3.408673e-05,3.409215333333333e-05,5.6619334938594184e-08
2,69,3563,3567,4,3.4127409999999995e-05,3.41261275e-05,7.085980890991669e-08
2,70,3567,3571,4,3.411855e-05,3.41293275e-05,6.050591639459763e-08
2,71,3571,3575,4,3.4125065e-05,3.4133145e-05,5.968194052642787e-08
2,72,3575,3578,3,3.408415e-05,3.4098086666666666e-05,4.615534373780988e-08
2,73,3578,3582,4,3.4152825000000004e-05,3.4143052499999995e-05,6.51715387937855e-08
2,74,3582,3586,4,3.416891e-05,3.4150525e-05,6.278564226795787e-08
2,75,3586,3589,3,3.417433e-05,3.418860666666666e-05,2.735270411170052e-08
2,76,3589,3593,4,3.4157905e-05,3.41549175e-05,6.205021731428347e-08
2,77,3593,3597,4,3.4158825000000004e-05,3.416203e-05,5.861660217037482e-08
2,78,3597,3601,4,3.4168795e-05,3.41647225e-05,6.44576005506727e-08
2,79,3601,3604,3,3.412552e-05,3.4154673333333336e-05,6.32536440759662e-08
2,80,3604,3608,4,3.4179539999999996e-05,3.41741975e-05,6.753351330080511e-08
2,81,3608,3612,4,3.41899e-05,3.4176997500000005e-05,6.082083498892287e-08
2,82,3612,3615,3,3.415533e-05,3.415908333333333e-05,6.189021750020306e-08
2,83,3615,3619,4,3.4204155e-05,3.4185977499999996e-05,6.16593704861634e-08
2,84,3619,3623,4,3.4201545e-05,3.41901775e-05,6.156367978564956e-08
2,85,3623,3627,4,3.4209055e-05,3.41952725e-05,5.690560401884717e-08
2,86,3627,3630,3,3.422759e-05,3.423518e-05,3.467398736805541e-08
2,87,3630,3634,4,3.4199299999999996e-05,3.4200670000000004e-05,6.32885736132522e-08
2,88,3634,3638,4,3.425009e-05,3.42491e-05,9.847279497404184e-08
2,89,3638,3641,3,3.435422e-05,3.4414246666666665e-05,1.0924089262827563e-07
2,90,3641,3645,4,3.5722815000000004e-05,3.624336e-05,1.5232804441894475e-06
2,91,3645,3649,4,6.735757e-05,0.00020588047249999998,0.0002539863439423294
2,92,3649,3653,4,0.0006451410999999999,0.00064513285,1.9936917389609832e-07
2,93,3653,3656,3,0.0006454125,0.0006451901333333333,3.190101391631637e-07
2,94,3656,3660,4,0.00064536885,0.0006452288749999999,3.6385277499973623e-07
2,95,3660,3664,4,0.00064511995,0.000645057375,2.847589100888731e-07
2,96,3664,3667,3,0.0006450634,0.0006450290666666666,1.8522795565347913e-07
2,97,3667,3671,4,0.0006450848,0.0006451045249999999,1.0989486737329663e-07
2,98,3671,3675,4,0.000644707,0.00064465425,1.564998642171925e-07
2,99,3675,3678,3,0.0006447162,0.0006448424666666666,2.5542782846735235e-07
3,0,4261,4264,3,3.494178e-05,3.496364333333333e-05,1.0482904887906251e-07
3,1,4257,4261,4,3.488718e-05,3.4776394999999994e-05,2.6316104047712037e-07
3,2,4253,4257,4,3.3771895e-05,3.38350125e-05,1.3192023525126905e-07
3,3,4250,4253,3,3.366069e-05,3.3693073333333334e-05,6.33981820629651e-08
3,4,4246,4250,4,3.3704675e-05,3.3696872499999994e-05,6.458665162980435e-08
3,5,4242,4246,4,3.369517e-05,3.3694995e-05,6.53490774609708e-08
3,6,4239,4242,3,3.372915e-05,3.372218e-05,5.534564662193402e-08
3,7,4235,4239,4,3.3691315e-05,3.370308e-05,6.194023207899668e-08
3,8,4231,4235,4,3.3707555e-05,3.37143775e-05,5.3442421059959915e-08
3,9,4227,4231,4,3.3718635e-05,3.37167725e-05,5.040278731131916e-08
3,10,4224,4227,3,3.369284e-05,3.369458e-05,6.161695221284433e-08
3,11,4220,4224,4,3.3723204999999996e-05,3.37149925e-05,6.183260886255756e-08
3,12,4216,4220,4,3.3711745e-05,3.37205925e-05,5.987113719272428e-08
3,13,4213,4216,3,3.370168e-05,3.372014333333334e-05,6.278517464780598e-08
3,14,4209,4213,4,3.3720175e-05,3.37328675e-05,5.246169191657819e-08
3,15,4205,4209,4,3.3735425e-05,3.37367975e-05,6.005495707058762e-08
3,16,4201,4205,4,3.3726615e-05,3.3739122499999995e-05,5.888725344885902e-08
3,17,4198,4201,3,3.377643e-05,3.376606666666667e-05,5.416225397410604e-08
3,18,4194,4198,4,3.374844e-05,3.3751595000000004e-05,6.48060539224551e-08
3,19,4190,4194,4,3.3758644999999995e-05,3.3765334999999996e-05,5.835116558390067e-08
3,20,4187,4190,3,3.380082e-05,3.3785796666666666e-05,5.877191751924361e-08
3,21,4183,4187,4,3.3758995000000006e-05,3.3767662500000006e-05,6.140586713621111e-08
3,22,4179,4183,4,3.375923e-05,3.37660225e-05,6.203382640745265e-08
3,23,4175,4179,4,3.3760185e-05,3.37697525e-05,5.865347362901893e-08
3,24,4172,4175,3,3.37743e-05,3.375870333333334e-05,5.394625494158355e-08
3,25,4168,4172,4,3.3810325e-05,3.37931575e-05,6.423727125859284e-08
3,26,4164,4168,4,3.380689e-05,3.37947925e-05,6.610438312812727e-08
3,27,4161,4164,3,3.383897e-05,3.382544666666666e-05,5.023892536890364e-08
3,28,4157,4161,4,3.3803295e-05,3.3808822500000006e-05,5.6465274450320055e-08
3,29,4153,4157,4,3.3812530000000004e-05,3.381199e-05,5.324174771736846e-08
3,30,4149,4153,4,3.3817980000000006e-05,3.3813195e-05,5.370199647126734e-08
3,31,4146,4149,3,3.382052e-05,3.381012333333333e-05,6.223229190344663e-08
3,32,4142,4146,4,3.3823905e-05,3.3808455e-05,6.231175751814391e-08
3,33,4138,4142,4,3.383714e-05,3.3816639999999993e-05,6.478198823747336e-08
3,34,4135,4138,3,3.38236e-05,3.380637333333334e-05,6.038031375281764e-08
3,35,4131,4135,4,3.3860255e-05,3.3841605e-05,6.082086011394535e-08
3,36,4127,4131,4,3.3864224999999995e-05,3.385375e-05,6.667630501160069e-08
3,37,4124,4127,3,3.391062e-05,3.388132e-05,6.590140059209736e-08
3,38,4120,4124,4,3.387099e-05,3.386438e-05,6.892205597629874e-08
3,39,4116,4120,4,3.3896685e-05,3.38769125e-05,6.4525826370145e-08
3,40,4112,4116,4,3.387844e-05,3.3874974999999995e-05,5.428280091336546e-08
3,41,4109,4112,3,3.388423e-05,3.387446333333333e-05,5.8202801956226077e-08
3,42,4105,4109,4,3.3873170000000004e-05,3.3864175e-05,5.825411981139077e-08
3,43,4101,4105,4,3.38714e-05,3.3853267500000004e-05,5.786497056726074e-08
3,44,4098,4101,3,3.381411e-05,3.3839466666666674e-05,7.550166017306346e-08
3,45,4094,4098,4,3.385237e-05,3.38527425e-05,6.239374542973173e-08
3,46,4090,4094,4,3.3853905e-05,3.38486025e-05,5.6689418049137294e-08
3,47,4086,4090,4,3.3844915e-05,3.3850025e-05,5.5901245290244794e-08
3,48,4083,4086,3,3.387118e-05,3.3880129999999996e-05,4.348015716009548e-08
3,49,4079,4083,4,3.385017e-05,3.38540075e-05,5.2123167773553593e-08
3,50,4075,4079,4,3.3837365e-05,3.3846857499999996e-05,6.052298421880687e-08
3,51,4072,4075,3,3.388795e-05,3.386941e-05,5.482601997835273e-08
3,52,4068,4072,4,3.3856965e-05,3.38526125e-05,6.204073676827025e-08
3,53,4064,4068,4,3.3863125e-05,3.384894e-05,6.56232851204513e-08
3,54,4060,4064,4,3.385589e-05,3.38470725e-05,6.538361429861462e-08
3,55,4057,4060,3,3.379915e-05,3.381979666666667e-05,5.323534936696067e-08
3,56,4053,4057,4,3.384076e-05,3.383794e-05,6.385342355739533e-08
3,57,4049,4053,4,3.3832105e-05,3.38390525e-05,5.727163843256078e-08
3,58,4046,4049,3,3.377479e-05,3.3817463333333335e-05,6.728821409099496e-08
3,59,4042,4046,4,3.3841675e-05,3.3831745e-05,6.118364589495931e-08
3,60,4038,4042,4,3.3856585e-05,3.383185e-05,6.718180743326236e-08
3,61,4034,4038,4,3.3841065e-05,3.38313325e-05,5.879284070998703e-08
3,62,4031,4034,3,3.385203e-05,3.384015e-05,4.789511666130339e-08
3,63,4027,4031,4,3.3811744999999997e-05,3.3811839999999996e-05,6.217919788804004e-08
3,64,4023,4027,4,3.3797935e-05,3.38026575e-05,6.199627745881132e-08
3,65,4020,4023,3,3.375037e-05,3.377266333333333e-05,3.85380282606947e-08
3,66,4016,4020,4,3.3766825e-05,3.3779445e-05,6.193920345790786e-08
3,67,4012,4016,4,3.3779355e-05,3.3776245e-05,6.311566544844366e-08
3,68,4009,4012,3,3.376838e-05,3.376062e-05,7.19143731577127e-08
3,69,4005,4009,4,3.377008e-05,3.375484e-05,6.471628929411701e-08
3,70,4001,4005,4,3.3761935e-05,3.37477375e-05,5.815130754119105e-08
3,71,3997,4001,4,3.3720485e-05,3.3722795e-05,5.575381354669754e-08
3,72,3994,3997,3,3.373179e-05,3.371910000000001e-05,5.696372003301611e-08
3,73,3990,3994,4,3.3690895e-05,3.36871975e-05,5.298470221441216e-08
3,74,3986,3990,4,3.3681924999999995e-05,3.3663529999999996e-05,5.952213495835028e-08
3,75,3983,3986,3,3.362649e-05,3.362634e-05,6.09638094828963e-08
3,76,3979,3983,4,3.3631825e-05,3.362013e-05,7.17082509199594e-08
3,77,3975,3979,4,3.359818e-05,3.3586850000000005e-05,6.686816544515084e-08
3,78,3971,3975,4,3.3555685e-05,3.35472775e-05,7.414422849251362e-08
3,79,3968,3971,3,3.357716e-05,3.3527056666666665e-05,7.327412473414816e-08
3,80,3964,3968,4,3.3478585e-05,3.3480805e-05,4.800722784123272e-08
3,81,3960,3964,4,3.3425614999999995e-05,3.3424745e-05,4.123501333818096e-08
3,82,3957,3960,3,3.335148e-05,3.3344373333333335e-05,4.655105393245459e-08
3,83,3953,3957,4,3.328202e-05,3.32890975e-05,6.582354684115736e-08
3,84,3949,3953,4,3.318536e-05,3.3200140000000004e-05,7.015613052328195e-08
3,85,3945,3949,4,3.306514e-05,3.309138e-05,7.459775633355095e-08
3,86,3942,3945,3,3.29145e-05,3.2955716666666664e-05,9.01680107108695e-08
3,87,3938,3942,4,3.2827895000000004e-05,3.28291675e-05,1.0489671667287582e-07
3,88,3934,3938,4,3.2615035e-05,3.262423e-05,1.1452345458463939e-07
3,89,3931,3934,3,3.247599e-05,3.2415523333333334e-05,1.2278627565362755e-07
3,90,3927,3931,4,3.222422e-05,5.20462675e-05,3.438343990587865e-05
3,91,3923,3927,4,0.00028097495,0.00027785969999999995,8.772071410473697e-05
3,92,3919,3923,4,0.00052405545,0.000517456025,3.422384790992787e-05
3,93,3916,3919,3,0.0005779601,0.0005768942666666667,6.208867815382179e-06
3,94,3912,3916,4,0.0005852509499999999,0.0005853511,3.019177288600183e-07
3,95,3908,3912,4,0.00058334925,0.000583302675,2.369891207814187e-06
3,96,3905,3908,3,0.0005819043,0.0005820736333333334,2.5936722452066903e-06
3,97,3901,3905,4,0.0006006093,0.0006014627499999999,9.561790410142845e-06
3,98,3897,3901,4,0.00063246305,0.0006320262999999999,6.1879030539432335e-06
3,99,3893,3897,4,0.00064389845,0.00064360565,6.372536014021569e-07
4,0,4479,4483,4,3.391883e-05,3.3901915e-05,6.837922802284281e-08
4,1,4483,4487,4,3.3941475e-05,3.39416575e-05,7.357096009126158e-08
4,2,4487,4491,4,3.3978645000000003e-05,3.39813475e-05,6.78798255651106e-08
4,3,4491,4494,3,3.395922e-05,3.400214333333334e-05,7.1564423346303e-08
4,4,4494,4498,4,3.4034965e-05,3.40452775e-05,6.512584102144123e-08
4,5,4498,4502,4,3.4061549999999996e-05,3.40728925e-05,6.267676059553389e-08
4,6,4502,4505,3,3.405075e-05,3.4074083333333336e-05,3.68753344240959e-08
4,7,4505,4509,4,3.4097674999999995e-05,3.4104139999999994e-05,6.153306225111865e-08
4,8,4509,4513,4,3.4120515e-05,3.41296425e-05,5.4581250615482374e-08
4,9,4513,4517,4,3.4133340000000003e-05,3.413559499999999e-05,6.373466462608805e-08
4,10,4517,4520,3,3.420399e-05,3.418558333333333e-05,4.408803415390122e-08
4,11,4520,4524,4,3.4175005e-05,3.416665e-05,6.552107409070604e-08
4,12,4524,4528,4,3.4176015e-05,3.4173715e-05,6.143894225163826e-08
4,13,4528,4531,3,3.423192e-05,3.419863e-05,6.5784868067564e-08
4,14,4531,4535,4,3.4197695e-05,3.4181445e-05,6.651063617948654e-08
4,15,4535,4539,4,3.4205635e-05,3.4189830000000005e-05,6.648555971036296e-08
4,16,4539,4543,4,3.4196585e-05,3.4191707500000004e-05,6.04526179644029e-08
4,17,4543,4546,3,3.415662e-05,3.4169576666666666e-05,3.8473728121349854e-08
4,18,4546,4550,4,3.4201940000000005e-05,3.420489e-05,5.677709705506222e-08
4,19,4550,4554,4,3.419803e-05,3.420393e-05,5.68122948841186e-08
4,20,4554,4557,3,3.423122e-05,3.422173e-05,5.785956158377306e-08
4,21,4557,4561,4,3.4214779999999995e-05,3.4213439999999996e-05,5.910170978914264e-08
4,22,4561,4565,4,3.4229665e-05,3.42072475e-05,6.507513556459326e-08
4,23,4565,4569,4,3.4223565e-05,3.4207445e-05,6.359117883008571e-08
4,24,4569,4572,3,3.425385e-05,3.421087e-05,7.59144268238889e-08
4,25,4572,4576,4,3.423201e-05,3.42161475e-05,6.33187173650097e-08
4,26,4576,4580,4,3.4228539999999995e-05,3.421733e-05,6.267848554328651e-08
4,27,4580,4583,3,3.421482e-05,3.419655333333334e-05,4.3988660154888175e-08
4,28,4583,4587,4,3.423982e-05,3.42342825e-05,5.562802952424467e-08
4,29,4587,4591,4,3.4235915e-05,3.42356975e-05,5.6367831861354846e-08
4,30,4591,4595,4,3.4227045e-05,3.423773e-05,6.098484524863673e-08
4,31,4595,4598,3,3.428714e-05,3.426771e-05,5.691508118826329e-08
4,32,4598,4602,4,3.4249574999999996e-05,3.425653e-05,5.754471956661035e-08
4,33,4602,4606,4,3.4284725e-05,3.42645875e-05,6.33425170698967e-08
4,34,4606,4609,3,3.427326e-05,3.426540666666667e-05,6.781732587539085e-08
4,35,4609,4613,4,3.425729e-05,3.42719825e-05,6.105044773587041e-08
4,36,4613,4617,4,3.428215e-05,3.42833925e-05,6.41087405799719e-08
4,37,4617,4620,3,3.425936e-05,3.426637333333333e-05,4.910206399825462e-08
4,38,4620,4624,4,3.4314644999999995e-05,3.4302965e-05,6.533566656122822e-08
4,39,4624,4628,4,3.433062e-05,3.43112375e-05,6.515201814794215e-08
4,40,4628,4632,4,3.4348815e-05,3.43284425e-05,6.089866926912353e-08
4,41,4632,4635,3,3.435167e-05,3.4359330000000004e-05,3.512128224690207e-08
4,42,4635,4639,4,3.4329855e-05,3.4331535e-05,6.380615036969482e-08
4,43,4639,4643,4,3.4343545e-05,3.4337185000000006e-05,7.137821323765259e-08
4,44,4643,4646,3,3.432421e-05,3.432721333333333e-05,6.405262957565051e-08
4,45,4646,4650,4,3.4366764999999995e-05,3.4349e-05,6.422366035971502e-08
4,46,4650,4654,4,3.4381195e-05,3.4362297500000005e-05,6.149080190361786e-08
4,47,4654,4658,4,3.438827e-05,3.437081e-05,6.335426149833887e-08
4,48,4658,4661,3,3.438838e-05,3.4381540000000006e-05,5.337352152518848e-08
4,49,4661,4665,4,3.4389515e-05,3.43954575e-05,4.944302649262099e-08
4,50,4665,4669,4,3.4415415e-05,3.4393235e-05,6.711773927211804e-08
4,51,4669,4672,3,3.442777e-05,3.439645e-05,7.733593084718054e-08
4,52,4672,4676,4,3.4396845e-05,3.4397995e-05,5.933913737997839e-08
4,53,4676,4680,4,3.4408224999999995e-05,3.4400545e-05,6.02850895744541e-08
4,54,4680,4684,4,3.4408034999999996e-05,3.440644e-05,6.130216513305312e-08
4,55,4684,4687,3,3.437802e-05,3.437383333333333e-05,3.5323441068063064e-08
4,56,4687,4691,4,3.4410495e-05,3.4411482499999996e-05,5.827088654508358e-08
4,57,4691,4695,4,3.4405355e-05,3.441577e-05,5.436982481119362e-08
4,58,4695,4698,3,3.445218e-05,3.444094000000001e-05,5.8845228070479966e-08
4,59,4698,4702,4,3.442027e-05,3.4429375e-05,5.802184093080972e-08
4,60,4702,4706,4,3.443611e-05,3.44352525e-05,6.22471012879295e-08
4,61,4706,4710,4,3.4462855e-05,3.44422575e-05,6.714608900561657e-08
4,62,4710,4713,3,3.445157e-05,3.443868666666667e-05,6.973445266788128e-08
4,63,4713,4717,4,3.4448360000000004e-05,3.4441725e-05,6.464504834092102e-08
4,64,4717,4721,4,3.4451935000000004e-05,3.4453135e-05,6.139218700290873e-08
4,65,4721,4724,3,3.439729e-05,3.4423656666666666e-05,4.246640816247784e-08
4,66,4724,4728,4,3.4459780000000004e-05,3.4463185000000005e-05,6.106840652088301e-08
4,67,4728,4732,4,3.4470775e-05,3.44676125e-05,6.3016480136152e-08
4,68,4732,4735,3,3.453317e-05,3.450785333333333e-05,4.620916816198217e-08
4,69,4735,4739,4,3.449929e-05,3.44832075e-05,6.336812028733316e-08
4,70,4739,4743,4,3.4498075e-05,3.4487739999999994e-05,6.318706077987899e-08
4,71,4743,4747,4,3.4506860000000004e-05,3.44924325e-05,6.204267215997432e-08
4,72,4747,4750,3,3.45334e-05,3.450574333333333e-05,6.897873408200117e-08
4,73,4750,4754,4,3.4503305e-05,3.4502485e-05,6.073920253839539e-08
4,74,4754,4758,4,3.450569e-05,3.4510587500000004e-05,6.425061376166064e-08
4,75,4758,4761,3,3.446709e-05,3.449541e-05,4.592676198761142e-08
4,76,4761,4765,4,3.4516885e-05,3.45223475e-05,5.9127194832412245e-08
4,77,4765,4769,4,3.4537605e-05,3.452673e-05,6.591742751351842e-08
4,78,4769,4773,4,3.4547855e-05,3.4530315e-05,6.523160679455994e-08
4,79,4773,4776,3,3.455498e-05,3.456250666666666e-05,3.111795337457283e-08
4,80,4776,4780,4,3.455318e-05,3.45416875e-05,6.337230166839227e-08
4,81,4780,4784,4,3.454321e-05,3.45413425e-05,6.236648233426287e-08
4,82,4784,4787,3,3.460897e-05,3.456127333333333e-05,7.279202810442359e-08
4,83,4787,4791,4,3.4569355000000005e-05,3.45539625e-05,6.839264009197314e-08
4,84,4791,4795,4,3.4577625e-05,3.45598675e-05,6.494071349122899e-08
4,85,4795,4799,4,3.458218e-05,3.4563005e-05,6.93478829885961e-08
4,86,4799,4802,3,3.454719e-05,3.454216333333333e-05,5.782748270118117e-08
4,87,4802,4806,4,3.457117e-05,3.45666975e-05,5.4705072605289495e-08
4,88,4806,4810,4,3.462868e-05,3.46092975e-05,5.4421609850776476e-08
4,89,4810,4813,3,3.47789e-05,3.477015666666667e-05,1.5221161439115187e-08
4,90,4813,4817,4,3.556111e-05,3.5770575e-05,7.812300373289568e-07
4,91,4817,4821,4,5.1394820000000006e-05,0.0001969047525,0.00025894577766404325
4,92,4821,4825,4,0.0006449807,0.0006449859499999999,2.8785206704140885e-07
4,93,4825,4828,3,0.0006448884,0.000644893,1.501889476625946e-07
4,94,4828,4832,4,0.00064494165,0.00064492075,2.4231907168031355e-07
4,95,4832,4836,4,0.0006447122500000001,0.0006446963500000001,3.9925211333205536e-08
4,96,4836,4839,3,0.0006448111,0.0006447084666666667,1.569573261183635e-07
4,97,4839,4843,4,0.0006449038499999999,0.00064490405,8.20354953663427e-08
4,98,4843,4847,4,0.0006446932500000001,0.000644703425,2.1061792866467474e-07
4,99,4847,4850,3,0.0006447553,0.0006447208,3.329233245058083e-07
5,0,5441,5444,3,3.512214e-05,3.5120720000000005e-05,9.248419684824198e-09
5,1,5437,5441,4,3.5087500000000006e-05,3.50716675e-05,8.019078730596405e-08
5,2,5433,5437,4,3.5111715e-05,3.51106025e-05,6.423208831067262e-08
5,3,5429,5433,4,3.4919399999999996e-05,3.486243e-05,2.544991540260995e-07
5,4,5426,5429,3,3.411065e-05,3.410749666666667e-05,1.876539427302939e-08
5,5,5422,5426,4,3.4033954999999997e-05,3.402952e-05,6.990727108105439e-08
5,6,5418,5422,4,3.4027370000000004e-05,3.4023672500000006e-05,5.961629532895967e-08
5,7,5414,5418,4,3.402763e-05,3.4024535e-05,6.615206364883896e-08
5,8,5411,5414,3,3.399219e-05,3.4011573333333334e-05,6.902529117810433e-08
5,9,5407,5411,4,3.4029825e-05,3.40341e-05,5.960683475911035e-08
5,10,5403,5407,4,3.402672e-05,3.4038485e-05,6.126056663956036e-08
5,11,5399,5403,4,3.4036870000000004e-05,3.40456675e-05,5.5354063254201824e-08
5,12,5395,5399,4,3.4048579999999996e-05,3.40500375e-05,6.249396745886795e-08
5,13,5392,5395,3,3.408336e-05,3.408950333333333e-05,2.9830257942045026e-08
5,14,5388,5392,4,3.4093845e-05,3.40706875e-05,6.796512428260488e-08
5,15,5384,5388,4,3.408023e-05,3.4071124999999995e-05,6.946855601637263e-08
5,16,5380,5384,4,3.408891e-05,3.4082802499999995e-05,6.705312012688291e-08
5,17,5377,5380,3,3.403321e-05,3.405746e-05,4.923496386376951e-08
5,18,5373,5377,4,3.4078895e-05,3.40848375e-05,6.45423385751548e-08
5,19,5369,5373,4,3.409282e-05,3.40961275e-05,5.737349012174663e-08
5,20,5365,5369,4,3.4084945e-05,3.40954225e-05,5.9442950118160814e-08
5,21,5362,5365,3,3.410512e-05,3.4109303333333334e-05,6.481979241627266e-08
5,22,5358,5362,4,3.4110695e-05,3.41123275e-05,5.576163886355793e-08
5,23,5354,5358,4,3.4122565e-05,3.41215525e-05,5.707187327177817e-08
5,24,5350,5354,4,3.4128305e-05,3.412155e-05,5.915288200924782e-08
5,25,5346,5350,4,3.4122874999999996e-05,3.4129205e-05,5.364724247340195e-08
5,26,5343,5346,3,3.415164e-05,3.417091666666667e-05,2.9523979331308815e-08
5,27,5339,5343,4,3.415239e-05,3.4142265e-05,5.722408430896817e-08
5,28,5335,5339,4,3.4167825e-05,3.41491125e-05,6.13915659415041e-08
5,29,5331,5335,4,3.4165255e-05,3.41482875e-05,6.528879550696319e-08
5,30,5328,5331,3,3.41464e-05,3.4138503333333337e-05,6.558642762713242e-08
5,31,5324,5328,4,3.416929e-05,3.41487325e-05,6.124970178498799e-08
5,32,5320,5324,4,3.416231e-05,3.415623e-05,6.094098005447422e-08
5,33,5316,5320,4,3.4149794999999996e-05,3.416379e-05,5.840222812530282e-08
5,34,5313,5316,3,3.412953e-05,3.4158033333333334e-05,6.851067086390628e-08
5,35,5309,5313,4,3.418104e-05,3.41730425e-05,6.347925502674162e-08
5,36,5305,5309,4,3.4192175e-05,3.417854e-05,6.263512473045619e-08
5,37,5301,5305,4,3.4185545e-05,3.4188435e-05,5.449888095181442e-08
5,38,5297,5301,4,3.4190975000000003e-05,3.4190769999999996e-05,5.326746051765673e-08
5,39,5294,5297,3,3.419046e-05,3.418175666666667e-05,6.700324486338181e-08
5,40,5290,5294,4,3.4208905e-05,3.4193602499999994e-05,6.06083749885268e-08
5,41,5286,5290,4,3.419967e-05,3.41844225e-05,5.964015273915726e-08
5,42,5282,5286,4,3.422266e-05,3.4200085e-05,6.525600987648511e-08
5,43,5279,5282,3,3.417395e-05,3.418536e-05,6.843021603550902e-08
5,44,5275,5279,4,3.4219025e-05,3.42109425e-05,6.27266240822024e-08
5,45,5271,5275,4,3.4213005e-05,3.421305e-05,6.59510731527558e-08
5,46,5267,5271,4,3.4210985e-05,3.422305e-05,5.8610159955421806e-08
5,47,5264,5267,3,3.424498e-05,3.425504e-05,3.774531052550144e-08
5,48,5260,5264,4,3.4223060000000005e-05,3.422946e-05,6.030845090035086e-08
5,49,5256,5260,4,3.4249605e-05,3.4243897499999996e-05,5.181326682182996e-08
5,50,5252,5256,4,3.4248420000000004e-05,3.424334e-05,6.20936301080867e-08
5,51,5248,5252,4,3.4254465e-05,3.42503675e-05,5.730687845930986e-08
5,52,5245,5248,3,3.424381e-05,3.4245136666666667e-05,6.63469795008718e-08
5,53,5241,5245,4,3.4260440000000004e-05,3.42471475e-05,5.8553320732048004e-08
5,54,5237,5241,4,3.4244950000000005e-05,3.4244635e-05,6.533787282273514e-08
5,55,5233,5237,4,3.425145e-05,3.42543575e-05,5.890762487785392e-08
5,56,5230,5233,3,3.423193e-05,3.425458333333333e-05,6.40246126284419e-08
5,57,5226,5230,4,3.4268780000000005e-05,3.426136e-05,6.147620433956405e-08
5,58,5222,5226,4,3.4290485e-05,3.42715325e-05,6.747427708949526e-08
5,59,5218,5222,4,3.4291075e-05,3.42678e-05,6.673325595233637e-08
5,60,5215,5218,3,3.431341e-05,3.429768333333334e-05,4.35583320260187e-08
5,61,5211,5215,4,3.425492e-05,3.42588025e-05,6.355426711677268e-08
5,62,5207,5211,4,3.424296e-05,3.425514e-05,5.468441642735198e-08
5,63,5203,5207,4,3.4264405e-05,3.425391e-05,5.837719546192515e-08
5,64,5199,5203,4,3.426419e-05,3.42519425e-05,5.964715348405135e-08
5,65,5196,5199,3,3.424361e-05,3.42227e-05,5.3157296770999146e-08
5,66,5192,5196,4,3.4247614999999995e-05,3.4238267499999995e-05,6.798497605169788e-08
5,67,5188,5192,4,3.424202e-05,3.42402e-05,6.487829876006195e-08
5,68,5184,5188,4,3.421727e-05,3.42257375e-05,6.366675245958357e-08
5,69,5181,5184,3,3.425315e-05,3.4234673333333335e-05,6.305869452784099e-08
5,70,5177,5181,4,3.4212010000000005e-05,3.4210232500000006e-05,5.310551307303269e-08
5,71,5173,5177,4,3.421494e-05,3.4193457500000004e-05,6.407491372409427e-08
5,72,5169,5173,4,3.412245e-05,3.41451425e-05,6.394846455349835e-08
5,73,5166,5169,3,3.417125e-05,3.41649e-05,5.5918703489978584e-08
5,74,5162,5166,4,3.4131305e-05,3.41325575e-05,5.2198572957025846e-08
5,75,5158,5162,4,3.4095265e-05,3.41050575e-05,5.459957480374617e-08
5,76,5154,5158,4,3.405751e-05,3.4063722499999995e-05,5.4994890387655516e-08
5,77,5150,5154,4,3.4044805e-05,3.4038355e-05,5.469854225662824e-08
5,78,5147,5150,3,3.397623e-05,3.3974483333333335e-05,5.1854078806674925e-08
5,79,5143,5147,4,3.3982145000000004e-05,3.397127e-05,7.587657971996251e-08
5,80,5139,5143,4,3.394032e-05,3.3925395e-05,7.469983751655733e-08
5,81,5135,5139,4,3.388045e-05,3.3869747500000005e-05,7.965113538895769e-08
5,82,5132,5135,3,3.388084e-05,3.3836433333333334e-05,7.406857018256095e-08
5,83,5128,5132,4,3.378074e-05,3.3762015e-05,6.908100806299813e-08
5,84,5124,5128,4,3.367987e-05,3.367654e-05,5.781568774995242e-08
5,85,5120,5124,4,3.359332e-05,3.35759375e-05,6.95414992558414e-08
5,86,5117,5120,3,3.350704e-05,3.349511999999999e-05,3.073548220976436e-08
5,87,5113,5117,4,3.3347425e-05,3.3343552500000004e-05,2.2397081701640517e-08
5,88,5109,5113,4,3.317432e-05,3.3171290000000005e-05,1.756299234185528e-08
5,89,5105,5109,4,3.2939605e-05,3.294612e-05,2.5604627511446845e-08
5,90,5101,5105,4,3.2666410000000004e-05,3.2665535e-05,3.727798646654434e-08
5,91,5098,5101,3,3.236866e-05,6.893999333333334e-05,5.1749617381960315e-05
5,92,5094,5098,4,0.00033572545,0.00033616445,8.978629478830551e-05
5,93,5090,5094,4,0.00054219095,0.0005382692499999999,2.5284747763276175e-05
5,94,5086,5090,4,0.00058793935,0.0005866592,3.0565513156169968e-06
5,95,5083,5086,3,0.0005861543,0.0005860458666666667,1.7763516812713767e-06
5,96,5079,5083,4,0.0005752069000000001,0.000575725925,2.8438868097860024e-06
5,97,5075,5079,4,0.00058675945,0.000587220775,7.431565831766231e-06
5,98,5071,5075,4,0.00061988615,0.0006188759250000001,8.580957922159701e-06
5,99,5067,5071,4,0.00064140215,0.000640338175,3.111959338081897e-06
6,0,5663,5667,4,3.406344e-05,3.4061654999999996e-05,6.383227298945221e-08
6,1,5667,5671,4,3.4091185e-05,3.40733875e-05,6.43827618136252e-08
6,2,5671,5675,4,3.4103019999999997e-05,3.408409e-05,6.136472887579673e-08
6,3,5675,5679,4,3.4104515e-05,3.408997e-05,6.028866021068867e-08
6,4,5679,5682,3,3.411554e-05,3.413057666666667e-05,3.047213627051605e-08
6,5,5682,5686,4,3.4115979999999995e-05,3.41144775e-05,5.844310112194592e-08
6,6,5686,5690,4,3.411438e-05,3.41201275e-05,6.271730637351836e-08
6,7,5690,5694,4,3.4134075e-05,3.4125805e-05,6.695975451717342e-08
6,8,5694,5697,3,3.412101e-05,3.4119023333333336e-05,5.942489788706967e-08
6,9,5697,5701,4,3.415517e-05,3.4144855e-05,5.643744036541675e-08
6,10,5701,5705,4,3.41511e-05,3.4154695e-05,5.3580198534534644e-08
6,11,5705,5709,4,3.4162004999999996e-05,3.4171645e-05,5.2541617076369505e-08
6,12,5709,5713,4,3.416233e-05,3.41719825e-05,5.985384255626441e-08
6,13,5713,5716,3,3.422077e-05,3.4211613333333335e-05,4.912846719458115e-08
6,14,5716,5720,4,3.4207865e-05,3.41963175e-05,6.416652880396331e-08
6,15,5720,5724,4,3.421736e-05,3.419698e-05,6.539318695399294e-08
6,16,5724,5728,4,3.4229885e-05,3.4207435e-05,6.796777784362127e-08
6,17,5728,5731,3,3.425379e-05,3.4209503333333336e-05,7.690003048691772e-08
6,18,5731,5735,4,3.42282e-05,3.4215632500000004e-05,6.49883056307069e-08
6,19,5735,5739,4,3.4205765e-05,3.42130075e-05,6.246947509584156e-08
6,20,5739,5743,4,3.4232755e-05,3.4226502500000005e-05,6.024438122140587e-08
6,21,5743,5746,3,3.420065e-05,3.4211610000000004e-05,5.864075545215926e-08
6,22,5746,5750,4,3.424969e-05,3.42376875e-05,6.225005918671848e-08
6,23,5750,5754,4,3.4254685e-05,3.425044750000001e-05,5.536214337207383e-08
6,24,5754,5758,4,3.4248994999999996e-05,3.42501425e-05,6.124338101991106e-08
6,25,5758,5762,4,3.4264874999999996e-05,3.425893e-05,6.260617501492923e-08
6,26,5762,5765,3,3.431024e-05,3.428868333333333e-05,5.067137017641755e-08
6,27,5765,5769,4,3.42707e-05,3.4268857499999993e-05,6.20454399512989e-08
6,28,5769,5773,4,3.427515e-05,3.42779525e-05,5.7952023422397833e-08
6,29,5773,5777,4,3.4281695e-05,3.42797275e-05,6.638948500139166e-08
6,30,5777,5780,3,3.43342e-05,3.4301483333333333e-05,6.493082592694554e-08
6,31,5780,5784,4,3.4304385e-05,3.429167e-05,7.025759638644099e-08
6,32,5784,5788,4,3.4308149999999994e-05,3.4302535e-05,6.731289679548822e-08
6,33,5788,5792,4,3.4313945e-05,3.4311742500000005e-05,6.397828747903307e-08
6,34,5792,5795,3,3.42766e-05,3.431692e-05,6.184098371360581e-08
6,35,5795,5799,4,3.4333529999999994e-05,3.433283e-05,5.875867808247451e-08
6,36,5799,5803,4,3.4327345e-05,3.433418e-05,5.6511112623979246e-08
6,37,5803,5807,4,3.435097e-05,3.434023e-05,6.415527920600309e-08
6,38,5807,5811,4,3.4365519999999996e-05,3.435375e-05,6.122670169133894e-08
6,39,5811,5814,3,3.433812e-05,3.4340723333333334e-05,6.221570130512953e-08
6,40,5814,5818,4,3.4389305e-05,3.43736725e-05,6.272118476838569e-08
6,41,5818,5822,4,3.438654e-05,3.43799375e-05,5.623518221496189e-08
6,42,5822,5826,4,3.4400189999999996e-05,3.4392707500000004e-05,5.569147303447784e-08
6,43,5826,5829,3,3.442578e-05,3.443254e-05,3.73029873691986e-08
6,44,5829,5833,4,3.4394815e-05,3.440308e-05,6.31770397375475e-08
6,45,5833,5837,4,3.4424955e-05,3.44112325e-05,6.535272273402053e-08
6,46,5837,5841,4,3.4418019999999996e-05,3.4412265e-05,6.334508761537883e-08
6,47,5841,5844,3,3.442399e-05,3.439771666666667e-05,5.3035972907284846e-08
6,48,5844,5848,4,3.4448770000000006e-05,3.4432575000000005e-05,6.063794707112286e-08
6,49,5848,5852,4,3.444589e-05,3.44384325e-05,5.797346823116478e-08
6,50,5852,5856,4,3.4458895e-05,3.4449255e-05,5.5987083555050314e-08
6,51,5856,5860,4,3.4432670000000005e-05,3.44442125e-05,6.398104108835496e-08
6,52,5860,5863,3,3.451001e-05,3.448393333333333e-05,4.64424836640854e-08
6,53,5863,5867,4,3.4481975e-05,3.4464377500000003e-05,6.558663978852772e-08
6,54,5867,5871,4,3.4485605e-05,3.44719975e-05,6.41012446739532e-08
6,55,5871,5875,4,3.448297e-05,3.44733975e-05,6.351640708312988e-08
6,56,5875,5878,3,3.449446e-05,3.448333e-05,7.037843751225826e-08
6,57,5878,5882,4,3.4467745e-05,3.44829275e-05,5.7484018811753144e-08
6,58,5882,5886,4,3.448038e-05,3.4491765e-05,5.894793868321479e-08
6,59,5886,5890,4,3.448347e-05,3.4495809999999997e-05,5.945041673529255e-08
6,60,5890,5893,3,3.446931e-05,3.447278333333333e-05,5.6783321690634566e-08
6,61,5893,5897,4,3.453787e-05,3.45143875e-05,6.737630123975314e-08
6,62,5897,5901,4,3.4532404999999995e-05,3.4514715000000005e-05,6.232179253679818e-08
6,63,5901,5905,4,3.454197e-05,3.45284425e-05,5.724901587582175e-08
6,64,5905,5909,4,3.4534635e-05,3.45272275e-05,6.062812976457456e-08
6,65,5909,5912,3,3.454508e-05,3.455856e-05,3.579748966990222e-08
6,66,5912,5916,4,3.4534415e-05,3.453352e-05,5.6384267752628504e-08
6,67,5916,5920,4,3.454547e-05,3.45358225e-05,5.968244983870851e-08
6,68,5920,5924,4,3.45479e-05,3.4540885e-05,6.407883016254472e-08
6,69,5924,5927,3,3.447982e-05,3.4527793333333336e-05,7.016947785342419e-08
6,70,5927,5931,4,3.45374e-05,3.45493175e-05,5.992318598631125e-08
6,71,5931,5935,4,3.4536535e-05,3.4550485e-05,5.9480643279976626e-08
6,72,5935,5939,4,3.454036e-05,3.45538125e-05,6.381250714985126e-08
6,73,5939,5942,3,3.452559e-05,3.453567e-05,4.2472290574760074e-08
6,74,5942,5946,4,3.4553665000000005e-05,3.45663925e-05,5.645038236141718e-08
6,75,5946,5950,4,3.455308e-05,3.45651575e-05,6.132307819043439e-08
6,76,5950,5954,4,3.4564805e-05,3.457183e-05,5.97349248764894e-08
6,77,5954,5958,4,3.4572694999999995e-05,3.458169e-05,5.5635257256527575e-08
6,78,5958,5961,3,3.461954e-05,3.4598586666666666e-05,6.344070267230234e-08
6,79,5961,5965,4,3.457832e-05,3.45839425e-05,6.087043509578387e-08
6,80,5965,5969,4,3.4592864999999996e-05,3.4597135e-05,5.450986447423805e-08
6,81,5969,5973,4,3.4614725e-05,3.45987025e-05,6.388108537548488e-08
6,82,5973,5976,3,3.460654e-05,3.4599000000000005e-05,7.283094717677746e-08
6,83,5976,5980,4,3.459553e-05,3.460465e-05,6.318360586417905e-08
6,84,5980,5984,4,3.4650855e-05,3.46861425e-05,9.665762628344474e-08
6,85,5984,5988,4,3.495276e-05,3.506888e-05,2.852306282642176e-07
6,86,5988,5991,3,3.800221e-05,3.867406333333334e-05,2.1773669537667626e-06
6,87,5991,5995,4,0.000358176615,0.00035335487500000003,0.0002916008114217917
6,88,5995,5999,4,0.0006444587999999999,0.0006444403499999999,2.6452944543092145e-07
6,89,5999,6003,4,0.00064447815,0.00064450965,2.2619416990717183e-07
6,90,6003,6007,4,0.0006443581000000001,0.0006443846999999999,1.2667835253113995e-07
6,91,6007,6010,3,0.0006442774,0.0006443358333333334,3.170955096216264e-07
6,92,6010,6014,4,0.0006441935499999999,0.000644253225,2.437474961410118e-07
6,93,6014,6018,4,0.00064437515,0.0006443861000000001,1.8909297977449383e-07
6,94,6018,6022,4,0.00064414615,0.0006441342,1.8091538077231983e-07
6,95,6022,6025,3,0.0006442208,0.0006441962333333333,6.055709885901762e-08
6,96,6025,6029,4,0.0006444256999999999,0.00064441825,2.3409239628822607e-08
6,97,6029,6033,4,0.0006442728500000001,0.000644175775,2.2462092928978703e-07
6,98,6033,6037,4,0.00064393725,0.00064397815,2.472508088965633e-07
6,99,6037,6040,3,0.0006439936,0.0006440854333333333,1.507696771753045e-07
7,0,6641,6644,3,3.459486e-05,3.466171333333333e-05,3.44206072998267e-07
7,1,6637,6641,4,3.403419e-05,3.4047665e-05,1.1517177442845902e-07
7,2,6633,6637,4,3.3980025e-05,3.3969082499999995e-05,6.462155730675309e-08
7,3,6629,6633,4,3.3972455000000004e-05,3.3969295e-05,6.3774604859613e-08
7,4,6625,6629,4,3.3963785e-05,3.39691525e-05,6.111639811662874e-08
7,5,6622,6625,3,3.401459e-05,3.399399333333333e-05,6.098110435937497e-08
7,6,6618,6622,4,3.400047e-05,3.39929325e-05,5.230276779244197e-08
7,7,6614,6618,4,3.400484e-05,3.3986305000000004e-05,6.317567510521677e-08
7,8,6610,6614,4,3.4012455e-05,3.39918325e-05,6.7569860653621e-08
7,9,6606,6610,4,3.4002685e-05,3.399221e-05,6.786495155822372e-08
7,10,6602,6606,4,3.3999255e-05,3.3997765e-05,6.934587460693085e-08
7,11,6599,6602,3,3.395468e-05,3.398060333333333e-05,4.7745676476746835e-08
7,12,6595,6599,4,3.3990025e-05,3.40010825e-05,5.9292200319687383e-08
7,13,6591,6595,4,3.4006729999999996e-05,3.40110025e-05,5.6493504217298855e-08
7,14,6587,6591,4,3.404568e-05,3.40323075e-05,5.73528034951221e-08
7,15,6583,6587,4,3.4022725e-05,3.40309675e-05,5.7766534159061525e-08
7,16,6579,6583,4,3.404006e-05,3.4041275e-05,5.5341795010642106e-08
7,17,6576,6579,3,3.399485e-05,3.4030453333333333e-05,6.551235829130831e-08
7,18,6572,6576,4,3.40725e-05,3.40545675e-05,6.123674443297903e-08
7,19,6568,6572,4,3.4076045e-05,3.4057902499999995e-05,6.198057291401846e-08
7,20,6564,6568,4,3.4070364999999996e-05,3.4072984999999996e-05,5.9311307733010404e-08
7,21,6560,6564,4,3.405599e-05,3.406628e-05,6.281400082784304e-08
7,22,6556,6560,4,3.406164e-05,3.4074515e-05,6.055100721705601e-08
7,23,6553,6556,3,3.410664e-05,3.409826666666667e-05,5.677845913920346e-08
7,24,6549,6553,4,3.4068335e-05,3.40795175e-05,6.116915823149707e-08
7,25,6545,6549,4,3.4083144999999995e-05,3.408955e-05,5.804688062247531e-08
7,26,6541,6545,4,3.40836e-05,3.40954e-05,5.774057152470796e-08
7,27,6537,6541,4,3.4101255e-05,3.40965775e-05,5.938704798817774e-08
7,28,6533,6537,4,3.412238e-05,3.410629e-05,6.59637684642105e-08
7,29,6530,6533,3,3.40781e-05,3.408370666666667e-05,6.723300793178343e-08
7,30,6526,6530,4,3.4121135e-05,3.41071675e-05,6.273812372672657e-08
7,31,6522,6526,4,3.4116345e-05,3.41113175e-05,6.735740878886421e-08
7,32,6518,6522,4,3.4119065e-05,3.41118425e-05,6.491410069276166e-08
7,33,6514,6518,4,3.4117035e-05,3.4113375e-05,6.344650601097005e-08
7,34,6510,6514,4,3.412926e-05,3.41224125e-05,6.521588471185669e-08
7,35,6507,6510,3,3.411882e-05,3.4111629999999996e-05,6.873724899936104e-08
7,36,6503,6507,4,3.4145160000000004e-05,3.41297425e-05,6.201783952017277e-08
7,37,6499,6503,4,3.4152875e-05,3.41332125e-05,6.463287374664699e-08
7,38,6495,6499,4,3.416284e-05,3.41412325e-05,6.330185320154444e-08
7,39,6491,6495,4,3.4168315000000004e-05,3.41472925e-05,6.834539244711465e-08
7,40,6487,6491,4,3.415974e-05,3.414971e-05,6.737670962580444e-08
7,41,6484,6487,3,3.420191e-05,3.417359e-05,6.6441577846005e-08
7,42,6480,6484,4,3.4162985e-05,3.41709075e-05,5.415702510985839e-08
7,43,6476,6480,4,3.4168845e-05,3.4172825e-05,5.5481363762977354e-08
7,44,6472,6476,4,3.4190935e-05,3.4179755e-05,6.127111411586927e-08
7,45,6468,6472,4,3.4200049999999995e-05,3.4178490000000004e-05,6.645449646186606e-08
7,46,6464,6468,4,3.418853e-05,3.4182692500000003e-05,6.456139302051932e-08
7,47,6461,6464,3,3.413721e-05,3.4156296666666666e-05,5.422353752958389e-08
7,48,6457,6461,4,3.4178505e-05,3.4187507499999995e-05,5.6427736697034956e-08
7,49,6453,6457,4,3.419111e-05,3.419365e-05,5.743619285781468e-08
7,50,6449,6453,4,3.419165e-05,3.4187932500000004e-05,5.9171520757455006e-08
7,51,6445,6449,4,3.420856e-05,3.41938325e-05,6.381305484577799e-08
7,52,6442,6445,3,3.425482e-05,3.4216270000000004e-05,7.147695432795006e-08
7,53,6438,6442,4,3.4205925000000006e-05,3.420605e-05,6.24191657265618e-08
7,54,6434,6438,4,3.4191295e-05,3.42051375e-05,6.193502739767007e-08
7,55,6430,6434,4,3.419509e-05,3.42072625e-05,5.843386106317074e-08
7,56,6426,6430,4,3.418512e-05,3.419836e-05,6.108186310190681e-08
7,57,6422,6426,4,3.4193790000000004e-05,3.4204270000000005e-05,5.539161849955337e-08
7,58,6419,6422,3,3.422508e-05,3.421417333333333e-05,6.200451076781004e-08
7,59,6415,6419,4,3.417808e-05,3.418911e-05,5.939325635120557e-08
7,60,6411,6415,4,3.4189995e-05,3.41966125e-05,5.712283754112662e-08
7,61,6407,6411,4,3.4185650000000004e-05,3.4187075e-05,6.275072131059504e-08
7,62,6403,6407,4,3.4168505000000004e-05,3.4178337500000004e-05,6.062444571911693e-08
7,63,6399,6403,4,3.4166395000000005e-05,3.4172927500000005e-05,5.857640496607763e-08
7,64,6396,6399,3,3.413528e-05,3.413485666666667e-05,4.048708957460606e-08
7,65,6392,6396,4,3.417224e-05,3.4163192499999995e-05,6.309849379145247e-08
7,66,6388,6392,4,3.4165605000000004e-05,3.414951750000001e-05,7.050398973639675e-08
7,67,6384,6388,4,3.414779e-05,3.4134755e-05,6.657071747397832e-08
7,68,6380,6384,4,3.4132615e-05,3.4124619999999997e-05,6.818726310682817e-08
7,69,6376,6380,4,3.4108075000000005e-05,3.41087275e-05,6.603264850625009e-08
7,70,6373,6376,3,3.414148e-05,3.410014999999999e-05,8.03856036032998e-08
7,71,6369,6373,4,3.408032e-05,3.4070992499999996e-05,6.338006444261595e-08
7,72,6365,6369,4,3.405811e-05,3.404702e-05,6.775790839451943e-08
7,73,6361,6365,4,3.4033925e-05,3.4023145000000006e-05,6.569694836900904e-08
7,74,6357,6361,4,3.3997875e-05,3.39926025e-05,6.365590325138576e-08
7,75,6353,6357,4,3.3959695e-05,3.3958537499999996e-05,5.985481449933616e-08
7,76,6350,6353,3,3.393837e-05,3.3930849999999994e-05,4.780856896694133e-08
7,77,6346,6350,4,3.3867375e-05,3.3863535e-05,4.673510056691815e-08
7,78,6342,6346,4,3.382252e-05,3.38104825e-05,4.49267060750055e-08
7,79,6338,6342,4,3.3746135e-05,3.37351025e-05,4.279963923621384e-08
7,80,6334,6338,4,3.3677500000000004e-05,3.36623525e-05,5.618089282620948e-08
7,81,6330,6334,4,3.357225e-05,3.35567225e-05,3.49081311265715e-08
7,82,6327,6330,3,3.341777e-05,3.341648333333333e-05,4.28920508045731e-08
7,83,6323,6327,4,3.3305695e-05,3.3317985e-05,9.176756085349448e-08
7,84,6319,6323,4,3.3109585000000005e-05,3.3127132499999996e-05,1.0233716000920751e-07
7,85,6315,6319,4,3.289111e-05,3.2907320000000004e-05,1.1691250895434556e-07
7,86,6311,6315,4,3.257419e-05,3.2604305e-05,1.367973357744954e-07
7,87,6307,6311,4,0.0002087234,0.00021562232499999998,8.262623137319574e-05
7,88,6304,6307,3,0.0004817431,0.00047501639999999995,3.885816232204848e-05
7,89,6300,6304,4,0.00057082585,0.0005675493000000001,1.4053237317963432e-05
7,90,6296,6300,4,0.00058872955,0.00058810425,1.3284942613726366e-06
7,91,6292,6296,4,0.00058032425,0.0005804799500000001,4.298680030253463e-06
7,92,6288,6292,4,0.00058099115,0.0005821262,6.903500815890448e-06
7,93,6284,6288,4,0.0006141162499999999,0.000613187425,9.24841990244143e-06
7,94,6281,6284,3,0.0006356724,0.0006352085,3.6870997663023484e-06
7,95,6277,6281,4,0.00064258155,0.000642480325,5.797650661043573e-07
7,96,6273,6277,4,0.0006424225,0.00064241425,3.25461768108027e-07
7,97,6269,6273,4,0.0006422104,0.000642164025,2.6318758875563354e-07
7,98,6265,6269,4,0.00064256745,0.0006425392,1.741348184596914e-07
7,99,6261,6265,4,0.0006426601,0.00064279795,3.560803174847031e-07
8,0,6866,6870,4,3.3982735e-05,3.3984402499999996e-05,5.1922223264705864e-08
8,1,6870,6874,4,3.4013575e-05,3.4000095e-05,6.006409930232949e-08
8,2,6874,6878,4,3.401819e-05,3.40023725e-05,5.976354339185404e-08
8,3,6878,6882,4,3.4019414999999996e-05,3.4008137499999996e-05,5.607086202966695e-08
8,4,6882,6886,4,3.401245e-05,3.401303e-05,5.6165894455622716e-08
8,5,6886,6890,4,3.40304e-05,3.40307425e-05,5.253273854226514e-08
8,6,6890,6893,3,3.406708e-05,3.4048373333333333e-05,5.7584165261719063e-08
8,7,6893,6897,4,3.405056e-05,3.4052665e-05,5.777435828289262e-08
8,8,6897,6901,4,3.4079885e-05,3.40618275e-05,6.687577378056994e-08
8,9,6901,6905,4,3.4088345e-05,3.40720425e-05,6.47769721332377e-08
8,10,6905,6909,4,3.4075505e-05,3.40751825e-05,6.160863388154337e-08
8,11,6909,6913,4,3.4074244999999996e-05,3.40799175e-05,6.280663912955276e-08
8,12,6913,6916,3,3.404398e-05,3.407209e-05,7.663395722524189e-08
8,13,6916,6920,4,3.410077e-05,3.4096385e-05,6.310715510146275e-08
8,14,6920,6924,4,3.411271e-05,3.40939975e-05,6.084975652169772e-08
8,15,6924,6928,4,3.41021e-05,3.4105292499999996e-05,4.9627255805151135e-08
8,16,6928,6932,4,3.4110345e-05,3.41191425e-05,5.515515677386734e-08
8,17,6932,6936,4,3.4130044999999997e-05,3.412389e-05,6.645249920055607e-08
8,18,6936,6939,3,3.419497e-05,3.4164843333333336e-05,4.379171636533623e-08
8,19,6939,6943,4,3.4157045e-05,3.4141100000000004e-05,6.548468561427256e-08
8,20,6943,6947,4,3.4162269999999994e-05,3.41468025e-05,6.263692695806636e-08
8,21,6947,6951,4,3.4183789999999995e-05,3.4163575e-05,6.318159720203314e-08
8,22,6951,6955,4,3.4172464999999996e-05,3.416737e-05,5.9394485855171115e-08
8,23,6955,6959,4,3.4174299999999996e-05,3.41735575e-05,6.13910992632465e-08
8,24,6959,6962,3,3.414371e-05,3.417322333333333e-05,6.447922680126427e-08
8,25,6962,6966,4,3.4169605e-05,3.41810175e-05,6.016503900730097e-08
8,26,6966,6970,4,3.4181154999999994e-05,3.4179814999999995e-05,6.447591585235508e-08
8,27,6970,6974,4,3.4206145e-05,3.41964225e-05,6.733816168228647e-08
8,28,6974,6978,4,3.420303e-05,3.4200555e-05,5.935411127293534e-08
8,29,6978,6982,4,3.4232585e-05,3.42094525e-05,6.58014400963234e-08
8,30,6982,6986,4,3.4239625e-05,3.4218859999999996e-05,6.878513320478368e-08
8,31,6986,6989,3,3.420317e-05,3.4202613333333336e-05,6.475345773693512e-08
8,32,6989,6993,4,3.424996e-05,3.4229002500000004e-05,6.327743728020233e-08
8,33,6993,6997,4,3.4251275e-05,3.4234875e-05,6.360895082455132e-08
8,34,6997,7001,4,3.4254555e-05,3.42438325e-05,5.910282158027626e-08
8,35,7001,7005,4,3.426775e-05,3.42561775e-05,6.114056034049783e-08
8,36,7005,7009,4,3.42758e-05,3.4266502500000005e-05,5.633188057175097e-08
8,37,7009,7012,3,3.43002e-05,3.4308653333333334e-05,3.293734489737628e-08
8,38,7012,7016,4,3.428461e-05,3.42796625e-05,6.656673958329268e-08
8,39,7016,7020,4,3.4306235e-05,3.42867325e-05,6.546334943118966e-08
8,40,7020,7024,4,3.431474e-05,3.4298430000000006e-05,6.524846205084257e-08
8,41,7024,7028,4,3.4320725e-05,3.4307864999999995e-05,6.710345166233934e-08
8,42,7028,7032,4,3.432819e-05,3.431561e-05,6.419540988263957e-08
8,43,7032,7035,3,3.433364e-05,3.4298993333333335e-05,5.0682865173767503e-08
8,44,7035,7039,4,3.432781e-05,3.432779e-05,5.6071531546765406e-08
8,45,7039,7043,4,3.43456e-05,3.4341595e-05,5.669437560287596e-08
8,46,7043,7047,4,3.4334285e-05,3.434268e-05,5.795858823332534e-08
8,47,7047,7051,4,3.435879e-05,3.4353240000000005e-05,6.500089037851591e-08
8,48,7051,7055,4,3.4374865000000006e-05,3.4368129999999996e-05,5.75865162169074e-08
8,49,7055,7058,3,3.439878e-05,3.440051e-05,4.19163762746748e-08
8,50,7058,7062,4,3.43675e-05,3.43771975e-05,6.620374172771557e-08
8,51,7062,7066,4,3.4389315e-05,3.439055e-05,6.23875336104895e-08
8,52,7066,7070,4,3.440808e-05,3.43911425e-05,6.314796963283974e-08
8,53,7070,7074,4,3.4411795e-05,3.439925e-05,6.162831857190177e-08
8,54,7074,7078,4,3.440256e-05,3.4407295000000005e-05,5.301515137203684e-08
8,55,7078,7082,4,3.4402509999999995e-05,3.44112975e-05,5.858792767072502e-08
8,56,7082,7085,3,3.440531e-05,3.4394973333333334e-05,4.233824617162383e-08
8,57,7085,7089,4,3.4418569999999994e-05,3.4422555e-05,6.019987562279516e-08
8,58,7089,7093,4,3.442402e-05,3.443117e-05,5.602713449749313e-08
8,59,7093,7097,4,3.4435775e-05,3.44334775e-05,6.579040445802091e-08
8,60,7097,7101,4,3.443251e-05,3.444119e-05,5.879791195272259e-08
8,61,7101,7105,4,3.4442395e-05,3.444901e-05,5.50584675594937e-08
8,62,7105,7108,3,3.450597e-05,3.448288e-05,5.100027254829139e-08
8,63,7108,7112,4,3.4466839999999996e-05,3.4455927499999995e-05,6.077712660820772e-08
8,64,7112,7116,4,3.4463355e-05,3.44607225e-05,6.294373057541227e-08
8,65,7116,7120,4,3.4469905e-05,3.4475027499999996e-05,5.971602355105247e-08
8,66,7120,7124,4,3.446132e-05,3.44702725e-05,6.684653295983313e-08
8,67,7124,7128,4,3.4470735000000004e-05,3.44829075e-05,5.6667469228387625e-08
8,68,7128,7131,3,3.452541e-05,3.449763333333333e-05,7.249332674269042e-08
8,69,7131,7135,4,3.448099e-05,3.4488867499999995e-05,6.236536353417637e-08
8,70,7135,7139,4,3.448476e-05,3.4496815e-05,5.953383974681905e-08
8,71,7139,7143,4,3.449811e-05,3.45045e-05,5.66234522967293e-08
8,72,7143,7147,4,3.4502725000000006e-05,3.4506597499999996e-05,6.456607947483046e-08
8,73,7147,7151,4,3.4514450000000006e-05,3.45073275e-05,6.773273483884986e-08
8,74,7151,7154,3,3.449441e-05,3.449447666666666e-05,6.7883542106236e-08
8,75,7154,7158,4,3.451912e-05,3.4508910000000005e-05,5.90538449213942e-08
8,76,7158,7162,4,3.451979e-05,3.451911e-05,5.796479707546571e-08
8,77,7162,7166,4,3.453752e-05,3.45276825e-05,6.060147373414367e-08
8,78,7166,7170,4,3.4518854999999996e-05,3.4523457499999996e-05,5.7738322358290365e-08
8,79,7170,7174,4,3.4531880000000006e-05,3.453945e-05,5.690914118135909e-08
8,80,7174,7178,4,3.452288e-05,3.4533355e-05,6.298367824285836e-08
8,81,7178,7181,3,3.458479e-05,3.456753333333333e-05,5.289458468396138e-08
8,82,7181,7185,4,3.4546625e-05,3.4551230000000004e-05,5.892973400584882e-08
8,83,7185,7189,4,3.4561365e-05,3.45523025e-05,6.729367183287019e-08
8,84,7189,7193,4,3.457615e-05,3.45676025e-05,6.2624682184823e-08
8,85,7193,7197,4,3.471452e-05,3.4672265e-05,9.102077276643997e-08
8,86,7197,7201,4,3.5161195e-05,3.5240725e-05,4.3158620404850826e-07
8,87,7201,7204,3,3.96698e-05,4.101065666666667e-05,3.954918437897578e-06
8,88,7204,7208,4,0.0006442184499999999,0.0004980335875,0.00025336571197677964
8,89,7208,7212,4,0.0006441201,0.0006439665,2.873055864406495e-07
8,90,7212,7216,4,0.0006437845000000001,0.0006438178750000001,1.4388544705770272e-07
8,91,7216,7220,4,0.0006434216,0.000643386475,2.1740726040085546e-07
8,92,7220,7224,4,0.0006439466,0.0006439227749999999,7.042220441738387e-08
8,93,7224,7227,3,0.0006438167,0.0006439971,7.124747340549625e-07
8,94,7227,7231,4,0.00064427435,0.00064420965,2.3249643545655715e-07
8,95,7231,7235,4,0.0006441942499999999,0.00064418415,1.8902918425470622e-07
8,96,7235,7239,4,0.0006440657,0.00064400075,2.005261267266796e-07
8,97,7239,7243,4,0.0006437503,0.0006438048750000001,1.79024752129436e-07
8,98,7243,7247,4,0.00064353875,0.00064359995,1.802297214668003e-07
8,99,7247,7250,3,0.0006430547,0.0006432290666666666,3.3550104156154475e-07
9,0,7853,7856,3,3.472111e-05,3.4640146666666666e-05,1.7955768847055685e-07
9,1,7849,7853,4,3.4009025e-05,3.404298e-05,1.1803690926993983e-07
9,2,7845,7849,4,3.395073e-05,3.394929e-05,6.533018444792673e-08
9,3,7841,7845,4,3.3945845e-05,3.3937654999999996e-05,5.999514751211148e-08
9,4,7837,7841,4,3.394918e-05,3.3937300000000005e-05,6.33375927076497e-08
9,5,7833,7837,4,3.3947775e-05,3.3937777499999994e-05,6.111420922134336e-08
9,6,7830,7833,3,3.400156e-05,3.3952880000000003e-05,7.203497668956854e-08
9,7,7826,7830,4,3.3959795e-05,3.3948335e-05,6.046142344503499e-08
9,8,7822,7826,4,3.39623e-05,3.39491325e-05,6.707176208174332e-08
9,9,7818,7822,4,3.3974595000000005e-05,3.3965297499999995e-05,6.160418061097899e-08
9,10,7814,7818,4,3.3977275e-05,3.3975495e-05,5.2772623821446426e-08
9,11,7810,7814,4,3.398449e-05,3.397368e-05,5.660259888026325e-08
9,12,7807,7810,3,3.397808e-05,3.3971383333333335e-05,6.534048379237941e-08
9,13,7803,7807,4,3.3989075e-05,3.39797175e-05,6.028403618496474e-08
9,14,7799,7803,4,3.4002279999999997e-05,3.39864975e-05,6.240573346055816e-08
9,15,7795,7799,4,3.400232e-05,3.399093e-05,6.133125915876737e-08
9,16,7791,7795,4,3.401471e-05,3.3999215000000006e-05,6.443923862834003e-08
9,17,7787,7791,4,3.4019450000000005e-05,3.4004172500000004e-05,6.201340192853673e-08
9,18,7784,7787,3,3.398558e-05,3.398787333333333e-05,6.12750353370403e-08
9,19,7780,7784,4,3.4030605e-05,3.4016599999999995e-05,6.337283053485819e-08
9,20,7776,7780,4,3.401515e-05,3.401967e-05,6.275414289112713e-08
9,21,7772,7776,4,3.402033e-05,3.40187425e-05,6.18973458134502e-08
9,22,7768,7772,4,3.406176e-05,3.404244e-05,6.036774511276784e-08
9,23,7764,7768,4,3.4036945e-05,3.40316875e-05,6.335077204541277e-08
9,24,7760,7764,4,3.4047995e-05,3.403829e-05,6.698025940529265e-08
9,25,7757,7760,3,3.407991e-05,3.406819e-05,4.9548950207514516e-08
9,26,7753,7757,4,3.4037529999999996e-05,3.4041284999999994e-05,6.46502689476228e-08
9,27,7749,7753,4,3.4055634999999995e-05,3.404585e-05,6.649999812030022e-08
9,28,7745,7749,4,3.404914e-05,3.4046015e-05,6.976879047969923e-08
9,29,7741,7745,4,3.4042185e-05,3.40506975e-05,6.566403786510473e-08
9,30,7737,7741,4,3.4043840000000004e-05,3.405736e-05,5.867637429153121e-08
9,31,7734,7737,3,3.400684e-05,3.4036766666666666e-05,4.293224532783106e-08
9,32,7730,7734,4,3.405e-05,3.40600575e-05,6.318174474284524e-08
9,33,7726,7730,4,3.406455e-05,3.40622625e-05,5.870394764195861e-08
9,34,7722,7726,4,3.407612e-05,3.4071245e-05,5.657790138384358e-08
9,35,7718,7722,4,3.4090025e-05,3.407166e-05,6.385476215600337e-08
9,36,7714,7718,4,3.4098635e-05,3.4078799999999996e-05,6.304616046993011e-08
9,37,7711,7714,3,3.413261e-05,3.408755333333334e-05,7.407656594512401e-08
9,38,7707,7711,4,3.4088235e-05,3.4085765e-05,5.8726592145296315e-08
9,39,7703,7707,4,3.408612e-05,3.4090950000000006e-05,6.241963393035916e-08
9,40,7699,7703,4,3.4097255e-05,3.41048825e-05,5.2145606897897285e-08
9,41,7695,7699,4,3.4108445000000003e-05,3.4104725e-05,5.787706907748412e-08
9,42,7691,7695,4,3.41284e-05,3.4112520000000004e-05,6.169285898708234e-08
9,43,7688,7691,3,3.408629e-05,3.4088200000000003e-05,6.384390704418633e-08
9,44,7684,7688,4,3.4111605e-05,3.41177e-05,5.430494590734864e-08
9,45,7680,7684,4,3.4105455e-05,3.411705e-05,5.9358788313104764e-08
9,46,7676,7680,4,3.4133504999999995e-05,3.4127585e-05,5.922002385173503e-08
9,47,7672,7676,4,3.4158435000000004e-05,3.4144045e-05,6.190161488200274e-08
9,48,7668,7672,4,3.416715e-05,3.41523475e-05,5.919367211746625e-08
9,49,7664,7668,4,3.416154e-05,3.41588025e-05,5.632963002497031e-08
9,50,7661,7664,3,3.412125e-05,3.414483e-05,6.608597783695696e-08
9,51,7657,7661,4,3.4164435000000004e-05,3.41642e-05,5.401989124387382e-08
9,52,7653,7657,4,3.4182894999999994e-05,3.4166834999999995e-05,6.171107376314062e-08
9,53,7649,7653,4,3.418085e-05,3.416555000000001e-05,6.265761765340096e-08
9,54,7645,7649,4,3.4195884999999995e-05,3.4171749999999993e-05,6.596766745914171e-08
9,55,7641,7645,4,3.4188695e-05,3.41684775e-05,6.656283361418895e-08
9,56,7638,7641,3,3.421717e-05,3.420354333333333e-05,3.895704842801019e-08
9,57,7634,7638,4,3.4159125e-05,3.416083e-05,6.336884210714322e-08
9,58,7630,7634,4,3.415615e-05,3.41625925e-05,5.64974195760319e-08
9,59,7626,7630,4,3.4149435e-05,3.41527575e-05,5.7582711543918644e-08
9,60,7622,7626,4,3.4163459999999996e-05,3.41588975e-05,5.7043874068561187e-08
9,61,7618,7622,4,3.416089e-05,3.4153945e-05,5.8057432556047597e-08
9,62,7615,7618,3,3.413302e-05,3.4121609999999996e-05,4.226744452491443e-08
9,63,7611,7615,4,3.4150085e-05,3.4148087499999995e-05,5.628753031311627e-08
9,64,7607,7611,4,3.4138405e-05,3.41404875e-05,5.282749491268675e-08
9,65,7603,7607,4,3.4118105e-05,3.41227025e-05,6.139752086810841e-08
9,66,7599,7603,4,3.4092745e-05,3.4105877499999997e-05,6.315701361487728e-08
9,67,7595,7599,4,3.410686e-05,3.41022875e-05,6.176229083146095e-08
9,68,7592,7595,3,3.412351e-05,3.4091406666666666e-05,7.820318422048053e-08
9,69,7588,7592,4,3.4099455e-05,3.40752325e-05,6.96798566211918e-08
9,70,7584,7588,4,3.407773e-05,3.4055785e-05,6.960121317189857e-08
9,71,7580,7584,4,3.4064965e-05,3.4039675000000004e-05,6.819240445240202e-08
9,72,7576,7580,4,3.402698e-05,3.402132e-05,5.7773776058002275e-08
9,73,7572,7576,4,3.397944e-05,3.39884225e-05,5.5924691494455506e-08
9,74,7568,7572,4,3.395823e-05,3.396136e-05,5.0282885756488177e-08
9,75,7565,7568,3,3.391961e-05,3.392171e-05,5.790864932517961e-08
9,76,7561,7565,4,3.3895955000000006e-05,3.3887062500000004e-05,5.2042135032585785e-08
9,77,7557,7561,4,3.3843175e-05,3.3837847499999996e-05,4.639694083396245e-08
9,78,7553,7557,4,3.3787150000000004e-05,3.37791675e-05,4.553757644791914e-08
9,79,7549,7553,4,3.3726085e-05,3.3710095e-05,4.640679072075696e-08
9,80,7545,7549,4,3.363703e-05,3.3631415e-05,6.000878664828996e-08
9,81,7542,7545,3,3.350494e-05,3.3518260000000005e-05,6.530844406863767e-08
9,82,7538,7542,4,3.3448665e-05,3.3444090000000007e-05,9.236558585317375e-08
9,83,7534,7538,4,3.3300905e-05,3.330025e-05,9.642727596484378e-08
9,84,7530,7534,4,3.3115900000000006e-05,3.312074e-05,1.0904538435898922e-07
9,85,7526,7530,4,3.289313e-05,3.29014525e-05,1.1844064724050501e-07
9,86,7522,7526,4,3.259954e-05,3.260782e-05,1.4356038241799094e-07
9,87,7519,7522,3,0.000142539,0.00012595232333333334,7.056830761811157e-05
9,88,7515,7519,4,0.00041706139999999996,0.000405621025,7.716992012071071e-05
9,89,7511,7515,4,0.00056034165,0.00055654685,1.959472227520717e-05
9,90,7507,7511,4,0.00058715615,0.0005871987,1.3398614312682012e-06
9,91,7503,7507,4,0.0005735263,0.0005743752,5.551229417885732e-06
9,92,7499,7503,4,0.00057737465,0.00057795795,7.761362278137774e-06
9,93,7496,7499,3,0.0006087137,0.0006080198666666667,8.41243493578932e-06
9,94,7492,7496,4,0.00063351875,0.000632847325,5.749700604542399e-06
9,95,7488,7492,4,0.00064265975,0.0006423744000000001,5.905051608580638e-07
9,96,7484,7488,4,0.0006428193,0.000642841975,8.550118054739513e-08
9,97,7480,7484,4,0.00064256225,0.0006425794,1.9701554507196594e-07
9,98,7476,7480,4,0.00064261465,0.000642596475,3.0168999299779054e-07
9,99,7472,7476,4,0.00064263225,0.0006426552000000001,1.635798123241397e-07
10,0,8078,8082,4,3.3932785e-05,3.394132e-05,5.630838791867424e-08
10,1,8082,8086,4,3.3957935000000005e-05,3.39604775e-05,5.0051164509431e-08
10,2,8086,8090,4,3.3948540000000005e-05,3.3956285e-05,5.997739303270851e-08
10,3,8090,8094,4,3.3979355e-05,3.397054e-05,6.773252062340472e-08
10,4,8094,8098,4,3.3997685e-05,3.3977869999999997e-05,6.120714623310181e-08
10,5,8098,8102,4,3.4000824999999996e-05,3.398804e-05,6.400865058724675e-08
10,6,8102,8105,3,3.405488e-05,3.403275333333333e-05,4.005510898194644e-08
10,7,8105,8109,4,3.402134e-05,3.40013925e-05,6.44678991339883e-08
10,8,8109,8113,4,3.4032420000000004e-05,3.401757749999999e-05,6.516396334439785e-08
10,9,8113,8117,4,3.4047e-05,3.4027069999999996e-05,6.678857611897427e-08
10,10,8117,8121,4,3.4056625e-05,3.40399625e-05,6.603161340410979e-08
10,11,8121,8125,4,3.4058590000000006e-05,3.40463025e-05,6.353058372744432e-08
10,12,8125,8128,3,3.405684e-05,3.405762333333333e-05,6.796335009073471e-08
10,13,8128,8132,4,3.404469e-05,3.405827250000001e-05,5.824294351035209e-08
10,14,8132,8136,4,3.4071935e-05,3.4069820000000005e-05,6.139393821868666e-08
10,15,8136,8140,4,3.409461e-05,3.40798325e-05,6.263156008555244e-08
10,16,8140,8144,4,3.410871e-05,3.40894725e-05,6.66079441114191e-08
10,17,8144,8148,4,3.4111475e-05,3.40931075e-05,6.239282706169109e-08
10,18,8148,8151,3,3.409824e-05,3.408688e-05,6.755447036774638e-08
10,19,8151,8155,4,3.412241e-05,3.41060575e-05,6.034683685786509e-08
10,20,8155,8159,4,3.413526e-05,3.4116712499999996e-05,6.313465228184955e-08
10,21,8159,8163,4,3.414837e-05,3.4127005e-05,6.385441742745764e-08
10,22,8163,8167,4,3.4148070000000004e-05,3.412942e-05,6.185683713220218e-08
10,23,8167,8171,4,3.4156869999999996e-05,3.4138637500000005e-05,6.165234479523285e-08
10,24,8171,8174,3,3.41919e-05,3.418012e-05,2.5439993448636525e-08
10,25,8174,8178,4,3.4181445e-05,3.4157629999999995e-05,6.778746676193294e-08
10,26,8178,8182,4,3.4142244999999996e-05,3.4149615000000004e-05,6.742966872972328e-08
10,27,8182,8186,4,3.4154159999999996e-05,3.41576875e-05,6.268703509299042e-08
10,28,8186,8190,4,3.4164965e-05,3.415561e-05,6.524497030423102e-08
10,29,8190,8194,4,3.4185475e-05,3.41677425e-05,6.463328375341851e-08
10,30,8194,8198,4,3.4177715e-05,3.41676725e-05,6.611014951389795e-08
10,31,8198,8201,3,3.417536e-05,3.415656333333333e-05,5.362292192295631e-08
10,32,8201,8205,4,3.4203264999999996e-05,3.418473e-05,6.549957213600712e-08
10,33,8205,8209,4,3.4197470000000004e-05,3.41844825e-05,6.205391582124334e-08
10,34,8209,8213,4,3.4214725e-05,3.41961975e-05,6.237368731083567e-08
10,35,8213,8217,4,3.4210875e-05,3.4201755e-05,5.646009586424765e-08
10,36,8217,8221,4,3.4219525e-05,3.4213639999999997e-05,5.422772030981919e-08
10,37,8221,8224,3,3.424059e-05,3.422678e-05,6.10395451053376e-08
10,38,8224,8228,4,3.4226894999999995e-05,3.423175e-05,5.704964460888451e-08
10,39,8228,8232,4,3.4244514999999995e-05,3.4250415e-05,4.934602846227831e-08
10,40,8232,8236,4,3.4271805e-05,3.4252045e-05,6.471010604998182e-08
10,41,8236,8240,4,3.4264205000000003e-05,3.42584075e-05,6.27942156472228e-08
10,42,8240,8244,4,3.426233e-05,3.42624625e-05,6.065170499458322e-08
10,43,8244,8247,3,3.426516e-05,3.4274563333333334e-05,6.722114068918617e-08
10,44,8247,8251,4,3.427025e-05,3.42834975e-05,5.9256196880577815e-08
10,45,8251,8255,4,3.4277480000000004e-05,3.429168e-05,6.288731032569337e-08
10,46,8255,8259,4,3.431171e-05,3.43008975e-05,6.697633103380655e-08
10,47,8259,8263,4,3.4312825e-05,3.42960575e-05,5.987949288988646e-08
10,48,8263,8267,4,3.431421e-05,3.4309065000000004e-05,5.400545412270681e-08
10,49,8267,8270,3,3.434544e-05,3.4328809999999996e-05,6.617289324186981e-08
10,50,8270,8274,4,3.4337930000000004e-05,3.43320375e-05,5.619514541977787e-08
10,51,8274,8278,4,3.4351985000000005e-05,3.4343135e-05,5.767579930091927e-08
10,52,8278,8282,4,3.4352965000000006e-05,3.435344e-05,5.195779585394263e-08
10,53,8282,8286,4,3.43479e-05,3.435189e-05,6.339754175044937e-08
10,54,8286,8290,4,3.435416e-05,3.4361665e-05,5.661924650681906e-08
10,55,8290,8294,4,3.43711e-05,3.4374505e-05,5.693967443707378e-08
10,56,8294,8297,3,3.441995e-05,3.438096e-05,6.626143725174497e-08
10,57,8297,8301,4,3.4384495e-05,3.4374885e-05,6.972284363822128e-08
10,58,8301,8305,4,3.4384685e-05,3.4381575e-05,6.062458102947871e-08
10,59,8305,8309,4,3.4388975000000004e-05,3.43870675e-05,6.06766509355129e-08
10,60,8309,8313,4,3.4396575e-05,3.43960175e-05,5.7723667318958076e-08
10,61,8313,8317,4,3.4397435e-05,3.43976925e-05,5.9303712942361794e-08
10,62,8317,8320,3,3.435302e-05,3.4370063333333333e-05,3.642972626242994e-08
10,63,8320,8324,4,3.440026e-05,3.4408065e-05,5.992538464624243e-08
10,64,8324,8328,4,3.4410600000000006e-05,3.44126125e-05,6.223591140772348e-08
10,65,8328,8332,4,3.44154e-05,3.44204e-05,6.255254191477825e-08
10,66,8332,8336,4,3.4443320000000004e-05,3.4427055e-05,6.73690457480297e-08
10,67,8336,8340,4,3.4446605e-05,3.44365425e-05,5.834530974080099e-08
10,68,8340,8343,3,3.448199e-05,3.446426e-05,4.9718677241722494e-08
10,69,8343,8347,4,3.4437945e-05,3.443927e-05,6.759077118956504e-08
10,70,8347,8351,4,3.4455425e-05,3.4448629999999996e-05,6.56882063235107e-08
10,71,8351,8355,4,3.4459225e-05,3.44490375e-05,6.73074666641807e-08
10,72,8355,8359,4,3.4461635e-05,3.44552425e-05,6.390701071674251e-08
10,73,8359,8363,4,3.4459869999999996e-05,3.44600825e-05,6.000190762592534e-08
10,74,8363,8366,3,3.441322e-05,3.4441676666666667e-05,7.342566142402694e-08
10,75,8366,8370,4,3.4460059999999996e-05,3.4463012499999996e-05,6.062520448419167e-08
10,76,8370,8374,4,3.447485e-05,3.44627825e-05,6.705404401488566e-08
10,77,8374,8378,4,3.44942e-05,3.4474057499999996e-05,6.470189733500868e-08
10,78,8378,8382,4,3.4490279999999996e-05,3.4476547499999994e-05,5.893627082493281e-08
10,79,8382,8386,4,3.4475725e-05,3.44836225e-05,5.750605680056749e-08
10,80,8386,8390,4,3.449034e-05,3.44854275e-05,6.624606002435195e-08
10,81,8390,8393,3,3.454237e-05,3.4518386666666666e-05,4.710648103558177e-08
10,82,8393,8397,4,3.451033e-05,3.44953025e-05,6.519227844423035e-08
10,83,8397,8401,4,3.4519645e-05,3.45015075e-05,6.61420113751445e-08
10,84,8401,8405,4,3.4531895e-05,3.4515375e-05,6.822809483636554e-08
10,85,8405,8409,4,3.4606825e-05,3.4576922499999996e-05,8.944543794263606e-08
10,86,8409,8413,4,3.4899639999999996e-05,3.49220575e-05,2.3967426638825904e-07
10,87,8413,8416,3,3.72619e-05,3.7997393333333334e-05,2.0931389636036015e-06
10,88,8416,8420,4,0.000354326045,0.0003499814275,0.00029389685717441395
10,89,8420,8424,4,0.0006435405999999999,0.0006435399749999999,3.3990446727718796e-07
10,90,8424,8428,4,0.0006434976,0.0006434757750000001,1.6195334783512735e-07
10,91,8428,8432,4,0.0006436466,0.000643541625,2.0244389809279464e-07
10,92,8432,8436,4,0.0006436358,0.000643600325,1.8333176722816306e-07
10,93,8436,8439,3,0.000643685,0.0006435330666666666,2.6732357837562824e-07
10,94,8439,8443,4,0.00064369135,0.000643707025,1.2555312371662853e-07
10,95,8443,8447,4,0.0006434176,0.00064336775,1.1814858230213497e-07
10,96,8447,8451,4,0.0006435275,0.0006435471,2.3420537995529114e-07
10,97,8451,8455,4,0.00064327125,0.00064327015,1.85238960534776e-07
10,98,8455,8459,4,0.000643485,0.000643399325,2.3980937611985907e-07
10,99,8459,8462,3,0.0006431707,0.0006433340666666667,2.6614134506980005e-07
11,0,9066,9069,3,3.433677e-05,3.432442333333333e-05,2.625753456734931e-07
11,1,9062,9066,4,3.3991345e-05,3.3955845e-05,8.080934491134077e-08
11,2,9058,9062,4,3.39255e-05,3.3900369999999996e-05,6.6549622838901e-08
11,3,9054,9058,4,3.390343e-05,3.3887520000000005e-05,6.593628060484099e-08
11,4,9050,9054,4,3.3906055e-05,3.3884872500000006e-05,6.570700167219661e-08
11,5,9046,9050,4,3.3908675e-05,3.38880575e-05,6.34759105389601e-08
11,6,9043,9046,3,3.394133e-05,3.392397e-05,4.5311687969735634e-08
11,7,9039,9043,4,3.3902455e-05,3.3891212499999996e-05,6.549803675492858e-08
11,8,9035,9039,4,3.39091e-05,3.389447e-05,5.945570241785021e-08
11,9,9031,9035,4,3.3919145e-05,3.3899637499999996e-05,6.886538694257168e-08
11,10,9027,9031,4,3.3903580000000004e-05,3.39001825e-05,6.80576286594692e-08
11,11,9023,9027,4,3.3899225e-05,3.391306249999999e-05,6.536183801538984e-08
11,12,9020,9023,3,3.391135e-05,3.3943296666666666e-05,5.4622768350042656e-08
11,13,9016,9020,4,3.4194534999999995e-05,3.42189475e-05,6.811177848764359e-08
11,14,9012,9016,4,3.450988e-05,3.45098675e-05,3.8280942631418016e-08
11,15,9008,9012,4,3.4642955000000004e-05,3.463048e-05,6.831397111865178e-08
11,16,9004,9008,4,3.467441e-05,3.4664085e-05,5.421903194451325e-08
11,17,9000,9004,4,3.4649e-05,3.46364225e-05,7.842721382753705e-08
11,18,8997,9000,3,3.462191e-05,3.4594520000000004e-05,7.704864826847995e-08
11,19,8993,8997,4,3.4580035e-05,3.4560767500000004e-05,6.119746619550484e-08
11,20,8989,8993,4,3.454219e-05,3.453761500000001e-05,4.854983702341231e-08
11,21,8985,8989,4,3.450464e-05,3.45215775e-05,5.9430425446483385e-08
11,22,8981,8985,4,3.450114e-05,3.449756e-05,4.784166437322163e-08
11,23,8977,8981,4,3.447346e-05,3.44639225e-05,6.162704494578792e-08
11,24,8973,8977,4,3.4481055e-05,3.4461440000000005e-05,8.263464618427237e-08
11,25,8970,8973,3,3.443041e-05,3.445224e-05,4.745919580720464e-08
11,26,8966,8970,4,3.4422795e-05,3.443004e-05,6.747924088191918e-08
11,27,8962,8966,4,3.4383895e-05,3.438421e-05,6.105802936551595e-08
11,28,8958,8962,4,3.4321080000000004e-05,3.43333325e-05,5.123412064971832e-08
11,29,8954,8958,4,3.4329245e-05,3.4323755e-05,6.306655393312758e-08
11,30,8950,8954,4,3.4240795e-05,3.4240607499999996e-05,8.51276721680436e-08
11,31,8947,8950,3,3.414532e-05,3.4111736666666665e-05,1.0097894907135598e-07
11,32,8943,8947,4,3.407734e-05,3.4053265e-05,6.656929115590618e-08
11,33,8939,8943,4,3.4050855e-05,3.4036264999999996e-05,6.809779163086004e-08
11,34,8935,8939,4,3.4039125e-05,3.4038665e-05,6.266219534137004e-08
11,35,8931,8935,4,3.4036785000000005e-05,3.404111e-05,6.067845457821033e-08
11,36,8927,8931,4,3.4035535e-05,3.4045785000000004e-05,5.6867898018127713e-08
11,37,8924,8927,3,3.407426e-05,3.406344333333334e-05,6.354856637949138e-08
11,38,8920,8924,4,3.4033825e-05,3.4046665000000005e-05,6.17255062757701e-08
11,39,8916,8920,4,3.406353e-05,3.406041e-05,6.107080849309348e-08
11,40,8912,8916,4,3.40539e-05,3.4056425e-05,5.9211824199227845e-08
11,41,8908,8912,4,3.4089570000000004e-05,3.4079155e-05,6.285256736999795e-08
11,42,8904,8908,4,3.408538e-05,3.4078979999999995e-05,5.899827963593554e-08
11,43,8901,8904,3,3.407886e-05,3.406057e-05,5.0380064178866656e-08
11,44,8897,8901,4,3.4114365e-05,3.40928775e-05,6.282910725730692e-08
11,45,8893,8897,4,3.4100735000000006e-05,3.40922475e-05,5.942338696801139e-08
11,46,8889,8893,4,3.4119235e-05,3.41035475e-05,6.015203794344931e-08
11,47,8885,8889,4,3.410616e-05,3.410329e-05,5.381508663934145e-08
11,48,8881,8885,4,3.4106625e-05,3.41047525e-05,5.845752576657694e-08
11,49,8877,8881,4,3.4111725e-05,3.4109255e-05,5.5820280588688656e-08
11,50,8874,8877,3,3.414049e-05,3.4114833333333334e-05,6.708063522524165e-08
11,51,8870,8874,4,3.415204e-05,3.4152302500000005e-05,5.388296408652638e-08
11,52,8866,8870,4,3.4174025e-05,3.41807525e-05,6.786460284087714e-08
11,53,8862,8866,4,3.4196864999999995e-05,3.42086275e-05,5.358000997340444e-08
11,54,8858,8862,4,3.4213639999999997e-05,3.42006325e-05,5.965440527530322e-08
11,55,8854,8858,4,3.421114e-05,3.41985425e-05,5.701166519888741e-08
11,56,8851,8854,3,3.417741e-05,3.416966e-05,6.801890962568038e-08
11,57,8847,8851,4,3.4183694999999996e-05,3.4175115e-05,6.16343680506251e-08
11,58,8843,8847,4,3.4153895e-05,3.41605575e-05,6.119338092269436e-08
11,59,8839,8843,4,3.4163590000000005e-05,3.41536925e-05,6.353876429983619e-08
11,60,8835,8839,4,3.415895e-05,3.4145539999999996e-05,6.331922733262031e-08
11,61,8831,8835,4,3.414545e-05,3.4137525000000005e-05,5.5530024536280987e-08
11,62,8828,8831,3,3.418011e-05,3.413981e-05,7.379532234498495e-08
11,63,8824,8828,4,3.4149445e-05,3.4129815e-05,6.87367290827843e-08
11,64,8820,8824,4,3.4136285e-05,3.4114334999999995e-05,6.597117268171089e-08
11,65,8816,8820,4,3.412298e-05,3.41026025e-05,6.677699281002297e-08
11,66,8812,8816,4,3.409871e-05,3.4080965000000005e-05,6.332299365159449e-08
11,67,8808,8812,4,3.4088194999999996e-05,3.40692525e-05,6.731397194305141e-08
11,68,8805,8808,3,3.410873e-05,3.4082883333333335e-05,4.1725461717705346e-08
11,69,8801,8805,4,3.4028955e-05,3.40322775e-05,5.6251763250143474e-08
11,70,8797,8801,4,3.4010155e-05,3.4011685e-05,5.0586534028336507e-08
11,71,8793,8797,4,3.3992205e-05,3.39918475e-05,5.0876231373304555e-08
11,72,8789,8793,4,3.393561e-05,3.3946035e-05,5.050831688940011e-08
11,73,8785,8789,4,3.3958479999999995e-05,3.39372675e-05,5.947428325545409e-08
11,74,8781,8785,4,3.3911104999999995e-05,3.389152e-05,5.5304474050478395e-08
11,75,8778,8781,3,3.384082e-05,3.383733666666667e-05,6.233512350370566e-08
11,76,8774,8778,4,3.3833034999999995e-05,3.382188e-05,7.943628610402097e-08
11,77,8770,8774,4,3.377025e-05,3.377003499999999e-05,7.599165793032885e-08
11,78,8766,8770,4,3.3713655e-05,3.37145325e-05,7.324583652843428e-08
11,79,8762,8766,4,3.3661635e-05,3.364633e-05,7.47030591743073e-08
11,80,8758,8762,4,3.3601295e-05,3.35708225e-05,7.834660470467041e-08
11,81,8755,8758,3,3.352247e-05,3.3507886666666666e-05,2.9327414175515892e-08
11,82,8751,8755,4,3.33845e-05,3.33736925e-05,3.33299890301507e-08
11,83,8747,8751,4,3.324183e-05,3.3238104999999996e-05,4.8541962001962006e-08
11,84,8743,8747,4,3.30477e-05,3.307317e-05,7.597905994417141e-08
11,85,8739,8743,4,3.2827535e-05,3.2851595e-05,6.644894148893497e-08
11,86,8735,8739,4,3.2521369999999995e-05,3.2561269999999994e-05,8.324703748482553e-08
11,87,8732,8735,3,0.0001326393,0.00012035071666666667,6.73901651487111e-05
11,88,8728,8732,4,0.00040921815,0.00039964305,7.464157559190788e-05
11,89,8724,8728,4,0.00056048675,0.000555993775,2.1958634541493587e-05
11,90,8720,8724,4,0.0005848206,0.0005845025500000001,1.1679175431082443e-06
11,91,8716,8720,4,0.0005724321499999999,0.000572208125,5.789134412576284e-06
11,92,8712,8716,4,0.0005706955499999999,0.000572022725,8.53846291798913e-06
11,93,8709,8712,3,0.0006090485,0.0006079194,8.978451338993068e-06
11,94,8705,8709,4,0.0006348778,0.00063393395,5.641387349978709e-06
11,95,8701,8705,4,0.0006426954,0.00064269045,2.4938854725107714e-07
11,96,8697,8701,4,0.0006426138,0.0006425836250000001,3.1701898503874756e-07
11,97,8693,8697,4,0.0006427937,0.0006427534250000001,1.163877436631474e-07
11,98,8689,8693,4,0.00064260495,0.000642665,2.5208483691012116e-07
11,99,8685,8689,4,0.00064277075,0.0006428534749999999,2.7290412579328034e-07
12,0,9291,9295,4,3.3911835e-05,3.390576e-05,6.201509695227569e-08
12,1,9295,9299,4,3.3928144999999994e-05,3.3914335e-05,6.61110832236183e-08
12,2,9299,9303,4,3.392834e-05,3.3923324999999996e-05,6.23845046866589e-08
12,3,9303,9307,4,3.394113e-05,3.3937200000000004e-05,5.920081545046597e-08
12,4,9307,9311,4,3.3943749999999995e-05,3.3945927499999995e-05,5.439409498052251e-08
12,5,9311,9315,4,3.3942114999999996e-05,3.3951185e-05,5.717521337957729e-08
12,6,9315,9318,3,3.394529e-05,3.3940359999999995e-05,3.532668207837606e-08
12,7,9318,9322,4,3.3963309999999994e-05,3.39667875e-05,5.4047407141786375e-08
12,8,9322,9326,4,3.4203454999999996e-05,3.426781e-05,1.6971062621415335e-07
12,9,9326,9330,4,3.5710199999999996e-05,3.5645552499999996e-05,4.511448592400767e-07
12,10,9330,9334,4,3.8607675000000005e-05,3.8939865e-05,1.2518345660369826e-06
12,11,9334,9338,4,4.238452e-05,4.223833e-05,7.767968435826697e-07
12,12,9338,9341,3,4.326765e-05,4.307027666666667e-05,6.075540110603815e-07
12,13,9341,9345,4,4.348093e-05,4.351069e-05,3.330431756544481e-07
12,14,9345,9349,4,4.268617e-05,4.2640164999999996e-05,6.198656229579089e-07
12,15,9349,9353,4,4.219764e-05,4.21835675e-05,3.287066075069843e-07
12,16,9353,9357,4,4.1047620000000005e-05,4.10859725e-05,5.469892720782994e-07
12,17,9357,9361,4,4.0979525e-05,4.0934495e-05,3.705131259820613e-07
12,18,9361,9364,3,4.072269e-05,4.045685666666667e-05,4.62902271135304e-07
12,19,9364,9368,4,4.020286e-05,4.0315864999999996e-05,3.606311851809279e-07
12,20,9368,9372,4,3.9899950000000004e-05,3.99849125e-05,4.4290745672064443e-07
12,21,9372,9376,4,3.9809775000000005e-05,3.97427575e-05,4.827458683083177e-07
12,22,9376,9380,4,3.9950315e-05,3.9949465e-05,4.797302466230359e-07
12,23,9380,9384,4,3.9484035e-05,3.9404825e-05,3.6476366543969094e-07
12,24,9384,9387,3,3.876187e-05,3.876550333333333e-05,1.282320324862535e-07
12,25,9387,9391,4,3.82598e-05,3.8189447500000004e-05,2.3255385068570628e-07
12,26,9391,9395,4,3.754261e-05,3.7601935e-05,3.1443692988419824e-07
12,27,9395,9399,4,3.6710325e-05,3.661355e-05,3.5598464538516383e-07
12,28,9399,9403,4,3.5066350000000004e-05,3.50146975e-05,4.982185321410166e-07
12,29,9403,9407,4,3.404911e-05,3.40391175e-05,5.190085855503884e-08
12,30,9407,9411,4,3.400038e-05,3.3982705e-05,7.042256048312912e-08
12,31,9411,9414,3,3.406706e-05,3.40289e-05,7.463820335458172e-08
12,32,9414,9418,4,3.4055549999999996e-05,3.4052705e-05,6.793005833208046e-08
12,33,9418,9422,4,3.4088285e-05,3.40779775e-05,7.304523542812218e-08
12,34,9422,9426,4,3.4128500000000004e-05,3.4110347500000004e-05,7.065991875703046e-08
12,35,9426,9430,4,3.4135074999999996e-05,3.41253825e-05,6.3367844517153e-08
12,36,9430,9434,4,3.4155445e-05,3.4149315e-05,6.04213283948631e-08
12,37,9434,9437,3,3.414075e-05,3.413581333333333e-05,3.786298661695395e-08
12,38,9437,9441,4,3.416308e-05,3.4173605e-05,5.747562722580534e-08
12,39,9441,9445,4,3.421237e-05,3.41970425e-05,6.535251998775648e-08
12,40,9445,9449,4,3.422017e-05,3.420829e-05,6.110358581948982e-08
12,41,9449,9453,4,3.4233900000000004e-05,3.42202425e-05,5.8763746210993e-08
12,42,9453,9457,4,3.425128e-05,3.4233895e-05,6.284023412591521e-08
12,43,9457,9460,3,3.428715e-05,3.427915333333333e-05,2.8406912695485117e-08
12,44,9460,9464,4,3.4267075e-05,3.42530525e-05,6.451209087256362e-08
12,45,9464,9468,4,3.429328e-05,3.4272455e-05,6.28672333175226e-08
12,46,9468,9472,4,3.449953e-05,3.44577e-05,1.6346727730649942e-07
12,47,9472,9476,4,3.5111305e-05,3.5104105e-05,2.4160834883132593e-07
12,48,9476,9480,4,3.5869429999999994e-05,3.58164375e-05,2.898858304035396e-07
12,49,9480,9483,3,3.659166e-05,3.654424666666667e-05,1.483259018363124e-07
12,50,9483,9487,4,3.6816255e-05,3.68068175e-05,2.3023413402175967e-07
12,51,9487,9491,4,3.6746305e-05,3.672614e-05,1.1502359996974452e-07
12,52,9491,9495,4,3.66196e-05,3.666314000000001e-05,2.057366972613296e-07
12,53,9495,9499,4,3.647677e-05,3.64473875e-05,1.5369750492038058e-07
12,54,9499,9503,4,3.639286e-05,3.64440175e-05,2.018991677019733e-07
12,55,9503,9507,4,3.6061415e-05,3.60139875e-05,1.634467065093386e-07
12,56,9507,9510,3,3.609691e-05,3.605305e-05,1.5348308202100558e-07
12,57,9510,9514,4,3.5903555e-05,3.5922015e-05,7.7018374593342e-08
12,58,9514,9518,4,3.6140505e-05,3.608926e-05,1.8639757012901236e-07
12,59,9518,9522,4,3.6231929999999997e-05,3.6203565e-05,1.0930580599858249e-07
12,60,9522,9526,4,3.6003585e-05,3.5993475000000005e-05,7.205874357078549e-08
12,61,9526,9530,4,3.607987e-05,3.6029305000000005e-05,1.189026243402549e-07
12,62,9530,9533,3,3.590827e-05,3.5925923333333334e-05,1.0406270876522123e-07
12,63,9533,9537,4,3.5835965e-05,3.5836595e-05,8.237032247721199e-08
12,64,9537,9541,4,3.5751525e-05,3.5764429999999995e-05,1.4909045358439164e-07
12,65,9541,9545,4,3.5573025e-05,3.5572055e-05,4.018570050403547e-08
12,66,9545,9549,4,3.5532975e-05,3.5542595e-05,1.0535409543534486e-07
12,67,9549,9553,4,3.550005e-05,3.546855e-05,8.433599824511314e-08
12,68,9553,9556,3,3.534304e-05,3.532773e-05,1.0349125599134962e-07
12,69,9556,9560,4,3.520857e-05,3.52041625e-05,1.4110489261095862e-07
12,70,9560,9564,4,3.4887105e-05,3.486235e-05,1.721360013187253e-07
12,71,9564,9568,4,3.453311e-05,3.4536745e-05,1.4550025249119135e-07
12,72,9568,9572,4,3.4422865e-05,3.44055125e-05,7.426341743247292e-08
12,73,9572,9576,4,3.4422745e-05,3.440163e-05,6.279688567118573e-08
12,74,9576,9579,3,3.446698e-05,3.4451823333333334e-05,3.0081822122707294e-08
12,75,9579,9583,4,3.4438329999999994e-05,3.44212725e-05,6.636457766572499e-08
12,76,9583,9587,4,3.445942e-05,3.44427025e-05,6.495207324443031e-08
12,77,9587,9591,4,3.4448235e-05,3.44416775e-05,6.663237290348987e-08
12,78,9591,9595,4,3.446504e-05,3.445008e-05,6.491469479247586e-08
12,79,9595,9599,4,3.445803e-05,3.44535875e-05,6.168576147499438e-08
12,80,9599,9603,4,3.4475125e-05,3.4462147499999996e-05,6.417626367084593e-08
12,81,9603,9606,3,3.444229e-05,3.4449053333333337e-05,6.268143815268362e-08
12,82,9606,9610,4,3.449094e-05,3.4473175e-05,6.487963798450093e-08
12,83,9610,9614,4,3.447485e-05,3.4473239999999997e-05,4.865901252594403e-08
12,84,9614,9618,4,3.4488319999999994e-05,3.44896675e-05,5.60365190634634e-08
12,85,9618,9622,4,3.4538045e-05,3.453342e-05,3.94326863147821e-08
12,86,9622,9626,4,3.4732239999999995e-05,3.4766465e-05,8.112504684128117e-08
12,87,9626,9629,3,3.598761e-05,3.637821e-05,9.924971609027411e-07
12,88,9629,9633,4,6.1667965e-05,0.000201989415,0.0002552399084608442
12,89,9633,9637,4,0.0006438028,0.000643812825,9.357847976431243e-08
12,90,9637,9641,4,0.00064355355,0.000643541225,2.5863451408308657e-07
12,91,9641,9645,4,0.0006437884,0.0006437417749999999,2.171053819576717e-07
12,92,9645,9649,4,0.0006435805,0.0006435859249999999,2.2100243635534356e-07
12,93,9649,9652,3,0.0006439328,0.0006438425,1.887565804592636e-07
12,94,9652,9656,4,0.0006436876,0.0006436636249999999,9.815442870799995e-08
12,95,9656,9660,4,0.0006431360000000001,0.0006430958750000001,2.802342714141228e-07
12,96,9660,9664,4,0.00064325925,0.0006433248499999999,2.2225758142301362e-07
12,97,9664,9668,4,0.00064312465,0.0006432389000000001,3.461830801757917e-07
12,98,9668,9672,4,0.0006429459,0.000642987175,1.0738366670497011e-07
12,99,9672,9675,3,0.0006433313,0.000643383,1.211411573330776e-07
13,0,10232,10235,3,3.678369e-05,3.689085e-05,1.9782471018724304e-06
13,1,10229,10232,3,5.042784e-05,5.038212333333333e-05,5.558700659076924e-06
13,2,10225,10229,4,7.528062e-05,7.56198375e-05,9.11117138308345e-06
13,3,10222,10225,3,9.627413e-05,9.609361333333334e-05,4.013759566726551e-06
13,4,10218,10222,4,0.00010010811999999999,0.0001002022975,8.049157176492119e-07
13,5,10215,10218,3,0.0001004176,0.00010069766333333333,1.1877310122058605e-06
13,6,10211,10215,4,0.00010054485,0.000100964285,1.2349858997879312e-06
13,7,10208,10211,3,9.762439e-05,9.686880333333333e-05,1.5212777016340224e-06
13,8,10204,10208,4,9.522278500000001e-05,9.559238500000001e-05,1.348628167333381e-06
13,9,10201,10204,3,9.42055e-05,9.426403333333333e-05,3.32208070675931e-07
13,10,10197,10201,4,9.195699500000001e-05,9.238453499999999e-05,9.104917740567446e-07
13,11,10194,10197,3,9.223258e-05,9.227900333333334e-05,2.6754206203054e-07
13,12,10190,10194,4,9.162493e-05,9.197444500000001e-05,1.2110523371122352e-06
13,13,10187,10190,3,8.857347e-05,8.843993666666666e-05,6.207147709070792e-07
13,14,10183,10187,4,9.029903e-05,9.009247750000001e-05,8.078996534958744e-07
13,15,10180,10183,3,9.01097e-05,9.101160333333333e-05,1.5102859350099523e-06
13,16,10176,10180,4,8.904790000000001e-05,8.88654575e-05,1.388327167175931e-06
13,17,10173,10176,3,8.67646e-05,8.592932666666665e-05,1.741628620675359e-06
13,18,10169,10173,4,8.387406e-05,8.39605425e-05,6.031859860099124e-07
13,19,10166,10169,3,7.958723e-05,7.994870666666667e-05,5.733924927036398e-07
13,20,10162,10166,4,7.261765500000001e-05,7.217198e-05,3.576861279634702e-06
13,21,10159,10162,3,5.485591e-05,5.509961333333333e-05,5.706823022326483e-06
13,22,10155,10159,4,3.6887355e-05,3.77271425e-05,2.908665763149617e-06
13,23,10152,10155,3,3.42559e-05,3.4245823333333336e-05,1.8169186449101734e-07
13,24,10148,10152,4,3.4068255e-05,3.4041765e-05,6.911732651803037e-08
13,25,10145,10148,3,3.404375e-05,3.403387666666667e-05,4.6003537062080104e-08
13,26,10142,10145,3,3.394256e-05,3.3966339999999996e-05,3.422568626046814e-08
13,27,10138,10142,4,3.399048e-05,3.3988385e-05,6.356043679050724e-08
13,28,10135,10138,3,3.404168e-05,3.3994733333333335e-05,7.861632796195871e-08
13,29,10131,10135,4,3.399966e-05,3.3977327499999996e-05,6.338921137504412e-08
13,30,10128,10131,3,3.402566e-05,3.4002759999999996e-05,3.8064012750453655e-08
13,31,10124,10128,4,3.3952679999999996e-05,3.3950795e-05,6.495972040426505e-08
13,32,10121,10124,3,3.389915e-05,3.391361333333333e-05,4.856426692767388e-08
13,33,10117,10121,4,3.39166e-05,3.39128275e-05,6.64649198355807e-08
13,34,10114,10117,3,3.383297e-05,3.386707e-05,7.092420179318172e-08
13,35,10110,10114,4,3.3839595e-05,3.3844475e-05,7.508200400229142e-08
13,36,10107,10110,3,3.386109e-05,3.381647333333333e-05,7.433489280875361e-08
13,37,10103,10107,4,3.375283e-05,3.37538225e-05,3.8139032089841845e-08
13,38,10100,10103,3,3.364533e-05,3.3634683333333335e-05,4.096727176119276e-08
13,39,10096,10100,4,3.3489635e-05,3.3526822500000004e-05,7.599602863801523e-08
13,40,10093,10096,3,3.331422e-05,3.337428333333333e-05,8.94269580284507e-08
13,41,10089,10093,4,3.3619245e-05,3.370825e-05,2.8384213966569374e-07
13,42,10086,10089,3,3.622023e-05,3.6689106666666663e-05,1.4039802181971402e-06
13,43,10082,10086,4,4.689124e-05,4.6764425e-05,3.823411464481034e-06
13,44,10079,10082,3,5.988449e-05,5.8336003333333337e-05,2.468514339939893e-06
13,45,10075,10079,4,6.5054865e-05,6.46158125e-05,1.1600486743532581e-06
13,46,10072,10075,3,6.4863e-05,6.493311000000002e-05,8.369781957733425e-07
13,47,10068,10072,4,6.398199499999999e-05,6.36362375e-05,6.746508779129754e-07
13,48,10065,10068,3,6.260205e-05,6.294876666666667e-05,5.014169710153605e-07
13,49,10061,10065,4,6.2399065e-05,6.24547275e-05,6.633202716778299e-07
13,50,10058,10061,3,6.163446e-05,6.117913666666666e-05,7.268548945666893e-07
13,51,10055,10058,3,5.968674e-05,5.940887e-05,5.407122549008848e-07
13,52,10051,10055,4,5.6858695000000005e-05,5.6924355000000004e-05,1.0447678722687636e-06
13,53,10048,10051,3,5.369279e-05,5.3748513333333334e-05,1.94533127655818e-07
13,54,10044,10048,4,5.5041825e-05,5.46094375e-05,1.1962897020449315e-06
13,55,10041,10044,3,5.647165e-05,5.6517326666666666e-05,3.225573464603698e-07
13,56,10037,10041,4,5.587778e-05,5.6124935e-05,8.238375328455255e-07
13,57,10034,10037,3,5.431124e-05,5.4512776666666665e-05,5.630543029071188e-07
13,58,10030,10034,4,5.4993145e-05,5.5054332500000005e-05,7.813913134395269e-07
13,59,10027,10030,3,5.5168e-05,5.482623333333333e-05,5.492442721493679e-07
13,60,10023,10027,4,5.3010199999999996e-05,5.26096275e-05,9.95754795227595e-07
13,61,10020,10023,3,5.040205e-05,5.001109333333334e-05,7.911631384374656e-07
13,62,10016,10020,4,4.9578595e-05,4.95882575e-05,4.882262377410183e-07
13,63,10013,10016,3,4.920935e-05,4.9320806666666667e-05,6.478395215037628e-07
13,64,10009,10013,4,4.8370415e-05,4.81270325e-05,6.670011941284283e-07
13,65,10006,10009,3,4.596271e-05,4.637524333333333e-05,1.048016419156789e-06
13,66,10002,10006,4,4.3534324999999996e-05,4.3638812500000004e-05,1.1564023580997885e-06
13,67,9999,10002,3,4.093902e-05,4.0559286666666664e-05,9.564591050443403e-07
13,68,9995,9999,4,3.79041e-05,3.79338975e-05,9.383244190144201e-07
13,69,9992,9995,3,3.484177e-05,3.482609666666667e-05,8.115099835218027e-07
13,70,9988,9992,4,3.3315230000000005e-05,3.32945225e-05,1.306225974659435e-07
13,71,9985,9988,3,3.326245e-05,3.3247006666666665e-05,3.9282724220989e-08
13,72,9981,9985,4,3.3341805e-05,3.33251625e-05,9.898270035087045e-08
13,73,9978,9981,3,3.338423e-05,3.3387283333333335e-05,7.410402838052912e-08
13,74,9974,9978,4,3.3468355e-05,3.34715425e-05,5.3615230287204277e-08
13,75,9971,9974,3,3.350096e-05,3.349152e-05,7.168144018270685e-08
13,76,9968,9971,3,3.348277e-05,3.349497666666667e-05,3.301608631493945e-08
13,77,9964,9968,4,3.34067e-05,3.34080525e-05,4.3631762727970396e-08
13,78,9961,9964,3,3.330818e-05,3.330474e-05,4.1679705693139345e-08
13,79,9957,9961,4,3.3192655e-05,3.3193135e-05,5.1129803686303915e-08
13,80,9954,9957,3,3.299828e-05,3.3008740000000004e-05,4.965801915770387e-08
13,81,9950,9954,4,3.2808830000000006e-05,3.28400625e-05,1.1102398127769548e-07
13,82,9947,9950,3,3.258667e-05,3.258289666666667e-05,1.3235649696516265e-07
13,83,9943,9947,4,0.00014326645,0.00014678644000000002,8.640895140289461e-05
13,84,9940,9943,3,0.0004182949,0.0004128462333333333,5.037393298511533e-05
13,85,9936,9940,4,0.0005543197,0.00054876255,2.4429620723263387e-05
13,86,9933,9936,3,0.0005820574,0.0005817238,6.853555427659198e-07
13,87,9929,9933,4,0.0005689361,0.000568494075,6.897937253039836e-06
13,88,9926,9929,3,0.0005591157,0.0005596725666666667,2.6362386858721092e-06
13,89,9922,9926,4,0.0005858893,0.000586690775,1.3653056948056528e-05
13,90,9919,9922,3,0.000624839,0.0006248715666666666,6.669551251437812e-06
13,91,9915,9919,4,0.0006413950499999999,0.0006408614,1.7830259742920202e-06
13,92,9912,9915,3,0.0006426694,0.0006426645,5.5833502487322184e-08
13,93,9908,9912,4,0.00064241245,0.0006424991250000001,2.3846663681740973e-07
13,94,9905,9908,3,0.0006426239,0.0006425338333333334,2.978869621554786e-07
13,95,9901,9905,4,0.0006423157,0.000642336525,1.6807476572942732e-07
13,96,9898,9901,3,0.0006427221,0.0006427247666666667,1.3938872104855815e-07
13,97,9894,9898,4,0.00064231345,0.000642336325,2.1099815609383e-07
13,98,9891,9894,3,0.0006426051,0.0006425959,1.0422488506431809e-07
13,99,9887,9891,4,0.0006426457999999999,0.00064262355,1.2324758618326373e-07
14,0,10437,10441,4,3.437257e-05,3.4379565e-05,5.859050840366456e-08
14,1,10441,10444,3,3.432717e-05,3.436904e-05,6.72076072083112e-08
14,2,10444,10448,4,3.4366725e-05,3.43810425e-05,5.864912973565827e-08
14,3,10448,10451,3,3.433806e-05,3.435413333333334e-05,4.862217623905862e-08
14,4,10451,10455,4,3.439537e-05,3.43806675e-05,6.731713057424701e-08
14,5,10455,10458,3,3.443775e-05,3.442157e-05,2.7390688198730033e-08
14,6,10458,10462,4,3.4384115e-05,3.4383339999999996e-05,6.20303413661414e-08
14,7,10462,10465,3,3.435346e-05,3.4375596666666665e-05,6.421526107986744e-08
14,8,10465,10469,4,3.4386209999999993e-05,3.4390812499999994e-05,5.573972971543584e-08
14,9,10469,10472,3,3.439424e-05,3.4371826666666666e-05,4.568674886903342e-08
14,10,10472,10476,4,3.439135e-05,3.4389965e-05,5.5643396059189456e-08
14,11,10476,10479,3,3.441114e-05,3.4405920000000003e-05,5.631239472798141e-08
14,12,10479,10483,4,3.4395755000000004e-05,3.44009675e-05,5.715742444118695e-08
14,13,10483,10486,3,3.443635e-05,3.441839e-05,6.095813645445688e-08
14,14,10486,10490,4,3.4396535000000004e-05,3.44000625e-05,6.450988582186419e-08
14,15,10490,10493,3,3.430369e-05,3.431699e-05,3.470940218442181e-08
14,16,10493,10497,4,3.3957414999999995e-05,3.3955525e-05,8.373418492467783e-08
14,17,10497,10500,3,3.387479e-05,3.387551e-05,6.141898295044207e-08
14,18,10500,10504,4,3.393387e-05,3.391528e-05,6.008857087666686e-08
14,19,10504,10507,3,3.393173e-05,3.394954333333334e-05,2.7478406471666985e-08
14,20,10507,10511,4,3.394279e-05,3.3923075000000006e-05,6.269385077501735e-08
14,21,10511,10514,3,3.395967e-05,3.3932809999999995e-05,7.34752547914367e-08
14,22,10514,10518,4,3.396201e-05,3.3948762500000003e-05,6.059620176834451e-08
14,23,10518,10521,3,3.393768e-05,3.392923e-05,4.508050206759726e-08
14,24,10521,10524,3,3.398417e-05,3.397062666666667e-05,5.731947099856677e-08
14,25,10524,10528,4,3.3960575e-05,3.396763e-05,5.695162201377668e-08
14,26,10528,10531,3,3.408937e-05,3.405871333333333e-05,5.60574861687137e-08
14,27,10531,10535,4,3.424759e-05,3.430016e-05,2.3642238536145518e-07
14,28,10535,10538,3,3.67302e-05,3.699319e-05,1.7324133744769636e-06
14,29,10538,10542,4,6.1439075e-05,0.0001061300075,8.801438079666792e-05
14,30,10542,10545,3,0.0002569449,0.00026328266666666663,1.0637884049105918e-05
14,31,10545,10549,4,0.0002694941,0.000264893625,9.790655830273834e-06
14,32,10549,10552,3,0.0002607511,0.0002661079333333334,1.0095231154141807e-05
14,33,10552,10556,4,0.00026881895,0.000264499625,9.256944742293486e-06
14,34,10556,10559,3,0.0002578289,0.00025558856666666667,3.199827608203639e-06
14,35,10559,10563,4,0.00023605115,0.00023689355,6.877312202634115e-06
14,36,10563,10566,3,0.000232651,0.00023407010000000002,5.991610652125734e-06
14,37,10566,10570,4,0.00022644644999999998,0.00022913282499999998,6.671638852776357e-06
14,38,10570,10573,3,0.0001902555,0.00018651356666666666,1.549524980552283e-05
14,39,10573,10577,4,7.0187275e-05,7.7446545e-05,4.6104412341969235e-05
14,40,10577,10580,3,3.275734e-05,3.275646333333333e-05,1.2585240915011587e-08
14,41,10580,10584,4,3.2956375e-05,3.29105975e-05,9.8381240431039e-08
14,42,10584,10587,3,3.310646e-05,3.306009666666667e-05,1.0391910197627774e-07
14,43,10587,10591,4,3.317409e-05,3.3173617499999995e-05,8.629162513679941e-08
14,44,10591,10594,3,3.325335e-05,3.3249049999999996e-05,5.0665116862261714e-08
14,45,10594,10598,4,3.337104e-05,3.3357125e-05,4.062593106625325e-08
14,46,10598,10601,3,3.346381e-05,3.344646333333333e-05,4.4617871855222424e-08
14,47,10601,10605,4,3.3505395e-05,3.3498895e-05,6.15033131221389e-08
14,48,10605,10608,3,3.361289e-05,3.3573733333333334e-05,6.738814650135911e-08
14,49,10608,10611,3,3.353721e-05,3.3588690000000005e-05,7.529929481741427e-08
14,50,10611,10615,4,3.36352e-05,3.36493775e-05,6.69808585996779e-08
14,51,10615,10618,3,3.365892e-05,3.367174e-05,4.0282247537427224e-08
14,52,10618,10622,4,3.3781155e-05,3.3775899999999996e-05,2.9403599269477928e-08
14,53,10622,10625,3,3.416465e-05,3.416389333333334e-05,1.7992806457643603e-07
14,54,10625,10629,4,3.81296e-05,3.9262595e-05,3.8688188614776205e-06
14,55,10629,10632,3,6.049838e-05,6.269200333333333e-05,1.1648107774668333e-05
14,56,10632,10636,4,0.00014118375,0.0001303923875,2.5629242833148007e-05
14,57,10636,10639,3,0.000143693,0.0001431487,6.405517141235886e-06
14,58,10639,10643,4,0.0001478161,0.000148103125,5.090573695260191e-06
14,59,10643,10646,3,0.0001527871,0.00015335390000000002,3.91696184050854e-06
14,60,10646,10650,4,0.00014298354999999998,0.0001444101,5.839652728972843e-06
14,61,10650,10653,3,0.0001299259,0.00013425193333333333,6.121824510352732e-06
14,62,10653,10657,4,0.00013298715,0.00013192335,4.191636847640782e-06
14,63,10657,10660,3,0.0001344705,0.00013636319999999998,4.879413891715545e-06
14,64,10660,10664,4,0.00013159655000000002,0.000131691225,4.3498063246396385e-06
14,65,10664,10667,3,0.0001220767,0.00012172559999999999,2.405872694055117e-06
14,66,10667,10671,4,0.00011112625,0.000110202325,2.977877444065658e-06
14,67,10671,10674,3,0.0001075807,0.00010885446666666667,2.304969015458174e-06
14,68,10674,10678,4,0.0001066497,0.00010769869999999999,2.39646440616171e-06
14,69,10678,10681,3,3.303771e-05,3.3038473333333335e-05,2.3264167487550003e-08
14,70,10681,10685,4,3.326194e-05,3.32263525e-05,8.562767612606264e-08
14,71,10685,10688,3,3.34732e-05,3.34219e-05,7.614078013784833e-08
14,72,10688,10692,4,3.35314e-05,3.3527e-05,9.239689307547111e-08
14,73,10692,10695,3,3.356646e-05,3.360665e-05,7.992814314536957e-08
14,74,10695,10698,3,3.367149e-05,3.3683893333333335e-05,4.019704826089711e-08
14,75,10698,10702,4,3.378707e-05,3.378011e-05,4.4015798300156405e-08
14,76,10702,10705,3,3.389174e-05,3.388276666666667e-05,2.9576284794107597e-08
14,77,10705,10709,4,3.391696e-05,3.389752e-05,7.290429925594096e-08
14,78,10709,10712,3,3.398827e-05,3.394875333333333e-05,8.070917103334153e-08
14,79,10712,10716,4,3.3994535e-05,3.398687e-05,7.1066601508725e-08
14,80,10716,10719,3,3.401055e-05,3.3999926666666664e-05,5.7472240448952215e-08
14,81,10719,10723,4,3.410858e-05,3.4140035e-05,9.369524174151025e-08
14,82,10723,10726,3,3.456597e-05,3.459474666666666e-05,1.2397210178996666e-07
14,83,10726,10730,4,3.65071e-05,3.6828695e-05,1.5482317483745775e-06
14,84,10730,10733,3,5.727333e-05,0.00024870683333333334,0.0002786739450683531
14,85,10733,10737,4,0.0006430452,0.0006430353749999999,2.2428950460284537e-07
14,86,10737,10740,3,0.0006429256,0.0006429711666666667,1.6616731193454945e-07
14,87,10740,10744,4,0.0006426394000000001,0.000642648375,1.036939818648901e-07
14,88,10744,10747,3,0.0006428369,0.0006427940666666667,1.2240256896358776e-07
14,89,10747,10751,4,0.0006428410499999999,0.0006428967249999999,2.4311324907338057e-07
14,90,10751,10754,3,0.0006428375,0.0006428139333333334,2.0321637619926715e-07
14,91,10754,10758,4,0.0006425008,0.0006424585,2.632825288544402e-07
14,92,10758,10761,3,0.0006427139,0.0006427364666666668,1.1133565865834638e-07
14,93,10761,10765,4,0.00064254775,0.0006425145,2.0452648972688242e-07
14,94,10765,10768,3,0.0006425571,0.0006425820666666667,9.06921655319981e-08
14,95,10768,10772,4,0.0006422624,0.000642284975,1.9082675880232564e-07
14,96,10772,10775,3,0.0006422871,0.0006424400000000001,2.2742516717960985e-07
14,97,10775,10779,4,0.00064249975,0.0006425065,1.5547644516133355e-07
14,98,10779,10782,3,0.000642457,0.0006424915000000001,1.2604176556472706e-07
14,99,10782,10785,3,0.0006424511,0.0006423790000000001,2.4887952908986493e-07
15,0,11286,11289,3,3.338072e-05,3.339774e-05,5.883163094798682e-08
15,1,11283,11286,3,3.341944e-05,3.341456e-05,6.233711414558738e-08
15,2,11280,11283,3,3.340261e-05,3.3370523333333334e-05,5.3093814663814624e-08
15,3,11277,11280,3,3.331077e-05,3.330129333333333e-05,2.305306390819924e-08
15,4,11274,11277,3,3.32487e-05,3.328620333333334e-05,9.811628486421345e-08
15,5,11271,11274,3,3.328904e-05,3.329618666666667e-05,1.5048271956902968e-08
15,6,11268,11271,3,3.31493e-05,3.319991333333333e-05,7.432420212973946e-08
15,7,11264,11268,4,3.27388e-05,3.2841455e-05,2.0354720441460263e-07
15,8,11261,11264,3,3.252297e-05,3.2554116666666664e-05,7.752792070530989e-08
15,9,11258,11261,3,3.256346e-05,3.250743e-05,8.280625459468751e-08
15,10,11255,11258,3,3.244416e-05,3.243059666666667e-05,2.5059649283702156e-08
15,11,11252,11255,3,3.227662e-05,3.22802e-05,1.9847827756876472e-08
15,12,11249,11252,3,3.21829e-05,3.219717e-05,9.147106537042197e-08
15,13,11246,11249,3,3.212944e-05,3.208827666666667e-05,7.008605297933666e-08
15,14,11243,11246,3,3.192382e-05,3.191719666666667e-05,1.0394377753808696e-08
15,15,11239,11243,4,3.1641885000000005e-05,3.16783925e-05,6.695992546852087e-08
15,16,11236,11239,3,3.153467e-05,6.510097666666667e-05,4.763074896929107e-05
15,17,11233,11236,3,0.0002714225,0.0002678466333333334,5.944266092772839e-05
15,18,11230,11233,3,0.0004683464,0.00045754406666666665,3.8757452385172185e-05
15,19,11227,11230,3,0.0005393485,0.0005362779666666667,1.0811602782915928e-05
15,20,11224,11227,3,0.0005537098,0.0005537741666666667,3.762692328048357e-07
15,21,11221,11224,3,0.0005565982,0.0005567051,1.7293187695351469e-06
15,22,11218,11221,3,0.0005531411,0.0005527929000000001,2.5392668915785212e-06
15,23,11214,11218,4,0.0005448933,0.00054437475,1.7592941517836271e-06
15,24,11211,11214,3,0.0005427722,0.0005428307666666667,1.4701547681187629e-06
15,25,11208,11211,3,0.0005412686,0.0005414969333333333,8.944675635383447e-07
15,26,11205,11208,3,0.0005455752,0.0005458244999999999,2.0546555250617266e-06
15,27,11202,11205,3,0.000543919,0.0005443415,1.4822723793779288e-06
15,28,11199,11202,3,0.0005436229,0.00038587188333333327,0.00022455276328405287
15,29,11196,11199,3,4.21451e-05,4.371072333333333e-05,5.953434600107366e-06
15,30,11192,11196,4,3.427952e-05,3.44643875e-05,7.209435184317486e-07
15,31,11189,11192,3,3.314892e-05,3.324288333333333e-05,1.480403810526801e-07
15,32,11186,11189,3,3.315714e-05,3.310015666666667e-05,8.398924626932031e-08
15,33,11183,11186,3,3.306418e-05,3.3053113333333336e-05,3.593100641816447e-08
15,34,11180,11183,3,3.297327e-05,3.295580333333333e-05,3.939784878504076e-08
15,35,11177,11180,3,3.299816e-05,3.2946746666666666e-05,8.595250717046435e-08
15,36,11174,11177,3,3.292818e-05,3.291717333333333e-05,3.5109209934465327e-08
15,37,11171,11174,3,3.280191e-05,3.2804729999999997e-05,2.7791687006489038e-08
15,38,11167,11171,4,3.272665e-05,3.2751425e-05,6.832808262347045e-08
15,39,11164,11167,3,3.258405e-05,3.2637160000000004e-05,8.582380905086992e-08
15,40,11161,11164,3,3.262251e-05,3.256370333333333e-05,8.902642354317481e-08
15,41,11158,11161,3,3.247267e-05,3.246041333333333e-05,2.1759709454759298e-08
15,42,11155,11158,3,3.227516e-05,3.2270569999999993e-05,9.170826934724798e-09
15,43,11152,11155,3,3.208292e-05,3.212292e-05,1.1112702761554676e-07
15,44,11149,11152,3,3.201636e-05,3.1949710000000004e-05,1.1106678921561867e-07
15,45,11146,11149,3,0.0001052166,9.458124333333335e-05,4.756965362869928e-05
15,46,11142,11146,4,0.0002930168,0.000295650725,6.800791658922419e-05
15,47,11139,11142,3,0.0004343584,0.0004358,2.0044554891707283e-05
15,48,11136,11139,3,0.0004761656,0.0004755505333333333,4.5999277170649355e-06
15,49,11133,11136,3,0.0004746624,0.0004744348333333333,5.701131704222325e-06
15,50,11130,11133,3,0.0004661131,0.0004668373,4.27055374941784e-06
15,51,11127,11130,3,0.0004702713,0.0004688047666666667,2.447717339799596e-06
15,52,11124,11127,3,0.0004619681,0.0004633054666666667,5.3154774801726e-06
15,53,11120,11124,4,0.00045537775,0.000455354725,3.7557797215591596e-06
15,54,11117,11120,3,0.0004436943,0.0004438327,4.4594718730660035e-06
15,55,11114,11117,3,0.000423627,0.00041870173333333335,1.2200362649345944e-05
15,56,11111,11114,3,0.000375825,0.0003763127,9.284624722985114e-06
15,57,11108,11111,3,0.0003840169,0.0003853676,5.409398362726353e-06
15,58,11105,11108,3,0.0004120502,0.0004141286,3.2563352745072223e-06
15,59,11102,11105,3,0.0004234182,0.00042198869999999995,4.196921650448106e-06
15,60,11099,11102,3,0.0004143455,0.00041486766666666667,5.2730994707941005e-06
15,61,11095,11099,4,0.00042108925,0.0004216087,2.7733619390551966e-06
15,62,11092,11095,3,0.0004200751,0.0004215519666666667,4.684389907151445e-06
15,63,11089,11092,3,5.870355e-05,6.095776000000001e-05,1.3533716002224469e-05
15,64,11086,11089,3,3.572788e-05,3.628619333333333e-05,1.5270384313289399e-06
15,65,11083,11086,3,3.372737e-05,3.383270666666667e-05,2.367039510067857e-07
15,66,11080,11083,3,3.339158e-05,3.336901333333333e-05,1.4486254734134064e-07
15,67,11077,11080,3,3.326691e-05,3.325767666666667e-05,1.85459507410341e-08
15,68,11074,11077,3,3.311604e-05,3.3126e-05,3.814924726212133e-08
15,69,11070,11074,4,3.3088370000000005e-05,3.30998675e-05,6.942291818088645e-08
15,70,11067,11070,3,3.302355e-05,3.301615e-05,8.79373644514468e-08
15,71,11064,11067,3,3.297526e-05,3.295039e-05,5.694570454974255e-08
15,72,11061,11064,3,3.285271e-05,3.2836976666666665e-05,3.7040034497222234e-08
15,73,11058,11061,3,3.268462e-05,3.268086666666667e-05,3.262103649828187e-08
15,74,11055,11058,3,3.256226e-05,3.257200333333334e-05,1.0123940745689056e-07
15,75,11052,11055,3,3.24891e-05,3.2443330000000004e-05,7.332626587155904e-08
15,76,11048,11052,4,3.2241825e-05,3.220551e-05,7.601748713289745e-08
15,77,11045,11048,3,3.192106e-05,3.1910846666666665e-05,1.524265360391378e-08
15,78,11042,11045,3,0.0001418412,0.00013023498666666668,7.614180354397766e-05
15,79,11039,11042,3,0.0003627842,0.0003591838,5.569266381442593e-05
15,80,11036,11039,3,0.0005216951,0.0005159183666666667,2.8835667381945952e-05
15,81,11033,11036,3,0.0005788272,0.0005765619,6.23023951760014e-06
15,82,11030,11033,3,0.0005786303,0.0005776908,3.866656846251875e-06
15,83,11027,11030,3,0.0005519628,0.0005525129333333333,7.208085092604135e-06
15,84,11023,11027,4,0.0005573755,0.000560195525,1.4063005999852068e-05
15,85,11020,11023,3,0.0006095331,0.0006087328,8.554434384964701e-06
15,86,11017,11020,3,0.0006342552,0.0006333215333333333,4.962604913640503e-06
15,87,11014,11017,3,0.0006414578,0.0006413789666666667,3.3273020435315317e-07
15,88,11011,11014,3,0.0006417307,0.0006417658666666667,1.4041149842123584e-07
15,89,11008,11011,3,0.0006418331,0.0006418120666666667,5.870265941352286e-08
15,90,11005,11008,3,0.0006419456,0.0006418927666666667,1.4197084990315441e-07
15,91,11002,11005,3,0.0006419374,0.0006418410666666667,2.4489683995961866e-07
15,92,10998,11002,4,0.00064197875,0.0006419690500000001,1.6521952820413497e-07
15,93,10995,10998,3,0.0006418302,0.0006418162333333334,1.2087818477937657e-07
15,94,10992,10995,3,0.0006423275,0.0006422323000000001,2.2683528532100427e-07
15,95,10989,10992,3,0.0006420757,0.0006418669333333333,3.0984938635121425e-07
15,96,10986,10989,3,0.0006420365,0.0006420159666666666,1.2454841985704993e-07
15,97,10983,10986,3,0.0006420886,0.0006420280666666667,1.025990686550815e-07
15,98,10980,10983,3,0.0006420154,0.0006420989666666667,1.8510909095871517e-07
15,99,10976,10980,4,0.0006418957,0.00064195985,2.2348590000267946e-07
16,0,11471,11475,4,3.3760620000000005e-05,3.37609125e-05,6.36862616170082e-08
16,1,11475,11478,3,3.371642e-05,3.374700666666667e-05,7.223436962800895e-08
16,2,11478,11481,3,3.369505e-05,3.3668766666666665e-05,1.2986555209994046e-07
16,3,11481,11484,3,3.340393e-05,3.339031666666667e-05,7.561856797256939e-08
16,4,11484,11487,3,3.335641e-05,3.331033666666667e-05,7.497267961657149e-08
16,5,11487,11490,3,3.327142e-05,3.327882666666666e-05,6.251030919420883e-08
16,6,11490,11493,3,3.329074e-05,3.3288600000000005e-05,6.133756162961264e-08
16,7,11493,11497,4,3.3343589999999996e-05,3.33246775e-05,6.297413531561998e-08
16,8,11497,11500,3,3.334297e-05,3.336389e-05,3.028808016365591e-08
16,9,11500,11503,3,3.331405e-05,3.3327526666666666e-05,6.747794520351765e-08
16,10,11503,11506,3,3.331716e-05,3.331467666666666e-05,3.841141525929867e-08
16,11,11506,11509,3,3.33765e-05,3.337347666666667e-05,5.0769879740736144e-08
16,12,11509,11512,3,3.341491e-05,3.337950666666667e-05,6.809221704587303e-08
16,13,11512,11515,3,3.335319e-05,3.335609e-05,6.624145529802121e-08
16,14,11515,11518,3,3.341292e-05,3.341949e-05,2.819926594789112e-08
16,15,11518,11522,4,3.366864e-05,3.3658935e-05,5.520667600028048e-08
16,16,11522,11525,3,3.519296e-05,3.562387666666667e-05,1.258122100654607e-06
16,17,11525,11528,3,4.983922e-05,5.464706333333333e-05,1.3158997990324168e-05
16,18,11528,11531,3,0.0005915681,0.0005915621666666666,1.4662117476302956e-07
16,19,11531,11534,3,0.0005915288,0.0005919475333333333,8.769736610766664e-07
16,20,11534,11537,3,0.0005937878,0.0005933544666666667,6.547717278224059e-07
16,21,11537,11540,3,0.0005928362,0.0005927934666666667,1.6502786296729737e-07
16,22,11540,11543,3,0.0005925852,0.0005927702666666668,3.7928287889411194e-07
16,23,11543,11547,4,0.00059323115,0.0005932331999999999,3.6494476979400786e-07
16,24,11547,11550,3,0.0005930979,0.0005928901333333333,4.0950349069193567e-07
16,25,11550,11553,3,0.0005929421,0.0005926768,4.1388926860534914e-07
16,26,11553,11556,3,0.0005881327,0.0005874470666666667,2.9631114078879146e-06
16,27,11556,11559,3,0.0005575441,0.0005545125333333334,1.6799612833700114e-05
16,28,11559,11562,3,0.000430658,0.00042160636666666664,5.466164953056414e-05
16,29,11562,11565,3,0.0002028174,0.00019960503333333332,4.8450253685633297e-05
16,30,11565,11569,4,3.1741275e-05,3.17013325e-05,7.789882007289785e-08
16,31,11569,11572,3,3.20474e-05,3.199279666666667e-05,8.586783345480684e-08
16,32,11572,11575,3,3.21299e-05,3.2148956666666666e-05,1.0943904736833708e-07
16,33,11575,11578,3,3.228473e-05,3.22784e-05,1.7819788625757705e-08
16,34,11578,11581,3,3.248084e-05,3.246257666666667e-05,2.6931704158645913e-08
16,35,11581,11584,3,3.262249e-05,3.2579883333333326e-05,7.506058012624703e-08
16,36,11584,11587,3,3.260103e-05,3.26465e-05,8.771029472074752e-08
16,37,11587,11590,3,3.269955e-05,3.271647333333333e-05,3.216414808792951e-08
16,38,11590,11594,4,3.284773e-05,3.283801e-05,3.911116720324187e-08
16,39,11594,11597,3,3.293855e-05,3.294792e-05,3.238547308079049e-08
16,40,11597,11600,3,3.299028e-05,3.298216333333333e-05,8.407889324253134e-08
16,41,11600,11603,3,3.303602e-05,3.301071666666666e-05,3.737225560344271e-08
16,42,11603,11606,3,3.313258e-05,3.313138e-05,2.9691777761976278e-08
16,43,11606,11609,3,3.338142e-05,3.333393666666667e-05,9.941598205967233e-08
16,44,11609,11612,3,3.366589e-05,3.383345e-05,4.146602525763301e-07
16,45,11612,11615,3,3.846161e-05,3.8840816666666666e-05,2.9654809613769056e-06
16,46,11615,11619,4,0.00029187503,0.0002866490725,0.00022354934280899457
16,47,11619,11622,3,0.0005276811,0.0005286693333333333,5.4057776722893484e-06
16,48,11622,11625,3,0.0005504058,0.0005518360333333334,5.973781108774867e-06
16,49,11625,11628,3,0.0005634264,0.0005634896666666667,1.7521196769120145e-06
16,50,11628,11631,3,0.0005668221,0.000566569,1.415367304506723e-06
16,51,11631,11634,3,0.0005659157,0.0005659967666666666,8.607835435746217e-07
16,52,11634,11637,3,0.0005639271,0.0005643971,1.2065088064328647e-06
16,53,11637,11641,4,0.0005670908,0.000567650275,1.3207705220344013e-06
16,54,11641,11644,3,0.0005647492,0.0005643681,7.321506994237632e-07
16,55,11644,11647,3,0.0005634935,0.0005634648,4.4989848484596e-07
16,56,11647,11650,3,0.0005621457,0.0005623525333333333,3.7600805251427104e-07
16,57,11650,11653,3,0.0005598314,0.0005600147,1.1600343644334761e-06
16,58,11653,11656,3,0.0005579849,0.000558088,1.6462432525804768e-06
16,59,11656,11659,3,0.000557868,0.0005572771666666666,1.3327060249315997e-06
16,60,11659,11662,3,0.0005553242,0.0005563022666666666,1.5442240345522722e-06
16,61,11662,11666,4,0.0005516977999999999,0.000550992925,5.061964983766174e-06
16,62,11666,11669,3,0.0005138151,0.0005104455666666666,1.8005080124848723e-05
16,63,11669,11672,3,0.0003885393,0.0003854210333333334,5.4550055107478034e-05
16,64,11672,11675,3,0.0001666017,0.00017488426666666668,4.829089195313014e-05
16,65,11675,11678,3,3.194519e-05,3.194191e-05,6.190837315474842e-09
16,66,11678,11681,3,3.226233e-05,3.221954333333333e-05,6.320119056543917e-08
16,67,11681,11684,3,3.237913e-05,3.237334e-05,1.1057638476034036e-07
16,68,11684,11687,3,3.248901e-05,3.2516276666666666e-05,7.08041285676345e-08
16,69,11687,11691,4,3.268369e-05,3.26940425e-05,6.263964853628925e-08
16,70,11691,11694,3,3.281567e-05,3.281217e-05,3.90335889544722e-08
16,71,11694,11697,3,3.295041e-05,3.2950983333333333e-05,3.360128006820802e-08
16,72,11697,11700,3,3.300288e-05,3.2995110000000006e-05,9.215451481072492e-08
16,73,11700,11703,3,3.305924e-05,3.304232333333333e-05,3.5284172403814595e-08
16,74,11703,11706,3,3.317025e-05,3.3161189999999996e-05,3.876950347889397e-08
16,75,11706,11709,3,3.335284e-05,3.332041e-05,7.73420752242915e-08
16,76,11709,11713,4,3.4314875e-05,3.45704975e-05,1.0613198144380192e-06
16,77,11713,11716,3,4.359187e-05,4.4856763333333336e-05,4.890136945467091e-06
16,78,11716,11719,3,7.642937e-05,0.00026067748333333333,0.0002696702774211565
16,79,11719,11722,3,0.0006415592,0.0006415257666666667,2.100718342747493e-07
16,80,11722,11725,3,0.0006418087,0.0006417549666666667,9.782165177281169e-08
16,81,11725,11728,3,0.0006416242,0.0006414261666666666,3.226809604271981e-07
16,82,11728,11731,3,0.0006418208,0.0006416861333333333,2.166962441350088e-07
16,83,11731,11734,3,0.0006414023,0.0006413952666666666,2.768059890166998e-08
16,84,11734,11738,4,0.000641519,0.000641478175,1.745910561139998e-07
16,85,11738,11741,3,0.0006413648,0.0006414157999999999,1.064770397785228e-07
16,86,11741,11744,3,0.0006414853,0.0006415017,1.6729431151918424e-07
16,87,11744,11747,3,0.0006414109,0.0006414352000000001,1.3779784710462998e-07
16,88,11747,11750,3,0.0006413379,0.0006414903666666667,2.6508630460451157e-07
16,89,11750,11753,3,0.0006412873,0.0006413560666666667,1.2155998062228098e-07
16,90,11753,11756,3,0.0006416792,0.0006416664333333333,1.245575190647129e-07
16,91,11756,11759,3,0.0006413537,0.0006413823999999999,1.598165406541843e-07
16,92,11759,11763,4,0.000641744,0.00064169915,2.0806386639683061e-07
16,93,11763,11766,3,0.0006416388,0.0006415662000000001,1.5961428507496294e-07
16,94,11766,11769,3,0.0006414293,0.0006414849333333333,8.324391202298245e-08
16,95,11769,11772,3,0.0006416389,0.0006415894,1.1974347581394275e-07
16,96,11772,11775,3,0.0006414849,0.0006415609666666666,1.3286846461402486e-07
16,97,11775,11778,3,0.0006415652,0.0006416445333333334,1.785461533858493e-07
16,98,11778,11781,3,0.0006415679,0.0006414892333333333,1.5722031958015366e-07
16,99,11781,11784,3,0.0006413577,0.0006414813,2.8140063965815514e-07
17,0,12274,12277,3,3.321289e-05,3.322509e-05,7.619548718045467e-08
17,1,12271,12274,3,3.322197e-05,3.322355e-05,1.8943035659577456e-08
17,2,12268,12271,3,3.319333e-05,3.317222333333333e-05,7.160359131278882e-08
17,3,12265,12268,3,3.309218e-05,3.310320666666667e-05,2.120397813828483e-08
17,4,12262,12265,3,3.309514e-05,3.3082060000000004e-05,7.656022117697005e-08
17,5,12259,12262,3,3.308474e-05,3.308321666666667e-05,6.061403046233383e-08
17,6,12256,12259,3,3.300196e-05,3.3002373333333323e-05,2.4717079564993526e-08
17,7,12253,12256,3,3.273916e-05,3.280499e-05,1.862226067551048e-07
17,8,12249,12253,4,3.244962e-05,3.24569125e-05,9.835622358930803e-08
17,9,12246,12249,3,3.232488e-05,3.233529333333333e-05,8.441274877384208e-08
17,10,12243,12246,3,3.230558e-05,3.2272153333333334e-05,6.548053468186088e-08
17,11,12240,12243,3,3.218618e-05,3.2172663333333326e-05,2.7817323539277112e-08
17,12,12237,12240,3,3.203112e-05,3.201703666666667e-05,2.0058428541528122e-08
17,13,12234,12237,3,3.187741e-05,3.190206333333333e-05,9.764585341369405e-08
17,14,12231,12234,3,3.182585e-05,3.176718333333333e-05,8.609005143195e-08
17,15,12228,12231,3,3.157114e-05,3.157284e-05,1.0268644831069721e-08
17,16,12224,12228,4,3.130674e-05,5.157489750000001e-05,3.512438250107849e-05
17,17,12221,12224,3,0.0002418516,0.0002446951333333333,6.388984458353993e-05
17,18,12218,12221,3,0.0004678912,0.0004590302333333333,5.049516690247582e-05
17,19,12215,12218,3,0.0005732283,0.0005687849666666665,1.6736892669256802e-05
17,20,12212,12215,3,0.0005992358,0.0005981175000000001,2.4056226733772192e-06
17,21,12209,12212,3,0.0006012188,0.0006014233999999999,3.1834275029699516e-07
17,22,12206,12209,3,0.0006010379,0.0006008800333333333,2.454311897230781e-07
17,23,12203,12206,3,0.000598893,0.0005992132666666666,5.326038010462214e-07
17,24,12199,12203,4,0.0005986309500000001,0.0005985412749999999,3.5233988828264177e-07
17,25,12196,12199,3,0.0005995612,0.0005996056666666667,2.5141362112837537e-07
17,26,12193,12196,3,0.0006002828,0.0006002646666666667,6.376447983705478e-08
17,27,12190,12193,3,0.0005999252,0.0005998227333333333,2.0548286762862202e-07
17,28,12187,12190,3,0.0005984646,0.00042514527000000004,0.0002453639470686402
17,29,12184,12187,3,4.533186e-05,4.679976e-05,7.192227274514251e-06
17,30,12181,12184,3,3.490255e-05,3.4928883333333334e-05,8.241452442514144e-07
17,31,12178,12181,3,3.325836e-05,3.3283063333333335e-05,1.2658812222672898e-07
17,32,12175,12178,3,3.292778e-05,3.291383e-05,4.2781788181420135e-08
17,33,12171,12175,4,3.281962e-05,3.2844872499999996e-05,6.786166494236796e-08
17,34,12168,12171,3,3.275881e-05,3.278170666666667e-05,7.913095152270786e-08
17,35,12165,12168,3,3.277954e-05,3.2771206666666665e-05,4.5114164319227457e-08
17,36,12162,12165,3,3.269566e-05,3.268927666666666e-05,4.303403640014455e-08
17,37,12159,12162,3,3.260326e-05,3.2601986666666665e-05,5.7063884862104294e-08
17,38,12156,12159,3,3.255998e-05,3.254953666666666e-05,8.71925892620595e-08
17,39,12153,12156,3,3.250247e-05,3.2482470000000004e-05,5.378893070759535e-08
17,40,12150,12153,3,3.237349e-05,3.236355666666666e-05,3.381383773283196e-08
17,41,12146,12150,4,3.2216565e-05,3.2211519999999996e-05,3.511535632739481e-08
17,42,12143,12146,3,3.199666e-05,3.2008230000000005e-05,4.529707790428157e-08
17,43,12140,12143,3,3.183794e-05,3.18494e-05,1.1550859448543149e-07
17,44,12137,12140,3,3.170329e-05,3.165382e-05,8.469197876225545e-08
17,45,12134,12137,3,0.0001532341,0.00013203271333333335,7.503591453236481e-05
17,46,12131,12134,3,0.0003626194,0.0003612294333333334,5.490435330526067e-05
17,47,12128,12131,3,0.0005276426,0.0005252060666666667,2.5866816567735774e-05
17,48,12125,12128,3,0.0005880115,0.0005866537,6.652568896799695e-06
17,49,12121,12125,4,0.0005977668000000001,0.0005977009750000001,6.821141487134021e-07
17,50,12118,12121,3,0.0005982497,0.0005980640333333333,2.744656910354375e-07
17,51,12115,12118,3,0.0005958435,0.0005955987,1.4051159192987078e-06
17,52,12112,12115,3,0.0005831833,0.0005827112666666667,5.489787240767074e-06
17,53,12109,12112,3,0.0005621123,0.0005628735,3.741808928847149e-06
17,54,12106,12109,3,0.0005480574,0.0005476271,4.558419446109204e-06
17,55,12103,12106,3,0.0005411702,0.0005409592666666666,1.0241909500782397e-06
17,56,12100,12103,3,0.0005438254,0.0005442222333333333,6.40051155941636e-07
17,57,12097,12100,3,0.0005301221,0.0005322730999999999,4.847473373487123e-06
17,58,12093,12097,4,0.0005440359000000001,0.000543020975,8.488272650950525e-06
17,59,12090,12093,3,0.0005664345,0.0005660542,3.7328008331546682e-06
17,60,12087,12090,3,0.0005769496,0.0005774442333333333,3.311331627742641e-06
17,61,12084,12087,3,0.0005849767,0.0005847470666666667,1.043174259438729e-06
17,62,12081,12084,3,0.0005871669,0.0005869054,5.00221450959451e-07
17,63,12078,12081,3,0.0005863775,0.0005864073333333333,1.050675472678832e-06
17,64,12075,12078,3,5.542072e-05,5.960318666666666e-05,1.5305022519746762e-05
17,65,12072,12075,3,3.607097e-05,3.635925e-05,1.2500665820134007e-06
17,66,12068,12072,4,3.355712e-05,3.36580475e-05,4.083140463769892e-07
17,67,12065,12068,3,3.310895e-05,3.3084113333333336e-05,1.1108922550014807e-07
17,68,12062,12065,3,3.29931e-05,3.3007649999999996e-05,2.7031526039050496e-08
17,69,12059,12062,3,3.289598e-05,3.289038666666667e-05,4.57481251589142e-08
17,70,12056,12059,3,3.279679e-05,3.27976e-05,5.9276336481488364e-08
17,71,12053,12056,3,3.273363e-05,3.27232e-05,9.413339081678836e-08
17,72,12050,12053,3,3.266599e-05,3.2644513333333334e-05,4.8245639756931506e-08
17,73,12047,12050,3,3.250919e-05,3.249303e-05,3.0777255671464044e-08
17,74,12043,12047,4,3.2282585e-05,3.2303497499999996e-05,6.010430699001435e-08
17,75,12040,12043,3,3.199653e-05,3.207139666666667e-05,1.0752922155808962e-07
17,76,12037,12040,3,3.190988e-05,3.185898666666667e-05,1.3755328309018726e-07
17,77,12034,12037,3,0.0001646791,0.00016716786666666668,4.089255682511862e-05
17,78,12031,12034,3,0.0003515866,0.0003490651666666667,3.515129145037047e-05
17,79,12028,12031,3,0.0004613686,0.00046516786666666666,1.7030443146384132e-05
17,80,12025,12028,3,0.0005290359,0.0005330987333333333,1.7148045516293933e-05
17,81,12022,12025,3,0.0005728459,0.0005720628333333334,4.467614225611791e-06
17,82,12019,12022,3,0.0005771503,0.0005762606,1.857914542347608e-06
17,83,12015,12019,4,0.0005570843999999999,0.0005581199749999999,7.4485338548519094e-06
17,84,12012,12015,3,0.0005626084,0.0005638813,7.870772956959192e-06
17,85,12009,12012,3,0.0006005113,0.0005998137333333332,9.45928548194254e-06
17,86,12006,12009,3,0.0006269843,0.0006268132333333334,5.846877013319914e-06
17,87,12003,12006,3,0.0006401519,0.0006397449,1.351117806361354e-06
17,88,12000,12003,3,0.0006412237,0.0006411432333333334,2.3836724234304925e-07
17,89,11997,12000,3,0.0006413108,0.0006413286333333333,1.2657430843400765e-07
17,90,11994,11997,3,0.0006413605,0.0006413669999999999,6.210158344734424e-08
17,91,11990,11994,4,0.00064147235,0.0006414705,2.2718462756093066e-07
17,92,11987,11990,3,0.0006412071,0.0006411447,1.5141792055984485e-07
17,93,11984,11987,3,0.0006412329,0.0006411966,1.35902342388457e-07
17,94,11981,11984,3,0.0006409705,0.0006410287666666668,1.6224897191936497e-07
17,95,11978,11981,3,0.0006410338,0.0006410256333333333,2.248964848299557e-07
17,96,11975,11978,3,0.0006408214,0.0006408199666666667,1.2317267914959056e-07
17,97,11972,11975,3,0.0006410603,0.0006409683333333333,2.693689209162383e-07
17,98,11969,11972,3,0.0006410475,0.0006409618666666667,1.6900761981505567e-07
17,99,11965,11969,4,0.00064088565,0.00064088905,8.866060286285772e-08
18,0,12458,12462,4,3.3551665000000004e-05,3.3560745e-05,6.116317539990856e-08
18,1,12462,12465,3,3.351558e-05,3.3529176666666665e-05,4.9191389716312935e-08
18,2,12465,12468,3,3.358798e-05,3.352765666666667e-05,1.2480902059635874e-07
18,3,12468,12471,3,3.32253e-05,3.320307333333333e-05,4.1484124942226456e-08
18,4,12471,12474,3,3.316382e-05,3.313480333333333e-05,4.952485728287118e-08
18,5,12474,12477,3,3.315319e-05,3.314816666666667e-05,6.581980671162404e-08
18,6,12477,12480,3,3.320665e-05,3.3207210000000004e-05,2.5020588855313055e-08
18,7,12480,12484,4,3.3184265e-05,3.317538e-05,5.981704481165962e-08
18,8,12484,12487,3,3.317741e-05,3.318480333333333e-05,6.425900524872569e-08
18,9,12487,12490,3,3.316084e-05,3.3164659999999995e-05,3.8844955914506894e-08
18,10,12490,12493,3,3.321527e-05,3.320434666666667e-05,6.634649668386387e-08
18,11,12493,12496,3,3.322785e-05,3.324104e-05,3.41107636971083e-08
18,12,12496,12499,3,3.317541e-05,3.320583333333334e-05,6.929473300491267e-08
18,13,12499,12502,3,3.321011e-05,3.320491e-05,3.751087309034555e-08
18,14,12502,12505,3,3.33286e-05,3.3317523333333333e-05,1.5813497048054194e-08
18,15,12505,12509,4,3.3563810000000006e-05,3.3538615e-05,1.381547555279952e-07
18,16,12509,12512,3,3.520945e-05,3.5720673333333334e-05,1.5207968754205437e-06
18,17,12512,12515,3,5.181618e-05,5.613300666666666e-05,1.3649306800797208e-05
18,18,12515,12518,3,0.0005995666,0.0005997730000000001,3.393383365708447e-07
18,19,12518,12521,3,0.0006003127,0.0006004175000000001,1.563398861455202e-07
18,20,12521,12524,3,0.0006002489,0.0006001490333333334,3.1366702444190284e-07
18,21,12524,12527,3,0.0006002923,0.0006002629,1.437449361426811e-07
18,22,12527,12530,3,0.0005994646,0.0005993994333333333,2.1113272813298092e-07
18,23,12530,12534,4,0.0006001002,0.00060010615,1.2745951317968908e-07
18,24,12534,12537,3,0.0005995123,0.0005997132666666666,3.1714693054728814e-07
18,25,12537,12540,3,0.0005997634,0.0005996988333333334,1.1979861805919282e-07
18,26,12540,12543,3,0.0005926351,0.000591686,4.9421859556273235e-06
18,27,12543,12546,3,0.0005442591,0.0005410935666666667,2.3526702888609124e-05
18,28,12546,12549,3,0.0003707659,0.0003671798666666667,6.288272188936762e-05
18,29,12549,12552,3,0.0001572533,0.0001556295,4.0952461907191854e-05
18,30,12552,12556,4,3.164336e-05,3.162175e-05,4.409470886625675e-08
18,31,12556,12559,3,3.193744e-05,3.191671e-05,3.65711261334202e-08
18,32,12559,12562,3,3.213114e-05,3.208057666666667e-05,1.1255783471422759e-07
18,33,12562,12565,3,3.216135e-05,3.221020333333334e-05,8.8416018659265e-08
18,34,12565,12568,3,3.234859e-05,3.234715666666667e-05,3.0651712658330196e-08
18,35,12568,12571,3,3.25031e-05,3.251245333333333e-05,2.3235203654991594e-08
18,36,12571,12574,3,3.259629e-05,3.257581333333334e-05,9.628614519003031e-08
18,37,12574,12577,3,3.264243e-05,3.2637529999999996e-05,4.684009393670979e-08
18,38,12577,12581,4,3.2762285e-05,3.27539375e-05,3.9569299573658306e-08
18,39,12581,12584,3,3.285762e-05,3.284852e-05,4.139334809684601e-08
18,40,12584,12587,3,3.295814e-05,3.291548e-05,7.489632078191085e-08
18,41,12587,12590,3,3.289165e-05,3.294356666666667e-05,7.80769758351061e-08
18,42,12590,12593,3,3.304094e-05,3.303466333333333e-05,1.9205392182638377e-08
18,43,12593,12596,3,3.332854e-05,3.333619333333333e-05,5.653256603252875e-08
18,44,12596,12599,3,3.423093e-05,3.44364e-05,8.530751263907926e-07
18,45,12599,12602,3,4.36788e-05,4.438757333333334e-05,5.812152412582529e-06
18,46,12602,12606,4,0.00050912775,0.00040177520999999997,0.0001913576700004557
18,47,12606,12609,3,0.0005203733,0.000520238,6.436867798859957e-06
18,48,12609,12612,3,0.0005384811,0.0005387484666666666,4.237305394023709e-06
18,49,12612,12615,3,0.000563153,0.0005632008666666666,1.0707018112849556e-05
18,50,12615,12618,3,0.0005829046,0.0005831329666666666,7.586413835857801e-07
18,51,12618,12621,3,0.0005874499,0.0005874519666666666,1.577227122375085e-06
18,52,12621,12624,3,0.0005902984,0.0005902176333333333,1.3288276370129121e-07
18,53,12624,12628,4,0.00058749615,0.0005876637,1.0952131641831213e-06
18,54,12628,12631,3,0.000587061,0.0005870242333333333,2.0962093300900517e-07
18,55,12631,12634,3,0.0005871511,0.0005871731,6.437002407954868e-08
18,56,12634,12637,3,0.0005859922,0.0005863145,6.413688642271223e-07
18,57,12637,12640,3,0.0005853309,0.0005853303666666667,2.417649317461358e-07
18,58,12640,12643,3,0.0005869835,0.0005868112333333334,4.6183417899597704e-07
18,59,12643,12646,3,0.0005879836,0.0005880392,9.625064501947382e-08
18,60,12646,12649,3,0.0005886489,0.0005885749,1.6774989319420098e-07
18,61,12649,12653,4,0.0005864685,0.000585419775,2.877883121649458e-06
18,62,12653,12656,3,0.0005527047,0.0005514674333333332,1.7489696825337515e-05
18,63,12656,12659,3,0.0004252569,0.00042337293333333335,5.5130474022409374e-05
18,64,12659,12662,3,0.000190594,0.000196811,5.22398942680783e-05
18,65,12662,12665,3,3.182963e-05,3.1781399999999994e-05,1.4021055333557034e-07
18,66,12665,12668,3,3.193173e-05,3.20079e-05,1.0865536434065112e-07
18,67,12668,12671,3,3.219704e-05,3.220121333333333e-05,1.0914804421316963e-08
18,68,12671,12674,3,3.242791e-05,3.2427060000000004e-05,2.003359678140802e-08
18,69,12674,12678,4,3.2599415e-05,3.25570525e-05,9.630471805031203e-08
18,70,12678,12681,3,3.270517e-05,3.268710666666667e-05,9.544554130788648e-08
18,71,12681,12684,3,3.276036e-05,3.276809333333333e-05,6.115561208007793e-08
18,72,12684,12687,3,3.289947e-05,3.288601e-05,4.002951494418475e-08
18,73,12687,12690,3,3.300177e-05,3.298316666666666e-05,5.7420379850905826e-08
18,74,12690,12693,3,3.31356e-05,3.3115746666666664e-05,1.312779131799734e-07
18,75,12693,12696,3,3.326383e-05,3.3350566666666665e-05,1.2667318062197931e-07
18,76,12696,12700,4,3.5594565000000004e-05,3.62572025e-05,2.2524151441327916e-06
18,77,12700,12703,3,6.020764e-05,0.0002498180933333333,0.00027668768750132043
18,78,12703,12706,3,0.0006412922,0.0006413090333333334,5.482896639147658e-08
18,79,12706,12709,3,0.0006414725,0.0006414416666666666,5.380881794732916e-08
18,80,12709,12712,3,0.0006414239,0.0006412037666666666,3.1131554553040276e-07
18,81,12712,12715,3,0.0006411826,0.0006411681333333333,9.95679109396642e-08
18,82,12715,12718,3,0.0006409281,0.0006410045,1.2297373703353745e-07
18,83,12718,12721,3,0.0006409854,0.0006409010333333333,1.9583616168169813e-07
18,84,12721,12725,4,0.00064109335,0.00064106935,1.1705619377033264e-07
18,85,12725,12728,3,0.0006409343,0.0006409653,8.864833143757063e-08
18,86,12728,12731,3,0.0006410977,0.0006410778666666667,9.522129780443388e-08
18,87,12731,12734,3,0.000640964,0.0006407554666666667,3.088736239233761e-07
18,88,12734,12737,3,0.0006407791,0.0006407901666666667,9.194452433698272e-08
18,89,12737,12740,3,0.0006408218,0.0006408398,1.297140701697616e-07
18,90,12740,12743,3,0.0006408319,0.0006406611666666667,3.2010832888601557e-07
18,91,12743,12746,3,0.0006407393,0.0006406412333333334,2.175148321890395e-07
18,92,12746,12750,4,0.00064082115,0.00064075915,1.1612812966719892e-07
18,93,12750,12753,3,0.0006412365,0.0006412470333333333,1.2359725815012267e-07
18,94,12753,12756,3,0.0006409215,0.0006408717,3.453815957266185e-07
18,95,12756,12759,3,0.0006412172,0.0006411135666666666,1.6946980720926352e-07
18,96,12759,12762,3,0.0006409068,0.0006409811666666667,2.0372023845348666e-07
18,97,12762,12765,3,0.000641154,0.0006408794333333333,4.179120348696492e-07
18,98,12765,12768,3,0.0006408875,0.0006408868666666666,5.28700503330475e-08
18,99,12768,12771,3,0.0006409413,0.0006409737999999999,6.005214400836777e-08
19,0,13261,13264,3,3.363796e-05,3.364066333333333e-05,3.690211586827421e-08
19,1,13258,13261,3,3.361167e-05,3.364092666666666e-05,6.389901633741453e-08
19,2,13255,13258,3,3.361647e-05,3.363561333333333e-05,4.035028651970266e-08
19,3,13252,13255,3,3.358362e-05,3.356029666666667e-05,5.470695649448041e-08
19,4,13249,13252,3,3.346774e-05,3.3506433333333335e-05,5.66191053345862e-08
19,5,13246,13249,3,3.355442e-05,3.350454e-05,9.870724019375066e-08
19,6,13243,13246,3,3.345444e-05,3.347437e-05,3.301416766581692e-08
19,7,13239,13243,4,3.308151e-05,3.3132570000000007e-05,1.2851472328103284e-07
19,8,13236,13239,3,3.284319e-05,3.283946666666666e-05,2.165491527472446e-08
19,9,13233,13236,3,3.270922e-05,3.276682666666667e-05,8.229683036963507e-08
19,10,13230,13233,3,3.275606e-05,3.2702636666666666e-05,8.414347522073409e-08
19,11,13227,13230,3,3.262735e-05,3.2611300000000004e-05,2.338737408660241e-08
19,12,13224,13227,3,3.244419e-05,3.2446413333333334e-05,2.335985778114818e-08
19,13,13221,13224,3,3.226609e-05,3.231240333333333e-05,9.110312118082906e-08
19,14,13218,13221,3,3.219095e-05,3.215947666666667e-05,1.1368406406450424e-07
19,15,13214,13218,4,3.196079e-05,3.1918925e-05,1.2958023720845667e-07
19,16,13211,13214,3,3.171462e-05,6.555798e-05,4.788111474071867e-05
19,17,13208,13211,3,0.0002760644,0.00027526373333333333,6.524281951894954e-05
19,18,13205,13208,3,0.0004883159,0.00048037240000000004,4.198296175839275e-05
19,19,13202,13205,3,0.000578956,0.0005751405333333334,1.3732397756724393e-05
19,20,13199,13202,3,0.0006005915,0.0005999083000000001,1.98854686140408e-06
19,21,13196,13199,3,0.0006022924,0.0006020296666666667,4.464522694408284e-07
19,22,13193,13196,3,0.0006024277,0.0006022615333333333,3.8167270737576264e-07
19,23,13189,13193,4,0.0006021892,0.0006021725,5.8084894766178524e-08
19,24,13186,13189,3,0.0006010977,0.0006011974666666667,5.817603191082099e-07
19,25,13183,13186,3,0.0005992288,0.0005990568,6.770300288761249e-07
19,26,13180,13183,3,0.0005984171,0.0005985300666666667,2.926802844211925e-07
19,27,13177,13180,3,0.0005984174,0.0005981772333333333,7.961582938643114e-07
19,28,13174,13177,3,7.938637e-05,0.00024521738,0.0002486519525279506
19,29,13171,13174,3,3.978081e-05,4.0741510000000004e-05,3.906900907573675e-06
19,30,13167,13171,4,3.4362395e-05,3.438467e-05,6.190909579779052e-07
19,31,13164,13167,3,3.345907e-05,3.346835333333333e-05,1.67361133148926e-08
19,32,13161,13164,3,3.328851e-05,3.329055e-05,2.3567453546504497e-08
19,33,13158,13161,3,3.325315e-05,3.3267156666666665e-05,7.468322271806096e-08
19,34,13155,13158,3,3.325807e-05,3.325779666666667e-05,4.544661067915052e-08
19,35,13152,13155,3,3.318739e-05,3.318768333333333e-05,4.721028795600704e-08
19,36,13149,13152,3,3.311253e-05,3.3111783333333334e-05,4.9392700090420325e-08
19,37,13146,13149,3,3.309917e-05,3.308198666666667e-05,8.361092206696943e-08
19,38,13142,13146,4,3.3013069999999995e-05,3.299965999999999e-05,7.277009069665737e-08
19,39,13139,13142,3,3.293944e-05,3.291173e-05,7.007837089049992e-08
19,40,13136,13139,3,3.283081e-05,3.281583666666666e-05,2.2654969040417292e-08
19,41,13133,13136,3,3.26576e-05,3.2647036666666666e-05,1.7627365719873757e-08
19,42,13130,13133,3,3.244322e-05,3.249903666666667e-05,1.0529331486640376e-07
19,43,13127,13130,3,3.239075e-05,3.233034e-05,1.2098674665708962e-07
19,44,13124,13127,3,3.213296e-05,3.2093536666666665e-05,5.873351475567791e-08
19,45,13121,13124,3,0.000220322,0.00022336356666666666,5.787296044074085e-05
19,46,13117,13121,4,0.00046396165,0.000461015725,5.605443029178761e-05
19,47,13114,13117,3,0.0005747515,0.0005722122666666666,1.4083101574661133e-05
19,48,13111,13114,3,0.0005969382,0.0005964306333333334,1.949516668875181e-06
19,49,13108,13111,3,0.0005995983,0.0005997004,2.5650264456077245e-07
19,50,13105,13108,3,0.0005993173,0.0005991151666666668,5.024111353153705e-07
19,51,13102,13105,3,0.000593908,0.0005931965,3.433400870856767e-06
19,52,13099,13102,3,0.0005666958,0.0005652256666666667,1.1241926266239051e-05
19,53,13095,13099,4,0.0005213584,0.0005223251250000001,9.714286319224649e-06
19,54,13092,13095,3,0.0004950567,0.0004971346666666666,4.052274806684371e-06
19,55,13089,13092,3,0.0004980895,0.0004977762666666666,3.904201578072267e-06
19,56,13086,13089,3,0.000516361,0.0005148605666666666,2.361754037903937e-06
19,57,13083,13086,3,0.0005000809,0.0005011711333333333,2.468562626757168e-06
19,58,13080,13083,3,0.0005182558,0.0005184207333333333,7.24448822684451e-06
19,59,13077,13080,3,0.0005447467,0.0005456876666666667,8.967600803757673e-06
19,60,13074,13077,3,0.0005719488,0.0005718689666666666,6.233431340940763e-06
19,61,13070,13074,4,0.0005862291,0.0005859253500000001,1.0609831301674801e-06
19,62,13067,13070,3,0.0005881697,0.0005879827,3.5204820692628954e-07
19,63,13064,13067,3,0.0005863713,0.00041573543333333333,0.0002413304769741047
19,64,13061,13064,3,4.215215e-05,4.360431333333333e-05,5.700393928822424e-06
19,65,13058,13061,3,3.468246e-05,3.4797560000000004e-05,6.707680721878954e-07
19,66,13055,13058,3,3.318537e-05,3.3275959999999995e-05,1.942007162705636e-07
19,67,13052,13055,3,3.286219e-05,3.2923266666666664e-05,9.318095310857652e-08
19,68,13049,13052,3,3.291685e-05,3.2859839999999996e-05,8.348301743468676e-08
19,69,13045,13049,4,3.2792714999999996e-05,3.2766835e-05,7.807413736314987e-08
19,70,13042,13045,3,3.26946e-05,3.270733666666666e-05,2.3576205990127575e-08
19,71,13039,13042,3,3.258434e-05,3.2573253333333337e-05,3.7066449639653186e-08
19,72,13036,13039,3,3.24284e-05,3.245759666666667e-05,7.641223738526397e-08
19,73,13033,13036,3,3.238212e-05,3.2344816666666666e-05,1.0751574468679149e-07
19,74,13030,13033,3,3.224058e-05,3.221110666666667e-05,4.514000172303639e-08
19,75,13027,13030,3,3.196886e-05,3.197457666666667e-05,1.3002010955575698e-08
19,76,13023,13027,4,7.9324515e-05,9.476171e-05,6.67061834530889e-05
19,77,13020,13023,3,0.0003370616,0.00033543183333333335,6.899938058206674e-05
19,78,13017,13020,3,0.0005177058,0.0005112191,3.517409955037938e-05
19,79,13014,13017,3,0.0005800741,0.0005776350666666666,8.997615291595633e-06
19,80,13011,13014,3,0.0005911126,0.0005913436666666667,3.91993888841273e-07
19,81,13008,13011,3,0.000586308,0.0005864672,2.0300763089105806e-06
19,82,13005,13008,3,0.0005769476,0.0005763410666666666,4.5092141054610635e-06
19,83,13002,13005,3,0.0005565804,0.0005572036,3.704133100560312e-06
19,84,12998,13002,4,0.0005709598000000001,0.0005729332750000001,1.2657033100094e-05
19,85,12995,12998,3,0.0006145448,0.0006133306000000001,7.937195442136132e-06
19,86,12992,12995,3,0.0006351756,0.0006345179666666667,3.7367176419359994e-06
19,87,12989,12992,3,0.0006403395,0.0006403993333333333,1.1491081565960453e-07
19,88,12986,12989,3,0.0006401666,0.0006401351666666667,9.843963745474914e-08
19,89,12983,12986,3,0.0006401964,0.0006402817666666667,1.5899606563961644e-07
19,90,12980,12983,3,0.0006407387,0.0006407586,2.385466131946941e-07
19,91,12977,12980,3,0.0006405004,0.0006404932666666666,2.175731652162514e-07
19,92,12973,12977,4,0.0006403331499999999,0.0006403362499999999,1.9429992923312538e-07
19,93,12970,12973,3,0.0006406164,0.0006404636666666667,2.3440512413814558e-07
19,94,12967,12970,3,0.0006404852,0.0006405111333333334,1.7666435847547636e-07
19,95,12964,12967,3,0.0006402115,0.0006403414333333333,2.9784895873952886e-07
19,96,12961,12964,3,0.0006404932,0.0006404542,6.493458246572562e-08
19,97,12958,12961,3,0.0006404183,0.0006404042666666667,3.2691725082794963e-08
19,98,12955,12958,3,0.000640621,0.0006405884000000001,6.124987074815714e-08
19,99,12951,12955,4,0.0006402761,0.000640266375,1.5050038828853064e-07
20,0,13445,13449,4,3.4041705e-05,3.40475125e-05,5.554163725305541e-08
20,1,13449,13452,3,3.408593e-05,3.406845333333333e-05,5.560994775117957e-08
20,2,13452,13455,3,3.399358e-05,3.4034646666666666e-05,6.789147680101057e-08
20,3,13455,13458,3,3.36901e-05,3.3661409999999997e-05,4.913940238410343e-08
20,4,13458,13461,3,3.359064e-05,3.360298e-05,6.66769740365182e-08
20,5,13461,13464,3,3.366659e-05,3.364079666666667e-05,5.308669408513588e-08
20,6,13464,13467,3,3.366527e-05,3.364783333333333e-05,5.449757323852821e-08
20,7,13467,13470,3,3.361044e-05,3.363183e-05,6.373955496131823e-08
20,8,13470,13474,4,3.364967e-05,3.36462075e-05,5.862537478558142e-08
20,9,13474,13477,3,3.365432e-05,3.363383e-05,5.057475720818152e-08
20,10,13477,13480,3,3.364736e-05,3.364929e-05,6.398298054951964e-08
20,11,13480,13483,3,3.372052e-05,3.37057e-05,3.6522566539971066e-08
20,12,13483,13486,3,3.37342e-05,3.369149e-05,7.463793539481162e-08
20,13,13486,13489,3,3.366419e-05,3.367537666666667e-05,6.481625430570741e-08
20,14,13489,13492,3,3.372192e-05,3.373169666666666e-05,2.908036489148832e-08
20,15,13492,13495,3,3.396445e-05,3.395449000000001e-05,3.0980678925204984e-08
20,16,13495,13499,4,3.4920535e-05,3.52268425e-05,1.1374336647773129e-06
20,17,13499,13502,3,4.824265e-05,5.2146439999999995e-05,1.1111142697871656e-05
20,18,13502,13505,3,0.0005964008,0.0005962376,3.1920310148869457e-07
20,19,13505,13508,3,0.0005959833,0.0005961719333333333,3.3236929594785336e-07
20,20,13508,13511,3,0.0005971597,0.0005968786666666667,4.982174915525136e-07
20,21,13511,13514,3,0.0005972346,0.0005973214999999999,4.960455825828998e-07
20,22,13514,13517,3,0.0005983248,0.0005982228,3.135332943511065e-07
20,23,13517,13520,3,0.0005977044,0.0005976814,9.288254231378364e-08
20,24,13520,13523,3,0.00059789,0.0005978995666666667,3.5324037456414844e-07
20,25,13523,13527,4,0.00059826065,0.0005980318999999999,8.625443321939816e-07
20,26,13527,13530,3,0.0005880332,0.0005871294666666667,5.9191689091928726e-06
20,27,13530,13533,3,0.0005345854,0.000533104,2.5427203629577507e-05
20,28,13533,13536,3,0.0003515023,0.00035557493333333336,6.503303782059972e-05
20,29,13536,13539,3,0.0001460873,0.0001494347,3.935811448761233e-05
20,30,13539,13542,3,3.21574e-05,3.2087226666666664e-05,1.1815467668366696e-07
20,31,13542,13545,3,3.225973e-05,3.2300740000000003e-05,1.1752284969315538e-07
20,32,13545,13548,3,3.247238e-05,3.2484386666666665e-05,3.7615018572667477e-08
20,33,13548,13552,4,3.2693805e-05,3.26980625e-05,3.2003676644254625e-08
20,34,13552,13555,3,3.287579e-05,3.2863146666666666e-05,2.8261017124103465e-08
20,35,13555,13558,3,3.300142e-05,3.297847333333333e-05,6.602981262698973e-08
20,36,13558,13561,3,3.307474e-05,3.306284e-05,9.381798370603892e-08
20,37,13561,13564,3,3.315091e-05,3.313858e-05,4.0377080132174155e-08
20,38,13564,13567,3,3.322124e-05,3.321085666666666e-05,4.318050048600949e-08
20,39,13567,13570,3,3.331803e-05,3.3330336666666666e-05,1.8051545332433872e-08
20,40,13570,13573,3,3.338312e-05,3.336173666666667e-05,8.727642229656961e-08
20,41,13573,13577,4,3.3438015e-05,3.34422825e-05,6.987439351257365e-08
20,42,13577,13580,3,3.354178e-05,3.356989666666667e-05,7.08721827580391e-08
20,43,13580,13583,3,3.385813e-05,3.3899299999999996e-05,9.141795921298116e-08
20,44,13583,13586,3,3.573705e-05,3.607913666666667e-05,1.3671073377106194e-06
20,45,13586,13589,3,5.237964e-05,5.384299333333333e-05,1.0376947243016877e-05
20,46,13589,13592,3,0.0005248981,0.0005244964,1.7465901236409214e-06
20,47,13592,13595,3,0.0005195748,0.0005199199,3.180769480277794e-06
20,48,13595,13598,3,0.0005214313,0.0005220309333333334,5.207392053823339e-06
20,49,13598,13601,3,0.0005428658,0.0005437050666666667,7.085387483797567e-06
20,50,13601,13605,4,0.00057521765,0.0005743613,7.124918852520349e-06
20,51,13605,13608,3,0.0005848295,0.0005848536,2.1871032592601458e-07
20,52,13608,13611,3,0.0005853116,0.0005852365666666667,4.5093968800962957e-07
20,53,13611,13614,3,0.0005835904,0.000583674,1.8384043806153105e-07
20,54,13614,13617,3,0.0005848783,0.0005850073333333333,6.696888348744605e-07
20,55,13617,13620,3,0.0005869446,0.0005866463,8.107357687105474e-07
20,56,13620,13623,3,0.0005846745,0.0005851610666666667,7.139309786122006e-07
20,57,13623,13626,3,0.0005873013,0.0005873511,5.431331758110963e-07
20,58,13626,13630,4,0.0005868485,0.00058696265,6.016749516973293e-07
20,59,13630,13633,3,0.0005867923,0.0005867529666666667,2.4214251083929744e-07
20,60,13633,13636,3,0.0005836437,0.0005836638666666666,6.283334801061079e-07
20,61,13636,13639,3,0.0005832053,0.0005830651,4.0180894298990935e-07
20,62,13639,13642,3,0.0005713739,0.0005682908666666667,1.014777262796565e-05
20,63,13642,13645,3,0.0004900122,0.00048346586666666663,4.1834117036483775e-05
20,64,13645,13648,3,0.0002644792,0.0002721396,6.715650395248401e-05
20,65,13648,13651,3,3.226996e-05,6.816096999999998e-05,5.078747373447971e-05
20,66,13651,13655,4,3.245576e-05,3.2441927500000004e-05,1.3509726965690444e-07
20,67,13655,13658,3,3.260373e-05,3.266627666666667e-05,1.0948223519010936e-07
20,68,13658,13661,3,3.281843e-05,3.281855333333334e-05,1.1582332330848342e-08
20,69,13661,13664,3,3.301275e-05,3.301828e-05,1.7359855990188094e-08
20,70,13664,13667,3,3.318895e-05,3.313092333333333e-05,8.340210002684924e-08
20,71,13667,13670,3,3.314915e-05,3.3200036666666665e-05,8.479627048926588e-08
20,72,13670,13673,3,3.328846e-05,3.329570333333333e-05,3.5444618146561053e-08
20,73,13673,13676,3,3.343538e-05,3.342375666666667e-05,2.2798661266739465e-08
20,74,13676,13679,3,3.356532e-05,3.352021e-05,1.0872824564022078e-07
20,75,13679,13683,4,3.3756365e-05,3.3806072499999996e-05,1.8595444568159635e-07
20,76,13683,13686,3,3.553567e-05,3.580422e-05,1.2515515395167188e-06
20,77,13686,13689,3,5.104931e-05,5.312915e-05,1.0376091559352522e-05
20,78,13689,13692,3,0.0006408976,0.0006408929666666666,4.099677494089933e-08
20,79,13692,13695,3,0.0006407182,0.00064084,2.2200118618302568e-07
20,80,13695,13698,3,0.000640436,0.0006405392333333333,2.301722012368516e-07
20,81,13698,13701,3,0.0006406128,0.0006405540666666666,1.253879668158681e-07
20,82,13701,13704,3,0.0006405942,0.0006406314666666667,1.0083069418032814e-07
20,83,13704,13708,4,0.00064079075,0.000640882025,2.4214993676439696e-07
20,84,13708,13711,3,0.0006405408,0.0006404685666666667,1.6367537655033271e-07
20,85,13711,13714,3,0.0006406731,0.0006406401,2.676054309364104e-07
20,86,13714,13717,3,0.0006402813,0.0006403165,1.0164569182541782e-07
20,87,13717,13720,3,0.0006406544,0.0006405498666666666,3.222092729198367e-07
20,88,13720,13723,3,0.0006402211,0.0006403479999999999,2.287083003886468e-07
20,89,13723,13726,3,0.0006404428,0.0006404554333333334,4.959679649151979e-08
20,90,13726,13729,3,0.0006403164,0.0006402355999999999,2.092187531428713e-07
20,91,13729,13733,4,0.00064054265,0.00064048845,2.8340503259469776e-07
20,92,13733,13736,3,0.0006404566,0.0006405069,2.7303598053490707e-07
20,93,13736,13739,3,0.0006406968,0.0006405763,2.0484564920935648e-07
20,94,13739,13742,3,0.000640296,0.0006402784666666668,1.2066361874602442e-07
20,95,13742,13745,3,0.0006402263,0.0006401927666666667,8.510140356590498e-08
20,96,13745,13748,3,0.000640163,0.0006402608,1.51361906260028e-07
20,97,13748,13751,3,0.0006401929,0.0006401441666666667,1.7505283646819062e-07
20,98,13751,13754,3,0.0006404044,0.0006404168666666667,9.552944863000921e-08
20,99,13754,13757,3,0.0006404115,0.0006402870666666667,1.9137948920636783e-07
21,0,14248,14251,3,3.354061e-05,3.355976e-05,8.409827941165246e-08
21,1,14245,14248,3,3.356781e-05,3.357489333333333e-05,1.203672805301587e-08
21,2,14242,14245,3,3.348542e-05,3.3497206666666664e-05,5.703217883109618e-08
21,3,14239,14242,3,3.344355e-05,3.346281333333333e-05,5.695016905642683e-08
21,4,14236,14239,3,3.346568e-05,3.344664e-05,7.95234611084466e-08
21,5,14233,14236,3,3.343175e-05,3.3419599999999994e-05,5.5258832778116015e-08
21,6,14230,14233,3,3.332694e-05,3.331219e-05,2.631151965711293e-08
21,7,14226,14230,4,3.3064705e-05,3.312012e-05,1.9740679788193485e-07
21,8,14223,14226,3,3.270424e-05,3.2749299999999995e-05,8.573273626023249e-08
21,9,14220,14223,3,3.274342e-05,3.267885e-05,9.208050065024627e-08
21,10,14217,14220,3,3.262288e-05,3.261953e-05,1.3232785043218282e-08
21,11,14214,14217,3,3.248207e-05,3.247432e-05,3.6603756637810485e-08
21,12,14211,14214,3,3.232959e-05,3.235901e-05,7.992201365497707e-08
21,13,14208,14211,3,3.227908e-05,3.2247519999999994e-05,1.0325330051222029e-07
21,14,14205,14208,3,3.214098e-05,3.212429333333333e-05,3.0487795736800376e-08
21,15,14201,14205,4,3.1886060000000004e-05,3.1847915e-05,7.711543311814983e-08
21,16,14198,14201,3,3.159821e-05,3.158731666666667e-05,1.9304937767891684e-08
21,17,14195,14198,3,0.0001982561,0.00020340703333333334,5.9080821814095376e-05
21,18,14192,14195,3,0.0004275515,0.00042340303333333337,5.624514267978071e-05
21,19,14189,14192,3,0.0005563662,0.0005536869666666667,2.018492124505045e-05
21,20,14186,14189,3,0.0005952618,0.0005943320333333333,4.500189665879499e-06
21,21,14183,14186,3,0.0006010187,0.0006009428666666666,3.022042171924354e-07
21,22,14180,14183,3,0.0006013981,0.0006013534333333333,1.3686475887612932e-07
21,23,14176,14180,4,0.00060140015,0.000601342525,2.2605706552771296e-07
21,24,14173,14176,3,0.0006016266,0.0006014180333333333,4.046837805277428e-07
21,25,14170,14173,3,0.0006012135,0.000601158,1.090042506816698e-07
21,26,14167,14170,3,0.0006007088,0.0006008468666666666,2.8520407118805024e-07
21,27,14164,14167,3,0.0005981664,0.0005987039333333334,1.2386965658393421e-06
21,28,14161,14164,3,0.0005968634,0.0004184604933333334,0.0002526357603195374
21,29,14158,14161,3,3.966995e-05,4.0966293333333325e-05,4.105538554313618e-06
21,30,14154,14158,4,3.4169585e-05,3.41954375e-05,6.166483919696452e-07
21,31,14151,14154,3,3.323278e-05,3.323391e-05,2.1696784708032167e-08
21,32,14148,14151,3,3.304135e-05,3.304503e-05,1.9646531500497657e-08
21,33,14145,14148,3,3.301368e-05,3.302326e-05,7.809829874373995e-08
21,34,14142,14145,3,3.298303e-05,3.3000686666666665e-05,3.002650421803178e-08
21,35,14139,14142,3,3.290371e-05,3.29042e-05,4.592515723072146e-08
21,36,14136,14139,3,3.282674e-05,3.2830793333333335e-05,5.4307387670147387e-08
21,37,14133,14136,3,3.283081e-05,3.279438666666667e-05,8.937254848230685e-08
21,38,14129,14133,4,3.272474e-05,3.26976025e-05,7.533344190165334e-08
21,39,14126,14129,3,3.261321e-05,3.2613396666666664e-05,2.2649999754720912e-08
21,40,14123,14126,3,3.245564e-05,3.245803e-05,3.1231843792299654e-08
21,41,14120,14123,3,3.228198e-05,3.231579666666666e-05,7.51801934613677e-08
21,42,14117,14120,3,3.219327e-05,3.2172566666666664e-05,1.1159559738428718e-07
21,43,14114,14117,3,3.204428e-05,3.199672666666666e-05,7.555028891774978e-08
21,44,14111,14114,3,3.174949e-05,5.748380333333333e-05,3.640291577780763e-05
21,45,14108,14111,3,0.0002339103,0.00023309020000000002,6.488047095148636e-05
21,46,14104,14108,4,0.00046993525,0.000463712025,5.254028838716892e-05
21,47,14101,14104,3,0.0005714807,0.0005714536,1.101867884730288e-05
21,48,14098,14101,3,0.0005938424,0.0005937811666666667,1.9080314818041053e-06
21,49,14095,14098,3,0.0005983242,0.0005980877666666666,6.560370128447342e-07
21,50,14092,14095,3,0.0005987544,0.0005987504333333333,8.794059863845736e-08
21,51,14089,14092,3,0.0005967831,0.0005970708666666667,1.134105475204516e-06
21,52,14086,14089,3,0.0005909967,0.0005905444333333333,2.558552957348267e-06
21,53,14082,14086,4,0.00057311825,0.00057292495,7.219596938368506e-06
21,54,14079,14082,3,0.0005379769,0.0005384762666666667,1.2252578648413388e-05
21,55,14076,14079,3,0.0005155511,0.0005140977333333332,2.127617246801915e-06
21,56,14073,14076,3,0.0005339781,0.0005312707,5.335656858032253e-06
21,57,14070,14073,3,0.0005385583,0.0005385855666666667,1.6792080143793348e-07
21,58,14067,14070,3,0.0005366237,0.0005362697333333333,1.4930677286118788e-06
21,59,14064,14067,3,0.0005377073,0.0005380122,2.4187418644135038e-06
21,60,14061,14064,3,0.0005580069,0.0005592124666666667,7.161013803614395e-06
21,61,14057,14061,4,0.000579169,0.00057838195,1.8196952031865346e-06
21,62,14054,14057,3,0.0005821029,0.0005818069,7.301355536245772e-07
21,63,14051,14054,3,0.0005818752,0.0005819405333333333,1.647645255778574e-07
21,64,14048,14051,3,5.142202e-05,5.563642e-05,1.3174843916517568e-05
21,65,14045,14048,3,3.595962e-05,3.628017e-05,1.184390420455464e-06
21,66,14042,14045,3,3.386065e-05,3.397530666666666e-05,3.5864246730630786e-07
21,67,14039,14042,3,3.351211e-05,3.348161e-05,6.567926055206896e-08
21,68,14036,14039,3,3.333733e-05,3.332700333333333e-05,4.4941118020012864e-08
21,69,14032,14036,4,3.325456e-05,3.324038e-05,3.971624667563715e-08
21,70,14029,14032,3,3.31188e-05,3.3129740000000005e-05,6.439799531041227e-08
21,71,14026,14029,3,3.306551e-05,3.3056683333333335e-05,9.162777647756185e-08
21,72,14023,14026,3,3.298962e-05,3.29591e-05,6.207222245095024e-08
21,73,14020,14023,3,3.281532e-05,3.280905333333333e-05,2.030576655917117e-08
21,74,14017,14020,3,3.257097e-05,3.262258666666667e-05,8.43424599804595e-08
21,75,14014,14017,3,3.249209e-05,3.2449433333333335e-05,1.262569270266853e-07
21,76,14010,14014,4,3.2269925e-05,5.764946749999999e-05,4.4037619442216324e-05
21,77,14007,14010,3,0.0002631808,0.0002707385666666667,6.265915407006031e-05
21,78,14004,14007,3,0.0004794205,0.00047850623333333336,4.0589111328477674e-05
21,79,14001,14004,3,0.0005687363,0.0005674861666666668,1.1027165517131872e-05
21,80,13998,14001,3,0.0005901204,0.0005889908,2.0501468841686907e-06
21,81,13995,13998,3,0.0005895229,0.0005892619333333334,9.973825422352157e-07
21,82,13992,13995,3,0.0005816379,0.0005816040666666665,3.394954603852965e-06
21,83,13989,13992,3,0.000564486,0.0005652592333333334,5.171565208801745e-06
21,84,13985,13989,4,0.00056347135,0.0005657327999999999,8.499121979063495e-06
21,85,13982,13985,3,0.0006047692,0.0006037708333333333,9.353397034351854e-06
21,86,13979,13982,3,0.0006295954,0.0006289519666666666,5.024988142164027e-06
21,87,13976,13979,3,0.0006396067,0.0006390594666666667,1.0488453471423647e-06
21,88,13973,13976,3,0.0006400553,0.0006401163666666667,3.1398690347776047e-07
21,89,13970,13973,3,0.0006398422,0.0006400181,3.3855726251255616e-07
21,90,13967,13970,3,0.0006400687,0.0006400725,1.671067523072847e-08
21,91,13964,13967,3,0.0006400635,0.0006400338666666666,3.415714696646615e-07
21,92,13960,13964,4,0.0006400480500000001,0.0006400320749999999,7.228317145089545e-08
21,93,13957,13960,3,0.000639923,0.0006398798666666667,1.9815718227936686e-07
21,94,13954,13957,3,0.0006398861,0.0006399477333333333,1.572524580270693e-07
21,95,13951,13954,3,0.0006399991,0.0006400630666666666,1.9010983375113296e-07
21,96,13948,13951,3,0.0006401052,0.0006401270333333334,8.65085095364645e-08
21,97,13945,13948,3,0.0006400951,0.0006401321666666666,1.1115677617168687e-07
21,98,13942,13945,3,0.0006402872,0.0006403205666666666,1.7263507432987903e-07
21,99,13938,13942,4,0.0006398714,0.0006398821,1.8859171508842354e-07
22,0,14432,14436,4,3.3965365e-05,3.3970905000000004e-05,5.4771548499196807e-08
22,1,14436,14439,3,3.393065e-05,3.396163999999999e-05,6.629835744571722e-08
22,2,14439,14442,3,3.392583e-05,3.3884583333333334e-05,1.250099196952879e-07
22,3,14442,14445,3,3.364168e-05,3.363674e-05,9.269737572696634e-08
22,4,14445,14448,3,3.358644e-05,3.3580033333333334e-05,5.571441544958478e-08
22,5,14448,14451,3,3.353068e-05,3.3559630000000005e-05,6.166037139038258e-08
22,6,14451,14454,3,3.355786e-05,3.354589333333334e-05,3.8683448082554386e-08
22,7,14454,14457,3,3.361117e-05,3.359627e-05,5.466067202904426e-08
22,8,14457,14461,4,3.3580224999999996e-05,3.35884525e-05,5.5345277294003147e-08
22,9,14461,14464,3,3.360482e-05,3.3592643333333335e-05,5.905546225559798e-08
22,10,14464,14467,3,3.359395e-05,3.359219666666667e-05,7.16093184501089e-08
22,11,14467,14470,3,3.355841e-05,3.358122e-05,4.068437128267482e-08
22,12,14470,14473,3,3.366088e-05,3.364470333333333e-05,4.83258966692701e-08
22,13,14473,14476,3,3.369175e-05,3.36541e-05,6.263311743798077e-08
22,14,14476,14479,3,3.360034e-05,3.365991e-05,8.921862398998647e-08
22,15,14479,14482,3,3.381006e-05,3.3817736666666665e-05,1.16212630791813e-08
22,16,14482,14486,4,3.4765959999999996e-05,3.5100260000000004e-05,1.0232125689464535e-06
22,17,14486,14489,3,4.674137e-05,5.048729333333333e-05,1.0309367791467889e-05
22,18,14489,14492,3,0.0005980475,0.0005981347333333334,2.3919941936014367e-07
22,19,14492,14495,3,0.0005967288,0.0005967381333333334,5.608903299417972e-07
22,20,14495,14498,3,0.0005958871,0.0005956358666666666,3.970165095923562e-07
22,21,14498,14501,3,0.0005958673,0.0005956516000000001,3.1728581226818255e-07
22,22,14501,14504,3,0.0005966,0.0005964429333333333,2.2787736955553472e-07
22,23,14504,14507,3,0.0005953257,0.0005953165666666666,5.8248738660640346e-08
22,24,14507,14510,3,0.0005948875,0.0005948782333333333,1.4466836404531508e-07
22,25,14510,14514,4,0.00059485995,0.00059402005,1.894440131674818e-06
22,26,14514,14517,3,0.0005750914,0.0005746405,9.337388595319364e-06
22,27,14517,14520,3,0.000496875,0.0004942310666666667,3.579646204578821e-05
22,28,14520,14523,3,0.0002819645,0.00028556020000000004,6.0243722928174564e-05
22,29,14523,14526,3,0.0001060766,9.370482333333332e-05,4.625252064966573e-05
22,30,14526,14529,3,3.196188e-05,3.1972273333333335e-05,2.1541526305152066e-08
22,31,14529,14532,3,3.222135e-05,3.2231946666666664e-05,1.5928449042165088e-08
22,32,14532,14535,3,3.245531e-05,3.2408193333333337e-05,1.0223380338985607e-07
22,33,14535,14539,4,3.254121e-05,3.2559169999999996e-05,1.0257824330724208e-07
22,34,14539,14542,3,3.267462e-05,3.267269333333334e-05,3.9721433620768045e-08
22,35,14542,14545,3,3.282285e-05,3.2818086666666665e-05,3.161910849822002e-08
22,36,14545,14548,3,3.294149e-05,3.2926603333333336e-05,5.552442425535909e-08
22,37,14548,14551,3,3.297337e-05,3.298060333333334e-05,8.312172974352457e-08
22,38,14551,14554,3,3.30242e-05,3.302748666666667e-05,2.0795796583820017e-08
22,39,14554,14557,3,3.314966e-05,3.314029e-05,3.8697723447252416e-08
22,40,14557,14560,3,3.324346e-05,3.3197886666666664e-05,7.809965187004525e-08
22,41,14560,14564,4,3.326779e-05,3.3263179999999995e-05,8.825489986397318e-08
22,42,14564,14567,3,3.334204e-05,3.340827e-05,1.0450802297750557e-07
22,43,14567,14570,3,3.376558e-05,3.3831333333333336e-05,1.7090473376189136e-07
22,44,14570,14573,3,3.641446e-05,3.688969e-05,1.936908768235271e-06
22,45,14573,14576,3,6.058638e-05,6.290738333333334e-05,1.5711327068796223e-05
22,46,14576,14579,3,0.0005414395,0.0005403827000000001,4.819924682675702e-06
22,47,14579,14582,3,0.0005504551,0.0005496260333333333,1.9440280627832623e-06
22,48,14582,14585,3,0.0005516321,0.0005513477,5.689204748175855e-07
22,49,14585,14588,3,0.0005478558,0.0005486268000000001,1.734378466963488e-06
22,50,14588,14592,4,0.0005642472,0.000563243875,3.9313301631731236e-06
22,51,14592,14595,3,0.0005706534,0.0005710743666666666,8.358982886026707e-07
22,52,14595,14598,3,0.0005744083,0.0005744955666666667,5.663460975607025e-07
22,53,14598,14601,3,0.0005751938,0.0005759110666666667,1.6060156274319171e-06
22,54,14601,14604,3,0.0005812768,0.0005809777,1.2339820933330785e-06
22,55,14604,14607,3,0.0005858406,0.0005854235,8.059004942712637e-07
22,56,14607,14610,3,0.0005875679,0.0005873820333333334,5.109285033696465e-07
22,57,14610,14613,3,0.0005879674,0.0005879669333333334,1.0048327666250631e-08
22,58,14613,14617,4,0.00058934765,0.0005892498,3.5259125769085486e-07
22,59,14617,14620,3,0.0005891749,0.0005890282666666667,6.177476417509598e-07
22,60,14620,14623,3,0.0005885592,0.0005885456666666666,5.456669334147296e-07
22,61,14623,14626,3,0.0005897899,0.0005890576333333333,1.2068285885834394e-06
22,62,14626,14629,3,0.0005758328,0.0005737926333333333,9.293702736202048e-06
22,63,14629,14632,3,0.0005070606,0.0005001987333333333,3.626934029887443e-05
22,64,14632,14635,3,0.0002986472,0.000300751,6.950916924205036e-05
22,65,14635,14638,3,0.0001057293,9.876619333333332e-05,5.17814816418388e-05
22,66,14638,14642,4,3.2250105e-05,3.22982675e-05,1.1476553737402948e-07
22,67,14642,14645,3,3.252011e-05,3.2513836666666665e-05,8.99941232649258e-09
22,68,14645,14648,3,3.273827e-05,3.274189666666667e-05,1.2720904929375972e-08
22,69,14648,14651,3,3.293654e-05,3.286818333333333e-05,9.862185908250246e-08
22,70,14651,14654,3,3.292556e-05,3.297541e-05,9.332671678928204e-08
22,71,14654,14657,3,3.305976e-05,3.307105666666667e-05,1.7590888424283183e-08
22,72,14657,14660,3,3.322513e-05,3.321016333333333e-05,3.837736514607892e-08
22,73,14660,14663,3,3.33346e-05,3.329936333333334e-05,7.015849976224555e-08
22,74,14663,14666,3,3.334957e-05,3.339776e-05,1.0849513383864948e-07
22,75,14666,14670,4,3.364131e-05,3.37186425e-05,1.9393372648600806e-07
22,76,14670,14673,3,3.561537e-05,3.5985503333333334e-05,1.4323265696838215e-06
22,77,14673,14676,3,5.417374e-05,5.61126e-05,1.1696044443061366e-05
22,78,14676,14679,3,0.0006401807,0.0006401296999999999,7.29750642342924e-08
22,79,14679,14682,3,0.0006402074,0.0006402739,1.6887571366740802e-07
22,80,14682,14685,3,0.000640049,0.0006401893,2.6529843572855423e-07
22,81,14685,14688,3,0.0006398386,0.0006398930666666668,1.594474068636927e-07
22,82,14688,14691,3,0.0006399927,0.0006399940666666666,1.3705235820257574e-07
22,83,14691,14695,4,0.0006401383,0.0006401567,8.658227301244123e-08
22,84,14695,14698,3,0.0006397262,0.0006397499666666666,1.7110765292324421e-07
22,85,14698,14701,3,0.0006403928,0.0006403085333333332,1.324680171043599e-07
22,86,14701,14704,3,0.0006403026,0.0006400768666666667,3.4428051869886294e-07
22,87,14704,14707,3,0.0006399757,0.0006398977666666667,2.2565342649488832e-07
22,88,14707,14710,3,0.0006401027,0.0006400618000000001,8.121703433803768e-08
22,89,14710,14713,3,0.000639933,0.000639874,1.4893121454776303e-07
22,90,14713,14716,3,0.0006401953,0.0006401406333333333,3.463985116724524e-07
22,91,14716,14720,4,0.0006398090500000001,0.00063983455,2.454185251768667e-07
22,92,14720,14723,3,0.0006400484,0.0006400186999999999,1.7148949433323758e-07
22,93,14723,14726,3,0.0006401433,0.0006401910333333333,2.0431853127460552e-07
22,94,14726,14729,3,0.0006397555,0.0006397965,1.1011133759367662e-07
22,95,14729,14732,3,0.0006397245,0.0006397826666666666,1.1562595825426701e-07
22,96,14732,14735,3,0.0006401285,0.0006401320666666666,1.2433718492697014e-07
22,97,14735,14738,3,0.0006402039,0.0006401111333333334,1.7928220460736897e-07
22,98,14738,14741,3,0.0006399342,0.0006400159,3.2110132357246295e-07
22,99,14741,14744,3,0.0006398995,0.0006399604666666668,1.343550602777012e-07
23,0,15235,15238,3,3.371239e-05,3.369063333333333e-05,7.18403667090382e-08
23,1,15232,15235,3,3.370003e-05,3.369787666666667e-05,3.322549355874339e-08
23,2,15229,15232,3,3.358904e-05,3.361263333333334e-05,6.133692815551986e-08
23,3,15226,15229,3,3.357323e-05,3.357372333333334e-05,4.4671889993098094e-08
23,4,15223,15226,3,3.361512e-05,3.357314666666667e-05,9.204471606537542e-08
23,5,15220,15223,3,3.352606e-05,3.3545743333333334e-05,4.6628819652893325e-08
23,6,15217,15220,3,3.347728e-05,3.345812e-05,2.8450410659017347e-08
23,7,15213,15217,4,3.3081875000000004e-05,3.316562e-05,2.433306153158686e-07
23,8,15210,15213,3,3.271909e-05,3.276944666666667e-05,8.731701412414164e-08
23,9,15207,15210,3,3.275352e-05,3.2708353333333335e-05,8.10695521690392e-08
23,10,15204,15207,3,3.266058e-05,3.264526333333333e-05,2.8770890767502702e-08
23,11,15201,15204,3,3.249022e-05,3.250024666666666e-05,2.2807937702086444e-08
23,12,15198,15201,3,3.236215e-05,3.241693000000001e-05,8.888463196751142e-08
23,13,15195,15198,3,3.238464e-05,3.2320696666666666e-05,9.317942774859233e-08
23,14,15192,15195,3,3.218519e-05,3.2179243333333326e-05,1.0184031072657565e-08
23,15,15188,15192,4,3.192557e-05,3.19463475e-05,4.321599089168355e-08
23,16,15185,15188,3,3.161511e-05,3.164946e-05,4.964979422582316e-08
23,17,15182,15185,3,0.0001725762,0.0001783506666666667,5.723926384905926e-05
23,18,15179,15182,3,0.0003988051,0.0003929891333333333,6.170866588858399e-05
23,19,15176,15179,3,0.0005475303,0.000541733,2.701137176314205e-05
23,20,15173,15176,3,0.0005943184,0.0005924718333333332,5.344542909256947e-06
23,21,15170,15173,3,0.00060103,0.0006008735666666666,4.12693464396477e-07
23,22,15167,15170,3,0.0006014141,0.0006014558,7.929350540871081e-08
23,23,15163,15167,4,0.0006016221,0.000601596375,1.8041883736184929e-07
23,24,15160,15163,3,0.000601066,0.0006010510666666667,5.9407145099654704e-08
23,25,15157,15160,3,0.0006006942,0.0006008001,2.0722665529960503e-07
23,26,15154,15157,3,0.0006007459,0.0006008207,2.1751144031217585e-07
23,27,15151,15154,3,0.0006006947,0.0006004049333333334,5.482795292751709e-07
23,28,15148,15151,3,7.905128e-05,0.00024576115,0.0002499208401132912
23,29,15145,15148,3,3.904041e-05,4.038122666666667e-05,3.6209140651529153e-06
23,30,15141,15145,4,3.4153965e-05,3.43032475e-05,6.479887074778015e-07
23,31,15138,15141,3,3.323612e-05,3.330611e-05,1.2349623664981408e-07
23,32,15135,15138,3,3.326209e-05,3.3218343333333334e-05,6.701554164686215e-08
23,33,15132,15135,3,3.317609e-05,3.3152580000000004e-05,4.78128232450938e-08
23,34,15129,15132,3,3.306574e-05,3.306352666666667e-05,2.8791413457641924e-08
23,35,15126,15129,3,3.300218e-05,3.301767e-05,8.16487358546761e-08
23,36,15123,15126,3,3.299112e-05,3.299955666666667e-05,2.0980407262225744e-08
23,37,15120,15123,3,3.289909e-05,3.2883073333333326e-05,4.5992856208570535e-08
23,38,15116,15120,4,3.2779154999999996e-05,3.27911875e-05,6.906358677878047e-08
23,39,15113,15116,3,3.262619e-05,3.266374333333333e-05,8.627854593633778e-08
23,40,15110,15113,3,3.263786e-05,3.25785e-05,9.840693505371695e-08
23,41,15107,15110,3,3.245532e-05,3.2453299999999996e-05,1.0103557129381206e-08
23,42,15104,15107,3,3.223895e-05,3.2240710000000005e-05,5.705880008085249e-09
23,43,15101,15104,3,3.199901e-05,3.205353e-05,1.185175947556596e-07
23,44,15098,15101,3,3.195042e-05,5.828482666666666e-05,3.72873570616899e-05
23,45,15095,15098,3,0.0002301639,0.00023355606666666668,6.453993848330574e-05
23,46,15091,15095,4,0.00047821284999999996,0.00046990907500000004,5.1551362210147985e-05
23,47,15088,15091,3,0.0005741963,0.0005741856666666667,9.64156198283708e-06
23,48,15085,15088,3,0.0005950186,0.0005948946333333334,1.3744714871138083e-06
23,49,15082,15085,3,0.0005961605,0.0005961879333333333,7.55678208998964e-08
23,50,15079,15082,3,0.0005965677,0.0005966264333333334,1.3311952857824303e-07
23,51,15076,15079,3,0.0005964757,0.0005965244999999999,1.471532534468807e-07
23,52,15073,15076,3,0.0005948085,0.0005947305333333332,7.482707635312018e-07
23,53,15069,15073,4,0.0005886611,0.0005884308,2.936633476448832e-06
23,54,15066,15069,3,0.0005768475,0.0005759930999999999,4.484501370275205e-06
23,55,15063,15066,3,0.0005567955,0.0005577755333333333,3.876986065088311e-06
23,56,15060,15063,3,0.000551354,0.0005508655333333333,9.744761886378513e-07
23,57,15057,15060,3,0.0005573858,0.0005562611666666666,1.6829446422532454e-06
23,58,15054,15057,3,0.000556848,0.0005558633333333333,1.4337366874321222e-06
23,59,15051,15054,3,0.0005449387,0.0005461144666666667,2.9575259100959263e-06
23,60,15048,15051,3,0.0005381277,0.000538081,3.4195476309009983e-07
23,61,15044,15048,4,0.00053662435,0.0005365647,1.97623722133759e-06
23,62,15041,15044,3,0.0005424311,0.0005421258333333334,2.12855710961415e-06
23,63,15038,15041,3,0.0005434912,0.0005454062666666666,3.413331609374573e-06
23,64,15035,15038,3,6.134372e-05,0.00022171968666666667,0.0002372996084323806
23,65,15032,15035,3,3.697347e-05,3.734493e-05,1.6623587360133816e-06
23,66,15029,15032,3,3.405087e-05,3.4104966666666666e-05,3.273025004826912e-07
23,67,15026,15029,3,3.327473e-05,3.336312e-05,1.296900785205527e-07
23,68,15023,15026,3,3.330436e-05,3.324686e-05,8.49920608057002e-08
23,69,15019,15023,4,3.3149374999999996e-05,3.312937e-05,7.088909542376718e-08
23,70,15016,15019,3,3.306229e-05,3.304852333333333e-05,3.1538002825515036e-08
23,71,15013,15016,3,3.290442e-05,3.2903743333333336e-05,1.8569215264934967e-08
23,72,15010,15013,3,3.272972e-05,3.278961666666666e-05,9.940700523046074e-08
23,73,15007,15010,3,3.274635e-05,3.269297666666667e-05,8.083537605666203e-08
23,74,15004,15007,3,3.25183e-05,3.251236e-05,1.1612932446201216e-08
23,75,15001,15004,3,3.224404e-05,3.227722e-05,5.1675373889955674e-08
23,76,14997,15001,4,3.212587e-05,5.69112575e-05,4.3060815163620264e-05
23,77,14994,14997,3,0.000263841,0.00026947073333333336,6.299255428177384e-05
23,78,14991,14994,3,0.0004806998,0.0004798327,3.9008084928725575e-05
23,79,14988,14991,3,0.0005710816,0.0005700036666666667,1.0950059891870699e-05
23,80,14985,14988,3,0.0005906826,0.0005901020666666667,1.528619371270115e-06
23,81,14982,14985,3,0.0005859596,0.0005860149666666667,2.573772525992818e-06
23,82,14979,14982,3,0.000579177,0.0005791522666666666,1.6817472983642716e-06
23,83,14976,14979,3,0.0005676838,0.0005682781666666667,3.774010837586786e-06
23,84,14972,14976,4,0.0005686889,0.0005699278000000001,6.753476101608719e-06
23,85,14969,14972,3,0.0006039568,0.0006039031666666667,8.633595667442871e-06
23,86,14966,14969,3,0.000627419,0.0006271981,5.222321612080196e-06
23,87,14963,14966,3,0.0006390229,0.0006385462666666666,1.6190225041329456e-06
23,88,14960,14963,3,0.0006397297,0.0006397197333333334,2.6288390762631233e-07
23,89,14957,14960,3,0.0006396043,0.0006396152666666667,1.580599534635269e-07
23,90,14954,14957,3,0.0006398861,0.0006398107666666667,1.8524870369916328e-07
23,91,14951,14954,3,0.0006395921,0.0006394720333333334,2.204731931298601e-07
23,92,14947,14951,4,0.0006397625,0.0006397571,2.7688529213375323e-07
23,93,14944,14947,3,0.0006398462,0.0006397999999999999,1.0119328040931756e-07
23,94,14941,14944,3,0.0006395786,0.0006395048333333334,2.2840849857701586e-07
23,95,14938,14941,3,0.0006399617,0.0006398889999999999,1.1242173573944207e-07
23,96,14935,14938,3,0.000640026,0.0006400668333333333,7.44532217048094e-08
23,97,14932,14935,3,0.0006397087,0.0006396860333333334,1.9474192038582855e-07
23,98,14929,14932,3,0.0006399793,0.0006398878666666667,1.6697533417312127e-07
23,99,14925,14929,4,0.00063966795,0.000639647875,5.441150498744126e-08
24,0,15419,15423,4,3.4222244999999995e-05,3.4212485e-05,6.626372857755688e-08
24,1,15423,15426,3,3.419891e-05,3.419959e-05,6.421109146141776e-08
24,2,15426,15429,3,3.420292e-05,3.411660333333333e-05,1.8413196433234764e-07
24,3,15429,15432,3,3.377124e-05,3.373965666666667e-05,4.8671836026824926e-08
24,4,15432,15435,3,3.363401e-05,3.3639523333333335e-05,6.481653715595216e-08
24,5,15435,15438,3,3.365205e-05,3.362398666666667e-05,4.49776406179281e-08
24,6,15438,15441,3,3.36649e-05,3.3660046666666665e-05,5.65567899450548e-08
24,7,15441,15444,3,3.370015e-05,3.370543e-05,3.31402846497521e-08
24,8,15444,15448,4,3.367837e-05,3.368238e-05,5.926959043219433e-08
24,9,15448,15451,3,3.365769e-05,3.3690376666666666e-05,6.339612834305239e-08
24,10,15451,15454,3,3.364291e-05,3.366790333333333e-05,3.8833169098364466e-08
24,11,15454,15457,3,3.375423e-05,3.373877e-05,4.2523464894887144e-08
24,12,15457,15460,3,3.377838e-05,3.37277e-05,7.677643909429556e-08
24,13,15460,15463,3,3.372641e-05,3.3708493333333335e-05,4.598081798122031e-08
24,14,15463,15466,3,3.378783e-05,3.378222333333333e-05,3.3304914885878175e-08
24,15,15466,15469,3,3.400544e-05,3.395291e-05,8.860672021165713e-08
24,16,15469,15473,4,3.4634335e-05,3.48730125e-05,8.346345249980668e-07
24,17,15473,15476,3,4.381053e-05,4.692329666666667e-05,8.10010463468357e-06
24,18,15476,15479,3,0.0005994525,0.00042648531999999996,0.00024500274613966435
24,19,15479,15482,3,0.0005992564,0.0005993177333333332,2.6896262854819723e-07
24,20,15482,15485,3,0.0005997654,0.0005997925333333334,1.6328732004933498e-07
24,21,15485,15488,3,0.0005996512,0.0005997878333333334,1.9407785951922311e-07
24,22,15488,15491,3,0.0005996617,0.0005996407666666667,1.5632660966351416e-07
24,23,15491,15494,3,0.0005997649,0.0005996914666666666,2.4843556285061956e-07
24,24,15494,15497,3,0.0005994862,0.0005994703666666667,2.108311225180544e-07
24,25,15497,15501,4,0.00059846685,0.000597518725,2.457441972229443e-06
24,26,15501,15504,3,0.0005732084,0.0005720881,1.2861908284802302e-05
24,27,15504,15507,3,0.0004793764,0.00047718859999999996,4.333762000325658e-05
24,28,15507,15510,3,0.0002522581,0.00025902216666666666,5.918765133422868e-05
24,29,15510,15513,3,3.192401e-05,6.387587666666666e-05,4.5188382467336544e-05
24,30,15513,15516,3,3.224999e-05,3.222277e-05,4.6802840369648494e-08
24,31,15516,15519,3,3.243886e-05,3.2405770000000005e-05,1.2044569481720756e-07
24,32,15519,15522,3,3.253179e-05,3.257595666666667e-05,9.17882524557952e-08
24,33,15522,15526,4,3.2742154999999997e-05,3.27675625e-05,7.360424015469435e-08
24,34,15526,15529,3,3.290248e-05,3.289920666666666e-05,3.4737477679814944e-08
24,35,15529,15532,3,3.305804e-05,3.306310666666667e-05,1.9422971508559394e-08
24,36,15532,15535,3,3.313185e-05,3.311686333333333e-05,9.110258881551293e-08
24,37,15535,15538,3,3.317697e-05,3.3169350000000005e-05,4.430536385886793e-08
24,38,15538,15541,3,3.329538e-05,3.328671e-05,3.715768112606875e-08
24,39,15541,15544,3,3.338233e-05,3.336282e-05,6.097712740582873e-08
24,40,15544,15547,3,3.335428e-05,3.3392886666666665e-05,8.187660485280388e-08
24,41,15547,15551,4,3.3455084999999996e-05,3.34926125e-05,8.544129369777769e-08
24,42,15551,15554,3,3.36557e-05,3.3676e-05,3.190692192404011e-08
24,43,15554,15557,3,3.428823e-05,3.441613999999999e-05,3.767787744375567e-07
24,44,15557,15560,3,3.899102e-05,3.9785823333333334e-05,3.3524707831919365e-06
24,45,15560,15563,3,7.589773e-05,0.00023443663000000003,0.00023952595016372917
24,46,15563,15566,3,0.0005675851,0.0005682039333333335,1.0444821438822808e-06
24,47,15566,15569,3,0.0005638317,0.0005636109333333333,2.2825940423610365e-06
24,48,15569,15572,3,0.0005456713,0.000545327,9.067972969743578e-06
24,49,15572,15575,3,0.0004984707,0.000500151,1.2870404940275432e-05
24,50,15575,15579,4,0.00045352035,0.00045577092499999997,9.003616626216115e-06
24,51,15579,15582,3,0.000441542,0.00044323109999999997,4.471564089517974e-06
24,52,15582,15585,3,0.000430969,0.00043141203333333327,3.1782986248760318e-06
24,53,15585,15588,3,0.0004743674,0.00047486766666666666,2.365042785100419e-05
24,54,15588,15591,3,0.0005395805,0.0005387570666666666,1.0786092704445333e-05
24,55,15591,15594,3,0.0005720275,0.0005710486,6.529938484141053e-06
24,56,15594,15597,3,0.000586328,0.0005853252,1.429005745264882e-06
24,57,15597,15600,3,0.000584961,0.0005850469333333333,9.74018057099303e-07
24,58,15600,15604,4,0.00058590765,0.000586177025,1.8459294493222064e-06
24,59,15604,15607,3,0.0005913167,0.0005912067666666666,4.848210758162108e-07
24,60,15607,15610,3,0.0005900586,0.0005901695,4.802986779078113e-07
24,61,15610,15613,3,0.0005897107,0.0005894544333333333,5.787646000078259e-07
24,62,15613,15616,3,0.0005806292,0.0005787165333333333,7.82669119459531e-06
24,63,15616,15619,3,0.0005117015,0.0005049545666666667,3.71088396741561e-05
24,64,15619,15622,3,0.0002958501,0.00029776393333333335,6.889086266950712e-05
24,65,15622,15625,3,0.0001052735,9.742661333333334e-05,5.0413955341264606e-05
24,66,15625,15629,4,3.24569e-05,3.24353425e-05,3.890504297324398e-08
24,67,15629,15632,3,3.271256e-05,3.270835333333333e-05,2.9089123205914083e-08
24,68,15632,15635,3,3.289549e-05,3.285534666666666e-05,1.1080950510774197e-07
24,69,15635,15638,3,3.294418e-05,3.296524333333333e-05,5.392478486022981e-08
24,70,15638,15641,3,3.313282e-05,3.3123893333333334e-05,2.994424300076545e-08
24,71,15641,15644,3,3.326264e-05,3.324338666666666e-05,5.769798975893515e-08
24,72,15644,15647,3,3.329447e-05,3.331134666666667e-05,8.431515100436409e-08
24,73,15647,15650,3,3.337788e-05,3.3367063333333336e-05,2.5415866872661985e-08
24,74,15650,15653,3,3.353402e-05,3.353716333333334e-05,6.174324974349313e-09
24,75,15653,15657,4,3.384765e-05,3.383614e-05,1.6389211756518165e-07
24,76,15657,15660,3,3.599786e-05,3.630607333333333e-05,1.6045155327457018e-06
24,77,15660,15663,3,5.513107e-05,5.707857333333333e-05,1.2346212232935612e-05
24,78,15663,15666,3,0.0006401783,0.0006401010333333333,1.7467654552217862e-07
24,79,15666,15669,3,0.0006398608,0.0006398045000000001,2.5150810457448163e-07
24,80,15669,15672,3,0.0006399528,0.0006399909,6.79868124467299e-08
24,81,15672,15675,3,0.0006398931,0.0006398428,7.541737200408948e-08
24,82,15675,15678,3,0.0006399102,0.0006399439666666665,2.8388112926991683e-07
24,83,15678,15682,4,0.00063990935,0.000639806925,3.081224543505505e-07
24,84,15682,15685,3,0.0006398498,0.0006398201000000001,2.2385005397959013e-07
24,85,15685,15688,3,0.0006400764,0.0006401012333333334,1.8182637016916338e-07
24,86,15688,15691,3,0.0006396431,0.0006397172666666667,1.218089852551574e-07
24,87,15691,15694,3,0.0006396044,0.0006395469666666667,2.523614383291459e-07
24,88,15694,15697,3,0.0006398148,0.000639781,1.184602324270704e-07
24,89,15697,15700,3,0.0006394768,0.0006396942333333333,3.554105075667923e-07
24,90,15700,15703,3,0.0006398276,0.0006398625,3.2732610650544914e-07
24,91,15703,15707,4,0.00063957955,0.000639502375,2.2939598269148698e-07
24,92,15707,15710,3,0.0006397241,0.0006397331666666667,1.9647205625453844e-07
24,93,15710,15713,3,0.0006400518,0.0006398419333333333,3.856846841080851e-07
24,94,15713,15716,3,0.0006396589,0.0006396940999999999,1.4471682694145871e-07
24,95,15716,15719,3,0.000639649,0.0006397112999999999,1.1775689647180722e-07
24,96,15719,15722,3,0.0006396612,0.0006397041666666666,2.3868473395301083e-07
24,97,15722,15725,3,0.0006393379,0.0006394191,1.7649256830434461e-07
24,98,15725,15728,3,0.0006395822,0.0006396280666666667,7.594130774632489e-08
24,99,15728,15731,3,0.0006392712,0.0006393634666666667,3.201708536946352e-07
25,0,16239,16242,3,3.399879e-05,3.4042396666666667e-05,7.845867546393812e-08
25,1,16236,16239,3,3.408355e-05,3.405638000000001e-05,6.073481099556238e-08
25,2,16233,16236,3,3.405141e-05,3.4042956666666665e-05,5.392713437799456e-08
25,3,16229,16233,4,3.3979145e-05,3.3987305e-05,4.444436662840463e-08
25,4,16226,16229,3,3.396755e-05,3.3942323333333335e-05,3.808370284284624e-08
25,5,16223,16226,3,3.38998e-05,3.393074666666667e-05,7.496943614270918e-08
25,6,16220,16223,3,3.395057e-05,3.394182333333334e-05,2.4599237567227088e-08
25,7,16216,16220,4,3.385181e-05,3.3850385e-05,6.523763580173593e-08
25,8,16213,16216,3,3.379218e-05,3.379583666666667e-05,4.1831540200613195e-08
25,9,16210,16213,3,3.375513e-05,3.374541e-05,9.563043866886749e-08
25,10,16207,16210,3,3.370182e-05,3.372037e-05,8.309561520722199e-08
25,11,16203,16207,4,3.367011e-05,3.3605845000000006e-05,1.6996670990226294e-07
25,12,16200,16203,3,3.312495e-05,3.310574666666667e-05,4.5818482685000926e-08
25,13,16197,16200,3,3.291464e-05,3.290651e-05,4.127207045933274e-08
25,14,16194,16197,3,3.279431e-05,3.280661e-05,6.338810351057153e-08
25,15,16190,16194,4,3.271727e-05,3.27153875e-05,8.916961292250796e-08
25,16,16187,16190,3,3.264508e-05,3.259692333333334e-05,1.0112156589417187e-07
25,17,16184,16187,3,3.24978e-05,3.249953e-05,2.208339798732838e-08
25,18,16181,16184,3,3.230699e-05,3.230348333333334e-05,2.108941335256896e-08
25,19,16177,16181,4,3.2061715e-05,3.21049075e-05,8.035753243318242e-08
25,20,16174,16177,3,3.178531e-05,3.183752e-05,1.1659751312385275e-07
25,21,16171,16174,3,0.0001088462,0.00010191270333333333,5.469531304881028e-05
25,22,16168,16171,3,0.0003062617,0.0003121883,6.100519477967978e-05
25,23,16164,16168,4,0.0005233385,0.000519016075,4.262156709720882e-05
25,24,16161,16164,3,0.0005947116,0.0005927681,5.678164327198255e-06
25,25,16158,16161,3,0.0006000917,0.0006000264333333333,1.6875276458642965e-07
25,26,16154,16158,4,0.00060025775,0.000600255725,6.755051350657923e-08
25,27,16151,16154,3,0.0005995687,0.0005997057000000001,2.8026791943901403e-07
25,28,16148,16151,3,0.000600257,0.0006001954,6.139196038570436e-07
25,29,16145,16148,3,0.0006013802,0.0006014346666666666,1.550934413686255e-07
25,30,16141,16145,4,0.000601834,0.000601856825,3.675402112354576e-07
25,31,16138,16141,3,0.0006014523,0.0006011357666666667,5.08860886905509e-07
25,32,16135,16138,3,5.373737e-05,5.532142999999999e-05,1.1274684878159565e-05
25,33,16132,16135,3,3.631225e-05,3.642369e-05,1.1661485485991929e-06
25,34,16128,16132,4,3.368961e-05,3.3816065e-05,3.4204424512773294e-07
25,35,16125,16128,3,3.329216e-05,3.3305243333333335e-05,7.84696095454951e-08
25,36,16122,16125,3,3.330331e-05,3.325617333333334e-05,8.751457034244248e-08
25,37,16119,16122,3,3.324517e-05,3.323205e-05,2.9308739310998097e-08
25,38,16115,16119,4,3.3150055e-05,3.313911e-05,4.619471560687532e-08
25,39,16112,16115,3,3.303e-05,3.303997333333334e-05,3.488252794101538e-08
25,40,16109,16112,3,3.295012e-05,3.299336666666667e-05,8.186047329993217e-08
25,41,16106,16109,3,3.299071e-05,3.2931233333333334e-05,9.183356551694717e-08
25,42,16102,16106,4,3.285289e-05,3.2816012499999996e-05,8.542264377054735e-08
25,43,16099,16102,3,3.270793e-05,3.271588e-05,2.2272522683042674e-08
25,44,16096,16099,3,3.253602e-05,3.253575e-05,2.432826476892037e-08
25,45,16093,16096,3,3.231715e-05,3.235662666666667e-05,7.238428666192312e-08
25,46,16089,16093,4,3.2121955000000005e-05,3.21436525e-05,1.3422342071617018e-07
25,47,16086,16089,3,0.0001054587,9.561641333333334e-05,4.84242390212349e-05
25,48,16083,16086,3,0.0003195295,0.00031021499999999997,7.00660448671585e-05
25,49,16079,16083,4,0.0005153875,0.0005111376750000001,3.7524181499626006e-05
25,50,16076,16079,3,0.0005835454,0.0005837825333333333,6.994078753409132e-06
25,51,16073,16076,3,0.0005949255,0.0005948913666666667,3.9266084885331007e-07
25,52,16070,16073,3,0.0005960789,0.0005962071,2.386665595902963e-07
25,53,16066,16070,4,0.0005969265,0.00059692485,2.5247048837438137e-07
25,54,16063,16066,3,0.0005951321,0.0005949642666666666,7.365102775174907e-07
25,55,16060,16063,3,0.0005930954,0.0005928278333333332,4.2058684662689986e-07
25,56,16057,16060,3,0.0005904993,0.000590643,3.19082507616216e-07
25,57,16053,16057,4,0.0005890346,0.000588937275,6.363526159881777e-07
25,58,16050,16053,3,0.0005809258,0.0005812171666666667,2.1893938435608522e-06
25,59,16047,16050,3,0.000572427,0.0005726541333333333,1.6576120421323818e-06
25,60,16044,16047,3,0.0005678838,0.0005677341,1.5336495449308856e-06
25,61,16040,16044,4,0.00054179315,0.00053960965,1.737050542766388e-05
25,62,16037,16040,3,0.000442848,0.00044897616666666665,3.220849330143974e-05
25,63,16034,16037,3,0.0003244073,0.0003335622,2.3109382344407222e-05
25,64,16031,16034,3,0.0002800778,0.00027881996666666666,1.0407784220903538e-05
25,65,16027,16031,4,0.0002397131,0.000236625725,7.781732662580684e-06
25,66,16024,16027,3,0.0002868744,0.00022948295,0.00011826427327072054
25,67,16021,16024,3,4.030489e-05,4.209936666666667e-05,4.839367728745381e-06
25,68,16018,16021,3,3.492923e-05,3.5000186666666665e-05,6.361423979127813e-07
25,69,16014,16018,4,3.362979e-05,3.36283725e-05,1.565918584050585e-07
25,70,16011,16014,3,3.337999e-05,3.3369566666666666e-05,3.642218768217485e-08
25,71,16008,16011,3,3.324217e-05,3.323647666666667e-05,3.587483921760481e-08
25,72,16005,16008,3,3.320221e-05,3.317894333333333e-05,9.63893000055291e-08
25,73,16001,16005,4,3.310034e-05,3.30671375e-05,9.12127944355939e-08
25,74,15998,16001,3,3.294564e-05,3.295382666666667e-05,2.058974070313118e-08
25,75,15995,15998,3,3.274782e-05,3.2758060000000005e-05,1.517978480304308e-08
25,76,15991,15995,4,3.253655e-05,3.25866875e-05,9.528016251429314e-08
25,77,15988,15991,3,3.227096e-05,3.233083333333333e-05,1.1913813868316466e-07
25,78,15985,15988,3,3.221785e-05,6.552694e-05,4.716365214038101e-05
25,79,15982,15985,3,0.0002619565,0.00026636896666666664,6.083973210862198e-05
25,80,15978,15982,4,0.00050241455,0.00049618795,5.0766607506238764e-05
25,81,15975,15978,3,0.0005838617,0.0005821212333333333,5.99598543490187e-06
25,82,15972,15975,3,0.0005895222,0.0005891457666666668,7.764666824075185e-07
25,83,15969,15972,3,0.0005865078,0.0005866319333333334,8.264780954279307e-07
25,84,15965,15969,4,0.00057862275,0.0005781035499999999,4.615463611870435e-06
25,85,15962,15965,3,0.0005641848,0.0005642854666666667,1.7849750125857604e-06
25,86,15959,15962,3,0.0005792775,0.0005797952999999999,8.861900854030533e-06
25,87,15956,15959,3,0.000613241,0.0006121194333333335,7.364636214746524e-06
25,88,15952,15956,4,0.0006341438,0.0006333889499999999,4.263065686510087e-06
25,89,15949,15952,3,0.0006392184,0.0006392132000000001,1.2889561668263132e-07
25,90,15946,15949,3,0.0006391306,0.0006390674333333333,1.0122280155950088e-07
25,91,15943,15946,3,0.0006392178,0.0006392161666666666,3.812552367592669e-09
25,92,15939,15943,4,0.0006388596000000001,0.000638906375,3.177251750727424e-07
25,93,15936,15939,3,0.0006391793,0.0006392099333333333,1.302084567999492e-07
25,94,15933,15936,3,0.0006392834,0.0006392315333333333,2.499405973871341e-07
25,95,15930,15933,3,0.0006392871,0.0006392936666666667,5.7058235358472714e-08
25,96,15926,15930,4,0.00063929555,0.00063919055,2.9078260350302103e-07
25,97,15923,15926,3,0.0006395705,0.0006394457333333334,2.243614098328983e-07
25,98,15920,15923,3,0.0006390159,0.0006389798666666667,1.0270093583906156e-07
25,99,15916,15920,4,0.00063928205,0.000639375925,2.6886138970667e-07
26,0,16430,16434,4,3.2679800000000005e-05,3.2678787500000005e-05,5.234849203893107e-08
26,1,16434,16437,3,3.263198e-05,3.266130333333333e-05,5.836173194444651e-08
26,2,16437,16440,3,3.266036e-05,3.265553666666667e-05,3.9661269380706174e-08
26,3,16440,16443,3,3.271153e-05,3.269322333333333e-05,5.260768659510475e-08
26,4,16443,16447,4,3.268337e-05,3.267137e-05,5.614036204015899e-08
26,5,16447,16450,3,3.272128e-05,3.268513666666667e-05,6.350804376000122e-08
26,6,16450,16453,3,3.264033e-05,3.265854e-05,5.208045762727794e-08
26,7,16453,16456,3,3.265981e-05,3.2657893333333335e-05,5.970536677906233e-08
26,8,16456,16460,4,3.228946e-05,3.23245725e-05,2.1402605768632526e-07
26,9,16460,16463,3,3.213947e-05,3.215411e-05,3.189618263470827e-08
26,10,16463,16466,3,3.206709e-05,3.2107069999999994e-05,6.603508360460089e-08
26,11,16466,16469,3,3.210041e-05,3.2104583333333334e-05,4.4849367393035405e-08
26,12,16469,16473,4,3.2150775e-05,3.214215e-05,5.9524329899629716e-08
26,13,16473,16476,3,3.220288e-05,3.218830333333333e-05,3.149948606282627e-08
26,14,16476,16479,3,3.221819e-05,3.216868333333334e-05,7.1930633869645e-08
26,15,16479,16482,3,3.215492e-05,3.2153309999999997e-05,5.978247290524618e-08
26,16,16482,16486,4,3.219868e-05,3.218549e-05,6.265576908793104e-08
26,17,16486,16489,3,3.218576e-05,3.218108333333333e-05,5.6023616647109656e-08
26,18,16489,16492,3,3.224519e-05,3.224229333333333e-05,3.105774228039598e-08
26,19,16492,16495,3,3.227614e-05,3.2254919999999996e-05,9.218704283502468e-08
26,20,16495,16499,4,3.2420205e-05,3.2464855e-05,1.4523556253549025e-07
26,21,16499,16502,3,3.348147e-05,3.3846033333333334e-05,9.194878170783753e-07
26,22,16502,16505,3,4.423554e-05,4.761462666666667e-05,9.363682928083847e-06
26,23,16505,16508,3,0.0006003746,0.00042779168999999996,0.0002442722718929614
26,24,16508,16512,4,0.0006010520499999999,0.00060115565,4.062730270396843e-07
26,25,16512,16515,3,0.0006007236,0.0006007120999999999,3.159663589687755e-07
26,26,16515,16518,3,0.0006000883,0.0006001133666666667,3.111006410936585e-07
26,27,16518,16521,3,0.0006002036,0.0006001705333333334,1.8908215733435737e-07
26,28,16521,16525,4,0.00059981355,0.00059984705,2.733307565935443e-07
26,29,16525,16528,3,0.0005991503,0.000599255,4.647647218396676e-07
26,30,16528,16531,3,0.0005918273,0.0005905809333333333,5.117307981307732e-06
26,31,16531,16534,3,0.0005488768,0.0005427771,2.4239183778474616e-05
26,32,16534,16538,4,0.0003437776,0.00034154152499999996,8.931427386275877e-05
26,33,16538,16541,3,0.0001068069,9.895184333333335e-05,5.301108300903774e-05
26,34,16541,16544,3,3.072236e-05,3.071296e-05,2.0152088394672092e-08
26,35,16544,16547,3,3.099685e-05,3.093563666666667e-05,1.0012738730681436e-07
26,36,16547,16551,4,3.1123575e-05,3.113255750000001e-05,1.1183765854465098e-07
26,37,16551,16554,3,3.125673e-05,3.129448333333333e-05,8.052091750319033e-08
26,38,16554,16557,3,3.145081e-05,3.143678666666667e-05,2.787375627519561e-08
26,39,16557,16560,3,3.159687e-05,3.1592816666666663e-05,2.9118862538834226e-08
26,40,16560,16564,4,3.1722595e-05,3.1685212500000004e-05,8.476216501924778e-08
26,41,16564,16567,3,3.178212e-05,3.177918e-05,8.672052851930058e-08
26,42,16567,16570,3,3.185248e-05,3.184483333333333e-05,4.7696926758671274e-08
26,43,16570,16573,3,3.194869e-05,3.194064666666667e-05,4.0867351544017486e-08
26,44,16573,16577,4,3.2021165e-05,3.20273e-05,4.129151547231034e-08
26,45,16577,16580,3,3.221377e-05,3.2171816666666666e-05,7.126509773764218e-08
26,46,16580,16583,3,3.233636e-05,3.2385313333333335e-05,1.6412524025538778e-07
26,47,16583,16586,3,3.341375e-05,3.3648843333333336e-05,7.869391586111051e-07
26,48,16586,16590,4,4.7564134999999997e-05,5.1310917499999995e-05,1.3865779247906292e-05
26,49,16590,16593,3,0.0005785475,0.0005788423666666666,3.170542524903603e-06
26,50,16593,16596,3,0.0005713953,0.0005712826666666666,1.2349499647984173e-06
26,51,16596,16599,3,0.0005604039,0.0005590849666666667,6.737515671884492e-06
26,52,16599,16603,4,0.0004800039,0.00047376025,4.620084671142401e-05
26,53,16603,16606,3,0.0002914651,0.0002999182,4.41102026928767e-05
26,54,16606,16609,3,0.0001839951,0.0001903539,1.9431473959704312e-05
26,55,16609,16612,3,0.0001424562,0.0001436007,5.308490242997537e-06
26,56,16612,16616,4,0.00015358565,0.00016021980000000002,2.4147880162759622e-05
26,57,16616,16619,3,0.0002994374,0.0002985223333333333,4.605217694321181e-05
26,58,16619,16622,3,0.0004604355,0.0004550907333333333,3.385246795674168e-05
26,59,16622,16625,3,0.0005442753,0.000541777,1.6016505856355414e-05
26,60,16625,16629,4,0.0005781417499999999,0.0005770953,3.902522138950649e-06
26,61,16629,16632,3,0.0005828851,0.0005829373333333334,1.3165065649496443e-06
26,62,16632,16635,3,0.0005889448,0.0005885929666666667,1.444212252021424e-06
26,63,16635,16638,3,0.0005917687,0.0005918070666666667,4.5066610207064e-07
26,64,16638,16642,4,0.00059246295,0.00059209705,1.145848494566366e-06
26,65,16642,16645,3,0.0005803122,0.0005779757666666667,7.791371648318523e-06
26,66,16645,16648,3,0.0005175439,0.0005108016000000001,3.2755034833238494e-05
26,67,16648,16651,3,0.0003182476,0.0003172602333333334,7.051279444234847e-05
26,68,16651,16655,4,6.851564e-05,8.145234999999999e-05,5.359708021848485e-05
26,69,16655,16658,3,3.12273e-05,3.124425e-05,2.4133737105277932e-08
26,70,16658,16661,3,3.150069e-05,3.150168666666667e-05,1.694471861344431e-08
26,71,16661,16664,3,3.171733e-05,3.1663736666666664e-05,1.0384318990135393e-07
26,72,16664,16668,4,3.1816845e-05,3.182072e-05,1.013438732731287e-07
26,73,16668,16671,3,3.189739e-05,3.1947756666666665e-05,8.07284077770782e-08
26,74,16671,16674,3,3.204156e-05,3.204981333333333e-05,3.270307053202129e-08
26,75,16674,16677,3,3.220024e-05,3.219154e-05,2.1984691643655687e-08
26,76,16677,16681,4,3.231979e-05,3.22806775e-05,8.552063504646164e-08
26,77,16681,16684,3,3.258268e-05,3.252465e-05,1.3068009973468418e-07
26,78,16684,16687,3,3.298751e-05,3.3170786666666666e-05,4.5627458869510606e-07
26,79,16687,16690,3,3.875064e-05,3.986993666666667e-05,4.0099188234703995e-06
26,80,16690,16694,4,0.0006388312,0.0004945171675,0.00025016401834965327
26,81,16694,16697,3,0.0006384162,0.0006383739,2.2065361995667785e-07
26,82,16697,16700,3,0.0006385198,0.0006384378666666667,1.2142842427628332e-07
26,83,16700,16703,3,0.0006380536,0.0006381487333333334,1.4672389792470635e-07
26,84,16703,16707,4,0.0006382581,0.000638322525,1.5942351418469762e-07
26,85,16707,16710,3,0.0006382328,0.0006384353,3.908796831080632e-07
26,86,16710,16713,3,0.0006381879,0.0006381475,7.437262041011546e-08
26,87,16713,16716,3,0.0006382359,0.0006383301333333333,3.2001787797283296e-07
26,88,16716,16720,4,0.0006383737500000001,0.000638386725,2.2866349047236078e-07
26,89,16720,16723,3,0.0006387871,0.0006386575666666667,1.9066061179193436e-07
26,90,16723,16726,3,0.0006383377,0.0006382772000000001,8.59845334929327e-08
26,91,16726,16729,3,0.0006385901,0.0006385678666666668,4.0528206912651376e-08
26,92,16729,16733,4,0.0006381409,0.000638146175,2.1650179416117992e-07
26,93,16733,16736,3,0.0006382756,0.0006382889333333333,6.389623532641505e-08
26,94,16736,16739,3,0.0006383997,0.0006382375,4.848784246248252e-07
26,95,16739,16742,3,0.0006381363,0.0006380739333333333,1.7423892281065101e-07
26,96,16742,16746,4,0.0006383751500000001,0.0006382868999999999,1.8323046962775315e-07
26,97,16746,16749,3,0.0006383856,0.0006382947333333334,1.5540367506021826e-07
26,98,16749,16752,3,0.0006382077,0.0006381612333333333,2.4479620548983663e-07
26,99,16752,16755,3,0.0006383389,0.0006383176333333334,9.001812163237433e-08
27,0,17264,17267,3,3.225673e-05,3.221020666666666e-05,7.427217259662107e-08
27,1,17261,17264,3,3.219729e-05,3.221440666666667e-05,3.010880749695934e-08
27,2,17258,17261,3,3.218415e-05,3.218043666666667e-05,5.471115994221095e-08
27,3,17255,17258,3,3.214379e-05,3.213551e-05,3.7738171656827293e-08
27,4,17251,17255,4,3.2115105e-05,3.2133470000000005e-05,6.350390027391963e-08
27,5,17248,17251,3,3.205827e-05,3.2087826666666665e-05,6.457798713355727e-08
27,6,17245,17248,3,3.212345e-05,3.208138666666667e-05,8.953878948378812e-08
27,7,17242,17245,3,3.209751e-05,3.209305e-05,6.449330714628843e-09
27,8,17238,17242,4,3.2004945e-05,3.2019665e-05,5.2305265748298055e-08
27,9,17235,17238,3,3.201035e-05,3.197241333333333e-05,7.53093497220316e-08
27,10,17232,17235,3,3.190855e-05,3.191519333333334e-05,1.9591791364979814e-08
27,11,17229,17232,3,3.181272e-05,3.1868699999999995e-05,8.832947563903239e-08
27,12,17225,17229,4,3.165388e-05,3.1683285e-05,2.3642024802245672e-07
27,13,17222,17225,3,3.142704e-05,3.138307e-05,7.776219175580637e-08
27,14,17219,17222,3,3.132052e-05,3.130984666666667e-05,2.2630612502143592e-08
27,15,17216,17219,3,3.118256e-05,3.118760333333333e-05,3.5285940857828504e-08
27,16,17212,17216,4,3.108618e-05,3.109045e-05,5.4583045902549364e-08
27,17,17209,17212,3,3.092448e-05,3.094051333333333e-05,5.798005653287633e-08
27,18,17206,17209,3,3.083499e-05,3.082698e-05,9.997319674125999e-08
27,19,17203,17206,3,3.074172e-05,3.0692600000000005e-05,7.107022067410912e-08
27,20,17199,17203,4,3.048446e-05,3.0448412500000002e-05,7.55700093869912e-08
27,21,17196,17199,3,3.018808e-05,5.606719666666667e-05,3.6600556475489395e-05
27,22,17193,17196,3,0.0002420023,0.00023847996666666665,5.913318899751268e-05
27,23,17190,17193,3,0.000469788,0.000464479,4.5189578076587504e-05
27,24,17186,17190,4,0.0005816759999999999,0.000578826425,1.4400564052038908e-05
27,25,17183,17186,3,0.0005987569,0.0005984597666666666,4.892207227372349e-07
27,26,17180,17183,3,0.0005997468,0.0005995559333333334,3.054504033208835e-07
27,27,17177,17180,3,0.0005999369,0.0005999177666666666,2.7647037615068105e-07
27,28,17174,17177,3,0.0006004525,0.0006004191333333332,1.7198802929917685e-07
27,29,17170,17174,4,0.0006006572,0.000600608325,2.0887543387148603e-07
27,30,17167,17170,3,0.0006009961,0.0006008939333333334,2.6137717744458547e-07
27,31,17164,17167,3,0.0006008096,0.0006006782666666666,2.9544157158771263e-07
27,32,17161,17164,3,5.518338e-05,0.00023288005,0.0002593607458444035
27,33,17157,17161,4,3.4358909999999995e-05,3.4575955e-05,1.4996099775191553e-06
27,34,17154,17157,3,3.218759e-05,3.220877e-05,2.3383481961989016e-07
27,35,17151,17154,3,3.182423e-05,3.1826413333333336e-05,3.066159631997248e-08
27,36,17148,17151,3,3.173671e-05,3.172203333333333e-05,3.1815830790485376e-08
27,37,17144,17148,4,3.1692035e-05,3.1701475e-05,5.7066378236227613e-08
27,38,17141,17144,3,3.158567e-05,3.162707666666667e-05,6.885069078972266e-08
27,39,17138,17141,3,3.163319e-05,3.1583053333333334e-05,7.613864386032196e-08
27,40,17135,17138,3,3.156271e-05,3.154466000000001e-05,2.7226811540588625e-08
27,41,17131,17135,4,3.1420555e-05,3.1428312499999996e-05,3.15093139999895e-08
27,42,17128,17131,3,3.134661e-05,3.133830333333333e-05,3.194706176717344e-08
27,43,17125,17128,3,3.12095e-05,3.1216143333333335e-05,4.0352097288188545e-08
27,44,17122,17125,3,3.107765e-05,3.1097736666666663e-05,9.360114576696512e-08
27,45,17118,17122,4,3.093806e-05,3.0922995e-05,1.1328300810359926e-07
27,46,17115,17118,3,3.076837e-05,3.072737e-05,8.37341590989017e-08
27,47,17112,17115,3,0.0001238691,0.00011474719666666668,6.541109603950507e-05
27,48,17109,17112,3,0.0003552066,0.0003423012666666667,7.620346776262147e-05
27,49,17105,17109,4,0.0005388951,0.0005289501000000001,3.683557083445294e-05
27,50,17102,17105,3,0.0005875893,0.0005875476666666666,3.479665539802483e-06
27,51,17099,17102,3,0.000593242,0.0005930105666666668,7.018943146150401e-07
27,52,17096,17099,3,0.0005918641,0.0005917694666666668,2.6216509217581276e-07
27,53,17093,17096,3,0.0005925706,0.0005925245333333333,2.9070723340767675e-07
27,54,17089,17093,4,0.0005910557,0.00059129445,5.501986573047874e-07
27,55,17086,17089,3,0.000590727,0.0005906857333333333,1.3848427909172794e-07
27,56,17083,17086,3,0.0005909853,0.0005909632,7.094067944413138e-08
27,57,17080,17083,3,0.0005913374,0.0005913853666666666,2.8603638851649614e-07
27,58,17076,17080,4,0.0005903973,0.00058979935,1.3006309132493954e-06
27,59,17073,17076,3,0.0005819317,0.0005815979999999999,2.5980112047487334e-06
27,60,17070,17073,3,0.0005684287,0.0005664248333333333,6.08944289205144e-06
27,61,17067,17070,3,0.0005270741,0.0005189035333333334,2.3296742566337943e-05
27,62,17063,17067,4,0.00036301534999999996,0.00036649412499999997,6.490755133200508e-05
27,63,17060,17063,3,0.0001839015,0.00019081043333333333,2.4831207865685646e-05
27,64,17057,17060,3,0.0001359156,0.0001354661,6.319639056676148e-06
27,65,17054,17057,3,0.000133972,0.00013801706666666667,9.226348844237117e-06
27,66,17050,17054,4,0.00016310175,0.0001437494325,5.056093682618696e-05
27,67,17047,17050,3,3.825198e-05,3.954429333333333e-05,3.667049635518391e-06
27,68,17044,17047,3,3.34767e-05,3.360843333333333e-05,4.85606797957179e-07
27,69,17041,17044,3,3.238424e-05,3.249208333333333e-05,1.6954823233784952e-07
27,70,17037,17041,4,3.2253639999999995e-05,3.22499025e-05,8.505418636816262e-08
27,71,17034,17037,3,3.210659e-05,3.212408666666667e-05,8.081013976530803e-08
27,72,17031,17034,3,3.20916e-05,3.203994e-05,8.120163832501861e-08
27,73,17028,17031,3,3.195331e-05,3.195012e-05,1.836732061751686e-08
27,74,17024,17028,4,3.1775005e-05,3.17764025e-05,2.9439669983715006e-08
27,75,17021,17024,3,3.16162e-05,3.160239333333333e-05,2.0912365294776554e-08
27,76,17018,17021,3,3.139784e-05,3.140410666666667e-05,3.253033695217741e-08
27,77,17015,17018,3,3.111264e-05,3.1188136666666665e-05,1.0810759527228199e-07
27,78,17012,17015,3,0.0001009725,9.218554666666667e-05,4.6711112413432804e-05
27,79,17008,17012,4,0.00032385455,0.0003260528,8.55517816408577e-05
27,80,17005,17008,3,0.0005290189,0.000521348,2.7628823598674364e-05
27,81,17002,17005,3,0.0005724009,0.0005709627999999999,5.22485657028021e-06
27,82,16999,17002,3,0.0005787226,0.0005784901333333333,3.4816794159650625e-07
27,83,16995,16999,4,0.00057512795,0.000575009775,2.219039214812333e-06
27,84,16992,16995,3,0.0005646524,0.0005647964333333333,3.3631813632663987e-06
27,85,16989,16992,3,0.0005606728,0.0005613465333333334,2.0870341657215364e-06
27,86,16986,16989,3,0.0005778861,0.0005787560666666666,8.212898745401784e-06
27,87,16982,16986,4,0.0006160541,0.000615055975,9.439656936662223e-06
27,88,16979,16982,3,0.0006352676,0.0006351183,1.8141861885337707e-06
27,89,16976,16979,3,0.0006383383,0.0006382481,1.578937195288786e-07
27,90,16973,16976,3,0.0006386141,0.0006385335333333333,1.989424428208945e-07
27,91,16969,16973,4,0.0006384604999999999,0.0006383860499999999,1.896883035402958e-07
27,92,16966,16969,3,0.0006385017,0.0006383994,1.6362361280287106e-07
27,93,16963,16966,3,0.0006383735,0.0006383995666666666,1.341165993538029e-07
27,94,16960,16963,3,0.0006383674,0.0006384010666666667,1.894590955559852e-07
27,95,16956,16960,4,0.0006383103999999999,0.0006382318249999999,1.8948472728692542e-07
27,96,16953,16956,3,0.0006381052,0.0006379874666666667,2.4384194789980227e-07
27,97,16950,16953,3,0.0006383412,0.0006383774666666667,8.15413732749094e-08
27,98,16947,16950,3,0.0006379952,0.0006381807666666667,2.7957320249902367e-07
27,99,16943,16947,4,0.00063814325,0.000638133875,5.4286709929775816e-08
28,0,17454,17458,4,3.244897e-05,3.24347175e-05,5.7408813946554764e-08
28,1,17458,17461,3,3.246727e-05,3.247196333333333e-05,2.1148001218923453e-08
28,2,17461,17464,3,3.242218e-05,3.242898e-05,5.915496090777148e-08
28,3,17464,17467,3,3.243447e-05,3.241568333333333e-05,3.863270663857356e-08
28,4,17467,17471,4,3.2438585e-05,3.24346525e-05,5.385631688808512e-08
28,5,17471,17474,3,3.245477e-05,3.244146333333333e-05,5.9358621577287123e-08
28,6,17474,17477,3,3.246685e-05,3.2467246666666665e-05,3.6747499083460553e-08
28,7,17477,17480,3,3.219211e-05,3.222298666666666e-05,6.094273614540765e-08
28,8,17480,17484,4,3.2052670000000004e-05,3.2046815e-05,5.484625306253621e-08
28,9,17484,17487,3,3.199539e-05,3.2007070000000005e-05,3.036709732588811e-08
28,10,17487,17490,3,3.205576e-05,3.204911333333333e-05,5.393065691752182e-08
28,11,17490,17493,3,3.207005e-05,3.206878e-05,4.9393959819664435e-08
28,12,17493,17496,3,3.203655e-05,3.2054606666666666e-05,6.12319166956442e-08
28,13,17496,17500,4,3.207294e-05,3.20722675e-05,5.6862391074857025e-08
28,14,17500,17503,3,3.208486e-05,3.2063723333333335e-05,4.184960878616938e-08
28,15,17503,17506,3,3.208276e-05,3.207857333333333e-05,6.008547319351894e-08
28,16,17506,17509,3,3.214073e-05,3.2131733333333336e-05,2.770506131056518e-08
28,17,17509,17513,4,3.214608e-05,3.21216175e-05,6.584683150121781e-08
28,18,17513,17516,3,3.213924e-05,3.215497666666666e-05,9.217482025417125e-08
28,19,17516,17519,3,3.228438e-05,3.2301399999999995e-05,4.954297730254089e-08
28,20,17519,17522,3,3.289936e-05,3.3016480000000003e-05,3.925798610049507e-07
28,21,17522,17526,4,4.264701e-05,4.623873e-05,1.1067631504545135e-05
28,22,17526,17529,3,0.0006010237,0.0006009404666666667,1.3283589708945966e-07
28,23,17529,17532,3,0.0006006653,0.0006004932333333332,3.695726931951883e-07
28,24,17532,17535,3,0.0006003933,0.0006003956666666666,1.1917942589036307e-07
28,25,17535,17538,3,0.0006004908,0.0006007003666666667,3.653115048223436e-07
28,26,17538,17542,4,0.00060015,0.0006001111,5.235343111964859e-07
28,27,17542,17545,3,0.0005993174,0.0005991945666666667,1.7975647106263314e-07
28,28,17545,17548,3,0.0005993028,0.0005992117,4.927792812202983e-07
28,29,17548,17551,3,0.0005912198,0.0005908874333333333,4.497814433947013e-06
28,30,17551,17555,4,0.0005347079,0.00052731295,3.9507045367029164e-05
28,31,17555,17558,3,0.0003273596,0.0003199124666666666,6.965950467410905e-05
28,32,17558,17561,3,0.0001205811,0.00010849613666666667,5.957094097881412e-05
28,33,17561,17564,3,3.054611e-05,3.053309666666666e-05,2.6181552453758275e-08
28,34,17564,17568,4,3.081661e-05,3.076361e-05,1.049742111187309e-07
28,35,17568,17571,3,3.104931e-05,3.0991240000000005e-05,9.804728689090008e-08
28,36,17571,17574,3,3.106803e-05,3.11232e-05,9.291784148734302e-08
28,37,17574,17577,3,3.125066e-05,3.1244150000000005e-05,2.7016921857727305e-08
28,38,17577,17580,3,3.140151e-05,3.138534e-05,3.305512466572686e-08
28,39,17580,17584,4,3.1493795e-05,3.1489922499999996e-05,5.207341230176659e-08
28,40,17584,17587,3,3.16371e-05,3.1620653333333335e-05,3.974730291339186e-08
28,41,17587,17590,3,3.168301e-05,3.166961333333334e-05,8.259882175646045e-08
28,42,17590,17593,3,3.173475e-05,3.171834333333333e-05,3.9497017890243395e-08
28,43,17593,17597,4,3.1828140000000004e-05,3.18166225e-05,3.7453670297449304e-08
28,44,17597,17600,3,3.196259e-05,3.1958133333333335e-05,7.388758729011636e-09
28,45,17600,17603,3,3.224675e-05,3.2226239999999996e-05,1.0481349563232143e-07
28,46,17603,17606,3,3.323796e-05,3.359356333333333e-05,9.893279709760336e-07
28,47,17606,17610,4,4.904138e-05,5.30263325e-05,1.4912007503060033e-05
28,48,17610,17613,3,0.0005888289,0.0005885588,1.8371514417706582e-06
28,49,17613,17616,3,0.0005756551,0.0005758814333333334,4.8019529702912694e-06
28,50,17616,17619,3,0.0005415544,0.0005395719,1.4556674902142554e-05
28,51,17619,17622,3,0.0004566767,0.0004520586333333334,3.1442174913782434e-05
28,52,17622,17626,4,0.00028325240000000003,0.0002837382,5.5259457872476446e-05
28,53,17626,17629,3,0.0001637705,0.00016659433333333332,1.1914989708299745e-05
28,54,17629,17632,3,0.0001484713,0.0001490202,1.1172711786610499e-06
28,55,17632,17635,3,0.0001671018,0.00016616976666666668,5.134674142425099e-06
28,56,17635,17639,4,0.00018320185,0.00018731369999999998,1.3331220084635912e-05
28,57,17639,17642,3,0.0002797283,0.0002801207,3.4853424340228035e-05
28,58,17642,17645,3,0.0004140038,0.00041230623333333327,3.512142087637623e-05
28,59,17645,17648,3,0.0005244798,0.0005198666,2.1858579225558094e-05
28,60,17648,17652,4,0.00057462815,0.000572818825,8.608603383643293e-06
28,61,17652,17655,3,0.0005865307,0.0005861146666666666,7.518044175330632e-07
28,62,17655,17658,3,0.0005873326,0.0005872066666666666,2.38441066559905e-07
28,63,17658,17661,3,0.0005886819,0.0005885726333333334,6.207918402241273e-07
28,64,17661,17664,3,0.0005855744,0.0005851588333333333,3.2028663790770368e-06
28,65,17664,17668,4,0.0005343954499999999,0.0005287143499999999,3.527453474282118e-05
28,66,17668,17671,3,0.0003351208,0.00032859189999999997,6.570546771266453e-05
28,67,17671,17674,3,0.0001323814,0.00011470888333333333,6.266502243666097e-05
28,68,17674,17677,3,3.080546e-05,3.082039333333333e-05,1.2610985008669533e-07
28,69,17677,17681,4,3.1050199999999996e-05,3.1084665e-05,1.0689165203606907e-07
28,70,17681,17684,3,3.124144e-05,3.125220333333334e-05,2.4145824115616543e-08
28,71,17684,17687,3,3.145258e-05,3.144330666666667e-05,2.2608936777793076e-08
28,72,17687,17690,3,3.162973e-05,3.158714e-05,6.415974490805389e-08
28,73,17690,17694,4,3.168181e-05,3.1683235e-05,9.129606275738357e-08
28,74,17694,17697,3,3.173563e-05,3.1785313333333334e-05,7.997685178989203e-08
28,75,17697,17700,3,3.184715e-05,3.185901e-05,2.445119765301181e-08
28,76,17700,17703,3,3.209422e-05,3.2080310000000006e-05,2.1188460696019227e-08
28,77,17703,17706,3,3.239676e-05,3.240182666666666e-05,2.148827787939795e-07
28,78,17706,17710,4,3.5919015e-05,3.6874945000000005e-05,3.5536845434457167e-06
28,79,17710,17713,3,7.502757e-05,0.00025562725,0.00027092413699984834
28,80,17713,17716,3,0.000638579,0.0006384763,1.9515445165306568e-07
28,81,17716,17719,3,0.000638322,0.0006383009333333333,1.0961098890569851e-07
28,82,17719,17723,4,0.00063861385,0.00063856805,1.7063338624079594e-07
28,83,17723,17726,3,0.0006382107,0.0006382456000000001,1.3917272242314497e-07
28,84,17726,17729,3,0.0006385719,0.0006383697333333334,3.543089267229117e-07
28,85,17729,17732,3,0.0006383947,0.0006382534666666667,2.1939417089391955e-07
28,86,17732,17736,4,0.0006379793,0.0006380242749999999,2.1260209753201744e-07
28,87,17736,17739,3,0.0006384852,0.0006383447333333333,4.14288887398893e-07
28,88,17739,17742,3,0.0006385294,0.0006384012333333334,1.9795929435673813e-07
28,89,17742,17745,3,0.0006384015,0.0006384288666666666,1.8752973690117604e-07
28,90,17745,17748,3,0.0006381696,0.0006382523666666667,1.2454815222323528e-07
28,91,17748,17752,4,0.0006383904,0.000638369175,5.352169536738846e-08
28,92,17752,17755,3,0.0006382943,0.0006383339666666666,9.479413952817006e-08
28,93,17755,17758,3,0.000638135,0.0006381405,3.609515202902572e-08
28,94,17758,17761,3,0.0006382436,0.0006382466333333332,1.9078648333211413e-07
28,95,17761,17765,4,0.0006379296,0.0006380201749999999,1.76282973865896e-07
28,96,17765,17768,3,0.0006380759,0.0006379902333333333,1.5459565180031256e-07
28,97,17768,17771,3,0.0006380097,0.0006382127,3.025592944642024e-07
28,98,17771,17774,3,0.0006382236,0.0006381564,1.1547608699063101e-07
28,99,17774,17777,3,0.0006380923,0.0006380474666666667,2.1185753598952715e-07
29,0,18288,18291,3,3.356644e-05,3.354687e-05,4.4209872954653693e-08
29,1,18285,18288,3,3.363884e-05,3.362713e-05,2.0333520764162937e-08
29,2,18282,18285,3,3.379762e-05,3.37787e-05,8.436648307631626e-08
29,3,18278,18282,4,3.3765265e-05,3.375681e-05,3.757906930726099e-08
29,4,18275,18278,3,3.370378e-05,3.370531333333333e-05,5.47649944966865e-08
29,5,18272,18275,3,3.369395e-05,3.368294e-05,8.957794408595793e-08
29,6,18269,18272,3,3.365787e-05,3.3654536666666666e-05,5.202290094009664e-09
29,7,18265,18269,4,3.351431e-05,3.35323075e-05,5.300331988422928e-08
29,8,18262,18265,3,3.343311e-05,3.342703666666667e-05,4.034369784186136e-08
29,9,18259,18262,3,3.333839e-05,3.3381953333333334e-05,9.289465443297811e-08
29,10,18256,18259,3,3.341425e-05,3.336143e-05,1.1128478901748957e-07
29,11,18252,18256,4,3.3317045e-05,3.3314665e-05,4.1431049045371334e-08
29,12,18249,18252,3,3.293833e-05,3.2953123333333334e-05,3.4130886631058193e-08
29,13,18246,18249,3,3.276901e-05,3.276293e-05,3.831519889895667e-08
29,14,18243,18246,3,3.273329e-05,3.2771206666666665e-05,6.594925945165825e-08
29,15,18239,18243,4,3.2736265e-05,3.274497e-05,7.281750854018703e-08
29,16,18236,18239,3,3.272275e-05,3.268125333333333e-05,7.831192175453888e-08
29,17,18233,18236,3,3.258933e-05,3.258045666666666e-05,1.481723395989451e-08
29,18,18230,18233,3,3.239343e-05,3.239032e-05,2.468693716657942e-08
29,19,18226,18230,4,3.218037e-05,3.22223e-05,9.886618481563835e-08
29,20,18223,18226,3,3.194808e-05,3.19711e-05,1.208567449503761e-07
29,21,18220,18223,3,3.184756e-05,5.638057e-05,3.47195327632799e-05
29,22,18217,18220,3,0.0002450289,0.00024061086666666664,6.021064281959536e-05
29,23,18213,18217,4,0.0004916102,0.0004866251,5.3005400585742215e-05
29,24,18210,18213,3,0.0005855465,0.0005835654,1.0383156492127022e-05
29,25,18207,18210,3,0.0005997351,0.0005994519333333333,8.868742651707585e-07
29,26,18203,18207,4,0.00060024625,0.000600229275,2.1774453351348066e-07
29,27,18200,18203,3,0.0006007777,0.0006007692000000001,2.2318863471660864e-07
29,28,18197,18200,3,0.0006004685,0.0006005270666666667,1.6455403030277744e-07
29,29,18194,18197,3,0.000600879,0.0006011275,4.095269547498597e-07
29,30,18190,18194,4,0.0006013571999999999,0.0006014997,3.093519355038889e-07
29,31,18187,18190,3,0.000601067,0.0006010750333333333,6.503754471244066e-08
29,32,18184,18187,3,5.000052e-05,5.312956e-05,1.0605604484224365e-05
29,33,18181,18184,3,3.604845e-05,3.6060806666666675e-05,9.254543898119584e-07
29,34,18177,18181,4,3.3869500000000005e-05,3.387294e-05,2.5781280350285054e-07
29,35,18174,18177,3,3.346373e-05,3.345940666666667e-05,3.306684173340626e-08
29,36,18171,18174,3,3.334995e-05,3.333866e-05,2.5464305736986936e-08
29,37,18168,18171,3,3.324692e-05,3.3270473333333335e-05,8.856150605966064e-08
29,38,18164,18168,4,3.3210430000000005e-05,3.31883025e-05,8.330841835462972e-08
29,39,18161,18164,3,3.311953e-05,3.311479e-05,3.3968717962268706e-08
29,40,18158,18161,3,3.297522e-05,3.297267333333333e-05,3.531858937663764e-08
29,41,18155,18158,3,3.281395e-05,3.2851833333333336e-05,8.066310364031997e-08
29,42,18151,18155,4,3.272642e-05,3.273397e-05,8.872089353697922e-08
29,43,18148,18151,3,3.262174e-05,3.259546666666666e-05,1.0067210283335202e-07
29,44,18145,18148,3,3.251432e-05,3.2477299999999995e-05,6.0992137198168e-08
29,45,18142,18145,3,3.228305e-05,3.2286123333333335e-05,1.4331934815491465e-08
29,46,18138,18142,4,3.2004425e-05,3.20216625e-05,5.3425458994284494e-08
29,47,18135,18138,3,0.0001432355,0.00015750433333333334,5.195022172928834e-05
29,48,18132,18135,3,0.0003745797,0.0003729203333333333,7.077479158110525e-05
29,49,18128,18132,4,0.0005481342999999999,0.0005397397,3.0212287049559816e-05
29,50,18125,18128,3,0.00058845,0.0005876123333333334,2.562011179175865e-06
29,51,18122,18125,3,0.0005915551,0.0005914041333333333,3.1906244251280493e-07
29,52,18119,18122,3,0.0005858677,0.0005857169,2.3438124555234307e-06
29,53,18115,18119,4,0.0005805995,0.0005805577999999999,2.7151894068370377e-06
29,54,18112,18115,3,0.0005863048,0.0005864000666666666,4.1674971972260556e-07
29,55,18109,18112,3,0.0005899334,0.0005897451333333334,8.750998965197751e-07
29,56,18106,18109,3,0.0005919775,0.000592243,4.2783751588661653e-07
29,57,18102,18106,4,0.0005937368,0.000593714425,3.800909323767237e-07
29,58,18099,18102,3,0.0005914866,0.0005917135666666666,1.2010191403785128e-06
29,59,18096,18099,3,0.0005828353,0.0005833037,3.119016028600503e-06
29,60,18093,18096,3,0.0005611525,0.0005603381333333334,9.26225122394959e-06
29,61,18089,18093,4,0.00045720894999999996,0.00045018387499999997,5.3902592822301916e-05
29,62,18086,18089,3,0.0002828046,0.00028740563333333333,3.975730739007472e-05
29,63,18083,18086,3,0.0001750409,0.00018530716666666667,2.367677420896314e-05
29,64,18080,18083,3,0.0001497068,0.00015096939999999998,1.954257894956548e-06
29,65,18076,18080,4,0.00015055145,0.000151144825,5.065302330747398e-06
29,66,18073,18076,3,0.0001575753,0.00013119447999999998,3.881117320045178e-05
29,67,18070,18073,3,4.358333e-05,4.588485000000001e-05,7.061853543355314e-06
29,68,18067,18070,3,3.525559e-05,3.5473776666666666e-05,7.39165605546025e-07
29,69,18063,18067,4,3.3656045e-05,3.37525975e-05,2.1875646794723682e-07
29,70,18060,18063,3,3.335241e-05,3.3365686666666666e-05,5.6555432591004776e-08
29,71,18057,18060,3,3.330551e-05,3.328793333333334e-05,9.397549905279565e-08
29,72,18054,18057,3,3.322807e-05,3.3240843333333336e-05,2.3123053912107777e-08
29,73,18050,18054,4,3.3082314999999994e-05,3.30853625e-05,2.9199271716088952e-08
29,74,18047,18050,3,3.294295e-05,3.2940153333333335e-05,3.287045515690607e-08
29,75,18044,18047,3,3.276336e-05,3.27988e-05,7.193261476316965e-08
29,76,18040,18044,4,3.263206e-05,3.264854e-05,1.163448670977796e-07
29,77,18037,18040,3,3.247617e-05,3.243301333333333e-05,1.2444910240290528e-07
29,78,18034,18037,3,3.225091e-05,6.654754e-05,4.851046695770374e-05
29,79,18031,18034,3,0.0002768177,0.0002729717666666667,5.9152322177089734e-05
29,80,18027,18031,4,0.00049281545,0.00048956365,4.1884173633515796e-05
29,81,18024,18027,3,0.000565823,0.0005640821333333335,7.081267261977624e-06
29,82,18021,18024,3,0.000576108,0.0005757196333333333,1.5765475620974645e-06
29,83,18018,18021,3,0.0005767146,0.0005772036333333334,8.446021798588198e-07
29,84,18014,18018,4,0.0005665520499999999,0.0005665341,5.10478199387595e-06
29,85,18011,18014,3,0.0005578217,0.0005591219666666667,2.552568512085225e-06
29,86,18008,18011,3,0.000576354,0.0005776106666666667,7.230913798561173e-06
29,87,18005,18008,3,0.0006086024,0.0006080252666666666,7.934927066387511e-06
29,88,18001,18005,4,0.0006325766499999999,0.0006316059499999999,5.082906428658718e-06
29,89,17998,18001,3,0.0006382299,0.0006383784,3.644655356363111e-07
29,90,17995,17998,3,0.0006387418,0.0006387333666666668,1.758520274422667e-07
29,91,17992,17995,3,0.0006385813,0.0006385777000000001,2.389204609627606e-07
29,92,17988,17992,4,0.0006384553,0.00063856485,2.6856508987579596e-07
29,93,17985,17988,3,0.0006385738,0.0006385464666666666,1.64682367672504e-07
29,94,17982,17985,3,0.0006384844,0.0006385037,2.1358288008796268e-07
29,95,17979,17982,3,0.0006387285,0.0006386082333333333,2.2777985473308453e-07
29,96,17975,17979,4,0.0006386145,0.00063864305,1.33902921924777e-07
29,97,17972,17975,3,0.0006385855,0.0006387154666666667,2.57459645165785e-07
29,98,17969,17972,3,0.0006386483,0.0006385685333333333,1.448108267898228e-07
29,99,17965,17969,4,0.0006384994,0.000638512175,1.765140415802674e-07
30,0,18479,18483,4,3.4055165e-05,3.40620475e-05,5.1650684591300666e-08
30,1,18483,18486,3,3.406148e-05,3.404012333333333e-05,3.6870118283269705e-08
30,2,18486,18489,3,3.408141e-05,3.408073e-05,5.321325461449002e-08
30,3,18489,18492,3,3.411043e-05,3.4086000000000005e-05,6.240612523355746e-08
30,4,18492,18496,4,3.4088079999999995e-05,3.4066852500000004e-05,6.519790961947923e-08
30,5,18496,18499,3,3.406827e-05,3.4043419999999995e-05,5.040068055096202e-08
30,6,18499,18502,3,3.407606e-05,3.4065643333333335e-05,6.428564605640089e-08
30,7,18502,18505,3,3.408698e-05,3.410111e-05,2.8083728384955313e-08
30,8,18505,18509,4,3.3763365e-05,3.3759557499999995e-05,4.381459652615759e-08
30,9,18509,18512,3,3.368657e-05,3.367432e-05,6.672129844859627e-08
30,10,18512,18515,3,3.363196e-05,3.364885666666667e-05,4.214165028672758e-08
30,11,18515,18518,3,3.371737e-05,3.3700550000000004e-05,5.329766223766266e-08
30,12,18518,18522,4,3.3685325e-05,3.3692585e-05,6.118867726140122e-08
30,13,18522,18525,3,3.372642e-05,3.3719329999999996e-05,5.228034238602477e-08
30,14,18525,18528,3,3.367644e-05,3.3698613333333335e-05,6.433640199935188e-08
30,15,18528,18531,3,3.36729e-05,3.368493e-05,2.9820470597671936e-08
30,16,18531,18535,4,3.37265e-05,3.37235975e-05,6.170689077202016e-08
30,17,18535,18538,3,3.378527e-05,3.377273333333333e-05,2.8749388785772457e-08
30,18,18538,18541,3,3.379153e-05,3.3748986666666666e-05,7.663531402399067e-08
30,19,18541,18544,3,3.375432e-05,3.3771806666666663e-05,7.317343112238588e-08
30,20,18544,18548,4,3.396755e-05,3.40147925e-05,1.0649154177093249e-07
30,21,18548,18551,3,3.534949e-05,3.570937e-05,1.0714302942640107e-06
30,22,18551,18554,3,4.882699e-05,5.205343333333334e-05,1.1083577093328467e-05
30,23,18554,18557,3,0.0006010869,0.0006009650000000001,2.448252846419034e-07
30,24,18557,18561,4,0.0006003105999999999,0.0006003786249999999,2.0687674319509998e-07
30,25,18561,18564,3,0.0006002656,0.0006003842666666666,3.35149810615416e-07
30,26,18564,18567,3,0.0006009184,0.0006009470333333333,4.2704436407567634e-08
30,27,18567,18570,3,0.0006007468,0.0006007732000000002,4.422314627733163e-08
30,28,18570,18574,4,0.0006009814499999999,0.0006007886000000001,5.697145732733214e-07
30,29,18574,18577,3,0.0005984461,0.0005975093666666667,2.153787671883083e-06
30,30,18577,18580,3,0.0005791503,0.0005749218999999999,1.2881353323570731e-05
30,31,18580,18583,3,0.0004905871,0.0004799679,4.595650824014664e-05
30,32,18583,18587,4,0.00022514815,0.00023427092499999998,8.136778622803913e-05
30,33,18587,18590,3,3.199824e-05,3.201264e-05,1.3078332233125192e-07
30,34,18590,18593,3,3.220388e-05,3.2236336666666666e-05,4.973166418110528e-08
30,35,18593,18596,3,3.247793e-05,3.247515666666666e-05,1.0938645051173506e-08
30,36,18596,18600,4,3.2689860000000004e-05,3.2654915e-05,7.756558273487164e-08
30,37,18600,18603,3,3.288282e-05,3.284071666666667e-05,7.345637269079473e-08
30,38,18603,18606,3,3.289166e-05,3.2932223333333336e-05,9.22595036959443e-08
30,39,18606,18609,3,3.301882e-05,3.301444666666667e-05,2.2164219413780547e-08
30,40,18609,18613,4,3.314832e-05,3.3150155000000003e-05,2.7946093197439447e-08
30,41,18613,18616,3,3.328628e-05,3.3271126666666665e-05,2.724555050319452e-08
30,42,18616,18619,3,3.338176e-05,3.332079333333333e-05,8.691377233915157e-08
30,43,18619,18622,3,3.332975e-05,3.334664666666666e-05,6.93491419477492e-08
30,44,18622,18626,4,3.346837e-05,3.3464595e-05,5.940649059656611e-08
30,45,18626,18629,3,3.366991e-05,3.366872666666667e-05,1.0968932896545818e-08
30,46,18629,18632,3,3.423703e-05,3.430398e-05,3.820154596348156e-07
30,47,18632,18635,3,3.910749e-05,3.956994666666667e-05,3.2951163708770928e-06
30,48,18635,18639,4,0.000334873145,0.0003291752125,0.00026294783728004925
30,49,18639,18642,3,0.0005830045,0.0005824271666666666,3.96467059105238e-06
30,50,18642,18645,3,0.0005585547,0.0005557862333333334,1.29116765824152e-05
30,51,18645,18648,3,0.0004752389,0.0004669498333333333,4.0433049831899767e-05
30,52,18648,18652,4,0.0002592186,0.0002667757,5.828692482740018e-05
30,53,18652,18655,3,0.0001579045,0.00015951466666666667,7.845447759617604e-06
30,54,18655,18658,3,0.0001469948,0.00014684153333333332,2.942119283026364e-06
30,55,18658,18661,3,0.0001414198,0.00014281753333333333,2.5191913852574827e-06
30,56,18661,18665,4,0.00015952925,0.00015816397500000002,2.8816366611484857e-06
30,57,18665,18668,3,0.0001608316,0.00016079266666666666,1.3830109913598686e-06
30,58,18668,18671,3,0.0001730413,0.00017625426666666665,1.1577867799191504e-05
30,59,18671,18674,3,0.0002834417,0.0002886237,4.791817323653591e-05
30,60,18674,18678,4,0.00048170280000000003,0.0004769167,4.426215292521364e-05
30,61,18678,18681,3,0.0005656172,0.0005637026999999999,1.0830240463627756e-05
30,62,18681,18684,3,0.0005875459,0.0005865900666666667,2.1258648629570905e-06
30,63,18684,18687,3,0.0005909859,0.0005908405999999999,3.027216873631621e-07
30,64,18687,18691,4,0.0005897153000000001,0.0005886661000000001,2.4558992752147026e-06
30,65,18691,18694,3,0.0005644894,0.0005613887666666667,1.579538593183323e-05
30,66,18694,18697,3,0.0004548446,0.0004507405333333333,5.114747801728731e-05
30,67,18697,18700,3,0.0002189094,0.00022893213333333336,5.824685080959791e-05
30,68,18700,18704,4,3.2313985e-05,5.198863e-05,3.413464184329389e-05
30,69,18704,18707,3,3.253309e-05,3.252872666666667e-05,1.494139737627015e-08
30,70,18707,18710,3,3.27703e-05,3.2754059999999996e-05,3.567707106812223e-08
30,71,18710,18713,3,3.293224e-05,3.2886556666666664e-05,1.0725839651151722e-07
30,72,18713,18717,4,3.3033135e-05,3.30351575e-05,9.808576613734591e-08
30,73,18717,18720,3,3.30977e-05,3.3149966666666666e-05,7.982818605535873e-08
30,74,18720,18723,3,3.322622e-05,3.3239376666666666e-05,3.637231211909598e-08
30,75,18723,18726,3,3.337056e-05,3.337598e-05,2.3511137786165807e-08
30,76,18726,18730,4,3.3543414999999996e-05,3.3495925e-05,1.1315033020278833e-07
30,77,18730,18733,3,3.380374e-05,3.3796743333333335e-05,1.765020155377536e-07
30,78,18733,18736,3,3.529866e-05,3.580373333333334e-05,1.373417856403828e-06
30,79,18736,18739,3,5.140084e-05,5.521565333333333e-05,1.2487625346745828e-05
30,80,18739,18743,4,0.0006386389000000001,0.00063863485,1.0672866297297888e-07
30,81,18743,18746,3,0.0006386764,0.0006386913333333333,9.075760145698732e-08
30,82,18746,18749,3,0.0006388726,0.0006388580333333333,1.5201360319248182e-07
30,83,18749,18752,3,0.0006386031,0.0006386885666666667,1.2420634265429808e-07
30,84,18752,18756,4,0.0006382523000000001,0.000638220425,1.0536221749277074e-07
30,85,18756,18759,3,0.0006382171,0.0006381783333333333,2.998890943147282e-07
30,86,18759,18762,3,0.0006382816,0.0006383178666666666,1.1659314826448893e-07
30,87,18762,18765,3,0.0006389697,0.0006388806999999999,1.35089377820766e-07
30,88,18765,18769,4,0.00063899725,0.0006388913500000001,3.13117873172371e-07
30,89,18769,18772,3,0.000638796,0.0006386988666666668,2.0618401705486166e-07
30,90,18772,18775,3,0.0006387553,0.0006388238999999999,3.2945437721580427e-07
30,91,18775,18778,3,0.0006386429,0.0006388523000000001,3.653756788110674e-07
30,92,18778,18782,4,0.0006387238,0.0006387129499999999,3.0761701432136395e-07
30,93,18782,18785,3,0.0006386364,0.0006388508,3.531230946851274e-07
30,94,18785,18788,3,0.0006384192,0.0006383991,1.2731197901217197e-07
30,95,18788,18791,3,0.0006384779,0.0006385069333333333,1.9642261128042498e-07
30,96,18791,18795,4,0.000638163,0.000638186925,4.7330634041283804e-07
30,97,18795,18798,3,0.0006383109,0.0006382220333333333,1.7672625410187608e-07
30,98,18798,18801,3,0.0006380251,0.0006380083,1.682914931500433e-07
30,99,18801,18804,3,0.0006387132,0.0006385663999999999,3.2229838142109944e-07
31,0,19315,19318,3,3.336318e-05,3.335315333333333e-05,4.469752441566368e-08
31,1,19312,19315,3,3.325365e-05,3.327445333333333e-05,4.78258941950463e-08
31,2,19309,19312,3,3.326704e-05,3.327352e-05,5.715094458245219e-08
31,3,19305,19309,4,3.3273085000000004e-05,3.3263145e-05,5.595077948518784e-08
31,4,19302,19305,3,3.322116e-05,3.322778666666667e-05,7.653499475548512e-08
31,5,19299,19302,3,3.325735e-05,3.3253053333333336e-05,1.4380594177186277e-08
31,6,19296,19299,3,3.312817e-05,3.3151733333333337e-05,6.772384628441908e-08
31,7,19292,19296,4,3.3111505000000003e-05,3.31341775e-05,6.620967692679086e-08
31,8,19289,19292,3,3.307325e-05,3.309992333333333e-05,6.865528643561062e-08
31,9,19286,19289,3,3.309813e-05,3.309275333333333e-05,5.400235817896246e-08
31,10,19283,19286,3,3.299997e-05,3.304349e-05,7.345633124517063e-08
31,11,19279,19283,4,3.2989425e-05,3.2966785e-05,9.212361003021908e-08
31,12,19276,19279,3,3.251371e-05,3.257589333333333e-05,1.0390063276462342e-07
31,13,19273,19276,3,3.249845e-05,3.2454933333333327e-05,9.077587503785723e-08
31,14,19270,19273,3,3.240725e-05,3.240977e-05,1.9156415809506237e-08
31,15,19266,19270,4,3.2283565e-05,3.2275757499999994e-05,3.2526567122123035e-08
31,16,19263,19266,3,3.214357e-05,3.214375666666667e-05,3.079853387563858e-08
31,17,19260,19263,3,3.198441e-05,3.203308e-05,8.935534567109098e-08
31,18,19257,19260,3,3.197253e-05,3.191784666666667e-05,1.0637854054690196e-07
31,19,19253,19257,4,3.1768085e-05,3.17172825e-05,1.0791482552805332e-07
31,20,19250,19253,3,3.152084e-05,3.150272e-05,3.048611924576093e-08
31,21,19247,19250,3,3.121472e-05,6.29151e-05,4.484768293225712e-05
31,22,19244,19247,3,0.0002660807,0.00027392663333333333,5.7806500328615495e-05
31,23,19240,19244,4,0.0005123413,0.000506202125,4.822694060959989e-05
31,24,19237,19240,3,0.0005892687,0.0005862038333333333,6.998066686037105e-06
31,25,19234,19237,3,0.0005981189,0.0005978757666666667,6.354976282847371e-07
31,26,19231,19234,3,0.0005987559,0.0005988109666666666,1.6541637027679843e-07
31,27,19227,19231,4,0.0005986265000000001,0.000598558475,2.899900978913023e-07
31,28,19224,19227,3,0.0005986546,0.0005985561666666667,1.4683678770053188e-07
31,29,19221,19224,3,0.0005987444,0.0005987715666666667,3.350289970866473e-07
31,30,19218,19221,3,0.0006004013,0.0006004312666666666,1.995775594154315e-07
31,31,19214,19218,4,0.00059998025,0.00046770051000000006,0.00022924502489278864
31,32,19211,19214,3,4.237988e-05,4.271344333333333e-05,4.769199508095904e-06
31,33,19208,19211,3,3.456571e-05,3.4644879999999996e-05,6.45207905458905e-07
31,34,19205,19208,3,3.317253e-05,3.324104666666666e-05,1.3885553844033537e-07
31,35,19201,19205,4,3.294574e-05,3.2975727499999995e-05,7.913676022399366e-08
31,36,19198,19201,3,3.287486e-05,3.290524666666667e-05,7.280820527629535e-08
31,37,19195,19198,3,3.290021e-05,3.2894506666666664e-05,4.331956165778221e-08
31,38,19192,19195,3,3.282283e-05,3.2817733333333336e-05,5.192783475384093e-08
31,39,19188,19192,4,3.2766585e-05,3.275392e-05,5.311671911931401e-08
31,40,19185,19188,3,3.263372e-05,3.265379666666667e-05,6.883666384194265e-08
31,41,19182,19185,3,3.264921e-05,3.2608069999999995e-05,9.119063255985475e-08
31,42,19179,19182,3,3.253221e-05,3.253578333333333e-05,1.7275057806622206e-08
31,43,19175,19179,4,3.2359399999999994e-05,3.23638125e-05,2.3130056609312764e-08
31,44,19172,19175,3,3.217911e-05,3.218018333333334e-05,7.330708621195119e-09
31,45,19169,19172,3,3.192668e-05,3.199961e-05,1.0490421631183453e-07
31,46,19166,19169,3,3.184362e-05,3.179312666666666e-05,1.349659972816212e-07
31,47,19162,19166,4,0.0001995164,0.00020602689999999998,7.852917926567168e-05
31,48,19159,19162,3,0.0004742769,0.0004558526333333334,4.9052751753619516e-05
31,49,19156,19159,3,0.0005659133,0.0005606535666666666,1.3643364548217427e-05
31,50,19153,19156,3,0.0005900743,0.0005894399666666667,2.200205398492498e-06
31,51,19149,19153,4,0.00059312775,0.0005931225,2.568450408320079e-07
31,52,19146,19149,3,0.0005941217,0.0005939288333333333,2.9068370362913006e-07
31,53,19143,19146,3,0.0005940667,0.0005940175666666667,1.6687435060212336e-07
31,54,19140,19143,3,0.0005924684,0.000592663,3.8615841308974904e-07
31,55,19136,19140,4,0.0005930163499999999,0.000593133475,6.940581725438954e-07
31,56,19133,19136,3,0.0005947841,0.000594742,5.368152444432669e-07
31,57,19130,19133,3,0.0005952888,0.0005950282666666667,4.1995003935654527e-07
31,58,19127,19130,3,0.000592709,0.0005927027,9.803367414652584e-07
31,59,19123,19127,4,0.0005817018500000001,0.000580855425,6.307567095709334e-06
31,60,19120,19123,3,0.0005498081,0.0005455295666666666,1.4893632150986174e-05
31,61,19117,19120,3,0.0004503478,0.0004390529,4.859717112157866e-05
31,62,19114,19117,3,0.00027659,0.00028062193333333336,3.9330169828375895e-05
31,63,19110,19114,4,0.00020470120000000002,0.0002058087,5.562516181549499e-06
31,64,19107,19110,3,0.0001863308,0.00018622393333333334,7.878329671249409e-06
31,65,19104,19107,3,0.0001687146,0.00016767629999999998,2.929393080486128e-06
31,66,19101,19104,3,0.0001803497,0.00017862196666666667,3.8761256380853115e-06
31,67,19097,19101,4,4.4104505e-05,4.7456255e-05,1.0262768983448129e-05
31,68,19094,19097,3,3.479197e-05,3.4964950000000005e-05,5.922442313775642e-07
31,69,19091,19094,3,3.374255e-05,3.372355666666667e-05,2.1699988883765956e-07
31,70,19088,19091,3,3.344362e-05,3.344253333333334e-05,7.177429128097959e-09
31,71,19084,19088,4,3.3272485e-05,3.32746225e-05,2.7826669199708275e-08
31,72,19081,19084,3,3.314486e-05,3.312605666666667e-05,2.669806526490111e-08
31,73,19078,19081,3,3.300889e-05,3.3034703333333335e-05,9.811649889572815e-08
31,74,19075,19078,3,3.297622e-05,3.294984666666667e-05,5.679292522449783e-08
31,75,19071,19075,4,3.2772279999999997e-05,3.2746655e-05,6.436241974164699e-08
31,76,19068,19071,3,3.255692e-05,3.255604666666666e-05,1.6325285772552752e-08
31,77,19065,19068,3,3.225978e-05,3.229843666666667e-05,6.233656836524997e-08
31,78,19062,19065,3,3.22343e-05,6.386293e-05,4.4853515943499904e-05
31,79,19058,19062,4,0.00029459669999999996,0.0002945366,8.457575873629513e-05
31,80,19055,19058,3,0.0005049371,0.0005045190333333333,2.9190596493201197e-05
31,81,19052,19055,3,0.0005678419,0.0005663848333333333,7.236114098203712e-06
31,82,19049,19052,3,0.0005806343,0.0005800890666666666,1.6588616866862657e-06
31,83,19045,19049,4,0.0005842237000000001,0.0005840786749999999,5.508498950485443e-07
31,84,19042,19045,3,0.0005784634,0.0005777163333333333,3.76180595045634e-06
31,85,19039,19042,3,0.0005613416,0.0005621941666666667,3.147688729140109e-06
31,86,19036,19039,3,0.0005639943,0.0005657581666666667,5.418436626514654e-06
31,87,19032,19036,4,0.0006045635,0.0006032571000000001,1.2775503088528487e-05
31,88,19029,19032,3,0.0006319893,0.0006313558,3.9501761353134465e-06
31,89,19026,19029,3,0.0006379069,0.0006377276333333334,3.3086038680317364e-07
31,90,19023,19026,3,0.0006382124,0.0006381533333333334,2.1427616655979094e-07
31,91,19019,19023,4,0.0006381864499999999,0.0006381457499999999,2.1394663470126276e-07
31,92,19016,19019,3,0.0006383536,0.0006382815333333334,1.4205389431086998e-07
31,93,19013,19016,3,0.0006379026,0.0006377416333333334,3.2317786984191333e-07
31,94,19010,19013,3,0.0006380246,0.0006380427,1.8623409999247265e-07
31,95,19006,19010,4,0.00063829865,0.0006382853249999999,2.0977643307815189e-07
31,96,19003,19006,3,0.0006381066,0.0006380905333333333,6.984250536425063e-08
31,97,19000,19003,3,0.0006381263,0.0006379862666666666,2.2265827828509005e-07
31,98,18997,19000,3,0.0006378498,0.0006378735666666666,1.2139797728501066e-07
31,99,18993,18997,4,0.00063818035,0.000638048775,5.000362505609021e-07
32,0,19506,19510,4,3.359183e-05,3.35940225e-05,5.516155970193274e-08
32,1,19510,19513,3,3.359206e-05,3.356745333333333e-05,4.046956497034571e-08
32,2,19513,19516,3,3.359844e-05,3.359289e-05,6.39827481956398e-08
32,3,19516,19520,4,3.3600924999999994e-05,3.36010725e-05,5.531858339428015e-08
32,4,19520,19523,3,3.362636e-05,3.3624486666666664e-05,4.526146361850116e-08
32,5,19523,19526,3,3.355687e-05,3.358811666666667e-05,6.25123456251274e-08
32,6,19526,19529,3,3.359991e-05,3.359561e-05,5.5091344752752844e-08
32,7,19529,19533,4,3.3599295e-05,3.358679e-05,7.411914833563476e-08
32,8,19533,19536,3,3.336037e-05,3.3339713333333334e-05,4.902402562916187e-08
32,9,19536,19539,3,3.325114e-05,3.323713666666667e-05,6.177068146692912e-08
32,10,19539,19542,3,3.318093e-05,3.320433333333333e-05,3.748613106499697e-08
32,11,19542,19546,4,3.323085e-05,3.32338075e-05,5.898557848109908e-08
32,12,19546,19549,3,3.329064e-05,3.327239e-05,4.654816501932877e-08
32,13,19549,19552,3,3.330698e-05,3.326904333333333e-05,6.321447109290163e-08
32,14,19552,19555,3,3.321838e-05,3.324368666666667e-05,6.588574015335761e-08
32,15,19555,19559,4,3.328688e-05,3.32698975e-05,5.892962428821323e-08
32,16,19559,19562,3,3.329204e-05,3.328527e-05,6.117579968146244e-08
32,17,19562,19565,3,3.332712e-05,3.332816333333333e-05,3.539873287123252e-08
32,18,19565,19568,3,3.324719e-05,3.329039666666667e-05,6.971692541190189e-08
32,19,19568,19572,4,3.3320015e-05,3.3347985e-05,7.564457300428057e-08
32,20,19572,19575,3,3.350076e-05,3.349806333333333e-05,1.10536942040016e-08
32,21,19575,19578,3,3.416746e-05,3.4321653333333335e-05,4.745862605353075e-07
32,22,19578,19581,3,4.034337e-05,4.223517e-05,5.297970562797295e-06
32,23,19581,19585,4,0.00059973285,0.000466665565,0.00023066209490325815
32,24,19585,19588,3,0.0005998701,0.0005998418333333334,3.4342904491160833e-07
32,25,19588,19591,3,0.0006002799,0.0006003571666666666,1.715000745059532e-07
32,26,19591,19595,4,0.0005994634999999999,0.0005994594,3.6790370343337016e-07
32,27,19595,19598,3,0.0005986324,0.0005986401,2.026867698362824e-07
32,28,19598,19601,3,0.0005986125,0.0005986574333333334,1.2558050096337907e-07
32,29,19601,19604,3,0.0005970505,0.0005968277666666666,8.039062355495899e-07
32,30,19604,19608,4,0.0005792352500000001,0.0005746209250000001,1.581131443814444e-05
32,31,19608,19611,3,0.000467861,0.0004589475666666667,5.314316678459761e-05
32,32,19611,19614,3,0.0002344554,0.00024392583333333334,6.467770298870821e-05
32,33,19614,19617,3,3.152223e-05,6.105020333333333e-05,4.176985635024883e-05
32,34,19617,19621,4,3.1838085e-05,3.182049e-05,3.400091101720875e-08
32,35,19621,19624,3,3.210604e-05,3.208396333333334e-05,4.233432361046544e-08
32,36,19624,19627,3,3.226139e-05,3.222541333333333e-05,1.1117229101214616e-07
32,37,19627,19630,3,3.232425e-05,3.2343756666666666e-05,6.529098014954913e-08
32,38,19630,19634,4,3.2505285e-05,3.2505065e-05,5.5493826007944293e-08
32,39,19634,19637,3,3.263437e-05,3.262401e-05,4.022379726811819e-08
32,40,19637,19640,3,3.276213e-05,3.274944666666667e-05,3.7777446828615246e-08
32,41,19640,19643,3,3.281779e-05,3.2799103333333334e-05,8.495340696850034e-08
32,42,19643,19647,4,3.286601e-05,3.28785575e-05,7.197732121126833e-08
32,43,19647,19650,3,3.295769e-05,3.293902666666666e-05,3.5554926834718093e-08
32,44,19650,19653,3,3.306022e-05,3.304169666666667e-05,4.269961774484027e-08
32,45,19653,19656,3,3.326909e-05,3.325211666666666e-05,3.343490125934682e-08
32,46,19656,19660,4,3.3939984999999996e-05,3.40485575e-05,6.422117267060377e-07
32,47,19660,19663,3,4.166158e-05,4.249035e-05,4.792162076439681e-06
32,48,19663,19666,3,0.0005912624,0.00041762918666666664,0.0002468470311168876
32,49,19666,19669,3,0.0005855739,0.0005851538333333334,2.9961969509511633e-06
32,50,19669,19673,4,0.000566828,0.0005646106,1.057966155507824e-05
32,51,19673,19676,3,0.0005059476,0.0005032192666666667,2.5424295523945002e-05
32,52,19676,19679,3,0.0003704696,0.00037585393333333336,3.8495329359316075e-05
32,53,19679,19683,4,0.00026013205,0.0002621347,2.457830004953556e-05
32,54,19683,19686,3,0.0002151944,0.00021656413333333332,3.1346577424373215e-06
32,55,19686,19689,3,0.0002059544,0.0002066568,2.0694740990567254e-06
32,56,19689,19692,3,0.0001919534,0.00019119766666666666,7.742358197747127e-06
32,57,19692,19696,4,0.0001595786,0.0001627602,8.074391801244227e-06
32,58,19696,19699,3,0.0001559172,0.00015628046666666667,1.267218487694822e-06
32,59,19699,19702,3,0.0001718473,0.00017879046666666667,1.7781583831656344e-05
32,60,19702,19705,3,0.0002957534,0.0003002768333333333,4.6864527362767195e-05
32,61,19705,19709,4,0.00047135859999999994,0.00046826177500000003,4.219098684591146e-05
32,62,19709,19712,3,0.0005584722,0.0005573540333333333,1.0156726678851257e-05
32,63,19712,19715,3,0.0005826199,0.0005811528333333334,3.0246240034460778e-06
32,64,19715,19718,3,0.0005858768,0.0005855613,8.600204454933981e-07
32,65,19718,19722,4,0.00057280615,0.00056898685,1.4281202045083612e-05
32,66,19722,19725,3,0.000468414,0.0004652288000000001,4.606916180794554e-05
32,67,19725,19728,3,0.0002367358,0.00024645766666666664,5.9606639832898555e-05
32,68,19728,19731,3,3.194486e-05,6.190128000000001e-05,4.242530402842467e-05
32,69,19731,19735,4,3.2066509999999996e-05,3.20843525e-05,1.2606162825677868e-07
32,70,19735,19738,3,3.225416e-05,3.228697666666667e-05,7.459347975676025e-08
32,71,19738,19741,3,3.248924e-05,3.247347e-05,2.5330096723069695e-08
32,72,19741,19744,3,3.266375e-05,3.262815333333333e-05,5.789532527664948e-08
32,73,19744,19748,4,3.2757805e-05,3.27391075e-05,8.792826660835787e-08
32,74,19748,19751,3,3.281606e-05,3.283782e-05,8.600116317043e-08
32,75,19751,19754,3,3.292366e-05,3.291764333333333e-05,2.4761069354039448e-08
32,76,19754,19758,4,3.3085665e-05,3.308914e-05,1.7170805164579186e-08
32,77,19758,19761,3,3.341121e-05,3.342033666666667e-05,6.678353156945865e-08
32,78,19761,19764,3,3.500799e-05,3.5414593333333335e-05,1.3604456775222194e-06
32,79,19764,19767,3,5.019666e-05,5.510105666666666e-05,1.3189374005949722e-05
32,80,19767,19771,4,0.0006380666500000001,0.000638103725,1.3006176177109313e-07
32,81,19771,19774,3,0.0006375819,0.0006377028666666667,2.543343250308481e-07
32,82,19774,19777,3,0.0006379267,0.000637949,2.877982742593559e-07
32,83,19777,19780,3,0.0006378786,0.0006378152666666666,1.8322680541400174e-07
32,84,19780,19784,4,0.0006378699,0.000637921575,2.037862038387135e-07
32,85,19784,19787,3,0.0006378964,0.0006378894666666667,5.2160095432729e-08
32,86,19787,19790,3,0.0006377943,0.0006376910333333333,2.8570951837293027e-07
32,87,19790,19793,3,0.0006376843,0.0006377670333333334,1.8317999041623842e-07
32,88,19793,19797,4,0.00063793835,0.0006378298750000001,2.676678854009259e-07
32,89,19797,19800,3,0.000638076,0.0006380263,1.2126881984529373e-07
32,90,19800,19803,3,0.0006377323,0.0006378528666666667,1.9813319313587862e-07
32,91,19803,19806,3,0.0006378787,0.0006379252999999999,1.5907446893410422e-07
32,92,19806,19810,4,0.000637999,0.000637964025,1.111436542273355e-07
32,93,19810,19813,3,0.0006377526,0.0006379463666666667,3.4714700376383273e-07
32,94,19813,19816,3,0.0006378628,0.000637883,1.766965760845377e-07
32,95,19816,19819,3,0.000637895,0.0006379776,1.5074284947108875e-07
32,96,19819,19823,4,0.0006378251,0.0006378075250000001,5.129611949260904e-08
32,97,19823,19826,3,0.0006375694,0.0006375060333333333,1.4186148956718128e-07
32,98,19826,19829,3,0.0006377901,0.0006377621,5.80243626993683e-08
32,99,19829,19832,3,0.0006377727,0.0006377496666666667,1.1073729673826043e-07
33,0,20325,20328,3,3.323513e-05,3.321716333333333e-05,5.7235323203615024e-08
33,1,20322,20325,3,3.320521e-05,3.32419e-05,5.2000673713583735e-08
33,2,20319,20322,3,3.319352e-05,3.3161593333333335e-05,6.00267631052108e-08
33,3,20316,20319,3,3.306054e-05,3.311048e-05,7.81535019475561e-08
33,4,20313,20316,3,3.31742e-05,3.3122263333333335e-05,1.0287589945603556e-07
33,5,20310,20313,3,3.30883e-05,3.30851e-05,1.897199515074603e-08
33,6,20307,20310,3,3.298087e-05,3.302259333333333e-05,7.581496612733485e-08
33,7,20304,20307,3,3.264713e-05,3.278620333333333e-05,2.0346247243383438e-07
33,8,20300,20304,4,3.2538055e-05,3.2534395000000004e-05,8.919419613965932e-08
33,9,20297,20300,3,3.249995e-05,3.244502666666666e-05,8.675013711164462e-08
33,10,20294,20297,3,3.239393e-05,3.237963666666667e-05,2.2215871703706417e-08
33,11,20291,20294,3,3.221898e-05,3.2235239999999995e-05,2.6601692928581885e-08
33,12,20288,20291,3,3.209019e-05,3.2142456666666665e-05,8.94981647235794e-08
33,13,20285,20288,3,3.210999e-05,3.205772e-05,7.8201955218523e-08
33,14,20282,20285,3,3.190802e-05,3.189683333333333e-05,1.8130205612612758e-08
33,15,20279,20282,3,3.165527e-05,3.167853666666667e-05,4.9478115251987076e-08
33,16,20275,20279,4,3.1420835000000005e-05,3.1454565e-05,1.3197843772753093e-07
33,17,20272,20275,3,0.0001553212,0.00016012990000000002,5.0253160668956934e-05
33,18,20269,20272,3,0.0003910332,0.00037812010000000005,7.018976370340621e-05
33,19,20266,20269,3,0.0005434181,0.0005359163333333333,2.5742083871400614e-05
33,20,20263,20266,3,0.0005892074,0.0005872640666666666,5.777573731439729e-06
33,21,20260,20263,3,0.0005954987,0.0005955974666666667,4.717847272739089e-07
33,22,20257,20260,3,0.0005972288,0.0005972020333333334,1.5940548575529348e-07
33,23,20254,20257,3,0.0005972112,0.0005974330666666666,3.7844757746465173e-07
33,24,20250,20254,4,0.000598541,0.0005985601,3.491620111066093e-07
33,25,20247,20250,3,0.0005989765,0.0005990662666666667,1.9032183853206176e-07
33,26,20244,20247,3,0.0005989283,0.0005990445,2.435507749936531e-07
33,27,20241,20244,3,0.0005984218,0.00042631184333333325,0.0002434923767616509
33,28,20238,20241,3,4.382216e-05,4.578606666666667e-05,6.732324472777255e-06
33,29,20235,20238,3,3.479115e-05,3.481695666666667e-05,6.502526967435238e-07
33,30,20232,20235,3,3.324169e-05,3.328574e-05,2.5917698907631783e-07
33,31,20229,20232,3,3.300324e-05,3.298294333333333e-05,3.9776921561235565e-08
33,32,20226,20229,3,3.286294e-05,3.2862273333333335e-05,4.721218580926796e-08
33,33,20222,20226,4,3.2803185e-05,3.2808357499999996e-05,6.040182587265162e-08
33,34,20219,20222,3,3.268344e-05,3.273224666666667e-05,8.154016774299385e-08
33,35,20216,20219,3,3.275165e-05,3.269541666666667e-05,8.332323898862405e-08
33,36,20213,20216,3,3.265537e-05,3.264185333333333e-05,2.4572353480193324e-08
33,37,20210,20213,3,3.248625e-05,3.250359e-05,3.114172228163834e-08
33,38,20207,20210,3,3.236073e-05,3.2417536666666664e-05,8.743058249580592e-08
33,39,20204,20207,3,3.239756e-05,3.2342749999999995e-05,8.290901559340147e-08
33,40,20201,20204,3,3.221002e-05,3.2195573333333337e-05,2.1270513758616994e-08
33,41,20197,20201,4,3.1979830000000004e-05,3.19911875e-05,3.7632123495092814e-08
33,42,20194,20197,3,3.171072e-05,3.172549333333333e-05,2.940926649128699e-08
33,43,20191,20194,3,0.0001088707,9.312921666666666e-05,4.517489394088884e-05
33,44,20188,20191,3,0.0003062149,0.00029368403333333333,6.39982082672285e-05
33,45,20185,20188,3,0.0005050573,0.0004959585666666667,3.440914579820636e-05
33,46,20182,20185,3,0.0005759288,0.0005747121,8.328606981962829e-06
33,47,20179,20182,3,0.0005911074,0.0005909424333333333,5.422346376083052e-07
33,48,20176,20179,3,0.0005909899,0.0005908447666666667,3.9250797302591404e-07
33,49,20172,20176,4,0.0005922049999999999,0.00059225705,2.2199740426409713e-07
33,50,20169,20172,3,0.0005923285,0.0005923620333333333,1.3076598266452406e-07
33,51,20166,20169,3,0.000591017,0.0005911749000000001,6.137545817887178e-07
33,52,20163,20166,3,0.0005893714,0.0005892278666666667,2.35966344116151e-07
33,53,20160,20163,3,0.0005896503,0.0005898363,4.644116349389172e-07
33,54,20157,20160,3,0.0005916354,0.0005918584333333333,5.163283989434925e-07
33,55,20154,20157,3,0.000591915,0.0005914205666666667,7.982169977866933e-07
33,56,20151,20154,3,0.0005876072,0.0005870054666666666,2.328498327725891e-06
33,57,20148,20151,3,0.0005717759,0.0005737244,5.327422563178803e-06
33,58,20144,20148,4,0.0005484800500000001,0.000546864425,1.3288181350240347e-05
33,59,20141,20144,3,0.000478018,0.0004756971,2.3706085163518673e-05
33,60,20138,20141,3,0.0003846767,0.0003863388333333333,2.3237676617271547e-05
33,61,20135,20138,3,0.0003051444,0.0003058821333333333,2.1095822566933835e-05
33,62,20132,20135,3,0.0002542357,0.0002537537,9.641420497347183e-06
33,63,20129,20132,3,0.0002129656,0.00021540056666666667,1.1528287809365083e-05
33,64,20126,20129,3,0.0001796265,0.00014171598333333335,5.8961247419107595e-05
33,65,20123,20126,3,3.92864e-05,4.021693e-05,3.5148839962745085e-06
33,66,20119,20123,4,3.413508e-05,3.4201625e-05,6.440326754327002e-07
33,67,20116,20119,3,3.323571e-05,3.320067e-05,1.1701981627057858e-07
33,68,20113,20116,3,3.302599e-05,3.3012883333333334e-05,2.4805253923759766e-08
33,69,20110,20113,3,3.285992e-05,3.2850746666666666e-05,3.200142635710113e-08
33,70,20107,20110,3,3.278107e-05,3.277216000000001e-05,9.426709959825273e-08
33,71,20104,20107,3,3.270998e-05,3.269008333333333e-05,4.080788513129383e-08
33,72,20101,20104,3,3.254067e-05,3.252144e-05,3.0060848291424853e-08
33,73,20098,20101,3,3.231476e-05,3.2354606666666666e-05,7.992236913961524e-08
33,74,20094,20098,4,3.2158080000000005e-05,3.2169555e-05,1.279524672485834e-07
33,75,20091,20094,3,3.198248e-05,3.192018e-05,1.3026380182793135e-07
33,76,20088,20091,3,0.0001127098,9.999222999999999e-05,5.1344539547068355e-05
33,77,20085,20088,3,0.0003033107,0.0003013340666666667,5.9440607061746e-05
33,78,20082,20085,3,0.0004916671,0.0004906723666666667,3.1741668761144606e-05
33,79,20079,20082,3,0.0005660626,0.0005647655000000001,9.151037386365926e-06
33,80,20076,20079,3,0.0005841603,0.0005836953666666666,2.9871725698764422e-06
33,81,20073,20076,3,0.0005891381,0.0005888642000000001,7.061197396098185e-07
33,82,20070,20073,3,0.0005883125,0.0005880364666666667,1.362052789807445e-06
33,83,20066,20070,4,0.00057440165,0.000574649825,5.803308343253445e-06
33,84,20063,20066,3,0.0005665395,0.000567685,1.6524729125364732e-06
33,85,20060,20063,3,0.0005915188,0.0005923517333333334,1.0572901665841584e-05
33,86,20057,20060,3,0.0006231407,0.0006224591333333333,6.0184135153894436e-06
33,87,20054,20057,3,0.0006357704,0.0006352889000000001,1.454858116793537e-06
33,88,20051,20054,3,0.0006371684,0.0006372370333333333,1.6648804428211875e-07
33,89,20048,20051,3,0.0006372303,0.0006371228000000001,2.2698750332708595e-07
33,90,20045,20048,3,0.0006373779,0.0006374079666666667,1.2092874853492184e-07
33,91,20041,20045,4,0.00063743005,0.0006374589749999999,9.035583475902684e-08
33,92,20038,20041,3,0.0006372632,0.0006374190333333333,3.396232455072769e-07
33,93,20035,20038,3,0.0006375731,0.0006375626333333333,2.2033346444779162e-07
33,94,20032,20035,3,0.0006378037,0.0006377498666666667,1.0113055368624943e-07
33,95,20029,20032,3,0.0006376884,0.0006376727666666666,1.2561545375558722e-07
33,96,20026,20029,3,0.0006373685,0.0006373836333333333,2.6671923231910655e-07
33,97,20023,20026,3,0.0006371637,0.0006371935333333332,4.9430647263484816e-08
33,98,20020,20023,3,0.0006371092,0.0006370612333333334,3.0964162439106016e-07
33,99,20016,20020,4,0.00063722325,0.000637224475,4.130286763650551e-08
34,0,20509,20513,4,3.3563364999999995e-05,3.356294e-05,6.315666829401385e-08
34,1,20513,20516,3,3.361311e-05,3.3600383333333334e-05,4.043459272564558e-08
34,2,20516,20519,3,3.349368e-05,3.3529810000000006e-05,6.786654895209217e-08
34,3,20519,20522,3,3.327427e-05,3.3248359999999996e-05,5.417025813734567e-08
34,4,20522,20525,3,3.323712e-05,3.322282e-05,6.839021908626152e-08
34,5,20525,20528,3,3.327205e-05,3.326823333333333e-05,2.953783825686742e-08
34,6,20528,20531,3,3.32815e-05,3.3244866666666664e-05,7.261978120472486e-08
34,7,20531,20534,3,3.323063e-05,3.3234916666666666e-05,6.800826289666742e-08
34,8,20534,20538,4,3.327139e-05,3.32576e-05,6.072303804982121e-08
34,9,20538,20541,3,3.327527e-05,3.326408666666666e-05,6.02843718461813e-08
34,10,20541,20544,3,3.332405e-05,3.3317049999999996e-05,3.3799926035423356e-08
34,11,20544,20547,3,3.324072e-05,3.3281493333333334e-05,6.238007712581121e-08
34,12,20547,20550,3,3.325165e-05,3.3273953333333335e-05,4.713028066493524e-08
34,13,20550,20553,3,3.336375e-05,3.335213333333333e-05,2.9495233889940114e-08
34,14,20553,20556,3,3.336773e-05,3.3337873333333334e-05,7.943998755174897e-08
34,15,20556,20559,3,3.33754e-05,3.342547666666666e-05,8.862655521280658e-08
34,16,20559,20563,4,3.377373e-05,3.39174075e-05,3.3996362727319826e-07
34,17,20563,20566,3,3.844681e-05,3.9539486666666664e-05,3.375640105267281e-06
34,18,20566,20569,3,7.759538e-05,0.00024522386,0.0002502857524594542
34,19,20569,20572,3,0.0005985487,0.0005984025333333334,3.9147884006958e-07
34,20,20572,20575,3,0.0005984264,0.0005983404333333333,1.5531731677083267e-07
34,21,20575,20578,3,0.0005987473,0.0005986801333333334,1.488311869945947e-07
34,22,20578,20581,3,0.0005987409,0.0005987240666666667,8.643318549927846e-08
34,23,20581,20584,3,0.000598232,0.0005980749666666666,3.759101163250912e-07
34,24,20584,20587,3,0.0005966254,0.0005964341666666668,8.595734458956662e-07
34,25,20587,20591,4,0.0005901131,0.00058916095,4.40644259493982e-06
34,26,20591,20594,3,0.0005518194,0.0005473534,2.2655719139031252e-05
34,27,20594,20597,3,0.0003963868,0.0003984007666666667,6.477628644734806e-05
34,28,20597,20600,3,0.0001679135,0.0001785964,5.1316577606136844e-05
34,29,20600,20603,3,3.169717e-05,3.162970333333333e-05,1.3655728329980127e-07
34,30,20603,20606,3,3.177411e-05,3.184713666666667e-05,1.0857866866419556e-07
34,31,20606,20609,3,3.204932e-05,3.204468e-05,1.2837112863360375e-08
34,32,20609,20612,3,3.226148e-05,3.2264413333333334e-05,1.4220319577595517e-08
34,33,20612,20616,4,3.2443115e-05,3.24017525e-05,8.853315688909941e-08
34,34,20616,20619,3,3.259733e-05,3.2544149999999996e-05,9.951953510073691e-08
34,35,20619,20622,3,3.259867e-05,3.262769e-05,7.824819784932328e-08
34,36,20622,20625,3,3.271095e-05,3.271595666666667e-05,3.4337044459623337e-08
34,37,20625,20628,3,3.28606e-05,3.284229333333334e-05,2.8451261639667984e-08
34,38,20628,20631,3,3.295408e-05,3.289815333333333e-05,8.222314407891695e-08
34,39,20631,20634,3,3.29041e-05,3.293487666666667e-05,7.404034050584861e-08
34,40,20634,20637,3,3.29768e-05,3.299194e-05,3.6268152236731726e-08
34,41,20637,20641,4,3.31995e-05,3.318199e-05,4.057468853854548e-08
34,42,20641,20644,3,3.360585e-05,3.368174666666667e-05,2.525340619049685e-07
34,43,20644,20647,3,3.667305e-05,3.7705246666666665e-05,2.7602809480477786e-06
34,44,20647,20650,3,6.284859e-05,0.0002344239966666667,0.0002529688718733513
34,45,20650,20653,3,0.00058957,0.0005896957333333333,9.261021014025489e-07
34,46,20653,20656,3,0.0005807418,0.0005794705000000001,5.879199151245e-06
34,47,20656,20659,3,0.0005576997,0.0005589179666666667,5.461166743064676e-06
34,48,20659,20662,3,0.0005481558,0.0005466382666666666,3.820355037893135e-06
34,49,20662,20665,3,0.0004895548,0.0004917637,2.410395469807117e-05
34,50,20665,20669,4,0.00038604915,0.00038799357500000003,2.574508885315556e-05
34,51,20669,20672,3,0.0003069389,0.00030919350000000004,2.1410577229646734e-05
34,52,20672,20675,3,0.0002417141,0.00024416186666666666,1.6412917279657767e-05
34,53,20675,20678,3,0.0002111656,0.0002110559,4.899797657726967e-06
34,54,20678,20681,3,0.0001947429,0.00019458910000000004,5.259525762525236e-06
34,55,20681,20684,3,0.0001865507,0.00018564526666666666,2.138396356047116e-06
34,56,20684,20687,3,0.0001737363,0.00017403756666666665,9.770914707550302e-07
34,57,20687,20690,3,0.0001943926,0.0001990469333333333,1.785530091846365e-05
34,58,20690,20694,4,0.00032509244999999996,0.000326302825,5.172106530638049e-05
34,59,20694,20697,3,0.0004803253,0.00047622766666666666,2.8624748562544418e-05
34,60,20697,20700,3,0.0005546283,0.0005530890666666666,1.2760537724911493e-05
34,61,20700,20703,3,0.0005816414,0.0005809256,2.3345341676659994e-06
34,62,20703,20706,3,0.0005757377,0.0005735360333333334,6.486339681378231e-06
34,63,20706,20709,3,0.00051961,0.0005123459,3.045224651844263e-05
34,64,20709,20712,3,0.00033134,0.00032680546666666673,6.941000930631131e-05
34,65,20712,20715,3,0.0001254235,0.00011303967666666667,6.17951240518734e-05
34,66,20715,20719,4,3.2212965e-05,3.21546525e-05,1.2465280369389905e-07
34,67,20719,20722,3,3.244543e-05,3.2395463333333334e-05,1.161166704463905e-07
34,68,20722,20725,3,3.248713e-05,3.2542043333333335e-05,9.19268119514407e-08
34,69,20725,20728,3,3.2677e-05,3.268339e-05,1.8360212417071845e-08
34,70,20728,20731,3,3.285747e-05,3.284101e-05,2.337702005531786e-08
34,71,20731,20734,3,3.29925e-05,3.2945863333333334e-05,7.239690708556214e-08
34,72,20734,20737,3,3.295315e-05,3.300110666666667e-05,8.787260715882398e-08
34,73,20737,20740,3,3.309374e-05,3.308461666666667e-05,2.7757529108733148e-08
34,74,20740,20743,3,3.329518e-05,3.3291273333333334e-05,1.474571425495905e-08
34,75,20743,20747,4,3.3713740000000005e-05,3.3778985e-05,3.4360467528105453e-07
34,76,20747,20750,3,3.805449e-05,3.9030003333333335e-05,3.4596871114050516e-06
34,77,20750,20753,3,7.805949e-05,0.00025652419,0.00026962804924392307
34,78,20753,20756,3,0.0006375787,0.0006374767666666667,2.3519983465606047e-07
34,79,20756,20759,3,0.0006373745,0.0006373583,2.498893088282851e-08
34,80,20759,20762,3,0.0006374442,0.0006375191333333333,1.6687259278330758e-07
34,81,20762,20765,3,0.0006373276,0.0006373270333333333,2.393563080894297e-07
34,82,20765,20768,3,0.0006373938,0.0006372825666666667,2.331039872865382e-07
34,83,20768,20772,4,0.0006370954,0.000637068475,5.965267701455282e-08
34,84,20772,20775,3,0.0006372456,0.0006372624,8.73600976800321e-08
34,85,20775,20778,3,0.0006370224,0.000637042,1.0421250724679621e-07
34,86,20778,20781,3,0.0006372097,0.0006371989666666667,2.844053953231158e-07
34,87,20781,20784,3,0.0006370582,0.0006369453333333334,2.3223059421378603e-07
34,88,20784,20787,3,0.0006371266,0.0006371323,9.647165386788477e-08
34,89,20787,20790,3,0.0006368501,0.0006368279333333333,7.1110352426531e-08
34,90,20790,20793,3,0.0006372654,0.0006371838333333333,1.3963739550069743e-07
34,91,20793,20797,4,0.00063695375,0.0006369608750000001,1.7577058023171497e-07
34,92,20797,20800,3,0.0006366558,0.0006367740333333333,2.5345958696054127e-07
34,93,20800,20803,3,0.0006369104,0.0006368826666666667,5.276901447711607e-08
34,94,20803,20806,3,0.0006371126,0.0006370476999999999,1.9883713603518957e-07
34,95,20806,20809,3,0.0006369546,0.0006369352666666667,1.7485724336027752e-07
34,96,20809,20812,3,0.000636982,0.0006369964333333334,1.5436982290013036e-07
34,97,20812,20815,3,0.0006369705,0.0006369742666666666,1.91854360272459e-07
34,98,20815,20818,3,0.0006371888,0.0006372542333333333,9.79598670658457e-08
34,99,20818,20821,3,0.0006372233,0.0006370870333333333,3.0847545913553397e-07
35,0,21311,21314,3,3.354463e-05,3.3522213333333334e-05,6.355192540137813e-08
35,1,21308,21311,3,3.352817e-05,3.3499093333333337e-05,7.290441977152065e-08
35,2,21305,21308,3,3.342201e-05,3.341732666666667e-05,2.0634974086621987e-08
35,3,21302,21305,3,3.336132e-05,3.339934666666666e-05,5.993263180901773e-08
35,4,21299,21302,3,3.345828e-05,3.340042666666667e-05,9.257494345424034e-08
35,5,21296,21299,3,3.335256e-05,3.3353600000000005e-05,3.046419975424746e-08
35,6,21293,21296,3,3.327995e-05,3.328032333333333e-05,5.7563614279236926e-08
35,7,21290,21293,3,3.306302e-05,3.314100666666666e-05,1.9894544014768561e-07
35,8,21286,21290,4,3.2887535e-05,3.287273250000001e-05,9.64275138057062e-08
35,9,21283,21286,3,3.281132e-05,3.280080333333333e-05,4.375975649942232e-08
35,10,21280,21283,3,3.269199e-05,3.268703e-05,4.50033606152563e-08
35,11,21277,21280,3,3.256942e-05,3.258065666666667e-05,6.156028066501524e-08
35,12,21274,21277,3,3.253763e-05,3.250373666666666e-05,9.792039941821213e-08
35,13,21271,21274,3,3.241458e-05,3.2413786666666666e-05,2.8656356285394645e-08
35,14,21268,21271,3,3.223979e-05,3.222777333333333e-05,2.450855950252812e-08
35,15,21265,21268,3,3.199858e-05,3.2041723333333335e-05,7.961454906122418e-08
35,16,21261,21265,4,3.1778550000000004e-05,3.18069275e-05,1.3362051851699312e-07
35,17,21258,21261,3,0.0001301844,0.00012234089333333333,7.106006253597085e-05
35,18,21255,21258,3,0.0003546778,0.0003460795333333333,7.048126579592308e-05
35,19,21252,21255,3,0.0005289509,0.0005187455666666668,3.266138594960245e-05
35,20,21249,21252,3,0.0005834399,0.0005806336,7.227007765781512e-06
35,21,21246,21249,3,0.0005959837,0.0005955659666666667,1.1216939402330472e-06
35,22,21243,21246,3,0.0005979711,0.0005978971,1.8905598817985448e-07
35,23,21240,21243,3,0.0005981769,0.0005983886333333333,3.2131655557854983e-07
35,24,21236,21240,4,0.0005981573,0.0005981609749999999,4.6847669299015694e-07
35,25,21233,21236,3,0.0005977454,0.0005977085666666666,2.66595853097658e-07
35,26,21230,21233,3,0.0005983385,0.0005983413666666667,1.3073681790359104e-07
35,27,21227,21230,3,0.0005989955,0.0004243647466666667,0.00024736253868928295
35,28,21224,21227,3,4.153629e-05,4.317521e-05,5.23045916227884e-06
35,29,21221,21224,3,3.504248e-05,3.500381333333333e-05,5.715650687561496e-07
35,30,21218,21221,3,3.348792e-05,3.352940666666667e-05,1.3141620836952207e-07
35,31,21215,21218,3,3.318925e-05,3.3251680000000004e-05,8.86643833039332e-08
35,32,21212,21215,3,3.324746e-05,3.319272333333334e-05,8.320264031601024e-08
35,33,21208,21212,4,3.3140795000000006e-05,3.3118405e-05,7.246537880256953e-08
35,34,21205,21208,3,3.309992e-05,3.3083613333333335e-05,2.870106424662397e-08
35,35,21202,21205,3,3.296164e-05,3.296052333333334e-05,2.393229663493116e-08
35,36,21199,21202,3,3.286891e-05,3.290493666666667e-05,8.603042149276134e-08
35,37,21196,21199,3,3.287586e-05,3.286179333333334e-05,4.57406145807222e-08
35,38,21193,21196,3,3.274062e-05,3.273142666666667e-05,3.5007855626351974e-08
35,39,21190,21193,3,3.256421e-05,3.259340333333334e-05,6.962596083518238e-08
35,40,21187,21190,3,3.251198e-05,3.247674e-05,1.1220431750457024e-07
35,41,21183,21187,4,3.2331525e-05,3.22805725e-05,1.1151034646502517e-07
35,42,21180,21183,3,3.207298e-05,3.205115e-05,3.533239589951338e-08
35,43,21177,21180,3,0.0001160829,0.00010095797,5.145184373268334e-05
35,44,21174,21177,3,0.0003149624,0.00030409846666666667,5.972791760873264e-05
35,45,21171,21174,3,0.0005116792,0.0005043768000000001,3.22637341770395e-05
35,46,21168,21171,3,0.0005764835,0.0005758655999999999,7.380641566964224e-06
35,47,21165,21168,3,0.000592073,0.0005918339333333333,9.51093526187378e-07
35,48,21162,21165,3,0.000592448,0.0005924108666666667,2.55690455216652e-07
35,49,21158,21162,4,0.0005927549,0.000592685325,2.1599618486211556e-07
35,50,21155,21158,3,0.0005930288,0.0005929524333333334,3.184324348359385e-07
35,51,21152,21155,3,0.000591706,0.0005918597333333333,8.187643793478669e-07
35,52,21149,21152,3,0.000588476,0.0005885050666666667,2.2352391868039044e-07
35,53,21146,21149,3,0.0005893465,0.0005896282666666666,5.696798301580317e-07
35,54,21143,21146,3,0.0005916232,0.0005918632333333333,4.344843866265021e-07
35,55,21140,21143,3,0.0005922868,0.0005919786333333333,7.857131466946924e-07
35,56,21137,21140,3,0.0005887435,0.0005881545000000001,1.8530120902645594e-06
35,57,21134,21137,3,0.0005721129,0.0005732791,7.554461191022612e-06
35,58,21130,21134,4,0.00055103385,0.0005507188,6.118487793156075e-06
35,59,21127,21130,3,0.0005174348,0.0005076363666666667,2.1022255691898447e-05
35,60,21124,21127,3,0.0004233639,0.0004125891666666667,3.397503750111576e-05
35,61,21121,21124,3,0.0003251131,0.00032639576666666667,1.6646963473525398e-05
35,62,21118,21121,3,0.0002856029,0.0002887059666666667,1.029225503030745e-05
35,63,21115,21118,3,0.0002581466,0.00025991089999999995,6.724601875204202e-06
35,64,21112,21115,3,8.171933e-05,0.00012861664333333335,8.185163114226307e-05
35,65,21109,21112,3,4.011893e-05,4.126152666666667e-05,3.991387753838117e-06
35,66,21105,21109,4,3.4474405000000004e-05,3.45916225e-05,5.851766506951134e-07
35,67,21102,21105,3,3.346684e-05,3.3523449999999995e-05,8.776981751528705e-08
35,68,21099,21102,3,3.337739e-05,3.337212333333334e-05,9.920893687342662e-08
35,69,21096,21099,3,3.330116e-05,3.327885666666667e-05,5.156287187071171e-08
35,70,21093,21096,3,3.315652e-05,3.314315666666667e-05,3.389348249377157e-08
35,71,21090,21093,3,3.299794e-05,3.299398e-05,4.1042934430502766e-08
35,72,21087,21090,3,3.287316e-05,3.2874770000000004e-05,1.0532196447085529e-07
35,73,21084,21087,3,3.279206e-05,3.2761043333333334e-05,5.080381109938653e-08
35,74,21080,21084,4,3.2538055e-05,3.25168475e-05,5.118686959318873e-08
35,75,21077,21080,3,3.223595e-05,3.223854e-05,8.451512685114855e-09
35,76,21074,21077,3,0.0001222668,0.00010665472333333332,5.560875654615697e-05
35,77,21071,21074,3,0.0003191397,0.0003178476333333333,5.8994952050794616e-05
35,78,21068,21071,3,0.0005011828,0.0005021184666666668,3.093098667779971e-05
35,79,21065,21068,3,0.0005747752,0.0005744261666666667,8.872831406916014e-06
35,80,21062,21065,3,0.0005892473,0.0005886248333333333,9.979272429502102e-07
35,81,21059,21062,3,0.0005886418,0.0005888137666666667,3.412043408607467e-07
35,82,21056,21059,3,0.0005866726,0.0005868741333333333,1.570965939230461e-06
35,83,21052,21056,4,0.00057278655,0.000573017275,5.002524327464619e-06
35,84,21049,21052,3,0.000566718,0.0005664708000000001,1.002098840767053e-06
35,85,21046,21049,3,0.0005894763,0.0005896488333333333,1.0839270457102856e-05
35,86,21043,21046,3,0.0006220132,0.0006213379333333334,6.446393878406396e-06
35,87,21040,21043,3,0.0006355649,0.0006351672,1.466334766234058e-06
35,88,21037,21040,3,0.0006369274,0.0006369861666666667,2.430971867838614e-07
35,89,21034,21037,3,0.0006370529,0.0006370092,1.688052724295316e-07
35,90,21031,21034,3,0.0006372246,0.0006372050333333333,4.2526096563035675e-08
35,91,21027,21031,4,0.000636607,0.000636647425,9.226538828295157e-08
35,92,21024,21027,3,0.0006367496,0.0006367013666666667,2.591646366480112e-07
35,93,21021,21024,3,0.0006371391,0.0006369321333333333,3.225581119047793e-07
35,94,21018,21021,3,0.0006369299,0.0006369561000000001,2.1700056835561603e-07
35,95,21015,21018,3,0.0006369613,0.0006369562999999999,1.967129888950334e-08
35,96,21012,21015,3,0.0006368327,0.0006368600666666666,2.1028283070401524e-07
35,97,21009,21012,3,0.0006370061,0.0006368653666666667,2.685574467822776e-07
35,98,21006,21009,3,0.0006367905,0.0006369244333333334,2.5631035007497766e-07
35,99,21002,21006,4,0.00063702295,0.0006370593249999999,1.9314361722561444e-07
36,0,21495,21499,4,3.384381e-05,3.383898e-05,6.003409822758996e-08
36,1,21499,21502,3,3.38548e-05,3.384155e-05,5.363162934935644e-08
36,2,21502,21505,3,3.378986e-05,3.3782883333333335e-05,2.822394531047763e-08
36,3,21505,21508,3,3.358093e-05,3.3583889999999995e-05,8.554546081859911e-08
36,4,21508,21511,3,3.361557e-05,3.359558333333334e-05,4.422947006490385e-08
36,5,21511,21514,3,3.360588e-05,3.3575779999999997e-05,6.828078841568033e-08
36,6,21514,21517,3,3.353066e-05,3.3562986666666665e-05,6.784144718058164e-08
36,7,21517,21520,3,3.354068e-05,3.355971e-05,3.627286129693386e-08
36,8,21520,21524,4,3.3578555e-05,3.358672e-05,6.13320882572895e-08
36,9,21524,21527,3,3.363789e-05,3.362354e-05,4.565323719810887e-08
36,10,21527,21530,3,3.36606e-05,3.3619866666666666e-05,6.961449912833398e-08
36,11,21530,21533,3,3.35944e-05,3.3595733333333334e-05,6.737572972187966e-08
36,12,21533,21536,3,3.359696e-05,3.3602886666666664e-05,5.230961437016815e-08
36,13,21536,21539,3,3.367753e-05,3.365797666666666e-05,4.4435031475426835e-08
36,14,21539,21542,3,3.372117e-05,3.366622666666667e-05,7.876464787933408e-08
36,15,21542,21545,3,3.368458e-05,3.375322e-05,1.1135872874034834e-07
36,16,21545,21549,4,3.4140720000000005e-05,3.4332055e-05,4.6598845337089726e-07
36,17,21549,21552,3,3.92572e-05,4.0637373333333334e-05,3.904935529210294e-06
36,18,21552,21555,3,0.0005984604,0.00041947321666666666,0.0002532602521582964
36,19,21555,21558,3,0.0005987409,0.0005987817,1.2511139036873292e-07
36,20,21558,21561,3,0.0005980605,0.0005979524666666667,2.191358837697409e-07
36,21,21561,21564,3,0.0005980991,0.0005981951333333332,1.4416394217077915e-07
36,22,21564,21567,3,0.0005977306,0.0005978523000000001,2.856148572232761e-07
36,23,21567,21570,3,0.0005981577,0.0005980172666666667,2.7056632376472254e-07
36,24,21570,21573,3,0.0005979055,0.0005977366,3.8708423717155785e-07
36,25,21573,21577,4,0.00059112045,0.000589416575,6.24923361676255e-06
36,26,21577,21580,3,0.000544588,0.0005407187333333333,2.488840086256157e-05
36,27,21580,21583,3,0.0003784333,0.0003831192333333333,6.578746558812621e-05
36,28,21583,21586,3,0.0001546953,0.00016519233333333333,4.8590028088098715e-05
36,29,21586,21589,3,3.19513e-05,3.1932656666666666e-05,1.3471124286990916e-07
36,30,21589,21592,3,3.209319e-05,3.214811666666667e-05,8.21083188369021e-08
36,31,21592,21595,3,3.236129e-05,3.2360986666666665e-05,1.5053642600899214e-08
36,32,21595,21598,3,3.258144e-05,3.2573810000000004e-05,3.07245254913183e-08
36,33,21598,21602,4,3.2736504999999994e-05,3.2702975e-05,9.396388415236925e-08
36,34,21602,21605,3,3.285744e-05,3.2836413333333335e-05,9.658338343397957e-08
36,35,21605,21608,3,3.290505e-05,3.2917839999999994e-05,6.386088369782009e-08
36,36,21608,21611,3,3.299646e-05,3.300320333333333e-05,2.38616517077559e-08
36,37,21611,21614,3,3.312744e-05,3.311928333333333e-05,4.0005779860193106e-08
36,38,21614,21617,3,3.322394e-05,3.3198520000000006e-05,6.141182676542577e-08
36,39,21617,21620,3,3.318035e-05,3.3233263333333334e-05,7.985330564367416e-08
36,40,21620,21623,3,3.32729e-05,3.327854333333333e-05,2.2303228964035823e-08
36,41,21623,21627,4,3.3503835e-05,3.351187e-05,3.946182775797433e-08
36,42,21627,21630,3,3.404711e-05,3.422004333333333e-05,3.9234668464962936e-07
36,43,21630,21633,3,3.883033e-05,4.019184666666667e-05,4.059732513210965e-06
36,44,21633,21636,3,7.891266e-05,0.00024186231333333334,0.0002474055120427995
36,45,21636,21639,3,0.000588752,0.0005883310666666666,1.5456533490907934e-06
36,46,21639,21642,3,0.000581203,0.0005806450666666667,2.6414375686146894e-06
36,47,21642,21645,3,0.0005623704,0.0005625819333333333,7.358236282032669e-06
36,48,21645,21648,3,0.0005269129,0.0005283672,1.2839952463307631e-05
36,49,21648,21651,3,0.0004600728,0.0004612163,2.2638380938721433e-05
36,50,21651,21655,4,0.00033493935000000004,0.0003339672,4.1128470544563176e-05
36,51,21655,21658,3,0.0002493749,0.0002526052,7.527636243868324e-06
36,52,21658,21661,3,0.0002451027,0.00024349416666666663,3.1410415919281074e-06
36,53,21661,21664,3,0.0002277397,0.00022660469999999998,3.395510112879455e-06
36,54,21664,21667,3,0.0002545697,0.0002526317666666667,1.0977196910363264e-05
36,55,21667,21670,3,0.000275877,0.0002727365333333334,6.052414209956962e-06
36,56,21670,21673,3,0.0002179484,0.00021918396666666668,1.924902602667354e-05
36,57,21673,21676,3,0.000175645,0.00017470150000000001,4.340109423351745e-06
36,58,21676,21680,4,0.00025943695,0.0002665304,5.5477658232706606e-05
36,59,21680,21683,3,0.000452266,0.0004453183666666667,3.1563122708030995e-05
36,60,21683,21686,3,0.0005259236,0.0005232789,1.0784810357473477e-05
36,61,21686,21689,3,0.0005616587,0.0005602510333333333,6.725733449140644e-06
36,62,21689,21692,3,0.0005631887,0.0005607764,5.647221009192628e-06
36,63,21692,21695,3,0.0005033426,0.0004942564666666668,3.363766909308012e-05
36,64,21695,21698,3,0.0003024544,0.00029874556666666666,6.639571259975216e-05
36,65,21698,21701,3,0.0001133531,0.00010293731333333334,5.405547872129481e-05
36,66,21701,21705,4,3.24008e-05,3.2350465e-05,1.1870405058379447e-07
36,67,21705,21708,3,3.266113e-05,3.259484333333333e-05,1.1899031930745164e-07
36,68,21708,21711,3,3.267199e-05,3.2737806666666666e-05,9.830027885119343e-08
36,69,21711,21714,3,3.285925e-05,3.286143e-05,3.948321753183994e-08
36,70,21714,21717,3,3.298204e-05,3.2973960000000004e-05,3.641764499067139e-08
36,71,21717,21720,3,3.312285e-05,3.31159e-05,3.7162616520726207e-08
36,72,21720,21723,3,3.324936e-05,3.321631333333334e-05,6.808369375669531e-08
36,73,21723,21726,3,3.321517e-05,3.326811666666667e-05,9.53869824568431e-08
36,74,21726,21729,3,3.341841e-05,3.344252666666667e-05,3.579503907278556e-08
36,75,21729,21733,4,3.3921955e-05,3.40762675e-05,4.0975472562100905e-07
36,76,21733,21736,3,4.009864e-05,4.086315333333333e-05,4.093781030012339e-06
36,77,21736,21739,3,0.00063705,0.00044506801666666665,0.00027197664537844155
36,78,21739,21742,3,0.0006372099,0.0006371343333333333,1.8697779428463347e-07
36,79,21742,21745,3,0.0006369071,0.0006369172333333333,1.0491982123928673e-07
36,80,21745,21748,3,0.0006368035,0.0006368279,6.299290965395152e-08
36,81,21748,21751,3,0.000636691,0.0006367194,9.985643027198167e-08
36,82,21751,21754,3,0.0006370395,0.0006370469333333333,1.9615208951788807e-07
36,83,21754,21758,4,0.000637009,0.00063699585,2.8918710638613987e-07
36,84,21758,21761,3,0.0006370255,0.0006369895333333334,1.8485717609968538e-07
36,85,21761,21764,3,0.0006369001,0.0006368019333333332,2.1989895154114758e-07
36,86,21764,21767,3,0.0006368972,0.0006369174999999999,7.547463149958403e-08
36,87,21767,21770,3,0.0006364872,0.0006364751666666666,1.4611507641428595e-07
36,88,21770,21773,3,0.0006365088,0.0006364786333333333,5.30208973477073e-08
36,89,21773,21776,3,0.0006370021,0.0006370912666666667,2.0744673747470055e-07
36,90,21776,21779,3,0.0006373008,0.0006372162,1.932836947770482e-07
36,91,21779,21783,4,0.0006368594,0.000636862325,2.7519757788723824e-07
36,92,21783,21786,3,0.0006365887,0.0006366500333333333,1.3912331061165917e-07
36,93,21786,21789,3,0.0006372134,0.0006369205666666667,4.220020879358536e-07
36,94,21789,21792,3,0.0006368174,0.0006367979666666667,7.632406057218054e-08
36,95,21792,21795,3,0.0006364924,0.0006365135666666667,2.447945850890042e-07
36,96,21795,21798,3,0.0006366137,0.0006365350333333333,1.5546526585986868e-07
36,97,21798,21801,3,0.0006365622,0.0006366162666666666,3.182074934518087e-07
36,98,21801,21804,3,0.0006371556,0.0006369907333333333,3.105285959278185e-07
36,99,21804,21807,3,0.0006369364,0.0006369311333333334,2.3640509488775917e-07
37,0,22297,22300,3,3.330056e-05,3.326808666666667e-05,5.704086566274597e-08
37,1,22294,22297,3,3.320535e-05,3.3202663333333335e-05,2.005353058413582e-08
37,2,22291,22294,3,3.315588e-05,3.318661666666667e-05,7.780270789346389e-08
37,3,22288,22291,3,3.324114e-05,3.318468666666666e-05,8.224580651248167e-08
37,4,22285,22288,3,3.314741e-05,3.3164703333333336e-05,2.8870000962165593e-08
37,5,22282,22285,3,3.313181e-05,3.308823333333333e-05,6.59798526487876e-08
37,6,22279,22282,3,3.304014e-05,3.306556333333334e-05,7.864110304979807e-08
37,7,22276,22279,3,3.287794e-05,3.286891e-05,1.1119028045052648e-07
37,8,22272,22276,4,3.2632145e-05,3.2631419999999995e-05,4.4386878128565844e-08
37,9,22269,22272,3,3.25467e-05,3.253217666666666e-05,3.934328094548844e-08
37,10,22266,22269,3,3.243035e-05,3.241883666666666e-05,4.20851718410283e-08
37,11,22263,22266,3,3.237426e-05,3.234853333333333e-05,9.379208258459758e-08
37,12,22260,22263,3,3.228728e-05,3.2281193333333336e-05,1.9409585833349815e-08
37,13,22257,22260,3,3.21025e-05,3.209253333333333e-05,2.1926935237029552e-08
37,14,22254,22257,3,3.189479e-05,3.1947766666666666e-05,9.16734095701814e-08
37,15,22251,22254,3,3.18609e-05,3.1794036666666666e-05,1.2034803982154686e-07
37,16,22247,22251,4,3.1587555e-05,3.15301875e-05,1.271165243733098e-07
37,17,22244,22247,3,0.0001668829,0.0001628348,4.9596208143432365e-05
37,18,22241,22244,3,0.0004076648,0.00038893540000000006,6.12918154433907e-05
37,19,22238,22241,3,0.0005481688,0.0005413047666666667,2.2953692597101285e-05
37,20,22235,22238,3,0.0005890882,0.0005882059333333333,4.941700858566335e-06
37,21,22232,22235,3,0.0005966702,0.0005966160666666667,3.6234744222760246e-07
37,22,22229,22232,3,0.0005964411,0.0005964518333333333,5.8061193771957166e-08
37,23,22226,22229,3,0.0005969213,0.0005967574666666666,3.235161235892756e-07
37,24,22222,22226,4,0.00059696315,0.0005969587749999999,9.432474158456125e-08
37,25,22219,22222,3,0.0005971754,0.0005971335666666667,6.643113393247924e-08
37,26,22216,22219,3,0.0005977051,0.0005978179666666666,1.7780761763460686e-07
37,27,22213,22216,3,0.0005977126,0.0004204706533333334,0.00025090888809239177
37,28,22210,22213,3,4.002319e-05,4.059396333333333e-05,3.53652276397154e-06
37,29,22207,22210,3,3.444014e-05,3.4457753333333335e-05,6.199848175739639e-07
37,30,22204,22207,3,3.332563e-05,3.329852666666667e-05,1.6668684217884658e-07
37,31,22201,22204,3,3.303926e-05,3.303509e-05,3.291874541959364e-08
37,32,22198,22201,3,3.294141e-05,3.293021333333333e-05,3.719864901967415e-08
37,33,22194,22198,4,3.2891465e-05,3.28951975e-05,7.336445269168e-08
37,34,22191,22194,3,3.285188e-05,3.282947e-05,8.308897680599345e-08
37,35,22188,22191,3,3.278375e-05,3.280063e-05,2.5508337199172847e-08
37,36,22185,22188,3,3.268074e-05,3.2675316666666665e-05,4.1317531656938034e-08
37,37,22182,22185,3,3.254805e-05,3.2583186666666665e-05,8.034185141561607e-08
37,38,22179,22182,3,3.25615e-05,3.2510570000000005e-05,9.521792793376688e-08
37,39,22176,22179,3,3.239405e-05,3.2405419999999994e-05,1.6684258049630045e-08
37,40,22173,22176,3,3.219897e-05,3.220720666666667e-05,1.2441549564084725e-08
37,41,22169,22173,4,3.1984264999999996e-05,3.20326125e-05,9.845008338620252e-08
37,42,22166,22169,3,3.17118e-05,3.175735999999999e-05,1.2705131666640312e-07
37,43,22163,22166,3,0.0001483434,0.00012368299333333333,6.739487520566201e-05
37,44,22160,22163,3,0.0003731337,0.0003641096,5.6163815353007025e-05
37,45,22157,22160,3,0.0005335102,0.0005298322333333333,2.417846771438495e-05
37,46,22154,22157,3,0.0005836989,0.0005839417333333333,5.538223550521915e-06
37,47,22151,22154,3,0.0005911395,0.0005913504333333333,6.467086635847401e-07
37,48,22148,22151,3,0.0005910061,0.0005913799666666667,1.1161486828474819e-06
37,49,22144,22148,4,0.0005935329,0.000593576425,3.289181993672558e-07
37,50,22141,22144,3,0.0005919696,0.0005922960333333333,6.215871959928424e-07
37,51,22138,22141,3,0.0005905741,0.0005906785666666667,4.0981675037615697e-07
37,52,22135,22138,3,0.0005901196,0.0005896283333333333,7.51309973017531e-07
37,53,22132,22135,3,0.0005890097,0.0005890083333333333,4.904296234482283e-07
37,54,22129,22132,3,0.0005902448,0.0005900711,3.297133401406074e-07
37,55,22126,22129,3,0.0005892485,0.0005891899666666667,4.048175336562566e-07
37,56,22123,22126,3,0.0005842219,0.0005846777333333333,2.188439950182646e-06
37,57,22120,22123,3,0.0005746716,0.0005751380666666666,3.719181789348612e-06
37,58,22116,22120,4,0.00053797925,0.000533653925,2.246082109500621e-05
37,59,22113,22116,3,0.0004551625,0.0004510689666666667,2.428078419729386e-05
37,60,22110,22113,3,0.0003665436,0.0003629528666666667,3.627136929722332e-05
37,61,22107,22110,3,0.000254956,0.00026255586666666664,2.2816539891101426e-05
37,62,22104,22107,3,0.000230021,0.00022902900000000003,1.6746306577869592e-06
37,63,22101,22104,3,0.0002096947,0.0002130271,6.988794183548404e-06
37,64,22098,22101,3,7.364353e-05,0.00010971666000000001,6.52137910132425e-05
37,65,22095,22098,3,3.839613e-05,3.916605e-05,3.029369862397129e-06
37,66,22091,22095,4,3.4097835e-05,3.412668e-05,5.607563170843445e-07
37,67,22088,22091,3,3.327615e-05,3.326546333333334e-05,3.304556080457672e-08
37,68,22085,22088,3,3.304082e-05,3.3041369999999996e-05,2.3661184811135322e-08
37,69,22082,22085,3,3.288165e-05,3.292528333333333e-05,8.54314763746676e-08
37,70,22079,22082,3,3.289307e-05,3.2842596666666665e-05,9.059281955848105e-08
37,71,22076,22079,3,3.273933e-05,3.272864666666666e-05,1.6180767046782136e-08
37,72,22073,22076,3,3.254191e-05,3.253965333333333e-05,2.4689404385057515e-08
37,73,22070,22073,3,3.235181e-05,3.239623e-05,1.0490681706479715e-07
37,74,22066,22070,4,3.219446e-05,3.218479e-05,1.246720407709765e-07
37,75,22063,22066,3,3.199674e-05,3.194072333333333e-05,1.0759732287045476e-07
37,76,22060,22063,3,0.0001380695,0.00011966016,6.561917176693004e-05
37,77,22057,22060,3,0.000345605,0.00034544333333333334,5.812429947032098e-05
37,78,22054,22057,3,0.0005172002,0.0005159364333333333,2.7853646742013672e-05
37,79,22051,22054,3,0.0005772834,0.0005758728,5.812315274197243e-06
37,80,22048,22051,3,0.0005861385,0.0005856250333333333,8.826294440792074e-07
37,81,22045,22048,3,0.0005874002,0.0005874880666666667,2.2951365004190156e-07
37,82,22042,22045,3,0.0005821872,0.0005823307,2.3690751374041887e-06
37,83,22038,22042,4,0.00056979075,0.000570336075,3.617477866120912e-06
37,84,22035,22038,3,0.0005699605,0.0005719061,5.138735430045014e-06
37,85,22032,22035,3,0.0006031593,0.0006019708333333333,9.197848305385808e-06
37,86,22029,22032,3,0.0006261761,0.0006254597,5.0384924914766535e-06
37,87,22026,22029,3,0.0006354173,0.0006353001,7.539490345286109e-07
37,88,22023,22026,3,0.0006358845,0.0006359042666666667,1.986967594658302e-07
37,89,22020,22023,3,0.0006360164,0.0006360120666666667,2.2717001464884345e-07
37,90,22017,22020,3,0.0006361651,0.0006361194666666667,1.9259855197331807e-07
37,91,22013,22017,4,0.0006358861500000001,0.0006359727,2.537682111691506e-07
37,92,22010,22013,3,0.000636325,0.000636363,1.4178210982586574e-07
37,93,22007,22010,3,0.0006361168,0.0006360821333333333,1.5464008392246305e-07
37,94,22004,22007,3,0.0006361863,0.0006361236333333333,2.2734546888429314e-07
37,95,22001,22004,3,0.0006358455,0.0006358098,1.0985981977045113e-07
37,96,21998,22001,3,0.0006360235,0.0006359819000000001,2.6536380059582945e-07
37,97,21995,21998,3,0.0006360586,0.0006360798666666666,7.820998799529392e-08
37,98,21992,21995,3,0.0006358982,0.0006358573333333334,1.4898224353556746e-07
37,99,21988,21992,4,0.0006362662,0.00063615085,3.174878147268214e-07
38,0,22481,22485,4,3.361278e-05,3.3595805e-05,6.498918429246405e-08
38,1,22485,22488,3,3.357124e-05,3.357714e-05,6.0027011142208e-08
38,2,22488,22491,3,3.358582e-05,3.355906333333333e-05,9.000885154003276e-08
38,3,22491,22494,3,3.341109e-05,3.339665e-05,5.524071747059973e-08
38,4,22494,22497,3,3.333951e-05,3.3311650000000005e-05,6.523804411538019e-08
38,5,22497,22500,3,3.330897e-05,3.3291e-05,5.976630209964959e-08
38,6,22500,22503,3,3.330472e-05,3.330054666666667e-05,6.442388239016933e-08
38,7,22503,22506,3,3.336872e-05,3.335276666666667e-05,3.6395476214618504e-08
38,8,22506,22510,4,3.3345650000000005e-05,3.33293025e-05,6.373017431915678e-08
38,9,22510,22513,3,3.332657e-05,3.333316666666667e-05,7.0051662047059e-08
38,10,22513,22516,3,3.328865e-05,3.330595333333334e-05,4.263843831828449e-08
38,11,22516,22519,3,3.340831e-05,3.338567666666667e-05,4.2023873638155154e-08
38,12,22519,22522,3,3.341001e-05,3.337221e-05,6.952021288805096e-08
38,13,22522,22525,3,3.334065e-05,3.334281666666667e-05,5.2278235326845244e-08
38,14,22525,22528,3,3.339227e-05,3.338747e-05,5.5584665151460516e-08
38,15,22528,22531,3,3.354484e-05,3.350793e-05,5.346933763070609e-08
38,16,22531,22535,4,3.3769155e-05,3.381542e-05,2.676536880934022e-07
38,17,22535,22538,3,3.696348e-05,3.745405333333333e-05,2.2559062700731976e-06
38,18,22538,22541,3,6.506133e-05,0.00023698818333333334,0.0002549438682360887
38,19,22541,22544,3,0.0005977642,0.0005978479333333333,1.8278893718040573e-07
38,20,22544,22547,3,0.0005976885,0.0005976563,7.958722678087983e-08
38,21,22547,22550,3,0.0005971696,0.0005971745666666666,1.5146001305806652e-07
38,22,22550,22553,3,0.0005968669,0.0005970467,3.707951725683771e-07
38,23,22553,22556,3,0.0005978956,0.0005978679666666667,1.1254854754972892e-07
38,24,22556,22559,3,0.0005974355,0.0005975024333333333,3.2645511517237606e-07
38,25,22559,22563,4,0.0005941329999999999,0.000592857925,3.815516723443244e-06
38,26,22563,22566,3,0.0005606784,0.0005534328333333333,2.1503806644457712e-05
38,27,22566,22569,3,0.0004284218,0.00041427286666666664,6.319504446153635e-05
38,28,22569,22572,3,0.0001939246,0.00019725886666666667,5.524574530069161e-05
38,29,22572,22575,3,3.167082e-05,3.166944333333333e-05,1.0695588914229335e-08
38,30,22575,22578,3,3.198252e-05,3.1952986666666665e-05,5.0229910301420345e-08
38,31,22578,22581,3,3.217175e-05,3.2129166666666664e-05,1.1899466439952523e-07
38,32,22581,22584,3,3.223653e-05,3.2284366666666665e-05,9.352871941577957e-08
38,33,22584,22588,4,3.2427565e-05,3.2464575e-05,7.953098531390047e-08
38,34,22588,22591,3,3.25603e-05,3.257589333333333e-05,2.739182522010649e-08
38,35,22591,22594,3,3.27463e-05,3.273132e-05,2.3651783583202992e-08
38,36,22594,22597,3,3.286508e-05,3.280716e-05,8.407714592364819e-08
38,37,22597,22600,3,3.28086e-05,3.286328e-05,7.886859493275325e-08
38,38,22600,22603,3,3.292057e-05,3.292937e-05,2.8951878465250913e-08
38,39,22603,22606,3,3.306979e-05,3.305052666666667e-05,2.8016747769067565e-08
38,40,22606,22609,3,3.312791e-05,3.309411666666667e-05,9.117276506111257e-08
38,41,22609,22613,4,3.32629e-05,3.3272004999999996e-05,1.3641554630979395e-07
38,42,22613,22616,3,3.361138e-05,3.3764966666666666e-05,3.3397966428445106e-07
38,43,22616,22619,3,3.729612e-05,3.838335666666667e-05,2.8440771322209647e-06
38,44,22619,22622,3,6.855469e-05,0.00023638373666666666,0.00024837467041971523
38,45,22622,22625,3,0.0005868522,0.0005865912,4.413401938036577e-07
38,46,22625,22628,3,0.0005819579,0.0005808778666666668,3.3043775514038984e-06
38,47,22628,22631,3,0.0005632195,0.0005604443333333334,9.569195998387517e-06
38,48,22631,22634,3,0.0005029888,0.0004996783,2.820849802914009e-05
38,49,22634,22637,3,0.0003899653,0.0003976181666666666,2.0991510669051174e-05
38,50,22637,22641,4,0.00034411575,0.000338483975,2.6405332932986768e-05
38,51,22641,22644,3,0.00024033,0.00024360256666666668,1.6078098982639577e-05
38,52,22644,22647,3,0.0002116789,0.00020616213333333336,1.3259298828704663e-05
38,53,22647,22650,3,0.000171958,0.00017243916666666664,3.753414696276208e-06
38,54,22650,22653,3,0.0002224273,0.00022398496666666665,3.001984854162696e-05
38,55,22653,22656,3,0.0003753536,0.0003647724333333334,3.572993216751967e-05
38,56,22656,22659,3,0.0004311852,0.0004298207333333333,3.7647739704913263e-06
38,57,22659,22662,3,0.0004179083,0.0004156696666666666,1.2116673895183523e-05
38,58,22662,22666,4,0.0003656999,0.000370004675,1.1525410849374308e-05
38,59,22666,22669,3,0.0004165285,0.0004140978333333333,3.2469662281616386e-05
38,60,22669,22672,3,0.0005146842,0.0005097018,1.751414997328352e-05
38,61,22672,22675,3,0.0005552235,0.0005518029666666666,7.09487906513487e-06
38,62,22675,22678,3,0.0005535475,0.0005518908333333334,7.346850606136517e-06
38,63,22678,22681,3,0.000494249,0.0004885449333333333,2.486608016412899e-05
38,64,22681,22684,3,0.0003304491,0.00032484886666666663,6.16524874981447e-05
38,65,22684,22687,3,0.0001363946,0.00011850899666666666,6.463131804718223e-05
38,66,22687,22691,4,3.2097085e-05,3.2098955e-05,1.362235303646163e-07
38,67,22691,22694,3,3.226394e-05,3.2331246666666665e-05,1.0551763243911109e-07
38,68,22694,22697,3,3.249837e-05,3.248963e-05,1.9871044260432145e-08
38,69,22697,22700,3,3.267314e-05,3.267974333333333e-05,1.3470427692625461e-08
38,70,22700,22703,3,3.28332e-05,3.277696333333334e-05,9.478330596096186e-08
38,71,22703,22706,3,3.282251e-05,3.284462333333333e-05,6.846023923092664e-08
38,72,22706,22709,3,3.296156e-05,3.295339333333333e-05,4.0932120503206654e-08
38,73,22709,22712,3,3.309143e-05,3.309023e-05,2.4338229187843783e-08
38,74,22712,22715,3,3.318887e-05,3.3191486666666664e-05,1.2821556180467652e-07
38,75,22715,22719,4,3.3471829999999996e-05,3.3615184999999995e-05,3.177033441356904e-07
38,76,22719,22722,3,3.691738e-05,3.7885599999999995e-05,2.751547729054806e-06
38,77,22722,22725,3,6.776799e-05,0.00025129798666666665,0.0002722825081001743
38,78,22725,22728,3,0.000636208,0.0006362413333333333,1.0061601374641787e-07
38,79,22728,22731,3,0.0006360206,0.0006359038333333334,1.8411634606656842e-07
38,80,22731,22734,3,0.0006358156,0.0006359638666666667,2.3640008930250962e-07
38,81,22734,22737,3,0.0006359561,0.0006360242,1.7154383307678215e-07
38,82,22737,22740,3,0.000635949,0.0006359472666666667,2.5223445883615e-09
38,83,22740,22744,4,0.00063596895,0.0006359722,2.2149220076562595e-07
38,84,22744,22747,3,0.0006358711,0.0006358984333333334,1.5090664516698725e-07
38,85,22747,22750,3,0.000636253,0.0006361903333333333,3.0145908880348934e-07
38,86,22750,22753,3,0.0006358203,0.0006358628333333334,1.367634779057852e-07
38,87,22753,22756,3,0.0006360486,0.0006359980333333334,1.1724135599505741e-07
38,88,22756,22759,3,0.0006362227,0.0006361206999999999,2.2150282165243934e-07
38,89,22759,22762,3,0.0006359817,0.0006360256999999999,1.1139419494150405e-07
38,90,22762,22765,3,0.0006360334,0.0006360457333333333,2.1556827740233796e-07
38,91,22765,22769,4,0.0006358077,0.000635851275,2.161408843208348e-07
38,92,22769,22772,3,0.0006361968,0.0006361435333333333,9.11063968970105e-08
38,93,22772,22775,3,0.0006362346,0.0006362629,8.466101030972844e-08
38,94,22775,22778,3,0.0006362828,0.0006361486999999999,1.9504472991257726e-07
38,95,22778,22781,3,0.0006362495,0.0006363416666666667,1.8637389540621748e-07
38,96,22781,22784,3,0.0006361816,0.0006361921333333332,3.573097007111738e-08
38,97,22784,22787,3,0.0006359433,0.0006360663666666668,1.812312396421204e-07
38,98,22787,22790,3,0.0006358197,0.0006358791333333333,1.8953199084997419e-07
38,99,22790,22793,3,0.0006356283,0.0006358107,2.9666160295306035e-07
39,0,23283,23286,3,3.323223e-05,3.322430666666667e-05,2.0777863755020796e-08
39,1,23280,23283,3,3.316321e-05,3.317587333333333e-05,7.254929649708552e-08
39,2,23277,23280,3,3.308851e-05,3.311398e-05,4.6672767934488476e-08
39,3,23274,23277,3,3.30787e-05,3.3094963333333336e-05,5.109678811388804e-08
39,4,23271,23274,3,3.307691e-05,3.309896666666667e-05,7.636399864392245e-08
39,5,23268,23271,3,3.304701e-05,3.3034610000000005e-05,5.109496061256868e-08
39,6,23265,23268,3,3.293672e-05,3.29532e-05,3.7954976836598524e-08
39,7,23262,23265,3,3.291243e-05,3.2876340000000005e-05,1.9393456473769852e-07
39,8,23258,23262,4,3.259362e-05,3.257016e-05,8.762409485980532e-08
39,9,23255,23258,3,3.249703e-05,3.248174333333333e-05,5.54265762568416e-08
39,10,23252,23255,3,3.239511e-05,3.2388189999999995e-05,3.42603337208899e-08
39,11,23249,23252,3,3.226868e-05,3.225891e-05,2.9380722704975398e-08
39,12,23246,23249,3,3.217772e-05,3.218289e-05,9.0154135789768e-08
39,13,23243,23246,3,3.212993e-05,3.2091296666666664e-05,6.031550620602367e-08
39,14,23240,23243,3,3.193576e-05,3.1924526666666666e-05,1.6340969643471912e-08
39,15,23237,23240,3,3.167896e-05,3.172799e-05,7.976764548779592e-08
39,16,23233,23237,4,3.1472535e-05,3.149729e-05,1.3200751247561668e-07
39,17,23230,23233,3,0.0001030425,0.00010096615,5.6017375915707324e-05
39,18,23227,23230,3,0.0003061609,0.0003110893,7.437781247728832e-05
39,19,23224,23227,3,0.0005121041,0.0005050349666666667,3.782315963642145e-05
39,20,23221,23224,3,0.0005825092,0.0005790729999999999,1.0420288895227424e-05
39,21,23218,23221,3,0.0005960003,0.0005957760666666667,1.1168082626644293e-06
39,22,23215,23218,3,0.0005963995,0.0005963694333333334,2.3432120879016616e-07
39,23,23212,23215,3,0.0005969121,0.0005969180333333333,1.949428862228571e-07
39,24,23208,23212,4,0.00059633715,0.000596224425,6.670919628319406e-07
39,25,23205,23208,3,0.0005943146,0.0005945671333333333,4.430510680371852e-07
39,26,23202,23205,3,0.0005951017,0.0005950661666666667,2.6614183353159984e-07
39,27,23199,23202,3,0.000595007,0.00042315387000000005,0.00024330407953808845
39,28,23196,23199,3,4.210944e-05,4.5261833333333334e-05,7.433117537903518e-06
39,29,23193,23196,3,3.463387e-05,3.465417e-05,6.202789361247086e-07
39,30,23190,23193,3,3.310906e-05,3.311722e-05,1.0954627515346917e-07
39,31,23187,23190,3,3.275339e-05,3.276430666666666e-05,5.7402627311143225e-08
39,32,23184,23187,3,3.276402e-05,3.2720643333333334e-05,8.428892941675321e-08
39,33,23180,23184,4,3.2673905e-05,3.26515075e-05,7.285870310916758e-08
39,34,23177,23180,3,3.260647e-05,3.2615836666666665e-05,1.875492705634609e-08
39,35,23174,23177,3,3.24926e-05,3.249613666666667e-05,4.1695976091492704e-08
39,36,23171,23174,3,3.239655e-05,3.243095333333333e-05,7.881491497313324e-08
39,37,23168,23171,3,3.242362e-05,3.236743666666667e-05,9.153292753005276e-08
39,38,23165,23168,3,3.228824e-05,3.229342333333333e-05,2.2327872466692346e-08
39,39,23162,23165,3,3.213055e-05,3.212742333333333e-05,2.5554183393112948e-08
39,40,23159,23162,3,3.193377e-05,3.198958333333333e-05,9.66923583100325e-08
39,41,23155,23159,4,3.1788475e-05,3.1796805e-05,1.2342056564851647e-07
39,42,23152,23155,3,3.163112e-05,3.1562453333333336e-05,1.2563868760147956e-07
39,43,23149,23152,3,0.0001357243,0.00012034074,6.727075882909205e-05
39,44,23146,23149,3,0.0003547138,0.00034023246666666667,6.701340647752673e-05
39,45,23143,23146,3,0.0005288398,0.0005182775666666666,3.2163584879418426e-05
39,46,23140,23143,3,0.0005851706,0.0005828395333333333,6.875050982275604e-06
39,47,23137,23140,3,0.0005930385,0.0005929981,2.8809180249819016e-07
39,48,23134,23137,3,0.000591623,0.0005918169333333333,3.8568541008901324e-07
39,49,23130,23134,4,0.0005918706,0.0005918586,8.02597997131824e-07
39,50,23127,23130,3,0.0005905414,0.0005905120000000001,2.561634374118751e-07
39,51,23124,23127,3,0.0005890075,0.0005890681,8.20963287851501e-07
39,52,23121,23124,3,0.0005882849,0.0005881880666666667,1.6432330598213653e-07
39,53,23118,23121,3,0.0005893019,0.0005893529666666665,9.144857692838048e-08
39,54,23115,23118,3,0.0005888096,0.0005886885333333333,2.1324398128802777e-07
39,55,23112,23115,3,0.0005890015,0.0005889046999999999,4.018728488796716e-07
39,56,23109,23112,3,0.000587785,0.0005873631,1.3889044915568264e-06
39,57,23106,23109,3,0.0005733458,0.0005738149000000001,6.769580499558279e-06
39,58,23102,23106,4,0.0005384869,0.0005358265,1.9617710502757457e-05
39,59,23099,23102,3,0.0004311415,0.000425721,3.561913664768794e-05
39,60,23096,23099,3,0.0003452639,0.0003473636,6.540600235962047e-06
39,61,23093,23096,3,0.0003124383,0.0003116013333333333,1.6666837031729277e-05
39,62,23090,23093,3,0.0002435121,0.00024686286666666664,2.0584867148196234e-05
39,63,23087,23090,3,0.0001867213,0.00019041823333333335,1.3307473077017874e-05
39,64,23084,23087,3,0.0001665353,0.00013184116333333335,4.958526617643615e-05
39,65,23081,23084,3,3.995128e-05,4.120439333333333e-05,4.246223763308863e-06
39,66,23077,23081,4,3.4163825e-05,3.4244735e-05,6.592166231406782e-07
39,67,23074,23077,3,3.327158e-05,3.3230746666666666e-05,1.149414588195041e-07
39,68,23071,23074,3,3.306397e-05,3.304681333333333e-05,2.570477819826975e-08
39,69,23068,23071,3,3.288909e-05,3.289658666666667e-05,2.8370738838144067e-08
39,70,23065,23068,3,3.275471e-05,3.280419666666667e-05,8.12139365434835e-08
39,71,23062,23065,3,3.277802e-05,3.2725523333333336e-05,9.873617382814676e-08
39,72,23059,23062,3,3.261592e-05,3.262976e-05,2.0678415477657345e-08
39,73,23056,23059,3,3.24284e-05,3.2439260000000004e-05,2.0796211193386976e-08
39,74,23052,23056,4,3.22258e-05,3.2276175e-05,9.224219140393414e-08
39,75,23049,23052,3,3.1954e-05,3.201942e-05,1.116843238776165e-07
39,76,23046,23049,3,0.0001233467,0.00010751273666666667,5.63791949919178e-05
39,77,23043,23046,3,0.0003208498,0.0003218391,5.8807142330899455e-05
39,78,23040,23043,3,0.0005067611,0.0005064763000000001,2.9523080327544856e-05
39,79,23037,23040,3,0.0005744327,0.0005734292333333333,7.420032570159141e-06
39,80,23034,23037,3,0.0005857041,0.0005854676666666667,4.1488716806167186e-07
39,81,23031,23034,3,0.0005858561,0.0005858755333333334,2.9152754396266184e-07
39,82,23028,23031,3,0.000584622,0.0005841426333333333,1.2888550483105458e-06
39,83,23024,23028,4,0.00057262445,0.0005731263500000001,3.940879161113671e-06
39,84,23021,23024,3,0.0005727255,0.0005743071333333333,4.124846504080157e-06
39,85,23018,23021,3,0.0005999691,0.000599957,8.612940908114166e-06
39,86,23015,23018,3,0.0006237333,0.0006233361,4.65671102030893e-06
39,87,23012,23015,3,0.0006347146,0.0006345907666666667,1.3866067799568359e-06
39,88,23009,23012,3,0.0006359296,0.0006359296666666667,1.0949220165028896e-07
39,89,23006,23009,3,0.000636031,0.0006360905333333333,9.092067360559154e-08
39,90,23003,23006,3,0.000635805,0.0006358402999999999,3.2441679981159687e-07
39,91,22999,23003,4,0.00063579,0.000635923975,2.645787914308132e-07
39,92,22996,22999,3,0.000636092,0.0006360626333333333,1.9336235988998423e-07
39,93,22993,22996,3,0.0006361417,0.0006361587333333334,2.7846763227043266e-08
39,94,22990,22993,3,0.0006359334,0.0006359055333333333,2.1133181387466585e-07
39,95,22987,22990,3,0.0006360422,0.0006359778,1.4228733839194148e-07
39,96,22984,22987,3,0.0006359395,0.0006358931666666667,7.285681543656624e-08
39,97,22981,22984,3,0.00063626,0.000636107,3.51733573414103e-07
39,98,22978,22981,3,0.0006359138,0.0006359986333333333,1.5462906870599763e-07
39,99,22974,22978,4,0.0006362240999999999,0.00063619555,1.2446880131183605e-07
40,0,23466,23470,4,3.3498815e-05,3.349041e-05,6.459418743199705e-08
40,1,23470,23473,3,3.352876e-05,3.3501496666666666e-05,6.905718998691446e-08
40,2,23473,23476,3,3.344213e-05,3.347475333333333e-05,4.8833612968483934e-08
40,3,23476,23479,3,3.324588e-05,3.327856333333333e-05,7.104914465041525e-08
40,4,23479,23482,3,3.328678e-05,3.326712333333333e-05,6.376265695704994e-08
40,5,23482,23485,3,3.327899e-05,3.327609333333333e-05,4.282934378307519e-08
40,6,23485,23488,3,3.332525e-05,3.3273519999999994e-05,7.733792385800668e-08
40,7,23488,23491,3,3.327354e-05,3.3244956666666664e-05,4.996556436409349e-08
40,8,23491,23495,4,3.3290465e-05,3.32799175e-05,5.570451120645428e-08
40,9,23495,23498,3,3.327748e-05,3.3275176666666663e-05,6.424218776543096e-08
40,10,23498,23501,3,3.330195e-05,3.3322390000000004e-05,3.016675985252622e-08
40,11,23501,23504,3,3.331204e-05,3.330092333333334e-05,6.999604480889477e-08
40,12,23504,23507,3,3.330458e-05,3.3284589999999996e-05,4.6927519289501333e-08
40,13,23507,23510,3,3.333546e-05,3.332999e-05,5.5130975564255644e-08
40,14,23510,23513,3,3.335363e-05,3.3350286666666666e-05,5.1399783613896556e-08
40,15,23513,23516,3,3.339715e-05,3.341725666666667e-05,1.1047618426108451e-07
40,16,23516,23520,4,3.363365e-05,3.3733332499999997e-05,2.431083649707461e-07
40,17,23520,23523,3,3.658849e-05,3.6999110000000004e-05,1.9327804976768588e-06
40,18,23523,23526,3,6.232898e-05,0.00023544549333333334,0.00025514529097388173
40,19,23526,23529,3,0.0005951914,0.0005951239333333333,4.706034235130719e-07
40,20,23529,23532,3,0.0005946308,0.0005946842666666667,3.558022890439412e-07
40,21,23532,23535,3,0.0005956657,0.0005960122333333334,5.188294667378903e-07
40,22,23535,23538,3,0.000596409,0.0005964242666666666,2.4987507990090142e-08
40,23,23538,23541,3,0.000596474,0.0005964182,9.899720534774534e-08
40,24,23541,23544,3,0.0005967134,0.0005965768333333334,2.6227169542716394e-07
40,25,23544,23548,4,0.00059452735,0.0005932794,3.7362044369921842e-06
40,26,23548,23551,3,0.0005596121,0.0005531598,2.0505485823229523e-05
40,27,23551,23554,3,0.00042625,0.0004147006333333333,6.183091165494992e-05
40,28,23554,23557,3,0.0001931994,0.00019478893333333333,5.500653001340436e-05
40,29,23557,23560,3,3.161663e-05,3.160565666666666e-05,2.0243855583581192e-08
40,30,23560,23563,3,3.192183e-05,3.187200333333333e-05,9.130172737808476e-08
40,31,23563,23566,3,3.201179e-05,3.204257666666667e-05,1.0717843387962368e-07
40,32,23566,23569,3,3.220076e-05,3.219983e-05,3.494815874978142e-08
40,33,23569,23573,4,3.239474e-05,3.2391245000000006e-05,3.9568849174571694e-08
40,34,23573,23576,3,3.254788e-05,3.253984333333334e-05,2.995019458293473e-08
40,35,23576,23579,3,3.267733e-05,3.266304666666667e-05,5.164049337056867e-08
40,36,23579,23582,3,3.269404e-05,3.271589e-05,8.695652131956523e-08
40,37,23582,23585,3,3.279367e-05,3.2784013333333335e-05,4.17020114089914e-08
40,38,23585,23588,3,3.288842e-05,3.288403333333334e-05,4.1268164754713095e-08
40,39,23588,23591,3,3.298943e-05,3.297632333333333e-05,4.758223851630217e-08
40,40,23591,23594,3,3.298114e-05,3.3010449999999995e-05,8.474952546573147e-08
40,41,23594,23598,4,3.3171455e-05,3.32012575e-05,1.194061276432251e-07
40,42,23598,23601,3,3.360173e-05,3.3739069999999995e-05,3.1599247364454706e-07
40,43,23601,23604,3,3.785732e-05,3.888447e-05,3.106439716985775e-06
40,44,23604,23607,3,7.29022e-05,0.00023891430666666668,0.0002472681785790455
40,45,23607,23610,3,0.000589275,0.0005890079,4.972390638985014e-07
40,46,23610,23613,3,0.0005845079,0.0005837607666666667,3.100749218423784e-06
40,47,23613,23616,3,0.000569764,0.0005694496,4.796112231797769e-06
40,48,23616,23619,3,0.0005358527,0.0005341157333333333,1.6917260407117403e-05
40,49,23619,23622,3,0.0004468136,0.00044869526666666665,2.9227320909191947e-05
40,50,23622,23626,4,0.00035877185,0.000361351025,1.6083447942741475e-05
40,51,23626,23629,3,0.0003126296,0.0003103604333333334,1.7683105029440457e-05
40,52,23629,23632,3,0.0002247684,0.00022580740000000002,2.6292801462377504e-05
40,53,23632,23635,3,0.0001649905,0.00016737716666666668,6.728044600691116e-06
40,54,23635,23638,3,0.0001669661,0.00016809443333333333,6.650468643804159e-06
40,55,23638,23641,3,0.0002447749,0.0002457986666666667,3.773508771831449e-05
40,56,23641,23644,3,0.0004119876,0.00040602609999999996,3.892730190675947e-05
40,57,23644,23647,3,0.0005016123,0.0005005143000000001,1.3603451815868905e-05
40,58,23647,23651,4,0.00053081365,0.000530690925,1.7998947363318456e-06
40,59,23651,23654,3,0.0005385324,0.0005381677333333334,4.77547012508253e-06
40,60,23654,23657,3,0.0005487637,0.0005487608666666666,1.6606327796623222e-06
40,61,23657,23660,3,0.0005413691,0.0005404659333333333,4.437033697064833e-06
40,62,23660,23663,3,0.0005183425,0.0005179427666666666,9.497041354840741e-06
40,63,23663,23666,3,0.0004625992,0.00046118710000000004,2.0252067297109866e-05
40,64,23666,23669,3,0.0003382702,0.00032886536666666666,5.865577666944286e-05
40,65,23669,23672,3,0.0001358481,0.00011778946333333334,6.415499170254296e-05
40,66,23672,23676,4,3.201423e-05,3.19679775e-05,1.3240577109306924e-07
40,67,23676,23679,3,3.217503e-05,3.2199513333333334e-05,1.0951789270353317e-07
40,68,23679,23682,3,3.234543e-05,3.234644333333333e-05,2.8317003529487736e-08
40,69,23682,23685,3,3.254138e-05,3.252744666666667e-05,2.6849598796918454e-08
40,70,23685,23688,3,3.27001e-05,3.2669233333333336e-05,5.6578018307073516e-08
40,71,23688,23691,3,3.276528e-05,3.275696e-05,8.454088123505603e-08
40,72,23691,23694,3,3.283645e-05,3.2822553333333334e-05,3.6556838241597344e-08
40,73,23694,23697,3,3.296112e-05,3.2946743333333335e-05,3.2188511753244825e-08
40,74,23697,23700,3,3.315263e-05,3.3099016666666666e-05,1.0993239296141028e-07
40,75,23700,23704,4,3.3399644999999994e-05,3.34669225e-05,2.7183587763345343e-07
40,76,23704,23707,3,3.630314e-05,3.718446e-05,2.5393129932851265e-06
40,77,23707,23710,3,6.625559e-05,0.0002501533733333333,0.0002728081497814003
40,78,23710,23713,3,0.0006358349,0.0006358927,2.0545427715183953e-07
40,79,23713,23716,3,0.0006360393,0.000636118,1.421109660324294e-07
40,80,23716,23719,3,0.0006357342,0.0006357283666666665,9.859663054869096e-08
40,81,23719,23722,3,0.0006358899,0.0006359032333333333,2.2188485502346967e-08
40,82,23722,23725,3,0.0006360193,0.0006359579000000001,3.557936855351083e-07
40,83,23725,23729,4,0.0006358412499999999,0.0006357892,2.2869415165237108e-07
40,84,23729,23732,3,0.0006356456,0.0006357008999999999,1.0758292925305392e-07
40,85,23732,23735,3,0.0006356222,0.0006356097,2.0876125119379432e-07
40,86,23735,23738,3,0.0006357147,0.0006356575333333333,2.7855702388481377e-07
40,87,23738,23741,3,0.0006356686,0.0006357834,1.8090196239949892e-07
40,88,23741,23744,3,0.0006356647,0.0006356351,7.538704574836232e-08
40,89,23744,23747,3,0.0006355842,0.0006356381666666667,8.291088924596404e-08
40,90,23747,23750,3,0.0006358478,0.0006358441333333334,1.6478940769629234e-07
40,91,23750,23754,4,0.00063603615,0.0006359702,3.2657332254795586e-07
40,92,23754,23757,3,0.0006357717,0.0006357948666666667,5.808375179191811e-08
40,93,23757,23760,3,0.0006361763,0.0006361738,1.618800996622744e-07
40,94,23760,23763,3,0.0006357078,0.0006358434999999999,3.1413711443680467e-07
40,95,23763,23766,3,0.0006357657,0.0006357347333333333,4.7662866981381166e-08
40,96,23766,23769,3,0.0006358461,0.0006358798666666666,1.5264504213659668e-07
40,97,23769,23772,3,0.0006357431,0.0006357841000000001,1.3142741976719854e-07
40,98,23772,23775,3,0.0006356563,0.0006357572333333333,3.051777769686967e-07
40,99,23775,23778,3,0.0006357799,0.0006357275666666666,3.339624064006192e-07
41,0,24269,24272,3,3.313313e-05,3.313197666666667e-05,1.7019009633021432e-08
41,1,24266,24269,3,3.306992e-05,3.3084686666666667e-05,6.499633699080501e-08
41,2,24263,24266,3,3.304166e-05,3.302551e-05,4.791692046309586e-08
41,3,24260,24263,3,3.302893e-05,3.300952666666666e-05,6.103966488185321e-08
41,4,24257,24260,3,3.296867e-05,3.300981666666667e-05,6.332781502275052e-08
41,5,24254,24257,3,3.295626e-05,3.2930093333333336e-05,4.828295236301357e-08
41,6,24251,24254,3,3.284699e-05,3.2875109999999994e-05,5.4699536256412124e-08
41,7,24247,24251,4,3.2686005e-05,3.273689e-05,1.742478021382205e-07
41,8,24244,24247,3,3.245958e-05,3.250344e-05,8.663956409555006e-08
41,9,24241,24244,3,3.248128e-05,3.246183666666667e-05,5.641833409648082e-08
41,10,24238,24241,3,3.237743e-05,3.2370763333333334e-05,3.471241596636806e-08
41,11,24235,24238,3,3.226816e-05,3.225501e-05,2.5396914510758136e-08
41,12,24232,24235,3,3.210798e-05,3.2156776666666664e-05,8.562334819169084e-08
41,13,24229,24232,3,3.21257e-05,3.2065419999999994e-05,9.898082945701977e-08
41,14,24226,24229,3,3.192815e-05,3.1935346666666664e-05,1.4979520093186004e-08
41,15,24222,24226,4,3.1714430000000005e-05,3.17041175e-05,2.7171935314770164e-08
41,16,24219,24222,3,3.142887e-05,3.143362333333333e-05,1.064463975696597e-08
41,17,24216,24219,3,0.0001128867,0.00010844857333333335,6.124420695343158e-05
41,18,24213,24216,3,0.0003232713,0.0003230675,6.991650579045455e-05
41,19,24210,24213,3,0.0005167287,0.0005087769333333333,3.7000482950571805e-05
41,20,24207,24210,3,0.0005825929,0.0005793013333333334,9.986941706159203e-06
41,21,24204,24207,3,0.000595325,0.0005947406666666666,1.1584571156883102e-06
41,22,24201,24204,3,0.0005970449,0.0005967082666666667,4.852928348487798e-07
41,23,24197,24201,4,0.00059717675,0.000597194225,3.6759200463964454e-07
41,24,24194,24197,3,0.0005975518,0.0005974061666666667,3.0749018773866683e-07
41,25,24191,24194,3,0.0005970814,0.0005970971,9.524036259209125e-08
41,26,24188,24191,3,0.0005970531,0.0005969169666666667,3.0449264176479017e-07
41,27,24185,24188,3,0.0005961541,0.00042503031333333336,0.0002421866925630205
41,28,24182,24185,3,4.221811e-05,4.5328836666666663e-05,7.451735893160882e-06
41,29,24179,24182,3,3.4825e-05,3.4831443333333334e-05,6.608594609210715e-07
41,30,24175,24179,4,3.3153185000000005e-05,3.3140749999999996e-05,1.719630956048407e-07
41,31,24172,24175,3,3.284672e-05,3.284923e-05,3.952156457766761e-08
41,32,24169,24172,3,3.277104e-05,3.275538666666667e-05,4.013587450426476e-08
41,33,24166,24169,3,3.270725e-05,3.2719586666666666e-05,7.853894589451862e-08
41,34,24163,24166,3,3.269875e-05,3.270509333333333e-05,2.7472245792598366e-08
41,35,24160,24163,3,3.25991e-05,3.259118333333333e-05,4.3169324242517886e-08
41,36,24157,24160,3,3.247914e-05,3.250586e-05,7.15106038756957e-08
41,37,24154,24157,3,3.249829e-05,3.244512666666667e-05,9.401202488098085e-08
41,38,24150,24154,4,3.234536e-05,3.23141675e-05,8.832520517242091e-08
41,39,24147,24150,3,3.222176e-05,3.220786666666667e-05,2.592235757454003e-08
41,40,24144,24147,3,3.201353e-05,3.200156333333333e-05,1.7107599351036107e-08
41,41,24141,24144,3,3.175661e-05,3.1817459999999995e-05,9.597116268268686e-08
41,42,24138,24141,3,3.164588e-05,3.160616e-05,1.332174135264103e-07
41,43,24135,24138,3,0.0001351547,0.00011948678333333333,6.64353331049868e-05
41,44,24132,24135,3,0.0003590351,0.00034380619999999995,7.334224037851586e-05
41,45,24129,24132,3,0.000530655,0.0005202482666666667,3.050823614002545e-05
41,46,24125,24129,4,0.0005865813,0.0005844157249999999,7.954476677436095e-06
41,47,24122,24125,3,0.0005930789,0.0005931290333333333,8.048711422056168e-08
41,48,24119,24122,3,0.0005935797,0.0005935539666666667,1.9737129702388738e-07
41,49,24116,24119,3,0.0005934788,0.0005934826,8.536619159052043e-08
41,50,24113,24116,3,0.0005926527,0.0005926931,2.881730498618359e-07
41,51,24110,24113,3,0.0005916767,0.0005915806,5.452210010629034e-07
41,52,24107,24110,3,0.0005901232,0.0005900446666666667,1.7906770290092172e-07
41,53,24103,24107,4,0.0005900371,0.0005900143499999999,1.7720850007827952e-07
41,54,24100,24103,3,0.0005887338,0.0005887622333333333,7.177780080838867e-07
41,55,24097,24100,3,0.0005880162,0.0005879832666666667,4.5962469714126675e-07
41,56,24094,24097,3,0.0005878742,0.0005875751666666667,5.159102139800258e-07
41,57,24091,24094,3,0.0005809739,0.0005810254333333334,2.517032846207776e-06
41,58,24088,24091,3,0.0005664753,0.0005666274333333333,5.908821979229219e-06
41,59,24085,24088,3,0.0005277656,0.0005257780000000001,1.5310350175181055e-05
41,60,24082,24085,3,0.0004591714,0.000460598,1.869447100847378e-05
41,61,24078,24082,4,0.0003954065,0.000393412425,1.9405795247473743e-05
41,62,24075,24078,3,0.0003061973,0.0003057555,2.9668231566553907e-05
41,63,24072,24075,3,0.0001987267,0.00020255446666666665,1.9544072800780854e-05
41,64,24069,24072,3,6.976294e-05,9.771796666666666e-05,5.265398725277402e-05
41,65,24066,24069,3,3.770923e-05,3.8480573333333335e-05,2.7605768683898103e-06
41,66,24063,24066,3,3.401027e-05,3.401981e-05,4.923936492279329e-07
41,67,24060,24063,3,3.31601e-05,3.314951999999999e-05,7.655372144230814e-08
41,68,24057,24060,3,3.289577e-05,3.2894886666666664e-05,3.508633573851189e-08
41,69,24053,24057,4,3.277094e-05,3.2772265e-05,5.4757700143451015e-08
41,70,24050,24053,3,3.261133e-05,3.2632469999999994e-05,6.829836064406477e-08
41,71,24047,24050,3,3.254973e-05,3.2534866666666666e-05,1.0036443272173453e-07
41,72,24044,24047,3,3.244336e-05,3.2430229999999995e-05,4.073351036513601e-08
41,73,24041,24044,3,3.223727e-05,3.223530666666667e-05,1.9160463343969028e-08
41,74,24038,24041,3,3.198585e-05,3.204738666666667e-05,9.142354413509927e-08
41,75,24035,24038,3,3.188768e-05,3.1854853333333333e-05,1.296800682020532e-07
41,76,24031,24035,4,0.000121314,0.0001210619075,6.46874342447331e-05
41,77,24028,24031,3,0.0003597774,0.0003658232,6.25737375905153e-05
41,78,24025,24028,3,0.0005294299,0.0005266009666666667,2.6485149346546802e-05
41,79,24022,24025,3,0.0005797335,0.0005779708333333334,5.522866012819371e-06
41,80,24019,24022,3,0.0005859492,0.0005859026666666665,1.0382155631447388e-07
41,81,24016,24019,3,0.0005860617,0.000586052,9.948189114941156e-08
41,82,24013,24016,3,0.0005846386,0.0005841552,1.7196444361165783e-06
41,83,24010,24013,3,0.0005728339,0.0005719509333333334,4.513668138985057e-06
41,84,24006,24010,4,0.0005643859,0.0005669892749999999,7.330606871663156e-06
41,85,24003,24006,3,0.000605202,0.0006030616666666666,9.567086918992388e-06
41,86,24000,24003,3,0.0006270495,0.0006258192333333333,4.632344496640484e-06
41,87,23997,24000,3,0.000635115,0.0006348646333333333,6.163407625296051e-07
41,88,23994,23997,3,0.0006353582,0.0006353443,2.734173001110253e-07
41,89,23991,23994,3,0.0006349898,0.0006350791999999999,3.426057306389819e-07
41,90,23988,23991,3,0.0006355743,0.0006354464,2.2531662166824918e-07
41,91,23985,23988,3,0.000635336,0.0006352308333333334,2.1790019631830538e-07
41,92,23981,23985,4,0.0006352411,0.000635266275,3.781743471931972e-07
41,93,23978,23981,3,0.0006350097,0.0006350542,1.2870718705648974e-07
41,94,23975,23978,3,0.0006349829,0.0006349956666666666,3.502706889757475e-08
41,95,23972,23975,3,0.0006348839,0.0006350390666666667,2.335794273665331e-07
41,96,23969,23972,3,0.0006353535,0.0006353422333333333,3.671887192651974e-08
41,97,23966,23969,3,0.0006355076,0.0006353820333333333,2.4323961208832973e-07
41,98,23963,23966,3,0.0006351646,0.0006352757333333333,1.5730770977786352e-07
41,99,23959,23963,4,0.0006351942,0.00063518035,1.2750132352253794e-07
42,0,24453,24457,4,3.348469e-05,3.3476715e-05,6.272088388248537e-08
42,1,24457,24460,3,3.345656e-05,3.3459460000000004e-05,5.998224126078183e-08
42,2,24460,24463,3,3.35119e-05,3.3462170000000004e-05,9.58489669567026e-08
42,3,24463,24466,3,3.32948e-05,3.326497e-05,5.99318985738549e-08
42,4,24466,24469,3,3.321157e-05,3.3213703333333335e-05,6.483921361508243e-08
42,5,24469,24472,3,3.32272e-05,3.322244e-05,5.961768865026607e-08
42,6,24472,24475,3,3.32956e-05,3.327719e-05,3.7678633202387156e-08
42,7,24475,24478,3,3.331052e-05,3.3265026666666665e-05,7.226246159352237e-08
42,8,24478,24482,4,3.327555e-05,3.3267302499999996e-05,6.331286416479664e-08
42,9,24482,24485,3,3.323256e-05,3.32613e-05,6.85249988447031e-08
42,10,24485,24488,3,3.32399e-05,3.326557666666667e-05,4.733191054199748e-08
42,11,24488,24491,3,3.335221e-05,3.333113e-05,4.194595888362304e-08
42,12,24491,24494,3,3.33752e-05,3.332592333333333e-05,7.549500218925367e-08
42,13,24494,24497,3,3.328725e-05,3.330801666666667e-05,6.235409226523981e-08
42,14,24497,24500,3,3.332675e-05,3.3335466666666666e-05,4.894262922602121e-08
42,15,24500,24503,3,3.352897e-05,3.351730666666667e-05,3.5782873308639304e-08
42,16,24503,24507,4,3.392777e-05,3.4014800000000005e-05,4.490558230331724e-07
42,17,24507,24510,3,3.932059e-05,4.0919636666666665e-05,4.544234084473298e-06
42,18,24510,24513,3,0.0005960535,0.00041819495000000004,0.0002516803901861148
42,19,24513,24516,3,0.0005959386,0.0005954240333333333,7.50591119644288e-07
42,20,24516,24519,3,0.0005926554,0.0005927384999999999,3.5062271270792747e-07
42,21,24519,24522,3,0.0005939881,0.0005940692,1.0502342056259072e-06
42,22,24522,24525,3,0.000595937,0.0005959695999999999,2.8190054983980964e-07
42,23,24525,24528,3,0.000595651,0.0005956737666666668,2.482068536971279e-07
42,24,24528,24531,3,0.0005961906,0.0005962189,1.3704809374812323e-07
42,25,24531,24535,4,0.0005904288000000001,0.000588511375,6.278846143749271e-06
42,26,24535,24538,3,0.0005364279,0.0005333905666666666,2.7868179456665082e-05
42,27,24538,24541,3,0.0003641834,0.0003705606,6.59652405055875e-05
42,28,24541,24544,3,0.0001441205,0.00015548383333333334,4.666201931259393e-05
42,29,24544,24547,3,3.170557e-05,3.170873333333333e-05,8.414639359803486e-09
42,30,24547,24550,3,3.201466e-05,3.199243666666667e-05,3.8015290198665794e-08
42,31,24550,24553,3,3.219286e-05,3.215928666666667e-05,1.1088748692055158e-07
42,32,24553,24556,3,3.225203e-05,3.2304523333333335e-05,8.899268184644426e-08
42,33,24556,24560,4,3.2469829999999994e-05,3.24776775e-05,5.082608502285086e-08
42,34,24560,24563,3,3.261722e-05,3.2611949999999995e-05,3.4247167279450244e-08
42,35,24563,24566,3,3.275887e-05,3.2750953333333326e-05,3.52182474799018e-08
42,36,24566,24569,3,3.278407e-05,3.2790413333333336e-05,8.496472065249085e-08
42,37,24569,24572,3,3.285288e-05,3.2853236666666664e-05,6.180522326003025e-08
42,38,24572,24575,3,3.29396e-05,3.2934139999999996e-05,4.7033794942219575e-08
42,39,24575,24578,3,3.303097e-05,3.304261666666667e-05,2.390096278860461e-08
42,40,24578,24581,3,3.313234e-05,3.3091770000000005e-05,1.0156409897202708e-07
42,41,24581,24585,4,3.328715e-05,3.3314955e-05,1.2795572876975896e-07
42,42,24585,24588,3,3.403042e-05,3.442449666666667e-05,8.280834363892457e-07
42,43,24588,24591,3,4.202071e-05,4.476081333333333e-05,7.192146764874091e-06
42,44,24591,24594,3,0.0005826349,0.00041270119,0.00024306419543842367
42,45,24594,24597,3,0.0005825123,0.0005829517333333334,9.820363684145905e-07
42,46,24597,24600,3,0.0005869032,0.0005862641,1.0832573316930453e-06
42,47,24600,24603,3,0.0005840973,0.0005833826666666667,1.6298998380950073e-06
42,48,24603,24606,3,0.0005729524,0.0005723703666666666,4.400973960638979e-06
42,49,24606,24609,3,0.0005476467,0.0005469960666666667,8.961966433148956e-06
42,50,24609,24613,4,0.0005030614999999999,0.0005027148,1.7400422397028185e-05
42,51,24613,24616,3,0.0004473461,0.0004446024,1.433222209638128e-05
42,52,24616,24619,3,0.0003509208,0.00035108186666666665,3.419718935442244e-05
42,53,24619,24622,3,0.0002215635,0.00022729713333333334,2.6948958550110173e-05
42,54,24622,24625,3,0.0001728543,0.0001734932,2.1562560098466975e-06
42,55,24625,24628,3,0.0002014713,0.00020776819999999998,2.111545816710276e-05
42,56,24628,24631,3,0.0003384176,0.00034485400000000007,4.9381317399262106e-05
42,57,24631,24634,3,0.0004965147,0.0004942893333333333,2.7680029653444294e-05
42,58,24634,24638,4,0.00056105695,0.00055879225,1.0143719973584667e-05
42,59,24638,24641,3,0.0005750878,0.0005748357666666667,6.314693992761487e-07
42,60,24641,24644,3,0.0005754195,0.0005754830333333333,1.5001656204865102e-07
42,61,24644,24647,3,0.0005726482,0.0005724490666666667,2.1597377639169552e-06
42,62,24647,24650,3,0.0005607302,0.0005591413666666667,6.2860504846489825e-06
42,63,24650,24653,3,0.0005079956,0.0005007664,3.1987949152141645e-05
42,64,24653,24656,3,0.0003227512,0.0003216157333333334,6.728647656016937e-05
42,65,24656,24659,3,0.0001210567,0.00010998094000000001,5.974998949435222e-05
42,66,24659,24663,4,3.2026720000000004e-05,3.2042485e-05,1.328114387957613e-07
42,67,24663,24666,3,3.220373e-05,3.226902333333334e-05,9.679177180364327e-08
42,68,24666,24669,3,3.243546e-05,3.2437586666666664e-05,1.4180854072381668e-08
42,69,24669,24672,3,3.26261e-05,3.263235666666667e-05,1.4238212278544756e-08
42,70,24672,24675,3,3.279198e-05,3.273496666666667e-05,9.261527783734756e-08
42,71,24675,24678,3,3.275863e-05,3.2813146666666665e-05,8.302912915892093e-08
42,72,24678,24681,3,3.288558e-05,3.290436e-05,2.6721730233401794e-08
42,73,24681,24684,3,3.304989e-05,3.303008666666667e-05,3.062335746162053e-08
42,74,24684,24687,3,3.325147e-05,3.319943333333333e-05,8.787487784091495e-08
42,75,24687,24691,4,3.3549205e-05,3.3644805e-05,3.7241124234507343e-07
42,76,24691,24694,3,3.778261e-05,3.842761666666666e-05,2.986737451705829e-06
42,77,24694,24697,3,7.51363e-05,0.00025496469999999996,0.00026932064873623533
42,78,24697,24700,3,0.0006357104,0.0006356780333333334,2.437803154937207e-07
42,79,24700,24703,3,0.0006355165,0.0006355213666666666,7.593055306588675e-08
42,80,24703,24706,3,0.0006353471,0.0006353357333333333,2.708287322686363e-07
42,81,24706,24709,3,0.0006357143,0.0006356387666666667,2.335825526208852e-07
42,82,24709,24712,3,0.0006352846,0.0006352889999999999,3.907096108365023e-08
42,83,24712,24716,4,0.0006352712500000001,0.0006352862250000001,7.876881917995013e-08
42,84,24716,24719,3,0.000635576,0.0006355755333333333,1.0687991184291869e-07
42,85,24719,24722,3,0.000635312,0.0006352819666666667,1.4877863496560198e-07
42,86,24722,24725,3,0.0006355024,0.0006355047666666666,1.59429740708016e-07
42,87,24725,24728,3,0.0006355504,0.0006354504666666667,1.4974844091191465e-07
42,88,24728,24731,3,0.0006356862,0.0006357155666666666,1.1373097887361885e-07
42,89,24731,24734,3,0.0006356862,0.0006355684666666667,2.4745237027670833e-07
42,90,24734,24737,3,0.0006354995,0.0006355015,1.4044453234877482e-07
42,91,24737,24741,4,0.0006357076,0.0006357258749999999,1.5998867733377258e-07
42,92,24741,24744,3,0.0006355749,0.0006356854,1.5910740607107772e-07
42,93,24744,24747,3,0.000635549,0.0006354343333333333,1.7186951122547042e-07
42,94,24747,24750,3,0.0006353757,0.0006354098666666667,1.0531958771070987e-07
42,95,24750,24753,3,0.0006353917,0.0006354167,1.227740200531045e-07
42,96,24753,24756,3,0.0006354947,0.0006355076000000001,5.662867353796495e-08
42,97,24756,24759,3,0.0006355117,0.0006356387333333333,2.1508374079774585e-07
42,98,24759,24762,3,0.0006352223,0.0006351647666666666,1.1260705523584284e-07
42,99,24762,24765,3,0.0006355036,0.0006355538333333333,3.033333076922975e-07
43,0,25256,25259,3,3.315573e-05,3.3181056666666666e-05,3.8919253447219034e-08
43,1,25253,25256,3,3.315063e-05,3.3180483333333335e-05,8.157068972505967e-08
43,2,25250,25253,3,3.320331e-05,3.319128666666666e-05,4.109736758263725e-08
43,3,25247,25250,3,3.316967e-05,3.31474e-05,6.462625833720142e-08
43,4,25244,25247,3,3.306263e-05,3.306296666666667e-05,1.9234050246604998e-08
43,5,25241,25244,3,3.308781e-05,3.306333e-05,9.466042185975514e-08
43,6,25238,25241,3,3.307244e-05,3.303932333333333e-05,5.996845522624553e-08
43,7,25234,25238,4,3.2852265e-05,3.2846575e-05,1.0103383999927959e-07
43,8,25231,25234,3,3.26426e-05,3.263574666666666e-05,3.701197764087822e-08
43,9,25228,25231,3,3.254613e-05,3.2538516666666664e-05,4.896818173286025e-08
43,10,25225,25228,3,3.247067e-05,3.248154666666666e-05,7.90729394644945e-08
43,11,25222,25225,3,3.245349e-05,3.2417383333333336e-05,6.560106012016073e-08
43,12,25219,25222,3,3.233035e-05,3.231106333333333e-05,3.04981937534399e-08
43,13,25216,25219,3,3.214657e-05,3.2160973333333335e-05,5.749652182717005e-08
43,14,25213,25216,3,3.207887e-05,3.205062333333333e-05,1.043587023470286e-07
43,15,25209,25213,4,3.1906635e-05,3.185351e-05,1.1399897565329327e-07
43,16,25206,25209,3,3.165914e-05,3.163596e-05,4.024744049832942e-08
43,17,25203,25206,3,0.0001136008,0.00010803429000000001,6.047823327891504e-05
43,18,25200,25203,3,0.0003289653,0.0003265183,7.680283179132569e-05
43,19,25197,25200,3,0.0005204935,0.0005123904333333333,3.478095471847902e-05
43,20,25194,25197,3,0.0005837553,0.0005808014666666667,8.429980448507717e-06
43,21,25191,25194,3,0.000595814,0.0005951664666666666,1.0743334843313666e-06
43,22,25188,25191,3,0.0005971869,0.0005969531666666666,3.355107681662943e-07
43,23,25184,25188,4,0.00059728205,0.000597352225,2.743005046933048e-07
43,24,25181,25184,3,0.0005976869,0.0005976739,2.165667718433876e-07
43,25,25178,25181,3,0.0005976254,0.0005976771333333334,1.9629517456002954e-07
43,26,25175,25178,3,0.000597416,0.0005974424666666667,2.769355199721386e-07
43,27,25172,25175,3,0.00059734,0.00042562854666666674,0.00024301367642985932
43,28,25169,25172,3,4.263532e-05,4.5628616666666676e-05,7.346540170567063e-06
43,29,25166,25169,3,3.494024e-05,3.495559333333333e-05,7.300531645176419e-07
43,30,25162,25166,4,3.3342175e-05,3.3328612499999995e-05,2.3460923206206208e-07
43,31,25159,25162,3,3.306269e-05,3.304752e-05,2.6028301263561514e-08
43,32,25156,25159,3,3.292798e-05,3.293149e-05,3.454135781928726e-08
43,33,25153,25156,3,3.287024e-05,3.290039666666667e-05,7.289700054795711e-08
43,34,25150,25153,3,3.289355e-05,3.2874963333333335e-05,5.2237818569392504e-08
43,35,25147,25150,3,3.281312e-05,3.280005e-05,4.540467450237611e-08
43,36,25144,25147,3,3.270212e-05,3.269415e-05,3.791874030959794e-08
43,37,25141,25144,3,3.263905e-05,3.2632183333333326e-05,8.958704122559031e-08
43,38,25137,25141,4,3.2563795e-05,3.252629e-05,9.204120028552449e-08
43,39,25134,25137,3,3.240431e-05,3.241045333333333e-05,1.6870222945244256e-08
43,40,25131,25134,3,3.219721e-05,3.2203596666666666e-05,1.6895674660169604e-08
43,41,25128,25131,3,3.195526e-05,3.2017436666666674e-05,9.350075804802607e-08
43,42,25125,25128,3,3.184333e-05,3.1809933333333335e-05,1.3492260999880313e-07
43,43,25122,25125,3,0.0001363495,0.00012204412,6.873542468015165e-05
43,44,25119,25122,3,0.0003596782,0.0003483777333333333,6.973205176064224e-05
43,45,25116,25119,3,0.0005292135,0.0005199841333333333,3.0664543194851115e-05
43,46,25112,25116,4,0.0005849585,0.0005829042500000001,7.798340726558435e-06
43,47,25109,25112,3,0.0005918478,0.0005921227,6.428336798893123e-07
43,48,25106,25109,3,0.0005927854,0.0005923313,7.272302844812384e-07
43,49,25103,25106,3,0.0005886047,0.0005894530666666667,1.309739898690666e-06
43,50,25100,25103,3,0.0005903661,0.0005896505666666668,1.371076329830748e-06
43,51,25097,25100,3,0.0005915141,0.0005917039666666667,3.6682840978067666e-07
43,52,25094,25097,3,0.000587451,0.0005878383666666667,1.0060833707446055e-06
43,53,25090,25094,4,0.0005869913,0.000586888475,5.935284086503185e-07
43,54,25087,25090,3,0.0005861003,0.0005847637,2.7571395213155455e-06
43,55,25084,25087,3,0.0005765401,0.0005765332999999999,1.11093565370216e-06
43,56,25081,25084,3,0.0005856476,0.0005836955,2.810684688825837e-06
43,57,25078,25081,3,0.0005860921,0.0005861112333333333,1.2882073677099343e-07
43,58,25075,25078,3,0.0005851387,0.0005850145666666667,1.5822757499528787e-06
43,59,25072,25075,3,0.0005764317,0.0005761032666666667,3.4903783905027943e-06
43,60,25069,25072,3,0.0005611086,0.0005617617666666667,3.367739691378928e-06
43,61,25065,25069,4,0.0005415527500000001,0.0005407072750000001,9.632924800748475e-06
43,62,25062,25065,3,0.0004920321,0.0004906373,2.0687419112107734e-05
43,63,25059,25062,3,0.0003618922,0.0003624019666666666,4.487981471473439e-05
43,64,25056,25059,3,8.18054e-05,0.00013256703666666666,8.784337276383094e-05
43,65,25053,25056,3,3.983342e-05,4.074210666666666e-05,3.9402702704707396e-06
43,66,25050,25053,3,3.432999e-05,3.439217e-05,4.780925488508116e-07
43,67,25047,25050,3,3.318103e-05,3.322166666666667e-05,9.18179794787253e-08
43,68,25044,25047,3,3.292595e-05,3.2981769999999994e-05,9.840414727032695e-08
43,69,25040,25044,4,3.285813e-05,3.2861387500000006e-05,9.312799132779513e-08
43,70,25037,25040,3,3.281774e-05,3.275326e-05,9.183270913278353e-08
43,71,25034,25037,3,3.267264e-05,3.266336333333333e-05,1.754891512949367e-08
43,72,25031,25034,3,3.249164e-05,3.248185e-05,1.7178243992524962e-08
43,73,25028,25031,3,3.232753e-05,3.235716333333333e-05,1.0266368696974557e-07
43,74,25025,25028,3,3.226597e-05,3.221511e-05,7.551157571304196e-08
43,75,25022,25025,3,3.198674e-05,3.1992019999999996e-05,1.1784874486673666e-08
43,76,25018,25022,4,6.9573035e-05,8.15951825e-05,5.268847306643853e-05
43,77,25015,25018,3,0.0002907417,0.0003010543666666667,6.361575234999234e-05
43,78,25012,25015,3,0.0004964519,0.0004966684333333333,3.4458373827981036e-05
43,79,25009,25012,3,0.0005740396,0.0005721557333333334,9.247737713024153e-06
43,80,25006,25009,3,0.0005888905,0.0005881962333333333,1.544716391085702e-06
43,81,25003,25006,3,0.0005895469,0.0005895281333333333,1.578568197942498e-07
43,82,25000,25003,3,0.000587292,0.0005872544999999999,1.5916951990461843e-06
43,83,24997,25000,3,0.0005749634,0.0005752330333333334,4.440488374291974e-06
43,84,24993,24997,4,0.00056431395,0.0005660116,3.6800512883654304e-06
43,85,24990,24993,3,0.0005949108,0.0005944154666666666,1.0028532173863868e-05
43,86,24987,24990,3,0.0006218266,0.0006213866,5.553713318732478e-06
43,87,24984,24987,3,0.0006340323,0.0006336670333333332,1.053269564525404e-06
43,88,24981,24984,3,0.0006350467,0.0006348952,2.2093348923751504e-07
43,89,24978,24981,3,0.0006347943,0.0006348200333333333,1.5927982365077912e-07
43,90,24975,24978,3,0.0006347306,0.0006347316666666667,4.7281168438288396e-08
43,91,24972,24975,3,0.0006347316,0.0006347948,9.610175163163597e-08
43,92,24968,24972,4,0.0006348608,0.0006348795,1.353043790865499e-07
43,93,24965,24968,3,0.0006349618,0.0006349104333333334,8.746581554463619e-08
43,94,24962,24965,3,0.0006349786,0.0006350654,1.493829976938575e-07
43,95,24959,24962,3,0.0006349307,0.0006348553333333333,1.3743270676549875e-07
43,96,24956,24959,3,0.0006350472,0.0006350527666666666,1.1245966190396657e-07
43,97,24953,24956,3,0.0006351257,0.0006351298000000001,1.9438863135479525e-07
43,98,24950,24953,3,0.0006351385,0.0006352268,2.1217192714082945e-07
43,99,24946,24950,4,0.0006351289,0.0006350827,4.0214138061136234e-07
44,0,25440,25444,4,3.3489575e-05,3.3473935e-05,5.869403824069462e-08
44,1,25444,25447,3,3.346898e-05,3.346524e-05,6.475321510679369e-08
44,2,25447,25450,3,3.349706e-05,3.3492676666666666e-05,4.8806619997244985e-08
44,3,25450,25453,3,3.332739e-05,3.330411333333334e-05,4.983097051254687e-08
44,4,25453,25456,3,3.326681e-05,3.325083666666666e-05,5.212256666315915e-08
44,5,25456,25459,3,3.325964e-05,3.3260959999999996e-05,6.496717324926403e-08
44,6,25459,25462,3,3.33167e-05,3.331918333333333e-05,2.92139970257801e-08
44,7,25462,25466,4,3.329785e-05,3.329337e-05,5.8288720178092333e-08
44,8,25466,25469,3,3.328508e-05,3.329353666666667e-05,6.739407804514965e-08
44,9,25469,25472,3,3.331193e-05,3.3287143333333336e-05,4.45181501063193e-08
44,10,25472,25475,3,3.33245e-05,3.33214e-05,6.079504146446861e-08
44,11,25475,25478,3,3.335186e-05,3.336092e-05,3.833472577181114e-08
44,12,25478,25481,3,3.331415e-05,3.333609333333333e-05,6.615667078147953e-08
44,13,25481,25484,3,3.334703e-05,3.3325483333333335e-05,3.9579975857607674e-08
44,14,25484,25487,3,3.338047e-05,3.3371696666666666e-05,5.814799872356364e-08
44,15,25487,25491,4,3.3494879999999995e-05,3.3471514999999994e-05,6.098025971574589e-08
44,16,25491,25494,3,3.386617e-05,3.386118333333334e-05,2.1055500585093791e-07
44,17,25494,25497,3,3.672065e-05,3.715483333333333e-05,2.020187177933988e-06
44,18,25497,25500,3,6.318333e-05,0.0002350677366666667,0.0002535289544864145
44,19,25500,25503,3,0.0005944032,0.0005943636333333334,1.9596622724905744e-07
44,20,25503,25506,3,0.000596036,0.0005960721,3.4131249610878013e-07
44,21,25506,25509,3,0.0005955053,0.0005945603,2.103882702687281e-06
44,22,25509,25512,3,0.0005909463,0.0005905408,7.658493106784531e-07
44,23,25512,25516,4,0.0005944791,0.0005938685,1.5999749763668074e-06
44,24,25516,25519,3,0.0005947684,0.0005944479666666666,5.123854430233552e-07
44,25,25519,25522,3,0.0005895375,0.0005877806000000001,4.781534879791895e-06
44,26,25522,25525,3,0.0005551835,0.0005491919666666666,2.0332393906003486e-05
44,27,25525,25528,3,0.0004286225,0.0004174748666666667,5.933753815960198e-05
44,28,25528,25531,3,0.0001946584,0.00020074293333333332,5.8613069629980034e-05
44,29,25531,25534,3,3.167045e-05,3.1656196666666666e-05,2.623081817676027e-08
44,30,25534,25538,4,3.1977265e-05,3.1919580000000004e-05,1.0629727113148448e-07
44,31,25538,25541,3,3.22243e-05,3.216372333333333e-05,9.891308451812039e-08
44,32,25541,25544,3,3.223069e-05,3.229606666666667e-05,1.0172194792122797e-07
44,33,25544,25547,3,3.242524e-05,3.242839666666667e-05,2.007556779326986e-08
44,34,25547,25550,3,3.259409e-05,3.259913333333333e-05,2.153844057080556e-08
44,35,25550,25553,3,3.273741e-05,3.2683253333333334e-05,9.547541265803438e-08
44,36,25553,25556,3,3.270113e-05,3.274722666666666e-05,7.85686749849376e-08
44,37,25556,25559,3,3.282222e-05,3.282995e-05,3.356111539664225e-08
44,38,25559,25563,4,3.293749e-05,3.293621e-05,3.671857636129309e-08
44,39,25563,25566,3,3.30599e-05,3.3041956666666666e-05,2.9963337968628815e-08
44,40,25566,25569,3,3.315122e-05,3.3110926666666666e-05,9.917210674154097e-08
44,41,25569,25572,3,3.320398e-05,3.3254780000000004e-05,7.692436155081149e-08
44,42,25572,25575,3,3.375609e-05,3.382812e-05,2.5875992979336497e-07
44,43,25575,25578,3,3.824289e-05,3.894751e-05,3.1011926068530495e-06
44,44,25578,25581,3,7.236459e-05,0.00023819753999999998,0.00024653291208996426
44,45,25581,25584,3,0.0005853437,0.0005853314333333333,8.022547821955201e-07
44,46,25584,25588,4,0.0005897509000000001,0.00058979445,4.4166231727417613e-07
44,47,25588,25591,3,0.0005896546,0.0005893363666666667,6.965478511120842e-07
44,48,25591,25594,3,0.0005875199,0.0005872491666666667,9.512482477717668e-07
44,49,25594,25597,3,0.0005824722,0.0005819011666666667,1.9088488334304865e-06
44,50,25597,25600,3,0.0005735343,0.0005735692333333334,2.672915699298334e-06
44,51,25600,25603,3,0.0005615444,0.0005605899333333333,5.166643779949299e-06
44,52,25603,25606,3,0.0005242646,0.0005214091,1.8346795042731608e-05
44,53,25606,25610,4,0.0003985358,0.0003965179,5.3168646980998117e-05
44,54,25610,25613,3,0.0002461106,0.0002480424,2.6118564731750983e-05
44,55,25613,25616,3,0.0002122639,0.00021880273333333333,1.3351417554785043e-05
44,56,25616,25619,3,0.0003380521,0.00034320890000000005,4.71602792233747e-05
44,57,25619,25622,3,0.0004885956,0.0004894362333333333,2.832368673064218e-05
44,58,25622,25625,3,0.0005606124,0.0005593169333333333,1.0676768082253298e-05
44,59,25625,25628,3,0.0005800211,0.0005797604333333334,1.8776212936112388e-06
44,60,25628,25631,3,0.0005826601,0.0005825756666666667,2.427305273114188e-07
44,61,25631,25635,4,0.00058279945,0.000582391025,1.2022324179937165e-06
44,62,25635,25638,3,0.0005727052,0.0005706692333333333,5.909006081304124e-06
44,63,25638,25641,3,0.0005221691,0.0005158823,2.6728616109830047e-05
44,64,25641,25644,3,0.0003465518,0.0003400744333333333,6.782406408349637e-05
44,65,25644,25647,3,0.0001361164,0.00011966265666666666,6.61051374040507e-05
44,66,25647,25650,3,3.206099e-05,3.201259e-05,8.460251217704472e-08
44,67,25650,25653,3,3.22072e-05,3.220524333333333e-05,1.167304685542266e-07
44,68,25653,25656,3,3.236048e-05,3.237607333333333e-05,4.918030793812549e-08
44,69,25656,25660,4,3.2575585e-05,3.2574325000000006e-05,3.5519578052110765e-08
44,70,25660,25663,3,3.27357e-05,3.272288333333333e-05,3.195910338055318e-08
44,71,25663,25666,3,3.287516e-05,3.285507333333333e-05,5.18468934031297e-08
44,72,25666,25669,3,3.292877e-05,3.2924190000000005e-05,8.302740270537179e-08
44,73,25669,25672,3,3.299874e-05,3.298373e-05,2.982362933425136e-08
44,74,25672,25675,3,3.316519e-05,3.316644666666667e-05,2.5635175486466662e-09
44,75,25675,25678,3,3.346561e-05,3.3434266666666666e-05,1.2664563325366689e-07
44,76,25678,25682,4,3.5472085e-05,3.612687e-05,2.2747098955361316e-06
44,77,25682,25685,3,6.304384e-05,0.00024844937333333336,0.00027372562659310867
44,78,25685,25688,3,0.0006352335,0.0006352229666666667,8.206998368599589e-08
44,79,25688,25691,3,0.0006353652,0.0006353483,1.552275963437919e-07
44,80,25691,25694,3,0.0006353295,0.0006354414333333333,2.13006483991016e-07
44,81,25694,25697,3,0.0006353337,0.000635353,1.0584413068283945e-07
44,82,25697,25700,3,0.0006357571,0.0006356175666666667,2.869403693375068e-07
44,83,25700,25703,3,0.0006352471,0.0006351661,1.44965191224174e-07
44,84,25703,25707,4,0.0006353937,0.000635502325,2.3169999325634824e-07
44,85,25707,25710,3,0.0006352564,0.0006352671333333333,2.7232574040823733e-07
44,86,25710,25713,3,0.0006353537,0.0006352771,1.8965131162211182e-07
44,87,25713,25716,3,0.0006353735,0.0006352683,2.8133440363147315e-07
44,88,25716,25719,3,0.0006350863,0.0006351918666666666,1.5284297679497913e-07
44,89,25719,25722,3,0.0006353061,0.0006352444666666667,1.5497875840111764e-07
44,90,25722,25725,3,0.0006352411,0.0006352565333333334,2.1195786268867717e-07
44,91,25725,25728,3,0.0006353572,0.0006352905666666667,3.3309140220396556e-07
44,92,25728,25732,4,0.0006350576000000001,0.00063511965,1.826662051393233e-07
44,93,25732,25735,3,0.0006352243,0.0006351346333333332,2.411059149465759e-07
44,94,25735,25738,3,0.0006351481,0.0006351499666666666,2.3099065397156952e-07
44,95,25738,25741,3,0.000635455,0.0006354149,6.339984227110775e-08
44,96,25741,25744,3,0.0006352132,0.0006352081666666666,1.1742533325007603e-07
44,97,25744,25747,3,0.0006349225,0.0006351791,3.6444394173407433e-07
44,98,25747,25750,3,0.0006352658,0.0006352359333333334,1.518741876978632e-07
44,99,25750,25753,3,0.0006354724,0.0006354658333333333,3.1897370145872556e-08
45,0,26243,26246,3,3.280858e-05,3.2824703333333336e-05,5.8236726289249105e-08
45,1,26240,26243,3,3.282752e-05,3.281988e-05,6.921328051754194e-08
45,2,26237,26240,3,3.281809e-05,3.279445666666667e-05,4.9564929357583225e-08
45,3,26234,26237,3,3.273507e-05,3.272796666666667e-05,3.835050832634421e-08
45,4,26231,26234,3,3.272672e-05,3.2727129999999996e-05,8.778610862014043e-08
45,5,26228,26231,3,3.272534e-05,3.272621666666666e-05,2.396335164833284e-09
45,6,26225,26228,3,3.260064e-05,3.263379666666667e-05,7.607315178315089e-08
45,7,26222,26225,3,3.236258e-05,3.243377e-05,1.3604534562662132e-07
45,8,26218,26222,4,3.2285615e-05,3.2276989999999995e-05,9.297472586676378e-08
45,9,26215,26218,3,3.222653e-05,3.218894333333333e-05,6.828728399603786e-08
45,10,26212,26215,3,3.212273e-05,3.2108086666666666e-05,3.344958827183967e-08
45,11,26209,26212,3,3.199178e-05,3.197251333333333e-05,2.9357859065145812e-08
45,12,26206,26209,3,3.189333e-05,3.1893709999999997e-05,9.38076770134845e-08
45,13,26203,26206,3,3.183098e-05,3.1804693333333335e-05,4.7412642711505016e-08
45,14,26200,26203,3,3.162076e-05,3.161383333333333e-05,2.381997107937531e-08
45,15,26197,26200,3,3.139333e-05,3.143237333333334e-05,7.583491470878719e-08
45,16,26193,26197,4,3.120721e-05,3.122799e-05,1.1964085527109928e-07
45,17,26190,26193,3,0.0001531974,0.00013196069333333332,7.518153454384984e-05
45,18,26187,26190,3,0.0003891051,0.00037243460000000003,6.575763269132084e-05
45,19,26184,26187,3,0.0005377686,0.0005311247333333333,2.4009979376686036e-05
45,20,26181,26184,3,0.0005843447,0.0005830888,5.730368953217608e-06
45,21,26178,26181,3,0.0005936804,0.0005940075666666667,9.597976326057027e-07
45,22,26175,26178,3,0.0005959687,0.0005958864,1.3474986703767802e-07
45,23,26172,26175,3,0.0005956284,0.0005955336,3.545487648640759e-07
45,24,26168,26172,4,0.0005970789,0.000596815525,7.298161938974646e-07
45,25,26165,26168,3,0.0005976325,0.0005977271666666666,1.542495236801747e-07
45,26,26162,26165,3,0.0005974903,0.0005975411,2.648690745758831e-07
45,27,26159,26162,3,0.0005964225,0.00041957709666666667,0.00025062407617682046
45,28,26156,26159,3,4.039118e-05,4.111553666666666e-05,3.9469048963319194e-06
45,29,26153,26156,3,3.469998e-05,3.471846e-05,5.222967248604966e-07
45,30,26150,26153,3,3.340032e-05,3.3483919999999994e-05,1.4324282413673293e-07
45,31,26147,26150,3,3.324699e-05,3.325325666666667e-05,9.1375495377894e-08
45,32,26144,26147,3,3.322456e-05,3.3221646666666666e-05,3.063081817748568e-08
45,33,26140,26144,4,3.312143e-05,3.31174075e-05,4.018039906160573e-08
45,34,26137,26140,3,3.301376e-05,3.301616333333334e-05,4.201455488544836e-08
45,35,26134,26137,3,3.29153e-05,3.2955926666666665e-05,7.633661826993052e-08
45,36,26131,26134,3,3.295972e-05,3.290580666666666e-05,8.604826565493322e-08
45,37,26128,26131,3,3.283809e-05,3.282639333333333e-05,2.3932321705639354e-08
45,38,26125,26128,3,3.266336e-05,3.266812333333333e-05,2.1942121339763802e-08
45,39,26122,26125,3,3.249489e-05,3.255243666666667e-05,9.20103582333132e-08
45,40,26119,26122,3,3.249017e-05,3.24276e-05,1.0742769568411911e-07
45,41,26115,26119,4,3.22547e-05,3.2199525e-05,1.1713486255167618e-07
45,42,26112,26115,3,3.198653e-05,3.194569666666667e-05,5.8910513681532666e-08
45,43,26109,26112,3,0.0001884499,0.00018555883333333336,4.749357293229848e-05
45,44,26106,26109,3,0.0004176273,0.0004094996666666667,5.078389326524263e-05
45,45,26103,26106,3,0.0005482313,0.0005465809333333333,1.887322042866263e-05
45,46,26100,26103,3,0.0005875739,0.0005875234333333333,4.171878605882788e-06
45,47,26097,26100,3,0.0005946807,0.0005949771,6.487905260302682e-07
45,48,26094,26097,3,0.0005963949,0.0005963610333333333,2.984121348440968e-07
45,49,26090,26094,4,0.00059545375,0.0005954795250000001,3.703077529231533e-07
45,50,26087,26090,3,0.0005945883,0.0005946053666666667,2.0464358175998054e-07
45,51,26084,26087,3,0.0005935769,0.0005934942,2.1889752549234815e-07
45,52,26081,26084,3,0.0005920927,0.0005919468666666667,8.297470471307661e-07
45,53,26078,26081,3,0.0005881776,0.0005884766666666667,6.802097192941288e-07
45,54,26075,26078,3,0.0005878509,0.0005878820000000001,9.926231241852795e-08
45,55,26072,26075,3,0.0005891663,0.0005891822666666667,1.0200708352309801e-06
45,56,26069,26072,3,0.0005910087,0.0005911006333333334,2.9156178685756264e-07
45,57,26066,26069,3,0.0005908987,0.0005909276666666666,2.7360010152694334e-07
45,58,26062,26066,4,0.0005896166,0.0005897952749999999,4.859719095533934e-07
45,59,26059,26062,3,0.0005875534,0.0005877689,6.154896749743308e-07
45,60,26056,26059,3,0.0005840012,0.0005837632333333333,1.8598093994337555e-06
45,61,26053,26056,3,0.0005740662,0.0005744495333333333,2.879343093292073e-06
45,62,26050,26053,3,0.0005586683,0.0005582001666666667,6.2685804083185815e-06
45,63,26047,26050,3,0.0005188287,0.0005171645333333333,1.599796583201199e-05
45,64,26044,26047,3,7.026173e-05,0.00019895585,0.0001939144698565408
45,65,26041,26044,3,3.942772e-05,4.014973333333333e-05,3.1044728609468553e-06
45,66,26037,26041,4,3.420984e-05,3.4372304999999997e-05,6.031021940558667e-07
45,67,26034,26037,3,3.335868e-05,3.341094666666667e-05,1.0007351742039061e-07
45,68,26031,26034,3,3.329888e-05,3.327063333333333e-05,9.901883333768007e-08
45,69,26028,26031,3,3.320384e-05,3.3186269999999996e-05,4.600821448393817e-08
45,70,26025,26028,3,3.307276e-05,3.305237333333333e-05,3.620842013798513e-08
45,71,26022,26025,3,3.289571e-05,3.288926333333333e-05,3.0076100515561826e-08
45,72,26019,26022,3,3.277599e-05,3.277752333333333e-05,1.0628072554429839e-07
45,73,26016,26019,3,3.269366e-05,3.2654673333333334e-05,6.336027690035007e-08
45,74,26012,26016,4,3.2456115000000004e-05,3.2426815e-05,6.103737236316633e-08
45,75,26009,26012,3,3.216906e-05,3.2162876666666664e-05,1.1047045859513914e-08
45,76,26006,26009,3,0.0001080808,9.961189e-05,5.212049119230235e-05
45,77,26003,26006,3,0.0002986362,0.00030591103333333335,6.488468443180992e-05
45,78,26000,26003,3,0.0004976749,0.0004964033666666666,3.50378532509564e-05
45,79,25997,26000,3,0.0005750028,0.0005727412666666666,9.728211758020548e-06
45,80,25994,25997,3,0.0005900471,0.0005892628666666666,1.3454412568207826e-06
45,81,25991,25994,3,0.0005896225,0.0005898486,5.607340248876067e-07
45,82,25988,25991,3,0.0005855802,0.0005852377333333334,2.187936136077904e-06
45,83,25984,25988,4,0.0005718091,0.0005728819,2.9795171194339574e-06
45,84,25981,25984,3,0.0005774414,0.0005790088333333332,5.396989490653319e-06
45,85,25978,25981,3,0.0006041988,0.0006036400333333334,7.678585441053286e-06
45,86,25975,25978,3,0.000624729,0.0006244002,4.7949639254812995e-06
45,87,25972,25975,3,0.0006341366,0.0006340149666666665,9.552209249987652e-07
45,88,25969,25972,3,0.0006350508,0.0006351454666666667,1.6246235119423508e-07
45,89,25966,25969,3,0.0006349377,0.0006349426000000001,1.2272753019053244e-07
45,90,25963,25966,3,0.000634974,0.0006349611,1.618826941543439e-07
45,91,25959,25963,4,0.000635222,0.0006350623,3.2356238192965283e-07
45,92,25956,25959,3,0.0006351778,0.0006351332,1.8462883487325842e-07
45,93,25953,25956,3,0.000635158,0.0006351898333333333,1.138222102911407e-07
45,94,25950,25953,3,0.000635045,0.0006350393333333333,4.061472092176947e-08
45,95,25947,25950,3,0.000635117,0.0006350219333333334,1.823476776807358e-07
45,96,25944,25947,3,0.0006346239,0.0006346999,1.389988009540359e-07
45,97,25941,25944,3,0.0006346391,0.0006344942,2.8175297691418973e-07
45,98,25938,25941,3,0.0006345473,0.0006345823,6.38600553293768e-08
45,99,25934,25938,4,0.0006347076,0.0006347387750000001,1.6657183698031306e-07
46,0,26428,26432,4,3.3118915e-05,3.31148225e-05,5.9405892963156745e-08
46,1,26432,26435,3,3.305932e-05,3.308634333333333e-05,4.20638121059999e-08
46,2,26435,26438,3,3.316551e-05,3.313025e-05,7.019107398142858e-08
46,3,26438,26441,3,3.2955e-05,3.297030333333333e-05,4.014301959521883e-08
46,4,26441,26444,3,3.286061e-05,3.290277666666667e-05,6.186626939527481e-08
46,5,26444,26447,3,3.288643e-05,3.289029666666667e-05,3.686836252880647e-08
46,6,26447,26450,3,3.295933e-05,3.294507e-05,4.562718999310269e-08
46,7,26450,26453,3,3.296759e-05,3.293826e-05,6.730857944323825e-08
46,8,26453,26457,4,3.292866e-05,3.2936252500000005e-05,6.043498712459686e-08
46,9,26457,26460,3,3.288944e-05,3.293512666666666e-05,6.927219804670855e-08
46,10,26460,26463,3,3.290532e-05,3.293072e-05,3.964756486847587e-08
46,11,26463,26466,3,3.301903e-05,3.299653e-05,4.507334763101721e-08
46,12,26466,26469,3,3.30277e-05,3.298599666666667e-05,7.614055701281894e-08
46,13,26469,26472,3,3.295978e-05,3.2963426666666674e-05,6.173202968386122e-08
46,14,26472,26475,3,3.298905e-05,3.298856333333333e-05,5.9719551423485e-08
46,15,26475,26478,3,3.314484e-05,3.3127886666666666e-05,2.550381060852329e-08
46,16,26478,26482,4,3.3414944999999994e-05,3.34305725e-05,2.5672704341138296e-07
46,17,26482,26485,3,3.682278e-05,3.731638e-05,2.419891449025487e-06
46,18,26485,26488,3,6.418833e-05,0.0002369705566666667,0.00025476724358158164
46,19,26488,26491,3,0.0005966317,0.0005966920999999999,1.3488516103216238e-07
46,20,26491,26494,3,0.0005966257,0.0005965187999999999,2.8523514276235997e-07
46,21,26494,26497,3,0.0005954767,0.0005954519000000001,5.54678453400415e-07
46,22,26497,26500,3,0.0005948262,0.0005949508333333333,4.203263203221592e-07
46,23,26500,26503,3,0.0005958393,0.0005958742000000001,1.238556417770349e-07
46,24,26503,26506,3,0.0005948594,0.0005951001,4.0067478915780696e-07
46,25,26506,26510,4,0.0005927904,0.0005912109000000001,3.921899853387372e-06
46,26,26510,26513,3,0.0005588942,0.0005532701666666667,2.0805767726015046e-05
46,27,26513,26516,3,0.0004201679,0.0004156733666666667,6.0850481825390826e-05
46,28,26516,26519,3,0.0001844103,0.00019422866666666668,5.6072560150952824e-05
46,29,26519,26522,3,3.123768e-05,3.1265246666666666e-05,4.2199892838200875e-08
46,30,26522,26525,3,3.153389e-05,3.153739333333334e-05,9.517703971489784e-09
46,31,26525,26528,3,3.180279e-05,3.174693666666667e-05,7.995213456951704e-08
46,32,26528,26531,3,3.187748e-05,3.189140666666667e-05,1.0313748634172236e-07
46,33,26531,26535,4,3.2032595e-05,3.2058885e-05,8.465802516595774e-08
46,34,26535,26538,3,3.217649e-05,3.217654e-05,4.734456744618886e-08
46,35,26538,26541,3,3.230945e-05,3.230109333333333e-05,3.733942896665182e-08
46,36,26541,26544,3,3.242761e-05,3.242216666666666e-05,3.8108893391906835e-08
46,37,26544,26547,3,3.24681e-05,3.2466446666666663e-05,8.447466142117531e-08
46,38,26547,26550,3,3.252985e-05,3.2515183333333327e-05,4.48809071011525e-08
46,39,26550,26553,3,3.261227e-05,3.2602e-05,4.931108665063813e-08
46,40,26553,26556,3,3.272566e-05,3.270978333333333e-05,4.0709188425002525e-08
46,41,26556,26560,4,3.2904795000000003e-05,3.2879577500000005e-05,1.3530307283557842e-07
46,42,26560,26563,3,3.342659e-05,3.364131333333334e-05,5.390469915405235e-07
46,43,26563,26566,3,3.907237e-05,4.086658333333333e-05,4.713849012362992e-06
46,44,26566,26569,3,0.0005900009,0.00041423573333333334,0.00024870780539854845
46,45,26569,26572,3,0.0005908118,0.0005907202666666666,4.4838028750406743e-07
46,46,26572,26575,3,0.0005928501,0.0005924893333333333,5.81243817649359e-07
46,47,26575,26578,3,0.0005914754,0.0005911063333333333,1.0613694466217805e-06
46,48,26578,26581,3,0.0005871242,0.0005873765666666667,6.345128122338403e-07
46,49,26581,26584,3,0.0005857269,0.0005857880333333333,3.563380448706292e-07
46,50,26584,26588,4,0.00058385805,0.00058370015,7.816107231224689e-07
46,51,26588,26591,3,0.0005784424,0.0005776171333333334,2.7156646446537326e-06
46,52,26591,26594,3,0.0005602664,0.0005597182333333333,6.959311174885679e-06
46,53,26594,26597,3,0.0005337417,0.0005322845333333333,9.524765975194473e-06
46,54,26597,26600,3,0.000463688,0.00046136840000000006,3.0317807396094248e-05
46,55,26600,26603,3,0.0003273155,0.00033421823333333334,3.0098062460932963e-05
46,56,26603,26606,3,0.0003209503,0.0003268257666666667,2.785058116273738e-05
46,57,26606,26609,3,0.0004610131,0.0004593547,3.099468291476242e-05
46,58,26609,26613,4,0.0005495071999999999,0.00054798225,1.5223038827793231e-05
46,59,26613,26616,3,0.0005778473,0.0005773336666666666,3.289811048609887e-06
46,60,26616,26619,3,0.0005838905,0.0005837059999999999,5.59574713510185e-07
46,61,26619,26622,3,0.0005850512,0.0005852215666666667,3.571243138678118e-07
46,62,26622,26625,3,0.0005761029,0.0005745454,6.947599911240323e-06
46,63,26625,26628,3,0.0005182906,0.0005129046333333334,2.6967308064930917e-05
46,64,26628,26631,3,0.0003549393,0.00034967780000000006,5.8181575117614926e-05
46,65,26631,26634,3,0.0001431873,0.00012552155,7.076865137751083e-05
46,66,26634,26638,4,3.1526769999999996e-05,3.15791525e-05,9.609880940339535e-08
46,67,26638,26641,3,3.181742e-05,3.181420666666667e-05,1.1286444179731365e-08
46,68,26641,26644,3,3.206561e-05,3.204943333333334e-05,2.9192972137523965e-08
46,69,26644,26647,3,3.219353e-05,3.216555666666666e-05,1.0557278889730615e-07
46,70,26647,26650,3,3.224757e-05,3.226980666666667e-05,7.062368645779546e-08
46,71,26650,26653,3,3.240442e-05,3.2393056666666666e-05,3.763859042112039e-08
46,72,26653,26656,3,3.253221e-05,3.253049e-05,3.5277293924942346e-08
46,73,26656,26659,3,3.260219e-05,3.258724e-05,8.834688260865035e-08
46,74,26659,26662,3,3.264896e-05,3.268487666666667e-05,8.186352233375223e-08
46,75,26662,26666,4,3.2922415e-05,3.29846225e-05,1.1451600158383961e-07
46,76,26666,26669,3,3.456811e-05,3.4922613333333335e-05,1.173946577612837e-06
46,77,26669,26672,3,5.035314e-05,5.3267456666666664e-05,1.163470840574968e-05
46,78,26672,26675,3,0.0006346811,0.0006346306,1.6145961311322093e-07
46,79,26675,26678,3,0.0006347225,0.0006347788000000001,1.1080761105025346e-07
46,80,26678,26681,3,0.0006348834,0.0006346772999999999,4.500905908814241e-07
46,81,26681,26684,3,0.000634433,0.0006345049666666667,3.1985409520939017e-07
46,82,26684,26687,3,0.0006346578,0.0006346603333333333,5.3265707125280836e-08
46,83,26687,26691,4,0.0006347111,0.0006347266250000001,4.326032904116602e-07
46,84,26691,26694,3,0.0006348176,0.0006347071333333334,1.8374956386948217e-07
46,85,26694,26697,3,0.000634177,0.0006342820666666668,1.6752803413823361e-07
46,86,26697,26700,3,0.0006341988,0.0006344821,4.1094238850070995e-07
46,87,26700,26703,3,0.000634532,0.0006344298333333334,1.75546619322486e-07
46,88,26703,26706,3,0.0006345846,0.0006346139333333333,5.2149102474415106e-08
46,89,26706,26709,3,0.0006339019,0.0006340091666666667,2.458381084282338e-07
46,90,26709,26712,3,0.000634642,0.0006346141333333333,2.821353142652731e-07
46,91,26712,26716,4,0.0006344999500000001,0.000634588575,1.9683993973533323e-07
46,92,26716,26719,3,0.0006346071,0.0006346714,1.2434878366915492e-07
46,93,26719,26722,3,0.0006343661,0.0006344391333333333,3.023418852153266e-07
46,94,26722,26725,3,0.0006346508,0.0006346388333333333,1.252509569712721e-07
46,95,26725,26728,3,0.0006341098,0.0006341899666666667,1.3122632696559877e-07
46,96,26728,26731,3,0.0006340271,0.0006341738666666667,2.079838188150269e-07
46,97,26731,26734,3,0.0006344142,0.0006344265333333333,3.4752873582229197e-07
46,98,26734,26737,3,0.00063468,0.0006347377666666667,1.2373639543625076e-07
46,99,26737,26740,3,0.000634382,0.0006344850333333333,2.7104976582828576e-07
47,0,27231,27234,3,3.275506e-05,3.271185e-05,6.294845563369139e-08
47,1,27228,27231,3,3.26854e-05,3.268426333333333e-05,5.5841903222898305e-08
47,2,27225,27228,3,3.262684e-05,3.2605110000000005e-05,4.167471415618984e-08
47,3,27222,27225,3,3.265183e-05,3.260257e-05,7.784978527052499e-08
47,4,27219,27222,3,3.256199e-05,3.259419e-05,4.609032002492444e-08
47,5,27216,27219,3,3.252964e-05,3.250505666666667e-05,4.502977410065054e-08
47,6,27213,27216,3,3.240949e-05,3.246141333333333e-05,8.320341512755912e-08
47,7,27209,27213,4,3.233041e-05,3.2340765e-05,1.6568420949203507e-07
47,8,27206,27209,3,3.221412e-05,3.218264333333334e-05,6.198664605291098e-08
47,9,27203,27206,3,3.210436e-05,3.209350333333333e-05,4.300566655169491e-08
47,10,27200,27203,3,3.198701e-05,3.198013666666667e-05,4.8442219418831e-08
47,11,27197,27200,3,3.19459e-05,3.192545333333333e-05,9.191415753601694e-08
47,12,27194,27197,3,3.18673e-05,3.185850333333333e-05,3.7768387427700736e-08
47,13,27191,27194,3,3.171245e-05,3.170349666666667e-05,3.1298277197883876e-08
47,14,27188,27191,3,3.151151e-05,3.154352333333333e-05,7.032027556512986e-08
47,15,27184,27188,4,3.13548e-05,3.13711775e-05,1.2102441187111602e-07
47,16,27181,27184,3,3.119996e-05,3.1141519999999995e-05,1.240868384103099e-07
47,17,27178,27181,3,3.09288e-05,7.221639999999999e-05,5.8396484374832013e-05
47,18,27175,27178,3,0.0002858411,0.0002950148666666667,7.443834040539115e-05
47,19,27172,27175,3,0.0005008007,0.0004956422666666666,3.950425491212588e-05
47,20,27169,27172,3,0.0005798916,0.0005761708333333333,1.160887010417273e-05
47,21,27166,27169,3,0.0005953074,0.0005946760333333333,1.4571020241866756e-06
47,22,27163,27166,3,0.0005966748,0.0005966242,3.984271326102257e-07
47,23,27159,27163,4,0.0005973063,0.0005974014,3.023421488975616e-07
47,24,27156,27159,3,0.00059742,0.0005975045666666666,3.5063709951394103e-07
47,25,27153,27156,3,0.0005974165,0.0005974092333333334,2.3193294049946078e-08
47,26,27150,27153,3,0.0005974042,0.0005973456333333334,1.3677393351400445e-07
47,27,27147,27150,3,0.0005972942,0.0005972561,1.7546363345912815e-07
47,28,27144,27147,3,4.59588e-05,5.062910666666666e-05,1.1144826001457156e-05
47,29,27141,27144,3,3.475552e-05,3.4955903333333326e-05,9.625738740250305e-07
47,30,27137,27141,4,3.2928160000000005e-05,3.2927934999999996e-05,2.943243135131718e-07
47,31,27134,27137,3,3.257739e-05,3.25805e-05,1.8020046244854544e-08
47,32,27131,27134,3,3.246791e-05,3.2462396666666665e-05,5.2140451560080794e-08
47,33,27128,27131,3,3.239394e-05,3.239339333333333e-05,5.606198791417206e-08
47,34,27125,27128,3,3.242386e-05,3.237101333333333e-05,8.98835989241397e-08
47,35,27122,27125,3,3.233486e-05,3.232743333333333e-05,2.392703677618539e-08
47,36,27119,27122,3,3.218091e-05,3.2190426666666673e-05,3.269443819503394e-08
47,37,27116,27119,3,3.206262e-05,3.211641e-05,8.443509815236846e-08
47,38,27112,27116,4,3.200612e-05,3.200555e-05,9.720853949113799e-08
47,39,27109,27112,3,3.192525e-05,3.186993666666667e-05,1.067045820113736e-07
47,40,27106,27109,3,3.174991e-05,3.174238333333333e-05,2.8811923843359493e-08
47,41,27103,27106,3,3.150743e-05,3.150665666666667e-05,6.5629583437832585e-09
47,42,27100,27103,3,3.120909e-05,3.127607333333333e-05,1.0391118269411325e-07
47,43,27097,27100,3,0.0001298791,0.00011942847666666666,6.819180947069638e-05
47,44,27094,27097,3,0.0003524345,0.00034472796666666666,7.345961525433926e-05
47,45,27091,27094,3,0.000529097,0.0005197850666666666,3.2111733326032424e-05
47,46,27087,27091,4,0.0005872828,0.0005849840749999999,8.201765550591813e-06
47,47,27084,27087,3,0.0005950108,0.0005951555666666667,2.543338532104662e-07
47,48,27081,27084,3,0.0005952755,0.0005951673666666666,2.1469063530783626e-07
47,49,27078,27081,3,0.000594596,0.0005946594333333333,9.621470204126006e-08
47,50,27075,27078,3,0.0005939329,0.0005939893666666667,1.7255477069294022e-07
47,51,27072,27075,3,0.0005941189,0.0005940929,1.3556609704002082e-07
47,52,27069,27072,3,0.0005945414,0.0005946285666666666,1.3409137017555893e-07
47,53,27065,27069,4,0.00059389495,0.00059361675,8.984263200174102e-07
47,54,27062,27065,3,0.0005906234,0.0005906611666666667,7.05591167430236e-07
47,55,27059,27062,3,0.0005909145,0.0005905364,7.08327104286341e-07
47,56,27056,27059,3,0.0005918086,0.0005916388666666666,2.505055466229969e-07
47,57,27053,27056,3,0.0005911178,0.0005911767666666668,3.4541357175934254e-07
47,58,27050,27053,3,0.0005900806,0.0005899922999999999,7.133754457974148e-07
47,59,27047,27050,3,0.0005875857,0.0005876960333333333,9.307340806529626e-07
47,60,27044,27047,3,0.0005837514,0.0005840612,6.991011562475452e-07
47,61,27040,27044,4,0.00058291155,0.0005825804,7.997793914574298e-07
47,62,27037,27040,3,0.0005764961,0.0005762491666666667,2.3275318563281313e-06
47,63,27034,27037,3,0.0005654159,0.0005647228333333334,4.710619212894322e-06
47,64,27031,27034,3,7.111764e-05,0.00022426945666666667,0.0002298678163694408
47,65,27028,27031,3,3.881753e-05,3.944773666666667e-05,3.0315071204637193e-06
47,66,27025,27028,3,3.403469e-05,3.403636e-05,6.38391191407482e-07
47,67,27022,27025,3,3.284011e-05,3.285096666666667e-05,6.554629932769353e-08
47,68,27019,27022,3,3.257014e-05,3.2556549999999996e-05,2.466022843906095e-08
47,69,27015,27019,4,3.2447215e-05,3.24631925e-05,8.373844080677866e-08
47,70,27012,27015,3,3.238917e-05,3.235667666666667e-05,9.570798167110141e-08
47,71,27009,27012,3,3.227853e-05,3.227552666666667e-05,3.3629213821053965e-08
47,72,27006,27009,3,3.21204e-05,3.211356333333333e-05,2.8045941278949962e-08
47,73,27003,27006,3,3.191325e-05,3.195745333333334e-05,7.98897283065161e-08
47,74,27000,27003,3,3.186909e-05,3.182004666666666e-05,1.1930178661231086e-07
47,75,26997,27000,3,3.165303e-05,3.1642439999999997e-05,1.7369688156863788e-08
47,76,26993,26997,4,3.1357795e-05,5.5447182499999995e-05,4.174677495185249e-05
47,77,26990,26993,3,0.0002502501,0.0002614368,6.455227969498831e-05
47,78,26987,26990,3,0.0004754619,0.00047514669999999993,4.154002478188959e-05
47,79,26984,26987,3,0.0005691342,0.0005673096666666666,1.1143282467428011e-05
47,80,26981,26984,3,0.0005877202,0.0005872860999999999,1.7791665520686711e-06
47,81,26978,26981,3,0.0005896097,0.0005894694666666667,2.610454664528002e-07
47,82,26975,26978,3,0.0005887463,0.0005881389333333332,9.955838164391586e-07
47,83,26972,26975,3,0.0005783389,0.0005785151333333333,3.37129129200598e-06
47,84,26968,26972,4,0.0005764534,0.00057776845,5.315634431326166e-06
47,85,26965,26968,3,0.0006032724,0.0006027781,7.186611820600839e-06
47,86,26962,26965,3,0.0006222977,0.0006225534666666667,4.4611263901495705e-06
47,87,26959,26962,3,0.0006328499,0.0006325592333333333,1.2217447451174717e-06
47,88,26956,26959,3,0.0006338796,0.0006339134666666666,1.4600724487350056e-07
47,89,26953,26956,3,0.0006338274,0.0006338087666666667,2.8293724078359453e-07
47,90,26950,26953,3,0.0006337689,0.0006339025,3.264414291518075e-07
47,91,26947,26950,3,0.0006338854,0.0006338695000000001,5.7329050227610835e-08
47,92,26943,26947,4,0.00063395165,0.00063394355,2.061572276201e-07
47,93,26940,26943,3,0.0006339361,0.0006339631333333334,1.2528852922575981e-07
47,94,26937,26940,3,0.000633801,0.0006337304333333334,1.9656019151620328e-07
47,95,26934,26937,3,0.0006339386,0.0006339895999999999,2.1734304681770938e-07
47,96,26931,26934,3,0.0006341348,0.0006341745333333333,1.1866337074071079e-07
47,97,26928,26931,3,0.0006340534,0.0006338969,2.794306711869566e-07
47,98,26925,26928,3,0.0006334754,0.0006335577,2.478365993956534e-07
47,99,26921,26925,4,0.0006337513,0.0006337762749999999,1.7586532311683898e-07
48,0,27415,27419,4,3.3083505e-05,3.30761325e-05,5.3986033552670554e-08
48,1,27419,27422,3,3.310922e-05,3.309355333333333e-05,6.089794158170659e-08
48,2,27422,27425,3,3.30828e-05,3.308942333333334e-05,4.993251868494371e-08
48,3,27425,27428,3,3.291687e-05,3.290455666666666e-05,6.05842583148071e-08
48,4,27428,27431,3,3.284968e-05,3.2867813333333336e-05,5.6243507674713195e-08
48,5,27431,27434,3,3.295564e-05,3.2932033333333336e-05,3.51602619760202e-08
48,6,27434,27437,3,3.292113e-05,3.2900646666666674e-05,7.438185815252377e-08
48,7,27437,27441,4,3.2895715000000005e-05,3.29046975e-05,5.973923517044637e-08
48,8,27441,27444,3,3.286942e-05,3.2893683333333337e-05,4.2599468176127035e-08
48,9,27444,27447,3,3.296577e-05,3.294910333333334e-05,5.140409668066697e-08
48,10,27447,27450,3,3.298553e-05,3.294622e-05,7.099933004378739e-08
48,11,27450,27453,3,3.291138e-05,3.293393000000001e-05,6.205129544712541e-08
48,12,27453,27456,3,3.290327e-05,3.291519666666667e-05,4.713755780219743e-08
48,13,27456,27459,3,3.299017e-05,3.297512333333334e-05,4.9294381920142734e-08
48,14,27459,27462,3,3.302243e-05,3.297133e-05,7.3991233264488e-08
48,15,27462,27466,4,3.3063534999999995e-05,3.3066624999999994e-05,1.1764925764746778e-07
48,16,27466,27469,3,3.326537e-05,3.3374906666666674e-05,2.0800676308449369e-07
48,17,27469,27472,3,3.62594e-05,3.654202666666667e-05,1.812942255769764e-06
48,18,27472,27475,3,6.104037e-05,0.00023410542999999999,0.0002553989729909478
48,19,27475,27478,3,0.0005950128,0.0005950440666666665,3.5024069184236776e-07
48,20,27478,27481,3,0.0005957718,0.0005958655666666667,1.461014335620571e-07
48,21,27481,27484,3,0.000594743,0.0005946302,1.7851655385427768e-07
48,22,27484,27487,3,0.0005949701,0.0005947759666666667,3.6325144948859056e-07
48,23,27487,27491,4,0.00059425305,0.0005940782999999999,3.961058255062707e-07
48,24,27491,27494,3,0.0005930833,0.0005931325333333333,3.900051310203629e-07
48,25,27494,27497,3,0.0005923757,0.0005916066666666666,2.4846199928538126e-06
48,26,27497,27500,3,0.0005660609,0.0005600489,1.7700671747893272e-05
48,27,27500,27503,3,0.0004526754,0.0004412609333333334,5.4308667769355405e-05
48,28,27503,27506,3,0.000213841,0.00021843093333333332,5.834997724217398e-05
48,29,27506,27509,3,3.135813e-05,5.648854666666666e-05,3.569695381275768e-05
48,30,27509,27513,4,3.1449475e-05,3.1480795e-05,1.1858338637853081e-07
48,31,27513,27516,3,3.165581e-05,3.169120666666667e-05,6.869076615933083e-08
48,32,27516,27519,3,3.187859e-05,3.187140333333333e-05,2.575244368124358e-08
48,33,27519,27522,3,3.206547e-05,3.204290666666667e-05,4.6700664044766374e-08
48,34,27522,27525,3,3.21564e-05,3.213927e-05,9.721438816691081e-08
48,35,27525,27528,3,3.221549e-05,3.222572333333334e-05,5.620992636734253e-08
48,36,27528,27531,3,3.235796e-05,3.234525666666666e-05,3.569074607731897e-08
48,37,27531,27534,3,3.248259e-05,3.244954999999999e-05,6.130724590128089e-08
48,38,27534,27538,4,3.2514955e-05,3.251289e-05,8.71545371739188e-08
48,39,27538,27541,3,3.254896e-05,3.2570196666666664e-05,7.241736547418716e-08
48,40,27541,27544,3,3.267794e-05,3.2673939999999995e-05,3.3489868119576675e-08
48,41,27544,27547,3,3.295726e-05,3.291199666666667e-05,6.956408572116904e-08
48,42,27547,27550,3,3.318522e-05,3.330721666666667e-05,3.2806380378754923e-07
48,43,27550,27553,3,3.693535e-05,3.7495149999999996e-05,2.4336104275472423e-06
48,44,27553,27556,3,6.718101e-05,0.00023667181666666665,0.00025028692362455326
48,45,27556,27559,3,0.0005897557,0.0005897596333333333,3.247326011078079e-07
48,46,27559,27563,4,0.00059078965,0.0005908077000000001,1.5656112224939997e-07
48,47,27563,27566,3,0.000591039,0.0005909877333333334,3.842425044450784e-07
48,48,27566,27569,3,0.0005914359,0.0005909439333333333,7.397313040707657e-07
48,49,27569,27572,3,0.0005861304,0.0005865469333333333,1.4824280473451667e-06
48,50,27572,27575,3,0.0005839987,0.0005840023666666667,5.980152357764052e-09
48,51,27575,27578,3,0.0005844693,0.0005843671333333333,2.6404623753344806e-07
48,52,27578,27581,3,0.0005805222,0.0005806875666666667,1.387224880431769e-06
48,53,27581,27585,4,0.0005716095,0.00057074435,5.107977255969342e-06
48,54,27585,27588,3,0.0005441013,0.0005418981333333333,1.1822309470469619e-05
48,55,27588,27591,3,0.0004673072,0.0004653310333333333,3.0187088525210367e-05
48,56,27591,27594,3,0.0003695489,0.00037379453333333327,8.794676035850072e-06
48,57,27594,27597,3,0.0004379728,0.0004415009666666667,3.156720966175011e-05
48,58,27597,27600,3,0.0005297985,0.0005285642666666666,1.4012117854279659e-05
48,59,27600,27603,3,0.0005674473,0.0005664969,6.607145381075441e-06
48,60,27603,27606,3,0.0005798832,0.0005798049333333333,2.2443334070993832e-06
48,61,27606,27610,4,0.0005869806,0.0005865558250000001,1.143485770298435e-06
48,62,27610,27613,3,0.0005804317,0.0005786669333333333,5.992068739221496e-06
48,63,27613,27616,3,0.0005280353,0.0005225755,2.7115063224709597e-05
48,64,27616,27619,3,0.0003547654,0.00035094823333333336,6.663847156832322e-05
48,65,27619,27622,3,0.0001363385,0.00012120187333333331,6.842481433676009e-05
48,66,27622,27625,3,3.091605e-05,3.098289333333333e-05,1.2272699956497877e-07
48,67,27625,27628,3,3.121575e-05,3.123125e-05,2.5169425897307064e-08
48,68,27628,27631,3,3.15047e-05,3.150030666666666e-05,1.841464875822719e-08
48,69,27631,27635,4,3.1759525e-05,3.17081725e-05,1.1212741822921707e-07
48,70,27635,27638,3,3.193386e-05,3.189155e-05,9.617444255102348e-08
48,71,27638,27641,3,3.196278e-05,3.20022e-05,7.415460381302442e-08
48,72,27641,27644,3,3.215162e-05,3.214617333333333e-05,2.5449371090243404e-08
48,73,27644,27647,3,3.233834e-05,3.231106666666666e-05,4.960186107619713e-08
48,74,27647,27650,3,3.236126e-05,3.2415e-05,1.2159975767519672e-07
48,75,27650,27653,3,3.264608e-05,3.2665416666666664e-05,2.910299220966026e-08
48,76,27653,27657,4,3.3847780000000003e-05,3.42249875e-05,1.182236722115648e-06
48,77,27657,27660,3,4.893191e-05,5.160650666666667e-05,1.0910988984078797e-05
48,78,27660,27663,3,0.0006349905,0.0006350234999999999,1.9385774853396735e-07
48,79,27663,27666,3,0.0006349483,0.0006348876333333334,1.0815696412569524e-07
48,80,27666,27669,3,0.0006347995,0.0006347766666666667,9.853569009363723e-08
48,81,27669,27672,3,0.0006346658,0.0006346149999999999,2.2440910557876077e-07
48,82,27672,27675,3,0.0006350623,0.0006349338,3.2122391982332316e-07
48,83,27675,27678,3,0.0006344997,0.0006346072333333334,2.9303483676103225e-07
48,84,27678,27682,4,0.0006345959500000001,0.000634543875,3.007947337886772e-07
48,85,27682,27685,3,0.0006345548,0.0006344235333333334,2.646197943381351e-07
48,86,27685,27688,3,0.0006344615,0.0006343705,2.081938199531223e-07
48,87,27688,27691,3,0.0006346083,0.0006345538333333334,1.6841536615035803e-07
48,88,27691,27694,3,0.0006345735,0.0006345704333333334,1.2486115844768472e-07
48,89,27694,27697,3,0.0006342414,0.0006343314666666667,1.664149298857473e-07
48,90,27697,27700,3,0.0006342565,0.0006341974333333333,1.0636005933722159e-07
48,91,27700,27703,3,0.0006344726,0.0006344119,2.9216886669643093e-07
48,92,27703,27707,4,0.00063466785,0.00063467925,2.1343903696372032e-07
48,93,27707,27710,3,0.0006342988,0.0006343151666666667,6.220087530644313e-08
48,94,27710,27713,3,0.000634581,0.0006345631,5.182476885295576e-08
48,95,27713,27716,3,0.0006344394,0.0006344233,9.4544204828577e-08
48,96,27716,27719,3,0.000634574,0.0006344623666666667,2.8378668436385313e-07
48,97,27719,27722,3,0.0006342728,0.0006342288333333334,3.02846389371826e-07
48,98,27722,27725,3,0.0006342572,0.0006342416,3.354559086771565e-08
48,99,27725,27728,3,0.0006343421,0.0006342413,2.661033383230501e-07
49,0,28219,28222,3,3.316542e-05,3.3159836666666665e-05,4.052362465964191e-08
49,1,28216,28219,3,3.313564e-05,3.312826333333333e-05,6.03241656018199e-08
49,2,28213,28216,3,3.308192e-05,3.3060563333333335e-05,3.29482284130042e-08
49,3,28210,28213,3,3.311684e-05,3.305905000000001e-05,9.268339045733493e-08
49,4,28207,28210,3,3.304919e-05,3.305023e-05,3.2170206713666765e-08
49,5,28204,28207,3,3.293514e-05,3.295353e-05,2.7887754779953264e-08
49,6,28201,28204,3,3.288466e-05,3.2927566666666666e-05,9.602372253192893e-08
49,7,28197,28201,4,3.275156e-05,3.27586e-05,1.4603829925741945e-07
49,8,28194,28197,3,3.26416e-05,3.262961e-05,4.7888730059030235e-08
49,9,28191,28194,3,3.254836e-05,3.2540079999999996e-05,3.644815861832801e-08
49,10,28188,28191,3,3.242266e-05,3.242224666666666e-05,4.9749995198213155e-08
49,11,28185,28188,3,3.237912e-05,3.236319333333333e-05,9.015337499074644e-08
49,12,28182,28185,3,3.229863e-05,3.2291216666666663e-05,3.668604669656097e-08
49,13,28179,28182,3,3.212618e-05,3.2122783333333333e-05,2.941453193387488e-08
49,14,28176,28179,3,3.19225e-05,3.196999e-05,8.290481409423951e-08
49,15,28172,28176,4,3.177283e-05,3.1789325000000006e-05,1.1784866938154208e-07
49,16,28169,28172,3,3.155134e-05,3.152625333333333e-05,1.3490532416806048e-07
49,17,28166,28169,3,0.0001402337,0.00012207080666666665,6.788581794785581e-05
49,18,28163,28166,3,0.0003762699,0.00036043176666666665,7.285406588069664e-05
49,19,28160,28163,3,0.0005337458,0.0005276338,2.6890772226918317e-05
49,20,28157,28160,3,0.000587749,0.0005860424333333334,6.172009554071992e-06
49,21,28154,28157,3,0.0005965467,0.0005963083,4.559088797848632e-07
49,22,28151,28154,3,0.0005967622,0.0005967949000000001,3.020510883940113e-07
49,23,28147,28151,4,0.00059650635,0.0005965119,1.0360842147237069e-07
49,24,28144,28147,3,0.0005967317,0.0005967380333333334,7.01984013746308e-08
49,25,28141,28144,3,0.0005968135,0.0005967639666666667,2.78108579914817e-07
49,26,28138,28141,3,0.000596684,0.0005967002,1.1171403970257476e-07
49,27,28135,28138,3,0.0005968816,0.00042510787666666665,0.00024314714817932047
49,28,28132,28135,3,4.296182e-05,4.5218726666666665e-05,6.77226833958083e-06
49,29,28129,28132,3,3.484332e-05,3.4873130000000005e-05,7.206093954887524e-07
49,30,28125,28129,4,3.3280655e-05,3.32733275e-05,2.433236514783331e-07
49,31,28122,28125,3,3.302035e-05,3.300761e-05,2.0909372699024906e-08
49,32,28119,28122,3,3.286977e-05,3.287836666666667e-05,3.247853273916531e-08
49,33,28116,28119,3,3.281273e-05,3.284420333333333e-05,7.697614579999683e-08
49,34,28113,28116,3,3.283446e-05,3.2813940000000004e-05,5.5421794148751366e-08
49,35,28110,28113,3,3.274859e-05,3.273839666666667e-05,3.540978803790009e-08
49,36,28107,28110,3,3.261688e-05,3.262641e-05,2.193452225754257e-08
49,37,28104,28107,3,3.250239e-05,3.2541843333333335e-05,8.352341202055488e-08
49,38,28100,28104,4,3.2438220000000005e-05,3.2431745e-05,9.862724027873805e-08
49,39,28097,28100,3,3.233722e-05,3.228925666666667e-05,1.0401906951238353e-07
49,40,28094,28097,3,3.214688e-05,3.215008666666667e-05,1.7530471249289813e-08
49,41,28091,28094,3,3.190252e-05,3.190599333333333e-05,1.7426511093414877e-08
49,42,28088,28091,3,3.161789e-05,3.168275333333333e-05,1.2469616201881154e-07
49,43,28085,28088,3,0.0001687983,0.0001669351,5.0638868058504884e-05
49,44,28082,28085,3,0.0004025164,0.00038685846666666664,6.335472199025281e-05
49,45,28079,28082,3,0.0005451061,0.0005384437333333333,2.3565041018471066e-05
49,46,28075,28079,4,0.0005908091,0.000589351075,5.636872678345212e-06
49,47,28072,28075,3,0.0005950939,0.0005951233666666667,1.1538981276045416e-07
49,48,28069,28072,3,0.0005955533,0.0005955438666666667,1.3101349379188287e-07
49,49,28066,28069,3,0.0005949863,0.0005952289333333333,3.564400120948692e-07
49,50,28063,28066,3,0.0005932087,0.0005934214,5.167989744571942e-07
49,51,28060,28063,3,0.0005910657,0.0005910484000000001,2.4252242507992263e-07
49,52,28057,28060,3,0.0005932131,0.0005931888333333334,2.6909337082548224e-07
49,53,28053,28057,4,0.0005939860499999999,0.0005940757,2.006531460007715e-07
49,54,28050,28053,3,0.0005920643,0.0005923174999999999,8.846904882499785e-07
49,55,28047,28050,3,0.000589371,0.0005897256333333334,5.413908774834035e-07
49,56,28044,28047,3,0.0005894886,0.0005897264666666666,3.874632570393398e-07
49,57,28041,28044,3,0.000590803,0.0005907894666666667,1.612972480305503e-07
49,58,28038,28041,3,0.0005895083,0.0005895609333333333,8.962039698393155e-08
49,59,28035,28038,3,0.0005892187,0.0005890694333333333,7.349535329227193e-07
49,60,28032,28035,3,0.0005841434,0.0005843035000000001,1.5327089765075022e-06
49,61,28028,28032,4,0.0005827277499999999,0.0005826067000000001,3.4069501757436653e-07
49,62,28025,28028,3,0.000582218,0.0005820701666666666,6.811480227446307e-07
49,63,28022,28025,3,0.0005779397,0.0005778399666666667,1.9451938538070615e-06
49,64,28019,28022,3,8.211084e-05,0.00023775346666666665,0.0002361417450668686
49,65,28016,28019,3,3.964752e-05,4.063214333333333e-05,3.846691585023279e-06
49,66,28013,28016,3,3.430511e-05,3.4379203333333336e-05,4.716370427446175e-07
49,67,28010,28013,3,3.315192e-05,3.324333e-05,1.439174909453328e-07
49,68,28007,28010,3,3.305791e-05,3.3027733333333336e-05,1.0082275746190518e-07
49,69,28003,28007,4,3.2954484999999997e-05,3.2916209999999996e-05,8.451523974999988e-08
49,70,28000,28003,3,3.283534e-05,3.284209666666667e-05,1.5403541439841114e-08
49,71,27997,28000,3,3.268912e-05,3.2689103333333337e-05,3.214955503407295e-08
49,72,27994,27997,3,3.253626e-05,3.2570823333333336e-05,8.147045367629885e-08
49,73,27991,27994,3,3.250797e-05,3.24589e-05,1.0926493704142537e-07
49,74,27988,27991,3,3.232657e-05,3.232003e-05,2.4253993485610108e-08
49,75,27985,27988,3,3.206761e-05,3.2067583333333334e-05,3.0782498635132635e-09
49,76,27981,27985,4,3.18827e-05,5.39242125e-05,3.8263437379970433e-05
49,77,27978,27981,3,0.000242322,0.00025074179999999996,6.744504159822771e-05
49,78,27975,27978,3,0.0004711947,0.0004664995333333334,4.7760026472936084e-05
49,79,27972,27975,3,0.0005675174,0.0005650384666666667,1.2471511875559535e-05
49,80,27969,27972,3,0.0005888148,0.0005878429,1.8496273732835787e-06
49,81,27966,27969,3,0.0005898056,0.0005898404333333334,1.2929223573835123e-07
49,82,27963,27966,3,0.0005870494,0.0005867685333333333,1.7371374006936853e-06
49,83,27960,27963,3,0.000575369,0.0005756583333333334,2.7832098475600782e-06
49,84,27956,27960,4,0.0005760203999999999,0.00057743485,4.962507502009459e-06
49,85,27953,27956,3,0.0006051646,0.0006040033333333334,7.386902201569738e-06
49,86,27950,27953,3,0.0006253688,0.0006246458333333333,3.951695950123462e-06
49,87,27947,27950,3,0.0006335721,0.0006331763333333333,7.996615714719066e-07
49,88,27944,27947,3,0.0006338214,0.0006338471,1.6718845653929284e-07
49,89,27941,27944,3,0.0006338248,0.0006337868333333333,1.418177312218029e-07
49,90,27938,27941,3,0.0006335737,0.0006336262333333333,1.6986036095045588e-07
49,91,27935,27938,3,0.0006339808,0.0006339751333333334,2.0693903020508746e-07
49,92,27931,27935,4,0.0006340306,0.000633967025,1.4876554330558517e-07
49,93,27928,27931,3,0.0006340773,0.0006339786,1.5299636161251326e-07
49,94,27925,27928,3,0.0006342647,0.0006341982333333333,1.6624370330600275e-07
49,95,27922,27925,3,0.0006339751,0.0006341985333333333,3.88692975095887e-07
49,96,27919,27922,3,0.0006342895,0.0006342909666666667,1.7130412202347446e-07
49,97,27916,27919,3,0.0006341346,0.0006341752333333334,2.567272266217115e-07
49,98,27913,27916,3,0.000633853,0.0006337198666666666,2.489045377024863e-07
49,99,27909,27913,4,0.00063366905,0.0006337973750000001,2.4360802916777927e-07
50,0,28404,28408,4,3.3525265e-05,3.3514000000000005e-05,5.674159276932577e-08
50,1,28408,28411,3,3.3508e-05,3.348276333333333e-05,4.1129593833258594e-08
50,2,28411,28414,3,3.351763e-05,3.34837e-05,9.888093479870924e-08
50,3,28414,28417,3,3.337373e-05,3.338063666666666e-05,3.36449048478723e-08
50,4,28417,28420,3,3.329134e-05,3.331865666666667e-05,6.667260423558872e-08
50,5,28420,28423,3,3.329091e-05,3.330217e-05,3.670987877942474e-08
50,6,28423,28426,3,3.337127e-05,3.335844e-05,5.140115368355192e-08
50,7,28426,28429,3,3.338389e-05,3.3360433333333327e-05,6.74282998615729e-08
50,8,28429,28433,4,3.3355350000000006e-05,3.33554225e-05,6.203900239970135e-08
50,9,28433,28436,3,3.332502e-05,3.334810666666667e-05,7.052558180468193e-08
50,10,28436,28439,3,3.335702e-05,3.335070666666667e-05,5.727185773910985e-08
50,11,28439,28442,3,3.342997e-05,3.342344333333333e-05,2.4877722743227822e-08
50,12,28442,28445,3,3.338197e-05,3.33826e-05,6.842794604545536e-08
50,13,28445,28448,3,3.340942e-05,3.3404443333333336e-05,6.096738162511111e-08
50,14,28448,28451,3,3.339549e-05,3.3396100000000004e-05,5.260456063878924e-08
50,15,28451,28454,3,3.357948e-05,3.355790666666666e-05,3.318901960320973e-08
50,16,28454,28458,4,3.3871689999999996e-05,3.39317525e-05,3.3398152563989337e-07
50,17,28458,28461,3,3.793977e-05,3.862999666666667e-05,2.8894904602868813e-06
50,18,28461,28464,3,7.08279e-05,0.00023968856999999997,0.00025179662065749506
50,19,28464,28467,3,0.00059639,0.0005963889666666666,8.667419198101124e-08
50,20,28467,28470,3,0.0005957622,0.0005960137666666666,4.1724445539226436e-07
50,21,28470,28473,3,0.0005958845,0.0005958136666666667,2.622283779880186e-07
50,22,28473,28476,3,0.000594773,0.0005949884333333334,5.555673156533058e-07
50,23,28476,28479,3,0.0005935379,0.0005934632,5.101536827270862e-07
50,24,28479,28482,3,0.0005921209,0.0005924228666666667,4.608238443869344e-07
50,25,28482,28486,4,0.0005893306000000001,0.0005880925,3.390213594303461e-06
50,26,28486,28489,3,0.0005567527,0.0005527667333333333,2.0078902468400903e-05
50,27,28489,28492,3,0.0004224374,0.00042215080000000004,5.657606425164857e-05
50,28,28492,28495,3,0.0001900026,0.00020066646666666663,5.461326945046312e-05
50,29,28495,28498,3,3.170271e-05,3.169353333333334e-05,1.7348303151092117e-08
50,30,28498,28501,3,3.200483e-05,3.194468e-05,9.709856126637574e-08
50,31,28501,28504,3,3.211617e-05,3.212597e-05,1.1309315481790642e-07
50,32,28504,28507,3,3.226467e-05,3.227528e-05,3.734449624777405e-08
50,33,28507,28511,4,3.2470685000000006e-05,3.2473390000000006e-05,4.406953199206775e-08
50,34,28511,28514,3,3.260895e-05,3.260492e-05,3.7768560999859136e-08
50,35,28514,28517,3,3.27564e-05,3.274600333333333e-05,4.213654180821647e-08
50,36,28517,28520,3,3.280296e-05,3.280649e-05,8.612349621328649e-08
50,37,28520,28523,3,3.287527e-05,3.285506e-05,2.8666150770552557e-08
50,38,28523,28526,3,3.299271e-05,3.297712333333333e-05,4.184512503134426e-08
50,39,28526,28529,3,3.309088e-05,3.3059683333333335e-05,6.09556561954848e-08
50,40,28529,28532,3,3.30253e-05,3.308751e-05,9.010786980059163e-08
50,41,28532,28536,4,3.3267819999999995e-05,3.332255e-05,9.881889596630956e-08
50,42,28536,28539,3,3.389553e-05,3.403130333333334e-05,3.6828540575060654e-07
50,43,28539,28542,3,3.910104e-05,4.0611543333333337e-05,4.210590132086264e-06
50,44,28542,28545,3,0.0005918258,0.00041463924,0.00025086189544979895
50,45,28545,28548,3,0.000591392,0.0005910711,5.051502548747375e-07
50,46,28548,28551,3,0.0005891552,0.0005892643333333333,2.53470646996629e-07
50,47,28551,28554,3,0.0005896887,0.0005897054,2.809190037478328e-07
50,48,28554,28557,3,0.0005904197,0.0005904481333333333,1.598737071010565e-07
50,49,28557,28560,3,0.0005894399,0.0005892832666666666,6.61192469877131e-07
50,50,28560,28564,4,0.00058325975,0.000582883025,3.0253443757488227e-06
50,51,28564,28567,3,0.000575653,0.0005756410999999999,2.1138747991946977e-08
50,52,28567,28570,3,0.0005790855,0.0005788391666666667,9.232183719046157e-07
50,53,28570,28573,3,0.0005778973,0.0005774447,2.10006334348912e-06
50,54,28573,28576,3,0.0005698399,0.0005700961,1.6597295341912583e-06
50,55,28576,28579,3,0.0005660673,0.0005656513666666667,1.4689818908194739e-06
50,56,28579,28582,3,0.0005552727,0.0005544755,4.122187713662078e-06
50,57,28582,28585,3,0.0005492657,0.0005493439666666666,7.449887083409626e-07
50,58,28585,28589,4,0.0005612455999999999,0.000561671475,3.108683661435351e-06
50,59,28589,28592,3,0.0005664295,0.0005666842333333333,4.889319607289075e-07
50,60,28592,28595,3,0.0005695685,0.0005695324333333334,8.742683391778878e-07
50,61,28595,28598,3,0.0005758739,0.0005757698666666667,2.5685679412639252e-06
50,62,28598,28601,3,0.0005811449,0.0005805051,1.4384239801486653e-06
50,63,28601,28604,3,0.0005579767,0.0005549920333333333,1.4358339013115532e-05
50,64,28604,28607,3,0.0004490508,0.00044103616666666664,5.0977766661315734e-05
50,65,28607,28610,3,0.0002160954,0.00021783306666666664,5.4074037085729864e-05
50,66,28610,28614,4,3.167351e-05,4.973271e-05,3.1442712020061185e-05
50,67,28614,28617,3,3.171375e-05,3.1784919999999996e-05,1.028137951184905e-07
50,68,28617,28620,3,3.198299e-05,3.198154e-05,1.5999477074787414e-08
50,69,28620,28623,3,3.21809e-05,3.2188956666666666e-05,1.8506424710231697e-08
50,70,28623,28626,3,3.235336e-05,3.2303563333333335e-05,9.92088874827033e-08
50,71,28626,28629,3,3.235916e-05,3.239283333333333e-05,7.820979322025829e-08
50,72,28629,28632,3,3.250029e-05,3.249896333333333e-05,4.094988509005509e-08
50,73,28632,28635,3,3.263569e-05,3.2635386666666664e-05,2.3201741792852162e-08
50,74,28635,28638,3,3.274221e-05,3.270436666666667e-05,9.746686491087908e-08
50,75,28638,28642,4,3.2882285e-05,3.29089175e-05,1.3174079481599547e-07
50,76,28642,28645,3,3.3375e-05,3.359561e-05,4.6237156508591867e-07
50,77,28645,28648,3,3.812042e-05,3.971411e-05,4.171733282086316e-06
50,78,28648,28651,3,0.0006342705,0.0004419464766666666,0.0002720611381717066
50,79,28651,28654,3,0.0006340564,0.0006341754333333334,2.2219379429280143e-07
50,80,28654,28657,3,0.0006340375,0.0006341212333333333,1.2512248221464768e-07
50,81,28657,28660,3,0.0006336834,0.000633716,2.0972229256804968e-07
50,82,28660,28663,3,0.0006337765,0.0006338473666666666,2.1074005050983624e-07
50,83,28663,28667,4,0.0006340147,0.000634017325,1.0388744811093538e-07
50,84,28667,28670,3,0.000633732,0.0006338156333333334,1.230434160051863e-07
50,85,28670,28673,3,0.0006341095,0.0006340656666666667,9.946216477748e-08
50,86,28673,28676,3,0.0006337469,0.0006338598666666667,3.043235376298793e-07
50,87,28676,28679,3,0.0006339003,0.0006339853333333333,3.011855500444009e-07
50,88,28679,28682,3,0.0006337311,0.0006338034000000001,1.1477133788539649e-07
50,89,28682,28685,3,0.000634109,0.0006339343999999999,4.0219175360351233e-07
50,90,28685,28688,3,0.0006338794,0.0006337497333333333,2.6147032123913696e-07
50,91,28688,28692,4,0.0006340815500000001,0.00063403685,1.802347705078162e-07
50,92,28692,28695,3,0.000633979,0.0006339969,3.331669951640837e-07
50,93,28695,28698,3,0.0006338805,0.0006340091,2.0425387797211782e-07
50,94,28698,28701,3,0.0006336506,0.0006337030666666667,1.5229220451340578e-07
50,95,28701,28704,3,0.0006336581,0.0006336716333333333,2.2164055485302056e-07
50,96,28704,28707,3,0.0006338437,0.0006337815666666666,1.7589650997737607e-07
50,97,28707,28710,3,0.0006332902,0.0006333562333333333,1.0651404706526272e-07
50,98,28710,28713,3,0.0006336035,0.0006335195666666666,1.7720769985780713e-07
50,99,28713,28716,3,0.0006335771,0.0006337456333333333,2.4409209100027706e-07
51,0,29208,29211,3,3.272493e-05,3.271858333333333e-05,6.167019287215666e-08
51,1,29205,29208,3,3.275848e-05,3.2719386666666665e-05,7.521332077645648e-08
51,2,29202,29205,3,3.273075e-05,3.2706226666666666e-05,3.95429811161938e-08
51,3,29199,29202,3,3.263326e-05,3.2628073333333336e-05,3.382275893865366e-08
51,4,29196,29199,3,3.25393e-05,3.2591750000000005e-05,7.418964393139071e-08
51,5,29193,29196,3,3.263422e-05,3.258748666666667e-05,7.658784818030202e-08
51,6,29190,29193,3,3.254071e-05,3.255485666666667e-05,2.6352934477124755e-08
51,7,29186,29190,4,3.2347720000000003e-05,3.2355627500000004e-05,2.0263933940625496e-08
51,8,29183,29186,3,3.217054e-05,3.2189916666666665e-05,3.206448121450789e-08
51,9,29180,29183,3,3.207913e-05,3.2132469999999996e-05,7.920419475423549e-08
51,10,29177,29180,3,3.212888e-05,3.2074560000000003e-05,8.103500848398907e-08
51,11,29174,29177,3,3.200626e-05,3.200159333333334e-05,1.7878175397830533e-08
51,12,29171,29174,3,3.183893e-05,3.1849953333333336e-05,2.442869123706023e-08
51,13,29168,29171,3,3.169966e-05,3.1745810000000004e-05,9.237032026937435e-08
51,14,29165,29168,3,3.169089e-05,3.1636536666666666e-05,7.776697513869231e-08
51,15,29161,29165,4,3.143214e-05,3.1414027500000006e-05,3.719072893544758e-08
51,16,29158,29161,3,3.113213e-05,3.11296e-05,4.739289679548392e-09
51,17,29155,29158,3,0.0001430578,0.00012665045666666666,7.23271157475518e-05
51,18,29152,29155,3,0.000378144,0.00036659286666666666,7.049345849539674e-05
51,19,29149,29152,3,0.0005428573,0.0005348582,2.577143636444556e-05
51,20,29146,29149,3,0.0005875341,0.0005861491333333333,5.932043285037236e-06
51,21,29143,29146,3,0.0005954297,0.0005954050333333333,4.5226731279438323e-07
51,22,29140,29143,3,0.0005959485,0.0005961424,4.4504082958758714e-07
51,23,29136,29140,4,0.0005966082000000001,0.00059673185,4.38428976574329e-07
51,24,29133,29136,3,0.0005964501,0.0005965361000000001,5.853295368137662e-07
51,25,29130,29133,3,0.0005941417,0.0005941420000000001,1.679943054590558e-07
51,26,29127,29130,3,0.0005951352,0.0005952093333333332,2.6096413972466745e-07
51,27,29124,29127,3,0.0005956155,0.0004245142166666666,0.00024241696350834696
51,28,29121,29124,3,4.283728e-05,4.469261666666666e-05,6.45889296572477e-06
51,29,29118,29121,3,3.4599e-05,3.459924666666667e-05,6.840935175999129e-07
51,30,29114,29118,4,3.2921615e-05,3.2940655000000005e-05,1.4599615174722883e-07
51,31,29111,29114,3,3.261522e-05,3.261290666666667e-05,4.4357770708436306e-08
51,32,29108,29111,3,3.251273e-05,3.254575666666666e-05,7.496171526556506e-08
51,33,29105,29108,3,3.25706e-05,3.252817333333334e-05,7.025862999581494e-08
51,34,29102,29105,3,3.247873e-05,3.246742666666667e-05,3.8939094607975016e-08
51,35,29099,29102,3,3.235924e-05,3.23559e-05,2.2999813042717202e-08
51,36,29096,29099,3,3.227222e-05,3.229489e-05,8.721390065045022e-08
51,37,29093,29096,3,3.226376e-05,3.225799333333333e-05,3.261367538659331e-08
51,38,29089,29093,4,3.20966e-05,3.2097952500000003e-05,4.639635296820146e-08
51,39,29086,29089,3,3.195985e-05,3.194948333333334e-05,2.9914001552599956e-08
51,40,29083,29086,3,3.17434e-05,3.178344666666667e-05,7.9011042406881e-08
51,41,29080,29083,3,3.167738e-05,3.162778333333333e-05,1.2557276146610134e-07
51,42,29077,29080,3,3.14462e-05,3.141806333333333e-05,4.620540829335508e-08
51,43,29074,29077,3,0.0001558529,0.00015715110000000002,4.641106971969798e-05
51,44,29071,29074,3,0.0003903623,0.00037489806666666663,6.773645169578604e-05
51,45,29068,29071,3,0.0005420767,0.0005336958333333333,2.6261966817983916e-05
51,46,29064,29068,4,0.000589059,0.0005875295,5.9831382292238674e-06
51,47,29061,29064,3,0.0005943544,0.0005944808666666667,2.197910725110411e-07
51,48,29058,29061,3,0.000594391,0.0005943612,9.55952230326477e-08
51,49,29055,29058,3,0.0005937265,0.0005939598000000001,4.2608840240806527e-07
51,50,29052,29055,3,0.0005934364,0.0005933412333333333,2.3381699871670666e-07
51,51,29049,29052,3,0.0005917035,0.0005914788666666667,7.567266892493118e-07
51,52,29046,29049,3,0.0005875959,0.0005878608,3.821450073815796e-07
51,53,29042,29046,4,0.0005895689,0.000589534075,1.1803950554263599e-06
51,54,29039,29042,3,0.0005918249,0.0005919899333333334,2.433589986465026e-07
51,55,29036,29039,3,0.0005918003,0.0005919487333333333,3.072378702063073e-07
51,56,29033,29036,3,0.0005913639,0.0005912853,1.88499036248625e-07
51,57,29030,29033,3,0.0005905113,0.0005905581333333333,7.796846941053074e-08
51,58,29027,29030,3,0.0005919354,0.0005917816333333334,2.5260470216439293e-07
51,59,29024,29027,3,0.0005911854,0.0005907884999999999,6.892078109442982e-07
51,60,29021,29024,3,0.0005866574,0.0005864770333333333,2.064739322260568e-06
51,61,29017,29021,4,0.0005778623,0.000578556275,1.840565682575619e-06
51,62,29014,29017,3,0.0005769458,0.0005772668666666667,1.0522621388650614e-06
51,63,29011,29014,3,0.000578838,0.0005784065333333333,1.8321610870469186e-06
51,64,29008,29011,3,7.767008e-05,0.00023635752666666666,0.0002391397508899934
51,65,29005,29008,3,3.891026e-05,3.990628333333333e-05,3.6805739947851723e-06
51,66,29002,29005,3,3.387401e-05,3.396689333333333e-05,4.609814644381655e-07
51,67,28999,29002,3,3.29102e-05,3.295593333333333e-05,1.7489637585978817e-07
51,68,28996,28999,3,3.279953e-05,3.2776309999999994e-05,4.227387215132641e-08
51,69,28992,28996,4,3.263884e-05,3.26416125e-05,3.817509618520929e-08
51,70,28989,28992,3,3.253427e-05,3.252308666666667e-05,3.924160915264422e-08
51,71,28986,28989,3,3.238121e-05,3.2416503333333335e-05,8.041110592172922e-08
51,72,28983,28986,3,3.236091e-05,3.2324003333333336e-05,1.0011005088845381e-07
51,73,28980,28983,3,3.222354e-05,3.2226319999999995e-05,1.3824950873933362e-08
51,74,28977,28980,3,3.200378e-05,3.201223666666667e-05,1.2400522390429991e-08
51,75,28974,28977,3,3.175543e-05,3.182264e-05,1.0150865020611147e-07
51,76,28970,28974,4,3.1568419999999995e-05,3.15700475e-05,1.4884623615916643e-07
51,77,28967,28970,3,0.0001925047,0.000199634,5.985810128445438e-05
51,78,28964,28967,3,0.0004346035,0.00042753439999999995,5.650716287875962e-05
51,79,28961,28964,3,0.000554928,0.0005512170666666667,1.7866889743570075e-05
51,80,28958,28961,3,0.0005873535,0.0005858954,3.5101091274584217e-06
51,81,28955,28958,3,0.000587202,0.0005874982000000001,1.002810065100418e-06
51,82,28952,28955,3,0.0005841048,0.0005838493666666666,1.1532042731257693e-06
51,83,28949,28952,3,0.0005776618,0.0005774718666666667,2.4724910102072463e-06
51,84,28945,28949,4,0.0005768961,0.000578188325,4.891402048173421e-06
51,85,28942,28945,3,0.0006054484,0.0006044049,7.345817211175323e-06
51,86,28939,28942,3,0.0006249581,0.0006241043,4.159597022148504e-06
51,87,28936,28939,3,0.0006332182,0.0006329034666666666,6.114458566018691e-07
51,88,28933,28936,3,0.0006331561,0.0006332021333333332,6.630667806152511e-08
51,89,28930,28933,3,0.0006333803,0.0006332695333333333,2.3491630187978757e-07
51,90,28927,28930,3,0.0006332925,0.0006330315666666667,4.060489735104758e-07
51,91,28924,28927,3,0.000632865,0.0006328573666666667,8.838741740515494e-08
51,92,28920,28924,4,0.0006332559,0.000633201625,1.6116475072112552e-07
51,93,28917,28920,3,0.0006332662,0.0006331673666666667,2.6010631587018897e-07
51,94,28914,28917,3,0.0006331913,0.0006332854333333333,2.3756304894117008e-07
51,95,28911,28914,3,0.0006333832,0.0006334344,1.1045035083691495e-07
51,96,28908,28911,3,0.0006331169,0.0006330946666666667,9.701650489595032e-08
51,97,28905,28908,3,0.0006330045,0.0006331174999999999,2.6558211536171544e-07
51,98,28902,28905,3,0.0006328825,0.0006328973333333334,1.5911384463822593e-07
51,99,28898,28902,4,0.0006332041,0.000633224475,2.2375935036326153e-07
52,0,29392,29396,4,3.321317e-05,3.3192462500000005e-05,6.317669798865583e-08
52,1,29396,29399,3,3.319367e-05,3.319096666666667e-05,6.611895357779008e-08
52,2,29399,29402,3,3.313427e-05,3.315136666666666e-05,3.8342850123010446e-08
52,3,29402,29405,3,3.308028e-05,3.308015999999999e-05,7.549332155893007e-08
52,4,29405,29408,3,3.306382e-05,3.3054550000000004e-05,4.934949307405937e-08
52,5,29408,29411,3,3.3089e-05,3.30557e-05,5.446521825899789e-08
52,6,29411,29414,3,3.302097e-05,3.3021326666666666e-05,6.15439465386752e-08
52,7,29414,29418,4,3.305397e-05,3.305132e-05,6.14465601152733e-08
52,8,29418,29421,3,3.302216e-05,3.303144e-05,5.322521269724111e-08
52,9,29421,29424,3,3.311448e-05,3.3102406666666666e-05,2.998964413852853e-08
52,10,29424,29427,3,3.312463e-05,3.308464e-05,7.575533292558816e-08
52,11,29427,29430,3,3.30818e-05,3.306013333333334e-05,5.161795703908423e-08
52,12,29430,29433,3,3.309952e-05,3.308966666666667e-05,6.433456838192821e-08
52,13,29433,29436,3,3.313192e-05,3.314901e-05,2.5208333278235e-08
52,14,29436,29439,3,3.308833e-05,3.311607666666667e-05,7.275093645827063e-08
52,15,29439,29443,4,3.320986e-05,3.32539125e-05,8.994466392593863e-08
52,16,29443,29446,3,3.360205e-05,3.3675916666666664e-05,1.9641762197476645e-07
52,17,29446,29449,3,3.749006e-05,3.798074e-05,2.507786195884064e-06
52,18,29449,29452,3,6.750723e-05,0.00023777692333333336,0.0002527745417506379
52,19,29452,29455,3,0.0005955251,0.0005953564,3.5811392042195354e-07
52,20,29455,29458,3,0.0005953929,0.0005952315333333332,3.454560496245917e-07
52,21,29458,29461,3,0.0005932458,0.0005930554666666667,7.239518968059296e-07
52,22,29461,29464,3,0.0005904363,0.0005903980333333333,7.60802950105259e-07
52,23,29464,29468,4,0.0005890138,0.0005891176000000001,2.2776707400326484e-07
52,24,29468,29471,3,0.0005897692,0.0005896336000000001,3.529367459852598e-07
52,25,29471,29474,3,0.0005892416,0.0005883744666666667,1.5601258845220137e-06
52,26,29474,29477,3,0.0005703121,0.0005657194,1.3813040711105797e-05
52,27,29477,29480,3,0.0004793992,0.0004683923666666667,4.7186559421254226e-05
52,28,29480,29483,3,0.0002440792,0.0002482642,6.489023647380756e-05
52,29,29483,29486,3,3.132197e-05,6.223933666666667e-05,4.377088222995765e-05
52,30,29486,29490,4,3.1574815e-05,3.1597325e-05,5.135391148685818e-08
52,31,29490,29493,3,3.184819e-05,3.1850293333333326e-05,7.629558018362913e-09
52,32,29493,29496,3,3.207832e-05,3.201813e-05,9.103913554071233e-08
52,33,29496,29499,3,3.206458e-05,3.212448333333334e-05,9.601716247051175e-08
52,34,29499,29502,3,3.223996e-05,3.224187333333333e-05,2.347247513341605e-08
52,35,29502,29505,3,3.240527e-05,3.239965e-05,2.2633785955219943e-08
52,36,29505,29508,3,3.252762e-05,3.2470806666666664e-05,9.338586129007297e-08
52,37,29508,29511,3,3.250487e-05,3.2528973333333336e-05,7.672042854126541e-08
52,38,29511,29515,4,3.2625429999999996e-05,3.2629554999999994e-05,6.381726901866027e-08
52,39,29515,29518,3,3.269354e-05,3.269055333333333e-05,4.86926861950429e-08
52,40,29518,29521,3,3.281598e-05,3.281666666666666e-05,2.739776308792707e-08
52,41,29521,29524,3,3.299464e-05,3.295928333333333e-05,1.2674068284844042e-07
52,42,29524,29527,3,3.322e-05,3.3362123333333336e-05,2.82101304065679e-07
52,43,29527,29530,3,3.672294e-05,3.7264810000000003e-05,2.180711162732622e-06
52,44,29530,29533,3,6.549621e-05,0.0002358343233333333,0.00025138248407724305
52,45,29533,29536,3,0.0005927157,0.0005925615999999999,5.401538731386289e-07
52,46,29536,29540,4,0.00059298015,0.000593030675,2.2659350580939377e-07
52,47,29540,29543,3,0.0005930621,0.0005929279333333334,2.1401249703904597e-07
52,48,29543,29546,3,0.0005923939,0.000592536,4.3944503638111514e-07
52,49,29546,29549,3,0.0005901786,0.0005902502,7.360187542900441e-07
52,50,29549,29552,3,0.0005885423,0.0005880377666666667,8.776619787189653e-07
52,51,29552,29555,3,0.0005863892,0.0005863978000000001,9.42567769447122e-08
52,52,29555,29558,3,0.0005854917,0.0005854349666666667,5.525932822208e-07
52,53,29558,29562,4,0.00057983645,0.0005796257,3.1627413892065108e-06
52,54,29562,29565,3,0.0005718031,0.0005721496666666667,9.011220943295915e-07
52,55,29565,29568,3,0.0005733528,0.0005734596,7.340877195539847e-07
52,56,29568,29571,3,0.0005759,0.0005757541333333334,2.3462512416383716e-07
52,57,29571,29574,3,0.0005766547,0.0005768709333333334,3.163230029925531e-07
52,58,29574,29577,3,0.0005774447,0.0005770168333333334,6.504405959723592e-07
52,59,29577,29580,3,0.0005746387,0.0005746555666666667,8.020516206717975e-07
52,60,29580,29583,3,0.0005760842,0.0005762087000000001,1.8219764927133152e-06
52,61,29583,29587,4,0.00058236205,0.0005820210000000001,1.168328256527234e-06
52,62,29587,29590,3,0.0005773129,0.0005764393333333334,4.26192043280439e-06
52,63,29590,29593,3,0.0005377188,0.0005336228333333333,2.176196307418571e-05
52,64,29593,29596,3,0.0003878065,0.0003816627666666667,6.246797602432428e-05
52,65,29596,29599,3,0.0001637182,0.00016749313333333334,4.690682526664489e-05
52,66,29599,29602,3,3.155125e-05,3.159093333333333e-05,5.984254580888727e-08
52,67,29602,29605,3,3.185458e-05,3.185965e-05,7.361806843434085e-09
52,68,29605,29608,3,3.21234e-05,3.206079666666667e-05,9.28166300951623e-08
52,69,29608,29612,4,3.2238624999999995e-05,3.222483e-05,1.0964005632066965e-07
52,70,29612,29615,3,3.229934e-05,3.236481333333333e-05,9.458720291643801e-08
52,71,29615,29618,3,3.245393e-05,3.246799e-05,2.6829499933220338e-08
52,72,29618,29621,3,3.263144e-05,3.26205e-05,2.079442713805748e-08
52,73,29621,29624,3,3.274513e-05,3.269039e-05,9.332891941943977e-08
52,74,29624,29627,3,3.27155e-05,3.275086e-05,8.260949138365808e-08
52,75,29627,29630,3,3.292376e-05,3.292407e-05,3.3751740695854756e-09
52,76,29630,29634,4,3.346231e-05,3.356734e-05,3.994673097388553e-07
52,77,29634,29637,3,3.889076e-05,3.9721893333333334e-05,3.773314675969776e-06
52,78,29637,29640,3,0.0006336112,0.00044183491,0.00027132238063007423
52,79,29640,29643,3,0.0006336666,0.000633686,9.586347931650657e-08
52,80,29643,29646,3,0.000633374,0.0006333831,1.1086300855864047e-07
52,81,29646,29649,3,0.0006335591,0.0006335799666666667,3.261160972550801e-07
52,82,29649,29652,3,0.0006334631,0.0006335106666666667,7.496285005846327e-08
52,83,29652,29655,3,0.0006335315,0.0006334506999999999,1.235024696109498e-07
52,84,29655,29659,4,0.0006328977499999999,0.000632914375,1.6543230299735046e-07
52,85,29659,29662,3,0.0006330401,0.0006331285666666668,2.082701024044146e-07
52,86,29662,29665,3,0.000632845,0.0006328808999999999,7.770718542492644e-08
52,87,29665,29668,3,0.0006330332,0.0006330199333333333,5.719448302841216e-08
52,88,29668,29671,3,0.0006329598,0.0006328977333333333,2.7557387797508194e-07
52,89,29671,29674,3,0.0006330934,0.0006331615,1.5105369906097712e-07
52,90,29674,29677,3,0.0006331268,0.0006331771999999999,2.678247312453954e-07
52,91,29677,29680,3,0.0006332181,0.0006330535666666667,2.7998217006723523e-07
52,92,29680,29684,4,0.0006335361999999999,0.0006334623999999999,1.9059660280288073e-07
52,93,29684,29687,3,0.000633395,0.0006333985666666667,6.271684161552279e-08
52,94,29687,29690,3,0.0006334981,0.0006334955666666666,1.3701983635795939e-07
52,95,29690,29693,3,0.0006328553,0.0006329480333333333,1.8060419584147965e-07
52,96,29693,29696,3,0.0006334296,0.0006332712000000001,2.87354287712326e-07
52,97,29696,29699,3,0.0006331613,0.0006333028666666666,2.0853335997439585e-07
52,98,29699,29702,3,0.0006332549,0.0006333766333333333,2.3552282739095406e-07
52,99,29702,29705,3,0.0006328746,0.0006330459333333334,3.0836517673405376e-07
53,0,30195,30198,3,3.148692e-05,3.1474086666666665e-05,3.9020603389604396e-08
53,1,30192,30195,3,3.138079e-05,3.1389803333333334e-05,4.937834230600425e-08
53,2,30189,30192,3,3.135739e-05,3.139162e-05,5.658719348639336e-08
53,3,30186,30189,3,3.143024e-05,3.140629e-05,6.798139500383156e-08
53,4,30183,30186,3,3.142137e-05,3.140830666666667e-05,4.0237869669698554e-08
53,5,30180,30183,3,3.139741e-05,3.1365966666666664e-05,4.976999520014251e-08
53,6,30177,30180,3,3.134492e-05,3.138209666666667e-05,6.242492789120466e-08
53,7,30174,30177,3,3.132967e-05,3.131763333333333e-05,4.869026071904868e-08
53,8,30170,30174,4,3.1201035e-05,3.1196827500000005e-05,4.896908891076134e-08
53,9,30167,30170,3,3.116459e-05,3.1151543333333336e-05,5.338552633647186e-08
53,10,30164,30167,3,3.111535e-05,3.110485666666667e-05,4.714419676788402e-08
53,11,30161,30164,3,3.112463e-05,3.10883e-05,7.928463449286108e-08
53,12,30158,30161,3,3.10809e-05,3.107774333333333e-05,2.6853603523962755e-08
53,13,30155,30158,3,3.101136e-05,3.1001773333333335e-05,4.339875676662758e-08
53,14,30152,30155,3,3.091813e-05,3.093886666666667e-05,7.060278197225944e-08
53,15,30149,30152,3,3.095912e-05,3.090274e-05,8.087447351708968e-08
53,16,30145,30149,4,3.079145e-05,3.0745995e-05,9.271988931723421e-08
53,17,30142,30145,3,0.0001785095,0.0001782686,5.2480553364143054e-05
53,18,30139,30142,3,0.0004144384,0.00040177523333333334,5.868279948754623e-05
53,19,30136,30139,3,0.0005497244,0.0005448775000000001,2.0796341048527397e-05
53,20,30133,30136,3,0.0005885916,0.0005876562333333333,4.024406252134873e-06
53,21,30130,30133,3,0.0005941541,0.0005941026,2.4130314267879186e-07
53,22,30127,30130,3,0.0005939914,0.0005941151666666667,1.922528947911234e-07
53,23,30124,30127,3,0.0005944986,0.0005946424333333333,2.5691519136778067e-07
53,24,30120,30124,4,0.00059537875,0.00059536685,8.137077177955753e-08
53,25,30117,30120,3,0.0005955479,0.0005955614666666667,5.236629535194961e-08
53,26,30114,30117,3,0.0005952872,0.0005952770333333333,1.5378411997174625e-08
53,27,30111,30114,3,0.0005939401,0.00042213225999999997,0.00024314843173847366
53,28,30108,30111,3,4.315949e-05,4.417554333333333e-05,5.79329129039405e-06
53,29,30105,30108,3,3.451295e-05,3.4586829999999994e-05,8.039722827726518e-07
53,30,30102,30105,3,3.310107e-05,3.307541333333333e-05,2.2655011076776864e-07
53,31,30099,30102,3,3.271562e-05,3.271256333333333e-05,2.849209753988426e-08
53,32,30096,30099,3,3.261221e-05,3.259549e-05,2.810672161601399e-08
53,33,30092,30096,4,3.2547765000000005e-05,3.25536775e-05,7.292183122186376e-08
53,34,30089,30092,3,3.250961e-05,3.249309e-05,8.437281710756509e-08
53,35,30086,30089,3,3.245733e-05,3.244340333333333e-05,4.8825600752975684e-08
53,36,30083,30086,3,3.235494e-05,3.2346683333333337e-05,3.895011025515648e-08
53,37,30080,30083,3,3.221902e-05,3.2219863333333335e-05,5.023032705005599e-08
53,38,30077,30080,3,3.212259e-05,3.2130146666666665e-05,9.554490962660007e-08
53,39,30074,30077,3,3.206663e-05,3.2035443333333336e-05,6.186372245149352e-08
53,40,30071,30074,3,3.18793e-05,3.1868816666666666e-05,1.8421983847806175e-08
53,41,30067,30071,4,3.1622275e-05,3.16476525e-05,5.811907018139623e-08
53,42,30064,30067,3,3.129916e-05,3.1355843333333336e-05,8.045242666045411e-08
53,43,30061,30064,3,0.0001781091,0.00017369703333333335,4.790479531155751e-05
53,44,30058,30061,3,0.0004124927,0.00040082000000000003,5.598998620009355e-05
53,45,30055,30058,3,0.000547919,0.0005447788,1.9539597710461343e-05
53,46,30052,30055,3,0.000587036,0.0005864242333333333,4.2168755307955115e-06
53,47,30049,30052,3,0.000593868,0.0005937345666666667,3.7527311239797976e-07
53,48,30046,30049,3,0.0005940565,0.0005940924333333334,1.1933215083209898e-07
53,49,30042,30046,4,0.0005941947,0.000594194525,1.9086968558414098e-07
53,50,30039,30042,3,0.0005939141,0.0005940620666666667,3.0989047886127567e-07
53,51,30036,30039,3,0.0005940539,0.0005940688666666666,4.7051909867965915e-08
53,52,30033,30036,3,0.0005925465,0.0005924442333333334,8.031023236314455e-07
53,53,30030,30033,3,0.0005899241,0.0005898391666666667,1.5552222420676815e-07
53,54,30027,30030,3,0.0005886837,0.0005890505333333334,6.589215650507353e-07
53,55,30024,30027,3,0.0005916785,0.0005916793,9.686100591397436e-07
53,56,30021,30024,3,0.000593658,0.0005936413,9.168056864276809e-08
53,57,30018,30021,3,0.0005933821,0.0005936250666666666,3.8556639145833923e-07
53,58,30014,30018,4,0.0005926288500000001,0.000592661325,4.2878808504321637e-07
53,59,30011,30014,3,0.0005917224,0.0005917194999999999,4.062530492193175e-07
53,60,30008,30011,3,0.000590786,0.0005906185666666667,2.9666407864043233e-07
53,61,30005,30008,3,0.0005887297,0.0005889376333333332,4.114134686932744e-07
53,62,30002,30005,3,0.0005862605,0.0005866479666666667,5.73676507759882e-07
53,63,29999,30002,3,0.0005812882,0.0005812184666666667,2.1080360944622384e-06
53,64,29996,29999,3,0.0005721861,0.00040645130000000005,0.0002365598874972819
53,65,29993,29996,3,4.176725e-05,4.341287e-05,5.744673399268811e-06
53,66,29989,29993,4,3.3997025e-05,3.407747e-05,7.461589940153502e-07
53,67,29986,29989,3,3.296434e-05,3.293622e-05,1.0440572046907503e-07
53,68,29983,29986,3,3.274197e-05,3.273113666666666e-05,3.8284064860230304e-08
53,69,29980,29983,3,3.262237e-05,3.2623013333333335e-05,5.27108997794149e-08
53,70,29977,29980,3,3.257874e-05,3.256899e-05,8.596413942259063e-08
53,71,29974,29977,3,3.252233e-05,3.250010333333333e-05,5.6392596637816145e-08
53,72,29971,29974,3,3.240246e-05,3.239101333333333e-05,2.17765505890067e-08
53,73,29968,29971,3,3.220829e-05,3.221868666666667e-05,1.5753988560221248e-08
53,74,29964,29968,4,3.2023699999999996e-05,3.206714e-05,8.597518159329525e-08
53,75,29961,29964,3,3.175866e-05,3.182809333333333e-05,1.0107086897595659e-07
53,76,29958,29961,3,3.165337e-05,3.161333333333333e-05,1.3488092584037047e-07
53,77,29955,29958,3,0.0001341198,0.00012322049666666667,7.091517087032945e-05
53,78,29952,29955,3,0.0003705808,0.0003684461,6.679190453285989e-05
53,79,29949,29952,3,0.0005331375,0.0005288463333333334,2.294037647298367e-05
53,80,29946,29949,3,0.0005791906,0.0005773878999999999,6.254707325420292e-06
53,81,29943,29946,3,0.0005855836,0.0005855096333333334,6.3831968131616e-07
53,82,29940,29943,3,0.0005793744,0.0005799144666666667,1.8700742255025219e-06
53,83,29936,29940,4,0.0005689531499999999,0.0005693922999999999,3.221009983685227e-06
53,84,29933,29936,3,0.0005703146,0.0005719876333333333,5.039119044921343e-06
53,85,29930,29933,3,0.000601776,0.0006002316333333334,8.492785990605333e-06
53,86,29927,29930,3,0.0006228572,0.0006221993333333332,4.494213427904339e-06
53,87,29924,29927,3,0.0006321387,0.0006318219666666667,8.711705586291556e-07
53,88,29921,29924,3,0.0006326397,0.0006326892,1.69603950425719e-07
53,89,29918,29921,3,0.0006329641,0.0006329363333333333,9.293296269652681e-08
53,90,29915,29918,3,0.0006328486,0.000632813,2.0097124172379027e-07
53,91,29911,29915,4,0.0006327876,0.0006327575499999999,1.2300718474951771e-07
53,92,29908,29911,3,0.0006322857,0.0006325143666666667,3.604132658798885e-07
53,93,29905,29908,3,0.0006326536,0.0006326377666666667,7.94621223532966e-08
53,94,29902,29905,3,0.0006326834,0.0006327190333333333,1.3501185956137758e-07
53,95,29899,29902,3,0.0006326858,0.0006326341999999999,1.2716802533129714e-07
53,96,29896,29899,3,0.0006325147,0.0006326445,2.978198896425319e-07
53,97,29893,29896,3,0.0006326064,0.0006325598,1.701137462601501e-07
53,98,29890,29893,3,0.0006328944,0.0006328812333333333,4.0586477496274185e-07
53,99,29886,29890,4,0.0006328996,0.0006329127750000001,7.283818967410739e-08
54,0,30379,30383,4,3.2850424999999995e-05,3.28515525e-05,6.239813994623556e-08
54,1,30383,30386,3,3.281144e-05,3.283039333333333e-05,3.778636908845527e-08
54,2,30386,30389,3,3.289717e-05,3.287412333333333e-05,6.682294283320028e-08
54,3,30389,30392,3,3.276958e-05,3.276513666666667e-05,4.742425141446491e-08
54,4,30392,30395,3,3.268011e-05,3.270445333333333e-05,6.333153207964643e-08
54,5,30395,30398,3,3.268063e-05,3.269463333333333e-05,5.401617802926069e-08
54,6,30398,30401,3,3.278504e-05,3.2758626666666666e-05,3.954477827588342e-08
54,7,30401,30405,4,3.2757665e-05,3.27429075e-05,6.277354832053124e-08
54,8,30405,30408,3,3.280746e-05,3.275827666666666e-05,7.63717916220069e-08
54,9,30408,30411,3,3.273517e-05,3.2732790000000005e-05,5.376814856399654e-08
54,10,30411,30414,3,3.276351e-05,3.275756e-05,6.642065993850678e-08
54,11,30414,30417,3,3.283384e-05,3.2811620000000004e-05,3.748349592376335e-08
54,12,30417,30420,3,3.284925e-05,3.2805013333333334e-05,7.269202264041984e-08
54,13,30420,30423,3,3.278005e-05,3.278351e-05,6.330128803323717e-08
54,14,30423,30426,3,3.279306e-05,3.280014666666666e-05,5.361722380810904e-08
54,15,30426,30430,4,3.2954545e-05,3.29519525e-05,2.3821295488490717e-08
54,16,30430,30433,3,3.338662e-05,3.342402e-05,2.3804528644776906e-07
54,17,30433,30436,3,3.719897e-05,3.770313333333333e-05,2.7649193940069137e-06
54,18,30436,30439,3,6.930737e-05,0.00023673549666666666,0.00025040238130544956
54,19,30439,30442,3,0.0005912586,0.0005910325666666666,9.985086957836666e-07
54,20,30442,30445,3,0.0005853868,0.0005855274,1.1271575695822965e-06
54,21,30445,30448,3,0.0005835723,0.0005840475,6.760687982742954e-07
54,22,30448,30451,3,0.0005854228,0.0005856067333333334,9.266697697789603e-07
54,23,30451,30455,4,0.00059022475,0.000589859575,1.275480512150248e-06
54,24,30455,30458,3,0.0005928347,0.0005929102,6.484177100192751e-07
54,25,30458,30461,3,0.0005932235,0.0005927306666666666,1.5490428492746481e-06
54,26,30461,30464,3,0.0005760497,0.0005724327,1.1457635436976834e-05
54,27,30464,30467,3,0.0004930937,0.00048286073333333334,4.222046749435895e-05
54,28,30467,30470,3,0.0002643653,0.00026743236666666666,6.965259773831523e-05
54,29,30470,30473,3,3.102222e-05,6.582713e-05,4.9222954623835815e-05
54,30,30473,30477,4,3.134318e-05,3.1303795e-05,8.682925126361394e-08
54,31,30477,30480,3,3.160301e-05,3.155261333333333e-05,9.94517277655627e-08
54,32,30480,30483,3,3.161559e-05,3.167748e-05,9.098385241349162e-08
54,33,30483,30486,3,3.18299e-05,3.182791666666667e-05,2.6226650991353377e-08
54,34,30486,30489,3,3.19959e-05,3.200379333333334e-05,2.4796459872776313e-08
54,35,30489,30492,3,3.209837e-05,3.207462e-05,9.670954072203206e-08
54,36,30492,30495,3,3.214019e-05,3.2149906666666665e-05,6.655306571117157e-08
54,37,30495,30498,3,3.223478e-05,3.223234333333333e-05,4.387562750421974e-08
54,38,30498,30502,4,3.2342815e-05,3.2336302499999994e-05,4.0154508697653975e-08
54,39,30502,30505,3,3.243425e-05,3.244600333333333e-05,2.5487849828672394e-08
54,40,30505,30508,3,3.248988e-05,3.2480506666666664e-05,9.440766258919491e-08
54,41,30508,30511,3,3.258375e-05,3.260966e-05,4.31702961151128e-08
54,42,30511,30514,3,3.296472e-05,3.2998850000000003e-05,1.2872920129740195e-07
54,43,30514,30517,3,3.563256e-05,3.6056260000000006e-05,1.888065478649155e-06
54,44,30517,30520,3,5.881605e-05,0.00023198840666666665,0.0002537952576317935
54,45,30520,30523,3,0.0005919621,0.0005918790333333334,5.942169600033142e-07
54,46,30523,30527,4,0.000593373,0.00059341845,4.113151498547067e-07
54,47,30527,30530,3,0.0005929832,0.0005930963,2.1410942685147229e-07
54,48,30530,30533,3,0.0005917322,0.0005918584,3.5150513509763885e-07
54,49,30533,30536,3,0.0005910352,0.0005910063333333333,5.134363532990388e-08
54,50,30536,30539,3,0.0005907152,0.0005907056000000001,1.202983236236897e-07
54,51,30539,30542,3,0.0005897732,0.0005899672666666666,5.343548467284731e-07
54,52,30542,30545,3,0.0005874202,0.0005873906333333333,9.209597035460293e-07
54,53,30545,30549,4,0.00058000165,0.0005798684999999999,3.240677130631805e-06
54,54,30549,30552,3,0.0005715414,0.0005716504,1.335809277803793e-06
54,55,30552,30555,3,0.0005638614,0.0005645875666666667,1.3681528772602885e-06
54,56,30555,30558,3,0.0005683116,0.0005682777666666667,2.753371233395312e-06
54,57,30558,30561,3,0.0005738687,0.0005739454333333334,4.5533847727695117e-07
54,58,30561,30564,3,0.0005727474,0.0005719062333333333,2.036897710299211e-06
54,59,30564,30567,3,0.0005575188,0.0005593743666666666,3.023416978997231e-06
54,60,30567,30570,3,0.0005617497,0.000561544,2.3408873630883264e-06
54,61,30570,30574,4,0.0005691113000000001,0.0005688593749999999,2.393589968410434e-06
54,62,30574,30577,3,0.0005641561,0.0005632615,4.119421078258471e-06
54,63,30577,30580,3,0.0005295461,0.0005269855666666666,1.7879045505904992e-05
54,64,30580,30583,3,0.0004022139,0.00039497709999999995,6.034921280966859e-05
54,65,30583,30586,3,0.0001734734,0.00017852433333333335,5.0589638258529666e-05
54,66,30586,30589,3,3.135541e-05,3.133803666666666e-05,2.9175133628182233e-08
54,67,30589,30592,3,3.163331e-05,3.156743e-05,1.1677743303681001e-07
54,68,30592,30595,3,3.168326e-05,3.1741226666666664e-05,1.0015383911208216e-07
54,69,30595,30599,4,3.19148e-05,3.1947290000000004e-05,8.193847142826009e-08
54,70,30599,30602,3,3.206769e-05,3.208149666666667e-05,2.2722748268836058e-08
54,71,30602,30605,3,3.225899e-05,3.2256783333333336e-05,1.7160360006584098e-08
54,72,30605,30608,3,3.238164e-05,3.2325143333333334e-05,9.741529391675925e-08
54,73,30608,30611,3,3.235386e-05,3.238979666666666e-05,7.935737156825608e-08
54,74,30611,30614,3,3.248142e-05,3.247544e-05,4.339103133137073e-08
54,75,30614,30617,3,3.269472e-05,3.266377333333333e-05,4.8157545157072424e-08
54,76,30617,30621,4,3.2995095000000005e-05,3.30338375e-05,2.9491185593113955e-07
54,77,30621,30624,3,3.597792e-05,3.640651333333333e-05,2.020837460795785e-06
54,78,30624,30627,3,6.48291e-05,0.0002481686566666667,0.00027197158595636375
54,79,30627,30630,3,0.0006329833,0.0006330330000000001,2.2150423622735657e-07
54,80,30630,30633,3,0.0006330681,0.00063314,1.2112756361235564e-07
54,81,30633,30636,3,0.0006328211,0.0006327617333333333,2.7112125618539387e-07
54,82,30636,30639,3,0.0006331631,0.0006330448,2.0264051914659197e-07
54,83,30639,30642,3,0.0006326934,0.0006327517,1.271775399458092e-07
54,84,30642,30646,4,0.00063295355,0.0006329063749999999,1.2343231697979337e-07
54,85,30646,30649,3,0.000632789,0.0006328367666666667,9.043894195653135e-08
54,86,30649,30652,3,0.0006328235,0.0006330018666666666,2.873732338885508e-07
54,87,30652,30655,3,0.0006326805,0.0006328310666666666,3.9545614449927575e-07
54,88,30655,30658,3,0.0006329868,0.0006328345333333334,3.064537086666947e-07
54,89,30658,30661,3,0.0006331959,0.0006331056333333333,2.891507257853897e-07
54,90,30661,30664,3,0.0006331286,0.0006331350333333333,9.885997954457607e-08
54,91,30664,30667,3,0.00063307,0.0006331584,2.0149124050438505e-07
54,92,30667,30671,4,0.0006329523,0.000632944,8.799053926416874e-08
54,93,30671,30674,3,0.0006327255,0.0006327765,1.430174814489651e-07
54,94,30674,30677,3,0.0006328902,0.0006329447333333333,2.3579429358848583e-07
54,95,30677,30680,3,0.0006329576,0.0006329234666666667,2.8955756288210154e-07
54,96,30680,30683,3,0.0006328024,0.0006328974,1.979871376293473e-07
54,97,30683,30686,3,0.0006327024,0.0006324231666666667,4.6961392890565683e-07
54,98,30686,30689,3,0.0006325933,0.0006324031666666666,2.84299435259529e-07
54,99,30689,30692,3,0.0006324769,0.0006324240333333333,1.3808210922812432e-07
55,0,31183,31186,3,3.242249e-05,3.246394666666667e-05,7.68574508785928e-08
55,1,31180,31183,3,3.24929e-05,3.2476446666666665e-05,4.6445229631853326e-08
55,2,31177,31180,3,3.242998e-05,3.2414909999999994e-05,6.016756767561851e-08
55,3,31174,31177,3,3.23307e-05,3.23286e-05,2.5460877177870976e-08
55,4,31171,31174,3,3.233576e-05,3.231315666666667e-05,8.513524625885466e-08
55,5,31168,31171,3,3.22929e-05,3.2293770000000004e-05,5.299011668855466e-08
55,6,31165,31168,3,3.221853e-05,3.2204566666666667e-05,3.877573668617241e-08
55,7,31161,31165,4,3.203405e-05,3.2076912499999995e-05,8.643547864592444e-08
55,8,31158,31161,3,3.1879e-05,3.188476333333333e-05,6.115680519960362e-08
55,9,31155,31158,3,3.182547e-05,3.182578666666667e-05,8.46015895569064e-08
55,10,31152,31155,3,3.178943e-05,3.1790909999999995e-05,2.2062077569136066e-08
55,11,31149,31152,3,3.166061e-05,3.165263666666667e-05,3.633329174309722e-08
55,12,31146,31149,3,3.15112e-05,3.154105666666667e-05,7.300716601052709e-08
55,13,31143,31146,3,3.150897e-05,3.145303333333333e-05,9.776106257378426e-08
55,14,31140,31143,3,3.132233e-05,3.1324886666666663e-05,1.913852368624275e-08
55,15,31136,31140,4,3.1104885e-05,3.10965525e-05,1.7081162687299743e-08
55,16,31133,31136,3,3.080512e-05,3.081488333333333e-05,1.4628147144762132e-08
55,17,31130,31133,3,0.0001167211,0.00010888380666666666,6.08626262214951e-05
55,18,31127,31130,3,0.0003312749,0.00033091026666666663,7.079354000661986e-05
55,19,31124,31127,3,0.0005218136,0.0005144984666666667,3.407794880371892e-05
55,20,31121,31124,3,0.0005816771,0.0005792640999999999,7.744044107570683e-06
55,21,31118,31121,3,0.0005909584,0.0005907447000000001,5.177861012683546e-07
55,22,31115,31118,3,0.0005930419,0.0005929812333333333,2.440136243919183e-07
55,23,31111,31115,4,0.00059262995,0.0005924820499999999,4.856047801453511e-07
55,24,31108,31111,3,0.0005915579,0.0005915798666666667,3.190977105666437e-07
55,25,31105,31108,3,0.0005930696,0.0005928032333333333,3.9042602656869344e-07
55,26,31102,31105,3,0.0005924657,0.0005925233,5.201540348781308e-07
55,27,31099,31102,3,0.0005934144,0.0005934392666666666,1.1250769850202373e-07
55,28,31096,31099,3,5.604322e-05,0.00023141822000000001,0.0002555005475593512
55,29,31093,31096,3,3.566605e-05,3.6157853333333336e-05,1.5644262965984964e-06
55,30,31089,31093,4,3.2806749999999996e-05,3.2924032500000004e-05,4.4148044522804205e-07
55,31,31086,31089,3,3.233169e-05,3.230824e-05,1.0744402294528506e-07
55,32,31083,31086,3,3.226106e-05,3.224703666666667e-05,2.2998733781569474e-08
55,33,31080,31083,3,3.211266e-05,3.213031666666666e-05,3.0204830003753134e-08
55,34,31077,31080,3,3.209483e-05,3.209997333333334e-05,8.070694077270434e-08
55,35,31074,31077,3,3.207431e-05,3.2064189999999996e-05,4.132661208793597e-08
55,36,31071,31074,3,3.197125e-05,3.196477e-05,4.4173965937717977e-08
55,37,31068,31071,3,3.186666e-05,3.186425e-05,4.534351184752482e-08
55,38,31064,31068,4,3.175263e-05,3.1768195000000005e-05,8.041613162170892e-08
55,39,31061,31064,3,3.159874e-05,3.161734e-05,9.730486935400516e-08
55,40,31058,31061,3,3.155291e-05,3.150603e-05,6.880235654878855e-08
55,41,31055,31058,3,3.13152e-05,3.130664666666667e-05,1.4351613923953942e-08
55,42,31052,31055,3,3.10353e-05,3.107348666666667e-05,5.895047940621034e-08
55,43,31049,31052,3,3.100314e-05,6.751656666666667e-05,5.1777202317461e-05
55,44,31046,31049,3,0.0002721276,0.0002775088,7.418442668485077e-05
55,45,31043,31046,3,0.0004931618,0.0004854858333333334,4.258197324708611e-05
55,46,31039,31043,4,0.0005801210000000001,0.000576512775,1.3014357981931922e-05
55,47,31036,31039,3,0.0005932446,0.0005931594,1.5191427407147162e-07
55,48,31033,31036,3,0.0005935743,0.0005935794,2.823267256212169e-07
55,49,31030,31033,3,0.0005943861,0.0005942850666666666,1.9623900960025325e-07
55,50,31027,31030,3,0.0005943828,0.0005942896,1.9218027994567615e-07
55,51,31024,31027,3,0.0005948212,0.0005947711,3.201141775471187e-07
55,52,31021,31024,3,0.0005943464,0.0005943675999999999,3.0149684354345155e-07
55,53,31017,31021,4,0.0005940864,0.00059407635,9.499796050442388e-08
55,54,31014,31017,3,0.0005933318,0.0005934041666666666,6.122691474253133e-07
55,55,31011,31014,3,0.0005910478,0.0005913142333333334,4.852219858534478e-07
55,56,31008,31011,3,0.0005919362,0.0005917264333333333,6.831701122138374e-07
55,57,31005,31008,3,0.0005930585,0.0005931627,2.9290620796880484e-07
55,58,31002,31005,3,0.0005930404,0.0005928671333333334,2.562178283327836e-07
55,59,30999,31002,3,0.0005916856,0.0005919527333333333,3.897947522592904e-07
55,60,30996,30999,3,0.0005907762,0.0005907525,5.546067675990732e-08
55,61,30992,30996,4,0.00059140835,0.0005914232250000001,3.058722558111597e-07
55,62,30989,30992,3,0.0005897419,0.0005900538,9.16385883057293e-07
55,63,30986,30989,3,0.0005856762,0.0005857378666666666,1.4424289060084892e-06
55,64,30983,30986,3,0.0005817844,0.0004127398766666667,0.00023990700650499512
55,65,30980,30983,3,4.233473e-05,4.41836e-05,6.345641751727453e-06
55,66,30977,30980,3,3.399089e-05,3.4138376666666666e-05,6.298598947561444e-07
55,67,30974,30977,3,3.262647e-05,3.2739906666666664e-05,2.2692599121495237e-07
55,68,30971,30974,3,3.249011e-05,3.2436429999999995e-05,1.0813459791698023e-07
55,69,30967,30971,4,3.2343505e-05,3.23129e-05,8.127784599754068e-08
55,70,30964,30967,3,3.224555e-05,3.224777666666667e-05,1.83815747118929e-08
55,71,30961,30964,3,3.207832e-05,3.209433666666667e-05,2.4773513185568594e-08
55,72,30958,30961,3,3.194785e-05,3.200944666666667e-05,8.712498391519063e-08
55,73,30955,30958,3,3.196929e-05,3.191418333333334e-05,9.34441684762753e-08
55,74,30952,30955,3,3.176486e-05,3.177299e-05,1.7454835051257944e-08
55,75,30949,30952,3,3.15427e-05,3.154482e-05,1.3904332658085839e-08
55,76,30945,30949,4,3.1303945e-05,3.1338995e-05,1.207913242952484e-07
55,77,30942,30945,3,3.120653e-05,6.787692333333333e-05,5.197888275993392e-05
55,78,30939,30942,3,0.0002964507,0.000298965,7.222610648249011e-05
55,79,30936,30939,3,0.0004999289,0.0004944095666666667,3.256649324662119e-05
55,80,30933,30936,3,0.0005705556,0.0005681008666666667,1.0960728652583075e-05
55,81,30930,30933,3,0.0005848696,0.0005849026333333334,4.1555972160718354e-07
55,82,30927,30930,3,0.0005817932,0.0005815893333333332,1.7123117518593345e-06
55,83,30924,30927,3,0.0005712859,0.0005712320666666667,3.3609563245533997e-06
55,84,30920,30924,4,0.00056938675,0.000571285575,6.302554019353983e-06
55,85,30917,30920,3,0.000601226,0.0006001662666666666,7.905884933108735e-06
55,86,30914,30917,3,0.000621128,0.0006208491666666666,5.03580719404105e-06
55,87,30911,30914,3,0.0006318283,0.0006314336666666667,9.272116994276814e-07
55,88,30908,30911,3,0.0006323322,0.0006323452333333333,1.779492874076079e-07
55,89,30905,30908,3,0.0006320879,0.0006320524,1.7923208418138635e-07
55,90,30902,30905,3,0.0006323057,0.0006322971666666667,1.149578860085734e-07
55,91,30899,30902,3,0.0006323443,0.0006322891333333333,1.5217652761039577e-07
55,92,30895,30899,4,0.0006325928,0.00063258005,1.5874220453302204e-07
55,93,30892,30895,3,0.000632519,0.0006325625,1.784222519754781e-07
55,94,30889,30892,3,0.000632284,0.0006322930333333333,1.2496485728220196e-07
55,95,30886,30889,3,0.0006324189,0.0006324213666666667,1.3416172661710616e-07
55,96,30883,30886,3,0.0006328886,0.0006327965666666666,1.6947433106194784e-07
55,97,30880,30883,3,0.0006327452,0.0006326678999999999,2.6002601151938024e-07
55,98,30877,30880,3,0.000632761,0.0006326810333333333,1.8089629318725075e-07
55,99,30873,30877,4,0.0006325279,0.0006325629749999999,1.6076239260164092e-07
56,0,31367,31371,4,3.279401e-05,3.2781054999999994e-05,6.194034610009743e-08
56,1,31371,31374,3,3.277655e-05,3.276969666666667e-05,6.77793780503266e-08
56,2,31374,31377,3,3.281569e-05,3.2812369999999996e-05,3.498408495301734e-08
56,3,31377,31380,3,3.262096e-05,3.2653530000000004e-05,5.0152719434409045e-08
56,4,31380,31383,3,3.261701e-05,3.2615856666666666e-05,3.782891339820317e-08
56,5,31383,31386,3,3.266008e-05,3.2649529999999995e-05,5.765169613000611e-08
56,6,31386,31389,3,3.266936e-05,3.266578e-05,4.634005610700128e-08
56,7,31389,31393,4,3.2642395e-05,3.2650585e-05,5.754265917560581e-08
56,8,31393,31396,3,3.259976e-05,3.2645576666666665e-05,6.6662889392989e-08
56,9,31396,31399,3,3.260952e-05,3.263316333333333e-05,4.6463852855981484e-08
56,10,31399,31402,3,3.2723e-05,3.270598e-05,3.0122557439013655e-08
56,11,31402,31405,3,3.268872e-05,3.267485666666667e-05,7.465770794469488e-08
56,12,31405,31408,3,3.268798e-05,3.2667663333333334e-05,3.9675451968300786e-08
56,13,31408,31411,3,3.272479e-05,3.271612e-05,4.848488217991325e-08
56,14,31411,31414,3,3.278701e-05,3.273349333333333e-05,7.584668849432758e-08
56,15,31414,31418,4,3.283875e-05,3.2850982499999996e-05,1.1584178377748602e-07
56,16,31418,31421,3,3.31978e-05,3.3350936666666664e-05,3.435274275642174e-07
56,17,31421,31424,3,3.788174e-05,3.849794e-05,3.0936793919215367e-06
56,18,31424,31427,3,7.403614e-05,0.00023803706666666665,0.0002463849190695201
56,19,31427,31430,3,0.0005875744,0.0005878105,1.1313533518166365e-06
56,20,31430,31433,3,0.0005899848,0.0005900302666666667,1.537965178048469e-07
56,21,31433,31436,3,0.0005907485,0.0005912496333333334,1.5221300783952377e-06
56,22,31436,31439,3,0.0005945719,0.0005945247666666667,3.431627925959204e-07
56,23,31439,31443,4,0.00059506335,0.00059496975,3.881956111292336e-07
56,24,31443,31446,3,0.0005952718,0.0005952865333333333,1.7341050205283184e-07
56,25,31446,31449,3,0.0005934713,0.0005929370333333334,1.7155234193161822e-06
56,26,31449,31452,3,0.000575955,0.0005717592,1.3053666515070304e-05
56,27,31452,31455,3,0.0004857308,0.00047872433333333335,4.5571864982489146e-05
56,28,31455,31458,3,0.0002544348,0.0002659959,6.823541374198592e-05
56,29,31458,31461,3,3.106649e-05,6.475674e-05,4.777867331406417e-05
56,30,31461,31465,4,3.1166945e-05,3.12000025e-05,1.2149061329481383e-07
56,31,31465,31468,3,3.138486e-05,3.140916333333333e-05,4.622421467393721e-08
56,32,31468,31471,3,3.163235e-05,3.162128666666667e-05,1.5815925167023082e-08
56,33,31471,31474,3,3.179285e-05,3.1760216666666665e-05,6.547112561189645e-08
56,34,31474,31477,3,3.186391e-05,3.186847666666667e-05,9.729018084518512e-08
56,35,31477,31480,3,3.19579e-05,3.195319333333333e-05,4.267760250477451e-08
56,36,31480,31483,3,3.208169e-05,3.2071526666666663e-05,4.0082224101076494e-08
56,37,31483,31486,3,3.217634e-05,3.2167090000000005e-05,4.629029775954012e-08
56,38,31486,31490,4,3.2196e-05,3.2201255e-05,7.613070783199085e-08
56,39,31490,31493,3,3.220258e-05,3.225515333333334e-05,7.44135697003955e-08
56,40,31493,31496,3,3.231308e-05,3.2314023333333335e-05,3.45401643822899e-08
56,41,31496,31499,3,3.256384e-05,3.2537646666666664e-05,4.303078691149183e-08
56,42,31499,31502,3,3.280014e-05,3.284284e-05,2.5425174348795833e-07
56,43,31502,31505,3,3.53001e-05,3.5987850000000005e-05,1.94087241498937e-06
56,44,31505,31508,3,5.849493e-05,0.00023282606333333334,0.0002546276213694294
56,45,31508,31511,3,0.0005918574,0.0005918830666666666,5.123465580596234e-07
56,46,31511,31515,4,0.0005918302,0.0005918625249999999,6.914012379761878e-07
56,47,31515,31518,3,0.0005930625,0.0005931665666666666,2.5466888742485063e-07
56,48,31518,31521,3,0.0005932255,0.0005932289333333333,5.496303808520449e-08
56,49,31521,31524,3,0.0005925113,0.0005926138,2.7197155488521216e-07
56,50,31524,31527,3,0.0005914093,0.0005913841333333333,1.8818842212583335e-07
56,51,31527,31530,3,0.0005909624,0.0005909041666666666,2.1396177747961004e-07
56,52,31530,31533,3,0.0005903891,0.0005904041666666666,2.9804842261319774e-07
56,53,31533,31537,4,0.000588398,0.0005885298,5.800123834884882e-07
56,54,31537,31540,3,0.0005866555,0.0005862866333333334,1.0117885989122714e-06
56,55,31540,31543,3,0.0005822971,0.0005823905,1.4521720651033645e-06
56,56,31543,31546,3,0.000582775,0.0005830793666666666,1.0994142389877025e-06
56,57,31546,31549,3,0.0005828837,0.0005823403333333334,1.671107800898049e-06
56,58,31549,31552,3,0.0005779415,0.0005777986999999999,1.0912752540032842e-06
56,59,31552,31555,3,0.0005755993,0.0005761367999999999,9.481408158425981e-07
56,60,31555,31558,3,0.0005762092,0.0005764177666666668,5.173645158128301e-07
56,61,31558,31562,4,0.0005736004,0.0005735855500000001,8.059126891295387e-07
56,62,31562,31565,3,0.0005748316,0.0005731223666666667,3.3314114689656193e-06
56,63,31565,31568,3,0.0005365442,0.0005329761,2.0417482621681542e-05
56,64,31568,31571,3,0.000388037,0.0003838359666666667,6.242994633466288e-05
56,65,31571,31574,3,0.0001678538,0.00017371523333333333,4.690654758391649e-05
56,66,31574,31577,3,3.127082e-05,3.127802e-05,2.019116803621246e-08
56,67,31577,31580,3,3.158438e-05,3.156924333333333e-05,2.4370518163460146e-08
56,68,31580,31583,3,3.179871e-05,3.173885e-05,1.1675703433483759e-07
56,69,31583,31587,4,3.1914175e-05,3.1922379999999996e-05,1.0629424796290693e-07
56,70,31587,31590,3,3.201938e-05,3.2060313333333334e-05,8.490650125611931e-08
56,71,31590,31593,3,3.217008e-05,3.2173670000000005e-05,3.279500063525895e-08
56,72,31593,31596,3,3.231518e-05,3.232454e-05,1.822721774343876e-08
56,73,31596,31599,3,3.243232e-05,3.238865333333334e-05,9.62954046440184e-08
56,74,31599,31602,3,3.242743e-05,3.244163333333334e-05,6.9636279018593e-08
56,75,31602,31605,3,3.258844e-05,3.258447e-05,1.1465568745887536e-08
56,76,31605,31609,4,3.2900655e-05,3.289658e-05,1.319383558712174e-07
56,77,31609,31612,3,3.478644e-05,3.5029336666666665e-05,1.2569835175353553e-06
56,78,31612,31615,3,5.275822e-05,5.6223540000000004e-05,1.395194148276385e-05
56,79,31615,31618,3,0.0006330917,0.0006329675333333333,2.386225517888729e-07
56,80,31618,31621,3,0.0006330361,0.0006329691666666666,1.645378443466025e-07
56,81,31621,31624,3,0.0006328389,0.0006329058,1.1334469550885028e-07
56,82,31624,31627,3,0.0006327807,0.0006328544,1.421303861483312e-07
56,83,31627,31630,3,0.000632783,0.0006328325666666667,1.5741207775207597e-07
56,84,31630,31634,4,0.00063252285,0.000632522825,2.3360904841242636e-08
56,85,31634,31637,3,0.0006323772,0.0006325061,2.5551246544933344e-07
56,86,31637,31640,3,0.0006322448,0.0006322662999999999,2.0049640063270753e-07
56,87,31640,31643,3,0.0006329367,0.0006329431666666666,2.2237903578249764e-07
56,88,31643,31646,3,0.0006326571,0.0006326373999999999,5.73613691142897e-08
56,89,31646,31649,3,0.0006328194,0.0006328488666666667,2.2728990787585907e-07
56,90,31649,31652,3,0.0006328975,0.0006328659,6.541666454354501e-08
56,91,31652,31655,3,0.0006330696,0.0006329135666666666,2.5528494319530523e-07
56,92,31655,31659,4,0.0006326621,0.000632645125,1.2351929758138624e-07
56,93,31659,31662,3,0.0006325471,0.0006326130333333333,1.1027892918517368e-07
56,94,31662,31665,3,0.0006327714,0.0006327341,1.95258409976819e-07
56,95,31665,31668,3,0.0006328375,0.0006328049666666667,7.010003962591789e-08
56,96,31668,31671,3,0.0006325283,0.0006326120333333333,2.147343992522544e-07
56,97,31671,31674,3,0.0006328896,0.0006326276666666666,3.714200616851853e-07
56,98,31674,31677,3,0.0006327282,0.0006325967,2.2419368114797023e-07
56,99,31677,31680,3,0.0006325283,0.0006325759,2.1639248292550245e-07
57,0,32170,32173,3,3.251946e-05,3.247380333333333e-05,7.461316520710225e-08
57,1,32167,32170,3,3.246205e-05,3.2469203333333335e-05,2.9946620658912404e-08
57,2,32164,32167,3,3.241165e-05,3.240123e-05,5.532870201502007e-08
57,3,32161,32164,3,3.236616e-05,3.2361939999999995e-05,5.191702803512453e-08
57,4,32158,32161,3,3.236279e-05,3.2343756666666666e-05,8.130166391628046e-08
57,5,32155,32158,3,3.233981e-05,3.2345406666666666e-05,2.2297348621653355e-08
57,6,32152,32155,3,3.224439e-05,3.225858e-05,5.678675960703169e-08
57,7,32149,32152,3,3.203693e-05,3.212013333333334e-05,1.292262440665821e-07
57,8,32145,32149,4,3.199625e-05,3.19919775e-05,8.739191163231179e-08
57,9,32142,32145,3,3.197838e-05,3.1920339999999996e-05,8.291674056948072e-08
57,10,32139,32142,3,3.187624e-05,3.1860859999999996e-05,2.33018725999989e-08
57,11,32136,32139,3,3.170625e-05,3.172088e-05,2.7938192497010416e-08
57,12,32133,32136,3,3.156415e-05,3.1621806666666665e-05,9.306000011939557e-08
57,13,32130,32133,3,3.159526e-05,3.153109666666667e-05,9.144158511798063e-08
57,14,32127,32130,3,3.140211e-05,3.139054666666667e-05,1.8229738219611385e-08
57,15,32124,32127,3,3.115058e-05,3.116981333333333e-05,4.9051260488959725e-08
57,16,32120,32124,4,3.092786e-05,3.09531275e-05,1.386336038583379e-07
57,17,32117,32120,3,0.0001579935,0.00015920896666666667,4.826505035332388e-05
57,18,32114,32117,3,0.0003898703,0.0003757233,6.125130369632957e-05
57,19,32111,32114,3,0.0005425829,0.0005345768,2.761847029230016e-05
57,20,32108,32111,3,0.0005876856,0.0005864746999999999,4.96282693700544e-06
57,21,32105,32108,3,0.0005937506,0.0005936935999999999,2.552546963328913e-07
57,22,32102,32105,3,0.0005935258,0.0005936359999999999,1.7345906337422936e-07
57,23,32099,32102,3,0.0005932107,0.0005932649666666667,1.7411232645110297e-07
57,24,32095,32099,4,0.00059231515,0.0005924049749999999,6.541815549792044e-07
57,25,32092,32095,3,0.0005899504,0.0005902272666666666,5.782619494850603e-07
57,26,32089,32092,3,0.0005901704,0.0005901783999999999,6.493843699998064e-07
57,27,32086,32089,3,0.0005927457,0.0005927097333333333,3.015858123689309e-07
57,28,32083,32086,3,5.322708e-05,5.538119e-05,1.1685032927487479e-05
57,29,32080,32083,3,3.529202e-05,3.545956e-05,1.2323142015736077e-06
57,30,32077,32080,3,3.29213e-05,3.2988496666666666e-05,3.546704199989393e-07
57,31,32074,32077,3,3.249865e-05,3.2446309999999995e-05,9.888762241386233e-08
57,32,32071,32074,3,3.234791e-05,3.233078333333333e-05,3.981284996357697e-08
57,33,32067,32071,4,3.224991e-05,3.2244025e-05,3.7826769291072345e-08
57,34,32064,32067,3,3.21545e-05,3.2140146666666666e-05,4.150516219567187e-08
57,35,32061,32064,3,3.213196e-05,3.210647333333333e-05,8.833310339592656e-08
57,36,32058,32061,3,3.205317e-05,3.206407666666667e-05,2.0225833865518533e-08
57,37,32055,32058,3,3.192466e-05,3.192488e-05,3.970653346742846e-08
57,38,32052,32055,3,3.180185e-05,3.1823569999999996e-05,7.231745432466487e-08
57,39,32049,32052,3,3.173919e-05,3.172107333333333e-05,1.0076901783561918e-07
57,40,32046,32049,3,3.16316e-05,3.16023e-05,5.4064240183937695e-08
57,41,32042,32046,4,3.1396345e-05,3.138022e-05,3.532894634715441e-08
57,42,32039,32042,3,3.110757e-05,3.1106503333333336e-05,5.675998199044931e-09
57,43,32036,32039,3,0.0001195269,0.00010604295,5.6596386116267775e-05
57,44,32033,32036,3,0.000343979,0.00033018656666666666,7.087063313278795e-05
57,45,32030,32033,3,0.0005233744,0.0005162250333333333,2.8950696569666313e-05
57,46,32027,32030,3,0.0005809822,0.0005798403333333334,7.72416137857195e-06
57,47,32024,32027,3,0.000593589,0.0005937856666666667,3.049569295636323e-07
57,48,32021,32024,3,0.0005940599,0.0005939304333333334,2.531798087437859e-07
57,49,32017,32021,4,0.0005932206,0.00059328685,5.870893564867126e-07
57,50,32014,32017,3,0.0005916175,0.0005915208666666667,2.091119370629307e-07
57,51,32011,32014,3,0.0005922041,0.0005921362333333333,2.797149302812085e-07
57,52,32008,32011,3,0.0005908347,0.0005908782333333332,5.342231764181211e-07
57,53,32005,32008,3,0.0005920962,0.0005919786,8.541122213542365e-07
57,54,32002,32005,3,0.0005931985,0.0005930009333333334,3.45600504757888e-07
57,55,31999,32002,3,0.000591794,0.0005916016666666666,4.350335568155357e-07
57,56,31996,31999,3,0.000590161,0.0005901904333333333,5.819219898080761e-07
57,57,31993,31996,3,0.0005880779,0.0005882591666666666,6.712635862477925e-07
57,58,31989,31993,4,0.0005896069,0.000589614325,7.871079099304019e-07
57,59,31986,31989,3,0.0005919182,0.0005918437333333333,1.322646925255971e-07
57,60,31983,31986,3,0.0005914666,0.0005915354666666666,1.239492458853887e-07
57,61,31980,31983,3,0.000591094,0.0005909036,3.0449889983382133e-07
57,62,31977,31980,3,0.000590348,0.0005901364,3.321597607577646e-07
57,63,31974,31977,3,0.0005915628,0.0005913750666666666,4.4250939977461587e-07
57,64,31971,31974,3,0.0005902438,0.00042116790333333333,0.00023992277512218527
57,65,31968,31971,3,4.514854e-05,4.7461639999999996e-05,8.339050450996604e-06
57,66,31964,31968,4,3.385658e-05,3.4094195e-05,9.581214732094268e-07
57,67,31961,31964,3,3.261838e-05,3.262387e-05,1.8282622587218402e-07
57,68,31958,31961,3,3.24269e-05,3.242710666666666e-05,1.9972041012931683e-08
57,69,31955,31958,3,3.228538e-05,3.2285813333333334e-05,4.148732282945689e-08
57,70,31952,31955,3,3.218111e-05,3.2205660000000006e-05,7.285197732388623e-08
57,71,31949,31952,3,3.22089e-05,3.2149563333333337e-05,9.455846950726089e-08
57,72,31946,31949,3,3.206199e-05,3.207169333333334e-05,2.4672071029583357e-08
57,73,31943,31946,3,3.191629e-05,3.190872e-05,2.758707064308496e-08
57,74,31939,31943,4,3.1730320000000005e-05,3.176449e-05,7.549101535944374e-08
57,75,31936,31939,3,3.148251e-05,3.15538e-05,1.040032060403245e-07
57,76,31933,31936,3,3.144257e-05,3.138276333333333e-05,1.149494269474891e-07
57,77,31930,31933,3,3.116165e-05,3.1148986666666664e-05,3.163866024695292e-08
57,78,31927,31930,3,0.0002150387,0.00022330293333333335,6.720404442215927e-05
57,79,31924,31927,3,0.0004537852,0.0004481368666666667,4.400194777335305e-05
57,80,31921,31924,3,0.0005556637,0.0005526200666666666,1.66617569022264e-05
57,81,31918,31921,3,0.0005833285,0.0005825554666666667,2.244560010831122e-06
57,82,31915,31918,3,0.0005838979,0.0005833315666666667,1.0509202581018468e-06
57,83,31911,31915,4,0.00056954105,0.000570231675,5.334023799335273e-06
57,84,31908,31911,3,0.000568104,0.0005692163666666666,3.5178175169019813e-06
57,85,31905,31908,3,0.0005937795,0.0005938254999999999,8.841329760090762e-06
57,86,31902,31905,3,0.0006189246,0.0006182634666666667,5.3900829012384e-06
57,87,31899,31902,3,0.0006305951,0.0006300986333333333,1.7243825278116736e-06
57,88,31896,31899,3,0.0006321073,0.0006321772666666668,3.161639904999988e-07
57,89,31893,31896,3,0.0006319357,0.0006319327,1.398819502294953e-07
57,90,31890,31893,3,0.0006318754,0.0006318078333333333,1.4753043377174673e-07
57,91,31886,31890,4,0.0006317199,0.0006317878499999999,2.721322702290331e-07
57,92,31883,31886,3,0.0006321365,0.0006320124,3.2200715312965343e-07
57,93,31880,31883,3,0.0006322354,0.0006322104666666666,4.96914703165569e-08
57,94,31877,31880,3,0.0006319351,0.0006320616666666666,3.005119668536132e-07
57,95,31874,31877,3,0.0006322991,0.0006322738333333334,2.0636867225644517e-07
57,96,31871,31874,3,0.0006322783,0.0006322305333333333,1.254337629543373e-07
57,97,31868,31871,3,0.0006321962,0.0006321718666666667,2.5231326208149917e-07
57,98,31865,31868,3,0.0006322174,0.0006322185666666666,8.373578818053486e-08
57,99,31861,31865,4,0.00063198305,0.000631992425,1.5920504663796273e-07
58,0,32355,32359,4,3.2855874999999997e-05,3.2845095e-05,5.961208874884165e-08
58,1,32359,32362,3,3.290441e-05,3.2880663333333334e-05,3.5862182805227126e-08
58,2,32362,32365,3,3.282916e-05,3.281456333333333e-05,4.627315300353728e-08
58,3,32365,32368,3,3.272573e-05,3.269001333333333e-05,5.391185666334468e-08
58,4,32368,32371,3,3.268764e-05,3.268244333333333e-05,6.849247760804607e-08
58,5,32371,32374,3,3.274024e-05,3.272920666666667e-05,3.086168858345572e-08
58,6,32374,32377,3,3.275647e-05,3.271241e-05,7.56797797741692e-08
58,7,32377,32380,3,3.270543e-05,3.2692090000000004e-05,5.558497878623988e-08
58,8,32380,32384,4,3.2717200000000006e-05,3.2712540000000005e-05,5.4376210331357665e-08
58,9,32384,32387,3,3.276004e-05,3.2745053333333334e-05,6.085251149751609e-08
58,10,32387,32390,3,3.276961e-05,3.276360666666667e-05,4.817696983229745e-08
58,11,32390,32393,3,3.274771e-05,3.2753769999999996e-05,6.167206390795254e-08
58,12,32393,32396,3,3.276255e-05,3.274260333333334e-05,5.76493638781504e-08
58,13,32396,32399,3,3.276478e-05,3.2764133333333334e-05,5.897732068817082e-08
58,14,32399,32402,3,3.283859e-05,3.284613333333333e-05,2.1275604704814998e-08
58,15,32402,32405,3,3.29913e-05,3.2960343333333324e-05,1.1858053981249306e-07
58,16,32405,32409,4,3.3671645e-05,3.3983590000000004e-05,9.181615793257747e-07
58,17,32409,32412,3,4.342555e-05,4.615673333333334e-05,7.677803324321063e-06
58,18,32412,32415,3,0.0005936348,0.00042197731666666666,0.00024282292265088404
58,19,32415,32418,3,0.000593296,0.0005934960000000001,2.838332374241751e-07
58,20,32418,32421,3,0.0005931371,0.0005931161,1.935087250401753e-07
58,21,32421,32424,3,0.0005931178,0.0005929187333333334,2.8598911789709234e-07
58,22,32424,32427,3,0.0005942223,0.0005940505666666667,2.8811948138847375e-07
58,23,32427,32430,3,0.0005943346,0.0005942473333333333,2.355393291056842e-07
58,24,32430,32433,3,0.0005942914,0.0005942453,1.4619988600086165e-07
58,25,32433,32437,4,0.0005926445,0.00059164965,2.683510880823875e-06
58,26,32437,32440,3,0.0005630669,0.0005621880333333333,1.4397883276216514e-05
58,27,32440,32443,3,0.0004482786,0.00044994223333333334,4.6775757909151575e-05
58,28,32443,32446,3,0.0002215022,0.00022650426666666668,5.4583287706118345e-05
58,29,32446,32449,3,3.116522e-05,5.5051e-05,3.3906273206201826e-05
58,30,32449,32452,3,3.119016e-05,3.1235883333333334e-05,7.512700550105405e-08
58,31,32452,32455,3,3.147469e-05,3.146550666666666e-05,1.3377987724452182e-08
58,32,32455,32458,3,3.171393e-05,3.166767333333333e-05,6.648739446107064e-08
58,33,32458,32462,4,3.1837675e-05,3.1814237500000004e-05,9.916588964331355e-08
58,34,32462,32465,3,3.194779e-05,3.1954633333333334e-05,8.976959259991908e-08
58,35,32465,32468,3,3.203785e-05,3.2037843333333334e-05,4.607490230290513e-08
58,36,32468,32471,3,3.216899e-05,3.215825e-05,3.865511695321558e-08
58,37,32471,32474,3,3.228441e-05,3.225751e-05,5.4606126640391696e-08
58,38,32474,32477,3,3.224474e-05,3.228904e-05,7.794175432120113e-08
58,39,32477,32480,3,3.233604e-05,3.2338606666666665e-05,4.0848837056749535e-08
58,40,32480,32483,3,3.246078e-05,3.246779666666666e-05,2.43564807711533e-08
58,41,32483,32487,4,3.264838e-05,3.261408e-05,1.244030196578841e-07
58,42,32487,32490,3,3.296606e-05,3.3137956666666666e-05,3.963869281676979e-07
58,43,32490,32493,3,3.641742e-05,3.760641666666667e-05,3.0162176827094053e-06
58,44,32493,32496,3,6.866825e-05,0.00023697024333333336,0.0002513787549446129
58,45,32496,32499,3,0.0005922888,0.0005922732,3.5542887708607184e-07
58,46,32499,32502,3,0.0005894849,0.000589408,1.3302457993418564e-06
58,47,32502,32505,3,0.0005844592,0.0005846113333333333,7.718556096979877e-07
58,48,32505,32508,3,0.0005855093,0.0005858597333333333,7.627085696530725e-07
58,49,32508,32511,3,0.0005881172,0.0005882479333333333,7.570867380220635e-07
58,50,32511,32515,4,0.000590431,0.000590432975,3.1921565104956765e-07
58,51,32515,32518,3,0.0005899441,0.0005899351666666667,7.12341834296361e-08
58,52,32518,32521,3,0.0005908576,0.0005909328333333334,3.892429432743512e-07
58,53,32521,32524,3,0.0005919961,0.0005919391,2.0262114072002235e-07
58,54,32524,32527,3,0.0005917684,0.0005919140666666667,3.852057833880142e-07
58,55,32527,32530,3,0.0005906549,0.0005906304666666667,3.6911997447388697e-08
58,56,32530,32533,3,0.0005900331,0.0005900335666666666,1.7884319637327083e-08
58,57,32533,32536,3,0.0005905507,0.0005905454333333333,1.981987106135749e-07
58,58,32536,32540,4,0.00058976795,0.00058970665,8.18666136162934e-07
58,59,32540,32543,3,0.0005881683,0.0005881019,2.7986083446358974e-07
58,60,32543,32546,3,0.0005899071,0.0005897173333333334,5.330684529734763e-07
58,61,32546,32549,3,0.0005888242,0.0005885654999999999,1.300261381415287e-06
58,62,32549,32552,3,0.0005806064,0.0005795841666666668,4.258383950384116e-06
58,63,32552,32555,3,0.0005491487,0.0005446387,1.79557590679611e-05
58,64,32555,32558,3,0.0004200162,0.00041096423333333333,6.152727825240518e-05
58,65,32558,32561,3,0.000184475,0.00018943720000000002,5.078285418255523e-05
58,66,32561,32565,4,3.1290035e-05,3.127131e-05,4.315394130319836e-08
58,67,32565,32568,3,3.16015e-05,3.157922666666667e-05,3.726976373535137e-08
58,68,32568,32571,3,3.173803e-05,3.1728200000000006e-05,1.1339191593760119e-07
58,69,32571,32574,3,3.185005e-05,3.186534e-05,5.0379945083996423e-08
58,70,32574,32577,3,3.205642e-05,3.204363333333333e-05,1.9485442999555726e-08
58,71,32577,32580,3,3.220773e-05,3.214863666666667e-05,9.593855475714047e-08
58,72,32580,32583,3,3.218246e-05,3.221284333333333e-05,7.277240426303252e-08
58,73,32583,32586,3,3.231237e-05,3.230890333333333e-05,3.8795787858420425e-08
58,74,32586,32589,3,3.244249e-05,3.2446050000000004e-05,2.065619035543711e-08
58,75,32589,32593,4,3.2570565e-05,3.2533365e-05,1.0298474365167073e-07
58,76,32593,32596,3,3.282533e-05,3.280187333333333e-05,1.5228848814740503e-07
58,77,32596,32599,3,3.362184e-05,3.381042333333334e-05,6.345079013079517e-07
58,78,32599,32602,3,4.177686e-05,4.379046666666667e-05,6.769089016055921e-06
58,79,32602,32605,3,0.0006323368,0.0004471171333333333,0.00026194716500653757
58,80,32605,32608,3,0.0006322485,0.0006322826,1.2454511899974043e-07
58,81,32608,32611,3,0.0006321681,0.0006321701333333333,5.380417166800686e-09
58,82,32611,32614,3,0.0006321964,0.0006321983333333333,1.3481051722899874e-07
58,83,32614,32618,4,0.0006323877499999999,0.000632345025,9.470513119680975e-08
58,84,32618,32621,3,0.0006325571,0.0006328039333333334,3.7070682336437746e-07
58,85,32621,32624,3,0.0006323695,0.0006324998666666667,2.466936877091886e-07
58,86,32624,32627,3,0.0006325723,0.0006324179,2.6788017221634315e-07
58,87,32627,32630,3,0.0006320688,0.0006321141,1.2868848692353313e-07
58,88,32630,32633,3,0.0006322191,0.0006321919666666666,6.988301335484764e-08
58,89,32633,32636,3,0.0006322431,0.0006321710333333333,1.7473273559606333e-07
58,90,32636,32639,3,0.000632085,0.0006320818333333334,1.6800909366923983e-07
58,91,32639,32643,4,0.00063209415,0.000632110325,2.219190435158569e-07
58,92,32643,32646,3,0.000632274,0.0006320768,2.987561324335655e-07
58,93,32646,32649,3,0.0006322565,0.0006321986333333333,2.8060816492436254e-07
58,94,32649,32652,3,0.0006320674,0.0006321143333333333,1.1121167005109995e-07
58,95,32652,32655,3,0.0006322328,0.0006322385666666666,1.9938933995799694e-07
58,96,32655,32658,3,0.0006322286,0.0006322341999999999,4.727797231974382e-08
58,97,32658,32661,3,0.0006324299,0.0006324054,7.704972420458085e-08
58,98,32661,32664,3,0.0006322554,0.0006322326333333333,1.9747378447668295e-07
58,99,32664,32667,3,0.000632362,0.0006321439333333334,3.275981311844677e-07
59,0,33158,33161,3,3.232698e-05,3.231971e-05,3.304179474544428e-08
59,1,33155,33158,3,3.226479e-05,3.225942333333334e-05,6.446804496975523e-08
59,2,33152,33155,3,3.222029e-05,3.2211360000000005e-05,5.198343774703568e-08
59,3,33149,33152,3,3.224831e-05,3.219979666666667e-05,8.089019731847898e-08
59,4,33146,33149,3,3.219851e-05,3.2191569999999996e-05,3.411690880878039e-08
59,5,33143,33146,3,3.211723e-05,3.2110589999999996e-05,4.6029219705168086e-08
59,6,33140,33143,3,3.204591e-05,3.205652e-05,7.492677358594644e-08
59,7,33136,33140,4,3.1944180000000004e-05,3.195794e-05,1.208847161555179e-07
59,8,33133,33136,3,3.185144e-05,3.1817746666666664e-05,9.015375988954717e-08
59,9,33130,33133,3,3.176905e-05,3.177962e-05,1.99279418572689e-08
59,10,33127,33130,3,3.164749e-05,3.164402e-05,3.9900136173535415e-08
59,11,33124,33127,3,3.153495e-05,3.155255333333333e-05,7.137372828211355e-08
59,12,33121,33124,3,3.149979e-05,3.146834333333333e-05,9.802025652327646e-08
59,13,33118,33121,3,3.137391e-05,3.1374979999999996e-05,2.763652052387847e-08
59,14,33115,33118,3,3.118487e-05,3.1181453333333334e-05,1.867912262988441e-08
59,15,33111,33115,4,3.09378e-05,3.09874725e-05,9.154712922178373e-08
59,16,33108,33111,3,3.068886e-05,3.072523666666667e-05,1.2300976122062868e-07
59,17,33105,33108,3,0.0001399817,0.00012258728333333334,6.911521130467992e-05
59,18,33102,33105,3,0.0003613646,0.00035523756666666666,7.031063176695889e-05
59,19,33099,33102,3,0.0005360801,0.0005298239333333334,2.744568999343164e-05
59,20,33096,33099,3,0.0005849582,0.0005838300333333334,5.717957311449188e-06
59,21,33093,33096,3,0.0005937394,0.0005936090333333333,3.756835577391947e-07
59,22,33090,33093,3,0.0005944783,0.0005942808333333333,2.820222489252901e-07
59,23,33086,33090,4,0.00059433255,0.000594345,2.7075737293745617e-07
59,24,33083,33086,3,0.0005913079,0.0005916487666666666,1.546481894135525e-06
59,25,33080,33083,3,0.0005864279,0.0005860138666666667,2.344265986520177e-06
59,26,33077,33080,3,0.0005812502,0.0005811063000000001,3.0985675184940847e-07
59,27,33074,33077,3,0.0005851674,0.0005849792,1.9798277568179386e-06
59,28,33071,33074,3,6.39873e-05,0.00023402943666666666,0.00025091769018430865
59,29,33068,33071,3,3.640123e-05,3.681996666666666e-05,1.9863037587830216e-06
59,30,33064,33068,4,3.2970315000000006e-05,3.30164825e-05,4.928639721249155e-07
59,31,33061,33064,3,3.236273e-05,3.231631333333333e-05,9.159041373904358e-08
59,32,33058,33061,3,3.223405e-05,3.2219166666666665e-05,3.855356302888755e-08
59,33,33055,33058,3,3.214124e-05,3.211938333333333e-05,4.2338013127159087e-08
59,34,33052,33055,3,3.206327e-05,3.208085666666667e-05,7.577761601481679e-08
59,35,33049,33052,3,3.207178e-05,3.2040929999999995e-05,6.51027777185178e-08
59,36,33046,33049,3,3.1986e-05,3.196857666666667e-05,3.498657298005742e-08
59,37,33043,33046,3,3.182858e-05,3.1843156666666666e-05,2.5544079983867893e-08
59,38,33039,33043,4,3.171365e-05,3.1748737499999996e-05,7.61433642463345e-08
59,39,33036,33039,3,3.154967e-05,3.1602536666666666e-05,8.879934621881435e-08
59,40,33033,33036,3,3.15428e-05,3.148053e-05,9.805620055186142e-08
59,41,33030,33033,3,3.131414e-05,3.131495666666667e-05,1.5977030039680904e-08
59,42,33027,33030,3,3.103244e-05,3.104487e-05,1.9220698912021765e-08
59,43,33024,33027,3,3.098237e-05,6.372981333333334e-05,4.6493015296849586e-05
59,44,33021,33024,3,0.0002816634,0.00027633773333333333,7.176220949113042e-05
59,45,33018,33021,3,0.0004975447,0.00048749186666666665,3.9421808165729244e-05
59,46,33014,33018,4,0.0005774422999999999,0.00057503255,1.3041696573394893e-05
59,47,33011,33014,3,0.0005933612,0.0005930040666666667,7.013034784520302e-07
59,48,33008,33011,3,0.0005938516,0.0005937949666666667,1.3231352496583538e-07
59,49,33005,33008,3,0.0005935962,0.0005935037000000001,1.5807434959535782e-07
59,50,33002,33005,3,0.0005924698,0.0005927153666666667,4.207268815857802e-07
59,51,32999,33002,3,0.0005916477,0.0005913825666666667,4.861085292629862e-07
59,52,32996,32999,3,0.0005913278,0.0005913635999999999,2.93074495649166e-07
59,53,32992,32996,4,0.00059318855,0.0005930843499999999,2.772123779703613e-07
59,54,32989,32992,3,0.0005928134,0.0005929621333333334,4.04837945630365e-07
59,55,32986,32989,3,0.0005930434,0.0005931406999999999,1.7064003047350137e-07
59,56,32983,32986,3,0.0005930883,0.0005929769,2.5016276035143134e-07
59,57,32980,32983,3,0.0005891825,0.0005890524333333334,1.4596934937018835e-06
59,58,32977,32980,3,0.0005840851,0.0005842291666666666,1.6349451883439265e-06
59,59,32974,32977,3,0.0005813451,0.0005817933666666667,6.474974920586765e-07
59,60,32971,32974,3,0.0005867615,0.0005866431,1.2320019155829125e-06
59,61,32967,32971,4,0.000589022,0.000589002,2.3142795855297572e-07
59,62,32964,32967,3,0.000590102,0.0005900454666666667,3.5571470153606805e-07
59,63,32961,32964,3,0.0005905537,0.0005905882333333333,5.598394611156458e-08
59,64,32958,32961,3,0.0005902094,0.00041583658666666663,0.00024677967079446195
59,65,32955,32958,3,4.124333e-05,4.262780333333334e-05,5.5693275385832905e-06
59,66,32952,32955,3,3.394487e-05,3.395997666666667e-05,6.826338994577466e-07
59,67,32949,32952,3,3.266848e-05,3.267267e-05,9.639622088028269e-08
59,68,32946,32949,3,3.232566e-05,3.2339176666666664e-05,2.3091560266805784e-08
59,69,32942,32946,4,3.2215610000000004e-05,3.224323e-05,7.118374709159378e-08
59,70,32939,32942,3,3.211589e-05,3.2152730000000003e-05,8.220393056296186e-08
59,71,32936,32939,3,3.213049e-05,3.20981e-05,6.636382197151322e-08
59,72,32933,32936,3,3.200782e-05,3.1993013333333336e-05,3.173414704838883e-08
59,73,32930,32933,3,3.185082e-05,3.183690666666667e-05,2.2014541154023377e-08
59,74,32927,32930,3,3.170591e-05,3.172495333333333e-05,9.999674139135371e-08
59,75,32924,32927,3,3.164026e-05,3.159397333333334e-05,6.846490163255549e-08
59,76,32920,32924,4,3.1376704999999994e-05,3.1337250000000006e-05,8.420755577737741e-08
59,77,32917,32920,3,3.107982e-05,3.106597e-05,2.0462761299493856e-08
59,78,32914,32917,3,0.0002184756,0.00022178346666666668,6.499783188206272e-05
59,79,32911,32914,3,0.0004444769,0.0004382034,4.320971189636268e-05
59,80,32908,32911,3,0.0005528589,0.0005483776333333333,1.7424242815941512e-05
59,81,32905,32908,3,0.0005848591,0.0005833696666666667,3.356813177537409e-06
59,82,32902,32905,3,0.0005830086,0.0005831733666666667,2.178794875358592e-06
59,83,32899,32902,3,0.000571087,0.0005709943333333333,4.109786383202343e-06
59,84,32895,32899,4,0.0005674663,0.00056923825,6.4037933576513945e-06
59,85,32892,32895,3,0.0006013759,0.0005996519,8.499667338196202e-06
59,86,32889,32892,3,0.0006218477,0.0006211960666666667,4.595660962497344e-06
59,87,32886,32889,3,0.0006308598,0.0006307826666666666,1.009684176144002e-06
59,88,32883,32886,3,0.000632201,0.0006322107666666666,1.1113584280312577e-07
59,89,32880,32883,3,0.0006322251,0.0006320805666666666,2.6217793364219174e-07
59,90,32877,32880,3,0.0006320896,0.0006320455,6.321724448282927e-08
59,91,32874,32877,3,0.0006320726,0.0006320054666666667,1.772847113794277e-07
59,92,32870,32874,4,0.00063228935,0.00063230945,1.4805520085428008e-07
59,93,32867,32870,3,0.0006318597,0.0006318238666666666,1.2798787268937532e-07
59,94,32864,32867,3,0.0006322261,0.0006321701333333335,1.2517961317863677e-07
59,95,32861,32864,3,0.0006318302,0.0006319341333333333,1.6329842484099878e-07
59,96,32858,32861,3,0.0006319931,0.0006318810666666666,1.71904088245629e-07
59,97,32855,32858,3,0.0006321484,0.0006319973333333333,2.4137641880588825e-07
59,98,32852,32855,3,0.0006320039,0.0006320611333333334,3.438893265120196e-07
59,99,32848,32852,4,0.00063201855,0.000632075375,1.4610212823572062e-07
60,0,33342,33346,4,3.2622185000000007e-05,3.2613040000000004e-05,6.42787254851858e-08
60,1,33346,33349,3,3.258622e-05,3.259445333333333e-05,6.128577449584426e-08
60,2,33349,33352,3,3.259912e-05,3.2593166666666665e-05,7.329541155867333e-08
60,3,33352,33355,3,3.256136e-05,3.256277666666667e-05,3.3421973144759606e-08
60,4,33355,33358,3,3.254529e-05,3.2520203333333325e-05,7.14435125738437e-08
60,5,33358,33361,3,3.252274e-05,3.249984333333334e-05,4.5642255519298395e-08
60,6,33361,33364,3,3.251178e-05,3.251574e-05,6.555102490935089e-08
60,7,33364,33367,3,3.257176e-05,3.258226666666667e-05,2.3480359641385025e-08
60,8,33367,33371,4,3.2544154999999996e-05,3.25486075e-05,6.384296217086227e-08
60,9,33371,33374,3,3.252347e-05,3.2538916666666664e-05,5.7010586931044534e-08
60,10,33374,33377,3,3.256773e-05,3.256069e-05,6.362050822389446e-08
60,11,33377,33380,3,3.261134e-05,3.261993e-05,2.8844494564243204e-08
60,12,33380,33383,3,3.260629e-05,3.2598126666666666e-05,7.26244322219143e-08
60,13,33383,33386,3,3.262354e-05,3.259391333333333e-05,4.633709049514902e-08
60,14,33386,33389,3,3.265973e-05,3.265073333333333e-05,5.09358814807615e-08
60,15,33389,33392,3,3.282738e-05,3.277018666666667e-05,8.518302034769401e-08
60,16,33392,33396,4,3.30911e-05,3.3171777499999995e-05,3.505424873945386e-07
60,17,33396,33399,3,3.729407e-05,3.794704666666666e-05,2.9994661344349637e-06
60,18,33399,33402,3,7.253904e-05,0.00023833300666666665,0.0002492058045723453
60,19,33402,33405,3,0.0005921421,0.0005923659666666666,5.661234867254699e-07
60,20,33405,33408,3,0.0005935313,0.0005937910333333333,4.1296089672296907e-07
60,21,33408,33411,3,0.000592818,0.0005925029333333333,4.4840295370222185e-07
60,22,33411,33414,3,0.0005916414,0.0005919385666666666,4.281299984298558e-07
60,23,33414,33417,3,0.0005939619,0.0005939332666666667,5.789644337569811e-07
60,24,33417,33420,3,0.0005940292,0.0005939944666666666,4.7444907934245495e-07
60,25,33420,33424,4,0.0005921353,0.00059196815,9.122612852138568e-07
60,26,33424,33427,3,0.0005842057,0.0005816457999999999,6.431197266968787e-06
60,27,33427,33430,3,0.0005318988,0.0005236197666666667,3.151948462378296e-05
60,28,33430,33433,3,0.0003478206,0.00034735083333333334,7.033637182597794e-05
60,29,33433,33436,3,0.000134381,0.00012355875333333336,7.156381364210328e-05
60,30,33436,33439,3,3.115064e-05,3.115613666666667e-05,1.3281514480242444e-07
60,31,33439,33442,3,3.133664e-05,3.137220333333333e-05,5.5630708745759686e-08
60,32,33442,33445,3,3.16094e-05,3.1598539999999995e-05,1.6279047883707176e-08
60,33,33445,33449,4,3.1813835e-05,3.177872e-05,7.063734033781244e-08
60,34,33449,33452,3,3.200691e-05,3.1948636666666666e-05,8.546952725321935e-08
60,35,33452,33455,3,3.197502e-05,3.202415333333333e-05,8.478381029942408e-08
60,36,33455,33458,3,3.211724e-05,3.2118643333333335e-05,3.338904644074478e-08
60,37,33458,33461,3,3.226366e-05,3.226232e-05,2.166605332465025e-08
60,38,33461,33464,3,3.236276e-05,3.231102333333333e-05,9.093724295114521e-08
60,39,33464,33467,3,3.233922e-05,3.233683333333333e-05,5.248704369228395e-08
60,40,33467,33470,3,3.242383e-05,3.2419413333333335e-05,4.942740422972597e-08
60,41,33470,33474,4,3.2550934999999996e-05,3.2549622499999996e-05,1.9648999179346428e-08
60,42,33474,33477,3,3.285545e-05,3.284485666666667e-05,5.5013492486440244e-08
60,43,33477,33480,3,3.407809e-05,3.424536333333333e-05,9.142559008772591e-07
60,44,33480,33483,3,4.460306e-05,4.799873333333334e-05,9.181033945583448e-06
60,45,33483,33486,3,0.0005940865,0.0005940478000000001,2.02754153266127e-07
60,46,33486,33489,3,0.0005941232,0.0005941037,4.9362536401606895e-08
60,47,33489,33492,3,0.0005934102,0.0005931920666666666,3.238806913389973e-07
60,48,33492,33495,3,0.0005908448,0.0005909000333333334,8.99606804232959e-07
60,49,33495,33498,3,0.0005882239,0.0005882979333333332,1.9027892392194615e-07
60,50,33498,33502,4,0.0005896899,0.000589552225,9.167521240089672e-07
60,51,33502,33505,3,0.0005910165,0.0005912151666666667,5.950622227035424e-07
60,52,33505,33508,3,0.0005923277,0.0005920578666666667,4.1173004370448306e-07
60,53,33508,33511,3,0.0005895995,0.0005893765333333333,1.0741002943032158e-06
60,54,33511,33514,3,0.0005879623,0.0005879856666666667,1.3390808622172218e-07
60,55,33514,33517,3,0.000589193,0.0005889183,4.595998912097482e-07
60,56,33517,33520,3,0.000590218,0.0005900858333333334,1.9152647046527028e-07
60,57,33520,33523,3,0.0005913734,0.0005911865666666667,7.726390029560256e-07
60,58,33523,33527,4,0.0005923571,0.000592274725,4.0570484576227633e-07
60,59,33527,33530,3,0.000591872,0.0005918655000000001,1.542638648549918e-07
60,60,33530,33533,3,0.0005910943,0.0005912315,7.188069606415025e-07
60,61,33533,33536,3,0.0005903826,0.0005902485333333334,2.1365182475753426e-07
60,62,33536,33539,3,0.0005891686,0.0005884165333333334,1.6710434351692413e-06
60,63,33539,33542,3,0.000570718,0.0005682011,1.2064799593030945e-05
60,64,33542,33545,3,0.0004813528,0.00047426670000000006,4.39083663058268e-05
60,65,33545,33548,3,0.0002506557,0.0002549194,6.00534019146848e-05
60,66,33548,33552,4,3.126273e-05,5.49813625e-05,4.124551871503459e-05
60,67,33552,33555,3,3.131132e-05,3.138317e-05,1.0545982204928416e-07
60,68,33555,33558,3,3.158785e-05,3.158175e-05,1.0503980197999046e-08
60,69,33558,33561,3,3.180108e-05,3.1790129999999994e-05,1.7407774125374277e-08
60,70,33561,33564,3,3.19769e-05,3.194287e-05,6.191955157029685e-08
60,71,33564,33567,3,3.204975e-05,3.204063666666667e-05,9.345817507788573e-08
60,72,33567,33570,3,3.21154e-05,3.2111763333333335e-05,4.203440839227876e-08
60,73,33570,33573,3,3.225751e-05,3.224765e-05,3.1641267357675743e-08
60,74,33573,33576,3,3.23656e-05,3.233104e-05,6.790952412340092e-08
60,75,33576,33580,4,3.2417525e-05,3.240831e-05,9.144235971364552e-08
60,76,33580,33583,3,3.253521e-05,3.2591306666666663e-05,1.1669766988057549e-07
60,77,33583,33586,3,3.290342e-05,3.299678333333333e-05,1.9998110249609825e-07
60,78,33586,33589,3,3.604383e-05,3.6640013333333334e-05,2.2802839466220474e-06
60,79,33589,33592,3,7.188239e-05,0.0002510140233333333,0.0002700037480318232
60,80,33592,33595,3,0.0006324764,0.0006324163666666667,1.4878535620897347e-07
60,81,33595,33598,3,0.0006323318,0.0006323346000000001,9.824449093968418e-08
60,82,33598,33601,3,0.0006324135,0.0006324635000000001,8.740484349659982e-08
60,83,33601,33605,4,0.0006323928,0.0006323546,8.745424518000963e-08
60,84,33605,33608,3,0.0006319848,0.0006320211333333334,5.8156646701442974e-08
60,85,33608,33611,3,0.0006321541,0.0006322092,2.714785565503534e-07
60,86,33611,33614,3,0.0006320036,0.0006320649000000001,1.1325690560256663e-07
60,87,33614,33617,3,0.0006320176,0.0006319981333333333,6.699404616996511e-08
60,88,33617,33620,3,0.0006319433,0.0006319513,2.303215144097441e-07
60,89,33620,33623,3,0.0006325787,0.0006322986666666666,4.190739977087153e-07
60,90,33623,33626,3,0.0006321066,0.0006320315000000001,1.3240621838365327e-07
60,91,33626,33630,4,0.0006316028,0.0006315516500000001,2.841298074824301e-07
60,92,33630,33633,3,0.0006320575,0.0006319218333333334,2.061655214196414e-07
60,93,33633,33636,3,0.0006321144,0.0006321494666666666,8.86186336061401e-08
60,94,33636,33639,3,0.0006320112,0.0006320114666666667,2.7516580859950573e-08
60,95,33639,33642,3,0.0006317612,0.0006318332333333334,1.2982209193954511e-07
60,96,33642,33645,3,0.0006319568,0.0006319363666666667,2.1445021696315506e-07
60,97,33645,33648,3,0.0006317589,0.0006317520333333333,1.217548447586979e-07
60,98,33648,33651,3,0.0006316663,0.0006317192333333333,1.3833067467324156e-07
60,99,33651,33654,3,0.0006317266,0.0006316286333333333,1.4949506866632414e-07
61,0,34145,34148,3,3.25986e-05,3.257218666666667e-05,7.700072827938463e-08
61,1,34142,34145,3,3.259102e-05,3.257514333333334e-05,2.646718009577569e-08
61,2,34139,34142,3,3.24744e-05,3.249269e-05,5.711550460835115e-08
61,3,34136,34139,3,3.246052e-05,3.2463593333333336e-05,6.54048297571025e-08
61,4,34133,34136,3,3.250748e-05,3.246070333333334e-05,7.669314368891879e-08
61,5,34130,34133,3,3.245832e-05,3.2431513333333335e-05,4.072090072131807e-08
61,6,34127,34130,3,3.232593e-05,3.231803666666667e-05,1.6786912230134086e-08
61,7,34123,34127,4,3.2245424999999996e-05,3.2258595e-05,1.0663291529823218e-07
61,8,34120,34123,3,3.217435e-05,3.213062e-05,8.598544411701255e-08
61,9,34117,34120,3,3.207236e-05,3.207335333333333e-05,2.2456478402059686e-08
61,10,34114,34117,3,3.195296e-05,3.195122e-05,3.939068502408381e-08
61,11,34111,34114,3,3.182205e-05,3.186238333333333e-05,8.36258402382638e-08
61,12,34108,34111,3,3.183514e-05,3.1778036666666664e-05,1.0204962594520186e-07
61,13,34105,34108,3,3.166776e-05,3.166973e-05,1.0847159382376233e-08
61,14,34102,34105,3,3.147479e-05,3.1471269999999996e-05,1.352358926715348e-08
61,15,34098,34102,4,3.1222215e-05,3.12761325e-05,9.706252221506393e-08
61,16,34095,34098,3,3.095664e-05,3.100926e-05,1.2135460216517016e-07
61,17,34092,34095,3,0.0001060649,9.978043999999999e-05,5.387117612729341e-05
61,18,34089,34092,3,0.0003020518,0.0003098792,7.029438302941899e-05
61,19,34086,34089,3,0.0005050569,0.0005025896666666668,3.454559244480001e-05
61,20,34083,34086,3,0.000579568,0.0005768082,9.806939878473802e-06
61,21,34080,34083,3,0.0005933011,0.0005925692333333334,1.0474854886292741e-06
61,22,34077,34080,3,0.0005934288,0.0005934010333333333,2.53263766764142e-07
61,23,34073,34077,4,0.0005928785,0.0005929964,3.7392516631004143e-07
61,24,34070,34073,3,0.0005938798,0.0005937155333333333,3.2663829468627115e-07
61,25,34067,34070,3,0.0005936754,0.0005938286,3.735161933125026e-07
61,26,34064,34067,3,0.0005934106,0.0005933943333333334,3.2272119373986174e-07
61,27,34061,34064,3,0.0005915454,0.0005914315666666666,4.7146765412791906e-07
61,28,34058,34061,3,0.0005889105,0.0004152453766666667,0.00024641744009013867
61,29,34055,34058,3,3.976869e-05,4.219084e-05,5.611018168799671e-06
61,30,34051,34055,4,3.345249e-05,3.358184e-05,7.484400655697142e-07
61,31,34048,34051,3,3.23813e-05,3.237915e-05,1.576115848110987e-07
61,32,34045,34048,3,3.223927e-05,3.222895e-05,4.005807783706047e-08
61,33,34042,34045,3,3.213228e-05,3.2125230000000004e-05,4.9417426750760316e-08
61,34,34039,34042,3,3.205731e-05,3.205465e-05,5.599427530263003e-08
61,35,34036,34039,3,3.203265e-05,3.20099e-05,8.671879880779352e-08
61,36,34033,34036,3,3.19611e-05,3.1967419999999996e-05,2.813440598271199e-08
61,37,34030,34033,3,3.184486e-05,3.184243333333333e-05,4.235379111983084e-08
61,38,34026,34030,4,3.1747465000000005e-05,3.17479625e-05,5.039905573272392e-08
61,39,34023,34026,3,3.157143e-05,3.159026333333334e-05,5.7549200592960365e-08
61,40,34020,34023,3,3.148096e-05,3.147151333333334e-05,1.0539298532423984e-07
61,41,34017,34020,3,3.137948e-05,3.1330760000000006e-05,6.999936047326875e-08
61,42,34014,34017,3,3.111334e-05,3.1119283333333335e-05,8.825623050087395e-09
61,43,34011,34014,3,3.079246e-05,3.084411999999999e-05,7.499695593822367e-08
61,44,34008,34011,3,0.0001830777,0.00019631006666666665,6.267982748286902e-05
61,45,34005,34008,3,0.0004337633,0.00042788903333333336,5.885685970025547e-05
61,46,34001,34005,4,0.00056436775,0.0005596814,2.070423896850594e-05
61,47,33998,34001,3,0.0005914716,0.0005912695333333333,1.6752682756966527e-06
61,48,33995,33998,3,0.0005930276,0.0005931800666666667,2.44450749413654e-07
61,49,33992,33995,3,0.0005937105,0.0005936657333333334,1.3112910516820483e-07
61,50,33989,33992,3,0.0005937561,0.0005938337666666667,1.192928422925279e-07
61,51,33986,33989,3,0.0005931737,0.0005931981,6.087566563636042e-08
61,52,33983,33986,3,0.000594186,0.0005940702,1.7932910156097748e-07
61,53,33979,33983,4,0.00059412795,0.0005941050750000001,1.7860647209717458e-07
61,54,33976,33979,3,0.0005942071,0.0005942135999999999,6.210158344734424e-08
61,55,33973,33976,3,0.0005948067,0.0005946752333333333,3.207684661697617e-07
61,56,33970,33973,3,0.0005947406,0.0005947693,9.092440083208686e-08
61,57,33967,33970,3,0.0005938729,0.0005941617666666666,5.387734980696488e-07
61,58,33964,33967,3,0.0005926149,0.0005926514333333333,1.6137951818269718e-07
61,59,33961,33964,3,0.0005935903,0.0005934291333333333,2.318240472619112e-07
61,60,33958,33961,3,0.0005924132,0.0005924127333333332,2.0959493208460717e-07
61,61,33954,33958,4,0.00059248775,0.000592478025,1.63773904743724e-07
61,62,33951,33954,3,0.0005927223,0.0005926478666666667,3.9037956173731886e-07
61,63,33948,33951,3,0.0005904957,0.0005907210333333334,9.289772667951636e-07
61,64,33945,33948,3,0.0005879816,0.0004196862933333333,0.00023835369857390246
61,65,33942,33945,3,4.700233e-05,4.900331e-05,9.001140610048631e-06
61,66,33939,33942,3,3.434622e-05,3.4554913333333336e-05,9.144911868113088e-07
61,67,33936,33939,3,3.265868e-05,3.2712196666666664e-05,2.8456569930724694e-07
61,68,33933,33936,3,3.236434e-05,3.232983666666667e-05,5.214657568388967e-08
61,69,33929,33933,4,3.2184285e-05,3.21827875e-05,3.8727420760359555e-08
61,70,33926,33929,3,3.207382e-05,3.2073690000000004e-05,3.907355200985293e-08
61,71,33923,33926,3,3.197328e-05,3.200192e-05,8.053073450552895e-08
61,72,33920,33923,3,3.197852e-05,3.192868e-05,9.45615147227809e-08
61,73,33917,33920,3,3.184372e-05,3.184644e-05,1.4506570924930634e-08
61,74,33914,33917,3,3.16535e-05,3.1665016666666666e-05,1.960746853171375e-08
61,75,33911,33914,3,3.148005e-05,3.153270333333333e-05,1.028713845321211e-07
61,76,33907,33911,4,3.1354655e-05,3.13388575e-05,1.2289038029378164e-07
61,77,33904,33907,3,3.11531e-05,3.109441666666667e-05,1.1070846770785801e-07
61,78,33901,33904,3,0.0001294232,0.00012196387666666667,7.154431824121621e-05
61,79,33898,33901,3,0.0003692089,0.00036668329999999997,6.047839205539997e-05
61,80,33895,33898,3,0.0005223972,0.0005194953666666667,2.873959899793701e-05
61,81,33892,33895,3,0.0005793796,0.0005768359666666667,7.2596790701946505e-06
61,82,33889,33892,3,0.0005829386,0.0005827573333333333,1.8484252330624876e-06
61,83,33886,33889,3,0.0005726896,0.0005731345666666666,2.980983037336692e-06
61,84,33882,33886,4,0.00057086895,0.00057207635,4.258102980494943e-06
61,85,33879,33882,3,0.0005965093,0.0005963829333333334,7.969793327447219e-06
61,86,33876,33879,3,0.0006190713,0.0006187479,5.0801656160667274e-06
61,87,33873,33876,3,0.0006303773,0.0006301962333333333,1.513575736092812e-06
61,88,33870,33873,3,0.0006312113,0.0006311684666666667,1.469004727319893e-07
61,89,33867,33870,3,0.0006313841,0.0006313612000000001,4.84679275397977e-08
61,90,33864,33867,3,0.0006311581,0.0006311980666666666,9.630009807311242e-08
61,91,33861,33864,3,0.0006315907,0.0006314847,2.0432464364341298e-07
61,92,33857,33861,4,0.00063146455,0.000631443,6.011543063141835e-08
61,93,33854,33857,3,0.0006313226,0.0006315149,2.7941077287747196e-07
61,94,33851,33854,3,0.0006315398,0.0006315734333333334,1.7039683747716757e-07
61,95,33848,33851,3,0.0006314906,0.0006314923333333334,2.163750653122683e-07
61,96,33845,33848,3,0.0006313658,0.0006312834666666666,1.3945399081972184e-07
61,97,33842,33845,3,0.0006314894,0.0006315688666666667,2.682907668101173e-07
61,98,33839,33842,3,0.0006317776,0.0006315652333333333,3.1961383296442676e-07
61,99,33835,33839,4,0.0006317664999999999,0.0006317739499999999,1.0019514708806362e-07
62,0,34330,34334,4,3.3105655e-05,3.30846475e-05,6.405250907458775e-08
62,1,34334,34337,3,3.310892e-05,3.30956e-05,7.362423378208954e-08
62,2,34337,34340,3,3.301711e-05,3.304104333333333e-05,6.914552496165143e-08
62,3,34340,34343,3,3.305089e-05,3.303521e-05,5.2237580342124495e-08
62,4,34343,34346,3,3.305065e-05,3.3013900000000006e-05,7.126732537893307e-08
62,5,34346,34349,3,3.296565e-05,3.299476333333333e-05,6.397835953577745e-08
62,6,34349,34352,3,3.299597e-05,3.29962e-05,6.316030240586295e-08
62,7,34352,34355,3,3.308167e-05,3.30617e-05,3.05470271330393e-08
62,8,34355,34359,4,3.30607e-05,3.3041090000000004e-05,6.744157730955099e-08
62,9,34359,34362,3,3.301517e-05,3.303034666666667e-05,6.643310135433621e-08
62,10,34362,34365,3,3.297605e-05,3.300115333333333e-05,4.275298222216501e-08
62,11,34365,34368,3,3.309618e-05,3.307801666666667e-05,4.179000704580974e-08
62,12,34368,34371,3,3.307803e-05,3.305750666666667e-05,7.360274466500881e-08
62,13,34371,34374,3,3.306577e-05,3.304362e-05,4.3966397017116215e-08
62,14,34374,34377,3,3.311199e-05,3.310726666666666e-05,4.0013244751649355e-08
62,15,34377,34380,3,3.332912e-05,3.3279013333333336e-05,7.664596590094695e-08
62,16,34380,34384,4,3.4021105e-05,3.4278882500000004e-05,8.995940615459552e-07
62,17,34384,34387,3,4.376014e-05,4.656724e-05,7.68024508464845e-06
62,18,34387,34390,3,0.0005919519,0.00042155853000000004,0.0002413502375246531
62,19,34390,34393,3,0.0005919815,0.0005920073666666666,1.9079583037606598e-07
62,20,34393,34396,3,0.0005918844,0.0005918965333333334,4.022977117619202e-07
62,21,34396,34399,3,0.0005913161,0.0005912664333333333,7.836548276436959e-08
62,22,34399,34402,3,0.0005929491,0.0005927767333333333,3.1056692604903143e-07
62,23,34402,34405,3,0.0005936116,0.0005935421333333333,2.3559294462176717e-07
62,24,34405,34408,3,0.0005932483,0.0005930705000000001,3.0214994070276167e-07
62,25,34408,34412,4,0.0005917157500000001,0.0005911974,1.3837604687950854e-06
62,26,34412,34415,3,0.0005744588,0.0005735749666666666,8.977074438937313e-06
62,27,34415,34418,3,0.0004903434,0.0004893499333333333,3.622627356098823e-05
62,28,34418,34421,3,0.0002800753,0.0002816157,5.834003154358648e-05
62,29,34421,34424,3,0.0001039448,9.172807e-05,4.518344658910458e-05
62,30,34424,34427,3,3.144706e-05,3.145226e-05,1.2876503044952555e-07
62,31,34427,34430,3,3.162748e-05,3.164589333333334e-05,4.1414253853260096e-08
62,32,34430,34433,3,3.188462e-05,3.187405e-05,1.5281782182277775e-08
62,33,34433,34437,4,3.2077825e-05,3.2043205e-05,7.827221042617999e-08
62,34,34437,34440,3,3.226535e-05,3.220691333333334e-05,8.59151443124101e-08
62,35,34440,34443,3,3.224946e-05,3.229063333333333e-05,8.492615079520028e-08
62,36,34443,34446,3,3.239078e-05,3.237876333333334e-05,2.3721520936811086e-08
62,37,34446,34449,3,3.250619e-05,3.249227e-05,3.788808871751833e-08
62,38,34449,34452,3,3.260904e-05,3.257686333333333e-05,5.934987578382654e-08
62,39,34452,34455,3,3.256033e-05,3.2605183333333334e-05,7.67367905389731e-08
62,40,34455,34458,3,3.263892e-05,3.264977666666667e-05,3.67568681412819e-08
62,41,34458,34462,4,3.2832605e-05,3.28253375e-05,2.1325920114969065e-08
62,42,34462,34465,3,3.316737e-05,3.320767e-05,1.4449986735864812e-07
62,43,34465,34468,3,3.499084e-05,3.5505606666666664e-05,1.6132022144239148e-06
62,44,34468,34471,3,5.391175e-05,5.769352e-05,1.4632173275306716e-05
62,45,34471,34474,3,0.0005952461,0.0005952350000000001,1.1804086862888071e-07
62,46,34474,34477,3,0.0005941907,0.0005937338666666666,8.743176475909104e-07
62,47,34477,34480,3,0.0005909144,0.0005909515,4.769436514585988e-07
62,48,34480,34483,3,0.0005912732,0.0005914811000000001,6.33463195458118e-07
62,49,34483,34486,3,0.0005929691,0.0005930893,2.587360559849862e-07
62,50,34486,34490,4,0.00059360465,0.000593611375,2.623585749979981e-07
62,51,34490,34493,3,0.0005935588,0.0005932392333333334,5.196014134785258e-07
62,52,34493,34496,3,0.0005922533,0.0005922772333333334,2.1483465476707533e-07
62,53,34496,34499,3,0.0005919184,0.0005919525666666666,1.7732276284286665e-07
62,54,34499,34502,3,0.0005909075,0.0005907682666666667,2.8177374296094626e-07
62,55,34502,34505,3,0.0005898376,0.0005901026333333333,4.294551302393361e-07
62,56,34505,34508,3,0.0005898993,0.0005899010999999999,1.0092700332416291e-07
62,57,34508,34511,3,0.0005898815,0.0005897210666666666,4.859737327149123e-07
62,58,34511,34515,4,0.00058700945,0.000587102725,1.144488338461792e-06
62,59,34515,34518,3,0.0005853756,0.0005855262666666668,3.2411453051181577e-07
62,60,34518,34521,3,0.0005862603,0.0005863807,7.814661775577477e-07
62,61,34521,34524,3,0.0005879258,0.0005878938000000001,1.674479819724809e-07
62,62,34524,34527,3,0.0005826092,0.0005818235,3.6213709126057185e-06
62,63,34527,34530,3,0.0005525695,0.0005490438000000001,1.638480242928387e-05
62,64,34530,34533,3,0.0004379134,0.00043012616666666665,5.461877478061508e-05
62,65,34533,34536,3,0.0002120665,0.00021501179999999995,5.421354517479925e-05
62,66,34536,34540,4,3.1569555e-05,4.9204685e-05,3.0584379640089565e-05
62,67,34540,34543,3,3.18169e-05,3.181828333333333e-05,9.046746499277871e-09
62,68,34543,34546,3,3.206632e-05,3.200487666666667e-05,9.934151409265874e-08
62,69,34546,34549,3,3.209387e-05,3.214268666666667e-05,9.753555192281883e-08
62,70,34549,34552,3,3.227561e-05,3.227166333333333e-05,3.9323646264754416e-08
62,71,34552,34555,3,3.24308e-05,3.243475e-05,9.550082024080087e-09
62,72,34555,34558,3,3.253929e-05,3.252602333333334e-05,3.5852175511241865e-08
62,73,34558,34561,3,3.264659e-05,3.2629706666666666e-05,5.353449002486537e-08
62,74,34561,34564,3,3.263662e-05,3.266754333333333e-05,8.573815033124048e-08
62,75,34564,34568,4,3.2744345e-05,3.2779075e-05,8.258530392872711e-08
62,76,34568,34571,3,3.295474e-05,3.296352666666667e-05,1.715949170446492e-08
62,77,34571,34574,3,3.346348e-05,3.350858666666667e-05,2.3046931977067e-07
62,78,34574,34577,3,3.711295e-05,3.783398333333333e-05,2.756453045834246e-06
62,79,34577,34580,3,7.398392e-05,0.0002537605333333333,0.0002677383486727141
62,80,34580,34583,3,0.0006324236,0.0006324171,8.589602241469225e-08
62,81,34583,34586,3,0.0006322989,0.0006321915333333333,2.195847950615655e-07
62,82,34586,34589,3,0.0006321917,0.0006321489666666667,2.72593523196843e-07
62,83,34589,34593,4,0.00063225105,0.000632231775,2.573021120686949e-07
62,84,34593,34596,3,0.0006321655,0.0006319853666666667,3.113095172903425e-07
62,85,34596,34599,3,0.0006318291,0.0006320085,2.6919993808816267e-07
62,86,34599,34602,3,0.0006318485,0.0006320607333333334,5.069454561937931e-07
62,87,34602,34605,3,0.0006322613,0.0006322518333333333,1.2950617316905522e-07
62,88,34605,34608,3,0.0006320962,0.0006321201,1.6283146706537436e-07
62,89,34608,34611,3,0.0006319552,0.0006319533333333334,1.2264488937129757e-07
62,90,34611,34614,3,0.0006322573,0.0006320922666666666,3.9326073058752393e-07
62,91,34614,34618,4,0.0006319922,0.000631993375,1.3862848507791568e-07
62,92,34618,34621,3,0.0006317634,0.0006318164333333334,2.67715051666682e-07
62,93,34621,34624,3,0.0006317882,0.0006317670333333333,1.2188640430972847e-07
62,94,34624,34627,3,0.0006322222,0.0006320781333333333,2.5986950998956305e-07
62,95,34627,34630,3,0.0006322064,0.0006321544333333333,1.0147782461644289e-07
62,96,34630,34633,3,0.0006322889,0.0006322937666666667,2.1648059702638514e-07
62,97,34633,34636,3,0.0006317924,0.0006318126666666667,5.955777773633699e-08
62,98,34636,34639,3,0.0006325548,0.0006325634333333332,2.6922731824408985e-07
62,99,34639,34642,3,0.0006319557,0.0006319771333333333,1.60464873276213e-07
63,0,35134,35137,3,3.260847e-05,3.256297e-05,8.070567927145308e-08
63,1,35131,35134,3,3.256932e-05,3.2560129999999996e-05,2.7736771020914827e-08
63,2,35128,35131,3,3.246158e-05,3.2465893333333334e-05,4.540179169249845e-08
63,3,35125,35128,3,3.241582e-05,3.2438213333333336e-05,7.708008014757009e-08
63,4,35122,35125,3,3.246725e-05,3.242307666666667e-05,8.029870290913077e-08
63,5,35119,35122,3,3.240319e-05,3.2397250000000006e-05,3.488142581183571e-08
63,6,35116,35119,3,3.227191e-05,3.228982e-05,4.1439769143500856e-08
63,7,35112,35116,4,3.2133425e-05,3.2173985e-05,1.0246206724929884e-07
63,8,35109,35112,3,3.205883e-05,3.2063550000000006e-05,8.581339910915336e-08
63,9,35106,35109,3,3.203856e-05,3.2017713333333335e-05,5.199668280017708e-08
63,10,35103,35106,3,3.192625e-05,3.191661e-05,4.0029599881419775e-08
63,11,35100,35103,3,3.181119e-05,3.179804666666666e-05,3.377978718438081e-08
63,12,35097,35100,3,3.167136e-05,3.170539e-05,8.842811355370271e-08
63,13,35094,35097,3,3.165934e-05,3.161058e-05,7.253568684907178e-08
63,14,35091,35094,3,3.145209e-05,3.144226333333334e-05,1.828917591242277e-08
63,15,35087,35091,4,3.120741e-05,3.12318925e-05,5.034548707431628e-08
63,16,35084,35087,3,3.091129e-05,3.093734e-05,4.31090253504589e-08
63,17,35081,35084,3,0.0001782693,0.00018199806666666668,5.323799640822542e-05
63,18,35078,35081,3,0.0004148372,0.00040241316666666664,5.878236880064934e-05
63,19,35075,35078,3,0.0005419106,0.0005370127333333333,2.1061880667900696e-05
63,20,35072,35075,3,0.0005802254,0.0005792299666666666,4.708934886173538e-06
63,21,35069,35072,3,0.0005859401,0.0005859528,3.6847188042870313e-07
63,22,35066,35069,3,0.0005851758,0.0005855738,6.090348922680967e-07
63,23,35062,35066,4,0.0005850081,0.000584957725,5.563304116035758e-07
63,24,35059,35062,3,0.0005859276,0.0005860867666666667,7.980589131692537e-07
63,25,35056,35059,3,0.0005869939,0.0005869504,1.5419185019535893e-07
63,26,35053,35056,3,0.000587903,0.0005875861333333333,4.5534866738455226e-07
63,27,35050,35053,3,0.0005873343,0.0005871082333333334,4.830655534075353e-07
63,28,35047,35050,3,7.311237e-05,0.00023730882333333333,0.00024671631228712407
63,29,35044,35047,3,3.762421e-05,3.813316e-05,2.663266478831336e-06
63,30,35040,35044,4,3.3192515e-05,3.333825e-05,5.211674597957934e-07
63,31,35037,35040,3,3.24229e-05,3.24907e-05,1.1057845359743713e-07
63,32,35034,35037,3,3.24607e-05,3.2407076666666664e-05,8.201288774061977e-08
63,33,35031,35034,3,3.238215e-05,3.236591333333333e-05,2.5586481239555373e-08
63,34,35028,35031,3,3.224152e-05,3.225315333333333e-05,4.014970098131295e-08
63,35,35025,35028,3,3.215077e-05,3.219548333333334e-05,7.982528644205254e-08
63,36,35022,35025,3,3.220367e-05,3.215938333333333e-05,7.598388308640737e-08
63,37,35019,35022,3,3.210468e-05,3.208666e-05,2.7915547639263962e-08
63,38,35015,35019,4,3.1950495000000005e-05,3.1951250000000003e-05,2.435870173059316e-08
63,39,35012,35015,3,3.180135e-05,3.178842e-05,2.194626619723888e-08
63,40,35009,35012,3,3.167906e-05,3.1676893333333325e-05,1.1004990908169466e-07
63,41,35006,35009,3,3.157849e-05,3.155020666666667e-05,4.753514091934681e-08
63,42,35003,35006,3,3.130289e-05,3.130066333333333e-05,3.2128319110849706e-09
63,43,35000,35003,3,3.098604e-05,3.105360666666667e-05,1.127577016832495e-07
63,44,34997,35000,3,0.000227767,0.00022350583333333334,6.491820291476206e-05
63,45,34994,34997,3,0.0004630327,0.00044984303333333334,4.8041200051090395e-05
63,46,34990,34994,4,0.0005646531000000001,0.000561680075,1.7447831517895718e-05
63,47,34987,34990,3,0.000589177,0.0005887738666666666,7.186050251857573e-07
63,48,34984,34987,3,0.0005899318,0.0005900097,4.1279729488777345e-07
63,49,34981,34984,3,0.0005896773,0.0005895325666666667,2.2179841197707825e-07
63,50,34978,34981,3,0.0005894956,0.0005894421333333333,3.6676445968615075e-07
63,51,34975,34978,3,0.0005905071,0.0005904004999999999,5.532729043308186e-07
63,52,34972,34975,3,0.0005906422,0.0005905128333333334,2.419638035372668e-07
63,53,34968,34972,4,0.0005908291,0.0005908611500000001,3.278774351796924e-07
63,54,34965,34968,3,0.0005911207,0.0005911457333333334,6.558975190952023e-08
63,55,34962,34965,3,0.0005912642,0.0005914598000000001,3.450781167600381e-07
63,56,34959,34962,3,0.000591492,0.0005915880333333334,1.3957608040856097e-07
63,57,34956,34959,3,0.0005908279,0.0005908017333333334,3.9247721236045733e-07
63,58,34953,34956,3,0.0005907183,0.0005906537333333333,1.0753977042111567e-07
63,59,34950,34953,3,0.0005904994,0.0005900822000000001,5.907878863574319e-07
63,60,34947,34950,3,0.0005892749,0.0005892885333333333,3.012090451644552e-08
63,61,34943,34947,4,0.000589553,0.0005894700750000001,3.5328280014034064e-07
63,62,34940,34943,3,0.0005879475,0.0005880194,2.3942724712671844e-07
63,63,34937,34940,3,0.0005881946,0.0005879215666666666,3.8952648462234e-07
63,64,34934,34937,3,0.0005876197,0.00041428275333333335,0.00024575189117360426
63,65,34931,34934,3,4.170852e-05,4.3034696666666665e-05,5.721393029011571e-06
63,66,34928,34931,3,3.387718e-05,3.406072666666667e-05,7.261437114572346e-07
63,67,34925,34928,3,3.276446e-05,3.275191e-05,1.9890475124206168e-07
63,68,34922,34925,3,3.247935e-05,3.2471650000000006e-05,1.7927890747845076e-08
63,69,34918,34922,4,3.233368e-05,3.233285e-05,3.0056042653682544e-08
63,70,34915,34918,3,3.223449e-05,3.2225583333333335e-05,4.625257422265411e-08
63,71,34912,34915,3,3.215342e-05,3.2160676666666666e-05,8.617490134732905e-08
63,72,34909,34912,3,3.211836e-05,3.2083573333333335e-05,6.895030207008387e-08
63,73,34906,34909,3,3.199045e-05,3.197684e-05,2.3319581185490844e-08
63,74,34903,34906,3,3.181374e-05,3.180397666666666e-05,2.8364826027238724e-08
63,75,34900,34903,3,3.166097e-05,3.1676636666666666e-05,1.045043419618981e-07
63,76,34896,34900,4,3.1486235e-05,3.14677425e-05,1.205614497621457e-07
63,77,34893,34896,3,3.127631e-05,3.122161666666666e-05,1.0447837873082826e-07
63,78,34890,34893,3,0.00013727,0.00012503655666666665,7.232933234421395e-05
63,79,34887,34890,3,0.0003688894,0.00035871853333333334,5.7996365994277804e-05
63,80,34884,34887,3,0.0005186305,0.0005118344333333333,2.811799298306258e-05
63,81,34881,34884,3,0.0005768528,0.0005743809000000001,8.196770177332052e-06
63,82,34878,34881,3,0.0005846246,0.0005841227333333333,1.2042455379014518e-06
63,83,34875,34878,3,0.0005740302,0.0005742246333333333,3.307750873663567e-06
63,84,34871,34875,4,0.00057630485,0.00057793685,6.703369731150145e-06
63,85,34868,34871,3,0.0006055806,0.0006044007,6.6121323796992016e-06
63,86,34865,34868,3,0.0006224663,0.0006218974,4.0120292047790335e-06
63,87,34862,34865,3,0.0006308213,0.0006304054666666667,1.0079214861398036e-06
63,88,34859,34862,3,0.0006314042,0.0006313759666666667,9.388064526595866e-08
63,89,34856,34859,3,0.0006314196,0.0006314681000000001,2.999474287270878e-07
63,90,34853,34856,3,0.0006315269,0.0006314353333333333,1.6806614438632126e-07
63,91,34850,34853,3,0.0006312758,0.0006312582000000001,5.451189472643109e-08
63,92,34846,34850,4,0.0006315544,0.0006315174,2.3143132890775375e-07
63,93,34843,34846,3,0.0006315128,0.0006313567333333333,2.20853033083594e-07
63,94,34840,34843,3,0.0006315221,0.0006315187333333334,2.35946792495348e-08
63,95,34837,34840,3,0.0006316851,0.0006315305666666667,2.257940260995139e-07
63,96,34834,34837,3,0.0006316851,0.0006315062666666666,2.974570930776532e-07
63,97,34831,34834,3,0.0006312681,0.0006313241333333334,8.094608630989604e-08
63,98,34828,34831,3,0.0006318421,0.0006316945000000001,2.758267693075957e-07
63,99,34824,34828,4,0.00063145935,0.000631412025,1.4500666148490136e-07
64,0,35318,35322,4,3.293969e-05,3.2929769999999996e-05,5.8847448967647634e-08
64,1,35322,35325,3,3.293884e-05,3.292638666666667e-05,6.68736631434404e-08
64,2,35325,35328,3,3.29413e-05,3.296115e-05,3.060943318651824e-08
64,3,35328,35331,3,3.285252e-05,3.287034666666667e-05,4.6674362222627074e-08
64,4,35331,35334,3,3.282612e-05,3.281672333333333e-05,4.465728931416255e-08
64,5,35334,35337,3,3.285057e-05,3.2836820000000005e-05,6.961502471928516e-08
64,6,35337,35340,3,3.285329e-05,3.287335e-05,3.097865501706929e-08
64,7,35340,35344,4,3.286218e-05,3.2852435e-05,6.046819391217315e-08
64,8,35344,35347,3,3.283515e-05,3.284630666666667e-05,7.012903551470185e-08
64,9,35347,35350,3,3.28128e-05,3.282652e-05,3.497927386324648e-08
64,10,35350,35353,3,3.290417e-05,3.288838333333333e-05,5.341082932223416e-08
64,11,35353,35356,3,3.291726e-05,3.289107e-05,6.035596131838642e-08
64,12,35356,35359,3,3.2832e-05,3.286282333333333e-05,6.923579822285234e-08
64,13,35359,35362,3,3.286082e-05,3.286365e-05,5.714490178484921e-08
64,14,35362,35365,3,3.295325e-05,3.293871666666667e-05,3.369375148137911e-08
64,15,35365,35369,4,3.302637e-05,3.2998482499999995e-05,9.8467901464132e-08
64,16,35369,35372,3,3.315439e-05,3.323215e-05,2.106905680534057e-07
64,17,35372,35375,3,3.483159e-05,3.530690333333334e-05,1.3836784991785082e-06
64,18,35375,35378,3,5.392874e-05,5.748191333333333e-05,1.45442824324001e-05
64,19,35378,35381,3,0.0005520423,0.0005516326,8.687924531593738e-07
64,20,35381,35384,3,0.0005488609,0.0005494264666666667,9.902116081368238e-07
64,21,35384,35387,3,0.000550776,0.0005508435666666667,1.4612078937950423e-06
64,22,35387,35390,3,0.0005533582,0.0005536569,1.3766236159531874e-06
64,23,35390,35394,4,0.0005540561500000001,0.0005543779,9.488643659659693e-07
64,24,35394,35397,3,0.0005551299,0.0005542273666666667,1.3980158256933235e-06
64,25,35397,35400,3,0.0005535914,0.000553915,1.2622334200403313e-06
64,26,35400,35403,3,0.0005515717,0.0005523350333333333,1.2937306090871198e-06
64,27,35403,35406,3,0.0005372348,0.0005299486666666667,1.3795213368492065e-05
64,28,35406,35409,3,0.0004287211,0.00041237803333333336,5.482833994625609e-05
64,29,35409,35412,3,0.0001960319,0.00019973833333333332,5.487734144097076e-05
64,30,35412,35416,4,3.13738e-05,4.9516390000000005e-05,3.156546326393056e-05
64,31,35416,35419,3,3.148786e-05,3.150087e-05,1.170435363443894e-07
64,32,35419,35422,3,3.165866e-05,3.1673733333333335e-05,4.3387280266098815e-08
64,33,35422,35425,3,3.186808e-05,3.185722e-05,2.4690650052196596e-08
64,34,35425,35428,3,3.20499e-05,3.200851666666667e-05,6.783650557692905e-08
64,35,35428,35431,3,3.207785e-05,3.209601333333333e-05,9.154066503776048e-08
64,36,35431,35434,3,3.218689e-05,3.218049666666667e-05,3.80731404302589e-08
64,37,35434,35437,3,3.228784e-05,3.228021e-05,4.6856039809897364e-08
64,38,35437,35441,4,3.237727e-05,3.23756325e-05,4.068344219396853e-08
64,39,35441,35444,3,3.247335e-05,3.248372666666667e-05,2.7472859738697243e-08
64,40,35444,35447,3,3.257178e-05,3.252300333333333e-05,8.662766314649379e-08
64,41,35447,35450,3,3.254875e-05,3.257316333333333e-05,7.900271950312018e-08
64,42,35450,35453,3,3.273112e-05,3.273542666666666e-05,1.298517445225799e-08
64,43,35453,35456,3,3.319283e-05,3.322125e-05,2.1449000582777764e-07
64,44,35456,35459,3,3.596129e-05,3.6473989999999996e-05,2.010591020487922e-06
64,45,35459,35462,3,6.68513e-05,0.00022640925666666666,0.00023810731580048888
64,46,35462,35466,4,0.000560995,0.000561370175,9.700159750617382e-07
64,47,35466,35469,3,0.0005636339,0.0005632839,9.211557559211468e-07
64,48,35469,35472,3,0.0005612562,0.0005621051333333333,1.3550066896103946e-06
64,49,35472,35475,3,0.0005616542,0.0005608856,1.2283132825138911e-06
64,50,35475,35478,3,0.0005610849,0.0005605396666666666,8.320492146234631e-07
64,51,35478,35481,3,0.0005569485,0.0005564055,9.550489516250027e-07
64,52,35481,35484,3,0.0005537413,0.0005540301666666666,1.2472183912834073e-06
64,53,35484,35488,4,0.00055567615,0.0005555087,6.658560092092024e-07
64,54,35488,35491,3,0.0005572521,0.0005573670666666667,4.2086899254859585e-07
64,55,35491,35494,3,0.0005561798,0.0005563985666666667,1.0722948423306247e-06
64,56,35494,35497,3,0.0005531104,0.0005534699333333334,1.1156996051307557e-06
64,57,35497,35500,3,0.0005507392,0.0005509791,5.076866553298585e-07
64,58,35500,35503,3,0.0005485042,0.0005487457,4.3879850349183736e-07
64,59,35503,35506,3,0.0005467202,0.0005453206666666666,2.069834520492435e-06
64,60,35506,35509,3,0.0005407834,0.0005407427666666667,6.199380094457474e-07
64,61,35509,35513,4,0.00054149355,0.0005410995499999999,8.618519086826994e-07
64,62,35513,35516,3,0.0005294073,0.0005311671,3.557046103159225e-06
64,63,35516,35519,3,0.000501009,0.0005006307333333334,1.1839201210198085e-05
64,64,35519,35522,3,0.000416238,0.00040993496666666667,3.8943081180130356e-05
64,65,35522,35525,3,0.0002123113,0.00021729036666666665,5.1277297512078596e-05
64,66,35525,35528,3,3.148951e-05,5.825357333333333e-05,3.7882915840855696e-05
64,67,35528,35531,3,3.155326e-05,3.159929666666667e-05,1.198559041330697e-07
64,68,35531,35534,3,3.17798e-05,3.1785240000000005e-05,2.70882606799824e-08
64,69,35534,35538,4,3.199683e-05,3.19977625e-05,1.3900144558601243e-08
64,70,35538,35541,3,3.219237e-05,3.2180323333333334e-05,2.0398229225977593e-08
64,71,35541,35544,3,3.233864e-05,3.228686333333333e-05,8.181146388020574e-08
64,72,35544,35547,3,3.233498e-05,3.2363203333333333e-05,8.79010482809463e-08
64,73,35547,35550,3,3.245391e-05,3.243551333333333e-05,2.945415911019893e-08
64,74,35550,35553,3,3.257246e-05,3.255564666666666e-05,3.493297423479444e-08
64,75,35553,35556,3,3.265529e-05,3.261832666666667e-05,7.405756424715983e-08
64,76,35556,35560,4,3.273826e-05,3.2731617499999995e-05,1.1452894402180639e-07
64,77,35560,35563,3,3.28768e-05,3.295794666666667e-05,1.3746399827672017e-07
64,78,35563,35566,3,3.388523e-05,3.4087106666666664e-05,6.656582548792507e-07
64,79,35566,35569,3,4.501484e-05,4.657014666666667e-05,7.773627065192214e-06
64,80,35569,35572,3,0.000632074,0.0006319469333333333,2.6290202653374277e-07
64,81,35572,35575,3,0.0006322585,0.0006320610999999999,4.5998500700202465e-07
64,82,35575,35578,3,0.0006319827,0.0006319364666666667,1.4876873178043025e-07
64,83,35578,35581,3,0.0006317472,0.0006315980333333333,2.683816726645476e-07
64,84,35581,35585,4,0.0006316011,0.000631609025,2.0340026272105647e-07
64,85,35585,35588,3,0.0006319711,0.0006319034333333333,2.4949828768058423e-07
64,86,35588,35591,3,0.000631858,0.0006316594333333333,4.845195168640915e-07
64,87,35591,35594,3,0.0006315598,0.0006316630333333334,1.5276073521105006e-07
64,88,35594,35597,3,0.0006316635,0.0006316574333333334,2.0163864268097092e-07
64,89,35597,35600,3,0.0006317127,0.0006316955,1.5438939946338103e-07
64,90,35600,35603,3,0.0006313022,0.0006314959666666666,3.3213094138037705e-07
64,91,35603,35606,3,0.0006313771,0.0006313645,1.4039380328202722e-07
64,92,35606,35610,4,0.0006313784500000001,0.00063144215,1.8091772301239562e-07
64,93,35610,35613,3,0.0006314192,0.0006314667,6.759985207084532e-08
64,94,35613,35616,3,0.0006315095,0.0006314379999999999,1.3336793717630783e-07
64,95,35616,35619,3,0.0006315919,0.0006316188333333334,1.3145479155292568e-07
64,96,35619,35622,3,0.0006316254,0.0006315596000000001,1.1046121491274948e-07
64,97,35622,35625,3,0.0006313968,0.0006314260666666667,4.417573491809235e-08
64,98,35625,35628,3,0.0006316489,0.0006315930666666667,2.1877937644018078e-07
64,99,35628,35631,3,0.0006311152,0.0006313075666666666,2.925039296982008e-07
65,0,36118,36121,3,3.25974e-05,3.257765333333333e-05,5.558141316023503e-08
65,1,36115,36118,3,3.258206e-05,3.2570313333333334e-05,7.376603117665574e-08
65,2,36112,36115,3,3.258815e-05,3.2580196666666666e-05,2.9341830587440974e-08
65,3,36109,36112,3,3.249912e-05,3.248807666666667e-05,5.164521296521331e-08
65,4,36106,36109,3,3.241777e-05,3.2449499999999995e-05,6.866037333620502e-08
65,5,36103,36106,3,3.249426e-05,3.243478333333333e-05,8.929550579707543e-08
65,6,36100,36103,3,3.235433e-05,3.233977e-05,3.522672091845355e-08
65,7,36097,36100,3,3.224102e-05,3.222068e-05,3.5193960656151086e-08
65,8,36094,36097,3,3.218795e-05,3.219210666666667e-05,7.953618645343733e-08
65,9,36090,36094,4,3.211343e-05,3.211118e-05,7.76711465088558e-08
65,10,36087,36090,3,3.207803e-05,3.204165e-05,6.5939557677213e-08
65,11,36084,36087,3,3.194671e-05,3.193542333333333e-05,3.0017053301229206e-08
65,12,36081,36084,3,3.179146e-05,3.178888333333333e-05,3.8789658702058476e-08
65,13,36078,36081,3,3.165968e-05,3.167105666666667e-05,1.0382347850505291e-07
65,14,36075,36078,3,3.157603e-05,3.1543073333333336e-05,5.360579591383258e-08
65,15,36072,36075,3,3.130216e-05,3.129940333333333e-05,4.2714894617944105e-09
65,16,36069,36072,3,0.0001545359,0.00015659,3.8180522295275114e-05
65,17,36066,36069,3,0.0002867014,0.00028058993333333334,2.7760460414209442e-05
65,18,36063,36066,3,0.0003483565,0.0003421113666666666,1.0792931329141089e-05
65,19,36059,36063,4,0.00036967345,0.00037037785,7.115588339870432e-06
65,20,36056,36059,3,0.0003750125,0.0003788933333333333,5.780880320697045e-06
65,21,36053,36056,3,0.000388028,0.0003846836666666666,5.630926597718064e-06
65,22,36050,36053,3,0.0003854474,0.0003846503333333334,7.2843290490995345e-06
65,23,36047,36050,3,0.0003885095,0.0003906156,6.793041239876792e-06
65,24,36044,36047,3,0.0003938712,0.0003958453333333333,7.551283458827078e-06
65,25,36041,36044,3,0.0004021916,0.0003994077666666667,7.67299492694272e-06
65,26,36038,36041,3,0.0004046344,0.0004015325666666667,6.113604787321101e-06
65,27,36035,36038,3,5.278375e-05,5.472097333333333e-05,1.155150821070661e-05
65,28,36032,36035,3,3.491559e-05,3.5564043333333334e-05,1.5366610193388636e-06
65,29,36028,36032,4,3.287887e-05,3.2970055e-05,2.4263415974466515e-07
65,30,36025,36028,3,3.251882e-05,3.253294666666666e-05,2.971857369091211e-08
65,31,36022,36025,3,3.242343e-05,3.24706e-05,7.569745614395781e-08
65,32,36019,36022,3,3.248599e-05,3.2472649999999995e-05,4.593524645266018e-08
65,33,36016,36019,3,3.239775e-05,3.239281666666667e-05,4.5579885427188264e-08
65,34,36013,36016,3,3.232306e-05,3.232372666666666e-05,6.237395521280473e-08
65,35,36010,36013,3,3.231477e-05,3.228803333333333e-05,8.582759165262055e-08
65,36,36007,36010,3,3.225072e-05,3.224242333333333e-05,4.3302063332927514e-08
65,37,36004,36007,3,3.214755e-05,3.213783333333333e-05,4.1982820560585206e-08
65,38,36001,36004,3,3.201919e-05,3.201506e-05,3.8441520087875215e-08
65,39,35997,36001,4,3.189309e-05,3.1905730000000004e-05,8.907698271719903e-08
65,40,35994,35997,3,3.17404e-05,3.174096666666667e-05,1.059493540434406e-07
65,41,35991,35994,3,3.163669e-05,3.160148666666667e-05,5.8106735314323316e-08
65,42,35988,35991,3,3.136397e-05,3.136594666666666e-05,8.303855864730713e-09
65,43,35985,35988,3,0.0001482953,0.0001528528,4.306100794926504e-05
65,44,35982,35985,3,0.0003345397,0.00032896073333333334,4.1222191849401795e-05
65,45,35979,35982,3,0.0004360546,0.0004299185333333333,1.6498668769799437e-05
65,46,35976,35979,3,0.000466784,0.0004671978,2.3449339834346498e-06
65,47,35973,35976,3,0.0004652148,0.00046688033333333335,3.461625615548609e-06
65,48,35970,35973,3,0.0004700243,0.00046815653333333334,3.371444296176684e-06
65,49,35966,35970,4,0.0004701832,0.00046935905000000005,4.300974601471157e-06
65,50,35963,35966,3,0.0004604115,0.00045843636666666665,5.676061296552586e-06
65,51,35960,35963,3,0.0004630381,0.0004632447333333333,2.290162108284521e-06
65,52,35957,35960,3,0.000475344,0.0004753567,1.8821685170745618e-06
65,53,35954,35957,3,0.000467011,0.0004694869333333334,6.977754899838643e-06
65,54,35951,35954,3,0.0004525178,0.00045248936666666674,6.710448094493303e-06
65,55,35948,35951,3,0.0004505794,0.00045517210000000003,7.502896508682494e-06
65,56,35945,35948,3,0.0004655789,0.0004642474333333333,4.000758586679394e-06
65,57,35942,35945,3,0.0004543129,0.00045590903333333333,4.163896304611293e-06
65,58,35939,35942,3,0.0004476058,0.0004472520666666667,4.527203396751181e-06
65,59,35935,35939,4,0.0004443437,0.0004447649,2.25173820858465e-06
65,60,35932,35935,3,0.0004388713,0.0004384401,3.466481106251697e-06
65,61,35929,35932,3,0.0004184983,0.0004187660333333333,3.677885543201272e-06
65,62,35926,35929,3,0.0004208661,0.00042256846666666664,3.2080460307725516e-06
65,63,35923,35926,3,6.158623e-05,6.388023e-05,1.3708020366605332e-05
65,64,35920,35923,3,3.655915e-05,3.705177e-05,2.6326046031386253e-06
65,65,35917,35920,3,3.244454e-05,3.2561713333333336e-05,4.03632658848228e-07
65,66,35914,35917,3,3.198815e-05,3.1954060000000004e-05,7.97423981747876e-08
65,67,35911,35914,3,3.180628e-05,3.179648e-05,4.120754380773892e-08
65,68,35908,35911,3,3.172128e-05,3.171592666666667e-05,5.531667460078438e-08
65,69,35904,35908,4,3.1704315e-05,3.1703792499999996e-05,6.667670746782676e-08
65,70,35901,35904,3,3.171428e-05,3.167280333333334e-05,7.020061079189741e-08
65,71,35898,35901,3,3.16496e-05,3.16354e-05,4.2128708343202364e-08
65,72,35895,35898,3,3.153023e-05,3.154514666666667e-05,2.6523175191182134e-08
65,73,35892,35895,3,3.1453e-05,3.149479e-05,7.78079134792862e-08
65,74,35889,35892,3,3.148579e-05,3.1451613333333334e-05,6.004077854998955e-08
65,75,35886,35889,3,3.134608e-05,3.1333916666666665e-05,2.598796174299927e-08
65,76,35883,35886,3,3.115767e-05,3.1160756666666674e-05,2.5462266635598206e-08
65,77,35880,35883,3,3.095973e-05,3.099494666666667e-05,1.1080389714365776e-07
65,78,35877,35880,3,0.0001529736,0.00015719246666666666,4.7400717889453484e-05
65,79,35873,35877,4,0.00040219015,0.0003944887,7.457368650251241e-05
65,80,35870,35873,3,0.0005537164,0.0005493769999999999,1.7817931178637628e-05
65,81,35867,35870,3,0.0005823012,0.0005811116333333333,2.4356001236291224e-06
65,82,35864,35867,3,0.0005791096,0.0005799634666666666,1.5962101581210699e-06
65,83,35861,35864,3,0.0005808188,0.0005806570666666667,2.310251682296871e-06
65,84,35858,35861,3,0.0005956778,0.0005962792,6.250312672712195e-06
65,85,35855,35858,3,0.0006153242,0.0006158403333333334,4.4253811484310405e-06
65,86,35852,35855,3,0.0006294386,0.0006291977,1.6565936999356608e-06
65,87,35849,35852,3,0.0006319448,0.0006317464,3.8377786109502093e-07
65,88,35846,35849,3,0.0006310614,0.0006311100333333333,1.232461042882155e-07
65,89,35842,35846,4,0.0006311700999999999,0.0006312435249999999,2.3622283309406885e-07
65,90,35839,35842,3,0.0006312208,0.0006312199999999999,3.056151937758995e-07
65,91,35836,35839,3,0.0006312997,0.0006312081,1.6060909065182043e-07
65,92,35833,35836,3,0.0006309601,0.0006309862,1.0448065211640617e-07
65,93,35830,35833,3,0.0006311095,0.0006310721666666667,1.4602772187344456e-07
65,94,35827,35830,3,0.0006309953,0.0006310202333333334,5.4608566686533184e-08
65,95,35824,35827,3,0.0006309989,0.0006310269666666667,4.561354574633761e-08
65,96,35821,35824,3,0.0006315739,0.0006314907999999999,2.1802955457156473e-07
65,97,35818,35821,3,0.0006309408,0.0006309432666666667,2.9445580690883727e-08
65,98,35815,35818,3,0.0006314848,0.0006313754666666667,2.2861551906108258e-07
65,99,35811,35815,4,0.0006313435,0.000631456125,3.272649796037022e-07
66,0,36300,36304,4,3.297575e-05,3.297185e-05,6.535153402943267e-08
66,1,36304,36307,3,3.304114e-05,3.3016663333333334e-05,3.8190779282732524e-08
66,2,36307,36310,3,3.303171e-05,3.298772e-05,6.93733046639704e-08
66,3,36310,36313,3,3.295512e-05,3.2958456666666666e-05,6.456676458433361e-08
66,4,36313,36316,3,3.296292e-05,3.2963003333333334e-05,6.360102846827504e-08
66,5,36316,36319,3,3.302278e-05,3.299799e-05,4.289235440806016e-08
66,6,36319,36322,3,3.296031e-05,3.2931623333333334e-05,6.596054645687e-08
66,7,36322,36325,3,3.290787e-05,3.290493e-05,5.862050380768497e-08
66,8,36325,36328,3,3.292537e-05,3.2918273333333336e-05,6.531274522548522e-08
66,9,36328,36331,3,3.297023e-05,3.2959396666666664e-05,2.888497802588027e-08
66,10,36331,36334,3,3.299239e-05,3.294601333333333e-05,7.30201133630695e-08
66,11,36334,36338,4,3.2964215e-05,3.2946370000000005e-05,6.610791896588625e-08
66,12,36338,36341,3,3.293252e-05,3.293040333333334e-05,5.697438157238418e-08
66,13,36341,36344,3,3.295228e-05,3.294766333333333e-05,6.285300752991572e-08
66,14,36344,36347,3,3.300009e-05,3.3003459999999994e-05,2.6248528847664295e-08
66,15,36347,36350,3,3.299447e-05,3.2974933333333335e-05,7.028733898948031e-08
66,16,36350,36353,3,3.298279e-05,3.2964743333333334e-05,5.498982774618804e-08
66,17,36353,36356,3,3.300405e-05,3.2995490000000006e-05,6.3201570128175e-08
66,18,36356,36359,3,3.304249e-05,3.304645333333334e-05,3.720322775721999e-08
66,19,36359,36362,3,3.308708e-05,3.308719666666666e-05,1.0183756946999314e-07
66,20,36362,36365,3,3.333448e-05,3.3415856666666666e-05,1.8134591629136634e-07
66,21,36365,36368,3,3.611817e-05,3.662777e-05,1.9433547738554224e-06
66,22,36368,36372,4,5.440823e-05,5.3895882499999995e-05,7.030044422837508e-06
66,23,36372,36375,3,7.350972e-05,7.310972333333334e-05,3.695415484284403e-06
66,24,36375,36378,3,8.322496e-05,8.408415333333334e-05,1.727395359210574e-06
66,25,36378,36381,3,8.983092e-05,8.917490333333333e-05,1.1790683995520485e-06
66,26,36381,36384,3,9.039906e-05,9.137932e-05,1.435556841159552e-06
66,27,36384,36387,3,9.257029e-05,9.264583333333332e-05,2.051649188243989e-06
66,28,36387,36390,3,9.343777e-05,9.270621333333333e-05,1.6533925573465255e-06
66,29,36390,36393,3,9.405302e-05,9.473483666666667e-05,9.96366492422451e-07
66,30,36393,36396,3,9.669448e-05,9.678549666666667e-05,1.2494328172503778e-06
66,31,36396,36399,3,9.938109e-05,9.890701e-05,7.228502875423054e-07
66,32,36399,36402,3,0.0001000389,9.945971666666668e-05,2.2171979314491137e-06
66,33,36402,36406,4,9.982753e-05,0.00010038701500000001,2.3895058040680697e-06
66,34,36406,36409,3,3.271033e-05,3.262936e-05,2.464935684083209e-07
66,35,36409,36412,3,3.282689e-05,3.282551333333333e-05,5.5191506794270924e-08
66,36,36412,36415,3,3.292538e-05,3.291313e-05,2.9201722551932485e-08
66,37,36415,36418,3,3.297696e-05,3.292151333333333e-05,8.127256910476548e-08
66,38,36418,36421,3,3.291628e-05,3.2918529999999995e-05,6.269038682286357e-08
66,39,36421,36424,3,3.296417e-05,3.295936e-05,6.091993160425178e-08
66,40,36424,36427,3,3.300839e-05,3.3026059999999996e-05,3.202566574900179e-08
66,41,36427,36430,3,3.301162e-05,3.302298666666667e-05,8.098802723585445e-08
66,42,36430,36433,3,3.310345e-05,3.309875333333334e-05,3.4733682339895386e-08
66,43,36433,36436,3,3.347455e-05,3.351226e-05,1.393824740297968e-07
66,44,36436,36440,4,3.734144e-05,3.82815025e-05,3.677260339474042e-06
66,45,36440,36443,3,6.150018e-05,6.267855666666667e-05,9.626465240423864e-06
66,46,36443,36446,3,0.0001383567,0.0001237732,2.1923784129114213e-05
66,47,36446,36449,3,0.0001440317,0.0001418549,3.2448262336628605e-06
66,48,36449,36452,3,0.0001403791,0.00013878570000000002,3.6572184658106837e-06
66,49,36452,36455,3,0.0001260844,0.00012654486666666666,6.671000791152366e-07
66,50,36455,36458,3,0.0001160477,0.00011558266666666667,1.0343155879882879e-06
66,51,36458,36461,3,0.0001160953,0.00011385873333333333,4.250519971590405e-06
66,52,36461,36464,3,0.0001240819,0.00012166193333333333,4.051496354297867e-06
66,53,36464,36467,3,0.000122554,0.00012421196666666668,2.833951787796606e-06
66,54,36467,36470,3,0.0001227647,0.0001215293,1.925728170502438e-06
66,55,36470,36474,4,0.0001146634,0.00011532955,2.1140370745329896e-06
66,56,36474,36477,3,0.0001085994,0.000109595,1.8629851976509797e-06
66,57,36477,36480,3,0.0001102644,0.00011034396666666667,1.3169457704181374e-06
66,58,36480,36483,3,0.0001138274,0.00011268803333333333,2.343270194028467e-06
66,59,36483,36486,3,0.0001085654,0.0001086334,3.9994893007316155e-06
66,60,36486,36489,3,0.0001026439,8.077026999999999e-05,3.4513480983095095e-05
66,61,36489,36492,3,3.201409e-05,3.202163666666667e-05,4.434772097363493e-08
66,62,36492,36495,3,3.220537e-05,3.2149553333333336e-05,1.0969807422597907e-07
66,63,36495,36498,3,3.222811e-05,3.229779e-05,1.0124842616060766e-07
66,64,36498,36501,3,3.2427e-05,3.2435283333333334e-05,2.1295004630715663e-08
66,65,36501,36504,3,3.26133e-05,3.261098333333333e-05,2.051466521513098e-08
66,66,36504,36508,4,3.272974e-05,3.26988475e-05,7.601191103208661e-08
66,67,36508,36511,3,3.285789e-05,3.280180333333333e-05,8.715422396852553e-08
66,68,36511,36514,3,3.280203e-05,3.2835319999999995e-05,7.347506651919482e-08
66,69,36514,36517,3,3.287712e-05,3.2885089999999994e-05,4.4016261389021417e-08
66,70,36517,36520,3,3.300358e-05,3.2985603333333336e-05,3.519477644322952e-08
66,71,36520,36523,3,3.304978e-05,3.3003803333333335e-05,7.969472434790694e-08
66,72,36523,36526,3,3.300367e-05,3.3002743333333336e-05,5.354169050583083e-08
66,73,36526,36529,3,3.306901e-05,3.306682e-05,4.756572785805672e-08
66,74,36529,36532,3,3.313187e-05,3.311622e-05,5.400192650884353e-08
66,75,36532,36535,3,3.307759e-05,3.3112960000000004e-05,7.617652000452481e-08
66,76,36535,36538,3,3.318935e-05,3.318661333333334e-05,2.9754890167649084e-08
66,77,36538,36542,4,3.3432765e-05,3.348032e-05,9.81758735637215e-08
66,78,36542,36545,3,3.54248e-05,3.577263e-05,1.3705345635189205e-06
66,79,36545,36548,3,5.468497e-05,5.71669e-05,1.3223797241309572e-05
66,80,36548,36551,3,0.0006321518,0.0006322452333333333,1.941934831267554e-07
66,81,36551,36554,3,0.0006323978,0.0006323874666666667,2.924787095765624e-07
66,82,36554,36557,3,0.0006325788,0.0006325206,1.9703879482644842e-07
66,83,36557,36560,3,0.0006323868,0.0006322306333333334,2.9592238096427e-07
66,84,36560,36563,3,0.0006321456,0.0006320898,1.2820709808740998e-07
66,85,36563,36566,3,0.0006322766,0.0006322145666666667,1.4273150395839637e-07
66,86,36566,36569,3,0.0006320629,0.0006321130333333333,1.5961072088748216e-07
66,87,36569,36572,3,0.0006319282,0.0006319000333333334,8.178485325667455e-08
66,88,36572,36576,4,0.00063192025,0.000631917175,1.4308122474662945e-07
66,89,36576,36579,3,0.0006319662,0.0006319595333333333,6.988797385018538e-08
66,90,36579,36582,3,0.0006322726,0.0006322035333333334,2.3050446609312982e-07
66,91,36582,36585,3,0.0006321297,0.0006319975,2.1131026162177737e-07
66,92,36585,36588,3,0.0006318943,0.0006319125666666667,1.883193446132455e-07
66,93,36588,36591,3,0.0006318625,0.0006316259666666667,3.6345018304515116e-07
66,94,36591,36594,3,0.0006315303,0.0006316013000000001,2.3143557778927436e-07
66,95,36594,36597,3,0.0006316589,0.0006316255333333334,7.893061650726743e-08
66,96,36597,36600,3,0.0006319517,0.0006318504999999999,2.8312697975758655e-07
66,97,36600,36603,3,0.0006313343,0.0006314484666666667,1.9980714590710276e-07
66,98,36603,36606,3,0.0006318652,0.0006318101666666666,1.963832364423085e-07
66,99,36606,36609,3,0.000631786,0.0006316995333333332,1.2590579370659645e-07
67,0,37192,37195,3,3.287393e-05,3.2921346666666665e-05,8.772596131641377e-08
67,1,37188,37192,4,3.2882070000000006e-05,3.2891205e-05,6.625373593240004e-08
67,2,37184,37188,4,3.290036e-05,3.2885515e-05,6.445264948006341e-08
67,3,37180,37184,4,3.2901109999999996e-05,3.28833775e-05,6.164921425898302e-08
67,4,37176,37180,4,3.2873684999999996e-05,3.288195e-05,5.7245246527551224e-08
67,5,37172,37176,4,3.287266e-05,3.287403e-05,5.377093406293203e-08
67,6,37169,37172,3,3.287353e-05,3.286513333333333e-05,5.95376969285475e-08
67,7,37165,37169,4,3.2850745000000004e-05,3.284144e-05,5.679484439630109e-08
67,8,37161,37165,4,3.283035e-05,3.28219825e-05,5.999681507171857e-08
67,9,37157,37161,4,3.2787700000000005e-05,3.27986775e-05,6.10518391921986e-08
67,10,37153,37157,4,3.275372e-05,3.2762715e-05,6.157818180979318e-08
67,11,37149,37153,4,3.2715040000000004e-05,3.27137375e-05,6.718949038912194e-08
67,12,37146,37149,3,3.278396e-05,3.276635e-05,2.6223326765815925e-08
67,13,37142,37146,4,3.3665065e-05,3.3730922500000004e-05,6.27462944339148e-07
67,14,37138,37142,4,3.741876e-05,3.73210075e-05,1.1072810595412312e-06
67,15,37134,37138,4,3.9910085e-05,3.9911615e-05,4.0007930092045405e-07
67,16,37130,37134,4,4.078996e-05,4.077942e-05,3.175735348702717e-07
67,17,37126,37130,4,4.112694e-05,4.1123235e-05,2.815480234791209e-07
67,18,37123,37126,3,4.118818e-05,4.130280666666666e-05,3.8638991061131644e-07
67,19,37119,37123,4,4.1789635e-05,4.166478e-05,3.5828186257470416e-07
67,20,37115,37119,4,4.1886495e-05,4.1898417499999996e-05,3.925033723023939e-07
67,21,37111,37115,4,4.193422e-05,4.211189e-05,4.5881187206740903e-07
67,22,37107,37111,4,4.27501e-05,4.26160375e-05,3.688970782193193e-07
67,23,37103,37107,4,4.2510159999999996e-05,4.26110125e-05,4.4342545029435343e-07
67,24,37099,37103,4,4.3347595e-05,4.322243e-05,3.8540536471356954e-07
67,25,37096,37099,3,4.323268e-05,4.349105666666667e-05,5.183420655856067e-07
67,26,37092,37096,4,4.4194215e-05,4.41409125e-05,4.856050477690176e-07
67,27,37088,37092,4,4.379699e-05,4.4027535e-05,5.100366479724754e-07
67,28,37084,37088,4,4.4365495e-05,4.42525325e-05,5.161816446453241e-07
67,29,37080,37084,4,4.463955e-05,4.46453025e-05,4.7369590104702205e-07
67,30,37076,37080,4,4.2582235e-05,4.241891749999999e-05,1.3872616223044412e-06
67,31,37073,37076,3,3.732753e-05,3.7812093333333334e-05,9.805168700344865e-07
67,32,37069,37073,4,3.4384395e-05,3.4439315e-05,6.476765276934163e-07
67,33,37065,37069,4,3.306865e-05,3.3132967500000004e-05,1.2840928497873542e-07
67,34,37061,37065,4,3.3012964999999995e-05,3.3023577499999995e-05,6.096005387751865e-08
67,35,37057,37061,4,3.299938e-05,3.3011787500000004e-05,6.125357841587705e-08
67,36,37053,37057,4,3.3014134999999995e-05,3.30171475e-05,5.4186020510369226e-08
67,37,37050,37053,3,3.299673e-05,3.300381333333333e-05,6.87887143521536e-08
67,38,37046,37050,4,3.303388e-05,3.3012645e-05,6.13712059927131e-08
67,39,37042,37046,4,3.2998625e-05,3.3004725e-05,5.363483779224109e-08
67,40,37038,37042,4,3.299077e-05,3.299391e-05,5.2146310032446294e-08
67,41,37034,37038,4,3.2983e-05,3.2982435e-05,5.0186048609151313e-08
67,42,37030,37034,4,3.2976875000000004e-05,3.29653125e-05,5.6205030635610886e-08
67,43,37027,37030,3,3.293575e-05,3.293168333333334e-05,6.234054984964294e-08
67,44,37023,37027,4,3.2926735e-05,3.291083e-05,5.8274438221232205e-08
67,45,37019,37023,4,3.2887244999999996e-05,3.28785925e-05,6.280926260313796e-08
67,46,37015,37019,4,3.281993e-05,3.2824292500000006e-05,6.428278477749636e-08
67,47,37011,37015,4,3.2742344999999996e-05,3.27608175e-05,6.835194780509191e-08
67,48,37007,37011,4,3.270345e-05,3.27063275e-05,6.281024533266807e-08
67,49,37003,37007,4,3.2914445e-05,3.30268375e-05,2.3270010983828557e-07
67,50,37000,37003,3,3.525563e-05,3.5388706666666665e-05,1.072712869203849e-06
67,51,36996,37000,4,4.1574755e-05,4.1045537500000005e-05,1.5910949619110582e-06
67,52,36992,36996,4,4.510722e-05,4.55256425e-05,1.1404995926648772e-06
67,53,36988,36992,4,4.7802815e-05,4.798456999999999e-05,1.0379644800040138e-06
67,54,36984,36988,4,4.8221515e-05,4.823379e-05,6.492335507735244e-07
67,55,36980,36984,4,4.7803105000000004e-05,4.77871675e-05,6.686362499287241e-07
67,56,36977,36980,3,4.683255e-05,4.730619e-05,6.828446154628938e-07
67,57,36973,36977,4,4.7832125e-05,4.7733312500000003e-05,5.316398261687591e-07
67,58,36969,36973,4,4.8209655e-05,4.8267875e-05,8.413981795351119e-07
67,59,36965,36969,4,4.6958535e-05,4.70155275e-05,6.402099072325824e-07
67,60,36961,36965,4,4.688642e-05,4.67688875e-05,4.1597631323039314e-07
67,61,36957,36961,4,4.697715e-05,4.71901425e-05,6.07048525135141e-07
67,62,36954,36957,3,4.607836e-05,4.639877333333333e-05,5.077194228661677e-07
67,63,36950,36954,4,4.5891525e-05,4.61251725e-05,5.346101158496254e-07
67,64,36946,36950,4,4.5506340000000004e-05,4.536635e-05,7.07032098493414e-07
67,65,36942,36946,4,4.3747689999999994e-05,4.4021317499999996e-05,6.574459527358507e-07
67,66,36938,36942,4,4.4505775e-05,4.4310697500000006e-05,5.94317456389051e-07
67,67,36934,36938,4,4.5044425e-05,4.49195525e-05,7.172469767233251e-07
67,68,36931,36934,3,4.452015e-05,4.4843973333333336e-05,6.147199180295229e-07
67,69,36927,36931,4,4.3764375e-05,4.3810377500000005e-05,6.338820196367366e-07
67,70,36923,36927,4,4.29147e-05,4.28820775e-05,3.5393368300961516e-07
67,71,36919,36923,4,4.296896e-05,4.2849575e-05,4.801147828124018e-07
67,72,36915,36919,4,4.2792390000000007e-05,4.280711500000001e-05,3.452963670167986e-07
67,73,36911,36915,4,4.2321269999999995e-05,4.2421142500000006e-05,6.398186043471612e-07
67,74,36907,36911,4,3.968958e-05,3.95170325e-05,9.913650631421048e-07
67,75,36904,36907,3,3.545162e-05,3.591099333333334e-05,1.1167908539003873e-06
67,76,36900,36904,4,3.3417895e-05,3.348943e-05,4.5415165864499627e-07
67,77,36896,36900,4,3.2880274999999996e-05,3.28447725e-05,8.486665640137989e-08
67,78,36892,36896,4,3.2716564999999995e-05,3.27242875e-05,4.728457220648231e-08
67,79,36888,36892,4,3.2654685e-05,3.265953e-05,5.007480853682917e-08
67,80,36884,36888,4,3.2590395e-05,3.25948425e-05,4.88251786351061e-08
67,81,36881,36884,3,3.254778e-05,3.253721e-05,4.5923767992909785e-08
67,82,36877,36881,4,3.244348e-05,3.244084e-05,3.578382036619253e-08
67,83,36873,36877,4,3.2348700000000004e-05,3.2341324999999997e-05,4.994083524531858e-08
67,84,36869,36873,4,3.221522e-05,3.2211545e-05,4.514164236046381e-08
67,85,36865,36869,4,3.2033465e-05,3.20410675e-05,4.9717945138047234e-08
67,86,36861,36865,4,3.1805680000000005e-05,3.18379975e-05,7.645186602529839e-08
67,87,36858,36861,3,3.152289e-05,3.158308666666667e-05,9.181453128756661e-08
67,88,36854,36858,4,3.1464635e-05,5.8210215e-05,4.6491859928875984e-05
67,89,36850,36854,4,0.0003196937,0.00031515637499999994,8.973594117764004e-05
67,90,36846,36850,4,0.00053960575,0.000532791675,3.0203488571469277e-05
67,91,36842,36846,4,0.0005775344999999999,0.000577038725,1.4790211735722194e-06
67,92,36838,36842,4,0.00057572565,0.000576685075,2.2857352978582113e-06
67,93,36835,36838,3,0.0005945797,0.0005948617333333333,7.028170703833436e-06
67,94,36831,36835,4,0.0006199922,0.00061954035,5.909034445025701e-06
67,95,36827,36831,4,0.0006309287,0.0006306507,7.357258898529857e-07
67,96,36823,36827,4,0.00063102515,0.000631091625,3.035398604384725e-07
67,97,36819,36823,4,0.00063144275,0.0006314119,1.643710284691316e-07
67,98,36815,36819,4,0.0006312811000000001,0.00063130185,7.978688802052116e-08
67,99,36811,36815,4,0.00063129545,0.000631309525,1.2273138097080425e-07
68,0,37418,37422,4,3.2962955e-05,3.2964839999999996e-05,5.6805099683038746e-08
68,1,37422,37426,4,3.297846e-05,3.29797825e-05,5.185946122695585e-08
68,2,37426,37430,4,3.2979265e-05,3.299109e-05,5.862035781194146e-08
68,3,37430,37434,4,3.300749e-05,3.300806e-05,5.914032296158044e-08
68,4,37434,37438,4,3.3042824999999996e-05,3.30247675e-05,6.426149211425072e-08
68,5,37438,37442,4,3.3030545000000005e-05,3.30250625e-05,6.256370208635471e-08
68,6,37442,37445,3,3.297419e-05,3.301352666666667e-05,6.90659618689925e-08
68,7,37445,37449,4,3.303037e-05,3.3026825e-05,6.605946014765756e-08
68,8,37449,37453,4,3.3053425e-05,3.304028e-05,6.112458711517074e-08
68,9,37453,37457,4,3.3080085e-05,3.306334e-05,6.319939675344994e-08
68,10,37457,37461,4,3.3148479999999995e-05,3.31397175e-05,4.5536103464723165e-08
68,11,37461,37465,4,3.3221624999999996e-05,3.3214212499999995e-05,4.680027263542454e-08
68,12,37465,37468,3,3.329358e-05,3.328401666666667e-05,4.049126682247411e-08
68,13,37468,37472,4,3.330647e-05,3.3288395000000004e-05,6.919256191961763e-08
68,14,37472,37476,4,3.3321420000000004e-05,3.33023325e-05,6.411389528604618e-08
68,15,37476,37480,4,3.3312745e-05,3.33085425e-05,6.552204834061483e-08
68,16,37480,37484,4,3.3352475e-05,3.33285075e-05,6.929242973622807e-08
68,17,37484,37488,4,3.3354865e-05,3.3340295e-05,6.20984381848698e-08
68,18,37488,37491,3,3.340238e-05,3.335517333333333e-05,7.489283069085534e-08
68,19,37491,37495,4,3.3372485e-05,3.3370214999999995e-05,6.601502272210318e-08
68,20,37495,37499,4,3.3399435e-05,3.338648e-05,5.9280293943268e-08
68,21,37499,37503,4,3.3423094999999995e-05,3.34250975e-05,6.823542458833102e-08
68,22,37503,37507,4,3.3461925e-05,3.34550325e-05,5.4718031020405315e-08
68,23,37507,37511,4,3.3470839999999994e-05,3.3478975e-05,6.874328712681631e-08
68,24,37511,37514,3,3.347343e-05,3.3455386666666666e-05,2.7152500601026817e-08
68,25,37514,37518,4,3.3518255e-05,3.3497155e-05,5.6948852710127814e-08
68,26,37518,37522,4,3.355298e-05,3.35537725e-05,3.0872309903049184e-08
68,27,37522,37526,4,3.3394325e-05,3.3378585e-05,9.82196529468513e-08
68,28,37526,37530,4,3.3233885e-05,3.3226165e-05,6.206896829334486e-08
68,29,37530,37534,4,3.3156615e-05,3.31666e-05,5.3519312869280874e-08
68,30,37534,37538,4,3.3159339999999995e-05,3.31470575e-05,6.457332126157045e-08
68,31,37538,37541,3,3.317975e-05,3.3144233333333334e-05,7.116784495511656e-08
68,32,37541,37545,4,3.3151815e-05,3.3137914999999994e-05,6.168583001792329e-08
68,33,37545,37549,4,3.3100344999999995e-05,3.31015875e-05,5.655066240770339e-08
68,34,37549,37553,4,3.305599e-05,3.3054545e-05,6.242451621759053e-08
68,35,37553,37557,4,3.2996065000000005e-05,3.2991242499999996e-05,6.247964363494833e-08
68,36,37557,37561,4,3.2947745e-05,3.29414975e-05,6.974598353131208e-08
68,37,37561,37564,3,3.288576e-05,3.287702666666667e-05,8.136179665884562e-08
68,38,37564,37568,4,3.283517e-05,3.282738e-05,6.217037357133992e-08
68,39,37568,37572,4,3.276286e-05,3.2762347499999996e-05,6.344597795565854e-08
68,40,37572,37576,4,3.2712235000000004e-05,3.2716115000000004e-05,5.592077990335818e-08
68,41,37576,37580,4,3.265378e-05,3.266473e-05,6.243035279413443e-08
68,42,37580,37584,4,3.2646855e-05,3.26361675e-05,5.618060491619936e-08
68,43,37584,37587,3,3.262117e-05,3.260032e-05,6.773169174520121e-08
68,44,37587,37591,4,3.259142e-05,3.258818999999999e-05,5.484819595939354e-08
68,45,37591,37595,4,3.258598e-05,3.25887775e-05,5.973215439568703e-08
68,46,37595,37599,4,3.2624744999999996e-05,3.26493375e-05,7.885942377896391e-08
68,47,37599,37603,4,3.2853835e-05,3.2927175e-05,1.81417752507852e-07
68,48,37603,37607,4,3.338617e-05,3.33731475e-05,8.249453205364578e-08
68,49,37607,37610,3,3.344843e-05,3.3459236666666664e-05,1.018266423333733e-07
68,50,37610,37614,4,3.360019e-05,3.36008875e-05,7.943194772098975e-08
68,51,37614,37618,4,3.35187e-05,3.35331775e-05,1.1689283005706483e-07
68,52,37618,37622,4,3.3526459999999995e-05,3.35184e-05,8.227650758266199e-08
68,53,37622,37626,4,3.356691e-05,3.36271825e-05,1.2627150339150242e-07
68,54,37626,37630,4,3.363097e-05,3.3643425e-05,4.339985339836976e-08
68,55,37630,37634,4,3.3574735000000005e-05,3.35904425e-05,1.3033510796692543e-07
68,56,37634,37637,3,3.353782e-05,3.350727e-05,5.302984128456849e-08
68,57,37637,37641,4,3.3586270000000005e-05,3.3564145e-05,7.730132485928005e-08
68,58,37641,37645,4,3.352254e-05,3.352513e-05,4.3196650333097924e-08
68,59,37645,37649,4,3.3551934999999995e-05,3.3553435e-05,8.244657254853059e-08
68,60,37649,37653,4,3.3427195e-05,3.34374675e-05,3.1908496811195244e-08
68,61,37653,37657,4,3.343302e-05,3.34244775e-05,9.479484436798172e-08
68,62,37657,37660,3,3.341342e-05,3.341941666666667e-05,2.419573837591244e-08
68,63,37660,37664,4,3.347348e-05,3.34521125e-05,7.14694068728015e-08
68,64,37664,37668,4,3.3468505e-05,3.34572975e-05,7.211613355380225e-08
68,65,37668,37672,4,3.343461e-05,3.3434049999999995e-05,5.5992915623317537e-08
68,66,37672,37676,4,3.3492705e-05,3.3477039999999994e-05,4.5929234154292546e-08
68,67,37676,37680,4,3.3506825e-05,3.3518735000000004e-05,6.345524190325044e-08
68,68,37680,37683,3,3.356004e-05,3.353376666666666e-05,3.7198538800454525e-08
68,69,37683,37687,4,3.3522175e-05,3.35149175e-05,8.196921354234042e-08
68,70,37687,37691,4,3.3518715e-05,3.35116475e-05,4.5666765472825784e-08
68,71,37691,37695,4,3.3443644999999996e-05,3.3438519999999996e-05,5.164783199709337e-08
68,72,37695,37699,4,3.338247e-05,3.33838275e-05,6.128240709004498e-08
68,73,37699,37703,4,3.3421745e-05,3.34483725e-05,8.031882480931862e-08
68,74,37703,37706,3,3.355974e-05,3.354222666666667e-05,9.245222814453297e-08
68,75,37706,37710,4,3.3546905e-05,3.35353075e-05,5.4922147798041505e-08
68,76,37710,37714,4,3.356524e-05,3.3565035000000004e-05,5.2160866796862236e-08
68,77,37714,37718,4,3.3588000000000004e-05,3.35870275e-05,5.44757874541527e-08
68,78,37718,37722,4,3.3619649999999996e-05,3.360594e-05,6.372774356589287e-08
68,79,37722,37726,4,3.363064e-05,3.36174825e-05,6.173946686480336e-08
68,80,37726,37730,4,3.365552e-05,3.36332675e-05,6.585788008089703e-08
68,81,37730,37733,3,3.366369e-05,3.365152666666667e-05,7.199577317840102e-08
68,82,37733,37737,4,3.3673835e-05,3.3667335e-05,6.150443581563854e-08
68,83,37737,37741,4,3.3680495000000004e-05,3.36799025e-05,6.097858327929521e-08
68,84,37741,37745,4,3.3697195e-05,3.36964975e-05,5.7026450606273886e-08
68,85,37745,37749,4,3.3687445e-05,3.37001675e-05,5.967709375254291e-08
68,86,37749,37753,4,3.3704325000000004e-05,3.37192625e-05,6.649292420062549e-08
68,87,37753,37756,3,3.381927e-05,3.381443e-05,1.3126045355197303e-08
68,88,37756,37760,4,3.4316385e-05,3.44616925e-05,4.3972620961087825e-07
68,89,37760,37764,4,4.3118695000000004e-05,4.56422e-05,8.880921004611516e-06
68,90,37764,37768,4,0.00063212945,0.0006321371,7.868529087448262e-08
68,91,37768,37772,4,0.00063171075,0.00063173435,2.4595750141030636e-07
68,92,37772,37776,4,0.00063192165,0.000631823,2.924467216434497e-07
68,93,37776,37779,3,0.0006326751,0.0006325918666666665,2.494203457797636e-07
68,94,37779,37783,4,0.00063178775,0.0006318098750000001,1.7026794141883243e-07
68,95,37783,37787,4,0.000631603,0.000631693425,2.1162755462133736e-07
68,96,37787,37791,4,0.00063161905,0.000631659625,3.012500155601577e-07
68,97,37791,37795,4,0.00063185585,0.00063183345,2.0972022434659915e-07
68,98,37795,37799,4,0.0006314867499999999,0.0006314908,1.7564266281286742e-07
68,99,37799,37802,3,0.0006317982,0.0006320041,3.6396813963130284e-07
69,0,38406,38409,3,3.285754e-05,3.2848523333333335e-05,3.5647414430161905e-08
69,1,38402,38406,4,3.2856285e-05,3.2852155e-05,6.075979612375254e-08
69,2,38398,38402,4,3.2861025e-05,3.28520475e-05,6.116287573970065e-08
69,3,38394,38398,4,3.288083e-05,3.28658775e-05,6.359248791131025e-08
69,4,38390,38394,4,3.2879335e-05,3.2867355e-05,6.039120817635638e-08
69,5,38386,38390,4,3.288279e-05,3.28730175e-05,6.525423027474915e-08
69,6,38383,38386,3,3.292333e-05,3.289225666666667e-05,6.4660314636482e-08
69,7,38379,38383,4,3.2900915e-05,3.29046625e-05,4.4909913368319034e-08
69,8,38375,38379,4,3.2891285e-05,3.28910275e-05,5.655022695577692e-08
69,9,38371,38375,4,3.291646e-05,3.29084325e-05,5.517085116934517e-08
69,10,38367,38371,4,3.293366e-05,3.291592e-05,6.33847099070422e-08
69,11,38363,38367,4,3.2914790000000005e-05,3.291222e-05,6.380373931048192e-08
69,12,38360,38363,3,3.286023e-05,3.289079e-05,4.477585733405699e-08
69,13,38356,38360,4,3.2924015e-05,3.292842749999999e-05,5.157993911154029e-08
69,14,38352,38356,4,3.2959265000000006e-05,3.29404525e-05,6.266301396158729e-08
69,15,38348,38352,4,3.2959265e-05,3.2943292499999996e-05,5.9529539883572466e-08
69,16,38344,38348,4,3.297739e-05,3.295564249999999e-05,6.321213585024485e-08
69,17,38340,38344,4,3.2971795e-05,3.2956219999999996e-05,6.219068619978331e-08
69,18,38337,38340,3,3.300993e-05,3.298456666666667e-05,5.6101901532440033e-08
69,19,38333,38337,4,3.29776e-05,3.29785725e-05,4.77368999700454e-08
69,20,38329,38333,4,3.295915e-05,3.2966807499999995e-05,5.80030776661899e-08
69,21,38325,38329,4,3.299879e-05,3.2989992500000004e-05,4.9039368050067196e-08
69,22,38321,38325,4,3.300434e-05,3.2984505e-05,6.010108880045517e-08
69,23,38317,38321,4,3.299726e-05,3.2983407500000004e-05,6.583631800723731e-08
69,24,38313,38317,4,3.2995380000000005e-05,3.2986224999999994e-05,6.420324972304646e-08
69,25,38310,38313,3,3.29351e-05,3.295841666666667e-05,4.913975466858518e-08
69,26,38306,38310,4,3.2981309999999996e-05,3.29904975e-05,5.476009878323891e-08
69,27,38302,38306,4,3.3000915e-05,3.2995449999999996e-05,5.594992269878619e-08
69,28,38298,38302,4,3.301527e-05,3.2998264999999996e-05,6.294555802437648e-08
69,29,38294,38298,4,3.299701e-05,3.2994622499999996e-05,6.357271402693034e-08
69,30,38290,38294,4,3.3014195e-05,3.3002087499999996e-05,5.996442836173917e-08
69,31,38287,38290,3,3.303544e-05,3.302578666666667e-05,3.362934267702587e-08
69,32,38283,38287,4,3.300605e-05,3.299438e-05,6.52100463885741e-08
69,33,38279,38283,4,3.299489e-05,3.299625e-05,5.5864264516772314e-08
69,34,38275,38279,4,3.2990715e-05,3.2995305e-05,6.047324718418772e-08
69,35,38271,38275,4,3.298379e-05,3.29929975e-05,5.3097938460452725e-08
69,36,38267,38271,4,3.301558e-05,3.29971025e-05,6.158964213851277e-08
69,37,38264,38267,3,3.298329e-05,3.2981789999999996e-05,6.003819839624322e-08
69,38,38260,38264,4,3.302419e-05,3.3011777499999996e-05,5.990414984581702e-08
69,39,38256,38260,4,3.3015465e-05,3.30137875e-05,6.183854638290043e-08
69,40,38252,38256,4,3.301509e-05,3.30254825e-05,5.276372635390635e-08
69,41,38248,38252,4,3.303443e-05,3.3024495e-05,5.994103456731601e-08
69,42,38244,38248,4,3.303859e-05,3.3033915e-05,6.179320694866146e-08
69,43,38241,38244,3,3.308845e-05,3.306147e-05,5.721225917581024e-08
69,44,38237,38241,4,3.304068e-05,3.3046965e-05,5.449535599479841e-08
69,45,38233,38237,4,3.3043615e-05,3.304828e-05,5.674912201964026e-08
69,46,38229,38233,4,3.304959e-05,3.3047247500000004e-05,5.668716714345634e-08
69,47,38225,38229,4,3.306397e-05,3.30578725e-05,5.295822097417952e-08
69,48,38221,38225,4,3.304801e-05,3.3050797499999995e-05,5.7270588601392014e-08
69,49,38217,38221,4,3.3063790000000006e-05,3.3061845000000006e-05,4.986288725093992e-08
69,50,38214,38217,3,3.306281e-05,3.30556e-05,6.85510209017117e-08
69,51,38210,38214,4,3.3079985e-05,3.3071294999999996e-05,5.84982540337739e-08
69,52,38206,38210,4,3.3091080000000004e-05,3.30822575e-05,6.251887769905844e-08
69,53,38202,38206,4,3.3052864999999994e-05,3.3070619999999996e-05,6.125595603694443e-08
69,54,38198,38202,4,3.3069819999999994e-05,3.3074800000000004e-05,5.7667755288376035e-08
69,55,38194,38198,4,3.3077575e-05,3.3078025e-05,5.51991904379055e-08
69,56,38191,38194,3,3.307517e-05,3.307319e-05,6.739184273090179e-08
69,57,38187,38191,4,3.308902e-05,3.30749925e-05,5.874449479525721e-08
69,58,38183,38187,4,3.3074554999999994e-05,3.3067672499999997e-05,5.932545970112517e-08
69,59,38179,38183,4,3.3068655e-05,3.30568475e-05,5.819983564195083e-08
69,60,38175,38179,4,3.3052694999999996e-05,3.305248e-05,5.7916521390707186e-08
69,61,38171,38175,4,3.305796e-05,3.3048277499999995e-05,5.8921767783647425e-08
69,62,38168,38171,3,3.305242e-05,3.3065376666666664e-05,3.313121824235044e-08
69,63,38164,38168,4,3.3025155e-05,3.3026582499999995e-05,5.3552212547662655e-08
69,64,38160,38164,4,3.3008144999999996e-05,3.30128825e-05,5.732966569543118e-08
69,65,38156,38160,4,3.3027599999999995e-05,3.3012955e-05,4.9769799326500874e-08
69,66,38152,38156,4,3.3005145e-05,3.2989645e-05,6.000764555454699e-08
69,67,38148,38152,4,3.2993109999999995e-05,3.2975955e-05,5.626693989368704e-08
69,68,38145,38148,3,3.293278e-05,3.293447999999999e-05,5.396748341980354e-08
69,69,38141,38145,4,3.2929405000000004e-05,3.2938869999999995e-05,5.9434285980401127e-08
69,70,38137,38141,4,3.2925155000000005e-05,3.2926247499999996e-05,6.140845518941146e-08
69,71,38133,38137,4,3.290553e-05,3.28986775e-05,6.744648596294826e-08
69,72,38129,38133,4,3.2888735e-05,3.2880164999999995e-05,6.762711752692244e-08
69,73,38125,38129,4,3.287026e-05,3.28638325e-05,6.700174862456915e-08
69,74,38121,38125,4,3.286476e-05,3.28373825e-05,7.222644542513566e-08
69,75,38118,38121,3,3.284126e-05,3.283133666666666e-05,2.467664257732212e-08
69,76,38114,38118,4,3.2777145000000005e-05,3.27611475e-05,5.3161319761175446e-08
69,77,38110,38114,4,3.272665e-05,3.27196975e-05,5.371120384752165e-08
69,78,38106,38110,4,3.2672825e-05,3.2672685e-05,4.3541595342845274e-08
69,79,38102,38106,4,3.262603e-05,3.2618085000000004e-05,4.7565137180501997e-08
69,80,38098,38102,4,3.2550324999999994e-05,3.2553665e-05,4.0072212629202653e-08
69,81,38095,38098,3,3.247054e-05,3.246318e-05,2.6384965415931237e-08
69,82,38091,38095,4,3.240989e-05,3.24173475e-05,7.315951488870116e-08
69,83,38087,38091,4,3.229417e-05,3.23108525e-05,7.310278598487248e-08
69,84,38083,38087,4,3.21683e-05,3.2189660000000005e-05,7.150112621490763e-08
69,85,38079,38083,4,3.1986204999999996e-05,3.2015512499999996e-05,8.782860080150313e-08
69,86,38075,38079,4,3.1797915e-05,3.1821595e-05,1.0040053996368854e-07
69,87,38072,38075,3,3.158567e-05,3.159331e-05,1.1784636778450126e-07
69,88,38068,38072,4,3.14457e-05,5.052929e-05,3.3154595525678644e-05
69,89,38064,38068,4,0.00027794905,0.0002771604,8.62521367948354e-05
69,90,38060,38064,4,0.0005118121,0.0005070742249999999,3.441503019302575e-05
69,91,38056,38060,4,0.0005719245,0.00057022005,4.143937853358802e-06
69,92,38052,38056,4,0.00057361645,0.0005751189,4.27898101713483e-06
69,93,38049,38052,3,0.0006029453,0.0006016329666666667,7.888888858106401e-06
69,94,38045,38049,4,0.0006243189,0.0006232933499999999,4.891877042864005e-06
69,95,38041,38045,4,0.0006312430000000001,0.0006312556500000001,4.127780850529767e-07
69,96,38037,38041,4,0.0006307505,0.00063077295,1.0987359782951013e-07
69,97,38033,38037,4,0.0006308735500000001,0.00063084245,1.335384682404141e-07
69,98,38029,38033,4,0.0006307717,0.0006308036,3.643920690684983e-07
69,99,38025,38029,4,0.0006310809,0.00063111545,2.939788130120908e-07
70,0,38631,38635,4,3.2128499999999996e-05,3.21146375e-05,5.9217504327268585e-08
70,1,38635,38639,4,3.2143555e-05,3.2132817499999996e-05,5.757676370507467e-08
70,2,38639,38643,4,3.2146e-05,3.2141500000000004e-05,5.8390864439565994e-08
70,3,38643,38647,4,3.2170015e-05,3.21603e-05,6.018594811083359e-08
70,4,38647,38651,4,3.2172265e-05,3.2170155e-05,5.434370455719654e-08
70,5,38651,38655,4,3.219675e-05,3.2185057500000005e-05,5.7540055341907654e-08
70,6,38655,38658,3,3.218666e-05,3.218988e-05,6.584900049861595e-08
70,7,38658,38662,4,3.220297e-05,3.22049825e-05,5.4781286209343847e-08
70,8,38662,38666,4,3.2204154999999996e-05,3.22130775e-05,5.692214655782141e-08
70,9,38666,38670,4,3.2209825e-05,3.22249175e-05,5.343785099300007e-08
70,10,38670,38674,4,3.2236345e-05,3.22334975e-05,5.967187041437452e-08
70,11,38674,38678,4,3.2257555e-05,3.224278e-05,5.7221731448812105e-08
70,12,38678,38681,3,3.224832e-05,3.224092333333333e-05,5.9471343425963774e-08
70,13,38681,38685,4,3.2290390000000004e-05,3.22710075e-05,5.848382741194321e-08
70,14,38685,38689,4,3.2294785e-05,3.22877875e-05,4.6855728771944455e-08
70,15,38689,38693,4,3.2293395000000005e-05,3.2298585e-05,4.523919456621816e-08
70,16,38693,38697,4,3.2300129999999995e-05,3.2290965e-05,6.290009916526281e-08
70,17,38697,38701,4,3.2322160000000004e-05,3.23057275e-05,6.020552025146821e-08
70,18,38701,38704,3,3.237043e-05,3.232032333333333e-05,7.184664702607255e-08
70,19,38704,38708,4,3.2325695e-05,3.23201275e-05,6.068863624065127e-08
70,20,38708,38712,4,3.2318695e-05,3.232834e-05,5.4709970297927e-08
70,21,38712,38716,4,3.233122e-05,3.23430125e-05,5.6537329427113857e-08
70,22,38716,38720,4,3.2358085000000003e-05,3.2344392500000004e-05,5.5645005335160585e-08
70,23,38720,38724,4,3.2383715e-05,3.2364732500000004e-05,6.363731545838644e-08
70,24,38724,38727,3,3.237436e-05,3.2362083333333336e-05,5.99705096044885e-08
70,25,38727,38731,4,3.2386135e-05,3.2377335e-05,5.607196380545159e-08
70,26,38731,38735,4,3.240562e-05,3.2393e-05,5.427321346668274e-08
70,27,38735,38739,4,3.2416130000000005e-05,3.24079975e-05,4.897188345112038e-08
70,28,38739,38743,4,3.240777e-05,3.24109675e-05,5.0493842384493955e-08
70,29,38743,38747,4,3.2419275e-05,3.242265e-05,5.252648427222191e-08
70,30,38747,38751,4,3.2432205e-05,3.2426625e-05,5.984657989392655e-08
70,31,38751,38754,3,3.249101e-05,3.244566333333333e-05,6.789042265952471e-08
70,32,38754,38758,4,3.244886e-05,3.2439962499999995e-05,6.35475945158439e-08
70,33,38758,38762,4,3.2463605e-05,3.24525125e-05,5.895170369675475e-08
70,34,38762,38766,4,3.245619e-05,3.2459052499999996e-05,5.83097038986664e-08
70,35,38766,38770,4,3.248659e-05,3.24813125e-05,5.445974080685603e-08
70,36,38770,38774,4,3.2492695e-05,3.2489845e-05,6.12687720213163e-08
70,37,38774,38777,3,3.247409e-05,3.247748e-05,3.698748527092291e-08
70,38,38777,38781,4,3.251954e-05,3.252064e-05,5.0557350108565695e-08
70,39,38781,38785,4,3.2517685e-05,3.25279975e-05,5.639061995358833e-08
70,40,38785,38789,4,3.2549145e-05,3.2544245e-05,5.716123533479606e-08
70,41,38789,38793,4,3.2575344999999996e-05,3.2560097500000003e-05,5.971217270163586e-08
70,42,38793,38797,4,3.2582999999999996e-05,3.257259e-05,5.317694002102945e-08
70,43,38797,38800,3,3.260622e-05,3.2619323333333334e-05,2.3413745725296775e-08
70,44,38800,38804,4,3.2586245e-05,3.25947525e-05,6.00793951263681e-08
70,45,38804,38808,4,3.2610309999999996e-05,3.2606829999999996e-05,6.477226451190343e-08
70,46,38808,38812,4,3.263169e-05,3.2620045e-05,6.311116561275026e-08
70,47,38812,38816,4,3.2634129999999995e-05,3.2631855e-05,5.629414423365784e-08
70,48,38816,38820,4,3.2643255e-05,3.264182e-05,5.980461813271478e-08
70,49,38820,38823,3,3.26588e-05,3.2637640000000004e-05,4.198898030039139e-08
70,50,38823,38827,4,3.2680755e-05,3.26778375e-05,4.962729509806099e-08
70,51,38827,38831,4,3.269244e-05,3.26946875e-05,5.21697145741662e-08
70,52,38831,38835,4,3.2720585e-05,3.27100775e-05,5.6648483816867964e-08
70,53,38835,38839,4,3.2720015e-05,3.272204e-05,4.9094234386534285e-08
70,54,38839,38843,4,3.2736105e-05,3.273916e-05,5.1424801895581235e-08
70,55,38843,38847,4,3.2758785e-05,3.27592225e-05,5.1782835657678525e-08
70,56,38847,38850,3,3.281236e-05,3.279317e-05,5.827089668093381e-08
70,57,38850,38854,4,3.278957e-05,3.279356e-05,5.212080534681049e-08
70,58,38854,38858,4,3.279462e-05,3.2805105e-05,5.5054934610804244e-08
70,59,38858,38862,4,3.282584e-05,3.281786e-05,6.534135290916596e-08
70,60,38862,38866,4,3.284378e-05,3.2830865e-05,6.09169411986536e-08
70,61,38866,38870,4,3.2849135e-05,3.28387975e-05,6.185133360526782e-08
70,62,38870,38873,3,3.286056e-05,3.284665e-05,6.842675061699013e-08
70,63,38873,38877,4,3.28427e-05,3.2852435e-05,5.474641061293632e-08
70,64,38877,38881,4,3.2852235e-05,3.2862432500000005e-05,5.673841219799742e-08
70,65,38881,38885,4,3.2864025e-05,3.28571875e-05,5.705618037294511e-08
70,66,38885,38889,4,3.287229e-05,3.2861995000000005e-05,5.8268742263754824e-08
70,67,38889,38893,4,3.283592e-05,3.284594e-05,5.860063694192885e-08
70,68,38893,38896,3,3.289551e-05,3.287852e-05,4.8220072583934866e-08
70,69,38896,38900,4,3.2841435e-05,3.2837265e-05,6.391824954580598e-08
70,70,38900,38904,4,3.2843545e-05,3.28271575e-05,5.3888932711179654e-08
70,71,38904,38908,4,3.2803839999999995e-05,3.2795862499999996e-05,5.469874787186764e-08
70,72,38908,38912,4,3.2783935e-05,3.278175e-05,5.14650536772276e-08
70,73,38912,38916,4,3.2763615e-05,3.2765265e-05,5.322887303898183e-08
70,74,38916,38919,3,3.273088e-05,3.275838333333333e-05,5.8863950673473866e-08
70,75,38919,38923,4,3.2761655000000005e-05,3.27616175e-05,5.8106897772552826e-08
70,76,38923,38927,4,3.277707e-05,3.27676725e-05,6.337235610856065e-08
70,77,38927,38931,4,3.2792445e-05,3.2776639999999997e-05,5.6092419719600687e-08
70,78,38931,38935,4,3.2814005e-05,3.279851e-05,6.526708550257142e-08
70,79,38935,38939,4,3.2808689999999996e-05,3.280533e-05,6.096958750065425e-08
70,80,38939,38943,4,3.2820345e-05,3.28137325e-05,6.359169929126027e-08
70,81,38943,38946,3,3.280803e-05,3.28072e-05,5.631274515299929e-08
70,82,38946,38950,4,3.2859895e-05,3.28444825e-05,5.6209091068527854e-08
70,83,38950,38954,4,3.2852449999999994e-05,3.2849535e-05,4.914106353142952e-08
70,84,38954,38958,4,3.2850175000000004e-05,3.28553375e-05,5.186475989291928e-08
70,85,38958,38962,4,3.2860265000000005e-05,3.286369e-05,5.301318468079439e-08
70,86,38962,38966,4,3.2884595e-05,3.286513e-05,6.317894704725759e-08
70,87,38966,38969,3,3.295378e-05,3.2916116666666665e-05,9.212721361730761e-08
70,88,38969,38973,4,3.3075785e-05,3.3117009999999996e-05,1.6734043758159732e-07
70,89,38973,38977,4,3.4982915e-05,3.5474629999999996e-05,1.807200985211662e-06
70,90,38977,38981,4,0.000345496175,0.00034195707499999996,0.0002899700328266796
70,91,38981,38985,4,0.0006319789,0.0006319285500000001,1.4602406479758738e-07
70,92,38985,38989,4,0.0006321536,0.0006320608,3.6312293372905516e-07
70,93,38989,38992,3,0.0006315911,0.0006316117666666667,1.9894611219012668e-07
70,94,38992,38996,4,0.00063165005,0.0006316326749999999,2.835836241305164e-07
70,95,38996,39000,4,0.00063179125,0.000631824675,2.0090087574474448e-07
70,96,39000,39004,4,0.0006317725,0.000631752,1.1766764636040883e-07
70,97,39004,39008,4,0.00063174705,0.00063174695,2.3940585310305176e-07
70,98,39008,39012,4,0.00063164625,0.0006317967750000001,3.87169506644065e-07
70,99,39012,39015,3,0.0006320244,0.0006320620666666667,7.410880889308756e-08
71,0,39618,39621,3,3.271446e-05,3.269112333333333e-05,4.884467240367463e-08
71,1,39614,39618,4,3.2599275e-05,3.260474e-05,6.789299264283291e-08
71,2,39610,39614,4,3.2623184999999995e-05,3.26196775e-05,5.7515884490723105e-08
71,3,39606,39610,4,3.2641055e-05,3.26333425e-05,4.5681171381104596e-08
71,4,39602,39606,4,3.2649049999999995e-05,3.263068e-05,6.320964641571668e-08
71,5,39598,39602,4,3.2657009999999997e-05,3.2637345e-05,6.673738850899082e-08
71,6,39595,39598,3,3.261629e-05,3.2618270000000004e-05,6.170220309410862e-08
71,7,39591,39595,4,3.264967e-05,3.2649419999999994e-05,5.944789146807479e-08
71,8,39587,39591,4,3.265037e-05,3.265899e-05,5.710067337606466e-08
71,9,39583,39587,4,3.264832e-05,3.26563275e-05,5.8550400671130555e-08
71,10,39579,39583,4,3.268246e-05,3.26746275e-05,5.674234854806433e-08
71,11,39575,39579,4,3.269218e-05,3.2680725e-05,5.57936400945482e-08
71,12,39572,39575,3,3.276057e-05,3.271313e-05,6.740165774420312e-08
71,13,39568,39572,4,3.2713349999999994e-05,3.2710307499999995e-05,6.122316243669649e-08
71,14,39564,39568,4,3.2724285e-05,3.2722642500000004e-05,5.996740797091552e-08
71,15,39560,39564,4,3.27304e-05,3.2737207500000006e-05,5.431255857304226e-08
71,16,39556,39560,4,3.2752125e-05,3.27486975e-05,4.75190953065187e-08
71,17,39552,39556,4,3.276985e-05,3.2753222499999995e-05,6.031893209225346e-08
71,18,39549,39552,3,3.27707e-05,3.2756786666666666e-05,6.772015570632595e-08
71,19,39545,39549,4,3.27641e-05,3.27591875e-05,5.398793123236031e-08
71,20,39541,39545,4,3.2761175e-05,3.275217e-05,5.4096903330965925e-08
71,21,39537,39541,4,3.2757465e-05,3.27409925e-05,6.053075927782453e-08
71,22,39533,39537,4,3.274466e-05,3.27275525e-05,5.630766749520093e-08
71,23,39529,39533,4,3.272972e-05,3.27142275e-05,6.279415234518322e-08
71,24,39525,39529,4,3.268729e-05,3.2683865e-05,5.920738530791645e-08
71,25,39522,39525,3,3.260891e-05,3.265678e-05,6.815145241788071e-08
71,26,39518,39522,4,3.265349e-05,3.264464e-05,6.880839265671e-08
71,27,39514,39518,4,3.2636695000000005e-05,3.2614700000000005e-05,6.579581711628893e-08
71,28,39510,39514,4,3.2589205e-05,3.258032e-05,5.9034685990526186e-08
71,29,39506,39510,4,3.257922e-05,3.2561499999999996e-05,6.32808952212262e-08
71,30,39502,39506,4,3.256646e-05,3.254914e-05,6.283111490336448e-08
71,31,39499,39502,3,3.25683e-05,3.255280333333333e-05,4.486573476001032e-08
71,32,39495,39499,4,3.2495795e-05,3.250838e-05,5.364542151945539e-08
71,33,39491,39495,4,3.2484545e-05,3.2496135e-05,5.3488608366641504e-08
71,34,39487,39491,4,3.2507714999999995e-05,3.2500465e-05,5.3374403275351933e-08
71,35,39483,39487,4,3.252994e-05,3.2516185000000005e-05,5.98874296075553e-08
71,36,39479,39483,4,3.2530465e-05,3.25201925e-05,5.8191927436284426e-08
71,37,39476,39479,3,3.25424e-05,3.251369333333334e-05,4.7392383588739374e-08
71,38,39472,39476,4,3.2558625e-05,3.254563e-05,5.3447886300582995e-08
71,39,39468,39472,4,3.2555085e-05,3.25515125e-05,5.467268256405589e-08
71,40,39464,39468,4,3.255397e-05,3.2555655e-05,5.636061856473885e-08
71,41,39460,39464,4,3.25651e-05,3.2570484999999995e-05,5.160143869118317e-08
71,42,39456,39460,4,3.2566840000000004e-05,3.2563485000000007e-05,5.7797488050952686e-08
71,43,39453,39456,3,3.252005e-05,3.254819666666666e-05,6.158614851481777e-08
71,44,39449,39453,4,3.2563045e-05,3.2572145e-05,5.589449995303585e-08
71,45,39445,39449,4,3.2582415e-05,3.257961e-05,5.488007060855547e-08
71,46,39441,39445,4,3.258676e-05,3.258186499999999e-05,5.42335530368423e-08
71,47,39437,39441,4,3.2609055e-05,3.2587052500000005e-05,6.07637541528663e-08
71,48,39433,39437,4,3.257906e-05,3.2589987499999994e-05,4.5305989325364435e-08
71,49,39429,39433,4,3.2585095e-05,3.258448e-05,5.072081377501906e-08
71,50,39426,39429,3,3.259878e-05,3.2588513333333333e-05,6.483744511383069e-08
71,51,39422,39426,4,3.2601795e-05,3.25948225e-05,5.483673831246896e-08
71,52,39418,39422,4,3.2604095e-05,3.25916075e-05,5.7369213161329674e-08
71,53,39414,39418,4,3.260588e-05,3.2587107499999996e-05,6.023335594792844e-08
71,54,39410,39414,4,3.2589585e-05,3.2580752500000005e-05,6.034274909837856e-08
71,55,39406,39410,4,3.2579475e-05,3.25788275e-05,5.723491127581198e-08
71,56,39403,39406,3,3.262223e-05,3.258656333333333e-05,7.322130579429993e-08
71,57,39399,39403,4,3.2594750000000005e-05,3.2579095e-05,6.388449518466871e-08
71,58,39395,39399,4,3.259662e-05,3.258447e-05,5.791310300786957e-08
71,59,39391,39395,4,3.2584745e-05,3.25809575e-05,6.164450517888812e-08
71,60,39387,39391,4,3.2584175000000004e-05,3.2593344999999995e-05,5.148081997210346e-08
71,61,39383,39387,4,3.2609345e-05,3.260299e-05,5.2963695584806895e-08
71,62,39380,39383,3,3.25975e-05,3.2589610000000005e-05,5.669102280491035e-08
71,63,39376,39380,4,3.2609645e-05,3.25946225e-05,6.260672582678257e-08
71,64,39372,39376,4,3.25823e-05,3.2590995e-05,5.587539060266206e-08
71,65,39368,39372,4,3.2600495e-05,3.2600465e-05,5.817292604812081e-08
71,66,39364,39368,4,3.2619015e-05,3.2605245e-05,6.175840367917736e-08
71,67,39360,39364,4,3.2616275e-05,3.2600772499999996e-05,6.127956444647783e-08
71,68,39357,39360,3,3.266217e-05,3.2615526666666664e-05,7.296657514841412e-08
71,69,39353,39357,4,3.2622440000000004e-05,3.2609985e-05,6.02753604302782e-08
71,70,39349,39353,4,3.2608910000000006e-05,3.26158225e-05,4.9094701534381616e-08
71,71,39345,39349,4,3.2633745e-05,3.2614492499999994e-05,5.791673306351166e-08
71,72,39341,39345,4,3.261104e-05,3.2603505e-05,6.28922787391273e-08
71,73,39337,39341,4,3.26073e-05,3.261227e-05,6.32632227285332e-08
71,74,39333,39337,4,3.2608955e-05,3.2611955e-05,5.8615664501906626e-08
71,75,39330,39333,3,3.260788e-05,3.2593e-05,3.988613125720066e-08
71,76,39326,39330,4,3.264908e-05,3.2635715000000004e-05,5.850862051869063e-08
71,77,39322,39326,4,3.2670335e-05,3.2655639999999996e-05,5.4922349276046306e-08
71,78,39318,39322,4,3.267594e-05,3.2672042499999994e-05,5.301911512605805e-08
71,79,39314,39318,4,3.2672945e-05,3.26763475e-05,5.4212894395613544e-08
71,80,39310,39314,4,3.269967e-05,3.2690315e-05,6.04936746693395e-08
71,81,39307,39310,3,3.27132e-05,3.2684789999999995e-05,7.25374813458515e-08
71,82,39303,39307,4,3.2683470000000004e-05,3.2668265000000005e-05,6.482401503301123e-08
71,83,39299,39303,4,3.2642715e-05,3.2631434999999996e-05,5.631519000234453e-08
71,84,39295,39299,4,3.2573745e-05,3.25599325e-05,6.298919009441321e-08
71,85,39291,39295,4,3.2489920000000004e-05,3.24664175e-05,6.611925527975945e-08
71,86,39287,39291,4,3.234854e-05,3.2323805e-05,6.612557050793636e-08
71,87,39284,39287,3,3.217038e-05,3.216829333333333e-05,1.4275333815906304e-08
71,88,39280,39284,4,3.192399e-05,3.1922500000000005e-05,1.9753317442900326e-08
71,89,39276,39280,4,0.00012760885,0.00012592927,6.809209775822522e-05
71,90,39272,39276,4,0.00040337935,0.000394117525,6.261359220705896e-05
71,91,39268,39272,4,0.0005304879,0.00052869025,2.0022094856120828e-05
71,92,39264,39268,4,0.0005718384,0.000571497175,6.267388161896055e-06
71,93,39261,39264,3,0.0005981057,0.0005975504,8.13709045584885e-06
71,94,39257,39261,4,0.0006227968,0.000622178375,5.627940933580881e-06
71,95,39253,39257,4,0.0006313801,0.000631280575,2.437642136881538e-07
71,96,39249,39253,4,0.000631368,0.000631346425,1.499504980818859e-07
71,97,39245,39249,4,0.0006314674500000001,0.0006314244499999999,1.5524265683116106e-07
71,98,39241,39245,4,0.0006313631,0.00063141185,2.1353896014546042e-07
71,99,39237,39241,4,0.0006315538,0.00063155575,4.891352062570711e-08
72,0,39843,39847,4,3.266312e-05,3.266113e-05,5.355347747812583e-08
72,1,39847,39851,4,3.2680645e-05,3.266206e-05,6.393363238546794e-08
72,2,39851,39855,4,3.267719e-05,3.26702775e-05,5.5227078672966016e-08
72,3,39855,39859,4,3.2688454999999994e-05,3.2677872499999996e-05,6.082471881357114e-08
72,4,39859,39863,4,3.267761e-05,3.26805325e-05,6.295627704010099e-08
72,5,39863,39867,4,3.269171e-05,3.269666e-05,5.966151607191871e-08
72,6,39867,39870,3,3.265233e-05,3.267799e-05,5.963893079747938e-08
72,7,39870,39874,4,3.2714535e-05,3.2708885e-05,5.708726324671701e-08
72,8,39874,39878,4,3.271367e-05,3.27058075e-05,5.687464038347913e-08
72,9,39878,39882,4,3.271171e-05,3.27182075e-05,5.552905607652468e-08
72,10,39882,39886,4,3.274621e-05,3.2738110000000005e-05,6.482459409822878e-08
72,11,39886,39890,4,3.2764495e-05,3.2744715e-05,6.217820136510722e-08
72,12,39890,39893,3,3.279694e-05,3.2790313333333336e-05,2.3313164140079507e-08
72,13,39893,39897,4,3.278124e-05,3.2760185e-05,6.34792601957525e-08
72,14,39897,39901,4,3.278707e-05,3.27669775e-05,6.433654807922315e-08
72,15,39901,39905,4,3.277512e-05,3.27672475e-05,5.717882054353622e-08
72,16,39905,39909,4,3.2786575e-05,3.27747625e-05,5.6841431357329916e-08
72,17,39909,39913,4,3.279459e-05,3.27816525e-05,5.874900398092002e-08
72,18,39913,39916,3,3.283368e-05,3.2791749999999997e-05,7.009829146753015e-08
72,19,39916,39920,4,3.279768e-05,3.27910625e-05,5.971478475846604e-08
72,20,39920,39924,4,3.2792720000000003e-05,3.278565e-05,6.443410044378792e-08
72,21,39924,39928,4,3.280806e-05,3.279765749999999e-05,6.184561074764956e-08
72,22,39928,39932,4,3.2818559999999995e-05,3.280605e-05,6.273850093841865e-08
72,23,39932,39936,4,3.2818175e-05,3.2810712500000005e-05,5.817641419639142e-08
72,24,39936,39939,3,3.281122e-05,3.2786903333333334e-05,3.583397115711428e-08
72,25,39939,39943,4,3.2801405e-05,3.281487e-05,5.4856898836882707e-08
72,26,39943,39947,4,3.2811455e-05,3.2817407500000006e-05,6.283667534768281e-08
72,27,39947,39951,4,3.2833585e-05,3.2825565000000004e-05,6.520889605720943e-08
72,28,39951,39955,4,3.2839875e-05,3.28310675e-05,5.256170296660889e-08
72,29,39955,39959,4,3.284633e-05,3.2838395e-05,5.6778896387652604e-08
72,30,39959,39963,4,3.2836769999999995e-05,3.2835225e-05,5.708842899397437e-08
72,31,39963,39966,3,3.287643e-05,3.2875960000000006e-05,3.459247413335178e-08
72,32,39966,39970,4,3.2834164999999996e-05,3.2845067499999996e-05,5.523732043419495e-08
72,33,39970,39974,4,3.2854425000000004e-05,3.28531375e-05,5.477249920124168e-08
72,34,39974,39978,4,3.287136e-05,3.28580825e-05,5.979424277261219e-08
72,35,39978,39982,4,3.2862929999999995e-05,3.2863309999999995e-05,5.237501026252865e-08
72,36,39982,39986,4,3.287401e-05,3.28705275e-05,5.959156499664988e-08
72,37,39986,39989,3,3.285475e-05,3.287181666666666e-05,6.315219570388732e-08
72,38,39989,39993,4,3.286058e-05,3.28687825e-05,5.786069061763896e-08
72,39,39993,39997,4,3.289759e-05,3.28972925e-05,5.8350929459177174e-08
72,40,39997,40001,4,3.289108e-05,3.2898955e-05,5.531149315467636e-08
72,41,40001,40005,4,3.2888545000000005e-05,3.2904295e-05,6.13047765267921e-08
72,42,40005,40009,4,3.291437e-05,3.291611e-05,5.323994740793887e-08
72,43,40009,40012,3,3.293246e-05,3.290028333333334e-05,4.704744154101734e-08
72,44,40012,40016,4,3.2920595e-05,3.29191425e-05,5.526836091969783e-08
72,45,40016,40020,4,3.291519e-05,3.2920554999999995e-05,5.3720645239982014e-08
72,46,40020,40024,4,3.291775e-05,3.292354e-05,5.762893977855192e-08
72,47,40024,40028,4,3.29281e-05,3.2927332500000005e-05,5.487848229269865e-08
72,48,40028,40032,4,3.2922255000000005e-05,3.2926842500000004e-05,6.200379600274721e-08
72,49,40032,40035,3,3.298112e-05,3.295942e-05,4.167828451364073e-08
72,50,40035,40039,4,3.295268e-05,3.29364625e-05,6.302651877384866e-08
72,51,40039,40043,4,3.2940415e-05,3.29369025e-05,6.38571951212235e-08
72,52,40043,40047,4,3.293673e-05,3.2942610000000006e-05,5.5871196514841495e-08
72,53,40047,40051,4,3.2932625e-05,3.2941335000000005e-05,6.464581289611832e-08
72,54,40051,40055,4,3.294485e-05,3.293954e-05,6.515532480158546e-08
72,55,40055,40059,4,3.2964039999999994e-05,3.294709e-05,6.546584682107015e-08
72,56,40059,40062,3,3.294749e-05,3.29312e-05,5.485460965133268e-08
72,57,40062,40066,4,3.2955064999999996e-05,3.2950325000000004e-05,5.5631076072640475e-08
72,58,40066,40070,4,3.294706e-05,3.29514375e-05,5.1989523163327065e-08
72,59,40070,40074,4,3.300026e-05,3.29723925e-05,6.759579734532343e-08
72,60,40074,40078,4,3.2968505e-05,3.295421e-05,5.9301429578046277e-08
72,61,40078,40082,4,3.2958625e-05,3.2951795e-05,5.6509848920343304e-08
72,62,40082,40085,3,3.294415e-05,3.2940830000000004e-05,6.308539661971475e-08
72,63,40085,40089,4,3.2968655e-05,3.2953365e-05,6.218810838898466e-08
72,64,40089,40093,4,3.2966145e-05,3.29499175e-05,6.107491971955554e-08
72,65,40093,40097,4,3.296621e-05,3.295756e-05,4.870826110630456e-08
72,66,40097,40101,4,3.295025e-05,3.2954922500000003e-05,5.362974938175621e-08
72,67,40101,40105,4,3.2958785e-05,3.2949235e-05,6.318646393809487e-08
72,68,40105,40108,3,3.29936e-05,3.29538e-05,7.11169464098858e-08
72,69,40108,40112,4,3.2960530000000006e-05,3.2945335e-05,6.410063435723627e-08
72,70,40112,40116,4,3.296608e-05,3.2945485e-05,6.268050953047407e-08
72,71,40116,40120,4,3.2957815e-05,3.29439525e-05,6.559030011175362e-08
72,72,40120,40124,4,3.296179e-05,3.2948417499999996e-05,6.015677117956007e-08
72,73,40124,40128,4,3.295117e-05,3.294219e-05,5.695901904000671e-08
72,74,40128,40131,3,3.295029e-05,3.292324666666667e-05,4.896324086041982e-08
72,75,40131,40135,4,3.2959985e-05,3.29535225e-05,5.516576264994347e-08
72,76,40135,40139,4,3.2952605e-05,3.2953485e-05,5.4928398165247236e-08
72,77,40139,40143,4,3.2946894999999994e-05,3.2957289999999996e-05,5.4782069603110645e-08
72,78,40143,40147,4,3.2954690000000004e-05,3.296591e-05,5.72155258649249e-08
72,79,40147,40151,4,3.296804e-05,3.2973375000000003e-05,5.407637631165666e-08
72,80,40151,40155,4,3.298991e-05,3.29784975e-05,6.554754243104777e-08
72,81,40155,40158,3,3.302495e-05,3.3013476666666666e-05,2.841303143903342e-08
72,82,40158,40162,4,3.2994839999999994e-05,3.298835e-05,5.982462787180532e-08
72,83,40162,40166,4,3.2989965e-05,3.2991115000000004e-05,5.981841125439718e-08
72,84,40166,40170,4,3.2995380000000005e-05,3.3002095e-05,6.01076407372644e-08
72,85,40170,40174,4,3.3014955e-05,3.3015565e-05,5.7050350787704824e-08
72,86,40174,40178,4,3.303677e-05,3.3028065e-05,6.574660998865062e-08
72,87,40178,40181,3,3.300818e-05,3.303710333333333e-05,7.26936890123359e-08
72,88,40181,40185,4,3.3169865e-05,3.32230575e-05,9.813899081786927e-08
72,89,40185,40189,4,3.404823e-05,3.4275134999999996e-05,7.168370020618345e-07
72,90,40189,40193,4,4.974541e-05,0.0001924605675,0.0002541240086643849
72,91,40193,40197,4,0.0006319213,0.000631941375,3.093154892258199e-07
72,92,40197,40201,4,0.0006317196,0.000631936825,4.0428562536280426e-07
72,93,40201,40204,3,0.0006317369,0.0006318033,1.8495320128792976e-07
72,94,40204,40208,4,0.0006316054,0.0006316485,2.8879244276816237e-07
72,95,40208,40212,4,0.00063155865,0.0006315337,1.2337351822820063e-07
72,96,40212,40216,4,0.0006317084500000001,0.00063173265,2.4955350628670373e-07
72,97,40216,40220,4,0.0006315781000000001,0.000631530825,1.396491205665021e-07
72,98,40220,40224,4,0.0006314610500000001,0.00063144345,1.0123567799940635e-07
72,99,40224,40227,3,0.0006315975,0.0006316901333333334,1.450105819893474e-07
73,0,40831,40834,3,3.348263e-05,3.3461473333333334e-05,8.424195167624248e-08
73,1,40827,40831,4,3.3438455e-05,3.3427385e-05,5.2809635721143655e-08
73,2,40823,40827,4,3.341629e-05,3.34180375e-05,5.659868433762363e-08
73,3,40819,40823,4,3.344437e-05,3.34265725e-05,6.353198579258905e-08
73,4,40815,40819,4,3.3444265e-05,3.3434215e-05,5.9108008129186346e-08
73,5,40811,40815,4,3.3453350000000004e-05,3.344085e-05,6.080000328947497e-08
73,6,40808,40811,3,3.350851e-05,3.348217e-05,4.39758327569418e-08
73,7,40804,40808,4,3.3459714999999995e-05,3.3456175e-05,6.533238419803745e-08
73,8,40800,40804,4,3.345369e-05,3.346048e-05,6.298111899609283e-08
73,9,40796,40800,4,3.3463250000000005e-05,3.3466967500000004e-05,6.585053810524201e-08
73,10,40792,40796,4,3.3466355e-05,3.34737325e-05,6.106339589926206e-08
73,11,40788,40792,4,3.3502455000000003e-05,3.3492515e-05,6.178252038400543e-08
73,12,40784,40788,4,3.3514534999999995e-05,3.3506495e-05,5.865863129156602e-08
73,13,40781,40784,3,3.350769e-05,3.348384e-05,4.248259957519779e-08
73,14,40777,40781,4,3.3496055e-05,3.349166e-05,6.605956895106203e-08
73,15,40773,40777,4,3.350778e-05,3.34945025e-05,6.542665487971926e-08
73,16,40769,40773,4,3.352753e-05,3.3517395e-05,5.8606464020617726e-08
73,17,40765,40769,4,3.3544145e-05,3.35491825e-05,5.2981800825848885e-08
73,18,40761,40765,4,3.356732e-05,3.3567290000000006e-05,5.901065242818351e-08
73,19,40757,40761,4,3.358544e-05,3.3580685e-05,5.5634846319551814e-08
73,20,40754,40757,3,3.359991e-05,3.361429e-05,3.1280464617181096e-08
73,21,40750,40754,4,3.3595e-05,3.3587425000000005e-05,5.7574940946559264e-08
73,22,40746,40750,4,3.3588400000000005e-05,3.3583657499999995e-05,5.513677102215911e-08
73,23,40742,40746,4,3.359335e-05,3.3582735e-05,6.016305406975337e-08
73,24,40738,40742,4,3.3598339999999996e-05,3.358782e-05,5.699951227861491e-08
73,25,40734,40738,4,3.3611440000000004e-05,3.3593155e-05,6.245983409360029e-08
73,26,40731,40734,3,3.357465e-05,3.357318999999999e-05,6.560545861435561e-08
73,27,40727,40731,4,3.36008e-05,3.3585987499999996e-05,6.162197877989768e-08
73,28,40723,40727,4,3.3595505e-05,3.3588805e-05,6.414497349753824e-08
73,29,40719,40723,4,3.3598444999999996e-05,3.3596552499999996e-05,6.395691376817758e-08
73,30,40715,40719,4,3.3586145e-05,3.35868575e-05,6.501946223055115e-08
73,31,40711,40715,4,3.3577550000000005e-05,3.358984e-05,6.161628315632175e-08
73,32,40707,40711,4,3.3613115e-05,3.36005075e-05,6.157816957940519e-08
73,33,40704,40707,3,3.360042e-05,3.359401666666667e-05,6.689791742315665e-08
73,34,40700,40704,4,3.361632e-05,3.35997125e-05,6.30101390154796e-08
73,35,40696,40700,4,3.360847e-05,3.35944675e-05,6.007478063838457e-08
73,36,40692,40696,4,3.3597885e-05,3.3589117500000005e-05,6.089617162638469e-08
73,37,40688,40692,4,3.360578e-05,3.35896025e-05,6.37905641043403e-08
73,38,40684,40688,4,3.3594605e-05,3.3576315e-05,6.496741741057495e-08
73,39,40680,40684,4,3.3581225e-05,3.35626025e-05,6.579199889614329e-08
73,40,40677,40680,3,3.355392e-05,3.357236e-05,2.8211520105563603e-08
73,41,40673,40677,4,3.3538564999999995e-05,3.3530272499999994e-05,5.6042993038827264e-08
73,42,40669,40673,4,3.3506405e-05,3.3495895000000005e-05,4.714529271305877e-08
73,43,40665,40669,4,3.343835e-05,3.3430327499999996e-05,4.8869102393537005e-08
73,44,40661,40665,4,3.3365155e-05,3.33593425e-05,4.4834266122576595e-08
73,45,40657,40661,4,3.3300185e-05,3.3292697500000004e-05,4.758208873883048e-08
73,46,40654,40657,3,3.32095e-05,3.320841666666667e-05,4.613433452670675e-08
73,47,40650,40654,4,3.3141919999999997e-05,3.31610175e-05,6.810429221972694e-08
73,48,40646,40650,4,3.3063645e-05,3.3082355e-05,6.810136727702479e-08
73,49,40642,40646,4,3.302752e-05,3.30246275e-05,7.21166923725016e-08
73,50,40638,40642,4,3.2958115000000007e-05,3.2958772499999995e-05,6.719058876620833e-08
73,51,40634,40638,4,3.2919345000000005e-05,3.29151525e-05,6.59308734110964e-08
73,52,40630,40634,4,3.2881185000000005e-05,3.2873287500000005e-05,6.75626473633912e-08
73,53,40627,40630,3,3.290512e-05,3.285646e-05,7.542913141927872e-08
73,54,40623,40627,4,3.284333e-05,3.2838014999999994e-05,5.7555581180281564e-08
73,55,40619,40623,4,3.2795505e-05,3.2806227499999996e-05,5.214011141865559e-08
73,56,40615,40619,4,3.276896e-05,3.2779042500000005e-05,6.016310637550266e-08
73,57,40611,40615,4,3.2761495e-05,3.2761555000000005e-05,6.161978842060311e-08
73,58,40607,40611,4,3.2747944999999995e-05,3.2740835e-05,6.64661208812426e-08
73,59,40603,40607,4,3.2732965e-05,3.27317925e-05,5.545522670362068e-08
73,60,40600,40603,3,3.275522e-05,3.274075666666667e-05,4.833281861794806e-08
73,61,40596,40600,4,3.2711675000000006e-05,3.2703467500000004e-05,5.622123236598399e-08
73,62,40592,40596,4,3.269763e-05,3.2687855e-05,5.471109965080052e-08
73,63,40588,40592,4,3.2685679999999996e-05,3.267503e-05,5.871546814937162e-08
73,64,40584,40588,4,3.2647574999999994e-05,3.26476175e-05,5.153570479531579e-08
73,65,40580,40584,4,3.2639035e-05,3.2640605e-05,5.055441548470316e-08
73,66,40577,40580,3,3.263719e-05,3.2626669999999995e-05,6.015576946561182e-08
73,67,40573,40577,4,3.2627685e-05,3.261494e-05,5.594011932414682e-08
73,68,40569,40573,4,3.259044e-05,3.2582742499999995e-05,5.4215761718803105e-08
73,69,40565,40569,4,3.2556635e-05,3.2569570000000005e-05,6.105420665277768e-08
73,70,40561,40565,4,3.2559395000000005e-05,3.2556185e-05,6.558063605211677e-08
73,71,40557,40561,4,3.2563675e-05,3.2547755e-05,6.640692377305188e-08
73,72,40553,40557,4,3.254188e-05,3.25224775e-05,6.558919513723258e-08
73,73,40550,40553,3,3.255554e-05,3.251591333333333e-05,7.26097612048278e-08
73,74,40546,40550,4,3.2493485e-05,3.24807025e-05,6.358122064532829e-08
73,75,40542,40546,4,3.2474235e-05,3.24597275e-05,6.350363468928145e-08
73,76,40538,40542,4,3.243503e-05,3.24350875e-05,5.289578309043409e-08
73,77,40534,40538,4,3.2391215000000004e-05,3.2391955e-05,5.866258113141588e-08
73,78,40530,40534,4,3.2365124999999994e-05,3.2369184999999994e-05,4.5217651697098275e-08
73,79,40526,40530,4,3.2302445e-05,3.2309125e-05,5.3286034052086414e-08
73,80,40523,40526,3,3.228844e-05,3.2272556666666666e-05,4.9803218325280004e-08
73,81,40519,40523,4,3.2227975e-05,3.22098625e-05,4.6339679743714254e-08
73,82,40515,40519,4,3.213608e-05,3.21370575e-05,6.252546456244756e-08
73,83,40511,40515,4,3.2039145e-05,3.20483875e-05,6.166841508219599e-08
73,84,40507,40511,4,3.1915985e-05,3.194776750000001e-05,7.039122827987933e-08
73,85,40503,40507,4,3.1783855e-05,3.18089975e-05,7.113589824237645e-08
73,86,40500,40503,3,3.160596e-05,3.164539333333334e-05,8.445060778677633e-08
73,87,40496,40500,4,3.1466495e-05,3.14808475e-05,1.1035419846453494e-07
73,88,40492,40496,4,3.124931e-05,3.12374625e-05,1.2641223781244522e-07
73,89,40488,40492,4,6.917955e-05,8.15097875e-05,5.3385455555707955e-05
73,90,40484,40488,4,0.0003112433,0.00030873385,6.489688174687209e-05
73,91,40480,40484,4,0.0004988274,0.0004949978499999999,3.468879005856935e-05
73,92,40476,40480,4,0.0005738322999999999,0.0005733972000000001,1.23526873543776e-05
73,93,40473,40476,3,0.000609192,0.0006080771,5.525221357255029e-06
73,94,40469,40473,4,0.0006272637499999999,0.0006265204749999999,3.258105192727072e-06
73,95,40465,40469,4,0.0006312708,0.000631183425,1.6933815835483321e-07
73,96,40461,40465,4,0.0006310458000000001,0.000631075875,1.5824413693718543e-07
73,97,40457,40461,4,0.0006313093499999999,0.0006312923250000001,1.3356096688404667e-07
73,98,40453,40457,4,0.0006310479999999999,0.000631016325,1.6012472287252058e-07
73,99,40449,40453,4,0.0006311726,0.0006312049250000001,1.1252182843786363e-07
74,0,41056,41060,4,3.1968285e-05,3.1977795000000004e-05,5.740577257558771e-08
74,1,41060,41064,4,3.1989799999999997e-05,3.1979075e-05,5.0781691828847985e-08
74,2,41064,41068,4,3.2026075e-05,3.20119475e-05,5.1383978230087135e-08
74,3,41068,41072,4,3.2048575e-05,3.203494e-05,5.859468277924184e-08
74,4,41072,41076,4,3.2060395e-05,3.20502925e-05,5.0940964053990894e-08
74,5,41076,41080,4,3.2075145e-05,3.20704175e-05,5.176642028139285e-08
74,6,41080,41083,3,3.210111e-05,3.2096629999999996e-05,4.718565036110154e-08
74,7,41083,41087,4,3.20912e-05,3.20990325e-05,5.4246952621783336e-08
74,8,41087,41091,4,3.213396e-05,3.2124912500000006e-05,5.309665779265339e-08
74,9,41091,41095,4,3.2155924999999997e-05,3.213245e-05,6.622804579632325e-08
74,10,41095,41099,4,3.2166384999999996e-05,3.21501575e-05,6.149736554316714e-08
74,11,41099,41103,4,3.216161e-05,3.2158305e-05,5.496678565279399e-08
74,12,41103,41107,4,3.2165604999999996e-05,3.216793e-05,5.8746079443652046e-08
74,13,41107,41110,3,3.213519e-05,3.216868666666667e-05,5.8181195320213145e-08
74,14,41110,41114,4,3.2166595e-05,3.2177962499999997e-05,5.833955620974453e-08
74,15,41114,41118,4,3.2180675e-05,3.218301e-05,5.942622779547928e-08
74,16,41118,41122,4,3.220256e-05,3.2189082499999995e-05,5.8469504177389194e-08
74,17,41122,41126,4,3.220149e-05,3.2194195000000004e-05,5.4634908941078496e-08
74,18,41126,41130,4,3.2179735e-05,3.21949625e-05,5.312949339820482e-08
74,19,41130,41133,3,3.224501e-05,3.2235663333333336e-05,4.4220075631878534e-08
74,20,41133,41137,4,3.222521e-05,3.222434e-05,5.511581805616309e-08
74,21,41137,41141,4,3.224424e-05,3.222683e-05,5.8768043612153667e-08
74,22,41141,41145,4,3.2251889999999995e-05,3.2235824999999996e-05,6.429835787171941e-08
74,23,41145,41149,4,3.2264774999999995e-05,3.22501875e-05,6.412850161004862e-08
74,24,41149,41153,4,3.227815e-05,3.2259612499999996e-05,6.361782233580655e-08
74,25,41153,41157,4,3.2289895000000004e-05,3.227111e-05,6.398018013416405e-08
74,26,41157,41160,3,3.232995e-05,3.228645333333333e-05,7.071364900466724e-08
74,27,41160,41164,4,3.2304199999999995e-05,3.2292467500000004e-05,5.949320859350404e-08
74,28,41164,41168,4,3.2309705e-05,3.230098e-05,6.184681196310854e-08
74,29,41168,41172,4,3.232849e-05,3.232125e-05,5.75130059203987e-08
74,30,41172,41176,4,3.2321385e-05,3.232877e-05,5.0438973522465566e-08
74,31,41176,41180,4,3.2339875000000003e-05,3.2341185e-05,6.091377368871363e-08
74,32,41180,41184,4,3.2349405e-05,3.2351822499999996e-05,5.9321587291221386e-08
74,33,41184,41187,3,3.233156e-05,3.2341109999999995e-05,5.354471589242094e-08
74,34,41187,41191,4,3.237711e-05,3.23749725e-05,5.5815231512105384e-08
74,35,41191,41195,4,3.2390819999999996e-05,3.23890325e-05,5.62430961874435e-08
74,36,41195,41199,4,3.239931e-05,3.24018425e-05,5.9223095315510695e-08
74,37,41199,41203,4,3.2436034999999995e-05,3.24194875e-05,5.9479453752954614e-08
74,38,41203,41207,4,3.2460035e-05,3.2439325e-05,5.8606338607696784e-08
74,39,41207,41210,3,3.248082e-05,3.248258666666666e-05,2.7960268636446928e-08
74,40,41210,41214,4,3.248286e-05,3.24630425e-05,6.334825900330583e-08
74,41,41214,41218,4,3.2489285e-05,3.24759975e-05,6.161099430093486e-08
74,42,41218,41222,4,3.2491185000000004e-05,3.2486324999999996e-05,6.011679070775466e-08
74,43,41222,41226,4,3.250815e-05,3.249663e-05,6.304726362023936e-08
74,44,41226,41230,4,3.2525575e-05,3.25117925e-05,6.18887616514506e-08
74,45,41230,41234,4,3.253654e-05,3.2522295000000005e-05,6.082460583513981e-08
74,46,41234,41237,3,3.251464e-05,3.2515489999999997e-05,5.717016762846288e-08
74,47,41237,41241,4,3.255033e-05,3.2542395e-05,5.642357729708345e-08
74,48,41241,41245,4,3.2572155e-05,3.2562154999999995e-05,5.5292940100882436e-08
74,49,41245,41249,4,3.2588685e-05,3.25775075e-05,5.637796572021769e-08
74,50,41249,41253,4,3.2587059999999996e-05,3.25860075e-05,4.748107221567202e-08
74,51,41253,41257,4,3.2595595e-05,3.25980025e-05,5.7237328455737756e-08
74,52,41257,41261,4,3.2637395e-05,3.26158e-05,6.172489489663017e-08
74,53,41261,41264,3,3.264121e-05,3.2645079999999995e-05,3.218445069698475e-08
74,54,41264,41268,4,3.263033e-05,3.262566e-05,5.8728643352285726e-08
74,55,41268,41272,4,3.2626245e-05,3.2630659999999996e-05,5.9334265395301484e-08
74,56,41272,41276,4,3.263923e-05,3.26440125e-05,5.554770804227572e-08
74,57,41276,41280,4,3.2644925e-05,3.264302e-05,6.190221684237275e-08
74,58,41280,41284,4,3.2662225e-05,3.2655712500000004e-05,6.196059569395617e-08
74,59,41284,41287,3,3.264452e-05,3.263475666666667e-05,4.9817484436246946e-08
74,60,41287,41291,4,3.265511e-05,3.265826e-05,5.2570660543690986e-08
74,61,41291,41295,4,3.2652565000000004e-05,3.266211e-05,5.845623790494885e-08
74,62,41295,41299,4,3.265999e-05,3.2670682499999994e-05,5.557323878225994e-08
74,63,41299,41303,4,3.268532e-05,3.267428e-05,6.424897392176728e-08
74,64,41303,41307,4,3.2694700000000004e-05,3.267867e-05,5.971518651063465e-08
74,65,41307,41311,4,3.271168e-05,3.2689292499999995e-05,6.34688050836799e-08
74,66,41311,41314,3,3.272565e-05,3.2716076666666664e-05,2.98610217879788e-08
74,67,41314,41318,4,3.2700599999999997e-05,3.2690125e-05,6.05878475851388e-08
74,68,41318,41322,4,3.270471e-05,3.26946075e-05,6.212537741334027e-08
74,69,41322,41326,4,3.269543e-05,3.26927275e-05,6.548978369753435e-08
74,70,41326,41330,4,3.2714915e-05,3.270125e-05,6.041295763327562e-08
74,71,41330,41334,4,3.2715984999999995e-05,3.27042975e-05,6.151720181176785e-08
74,72,41334,41338,4,3.272162e-05,3.27103525e-05,5.992099439053141e-08
74,73,41338,41341,3,3.27091e-05,3.269265666666667e-05,4.610758023964589e-08
74,74,41341,41345,4,3.270512e-05,3.27174025e-05,4.94021858701611e-08
74,75,41345,41349,4,3.273696e-05,3.2729305e-05,6.281570046572597e-08
74,76,41349,41353,4,3.2763080000000003e-05,3.2740425e-05,6.502803030232445e-08
74,77,41353,41357,4,3.275919e-05,3.27433175e-05,5.753750966760874e-08
74,78,41357,41361,4,3.276267e-05,3.27493375e-05,5.8347473113666734e-08
74,79,41361,41364,3,3.27796e-05,3.2793596666666666e-05,2.4773698867056112e-08
74,80,41364,41368,4,3.2769355e-05,3.27645125e-05,5.357008044375196e-08
74,81,41368,41372,4,3.2786599999999995e-05,3.2773112500000004e-05,5.963408688619373e-08
74,82,41372,41376,4,3.276577e-05,3.2774957500000004e-05,6.097971440364347e-08
74,83,41376,41380,4,3.277962e-05,3.27860025e-05,5.8311746833290756e-08
74,84,41380,41384,4,3.2789515e-05,3.27950125e-05,6.722651462592848e-08
74,85,41384,41388,4,3.2817140000000004e-05,3.281048e-05,6.490388624728287e-08
74,86,41388,41391,3,3.282566e-05,3.2807450000000004e-05,4.013370237925568e-08
74,87,41391,41395,4,3.2854055e-05,3.2857755e-05,4.295024010410393e-08
74,88,41395,41399,4,3.2971625e-05,3.2968587500000004e-05,1.6384168234914066e-08
74,89,41399,41403,4,3.3410945e-05,3.3517592499999995e-05,3.022461915703004e-07
74,90,41403,41407,4,3.979297e-05,4.1709505e-05,6.5501823245483025e-06
74,91,41407,41411,4,0.0006316378,0.00049150226,0.0002430293613108235
74,92,41411,41415,4,0.0006315797,0.000631611025,1.1006003759311356e-07
74,93,41415,41418,3,0.0006315625,0.0006316083,6.654657516857124e-08
74,94,41418,41422,4,0.0006314548999999999,0.0006314671,3.006771690700525e-07
74,95,41422,41426,4,0.0006317038,0.0006317038,8.168980964599739e-08
74,96,41426,41430,4,0.00063174005,0.0006317194499999999,1.747851609833967e-07
74,97,41430,41434,4,0.0006315421,0.00063157755,2.480733913582537e-07
74,98,41434,41438,4,0.00063158985,0.0006315601,2.0201513557155945e-07
74,99,41438,41441,3,0.0006315266,0.0006314779666666666,1.010320851126976e-07
75,0,42044,42047,3,3.191482e-05,3.190587666666666e-05,4.051713738928562e-08
75,1,42040,42044,4,3.189778e-05,3.1878747500000004e-05,5.946010863385685e-08
75,2,42036,42040,4,3.18978e-05,3.18842375e-05,5.810256421837203e-08
75,3,42032,42036,4,3.1905755e-05,3.189709e-05,6.041718008977421e-08
75,4,42028,42032,4,3.1905709999999996e-05,3.1903959999999995e-05,5.502103915776315e-08
75,5,42024,42028,4,3.1920350000000003e-05,3.1916655e-05,5.7374428755325205e-08
75,6,42021,42024,3,3.191757e-05,3.1896733333333336e-05,3.714781494994808e-08
75,7,42017,42021,4,3.194897e-05,3.19408175e-05,5.01566592662417e-08
75,8,42013,42017,4,3.1955119999999996e-05,3.19480425e-05,5.56111281017577e-08
75,9,42009,42013,4,3.197949e-05,3.1964682500000005e-05,5.757690612346412e-08
75,10,42005,42009,4,3.1979885e-05,3.19718925e-05,6.102521748220282e-08
75,11,42001,42005,4,3.1985335e-05,3.199408e-05,5.306703732073284e-08
75,12,41998,42001,3,3.202973e-05,3.203480333333333e-05,3.502411486707732e-08
75,13,41994,41998,4,3.2015575000000004e-05,3.2015570000000004e-05,5.77768210444272e-08
75,14,41990,41994,4,3.2055030000000006e-05,3.204563e-05,5.082827018500788e-08
75,15,41986,41990,4,3.2065495e-05,3.204923e-05,5.945661821866437e-08
75,16,41982,41986,4,3.207781e-05,3.2061895e-05,6.13763413295401e-08
75,17,41978,41982,4,3.2086944999999996e-05,3.20703e-05,6.09718471919626e-08
75,18,41975,41978,3,3.207213e-05,3.2068573333333336e-05,6.624521634721165e-08
75,19,41971,41975,4,3.2107844999999994e-05,3.20985775e-05,5.966380995838267e-08
75,20,41967,41971,4,3.2106865e-05,3.2105745e-05,5.162523631907149e-08
75,21,41963,41967,4,3.2117095e-05,3.211098e-05,5.648542599644651e-08
75,22,41959,41963,4,3.213596e-05,3.2122052499999995e-05,5.933199068588397e-08
75,23,41955,41959,4,3.2134224999999996e-05,3.21240525e-05,5.873712130118386e-08
75,24,41951,41955,4,3.2134040000000004e-05,3.213849e-05,5.759748866053038e-08
75,25,41948,41951,3,3.212181e-05,3.2144786666666666e-05,5.584314122810574e-08
75,26,41944,41948,4,3.2150255e-05,3.2155345e-05,5.321458752071568e-08
75,27,41940,41944,4,3.2168005e-05,3.21667e-05,5.104378953408646e-08
75,28,41936,41940,4,3.216913e-05,3.21678275e-05,5.1649926125311006e-08
75,29,41932,41936,4,3.2193015e-05,3.218217e-05,5.753658792455453e-08
75,30,41928,41932,4,3.21989e-05,3.2187065e-05,5.636400646689374e-08
75,31,41925,41928,3,3.224314e-05,3.2230099999999995e-05,3.09074759025492e-08
75,32,41921,41925,4,3.2223894999999994e-05,3.2204929999999996e-05,6.158667104171233e-08
75,33,41917,41921,4,3.2234875000000004e-05,3.2214897500000005e-05,6.593710464336379e-08
75,34,41913,41917,4,3.221843e-05,3.22166275e-05,6.84937520417014e-08
75,35,41909,41913,4,3.222162e-05,3.2223085000000006e-05,6.800481692497998e-08
75,36,41905,41909,4,3.221543e-05,3.22314225e-05,6.340416759764498e-08
75,37,41902,41905,3,3.224879e-05,3.222816000000001e-05,3.961953137868701e-08
75,38,41898,41902,4,3.2274335e-05,3.226081e-05,5.802776619860479e-08
75,39,41894,41898,4,3.228582e-05,3.227203e-05,5.5127763876291546e-08
75,40,41890,41894,4,3.230379e-05,3.2287632500000005e-05,5.8427202301240335e-08
75,41,41886,41890,4,3.2313705e-05,3.2301355e-05,5.8202050865926556e-08
75,42,41882,41886,4,3.2330405000000005e-05,3.23127575e-05,5.5059299566469254e-08
75,43,41879,41882,3,3.231742e-05,3.231383666666667e-05,6.047793114480311e-08
75,44,41875,41879,4,3.2351204999999996e-05,3.23343575e-05,6.018144995552953e-08
75,45,41871,41875,4,3.2348005e-05,3.23358825e-05,5.5663433856977494e-08
75,46,41867,41871,4,3.236952e-05,3.23526575e-05,5.988257024168229e-08
75,47,41863,41867,4,3.2370174999999995e-05,3.23627575e-05,5.380852970254866e-08
75,48,41859,41863,4,3.237999e-05,3.23664125e-05,5.601598940257931e-08
75,49,41855,41859,4,3.236572e-05,3.2368727500000006e-05,5.266919943145164e-08
75,50,41852,41855,3,3.240938e-05,3.241826666666667e-05,2.5477928138334577e-08
75,51,41848,41852,4,3.2417875e-05,3.24002075e-05,6.280816761178618e-08
75,52,41844,41848,4,3.2426125e-05,3.240838e-05,6.804366428992292e-08
75,53,41840,41844,4,3.241729e-05,3.2409375e-05,6.726405633769075e-08
75,54,41836,41840,4,3.2406705e-05,3.241578e-05,5.887809312469401e-08
75,55,41832,41836,4,3.241931e-05,3.24157075e-05,5.5579075367894035e-08
75,56,41829,41832,3,3.241485e-05,3.2403679999999995e-05,5.175566120403414e-08
75,57,41825,41829,4,3.2444045e-05,3.24303825e-05,5.712903437613935e-08
75,58,41821,41825,4,3.2452894999999995e-05,3.24357275e-05,6.026349408016305e-08
75,59,41817,41821,4,3.2451235e-05,3.24375775e-05,6.095391799343156e-08
75,60,41813,41817,4,3.245046e-05,3.24362375e-05,5.84214683891967e-08
75,61,41809,41813,4,3.245133e-05,3.2438825e-05,6.040469745806387e-08
75,62,41806,41809,3,3.248317e-05,3.244647666666667e-05,6.826287147653584e-08
75,63,41802,41806,4,3.2448529999999995e-05,3.2434014999999996e-05,6.340171507932395e-08
75,64,41798,41802,4,3.243204e-05,3.2429207499999995e-05,5.875359153915576e-08
75,65,41794,41798,4,3.2424139999999996e-05,3.2427505e-05,4.651611360593328e-08
75,66,41790,41794,4,3.242952e-05,3.2418974999999994e-05,5.715964901046879e-08
75,67,41786,41790,4,3.24173e-05,3.24027275e-05,5.8361035535278974e-08
75,68,41783,41786,3,3.238136e-05,3.237992666666666e-05,6.069048927870592e-08
75,69,41779,41783,4,3.238999e-05,3.237958e-05,5.6765110323156074e-08
75,70,41775,41779,4,3.237021e-05,3.2365977499999997e-05,6.319146001438867e-08
75,71,41771,41775,4,3.235501e-05,3.23536075e-05,5.893467416343376e-08
75,72,41767,41771,4,3.233994e-05,3.233414e-05,6.448993719953554e-08
75,73,41763,41767,4,3.23171e-05,3.2313930000000005e-05,5.862422835313244e-08
75,74,41759,41763,4,3.227289e-05,3.22863875e-05,6.107493650221961e-08
75,75,41756,41759,3,3.229127e-05,3.227037e-05,7.059891406152453e-08
75,76,41752,41756,4,3.2264675e-05,3.22452175e-05,6.349760522059202e-08
75,77,41748,41752,4,3.224779e-05,3.2220675e-05,6.723531382391312e-08
75,78,41744,41748,4,3.2189445e-05,3.2192597500000004e-05,4.6317188696530456e-08
75,79,41740,41744,4,3.2139149999999995e-05,3.2142332500000005e-05,5.376927718269984e-08
75,80,41736,41740,4,3.209508e-05,3.20923025e-05,5.62918286143748e-08
75,81,41733,41736,3,3.205734e-05,3.204965e-05,4.7071805432408116e-08
75,82,41729,41733,4,3.199055e-05,3.1982270000000005e-05,4.139115968416347e-08
75,83,41725,41729,4,3.1892725e-05,3.18919825e-05,3.745437716408949e-08
75,84,41721,41725,4,3.1820990000000005e-05,3.18053725e-05,3.9674018182560344e-08
75,85,41717,41721,4,3.1694275e-05,3.1682485e-05,3.7959854122479505e-08
75,86,41713,41717,4,3.1545215e-05,3.15450625e-05,3.542990782869705e-08
75,87,41710,41713,3,3.135066e-05,3.136490666666667e-05,5.281714136738429e-08
75,88,41706,41710,4,3.116901e-05,3.11954325e-05,1.097925228271468e-07
75,89,41702,41706,4,3.0892119999999997e-05,3.09215775e-05,1.2598540815804793e-07
75,90,41698,41702,4,0.00016695365000000002,0.0001580276875,8.687893771525103e-05
75,91,41694,41698,4,0.0004261749,0.000416544475,5.597412877622014e-05
75,92,41690,41694,4,0.0005564975,0.000554605025,2.1370485283724257e-05
75,93,41687,41690,3,0.0006016886,0.0006005511,7.876562829474935e-06
75,94,41683,41687,4,0.0006231435,0.000622299625,4.962778593880153e-06
75,95,41679,41683,4,0.0006309436499999999,0.000630724125,5.385326702020735e-07
75,96,41675,41679,4,0.00063088835,0.0006308587,2.2411047498944643e-07
75,97,41671,41675,4,0.00063080345,0.0006308716250000001,1.7219605650247207e-07
75,98,41667,41671,4,0.00063115005,0.000631087975,2.1345013908403895e-07
75,99,41663,41667,4,0.0006311007499999999,0.00063098085,2.8417324381438676e-07
76,0,42270,42274,4,3.2014199999999996e-05,3.20054525e-05,6.444641625994285e-08
76,1,42274,42278,4,3.2025160000000004e-05,3.201637e-05,6.078086993454626e-08
76,2,42278,42282,4,3.2032415e-05,3.2028865e-05,5.483060390876587e-08
76,3,42282,42286,4,3.2040090000000004e-05,3.20411525e-05,5.600694036233321e-08
76,4,42286,42290,4,3.2036595e-05,3.2049085e-05,5.8139196115874833e-08
76,5,42290,42294,4,3.2059335e-05,3.206926e-05,5.5374283291072103e-08
76,6,42294,42297,3,3.202964e-05,3.205232333333333e-05,4.382087199294502e-08
76,7,42297,42301,4,3.2098605e-05,3.2101397499999994e-05,4.357550193342674e-08
76,8,42301,42305,4,3.2112989999999995e-05,3.21127525e-05,4.9830292180059336e-08
76,9,42305,42309,4,3.212227e-05,3.21284975e-05,5.142599847110463e-08
76,10,42309,42313,4,3.2135635e-05,3.21431875e-05,5.158589263306563e-08
76,11,42313,42317,4,3.2164444999999996e-05,3.21563075e-05,6.037677010862951e-08
76,12,42317,42320,3,3.220332e-05,3.2203266666666664e-05,2.9524540451783277e-08
76,13,42320,42324,4,3.218193e-05,3.2182445e-05,5.762189926581609e-08
76,14,42324,42328,4,3.2176034999999994e-05,3.2187404999999996e-05,6.059943667229994e-08
76,15,42328,42332,4,3.22006e-05,3.2202129999999997e-05,5.9121895267319556e-08
76,16,42332,42336,4,3.2204334999999995e-05,3.2204415e-05,6.281643117051461e-08
76,17,42336,42340,4,3.222415e-05,3.22149175e-05,6.075841027174773e-08
76,18,42340,42343,3,3.220997e-05,3.2195836666666666e-05,5.5907842224702657e-08
76,19,42343,42347,4,3.2232575e-05,3.22211125e-05,5.61193631356401e-08
76,20,42347,42351,4,3.2226529999999996e-05,3.22245975e-05,4.942595996791484e-08
76,21,42351,42355,4,3.221634e-05,3.22230675e-05,5.706146921303451e-08
76,22,42355,42359,4,3.221694e-05,3.2221095e-05,5.899129448486358e-08
76,23,42359,42363,4,3.2213480000000005e-05,3.22166125e-05,6.135226457719439e-08
76,24,42363,42366,3,3.224188e-05,3.222495666666667e-05,5.191067734312743e-08
76,25,42366,42370,4,3.217263e-05,3.2180417500000006e-05,5.8169967068497956e-08
76,26,42370,42374,4,3.213563e-05,3.2137492500000005e-05,5.778813345964777e-08
76,27,42374,42378,4,3.21238e-05,3.2114522500000004e-05,5.78369394829112e-08
76,28,42378,42382,4,3.211814e-05,3.2098955e-05,5.823864073791505e-08
76,29,42382,42386,4,3.216242e-05,3.213607e-05,6.969128604065397e-08
76,30,42386,42390,4,3.223881e-05,3.22044875e-05,7.620759456084423e-08
76,31,42390,42393,3,3.229725e-05,3.228461333333333e-05,8.531545867478365e-08
76,32,42393,42397,4,3.2391305e-05,3.24047875e-05,9.049701994402761e-08
76,33,42397,42401,4,3.2535355000000004e-05,3.2573685e-05,8.657026351467269e-08
76,34,42401,42405,4,3.2731569999999995e-05,3.2764375000000006e-05,8.303409555718526e-08
76,35,42405,42409,4,3.2909799999999994e-05,3.294277e-05,7.677205025268023e-08
76,36,42409,42413,4,3.310151e-05,3.31140975e-05,4.55804982284098e-08
76,37,42413,42416,3,3.329382e-05,3.328589333333333e-05,2.740129599530379e-08
76,38,42416,42420,4,3.344811e-05,3.3429035000000004e-05,6.088913757806146e-08
76,39,42420,42424,4,3.3575765e-05,3.35568575e-05,6.878823423195265e-08
76,40,42424,42428,4,3.3634145e-05,3.36286125e-05,6.297850441817274e-08
76,41,42428,42432,4,3.3675560000000004e-05,3.3655652500000004e-05,6.109009223065638e-08
76,42,42432,42436,4,3.3702569999999996e-05,3.36788125e-05,6.802956613671668e-08
76,43,42436,42439,3,3.374329e-05,3.3709046666666664e-05,8.148081832895198e-08
76,44,42439,42443,4,3.375155e-05,3.3729415e-05,6.727045915556078e-08
76,45,42443,42447,4,3.373981e-05,3.3735645e-05,6.55745142948077e-08
76,46,42447,42451,4,3.3773055e-05,3.37623775e-05,6.146645807877819e-08
76,47,42451,42455,4,3.3793524999999996e-05,3.37804575e-05,6.353246114192129e-08
76,48,42455,42459,4,3.3797679999999995e-05,3.3789975e-05,6.268251051928209e-08
76,49,42459,42462,3,3.380718e-05,3.3785583333333334e-05,4.0110203467724316e-08
76,50,42462,42466,4,3.382709e-05,3.38178175e-05,5.496020349989494e-08
76,51,42466,42470,4,3.3819145e-05,3.38208275e-05,5.336043120843577e-08
76,52,42470,42474,4,3.3825145e-05,3.38348925e-05,5.6119090501805343e-08
76,53,42474,42478,4,3.385142e-05,3.38479575e-05,6.318889197279934e-08
76,54,42478,42482,4,3.3874124999999996e-05,3.38634525e-05,5.7351076439331174e-08
76,55,42482,42486,4,3.38865e-05,3.38748775e-05,5.749652744949112e-08
76,56,42486,42489,3,3.388544e-05,3.390432666666667e-05,3.250121775496419e-08
76,57,42489,42493,4,3.3884435e-05,3.38785775e-05,6.124056228309608e-08
76,58,42493,42497,4,3.3891325e-05,3.3889205e-05,5.992299746341046e-08
76,59,42497,42501,4,3.3896755e-05,3.3894997499999996e-05,5.504376185136614e-08
76,60,42501,42505,4,3.3881425000000006e-05,3.388764e-05,5.94512308535311e-08
76,61,42505,42509,4,3.3904805e-05,3.3900745e-05,5.758404835542503e-08
76,62,42509,42512,3,3.384776e-05,3.3885753333333335e-05,6.37086207318559e-08
76,63,42512,42516,4,3.3893315e-05,3.38944875e-05,5.8115282574810844e-08
76,64,42516,42520,4,3.3886185e-05,3.3891085000000004e-05,5.639659320384536e-08
76,65,42520,42524,4,3.3884115000000004e-05,3.3888965000000005e-05,5.532986196440383e-08
76,66,42524,42528,4,3.3886875e-05,3.38798275e-05,6.110352337427102e-08
76,67,42528,42532,4,3.388301e-05,3.38821325e-05,5.869159964381582e-08
76,68,42532,42535,3,3.389818e-05,3.389559333333333e-05,6.083200382108708e-08
76,69,42535,42539,4,3.387934e-05,3.3888525e-05,6.022767366418854e-08
76,70,42539,42543,4,3.3880755e-05,3.389123e-05,5.6162460327162e-08
76,71,42543,42547,4,3.3885295e-05,3.38917375e-05,5.504094810911244e-08
76,72,42547,42551,4,3.3893900000000004e-05,3.38967425e-05,5.644748372381201e-08
76,73,42551,42555,4,3.3898485e-05,3.3901567499999995e-05,5.2244757811190445e-08
76,74,42555,42558,3,3.393267e-05,3.392813666666667e-05,4.625143913676804e-08
76,75,42558,42562,4,3.388881e-05,3.389985e-05,5.7855145406439225e-08
76,76,42562,42566,4,3.390546e-05,3.39045225e-05,5.586602293657535e-08
76,77,42566,42570,4,3.3914835e-05,3.3912452500000004e-05,5.677838909963974e-08
76,78,42570,42574,4,3.3898225e-05,3.3907395e-05,6.025290885094306e-08
76,79,42574,42578,4,3.3912759999999995e-05,3.3909297499999994e-05,6.501141683389094e-08
76,80,42578,42582,4,3.3931835e-05,3.3917965e-05,6.730583722828177e-08
76,81,42582,42585,3,3.391311e-05,3.390229333333333e-05,5.539505533489134e-08
76,82,42585,42589,4,3.3945230000000004e-05,3.39278125e-05,6.493250125130088e-08
76,83,42589,42593,4,3.3939889999999996e-05,3.393191e-05,5.5539217225307864e-08
76,84,42593,42597,4,3.3945245e-05,3.39409425e-05,5.564635584429559e-08
76,85,42597,42601,4,3.394526e-05,3.39460125e-05,5.380695372114935e-08
76,86,42601,42605,4,3.3971230000000006e-05,3.3962385000000004e-05,5.9388772297465123e-08
76,87,42605,42608,3,3.399459e-05,3.398515666666667e-05,5.6893941290402835e-08
76,88,42608,42612,4,3.4064635e-05,3.404308e-05,5.7904238618603464e-08
76,89,42612,42616,4,3.4333225e-05,3.4326722499999996e-05,1.6780238770276684e-07
76,90,42616,42620,4,3.748869e-05,3.84873625e-05,3.394221643671602e-06
76,91,42620,42624,4,0.00035380864000000004,0.0003488640475,0.0002835207130532166
76,92,42624,42628,4,0.0006320801,0.000632049075,2.1727965131369077e-07
76,93,42628,42631,3,0.0006320257,0.0006320102666666666,1.2739268250395572e-07
76,94,42631,42635,4,0.00063203445,0.000631997975,1.7000197609142435e-07
76,95,42635,42639,4,0.00063211665,0.000632136425,2.0673930897389272e-07
76,96,42639,42643,4,0.0006321079,0.000632112325,1.857945421022655e-07
76,97,42643,42647,4,0.00063200885,0.000632053625,2.377610499535078e-07
76,98,42647,42651,4,0.0006317515,0.0006318425,1.775074223800246e-07
76,99,42651,42654,3,0.0006322956,0.0006321497666666666,3.2095750843724523e-07
77,0,43257,43260,3,3.352263e-05,3.3519789999999996e-05,2.3503072139616568e-08
77,1,43253,43257,4,3.3463735000000005e-05,3.3451095e-05,5.726246872952734e-08
77,2,43249,43253,4,3.3457204999999996e-05,3.344567e-05,6.19420967517245e-08
77,3,43245,43249,4,3.347366e-05,3.34531375e-05,6.423640220894835e-08
77,4,43241,43245,4,3.3481765000000006e-05,3.3462612500000005e-05,6.973715916747916e-08
77,5,43237,43241,4,3.346747e-05,3.347222e-05,5.902743557024984e-08
77,6,43234,43237,3,3.342645e-05,3.344592666666666e-05,3.9104867841344266e-08
77,7,43230,43234,4,3.3475915000000004e-05,3.348159e-05,5.562014697931129e-08
77,8,43226,43230,4,3.3488135000000005e-05,3.34862025e-05,5.6133605075302514e-08
77,9,43222,43226,4,3.3507785e-05,3.3493012500000004e-05,6.63245397175895e-08
77,10,43218,43222,4,3.3512645e-05,3.34988025e-05,6.22594363831693e-08
77,11,43214,43218,4,3.350654e-05,3.3508465000000004e-05,5.9523545551320955e-08
77,12,43211,43214,3,3.355159e-05,3.352312666666667e-05,6.317758058749149e-08
77,13,43207,43211,4,3.3517535e-05,3.35275425e-05,5.0077556537335544e-08
77,14,43203,43207,4,3.3544335e-05,3.353605e-05,4.809398455108411e-08
77,15,43199,43203,4,3.354883e-05,3.353116e-05,6.620563382371538e-08
77,16,43195,43199,4,3.3549375e-05,3.3535674999999996e-05,6.755495633186233e-08
77,17,43191,43195,4,3.3548235e-05,3.3540219999999996e-05,6.740446832369536e-08
77,18,43188,43191,3,3.349616e-05,3.351333e-05,5.082456558266623e-08
77,19,43184,43188,4,3.3541745e-05,3.355062e-05,6.044008975837067e-08
77,20,43180,43184,4,3.3536965e-05,3.354876e-05,6.132196710804396e-08
77,21,43176,43180,4,3.3550879999999996e-05,3.35609025e-05,5.518510957450382e-08
77,22,43172,43176,4,3.3548585000000005e-05,3.3552872500000003e-05,5.788737745614276e-08
77,23,43168,43172,4,3.356691e-05,3.356527e-05,5.2831553072003286e-08
77,24,43164,43168,4,3.358117e-05,3.3565865e-05,6.347468412682304e-08
77,25,43161,43164,3,3.362969e-05,3.357797e-05,7.424894342682584e-08
77,26,43157,43161,4,3.35765e-05,3.35728325e-05,6.207016125925643e-08
77,27,43153,43157,4,3.3574715e-05,3.357315e-05,6.103342076272592e-08
77,28,43149,43153,4,3.3571465e-05,3.35817025e-05,5.5006545690037754e-08
77,29,43145,43149,4,3.355807e-05,3.3570987500000003e-05,6.214161905478525e-08
77,30,43141,43145,4,3.3572975000000004e-05,3.35814325e-05,5.58115545272645e-08
77,31,43138,43141,3,3.360364e-05,3.359495e-05,5.882786244629458e-08
77,32,43134,43138,4,3.35748e-05,3.3581784999999996e-05,5.855550764018628e-08
77,33,43130,43134,4,3.357786e-05,3.35851375e-05,5.506134686647286e-08
77,34,43126,43130,4,3.358208e-05,3.3589707500000005e-05,5.474875403833248e-08
77,35,43122,43126,4,3.3569859999999996e-05,3.35820725e-05,5.967090470866134e-08
77,36,43118,43122,4,3.357789e-05,3.35834575e-05,5.355947832783735e-08
77,37,43115,43118,3,3.358343e-05,3.3559650000000007e-05,4.412193634312288e-08
77,38,43111,43115,4,3.3612905e-05,3.3595075000000005e-05,6.260420213531819e-08
77,39,43107,43111,4,3.3589835000000004e-05,3.3585415e-05,6.15997980922009e-08
77,40,43103,43107,4,3.3584874999999996e-05,3.35933125e-05,6.630781340649119e-08
77,41,43099,43103,4,3.3618015e-05,3.36051125e-05,5.815428031323108e-08
77,42,43095,43099,4,3.3613875e-05,3.3603954999999996e-05,6.062933304102911e-08
77,43,43092,43095,3,3.361146e-05,3.3632743333333335e-05,3.124453481099491e-08
77,44,43088,43092,4,3.362077e-05,3.3610375000000004e-05,6.12922909100323e-08
77,45,43084,43088,4,3.3618584999999996e-05,3.36130075e-05,5.722810602099299e-08
77,46,43080,43084,4,3.361696e-05,3.3613257500000006e-05,5.8312887672879547e-08
77,47,43076,43080,4,3.36244e-05,3.36176825e-05,5.903010646060193e-08
77,48,43072,43076,4,3.3633504999999996e-05,3.36248075e-05,5.824748808961629e-08
77,49,43068,43072,4,3.362942e-05,3.36187125e-05,6.02498350101485e-08
77,50,43065,43068,3,3.361293e-05,3.361330666666667e-05,6.850049845722994e-08
77,51,43061,43065,4,3.3637455e-05,3.3624974999999996e-05,6.13323399602529e-08
77,52,43057,43061,4,3.36388e-05,3.362381e-05,6.318986864996639e-08
77,53,43053,43057,4,3.362548e-05,3.3620965e-05,6.000815340435049e-08
77,54,43049,43053,4,3.3623285e-05,3.36245425e-05,5.934216392035318e-08
77,55,43045,43049,4,3.3641305e-05,3.36324425e-05,5.7423170138454694e-08
77,56,43042,43045,3,3.362033e-05,3.361996e-05,6.583872163602985e-08
77,57,43038,43042,4,3.3641644999999996e-05,3.3628474999999997e-05,5.943346300696433e-08
77,58,43034,43038,4,3.3634569999999996e-05,3.3623095e-05,6.158257769044904e-08
77,59,43030,43034,4,3.3620875e-05,3.36159175e-05,5.739557272778213e-08
77,60,43026,43030,4,3.362128e-05,3.3613815e-05,6.081894174515192e-08
77,61,43022,43026,4,3.3614635000000004e-05,3.36030275e-05,6.119574714594037e-08
77,62,43019,43022,3,3.362569e-05,3.362957333333334e-05,3.405672555539704e-08
77,63,43015,43019,4,3.3600685000000004e-05,3.35943975e-05,5.7430392813822676e-08
77,64,43011,43015,4,3.3590275e-05,3.358587e-05,5.4095105601152815e-08
77,65,43007,43011,4,3.358492e-05,3.357615e-05,5.901038383200068e-08
77,66,43003,43007,4,3.3577115e-05,3.35684475e-05,5.862240585944875e-08
77,67,42999,43003,4,3.355245e-05,3.3546725000000004e-05,6.322066612271468e-08
77,68,42996,42999,3,3.348509e-05,3.3512e-05,4.462383742650094e-08
77,69,42992,42996,4,3.351734e-05,3.352194e-05,6.013899317414583e-08
77,70,42988,42992,4,3.351866e-05,3.351035e-05,6.163679258365127e-08
77,71,42984,42988,4,3.3505175000000004e-05,3.3492339999999994e-05,6.338706926495426e-08
77,72,42980,42984,4,3.349152e-05,3.3476479999999996e-05,7.075750136911277e-08
77,73,42976,42980,4,3.3452459999999996e-05,3.34583475e-05,6.4252187268215e-08
77,74,42972,42976,4,3.345204e-05,3.3437765000000005e-05,6.399494999607366e-08
77,75,42969,42972,3,3.345889e-05,3.344731333333333e-05,2.4771995389059263e-08
77,76,42965,42969,4,3.338609e-05,3.337891e-05,5.727240609578242e-08
77,77,42961,42965,4,3.335368e-05,3.3349340000000006e-05,5.266556370152999e-08
77,78,42957,42961,4,3.3311445000000004e-05,3.33093275e-05,4.9727298526564465e-08
77,79,42953,42957,4,3.3274755e-05,3.327128e-05,4.8106527103918085e-08
77,80,42949,42953,4,3.321378e-05,3.3219742499999996e-05,4.8466660383709734e-08
77,81,42946,42949,3,3.314207e-05,3.316085666666666e-05,3.284517451451304e-08
77,82,42942,42946,4,3.309799e-05,3.311757e-05,6.316552896952623e-08
77,83,42938,42942,4,3.3033465e-05,3.30449575e-05,6.847759428272983e-08
77,84,42934,42938,4,3.29443e-05,3.2951162500000005e-05,6.553660975935659e-08
77,85,42930,42934,4,3.282374e-05,3.284116e-05,6.915099493138033e-08
77,86,42926,42930,4,3.2684555000000006e-05,3.2703367500000004e-05,6.868829499084942e-08
77,87,42923,42926,3,3.249651e-05,3.253683e-05,8.646108064711416e-08
77,88,42919,42923,4,3.236465e-05,3.2374655e-05,1.1469180299829548e-07
77,89,42915,42919,4,3.2104590000000004e-05,3.211736e-05,1.2604822945999697e-07
77,90,42911,42915,4,7.3042595e-05,8.58474925e-05,5.6893668939558374e-05
77,91,42907,42911,4,0.00035401750000000004,0.00034685650000000005,8.242829185798405e-05
77,92,42903,42907,4,0.00054451765,0.000541248625,2.7467597422451692e-05
77,93,42900,42903,3,0.0006030502,0.0006008766,9.155805519996596e-06
77,94,42896,42900,4,0.00062379475,0.000623005625,5.064220573975319e-06
77,95,42892,42896,4,0.0006313655,0.000631296425,2.8276379166185737e-07
77,96,42888,42892,4,0.0006314574999999999,0.0006313585499999999,2.420613816782562e-07
77,97,42884,42888,4,0.00063141005,0.0006314575249999999,2.98279704094993e-07
77,98,42880,42884,4,0.00063120515,0.000631252125,2.54406342049485e-07
77,99,42876,42880,4,0.0006315023,0.00063148105,1.7770781496604688e-07
78,0,43483,43487,4,3.348684e-05,3.349456e-05,5.988994782098194e-08
78,1,43487,43491,4,3.3492755e-05,3.35026125e-05,6.1984075525494e-08
78,2,43491,43495,4,3.353759e-05,3.35425e-05,6.128147640192857e-08
78,3,43495,43499,4,3.360178e-05,3.3597895e-05,5.964868376586457e-08
78,4,43499,43503,4,3.3636155000000005e-05,3.3629407500000004e-05,5.456666078064489e-08
78,5,43503,43507,4,3.356918e-05,3.3578957500000005e-05,8.170634472762753e-08
78,6,43507,43510,3,3.358868e-05,3.3572449999999994e-05,4.8715636777801775e-08
78,7,43510,43514,4,3.356738e-05,3.3554905e-05,5.8298103528329065e-08
78,8,43514,43518,4,3.35748e-05,3.35578625e-05,6.361421711182116e-08
78,9,43518,43522,4,3.357202e-05,3.356462e-05,6.140285416819013e-08
78,10,43522,43526,4,3.3558215e-05,3.356875e-05,6.179209779575448e-08
78,11,43526,43530,4,3.357791e-05,3.35831025e-05,6.152528276042353e-08
78,12,43530,43533,3,3.354673e-05,3.3573839999999996e-05,7.008658121685351e-08
78,13,43533,43537,4,3.3595205e-05,3.3595124999999995e-05,5.993186318645443e-08
78,14,43537,43541,4,3.3598115e-05,3.3608304999999995e-05,5.939744459991687e-08
78,15,43541,43545,4,3.3600875000000004e-05,3.3604905e-05,6.291962511808277e-08
78,16,43545,43549,4,3.3625105000000005e-05,3.36136675e-05,6.329603635892055e-08
78,17,43549,43553,4,3.363867e-05,3.36207675e-05,6.627284676811368e-08
78,18,43553,43556,3,3.361404e-05,3.3607349999999996e-05,6.310902048571558e-08
78,19,43556,43560,4,3.365353e-05,3.36372975e-05,5.836270486149398e-08
78,20,43560,43564,4,3.3637105e-05,3.363925e-05,5.7305060422268717e-08
78,21,43564,43568,4,3.3659385e-05,3.3645742499999995e-05,6.077832400412067e-08
78,22,43568,43572,4,3.366272e-05,3.3646335e-05,6.465804532306805e-08
78,23,43572,43576,4,3.366959e-05,3.3655162500000003e-05,6.466387027351362e-08
78,24,43576,43579,3,3.370661e-05,3.366197e-05,7.445649870897803e-08
78,25,43579,43583,4,3.367243e-05,3.366241e-05,6.405200426216158e-08
78,26,43583,43587,4,3.3677500000000004e-05,3.36666125e-05,5.974076931836432e-08
78,27,43587,43591,4,3.3671545e-05,3.3669997500000004e-05,5.8823577065239026e-08
78,28,43591,43595,4,3.3662285000000004e-05,3.36704175e-05,5.952840808177112e-08
78,29,43595,43599,4,3.366918e-05,3.36711725e-05,6.640320751853819e-08
78,30,43599,43603,4,3.3697529999999996e-05,3.36774925e-05,6.271100636052665e-08
78,31,43603,43606,3,3.368026e-05,3.3670606666666665e-05,6.662561586123526e-08
78,32,43606,43610,4,3.3706775e-05,3.36934075e-05,6.012607187194318e-08
78,33,43610,43614,4,3.3706625e-05,3.36940375e-05,6.11875577119234e-08
78,34,43614,43618,4,3.3716260000000005e-05,3.370162e-05,5.962816993670106e-08
78,35,43618,43622,4,3.3718105e-05,3.3707585e-05,6.165926390251356e-08
78,36,43622,43626,4,3.3725875e-05,3.371267e-05,6.141583794103908e-08
78,37,43626,43629,3,3.374306e-05,3.373857333333334e-05,3.585419764670393e-08
78,38,43629,43633,4,3.3730944999999996e-05,3.3716415e-05,6.318514402135901e-08
78,39,43633,43637,4,3.374141e-05,3.37283225e-05,6.137887681238534e-08
78,40,43637,43641,4,3.3748849999999995e-05,3.373571e-05,6.556724525248924e-08
78,41,43641,43645,4,3.37592e-05,3.3743212499999997e-05,6.325239101212064e-08
78,42,43645,43649,4,3.376006e-05,3.3744185e-05,6.618708427631507e-08
78,43,43649,43652,3,3.380616e-05,3.376710333333333e-05,6.957053702698032e-08
78,44,43652,43656,4,3.3776825e-05,3.3757014999999997e-05,6.364353639608789e-08
78,45,43656,43660,4,3.3761174999999996e-05,3.375774e-05,6.329125097515319e-08
78,46,43660,43664,4,3.374413e-05,3.37571075e-05,6.050175260891227e-08
78,47,43664,43668,4,3.3773825e-05,3.377053e-05,6.531632835669721e-08
78,48,43668,43672,4,3.3788884999999997e-05,3.37736375e-05,5.597846031064105e-08
78,49,43672,43675,3,3.380057e-05,3.379175333333333e-05,5.724621229585609e-08
78,50,43675,43679,4,3.3792685000000005e-05,3.3794355e-05,5.2946794284451377e-08
78,51,43679,43683,4,3.3787524999999996e-05,3.379716e-05,5.5810656240543684e-08
78,52,43683,43687,4,3.379566e-05,3.3803955e-05,5.7173228656427034e-08
78,53,43687,43691,4,3.3804574999999996e-05,3.3804995e-05,6.43036703851352e-08
78,54,43691,43695,4,3.3822305000000003e-05,3.3819910000000005e-05,5.4079533559379505e-08
78,55,43695,43699,4,3.3825140000000005e-05,3.3813847500000005e-05,6.639148001626598e-08
78,56,43699,43702,3,3.388343e-05,3.383672666666666e-05,7.19174574695812e-08
78,57,43702,43706,4,3.3841775e-05,3.38247e-05,6.669621091186661e-08
78,58,43706,43710,4,3.3824985e-05,3.3824695e-05,5.6820650515458734e-08
78,59,43710,43714,4,3.3829365e-05,3.382918e-05,5.846777445738744e-08
78,60,43714,43718,4,3.3827105e-05,3.38316225e-05,5.726809206486767e-08
78,61,43718,43722,4,3.3832145e-05,3.3830995e-05,6.001329956768063e-08
78,62,43722,43725,3,3.379676e-05,3.381158333333334e-05,3.9210322053709944e-08
78,63,43725,43729,4,3.384583e-05,3.38416725e-05,5.703902277169298e-08
78,64,43729,43733,4,3.3830629999999996e-05,3.383162e-05,5.855815400095864e-08
78,65,43733,43737,4,3.3831645e-05,3.383665e-05,5.542612696193043e-08
78,66,43737,43741,4,3.3825775e-05,3.38362575e-05,5.895949854561126e-08
78,67,43741,43745,4,3.3830895e-05,3.3834884999999996e-05,6.540527979452375e-08
78,68,43745,43748,3,3.388623e-05,3.386733e-05,3.805572317886877e-08
78,69,43748,43752,4,3.3857175e-05,3.3839887500000004e-05,6.387870982377656e-08
78,70,43752,43756,4,3.3859945e-05,3.3844185e-05,6.218639501530823e-08
78,71,43756,43760,4,3.385568e-05,3.384675e-05,5.983593736209158e-08
78,72,43760,43764,4,3.383724e-05,3.384529e-05,6.12237956190225e-08
78,73,43764,43768,4,3.3839155e-05,3.3843894999999996e-05,6.457967578890448e-08
78,74,43768,43771,3,3.381719e-05,3.383418666666666e-05,6.743226346160665e-08
78,75,43771,43775,4,3.3863585000000005e-05,3.38473875e-05,6.076510691795159e-08
78,76,43775,43779,4,3.387916e-05,3.3859479999999995e-05,6.638509847849904e-08
78,77,43779,43783,4,3.3874785e-05,3.3861075e-05,5.986192967989002e-08
78,78,43783,43787,4,3.3872085e-05,3.3869685e-05,5.760878253356702e-08
78,79,43787,43791,4,3.386521e-05,3.387624e-05,5.521440889840296e-08
78,80,43791,43795,4,3.3902235e-05,3.3887215000000004e-05,6.706954990903022e-08
78,81,43795,43798,3,3.390032e-05,3.391987666666666e-05,3.1545449046662525e-08
78,82,43798,43802,4,3.3905395e-05,3.39002575e-05,5.987906953811207e-08
78,83,43802,43806,4,3.3899755e-05,3.3905152499999995e-05,6.266785115791122e-08
78,84,43806,43810,4,3.3921055e-05,3.390638e-05,6.466338260561359e-08
78,85,43810,43814,4,3.3937175e-05,3.3922734999999995e-05,6.727479264182055e-08
78,86,43814,43818,4,3.39436e-05,3.394260749999999e-05,5.966986608624128e-08
78,87,43818,43821,3,3.398153e-05,3.3955893333333335e-05,5.8154017535813496e-08
78,88,43821,43825,4,3.401302e-05,3.3997135e-05,5.0961766305731554e-08
78,89,43825,43829,4,3.4119200000000004e-05,3.414708e-05,6.296086165230031e-08
78,90,43829,43833,4,3.45714e-05,3.47345675e-05,3.9435982930408865e-07
78,91,43833,43837,4,4.1266799999999996e-05,4.36537875e-05,7.2528838931640664e-06
78,92,43837,43841,4,0.00063217205,0.000493526425,0.0002401993841954989
78,93,43841,43844,3,0.0006322698,0.0006321870666666666,1.3344964926477524e-07
78,94,43844,43848,4,0.0006319585999999999,0.0006319542250000001,1.072312541892538e-07
78,95,43848,43852,4,0.0006318229000000001,0.0006318398250000001,9.295930225106328e-08
78,96,43852,43856,4,0.000631962,0.0006320077,1.960893036348523e-07
78,97,43856,43860,4,0.0006320365500000001,0.0006320223,1.769477747811786e-07
78,98,43860,43864,4,0.0006318648500000001,0.000631964425,3.351083658683996e-07
78,99,43864,43867,3,0.0006314652,0.0006314798333333333,3.986413035409246e-08
79,0,44471,44474,3,3.368914e-05,3.3697166666666666e-05,4.048167184733693e-08
79,1,44467,44471,4,3.3779205e-05,3.3785062500000004e-05,7.565906864844532e-08
79,2,44463,44467,4,3.4048345e-05,3.4026004999999996e-05,8.875443214285154e-08
79,3,44459,44463,4,3.439396e-05,3.43444425e-05,1.1371061392302021e-07
79,4,44455,44459,4,3.4702345e-05,3.471195e-05,1.1027409691309994e-07
79,5,44451,44455,4,3.5111145e-05,3.50762375e-05,1.1482177436684251e-07
79,6,44448,44451,3,3.524623e-05,3.523947999999999e-05,3.7476192442669224e-08
79,7,44444,44448,4,3.5045135000000003e-05,3.50472225e-05,8.683611413893392e-08
79,8,44440,44444,4,3.4711395e-05,3.47027875e-05,1.0776213211861431e-07
79,9,44436,44440,4,3.3780985e-05,3.3876495e-05,2.3256455281276041e-07
79,10,44432,44436,4,3.3531774999999995e-05,3.352179e-05,5.183770972949989e-08
79,11,44428,44432,4,3.350607e-05,3.3495222499999996e-05,5.9441640865222955e-08
79,12,44425,44428,3,3.349485e-05,3.349101e-05,6.511508580966518e-08
79,13,44421,44425,4,3.3525555e-05,3.351149e-05,6.182306972320301e-08
79,14,44417,44421,4,3.352058e-05,3.35231275e-05,6.077063615554751e-08
79,15,44413,44417,4,3.352689e-05,3.3529055e-05,6.00628943275312e-08
79,16,44409,44413,4,3.3543945e-05,3.35428325e-05,5.833077719994669e-08
79,17,44405,44409,4,3.356684e-05,3.35507725e-05,6.171301255610545e-08
79,18,44402,44405,3,3.360648e-05,3.3588476666666666e-05,2.6736267918731386e-08
79,19,44398,44402,4,3.3560310000000005e-05,3.3550890000000004e-05,6.649089336142089e-08
79,20,44394,44398,4,3.3544075e-05,3.35484075e-05,6.098468019716018e-08
79,21,44390,44394,4,3.3551495e-05,3.3551760000000003e-05,5.917781298763863e-08
79,22,44386,44390,4,3.357577e-05,3.3565945e-05,5.55403175630114e-08
79,23,44382,44386,4,3.357552e-05,3.3564202499999996e-05,6.10806885909936e-08
79,24,44378,44382,4,3.3586224999999995e-05,3.357015e-05,6.062178857473487e-08
79,25,44375,44378,3,3.353586e-05,3.355054e-05,6.429344652969287e-08
79,26,44371,44375,4,3.3579015e-05,3.35770675e-05,6.053165592274729e-08
79,27,44367,44371,4,3.360109e-05,3.35820175e-05,6.362423530974603e-08
79,28,44363,44367,4,3.3594580000000004e-05,3.358216e-05,5.576093076698207e-08
79,29,44359,44363,4,3.3600345e-05,3.35862775e-05,6.107945414580897e-08
79,30,44355,44359,4,3.3605135000000004e-05,3.3590905e-05,6.38298873961087e-08
79,31,44352,44355,3,3.358057e-05,3.358664e-05,6.256448246942345e-08
79,32,44348,44352,4,3.359415e-05,3.35904125e-05,5.828613015761111e-08
79,33,44344,44348,4,3.3602805e-05,3.3591042500000004e-05,5.919979914450633e-08
79,34,44340,44344,4,3.3599165e-05,3.3592765e-05,5.4978214094311315e-08
79,35,44336,44340,4,3.3604005e-05,3.358994e-05,6.299203402018169e-08
79,36,44332,44336,4,3.360841e-05,3.359408e-05,6.200422727524305e-08
79,37,44329,44332,3,3.363573e-05,3.3627143333333336e-05,3.0094386335145065e-08
79,38,44325,44329,4,3.3616525e-05,3.359555999999999e-05,6.800603245301089e-08
79,39,44321,44325,4,3.3604945000000004e-05,3.359796e-05,6.363796311950788e-08
79,40,44317,44321,4,3.3605645e-05,3.36037975e-05,6.355845749190367e-08
79,41,44313,44317,4,3.3591695e-05,3.35978575e-05,5.484745316557734e-08
79,42,44309,44313,4,3.3614894999999995e-05,3.36058075e-05,5.974533135526149e-08
79,43,44306,44309,3,3.359494e-05,3.359186e-05,6.032943118136066e-08
79,44,44302,44306,4,3.3634169999999995e-05,3.361627e-05,6.142815315472309e-08
79,45,44298,44302,4,3.362863e-05,3.36164775e-05,6.066753100918318e-08
79,46,44294,44298,4,3.3626755e-05,3.361585e-05,6.294870093973516e-08
79,47,44290,44294,4,3.3626375e-05,3.3617445e-05,6.55318062088943e-08
79,48,44286,44290,4,3.361932e-05,3.361883e-05,5.943739016814135e-08
79,49,44282,44286,4,3.363957e-05,3.36283475e-05,5.983241653777761e-08
79,50,44279,44282,3,3.368676e-05,3.366792666666667e-05,3.0870837731135874e-08
79,51,44275,44279,4,3.3637590000000004e-05,3.3627075e-05,6.962764411496193e-08
79,52,44271,44275,4,3.3623565000000005e-05,3.36263475e-05,6.269322306876546e-08
79,53,44267,44271,4,3.3631089999999997e-05,3.36290475e-05,6.14460118213549e-08
79,54,44263,44267,4,3.3626155e-05,3.362775e-05,6.495865184869419e-08
79,55,44259,44263,4,3.362028e-05,3.36278425e-05,5.919723489108292e-08
79,56,44256,44259,3,3.358069e-05,3.360157333333333e-05,3.8408469841370495e-08
79,57,44252,44256,4,3.3609275e-05,3.362297e-05,6.10076646823985e-08
79,58,44248,44252,4,3.3629065e-05,3.36280275e-05,5.648269928703778e-08
79,59,44244,44248,4,3.36291e-05,3.3623470000000006e-05,5.845754485094199e-08
79,60,44240,44244,4,3.362986e-05,3.3619065e-05,6.429881239183183e-08
79,61,44236,44240,4,3.362579e-05,3.3615995e-05,6.612529943221389e-08
79,62,44233,44236,3,3.365172e-05,3.362597e-05,6.334313906546484e-08
79,63,44229,44233,4,3.360925e-05,3.3609975e-05,4.523390127990235e-08
79,64,44225,44229,4,3.3602175e-05,3.359674e-05,5.43284165975769e-08
79,65,44221,44225,4,3.358344e-05,3.3578555e-05,5.7112606533060204e-08
79,66,44217,44221,4,3.3590435000000005e-05,3.357609e-05,5.9282789661080586e-08
79,67,44213,44217,4,3.3582095000000005e-05,3.3564125e-05,6.292736308634033e-08
79,68,44210,44213,3,3.35154e-05,3.351991666666667e-05,5.2153620732942966e-08
79,69,44206,44210,4,3.3506845e-05,3.3525655e-05,6.315656517734356e-08
79,70,44202,44206,4,3.3509219999999996e-05,3.351564e-05,6.321697082271588e-08
79,71,44198,44202,4,3.351973e-05,3.3507732499999997e-05,7.053980308131021e-08
79,72,44194,44198,4,3.3505135e-05,3.34900425e-05,6.910566596705197e-08
79,73,44190,44194,4,3.3473115e-05,3.3469935e-05,6.792527530308569e-08
79,74,44186,44190,4,3.346201e-05,3.34534025e-05,6.538960176320035e-08
79,75,44183,44186,3,3.345397e-05,3.3471853333333335e-05,2.6036843553360278e-08
79,76,44179,44183,4,3.3441955e-05,3.34245725e-05,6.108651544121647e-08
79,77,44175,44179,4,3.3431365000000004e-05,3.3414225e-05,7.018653877347218e-08
79,78,44171,44175,4,3.3435730000000005e-05,3.34216475e-05,6.395397891257471e-08
79,79,44167,44171,4,3.340196e-05,3.33920275e-05,4.865547367717344e-08
79,80,44163,44167,4,3.3357224999999995e-05,3.335896e-05,4.839407453397651e-08
79,81,44160,44163,3,3.327089e-05,3.329471333333334e-05,5.230346982328789e-08
79,82,44156,44160,4,3.3350885e-05,3.3346565e-05,5.336298834398053e-08
79,83,44152,44156,4,3.3422105e-05,3.342279e-05,7.378995561727796e-08
79,84,44148,44152,4,3.353141e-05,3.3533125e-05,2.798115213853872e-08
79,85,44144,44148,4,3.3619995e-05,3.3616745e-05,9.808101103169694e-08
79,86,44140,44144,4,3.3693459999999996e-05,3.36878875e-05,1.6997622444035218e-08
79,87,44137,44140,3,3.383163e-05,3.378019666666667e-05,9.543991384926808e-08
79,88,44133,44137,4,3.3880625000000004e-05,3.388946e-05,2.7243189057082273e-08
79,89,44129,44133,4,3.382989e-05,3.378672e-05,1.3001417230440708e-07
79,90,44125,44129,4,3.362281e-05,3.36195625e-05,1.2265951682910796e-07
79,91,44121,44125,4,0.0001665724,0.000158729555,8.655680384422749e-05
79,92,44117,44121,4,0.0004526323,0.0004440968749999999,6.143883529016378e-05
79,93,44114,44117,3,0.0005775062,0.0005749005,1.9524446000335064e-05
79,94,44110,44114,4,0.0006202001500000001,0.00061896555,6.833010950708343e-06
79,95,44106,44110,4,0.0006309662,0.00063080075,8.408619639988449e-07
79,96,44102,44106,4,0.0006310381,0.00063105735,3.5769933254062174e-07
79,97,44098,44102,4,0.0006310171,0.000631052875,2.240851554097226e-07
79,98,44094,44098,4,0.0006310579,0.0006309908,1.2920317333561048e-07
79,99,44090,44094,4,0.0006312264000000001,0.0006312738,1.9265515824912432e-07
80,0,44696,44700,4,4.448276e-05,4.49207325e-05,1.8046973717963767e-06
80,1,44700,44704,4,4.9693925000000004e-05,4.9212445e-05,1.6263636806769284e-06
80,2,44704,44708,4,5.507668e-05,5.57022825e-05,2.503237650887097e-06
80,3,44708,44712,4,6.0794145000000004e-05,6.05446075e-05,1.3601740290009767e-06
80,4,44712,44716,4,5.7400355000000004e-05,5.75241025e-05,2.0739730965031242e-06
80,5,44716,44720,4,4.6005995e-05,4.55762875e-05,3.977926131166684e-06
80,6,44720,44723,3,3.445517e-05,3.482665333333333e-05,1.3051727554193317e-06
80,7,44723,44727,4,3.303629e-05,3.3083404999999996e-05,1.0230828571039578e-07
80,8,44727,44731,4,3.321771e-05,3.323577e-05,6.197319097803387e-08
80,9,44731,44735,4,3.3483190000000004e-05,3.3475075e-05,3.254740120193836e-08
80,10,44735,44739,4,3.364416e-05,3.364162e-05,3.5573861893251204e-08
80,11,44739,44743,4,3.379995e-05,3.38128025e-05,2.4408595181820582e-08
80,12,44743,44746,3,3.400185e-05,3.396329333333334e-05,5.523597640025119e-08
80,13,44746,44750,4,3.4120635e-05,3.407887e-05,9.871622131139345e-08
80,14,44750,44754,4,3.4233779999999996e-05,3.4227104999999997e-05,7.966826611016603e-08
80,15,44754,44758,4,3.4373595e-05,3.434273e-05,7.805097981447769e-08
80,16,44758,44762,4,3.4432865e-05,3.44413375e-05,7.642951503673226e-08
80,17,44762,44766,4,3.452169e-05,3.4502864999999995e-05,6.620747333194157e-08
80,18,44766,44769,3,3.451504e-05,3.456195333333334e-05,7.222137510614117e-08
80,19,44769,44773,4,3.4604484999999996e-05,3.46011325e-05,5.2010364051311844e-08
80,20,44773,44777,4,3.4638155e-05,3.46397125e-05,7.674626094312322e-08
80,21,44777,44781,4,3.463369e-05,3.46411775e-05,2.0523413915574837e-08
80,22,44781,44785,4,3.473135e-05,3.4699802500000006e-05,7.593101980580714e-08
80,23,44785,44789,4,3.46868e-05,3.4691375e-05,6.397708398325076e-08
80,24,44789,44792,3,3.474335e-05,3.4719793333333337e-05,7.782342592190572e-08
80,25,44792,44796,4,3.464679e-05,3.46682375e-05,6.937902362205855e-08
80,26,44796,44800,4,3.4580929999999995e-05,3.45841125e-05,7.487516723687428e-08
80,27,44800,44804,4,3.4470905e-05,3.45014275e-05,6.095252348139616e-08
80,28,44804,44808,4,3.4410095000000004e-05,3.439493e-05,1.005828775189906e-07
80,29,44808,44812,4,3.434569e-05,3.4355435e-05,4.543602838057088e-08
80,30,44812,44816,4,3.4279925e-05,3.42789425e-05,1.1403710303559069e-07
80,31,44816,44819,3,3.427224e-05,3.4286456666666664e-05,7.077703598076458e-08
80,32,44819,44823,4,3.4286615e-05,3.42768e-05,7.151899782575341e-08
80,33,44823,44827,4,3.4208405e-05,3.42178875e-05,6.605708606008979e-08
80,34,44827,44831,4,3.4208175e-05,3.41979875e-05,6.23959435280053e-08
80,35,44831,44835,4,3.4160660000000004e-05,3.41481225e-05,4.825508231005279e-08
80,36,44835,44839,4,3.413161e-05,3.41251925e-05,6.690709505538224e-08
80,37,44839,44842,3,3.405198e-05,3.4042980000000005e-05,4.796862099331238e-08
80,38,44842,44846,4,3.4051245e-05,3.4024895e-05,9.298141548180621e-08
80,39,44846,44850,4,3.4007499999999996e-05,3.398965000000001e-05,6.139736965049844e-08
80,40,44850,44854,4,3.397827e-05,3.39670925e-05,6.925639550792446e-08
80,41,44854,44858,4,3.3956149999999995e-05,3.394174e-05,5.529963291017362e-08
80,42,44858,44862,4,3.391844e-05,3.3906495e-05,7.117513944489273e-08
80,43,44862,44865,3,3.394046e-05,3.392997666666666e-05,2.2150913199133657e-08
80,44,44865,44869,4,3.3921015e-05,3.39092825e-05,6.468681835389763e-08
80,45,44869,44873,4,3.3893045000000005e-05,3.38841725e-05,6.233841326782304e-08
80,46,44873,44877,4,3.3893375e-05,3.3897455e-05,6.298692026921241e-08
80,47,44877,44881,4,3.3890155e-05,3.3894015e-05,6.395884086660675e-08
80,48,44881,44885,4,3.3941940000000004e-05,3.39270225e-05,7.392100627528126e-08
80,49,44885,44888,3,3.389244e-05,3.390442333333333e-05,4.207474169723395e-08
80,50,44888,44892,4,3.395444e-05,3.394546e-05,5.326968790972895e-08
80,51,44892,44896,4,3.395486e-05,3.3966029999999995e-05,5.539925225127168e-08
80,52,44896,44900,4,3.398133e-05,3.398648e-05,5.331521640207412e-08
80,53,44900,44904,4,3.4001375e-05,3.40097025e-05,5.256407631405799e-08
80,54,44904,44908,4,3.4044805e-05,3.4044115e-05,5.6533077264555463e-08
80,55,44908,44912,4,3.4069325000000004e-05,3.407939e-05,5.1271847538390194e-08
80,56,44912,44915,3,3.416818e-05,3.4131613333333336e-05,5.499783834135776e-08
80,57,44915,44919,4,3.4144075e-05,3.413715e-05,7.097221322461293e-08
80,58,44919,44923,4,3.415762e-05,3.415741000000001e-05,5.898565545961123e-08
80,59,44923,44927,4,3.4193335e-05,3.4185767499999995e-05,6.549340171918153e-08
80,60,44927,44931,4,3.424473e-05,3.42398775e-05,7.778568035795493e-08
80,61,44931,44935,4,3.4320915e-05,3.43132575e-05,6.746654592277619e-08
80,62,44935,44938,3,3.442539e-05,3.4403530000000006e-05,6.73223944909886e-08
80,63,44938,44942,4,3.444406e-05,3.4425680000000003e-05,9.271452879673147e-08
80,64,44942,44946,4,3.453805e-05,3.4563115e-05,8.371261747789172e-08
80,65,44946,44950,4,3.469996e-05,3.4676605e-05,8.893633832691896e-08
80,66,44950,44954,4,3.4738534999999995e-05,3.4769745e-05,7.736138135400593e-08
80,67,44954,44958,4,3.47967e-05,3.4786157499999996e-05,4.226764032625814e-08
80,68,44958,44961,3,3.479309e-05,3.481113666666667e-05,2.5606740432070562e-08
80,69,44961,44965,4,3.5011595e-05,3.49879025e-05,5.626417260344341e-08
80,70,44965,44969,4,3.5161385000000004e-05,3.51689375e-05,1.5772576477863552e-08
80,71,44969,44973,4,3.5392869999999996e-05,3.539367e-05,3.4120973022468826e-08
80,72,44973,44977,4,3.5548985e-05,3.553777e-05,2.998286760801807e-08
80,73,44977,44981,4,3.5721505e-05,3.5725655e-05,2.8922125181250915e-08
80,74,44981,44984,3,3.594879e-05,3.590642666666667e-05,6.639110499322992e-08
80,75,44984,44988,4,3.6143474999999995e-05,3.6093489999999995e-05,1.4346379874379477e-07
80,76,44988,44992,4,3.6316759999999995e-05,3.634223e-05,1.2341069706471954e-07
80,77,44992,44996,4,3.673125e-05,3.6722255e-05,2.145856251592813e-07
80,78,44996,45000,4,3.722217e-05,3.7264652499999996e-05,2.20125040076658e-07
80,79,45000,45004,4,3.7943290000000006e-05,3.798555e-05,3.38493410644875e-07
80,80,45004,45008,4,3.8819890000000003e-05,3.89075475e-05,4.113057197739303e-07
80,81,45008,45011,3,3.959272e-05,3.987764e-05,5.127642764467893e-07
80,82,45011,45015,4,4.1233845e-05,4.1282679999999996e-05,4.363700783165598e-07
80,83,45015,45019,4,4.350724e-05,4.35784625e-05,8.966168744612986e-07
80,84,45019,45023,4,4.7229855000000004e-05,4.71232925e-05,8.631495376055932e-07
80,85,45023,45027,4,5.0301365e-05,5.0611855000000006e-05,1.058798105554124e-06
80,86,45027,45031,4,5.4019795e-05,5.3801745e-05,7.978921731192755e-07
80,87,45031,45034,3,5.645641e-05,5.665692e-05,3.0759974068042854e-07
80,88,45034,45038,4,5.775438e-05,5.7827640000000005e-05,2.5326355758379545e-07
80,89,45038,45042,4,6.0745945e-05,6.05351325e-05,1.4919611447248706e-06
80,90,45042,45046,4,6.5438905e-05,6.5855125e-05,1.1891501209372152e-06
80,91,45046,45050,4,7.081456e-05,7.0603835e-05,2.5893132091106707e-06
80,92,45050,45054,4,0.0006317861,0.00049485008,0.00023746053113237828
80,93,45054,45057,3,0.0006320658,0.0006320241666666667,6.798285731629463e-08
80,94,45057,45061,4,0.0006319430500000001,0.000631972025,2.7703906200210396e-07
80,95,45061,45065,4,0.0006318164,0.0006318667,2.939755346963291e-07
80,96,45065,45069,4,0.000632064,0.0006319493749999999,3.276263830569761e-07
80,97,45069,45073,4,0.0006313209,0.0006313055,2.2445003898418744e-07
80,98,45073,45077,4,0.0006316780999999999,0.00063167855,8.917133788387336e-08
80,99,45077,45080,3,0.0006317581,0.0006316419333333333,2.607173735846853e-07
81,0,45616,45619,3,4.104725e-05,4.1065916666666666e-05,2.575512036253942e-07
81,1,45613,45616,3,4.21824e-05,4.206708333333334e-05,4.4541050521463354e-07
81,2,45610,45613,3,4.303955e-05,4.2841423333333325e-05,4.6559635460581056e-07
81,3,45606,45610,4,4.372294e-05,4.3881607499999994e-05,7.693068763625817e-07
81,4,45603,45606,3,4.392795e-05,4.4044846666666674e-05,1.1258722269817685e-06
81,5,45600,45603,3,4.464963e-05,4.440391333333333e-05,7.793681480247682e-07
81,6,45596,45600,4,4.451846e-05,4.47939875e-05,7.780312018927986e-07
81,7,45593,45596,3,4.539217e-05,4.558383e-05,7.281215828417686e-07
81,8,45590,45593,3,4.578699e-05,4.564904333333333e-05,7.156589432280041e-07
81,9,45586,45590,4,4.5096469999999995e-05,4.533844e-05,7.697898680159413e-07
81,10,45583,45586,3,4.607672e-05,4.583306333333334e-05,5.38018440596811e-07
81,11,45580,45583,3,4.561171e-05,4.619191333333334e-05,8.892270074745939e-07
81,12,45576,45580,4,4.6172295000000005e-05,4.6140857500000004e-05,9.779712988471334e-07
81,13,45573,45576,3,4.493693e-05,4.497435e-05,6.247558790973222e-07
81,14,45570,45573,3,4.397578e-05,4.4227113333333334e-05,8.594045897532145e-07
81,15,45567,45570,3,4.301985e-05,4.3320229999999994e-05,9.016945533087499e-07
81,16,45563,45567,4,4.303034e-05,4.27821075e-05,6.273865538635248e-07
81,17,45560,45563,3,4.180767e-05,4.1724303333333334e-05,2.805009301628464e-07
81,18,45557,45560,3,4.087995e-05,4.0886189999999994e-05,3.6101643323630813e-07
81,19,45553,45557,4,4.0565225e-05,4.0452595e-05,5.164749071590994e-07
81,20,45550,45553,3,4.085875e-05,4.0492e-05,7.524486830342669e-07
81,21,45547,45550,3,4.03282e-05,4.035313333333333e-05,7.240062545463415e-07
81,22,45543,45547,4,4.0089295e-05,3.9961697500000004e-05,6.751765544424291e-07
81,23,45540,45543,3,3.990178e-05,3.981976666666666e-05,5.38930625426151e-07
81,24,45537,45540,3,3.915674e-05,3.929848e-05,4.5898996873570285e-07
81,25,45533,45537,4,3.9016609999999996e-05,3.9153895e-05,5.301930996108887e-07
81,26,45530,45533,3,3.848949e-05,3.877904333333333e-05,5.228668582812331e-07
81,27,45527,45530,3,3.816186e-05,3.814651333333333e-05,3.395257717595081e-07
81,28,45524,45527,3,3.799893e-05,3.799643333333333e-05,3.2863236829151387e-07
81,29,45520,45524,4,3.771826e-05,3.7650214999999995e-05,4.1500404199838836e-07
81,30,45517,45520,3,3.737946e-05,3.737374666666667e-05,1.6183922914080227e-07
81,31,45514,45517,3,3.737077e-05,3.725839e-05,2.5455904933826146e-07
81,32,45510,45514,4,3.6918055e-05,3.6978785e-05,1.9363534730260436e-07
81,33,45507,45510,3,3.694401e-05,3.695276333333333e-05,2.4837374476560245e-07
81,34,45504,45507,3,3.70002e-05,3.687242e-05,2.357004040443434e-07
81,35,45500,45504,4,3.675969e-05,3.6656985e-05,1.838543822567192e-07
81,36,45497,45500,3,3.681346e-05,3.6711923333333336e-05,2.5586177470571084e-07
81,37,45494,45497,3,3.653974e-05,3.657273666666667e-05,1.2561970554901713e-07
81,38,45490,45494,4,3.674501e-05,3.66929375e-05,3.3880184690870596e-07
81,39,45487,45490,3,3.681434e-05,3.6745233333333335e-05,1.7344430601460867e-07
81,40,45484,45487,3,3.650531e-05,3.6708243333333336e-05,3.290111096739572e-07
81,41,45480,45484,4,3.6665095e-05,3.677092e-05,3.0478770045722054e-07
81,42,45477,45480,3,3.686601e-05,3.688317e-05,3.141854964825716e-07
81,43,45474,45477,3,3.67188e-05,3.684662e-05,2.1958669404133046e-07
81,44,45471,45474,3,3.682266e-05,3.688910666666667e-05,1.7103875980477707e-07
81,45,45467,45471,4,3.7003844999999996e-05,3.7048865e-05,3.3770935762131123e-07
81,46,45464,45467,3,3.741001e-05,3.7285436666666665e-05,2.737867620775146e-07
81,47,45461,45464,3,3.724051e-05,3.7463746666666664e-05,5.04806492320463e-07
81,48,45457,45461,4,3.7314555e-05,3.7488205e-05,3.5803665570022306e-07
81,49,45454,45457,3,3.764947e-05,3.761665666666666e-05,1.7507434046395267e-07
81,50,45451,45454,3,3.780549e-05,3.7986770000000005e-05,3.9339996542958684e-07
81,51,45447,45451,4,3.7955555e-05,3.80355125e-05,3.470325448264885e-07
81,52,45444,45447,3,3.806899e-05,3.813984666666667e-05,4.780908279349816e-07
81,53,45441,45444,3,3.852184e-05,3.855686333333333e-05,2.6546986851409077e-07
81,54,45437,45441,4,3.9074075e-05,3.9135332500000003e-05,4.681633355130965e-07
81,55,45434,45437,3,3.937025e-05,3.9451573333333336e-05,8.716270232285272e-07
81,56,45431,45434,3,4.089231e-05,4.049337666666667e-05,7.324372445624414e-07
81,57,45428,45431,3,4.171636e-05,4.1394673333333335e-05,1.0387929014111637e-06
81,58,45424,45428,4,4.1765554999999996e-05,4.189179e-05,5.890939787928571e-07
81,59,45421,45424,3,4.246337e-05,4.2168813333333334e-05,7.38193635678037e-07
81,60,45418,45421,3,4.223552e-05,4.281739333333333e-05,9.824515100954797e-07
81,61,45414,45418,4,4.4300365e-05,4.4417544999999996e-05,8.922106685222946e-07
81,62,45411,45414,3,4.658224e-05,4.6462976666666666e-05,3.4974128917752024e-07
81,63,45408,45411,3,4.724112e-05,4.746335333333333e-05,4.455357081337293e-07
81,64,45404,45408,4,4.7362195e-05,4.77413875e-05,9.595497321758547e-07
81,65,45401,45404,3,4.868305e-05,4.8976080000000006e-05,5.511088118209224e-07
81,66,45398,45401,3,5.024162e-05,5.009282666666666e-05,7.543937522423015e-07
81,67,45394,45398,4,5.211216e-05,5.262417e-05,1.1679852242002052e-06
81,68,45391,45394,3,5.585569e-05,5.569150333333333e-05,1.4044696363238173e-06
81,69,45388,45391,3,5.95384e-05,5.851943e-05,1.921963949661908e-06
81,70,45384,45388,4,6.3224875e-05,6.31846475e-05,1.5427202785400688e-06
81,71,45381,45384,3,6.56837e-05,6.599128999999999e-05,1.6601255681624425e-06
81,72,45378,45381,3,6.558052e-05,6.595526e-05,8.232003616779218e-07
81,73,45375,45378,3,6.725417e-05,6.684237666666667e-05,5.996855825810386e-07
81,74,45371,45375,4,6.888593e-05,6.825974499999999e-05,1.3303697572949435e-06
81,75,45368,45371,3,0.0001033364,0.00010455733333333333,2.3709813584720987e-06
81,76,45365,45368,3,0.0001153477,0.0001143934,2.9855769034923e-06
81,77,45361,45365,4,0.00012514235,0.000124305175,2.9798457421274348e-06
81,78,45358,45361,3,0.0001302035,0.00013102376666666664,5.075281476156986e-06
81,79,45355,45358,3,0.0001335628,0.00013648633333333333,4.690839709713199e-06
81,80,45351,45355,4,0.000137012,0.00013602575,3.499420655265671e-06
81,81,45348,45351,3,0.0001357193,0.00013773036666666664,4.500828949821976e-06
81,82,45345,45348,3,0.0001519652,0.00015079836666666668,5.087537873623701e-06
81,83,45341,45345,4,0.00017325465,0.00017332485,7.625003078851839e-06
81,84,45338,45341,3,0.000191586,0.00018988896666666667,6.1512342232180456e-06
81,85,45335,45338,3,0.0002009624,0.00020985043333333333,1.3908311894291442e-05
81,86,45332,45335,3,0.000297106,0.0003039250666666667,4.718698523182944e-05
81,87,45328,45332,4,0.00049437395,0.000489025225,4.704092894971226e-05
81,88,45325,45328,3,0.0005981919,0.0005957952999999999,1.2086457772509995e-05
81,89,45322,45325,3,0.0006247378,0.0006243037666666668,3.3825312635493803e-06
81,90,45318,45322,4,0.00063090535,0.000630734625,3.5197579018306836e-07
81,91,45315,45318,3,0.0006309088,0.0006308975,1.192723214608685e-07
81,92,45312,45315,3,0.0006315332,0.0006314443333333334,1.8930161706181876e-07
81,93,45308,45312,4,0.00063127635,0.0006313504,1.4275568289914868e-07
81,94,45305,45308,3,0.0006310827,0.0006312015666666667,1.8598781919496482e-07
81,95,45302,45305,3,0.0006313744,0.0006313507666666666,1.323114087631565e-07
81,96,45298,45302,4,0.00063131265,0.0006314044500000001,3.206058522547547e-07
81,97,45295,45298,3,0.0006313446,0.0006312801,2.0927686605704904e-07
81,98,45292,45295,3,0.0006308439,0.0006309622000000001,3.232792085282521e-07
81,99,45288,45292,4,0.0006312051,0.000631110175,2.4572950957302915e-07
82,0,45812,45816,4,0.00039448035,0.000390583825,1.1350428544415183e-05
82,1,45816,45819,3,0.0004336755,0.0004337979333333334,2.3489011563329217e-06
82,2,45819,45822,3,0.0004391526,0.00043765906666666667,8.990551313215197e-06
82,3,45822,45826,4,0.0003157727,0.0003128839,6.627794094244328e-05
82,4,45826,45829,3,0.000126556,0.00013204743333333332,2.812740600604487e-05
82,5,45829,45832,3,8.607232e-05,8.555878333333332e-05,1.2301509382275884e-06
82,6,45832,45836,4,8.869732e-05,8.940737e-05,2.289217500479146e-06
82,7,45836,45839,3,9.348821e-05,9.407261e-05,2.182190879658941e-06
82,8,45839,45842,3,9.684174e-05,9.704313666666666e-05,9.71716624684838e-07
82,9,45842,45846,4,0.00010089455,0.0001005139675,1.2921599684902613e-06
82,10,45846,45849,3,0.0001028903,0.00010319669999999999,8.845906322512487e-07
82,11,45849,45852,3,0.0001034893,0.0001040735,1.1945075749724939e-06
82,12,45852,45856,4,9.443584999999999e-05,9.562062e-05,4.650019713657137e-06
82,13,45856,45859,3,9.219867e-05,9.225033666666666e-05,7.114784307966727e-07
82,14,45859,45862,3,9.013325e-05,9.003764e-05,1.171318682710498e-06
82,15,45862,45865,3,8.969952e-05,9.026941000000001e-05,8.395857502760902e-07
82,16,45865,45869,4,8.8691465e-05,8.841599249999999e-05,1.0007989688587545e-06
82,17,45869,45872,3,8.656081e-05,8.641364999999999e-05,1.6638478474508027e-06
82,18,45872,45875,3,8.523361e-05,8.458865333333333e-05,1.2129827205236253e-06
82,19,45875,45879,4,8.2164345e-05,8.212668499999999e-05,1.6963025756700944e-06
82,20,45879,45882,3,7.972854e-05,7.99633e-05,8.163328493125e-07
82,21,45882,45885,3,7.939787e-05,7.882522000000001e-05,1.0446053946826056e-06
82,22,45885,45889,4,7.723026000000001e-05,7.778629e-05,1.1235695008098059e-06
82,23,45889,45892,3,7.66396e-05,7.686429e-05,8.279282058649e-07
82,24,45892,45895,3,7.572654e-05,7.561898333333333e-05,1.0206780169519089e-06
82,25,45895,45899,4,7.470698e-05,7.454207499999999e-05,6.854631341837424e-07
82,26,45899,45902,3,7.43312e-05,7.426529e-05,1.1155204009190812e-06
82,27,45902,45905,3,7.400868e-05,7.419389e-05,7.724073498269325e-07
82,28,45905,45908,3,7.366887e-05,7.335534333333334e-05,1.0736189867090765e-06
82,29,45908,45912,4,7.4025135e-05,7.380361500000001e-05,1.032657717748238e-06
82,30,45912,45915,3,7.375091e-05,7.372423333333333e-05,8.84299626986737e-07
82,31,45915,45918,3,7.49697e-05,7.476650999999999e-05,1.14712746972601e-06
82,32,45918,45922,4,7.554744500000001e-05,7.546133750000001e-05,1.032320444493253e-06
82,33,45922,45925,3,7.631093e-05,7.537327e-05,1.459746353377875e-06
82,34,45925,45928,3,7.555034e-05,7.655301666666667e-05,2.0666402442020615e-06
82,35,45928,45932,4,7.7354485e-05,7.6843185e-05,1.340076579649464e-06
82,36,45932,45935,3,7.834949e-05,7.845425000000001e-05,1.4730273211315478e-06
82,37,45935,45938,3,7.827455e-05,7.897635666666667e-05,1.0798264133440864e-06
82,38,45938,45942,4,7.95262e-05,7.96371975e-05,1.6509164238745538e-06
82,39,45942,45945,3,8.240635e-05,8.210177333333334e-05,9.134433671309628e-07
82,40,45945,45948,3,8.159057e-05,8.197858e-05,1.2173833169822362e-06
82,41,45948,45952,4,8.379584000000001e-05,8.3726515e-05,6.405277833357402e-07
82,42,45952,45955,3,8.309546e-05,8.372136666666667e-05,8.91133252524869e-07
82,43,45955,45958,3,8.202418e-05,8.119992333333334e-05,1.7690553967269939e-06
82,44,45958,45961,3,8.268016e-05,8.202973000000001e-05,1.1238971930148534e-06
82,45,45961,45965,4,8.871539e-05,8.938869499999999e-05,1.53304768682354e-06
82,46,45965,45968,3,9.024173e-05,9.074506666666665e-05,1.2375001312412974e-06
82,47,45968,45971,3,9.072247e-05,9.074289333333334e-05,1.1371162689403809e-06
82,48,45971,45975,4,9.490609000000001e-05,9.420899e-05,1.7448847317946283e-06
82,49,45975,45978,3,0.0001002806,9.947919333333333e-05,1.2058436925056063e-06
82,50,45978,45981,3,0.0001015354,0.00010149482,1.629383815066293e-06
82,51,45981,45985,4,0.00017736415,0.000158879375,3.332999677215519e-05
82,52,45985,45988,3,0.0001836285,0.0001827074,2.4432305540001747e-06
82,53,45988,45991,3,0.0001933572,0.0001938692,2.0604780173542196e-06
82,54,45991,45995,4,0.0002026858,0.0002045232,4.750932620023152e-06
82,55,45995,45998,3,0.0002179259,0.0002202271666666667,8.463311219742672e-06
82,56,45998,46001,3,0.0002375075,0.00023870893333333335,4.910039623963227e-06
82,57,46001,46004,3,0.0002558018,0.0002545735666666667,3.4025748488787383e-06
82,58,46004,46008,4,0.00027252785,0.00027278042499999996,2.4988228512391713e-06
82,59,46008,46011,3,0.000272013,0.00027025633333333334,3.2939432593102727e-06
82,60,46011,46014,3,0.0002845183,0.0002852750666666667,6.37170990464011e-06
82,61,46014,46018,4,0.000311944,0.000312469125,5.5756783158531604e-06
82,62,46018,46021,3,0.0003262598,0.00033028830000000003,7.114073694211102e-06
82,63,46021,46024,3,0.0003476304,0.0003485576666666667,4.658760107105286e-06
82,64,46024,46028,4,0.0003590562,0.000358994275,3.614434373020903e-06
82,65,46028,46031,3,0.0003623488,0.00036147643333333336,1.355116910905551e-06
82,66,46031,46034,3,0.0003606477,0.00036095899999999994,2.194827019759574e-06
82,67,46034,46038,4,0.00038135735000000004,0.00038562542500000005,1.585420345860602e-05
82,68,46038,46041,3,0.0004420819,0.0004417153666666667,1.7212637870730008e-05
82,69,46041,46044,3,0.0004856652,0.00047997123333333333,9.799469390510666e-06
82,70,46044,46048,4,0.0004826991,0.000481177425,5.848469262283509e-06
82,71,46048,46051,3,0.0004683747,0.0004678109666666667,2.4174248686475287e-06
82,72,46051,46054,3,0.0005056069,0.0005056260999999999,1.7453191245347284e-05
82,73,46054,46057,3,0.0005689269,0.0005683079333333334,1.6015642350804717e-05
82,74,46057,46061,4,0.0006162544,0.000615143825,8.785121036267785e-06
82,75,46061,46064,3,0.0006306613,0.0006301791666666666,9.882089567607855e-07
82,76,46064,46067,3,0.000631436,0.0006313449333333333,2.5643173663873915e-07
82,77,46067,46071,4,0.00063120165,0.000631088575,3.8609359211855416e-07
82,78,46071,46074,3,0.0006309182,0.0006308643333333333,1.0254031185612602e-07
82,79,46074,46077,3,0.000630318,0.0006303651000000001,2.7056253744126605e-07
82,80,46077,46081,4,0.0006308728,0.00063095065,1.765492353424502e-07
82,81,46081,46084,3,0.0006303379,0.0006303700666666667,5.404950405773583e-08
82,82,46084,46087,3,0.0006305639,0.0006305375333333333,2.1721403167281983e-07
82,83,46087,46091,4,0.0006306178500000001,0.00063060365,2.734789982795787e-07
82,84,46091,46094,3,0.0006300134,0.0006301360666666668,2.705778302489558e-07
82,85,46094,46097,3,0.0006306071,0.0006303645666666666,3.448340405985843e-07
82,86,46097,46100,3,0.0006301506,0.0006301949666666666,1.8021713446717145e-07
82,87,46100,46104,4,0.0006305976000000001,0.000630555125,2.163824782069939e-07
82,88,46104,46107,3,0.0006308479,0.0006307187000000001,2.1791247478437908e-07
82,89,46107,46110,3,0.0006305464,0.0006305821333333333,5.095941740465851e-08
82,90,46110,46114,4,0.0006304347500000001,0.0006304563249999999,2.70685485157609e-07
82,91,46114,46117,3,0.0006304847,0.0006304691666666666,2.62814920090588e-07
82,92,46117,46120,3,0.000630517,0.0006304116333333333,2.2587005605485228e-07
82,93,46120,46124,4,0.000630689,0.0006309008,4.031686061686548e-07
82,94,46124,46127,3,0.0006304942,0.0006304387333333333,3.070683022101598e-07
82,95,46127,46130,3,0.0006302083,0.0006302742999999999,2.0803828173358439e-07
82,96,46130,46134,4,0.00062995065,0.000629958025,1.1900624720994568e-07
82,97,46134,46137,3,0.0006300748,0.0006301887333333332,3.139237310062439e-07
82,98,46137,46140,3,0.0006307484,0.0006309162666666666,3.166981458037864e-07
82,99,46140,46143,3,0.0006305811,0.0006306233333333333,9.445564508748347e-08
83,0,46742,46745,3,0.000499138,0.0004919602666666667,1.0548231506223615e-05
83,1,46738,46742,4,0.00048682425,0.00049003405,1.1071915060300092e-05
83,2,46734,46738,4,0.0005006539,0.0004945659250000001,1.3290694256391384e-05
83,3,46730,46734,4,0.00052029365,0.000521119825,7.5900427434155644e-06
83,4,46726,46730,4,0.0005350508,0.000532981125,5.339146179107172e-06
83,5,46722,46726,4,0.0005421887,0.00054176265,1.228512683084713e-06
83,6,46718,46722,4,0.00054511075,0.0005441229250000001,2.0257749398378193e-06
83,7,46714,46718,4,0.00054834815,0.0005481171499999999,1.0483621523595796e-06
83,8,46710,46714,4,0.0005523458,0.000551298475,2.8159734128494643e-06
83,9,46706,46710,4,0.00053857445,0.0005326433500000001,2.0316144526029043e-05
83,10,46702,46706,4,0.0003695317,0.000372136725,6.534917194756087e-05
83,11,46698,46702,4,0.0002073664,0.00021490115000000003,1.978540594598706e-05
83,12,46695,46698,3,0.0001892202,0.00018833529999999997,8.673340437224863e-06
83,13,46691,46695,4,0.00019473045,0.000196003375,4.204442550668878e-06
83,14,46687,46691,4,0.00021871234999999999,0.0002203394,9.883512564114035e-06
83,15,46683,46687,4,0.00023394760000000002,0.00023242705000000002,3.470648324520935e-06
83,16,46679,46683,4,0.00023961479999999997,0.000240335175,6.56104179737296e-06
83,17,46675,46679,4,0.00025281365,0.00025280237499999996,4.881599807632229e-06
83,18,46671,46675,4,0.00027215759999999996,0.00027153117500000005,7.440015276319995e-06
83,19,46667,46671,4,0.0002860577,0.0002848478,4.971547828393099e-06
83,20,46663,46667,4,0.00029799395,0.00029662707499999996,7.666957504243459e-06
83,21,46659,46663,4,0.00030177389999999995,0.00030076505,7.258721867346897e-06
83,22,46655,46659,4,0.00031271835000000003,0.000313774175,9.184084791740277e-06
83,23,46651,46655,4,0.0003123949,0.00031535205,7.153817700535839e-06
83,24,46647,46651,4,0.00032926905,0.000327596375,8.819061367678242e-06
83,25,46644,46647,3,0.0003278003,0.0003293946666666667,3.6644592982988487e-06
83,26,46640,46644,4,0.0003229455,0.00032529532499999997,9.311077148583553e-06
83,27,46636,46640,4,0.0003328145,0.00033042312500000003,5.848816004275994e-06
83,28,46632,46636,4,0.00032873945000000003,0.00032896389999999997,1.1522037562210953e-05
83,29,46628,46632,4,0.0003373515,0.00033551619999999996,8.443082865280901e-06
83,30,46624,46628,4,0.000322842,0.00032200725,7.804379476133905e-06
83,31,46620,46624,4,0.00032165039999999996,0.000318842125,6.965529892037991e-06
83,32,46616,46620,4,0.00030081115,0.00029954315000000004,7.546188194876922e-06
83,33,46612,46616,4,0.00028620295000000005,0.00028610975000000003,6.6916260581789856e-06
83,34,46608,46612,4,0.0002820233,0.000280084425,4.989111903623237e-06
83,35,46604,46608,4,0.0002793439,0.00028038625,7.557002748940872e-06
83,36,46600,46604,4,0.00027556715000000005,0.00027479525,1.0344965991848401e-05
83,37,46597,46600,3,0.0002813142,0.0002762626333333333,8.276790088890461e-06
83,38,46593,46597,4,0.0002706578,0.00027069295,8.462293987300378e-06
83,39,46589,46593,4,0.00025834495,0.000259288375,6.773358742298757e-06
83,40,46585,46589,4,0.0002585022,0.000257649375,6.0171595459880265e-06
83,41,46581,46585,4,0.00024875545,0.00024700110000000004,5.104465713960678e-06
83,42,46577,46581,4,0.0002404236,0.00024093837499999997,7.766164639439141e-06
83,43,46573,46577,4,0.0002266647,0.00022665732499999998,5.823041070770063e-06
83,44,46569,46573,4,0.0002242392,0.000225232725,8.920562700686272e-06
83,45,46565,46569,4,0.00021972385,0.00021808,7.703323956903276e-06
83,46,46561,46565,4,0.0002167911,0.00021357145,6.945957468016919e-06
83,47,46557,46561,4,0.0002046175,0.000207523,7.023237170279816e-06
83,48,46553,46557,4,0.00020843415000000001,0.00020681447500000002,6.943709699207977e-06
83,49,46549,46553,4,0.00020159695,0.00020150815,6.947671799423171e-06
83,50,46546,46549,3,0.0002043669,0.00020037729999999998,7.092952242895757e-06
83,51,46542,46546,4,0.000205649,0.00020439330000000003,1.0390265441027003e-05
83,52,46538,46542,4,0.0002004693,0.000201199875,9.312507814325577e-06
83,53,46534,46538,4,0.0002100275,0.00020942887499999997,7.965434661515659e-06
83,54,46530,46534,4,0.00020317825000000002,0.000204409975,6.020321623208757e-06
83,55,46526,46530,4,0.00021573485,0.00021444255,5.961237423765304e-06
83,56,46522,46526,4,0.0002095548,0.00021004345000000003,7.697689352494032e-06
83,57,46518,46522,4,0.00021969859999999998,0.00021910229999999998,8.570349745197099e-06
83,58,46514,46518,4,0.00021862584999999998,0.00022061090000000003,1.109644799767024e-05
83,59,46510,46514,4,0.00023239670000000002,0.0002284079,1.0097401490730173e-05
83,60,46506,46510,4,0.00023087945000000001,0.000235755725,1.0341892783087389e-05
83,61,46502,46506,4,0.00024815055,0.00024740125,7.189202033779552e-06
83,62,46499,46502,3,0.0002426914,0.00024169246666666666,4.1943172518169165e-06
83,63,46495,46499,4,0.00023535815000000002,0.00023295102500000002,5.182684223148745e-06
83,64,46491,46495,4,0.0002555737,0.00025518205,6.31238716592225e-06
83,65,46487,46491,4,0.00025360854999999997,0.00025691102500000003,9.377475305852579e-06
83,66,46483,46487,4,0.00025740135,0.0002593923,1.2585648211951584e-05
83,67,46479,46483,4,0.00028018815,0.00027996355,1.5932341347790036e-05
83,68,46475,46479,4,0.00030535044999999996,0.00030425955,6.442527739365973e-06
83,69,46471,46475,4,0.000298602,0.000300142825,6.633006548080217e-06
83,70,46467,46471,4,0.00030158824999999996,0.00030404005,7.880908282203276e-06
83,71,46463,46467,4,0.00033105145,0.00032992947499999996,8.814341754032175e-06
83,72,46459,46463,4,0.0003524774,0.000353220575,4.5501477873663685e-06
83,73,46455,46459,4,0.00035067765,0.00035087275000000005,1.1662056251900864e-05
83,74,46451,46455,4,0.0003595209,0.00035417572500000006,1.0849508750255695e-05
83,75,46448,46451,3,0.0003503053,0.00035829063333333336,1.6161082038306985e-05
83,76,46444,46448,4,0.0003876602,0.000387052875,1.795175210103111e-05
83,77,46440,46444,4,0.00042536275,0.00043119379999999996,1.5020818521472115e-05
83,78,46436,46440,4,0.00045101675,0.0004544128,1.06683003390887e-05
83,79,46432,46436,4,0.00047047435000000003,0.00046949165,7.598761446610885e-06
83,80,46428,46432,4,0.0004676943,0.00046778039999999997,2.35091720398655e-06
83,81,46424,46428,4,0.00047511155000000004,0.00047800587499999996,6.293820472246941e-06
83,82,46420,46424,4,0.0004970203,0.000495025775,7.649394290195443e-06
83,83,46416,46420,4,0.00051872635,0.00052013735,6.217287331505569e-06
83,84,46412,46416,4,0.00053120885,0.000531265575,2.6049613753134723e-06
83,85,46408,46412,4,0.0005312622500000001,0.000530504675,4.136545084593566e-06
83,86,46404,46408,4,0.0004976672,0.0004976115,1.2272413622837199e-05
83,87,46401,46404,3,0.0004843721,0.00048570306666666663,3.952085972692855e-06
83,88,46397,46401,4,0.00050713005,0.00050870535,8.43845414175486e-06
83,89,46393,46397,4,0.00053745785,0.000535468175,5.56357820713211e-06
83,90,46389,46393,4,0.00055040325,0.000551116825,3.120935542729937e-06
83,91,46385,46389,4,0.00055066205,0.0005504734249999999,3.519186441050702e-06
83,92,46381,46385,4,0.0005440105499999999,0.0005434423249999999,2.7461215144044597e-06
83,93,46377,46381,4,0.0005413962,0.00054127185,1.3370810792543404e-06
83,94,46373,46377,4,0.00054187155,0.0005412848,4.865974596624983e-06
83,95,46369,46373,4,0.0005049683000000001,0.00050442055,1.685479190801536e-05
83,96,46365,46369,4,0.000444011,0.0004443754,9.537279159173225e-06
83,97,46361,46365,4,0.00052899665,0.0005263765,2.480728196669276e-05
83,98,46357,46361,4,0.00059966185,0.000597782225,1.4607807734115172e-05
83,99,46353,46357,4,0.00062729325,0.0006265881249999999,2.8637020981371134e-06
84,0,46972,46976,4,0.0005777137499999999,0.000577822,5.691334773144058e-07
84,1,46976,46980,4,0.0005770106,0.00057592725,2.873201111565263e-06
84,2,46980,46984,4,0.00054098325,0.000540246475,1.7109948545126446e-05
84,3,46984,46988,4,0.0004924328,0.000492768675,8.316341345319784e-06
84,4,46988,46992,4,0.00049105975,0.0004897939,5.65081518145833e-06
84,5,46992,46996,4,0.0005029450999999999,0.0005023986,5.318761568260036e-06
84,6,46996,47000,4,0.0005208543,0.0005198028750000001,5.139410343305432e-06
84,7,47000,47004,4,0.0005272753499999999,0.00052641675,2.4613315425801307e-06
84,8,47004,47008,4,0.0005320101999999999,0.000530914675,2.902277890188176e-06
84,9,47008,47012,4,0.00053635865,0.000535204425,2.7291738597742446e-06
84,10,47012,47016,4,0.0005425606,0.000541920725,2.755788189769853e-06
84,11,47016,47020,4,0.00054587265,0.00054503025,2.1733505015298315e-06
84,12,47020,47024,4,0.000548682,0.000548424225,9.497118151707667e-07
84,13,47024,47028,4,0.00054938915,0.00054910485,1.1056651810109677e-06
84,14,47028,47031,3,0.0005519524,0.0005522624333333334,8.23002593488579e-07
84,15,47031,47035,4,0.00055161535,0.000550985625,1.1698245838052079e-06
84,16,47035,47039,4,0.00055430645,0.0005543647750000001,1.4888638644533827e-06
84,17,47039,47043,4,0.00055545995,0.000555258175,1.1139964438340943e-06
84,18,47043,47047,4,0.00055520965,0.0005552726999999999,1.6803851448402884e-06
84,19,47047,47051,4,0.00055452305,0.00055435885,1.4671281854357307e-06
84,20,47051,47055,4,0.00055567195,0.0005554397500000001,2.0707848107661835e-06
84,21,47055,47059,4,0.00055752525,0.000557614625,1.1332003560160964e-06
84,22,47059,47063,4,0.0005532974,0.000553756575,1.6365385748203369e-06
84,23,47063,47067,4,0.0005487523999999999,0.000549037925,2.9192989195823933e-06
84,24,47067,47071,4,0.0005343315500000001,0.000531765875,7.784477674312816e-06
84,25,47071,47075,4,0.0005066008499999999,0.0005066272499999999,2.871238708728349e-06
84,26,47075,47079,4,0.00052694,0.0005254186,6.7870314648600275e-06
84,27,47079,47083,4,0.0005403017,0.0005393805000000001,2.824091256492966e-06
84,28,47083,47086,3,0.0005412346,0.0005406947333333334,1.9179496019331835e-06
84,29,47086,47090,4,0.00053983935,0.000540270725,1.6562399197806389e-06
84,30,47090,47094,4,0.0005394432,0.0005395053,1.5193725464809525e-06
84,31,47094,47098,4,0.00053637965,0.000537104225,1.5210803863948405e-06
84,32,47098,47102,4,0.0005349736,0.0005349219,1.7205825437915165e-06
84,33,47102,47106,4,0.00053342365,0.00053341125,1.4498079812513245e-06
84,34,47106,47110,4,0.0005294009500000001,0.000529162025,2.7009790450640244e-06
84,35,47110,47114,4,0.0005232149,0.000522701975,2.745431516515217e-06
84,36,47114,47118,4,0.00052039565,0.0005192668500000001,3.1934720982811343e-06
84,37,47118,47122,4,0.0005151297500000001,0.0005165193,3.3347243491778974e-06
84,38,47122,47126,4,0.0005126745,0.0005130309,2.429418969630399e-06
84,39,47126,47130,4,0.00050992015,0.0005101006000000001,2.4544741341069493e-06
84,40,47130,47134,4,0.0005092145,0.00050771885,2.9446462516744202e-06
84,41,47134,47138,4,0.0005041711499999999,0.00050603635,4.5267951723598106e-06
84,42,47138,47141,3,0.0005046533,0.0005036150999999999,3.16817503619986e-06
84,43,47141,47145,4,0.000506732,0.000504467875,4.997241731382913e-06
84,44,47145,47149,4,0.0005059658,0.000507814375,4.183352875610055e-06
84,45,47149,47153,4,0.0005119928,0.000511288275,4.427522834144954e-06
84,46,47153,47157,4,0.0005107563499999999,0.0005115840249999999,4.243922252689728e-06
84,47,47157,47161,4,0.00051740465,0.000517195975,4.982145295138923e-06
84,48,47161,47165,4,0.0005186457999999999,0.000519634275,3.013945067826391e-06
84,49,47165,47169,4,0.00052138785,0.0005197195,5.286876375989883e-06
84,50,47169,47173,4,0.00052395195,0.0005242151249999999,3.2368532005444714e-06
84,51,47173,47177,4,0.00052713305,0.00052554385,3.353814060513789e-06
84,52,47177,47181,4,0.00052739765,0.000527337925,1.8980535850905037e-06
84,53,47181,47185,4,0.00052549095,0.0005257875,2.0505155363956615e-06
84,54,47185,47189,4,0.00052595375,0.00052610345,2.6324328543193513e-06
84,55,47189,47193,4,0.0005056046,0.000507348275,8.809396660775066e-06
84,56,47193,47197,4,0.0005005746499999999,0.0004998599750000001,4.134623285364105e-06
84,57,47197,47200,3,0.0005031544,0.0005024649333333335,4.735206378700821e-06
84,58,47200,47204,4,0.0004931345000000001,0.0004961578500000001,7.997154140849097e-06
84,59,47204,47208,4,0.0005253076,0.00052368395,6.76897712712193e-06
84,60,47208,47212,4,0.0005348633499999999,0.000534947875,1.861763998873095e-07
84,61,47212,47216,4,0.0005380676499999999,0.000537836325,1.9104719565790454e-06
84,62,47216,47220,4,0.00054654875,0.000546854475,2.5880680587795636e-06
84,63,47220,47224,4,0.0005517942500000001,0.000551878975,9.87794511462252e-07
84,64,47224,47228,4,0.0005542920000000001,0.0005538746,1.0605535276448633e-06
84,65,47228,47232,4,0.00055530645,0.000555002175,1.39536407323501e-06
84,66,47232,47236,4,0.0005563055,0.000555939475,2.0787406240016937e-06
84,67,47236,47240,4,0.0005507707499999999,0.0005513274750000001,2.1460829799602582e-06
84,68,47240,47244,4,0.000564024,0.0005633109,1.6940570179306275e-06
84,69,47244,47248,4,0.0005653591999999999,0.0005653446250000001,9.698673295224584e-07
84,70,47248,47252,4,0.00056792785,0.000568152475,1.17316299672085e-06
84,71,47252,47255,3,0.0005705225,0.0005703941333333333,6.219303837425681e-07
84,72,47255,47259,4,0.00057031515,0.0005704419750000001,3.1363208840136914e-07
84,73,47259,47263,4,0.0005726583000000001,0.000572807675,5.352979514952285e-07
84,74,47263,47267,4,0.00057453995,0.0005742562,7.173269233759598e-07
84,75,47267,47271,4,0.00057636905,0.0005764397749999999,2.141687929531341e-07
84,76,47271,47275,4,0.00057687435,0.000576892425,9.317989412287309e-07
84,77,47275,47279,4,0.0005759675,0.000575884825,2.2245274682221566e-06
84,78,47279,47283,4,0.0005670436499999999,0.000567126825,2.9556692764710853e-06
84,79,47283,47287,4,0.00055128395,0.00055189275,5.912500910993574e-06
84,80,47287,47291,4,0.00054817635,0.0005486775,5.13041345653545e-06
84,81,47291,47295,4,0.0005709433500000001,0.0005704291500000001,4.09744217317339e-06
84,82,47295,47299,4,0.0005750236,0.00057359055,3.157397100065189e-06
84,83,47299,47303,4,0.00054641325,0.000547582925,7.96771397747655e-06
84,84,47303,47307,4,0.00052932625,0.000529511325,2.171983135725284e-06
84,85,47307,47310,3,0.0005529657,0.0005513926333333333,7.330312885242739e-06
84,86,47310,47314,4,0.0005507617999999999,0.00054962975,7.319228309903985e-06
84,87,47314,47318,4,0.00049349705,0.0004906768000000001,3.143057735366948e-05
84,88,47318,47322,4,0.00042289845000000005,0.00042633615,1.2698006526321361e-05
84,89,47322,47326,4,0.00051690815,0.0005157830999999999,3.0211155749242702e-05
84,90,47326,47330,4,0.0006023943999999999,0.0006001515999999999,1.402465452444373e-05
84,91,47330,47334,4,0.0006271993500000001,0.00062649325,3.1593001016839256e-06
84,92,47334,47338,4,0.0006300965000000001,0.0006300751250000001,1.7338172301311245e-07
84,93,47338,47342,4,0.0006300102499999999,0.0006299648250000001,2.827912337308118e-07
84,94,47342,47346,4,0.0006299186499999999,0.000630010075,1.6735695944596578e-07
84,95,47346,47350,4,0.0006300284500000001,0.0006300289749999999,1.968104719647679e-07
84,96,47350,47354,4,0.00063009375,0.0006299567,3.562639260436074e-07
84,97,47354,47358,4,0.0006302088,0.000630125775,3.044402270971884e-07
84,98,47358,47362,4,0.00062953315,0.000629596825,1.8136853882359568e-07
84,99,47362,47365,3,0.0006294968,0.0006295970333333334,1.4373578383813327e-07
85,0,47993,47997,4,0.00058947405,0.0005893065499999999,4.5910561148823974e-07
85,1,47989,47993,4,0.00058809195,0.0005878202,1.2965247837970483e-06
85,2,47985,47989,4,0.0005851294499999999,0.0005850896,2.5820661300591634e-07
85,3,47981,47985,4,0.000587597,0.0005875696999999999,9.290672822783104e-07
85,4,47977,47981,4,0.0005873191,0.0005874406,7.9833278148905e-07
85,5,47973,47977,4,0.00058222175,0.0005823179,2.141087906882856e-06
85,6,47969,47973,4,0.0005767387500000001,0.0005766420500000001,1.7777402088044989e-07
85,7,47965,47969,4,0.0005766893999999999,0.000577017875,7.997798896415371e-07
85,8,47961,47965,4,0.0005755652,0.0005755692249999999,2.608460992618342e-08
85,9,47957,47961,4,0.000578154,0.0005785419749999999,1.2319541111076228e-06
85,10,47953,47957,4,0.00058070325,0.000580700975,2.3505867751475575e-07
85,11,47949,47953,4,0.00058042995,0.0005804229249999999,6.061785519754004e-07
85,12,47945,47949,4,0.00058200015,0.0005818947,2.867843527809654e-07
85,13,47941,47945,4,0.00058311815,0.0005832109000000001,6.902771725908288e-07
85,14,47937,47941,4,0.0005838583499999999,0.0005839292,3.2844969934524303e-07
85,15,47933,47937,4,0.00058280475,0.000582833725,3.282741032658614e-07
85,16,47929,47933,4,0.0005837607,0.0005835078,1.1778621714785e-06
85,17,47925,47929,4,0.000585221,0.0005852719750000001,6.17211581935242e-07
85,18,47921,47925,4,0.00058403565,0.00058380095,4.146648676943825e-07
85,19,47917,47921,4,0.0005852104,0.00058531965,4.115862576666274e-07
85,20,47913,47917,4,0.0005852355,0.0005854474,5.67021921974814e-07
85,21,47909,47913,4,0.00058587735,0.0005857820250000001,4.0622997412177276e-07
85,22,47905,47909,4,0.00058593145,0.000585819975,6.30140965875882e-07
85,23,47901,47905,4,0.0005857962500000001,0.000585924,2.78713768945829e-07
85,24,47897,47901,4,0.0005850474499999999,0.000585077575,6.799689896421732e-07
85,25,47893,47897,4,0.0005835792,0.0005834177500000001,8.414873751281102e-07
85,26,47889,47893,4,0.00057485325,0.000573411525,6.927041677503822e-06
85,27,47885,47889,4,0.0005352048499999999,0.00053755885,1.042930987565812e-05
85,28,47881,47885,4,0.0005344949,0.0005355037749999999,8.376017138645015e-06
85,29,47877,47881,4,0.00056879895,0.0005672422,6.719434379097687e-06
85,30,47873,47877,4,0.00057934815,0.0005791671500000001,1.8626662402319942e-06
85,31,47869,47873,4,0.0005815449999999999,0.00058168855,4.514412115658118e-07
85,32,47865,47869,4,0.0005817179,0.000581692425,4.237499933628345e-07
85,33,47861,47865,4,0.0005808556499999999,0.00058090705,4.924716463919418e-07
85,34,47857,47861,4,0.00058176915,0.0005817514000000001,4.5016745217751765e-07
85,35,47853,47857,4,0.0005817823,0.0005817004,3.307092076129705e-07
85,36,47849,47853,4,0.0005817372,0.0005817844750000001,5.190015817654285e-07
85,37,47845,47849,4,0.0005802638,0.000580371575,6.377343975943354e-07
85,38,47841,47845,4,0.00057880125,0.000579096325,8.166068159616389e-07
85,39,47837,47841,4,0.0005778553,0.000577982975,6.996708346608584e-07
85,40,47833,47837,4,0.00057804725,0.00057815155,8.529102605198394e-07
85,41,47829,47833,4,0.00057888185,0.000578617175,6.321796318096669e-07
85,42,47825,47829,4,0.00057894605,0.00057897605,7.880652273130507e-07
85,43,47821,47825,4,0.00057724845,0.0005773693,8.88090876543636e-07
85,44,47817,47821,4,0.00057563465,0.000575596575,8.90563578232911e-07
85,45,47813,47817,4,0.0005763370499999999,0.000575842875,9.974470346213835e-07
85,46,47809,47813,4,0.00057775475,0.000577999825,7.334663808757804e-07
85,47,47805,47809,4,0.0005790363999999999,0.0005790056500000001,6.390602064750895e-07
85,48,47801,47805,4,0.0005798426,0.0005800881499999999,7.9288946423823e-07
85,49,47796,47801,5,0.0005812116,0.0005810154000000001,6.858432911387393e-07
85,50,47792,47796,4,0.0005809058499999999,0.000581008125,5.14520535911864e-07
85,51,47788,47792,4,0.00058206,0.0005821848,6.008626132486419e-07
85,52,47784,47788,4,0.0005821334,0.00058237765,5.658588008505099e-07
85,53,47780,47784,4,0.00058254985,0.000582419475,4.6836255921563575e-07
85,54,47776,47780,4,0.00058085645,0.000581009275,5.649340686088957e-07
85,55,47772,47776,4,0.0005801305500000001,0.000580140075,3.368978879051969e-07
85,56,47768,47772,4,0.0005800631,0.000580124875,5.377790781306001e-07
85,57,47764,47768,4,0.0005776348000000001,0.0005771933249999999,2.8766710503418694e-06
85,58,47760,47764,4,0.00056258915,0.000562827175,4.610715026639016e-06
85,59,47756,47760,4,0.00055658365,0.0005551978,3.895807501019527e-06
85,60,47752,47756,4,0.0005508636,0.000550673675,6.6819257498774e-06
85,61,47748,47752,4,0.0005732407500000001,0.000571290925,4.147208840518529e-06
85,62,47744,47748,4,0.0005760062500000001,0.0005758033750000001,5.579351681647421e-07
85,63,47740,47744,4,0.00057506725,0.00057521565,7.588127387570606e-07
85,64,47736,47740,4,0.0005800754499999999,0.0005801055249999999,7.31881955560457e-07
85,65,47732,47736,4,0.0005805471000000001,0.0005807159000000001,5.093407356573525e-07
85,66,47728,47732,4,0.0005836731500000001,0.00058355885,4.2366066905015755e-07
85,67,47724,47728,4,0.00058397225,0.0005841041249999999,4.938823765584259e-07
85,68,47720,47724,4,0.0005821694,0.0005817739,2.426985096781578e-06
85,69,47716,47720,4,0.0005753391500000001,0.000576462525,2.125923122287096e-06
85,70,47712,47716,4,0.000582798,0.0005826847,1.346674459548404e-06
85,71,47708,47712,4,0.0005813278,0.000581387775,1.311607064587165e-06
85,72,47704,47708,4,0.0005840879,0.0005839421000000001,4.014931443997694e-07
85,73,47700,47704,4,0.00058281255,0.000582654225,3.250332396463261e-07
85,74,47696,47700,4,0.0005824492499999999,0.000582465475,1.650232010203299e-07
85,75,47692,47696,4,0.00058334035,0.000583363825,9.447460594651686e-07
85,76,47688,47692,4,0.00058463045,0.0005846353,1.005817329339607e-07
85,77,47684,47688,4,0.0005850798,0.000585030075,3.445330635439966e-07
85,78,47680,47684,4,0.00058550955,0.00058568035,5.459590300562798e-07
85,79,47676,47680,4,0.0005852680999999999,0.0005855791250000001,6.447773661311224e-07
85,80,47672,47676,4,0.0005852399,0.0005852346749999999,5.659398571182482e-07
85,81,47668,47672,4,0.0005831386,0.000583007475,5.012080474962592e-07
85,82,47664,47668,4,0.00058283105,0.0005828238500000001,3.231772153168934e-07
85,83,47660,47664,4,0.00058488035,0.0005845545499999999,9.171938630954701e-07
85,84,47656,47660,4,0.00057726685,0.00057740485,4.325735253399111e-06
85,85,47652,47656,4,0.0005608201,0.000560942075,3.594477127048523e-06
85,86,47648,47652,4,0.00055689435,0.00055676645,8.679476611524186e-07
85,87,47644,47648,4,0.0005360204,0.000536430025,1.5194804548656569e-05
85,88,47640,47644,4,0.00047713645,0.00047625637499999995,1.7682345080810814e-05
85,89,47636,47640,4,0.00043903314999999997,0.00043941385,3.742386396739393e-06
85,90,47632,47636,4,0.00050265775,0.0005006180000000001,2.7482631188534326e-05
85,91,47628,47632,4,0.0005860934,0.000583636275,1.9329242628253078e-05
85,92,47624,47628,4,0.00062334985,0.00062215975,5.016980835373008e-06
85,93,47620,47624,4,0.00062912585,0.000629151025,3.3517247332528095e-07
85,94,47616,47620,4,0.0006291314499999999,0.0006291206499999999,1.4355066178879499e-07
85,95,47612,47616,4,0.0006293991,0.000629397575,2.2562300830147804e-07
85,96,47608,47612,4,0.0006294643,0.000629405525,1.6314126355710322e-07
85,97,47604,47608,4,0.0006293703500000001,0.0006293460250000001,2.2041852661471154e-07
85,98,47600,47604,4,0.00062937565,0.000629417775,1.7425130379714679e-07
85,99,47595,47600,5,0.0006294828,0.0006294637,2.2942275388461813e-07
86,0,48229,48234,5,0.0005908237,0.0005904957799999999,7.081328841397117e-07
86,1,48234,48238,4,0.0005861976000000001,0.0005863245749999999,1.4810087717076611e-06
86,2,48238,48242,4,0.00058630185,0.000586458275,1.5875297278712517e-06
86,3,48242,48246,4,0.0005880575,0.0005879870999999999,5.118357011776169e-07
86,4,48246,48250,4,0.00058886795,0.000588826975,3.3075595516178914e-07
86,5,48250,48254,4,0.0005890962,0.000589030875,1.1793414210907144e-07
86,6,48254,48258,4,0.0005893863,0.0005893919,1.7195153386928318e-07
86,7,48258,48262,4,0.00058891005,0.000588887425,1.9729621606864142e-07
86,8,48262,48266,4,0.0005881597,0.00058811515,2.3509123229077155e-07
86,9,48266,48270,4,0.00058966785,0.000589647325,5.189846258561026e-07
86,10,48270,48274,4,0.0005895558499999999,0.0005895958,3.853806365140814e-07
86,11,48274,48278,4,0.0005894784,0.0005893786,2.0339081837683546e-07
86,12,48278,48282,4,0.0005904454999999999,0.0005903722999999999,3.0023439176749865e-07
86,13,48282,48286,4,0.0005914253499999999,0.000591336575,3.2976371370269904e-07
86,14,48286,48290,4,0.00059148735,0.000591351875,6.583796829148158e-07
86,15,48290,48294,4,0.00058927275,0.000589239725,1.8509236039067286e-07
86,16,48294,48298,4,0.0005900047499999999,0.000590077175,2.676493263115039e-07
86,17,48298,48302,4,0.00059016705,0.0005901215249999999,4.0732981952589233e-07
86,18,48302,48306,4,0.0005902157000000001,0.0005902306250000001,2.8039813992784155e-07
86,19,48306,48310,4,0.0005896203,0.000589625825,2.5579854744507375e-07
86,20,48310,48314,4,0.0005910832499999999,0.000591075575,4.6106590838510265e-07
86,21,48314,48318,4,0.00059206185,0.0005919333,3.0668424315572375e-07
86,22,48318,48322,4,0.0005913422,0.000591358575,2.961772980412426e-07
86,23,48322,48326,4,0.00059056,0.00059052735,4.1448333199297207e-07
86,24,48326,48330,4,0.0005884742499999999,0.0005884683999999999,1.1031033881735756e-06
86,25,48330,48334,4,0.0005845563500000001,0.00058434,1.6345146022596448e-06
86,26,48334,48338,4,0.00057060465,0.0005692441249999999,8.153151873777075e-06
86,27,48338,48342,4,0.0005383595499999999,0.000540268125,4.56879928666985e-06
86,28,48342,48346,4,0.0005622765,0.0005621699750000001,1.0222111694355294e-05
86,29,48346,48350,4,0.0005823841000000001,0.000582276875,1.910698968146201e-06
86,30,48350,48354,4,0.0005869790000000001,0.00058688715,7.334078759462686e-07
86,31,48354,48358,4,0.0005877225,0.000587763275,1.4070199669870705e-07
86,32,48358,48362,4,0.00058779925,0.0005877721,3.2137197295345923e-07
86,33,48362,48366,4,0.0005883383,0.000588302725,2.619212608304117e-07
86,34,48366,48370,4,0.0005891301,0.00058914905,3.1988436582617474e-07
86,35,48370,48374,4,0.00058963295,0.0005895919,1.2058534322215005e-07
86,36,48374,48378,4,0.0005898484,0.0005898177500000001,1.556909358312412e-07
86,37,48378,48382,4,0.0005890891499999999,0.0005891821,3.687926721072692e-07
86,38,48382,48386,4,0.0005886844500000001,0.0005885909,4.938490406996642e-07
86,39,48386,48390,4,0.0005877402500000001,0.0005877096500000001,2.5042001217956143e-07
86,40,48390,48394,4,0.0005888657000000001,0.00058867345,4.989400439932509e-07
86,41,48394,48398,4,0.0005887873,0.0005888269,8.697062722551032e-08
86,42,48398,48402,4,0.00058854095,0.000588540525,5.397196372886847e-07
86,43,48402,48406,4,0.0005874703,0.00058746975,4.2723643044574185e-07
86,44,48406,48410,4,0.00058706465,0.000586907275,4.877182915116246e-07
86,45,48410,48414,4,0.00058812965,0.000588210975,4.283675254673095e-07
86,46,48414,48418,4,0.00058991265,0.00058964185,4.7272834958357284e-07
86,47,48418,48422,4,0.0005897014,0.0005897529,1.8660614941632663e-07
86,48,48422,48426,4,0.00059000175,0.000590065225,5.469527693275108e-07
86,49,48426,48430,4,0.00059127455,0.0005912164749999999,1.4501797086911592e-07
86,50,48430,48435,5,0.0005917798,0.00059176276,3.038478079565781e-07
86,51,48435,48439,4,0.0005918186,0.0005919013,2.6591140441881506e-07
86,52,48439,48443,4,0.0005917254499999999,0.0005917988,2.1891538319634302e-07
86,53,48443,48447,4,0.0005904458500000001,0.0005904107250000001,2.2357654589648666e-07
86,54,48447,48451,4,0.00058976395,0.000589744375,7.51678912501948e-08
86,55,48451,48455,4,0.00058981055,0.000589790525,1.732998178735189e-07
86,56,48455,48459,4,0.0005896282,0.0005893865,7.129657179696613e-07
86,57,48459,48463,4,0.00058783485,0.000587850975,2.841340737662338e-07
86,58,48463,48467,4,0.0005867811,0.000586797075,3.1524764372634795e-07
86,59,48467,48471,4,0.0005860612,0.0005857124999999999,7.269496371826532e-07
86,60,48471,48475,4,0.0005842118,0.0005843167,4.322933957395429e-07
86,61,48475,48479,4,0.0005870329,0.0005869454500000001,9.575369248755255e-07
86,62,48479,48483,4,0.0005875078,0.0005873025999999999,7.635048460880775e-07
86,63,48483,48487,4,0.0005832762500000001,0.00058328755,3.774972218440743e-07
86,64,48487,48491,4,0.00058095715,0.0005810994999999999,1.6370842479847932e-06
86,65,48491,48495,4,0.0005816045500000001,0.0005816404750000001,2.6237018393626736e-06
86,66,48495,48499,4,0.00058755435,0.0005874605,3.3674525237931494e-07
86,67,48499,48503,4,0.0005889966500000001,0.0005890917250000001,8.452928734320326e-07
86,68,48503,48507,4,0.0005851016,0.000585514675,2.0669634374789977e-06
86,69,48507,48511,4,0.0005817854,0.00058192885,9.237125107413236e-07
86,70,48511,48515,4,0.00058239565,0.0005824088,9.20650196871744e-07
86,71,48515,48519,4,0.00058266315,0.0005827545750000001,9.978548926948248e-07
86,72,48519,48523,4,0.0005834677,0.000583574875,7.110049204295283e-07
86,73,48523,48527,4,0.0005824266,0.0005824861750000001,2.509549498914071e-07
86,74,48527,48531,4,0.00058252755,0.00058252885,5.087019485907029e-07
86,75,48531,48535,4,0.0005837304,0.0005837783250000001,9.141706142044779e-07
86,76,48535,48539,4,0.00058564895,0.00058554385,6.463427360928618e-07
86,77,48539,48543,4,0.0005871189000000001,0.000587156875,3.032391166637406e-07
86,78,48543,48547,4,0.0005875268,0.00058756075,2.516705237011385e-07
86,79,48547,48551,4,0.0005879891,0.0005879985499999999,1.1339577814007821e-07
86,80,48551,48555,4,0.00058656705,0.000586505375,6.023118726000512e-07
86,81,48555,48559,4,0.0005854454499999999,0.0005854908749999999,1.4728413653547697e-07
86,82,48559,48563,4,0.000586285,0.000586369025,6.010380286429487e-07
86,83,48563,48567,4,0.00058781045,0.000587768325,3.254567742035924e-07
86,84,48567,48571,4,0.0005865066,0.0005864236,4.126060166793196e-07
86,85,48571,48575,4,0.0005804262500000001,0.0005800975250000001,3.181895506907006e-06
86,86,48575,48579,4,0.0005597336,0.0005579129999999999,1.1298028584005277e-05
86,87,48579,48583,4,0.0005112277,0.000510987525,1.0728965269860593e-05
86,88,48583,48587,4,0.00047109395,0.000470946525,7.980686925125878e-06
86,89,48587,48591,4,0.0004574655,0.000462713475,1.213499687049301e-05
86,90,48591,48595,4,0.0005396119,0.000539737725,2.28290432085288e-05
86,91,48595,48599,4,0.0006058942499999999,0.000604792,1.071916460201071e-05
86,92,48599,48603,4,0.0006277834,0.000627081325,2.696668432876945e-06
86,93,48603,48607,4,0.0006295981999999999,0.00062958915,1.1719994667235198e-07
86,94,48607,48611,4,0.00062949785,0.000629407625,2.8234665196350825e-07
86,95,48611,48615,4,0.0006291939,0.000629257725,2.3674225832115296e-07
86,96,48615,48619,4,0.0006291068,0.0006291673,1.1525612781975428e-07
86,97,48619,48623,4,0.00062905415,0.0006290679250000001,1.5810294707881376e-07
86,98,48623,48627,4,0.00062954295,0.000629494725,2.805391717300867e-07
86,99,48627,48631,4,0.0006295793,0.0006295721,7.065465306689333e-08
87,0,49262,49266,4,0.00058789335,0.0005877559,6.609400388840078e-07
87,1,49258,49262,4,0.0005868283500000001,0.0005864545,7.542233057921572e-07
87,2,49254,49258,4,0.00058524065,0.0005852049,2.5850898436997385e-07
87,3,49250,49254,4,0.0005880021,0.0005880160749999999,2.795266299925846e-07
87,4,49246,49250,4,0.00058696745,0.00058703095,1.5418729681787547e-07
87,5,49242,49246,4,0.0005896077,0.00058964145,2.476730960358628e-07
87,6,49238,49242,4,0.0005902546,0.0005903344749999999,2.4186217537056985e-07
87,7,49234,49238,4,0.0005892967,0.000589212225,5.194449700160555e-07
87,8,49230,49234,4,0.00058872635,0.000588643425,2.0224326163062388e-07
87,9,49226,49230,4,0.0005895286,0.000589548125,2.5566218311475865e-07
87,10,49222,49226,4,0.0005905788000000001,0.0005905535,1.3669305029882924e-07
87,11,49218,49222,4,0.0005906423,0.000590650375,2.496863670186848e-07
87,12,49214,49218,4,0.0005899808,0.00059000455,4.1028437394080804e-07
87,13,49210,49214,4,0.00059037535,0.000590236925,5.564648523267139e-07
87,14,49206,49210,4,0.00059097245,0.0005910733999999999,2.1797308320066618e-07
87,15,49202,49206,4,0.00058980225,0.000589851975,3.044993052127044e-07
87,16,49198,49202,4,0.0005910777,0.0005910703750000001,3.036457259290839e-07
87,17,49194,49198,4,0.0005901552500000001,0.0005902718,2.9829224763644383e-07
87,18,49190,49194,4,0.0005896931999999999,0.0005896828,9.167813261624241e-08
87,19,49186,49190,4,0.00058968845,0.000589639025,1.9169764441692503e-07
87,20,49182,49186,4,0.0005901947000000001,0.000590183675,2.1851569022612276e-07
87,21,49178,49182,4,0.0005896691,0.0005896381499999999,1.558789033192035e-07
87,22,49174,49178,4,0.0005906228999999999,0.0005906381,5.1798310783249174e-08
87,23,49170,49174,4,0.0005899138499999999,0.0005900142999999999,2.76210255059469e-07
87,24,49166,49170,4,0.00058769435,0.0005874714,1.5788445284447492e-06
87,25,49162,49166,4,0.00057996325,0.000579915825,2.5564545266589523e-06
87,26,49158,49162,4,0.0005638201500000001,0.0005637809750000001,1.7290964466665731e-06
87,27,49154,49158,4,0.0005674037,0.0005671483000000001,1.1149467633030902e-06
87,28,49150,49154,4,0.00057601945,0.000576097325,3.3359850084907397e-06
87,29,49146,49150,4,0.00058440805,0.000584020475,1.041443194262185e-06
87,30,49142,49146,4,0.0005865757,0.00058659715,1.3156712440804148e-06
87,31,49138,49142,4,0.0005864209,0.0005866544500000001,7.745001565525923e-07
87,32,49134,49138,4,0.00058643515,0.00058643425,7.750131821459305e-07
87,33,49130,49134,4,0.0005861565,0.00058629625,3.26941871744803e-07
87,34,49126,49130,4,0.00058785095,0.00058794285,1.1067170200643028e-06
87,35,49122,49126,4,0.0005898006499999999,0.0005897733499999999,1.5617500600288066e-07
87,36,49118,49122,4,0.0005901915500000001,0.00059015185,3.0105169406595715e-07
87,37,49114,49118,4,0.000590239,0.000590293925,1.957589126323211e-07
87,38,49110,49114,4,0.00059023315,0.00059017615,3.924670591272333e-07
87,39,49106,49110,4,0.0005885378,0.000588677925,6.074529009519741e-07
87,40,49102,49106,4,0.00058833325,0.00058829495,4.809886511134967e-07
87,41,49098,49102,4,0.0005889483,0.000588973325,1.1371513476668555e-07
87,42,49094,49098,4,0.0005894735,0.0005895082,9.485322872730879e-08
87,43,49090,49094,4,0.0005894473,0.000589589675,2.8501104693501645e-07
87,44,49086,49090,4,0.00058885135,0.000588909575,5.122203499227825e-07
87,45,49082,49086,4,0.00058969435,0.0005896596500000001,4.813649265370338e-07
87,46,49078,49082,4,0.0005906143,0.00059053535,1.5044071091297594e-07
87,47,49074,49078,4,0.0005900165,0.00059006995,2.307361967702525e-07
87,48,49070,49074,4,0.00059195875,0.00059181525,4.186321207217568e-07
87,49,49065,49070,5,0.0005920922,0.00059211598,2.0941613500395838e-07
87,50,49061,49065,4,0.0005921608,0.000592154125,1.4341086735318688e-07
87,51,49057,49061,4,0.0005924614,0.000592526225,1.381964611522241e-07
87,52,49053,49057,4,0.0005915991,0.000591740975,4.3953788445936913e-07
87,53,49049,49053,4,0.00059065975,0.0005906555,3.902467232405582e-07
87,54,49045,49049,4,0.0005906608000000001,0.000590547975,3.9091704602766456e-07
87,55,49041,49045,4,0.0005913246,0.0005912691,1.791238119290556e-07
87,56,49037,49041,4,0.0005908775,0.00059089195,2.6425682110402864e-07
87,57,49033,49037,4,0.0005905818,0.000590560625,2.7766233427492615e-07
87,58,49029,49033,4,0.0005890202000000001,0.000589036125,7.727129750916767e-07
87,59,49025,49029,4,0.0005873365999999999,0.000587316075,3.1889972855898234e-07
87,60,49021,49025,4,0.00058754405,0.00058753295,1.3683688282040797e-07
87,61,49017,49021,4,0.00058828885,0.000588427775,4.7609830589385685e-07
87,62,49013,49017,4,0.0005899685,0.0005899195499999999,3.060218088633717e-07
87,63,49009,49013,4,0.0005886381999999999,0.0005886309749999999,1.244141837522961e-06
87,64,49005,49009,4,0.00058493685,0.000585158075,1.055015228266862e-06
87,65,49001,49005,4,0.00058307615,0.0005828804,4.5809498469205156e-07
87,66,48997,49001,4,0.0005843026,0.000584373225,3.644629910910264e-07
87,67,48993,48997,4,0.00058603605,0.0005859962250000001,1.1638616957675887e-06
87,68,48989,48993,4,0.00058698285,0.0005870857499999999,5.373302545920779e-07
87,69,48985,48989,4,0.0005828277,0.00058312065,9.497154034235702e-07
87,70,48981,48985,4,0.0005837796,0.0005835566,8.399011400158943e-07
87,71,48977,48981,4,0.0005807449999999999,0.0005806614750000001,3.352201767122629e-07
87,72,48973,48977,4,0.0005812639499999999,0.0005813591,2.3754087016763947e-07
87,73,48969,48973,4,0.0005831803000000001,0.0005830848,7.398434530358435e-07
87,74,48965,48969,4,0.00058378535,0.0005837394249999999,3.299645766972746e-07
87,75,48961,48965,4,0.00058432395,0.00058429565,3.4657084773534685e-07
87,76,48957,48961,4,0.0005858669999999999,0.000585840925,3.4178113885202433e-07
87,77,48953,48957,4,0.0005874912,0.000587421175,3.4542718027826274e-07
87,78,48949,48953,4,0.00058790555,0.000587898025,2.6795517698864605e-07
87,79,48945,48949,4,0.00058872055,0.000588683425,4.441014319668583e-07
87,80,48941,48945,4,0.0005885133,0.0005885527,3.0739547817102937e-07
87,81,48937,48941,4,0.0005864779500000001,0.0005864138,9.491999710282262e-07
87,82,48933,48937,4,0.0005860100000000001,0.00058613085,8.693209835843211e-07
87,83,48929,48933,4,0.0005882177000000001,0.00058817555,4.127381645789533e-07
87,84,48925,48929,4,0.00058877475,0.0005887419499999999,1.9557607854744938e-07
87,85,48921,48925,4,0.00058738675,0.000586935425,1.4901431950906298e-06
87,86,48917,48921,4,0.0005680610499999999,0.0005671202,8.718977068727706e-06
87,87,48913,48917,4,0.00053920735,0.000538551275,6.26402438029059e-06
87,88,48909,48913,4,0.0005225054000000001,0.000522100525,1.066507813789926e-06
87,89,48905,48909,4,0.00053018485,0.0005293360750000001,4.356220950763961e-06
87,90,48901,48905,4,0.0005554767000000001,0.000555211675,8.469394428285599e-06
87,91,48897,48901,4,0.00059807045,0.000596519775,1.2210220652464678e-05
87,92,48893,48897,4,0.0006244003,0.00062376645,3.772503297215272e-06
87,93,48889,48893,4,0.0006292038,0.0006292410999999999,1.4006618078609168e-07
87,94,48885,48889,4,0.00062889645,0.0006289409,1.0854429971217038e-07
87,95,48881,48885,4,0.00062911385,0.0006290818499999999,1.3719261095262864e-07
87,96,48877,48881,4,0.00062912915,0.0006292373,3.613252482182948e-07
87,97,48873,48877,4,0.0006289968,0.0006290606500000001,2.2451984878845406e-07
87,98,48869,48873,4,0.0006291792,0.000629213925,1.4142000167939577e-07
87,99,48864,48869,5,0.0006291168,0.00062917816,2.2093396841590758e-07
88,0,49498,49503,5,0.0005825709,0.00058321496,1.2282261299939747e-06
88,1,49503,49507,4,0.0005858905999999999,0.0005856698,5.405271362290691e-07
88,2,49507,49511,4,0.00058559905,0.000585711725,3.436977260253644e-07
88,3,49511,49515,4,0.00058626805,0.000586329375,1.5275032528609377e-07
88,4,49515,49519,4,0.00058730445,0.0005870913,4.5828908453072334e-07
88,5,49519,49523,4,0.00058838145,0.0005883883499999999,4.412359034575651e-07
88,6,49523,49527,4,0.0005893840000000001,0.0005893526,2.688758914443751e-07
88,7,49527,49531,4,0.00058891415,0.000588928075,3.0013902924313076e-07
88,8,49531,49535,4,0.0005894646,0.000589452925,1.2751406540063482e-07
88,9,49535,49539,4,0.000589226,0.0005893775,3.085092381112686e-07
88,10,49539,49543,4,0.0005897866,0.00059001,4.658668103653715e-07
88,11,49543,49547,4,0.0005901096999999999,0.000590049475,1.3095402580674711e-07
88,12,49547,49551,4,0.0005895991,0.000589570075,1.6991764733246685e-07
88,13,49551,49555,4,0.00059022875,0.000590214175,1.6797100010121354e-07
88,14,49555,49559,4,0.00058900215,0.0005890853750000001,1.0085079979231923e-06
88,15,49559,49563,4,0.0005883515,0.000588492675,6.39714418217219e-07
88,16,49563,49567,4,0.0005902324499999999,0.0005902272,3.409206725911393e-07
88,17,49567,49571,4,0.00059031285,0.000590266425,1.581477216876607e-07
88,18,49571,49575,4,0.00058972775,0.0005897597,1.643935978071882e-07
88,19,49575,49579,4,0.0005900045500000001,0.00058997005,1.4021113543513011e-07
88,20,49579,49583,4,0.0005891710000000001,0.000589161725,3.556927914296365e-07
88,21,49583,49587,4,0.0005896980500000001,0.000589709425,1.309685911774291e-07
88,22,49587,49591,4,0.0005888886,0.000589033275,6.014810569544186e-07
88,23,49591,49595,4,0.0005874568,0.000587691425,7.586059200105034e-07
88,24,49595,49599,4,0.0005794032,0.00057599275,1.0680013787561327e-05
88,25,49599,49603,4,0.0005422522,0.000544418375,4.982204671816965e-06
88,26,49603,49607,4,0.0005529361,0.000554021875,6.165864857169261e-06
88,27,49607,49611,4,0.0005801695499999999,0.000578063325,4.54063633061216e-06
88,28,49611,49615,4,0.0005849872,0.0005847411,1.0068226755491952e-06
88,29,49615,49619,4,0.00058701895,0.0005869636,2.579523890177964e-07
88,30,49619,49623,4,0.000587112,0.000586984225,3.485611594469684e-07
88,31,49623,49627,4,0.0005850436499999999,0.0005850696999999999,8.649656062525773e-08
88,32,49627,49631,4,0.0005872455,0.0005870809,1.0330649955351282e-06
88,33,49631,49635,4,0.0005879833499999999,0.0005879340499999999,3.495954125843149e-07
88,34,49635,49639,4,0.0005893324000000001,0.000589294775,1.4081220428285885e-07
88,35,49639,49643,4,0.00058949175,0.000589557075,2.347871309825089e-07
88,36,49643,49647,4,0.0005898844,0.000589913425,1.732578335169872e-07
88,37,49647,49651,4,0.0005895399499999999,0.000589575125,1.0004287518356815e-07
88,38,49651,49655,4,0.0005883345,0.000588425725,4.551987278925349e-07
88,39,49655,49659,4,0.0005887512000000001,0.0005887107999999999,2.1750499994252872e-07
88,40,49659,49663,4,0.0005888461499999999,0.0005888236249999999,7.107145611990503e-08
88,41,49663,49667,4,0.0005891219500000001,0.0005891035,7.91408554414029e-08
88,42,49667,49671,4,0.0005888733000000001,0.000588871225,1.4514169585272829e-07
88,43,49671,49675,4,0.0005897328,0.000589683925,1.6620642850081836e-07
88,44,49675,49679,4,0.00058925365,0.00058921905,8.088987884771067e-08
88,45,49679,49683,4,0.0005901995,0.000590191725,2.0161965894971145e-07
88,46,49683,49687,4,0.0005903579,0.000590323925,1.6237913004755875e-07
88,47,49687,49691,4,0.0005907367,0.0005906529,4.98470340140735e-07
88,48,49691,49695,4,0.0005919776,0.000591873625,4.180741942227349e-07
88,49,49695,49699,4,0.0005925482499999999,0.000592557025,5.000336957396023e-07
88,50,49699,49704,5,0.0005923841,0.0005922621999999999,2.3444980699499536e-07
88,51,49704,49708,4,0.00059234135,0.000592321275,1.5244419265750016e-07
88,52,49708,49712,4,0.0005916818,0.0005916465749999999,3.938377227679284e-07
88,53,49712,49716,4,0.00058940275,0.0005894967499999999,5.157108710314384e-07
88,54,49716,49720,4,0.0005901255,0.000590171025,6.631433418764032e-07
88,55,49720,49724,4,0.00059171495,0.000591692975,2.758244584423116e-07
88,56,49724,49728,4,0.00059197985,0.00059192915,1.933664720162116e-07
88,57,49728,49732,4,0.0005917375499999999,0.0005915855249999999,5.726102966896424e-07
88,58,49732,49736,4,0.0005892964499999999,0.000589289825,8.257535660686085e-07
88,59,49736,49740,4,0.0005878276,0.000587835625,6.02403939956425e-07
88,60,49740,49744,4,0.0005891093,0.0005891231,1.686551659451856e-07
88,61,49744,49748,4,0.0005893369000000001,0.0005892484,4.2340181860732805e-07
88,62,49748,49752,4,0.0005906260999999999,0.0005905522999999999,3.011811083052844e-07
88,63,49752,49756,4,0.00058850635,0.000588746575,6.812575554626647e-07
88,64,49756,49760,4,0.0005861949500000001,0.0005861861250000001,1.378361669473907e-06
88,65,49760,49764,4,0.00058405285,0.00058394595,3.5395870168708626e-07
88,66,49764,49768,4,0.00058310045,0.000583271275,6.409060320163875e-07
88,67,49768,49772,4,0.00058532745,0.0005853937750000001,7.976746121539646e-07
88,68,49772,49776,4,0.0005869078000000001,0.00058686125,3.4948660560887397e-07
88,69,49776,49780,4,0.00058685105,0.0005868045250000001,1.220220138950296e-07
88,70,49780,49784,4,0.0005857110500000001,0.00058545425,1.0828616174285566e-06
88,71,49784,49788,4,0.00058171335,0.000581920075,6.569228850291384e-07
88,72,49788,49792,4,0.0005803329999999999,0.0005802876000000001,1.898987098429111e-07
88,73,49792,49796,4,0.00058073715,0.0005808176,2.067120823754993e-07
88,74,49796,49800,4,0.00058035685,0.00058045535,4.2907672099521775e-07
88,75,49800,49804,4,0.0005825318499999999,0.00058251815,1.0725561069239909e-06
88,76,49804,49808,4,0.0005861599,0.00058593395,5.654332697145119e-07
88,77,49808,49812,4,0.00058768985,0.000587745075,7.854904689905497e-07
88,78,49812,49816,4,0.0005889820500000001,0.0005890686,2.2148265169081048e-07
88,79,49816,49820,4,0.0005899137999999999,0.00058992435,3.824467119743563e-07
88,80,49820,49824,4,0.0005900321499999999,0.000589937675,4.439388436203569e-07
88,81,49824,49828,4,0.00058849895,0.000588517975,5.189201112647472e-07
88,82,49828,49832,4,0.0005884751,0.000588365625,3.214019164146096e-07
88,83,49832,49836,4,0.0005876144,0.00058759995,2.493607176361272e-07
88,84,49836,49840,4,0.00058717905,0.0005868658000000001,7.17987768001659e-07
88,85,49840,49844,4,0.000580887,0.000579883825,4.881899890091455e-06
88,86,49844,49848,4,0.0005579979,0.0005583206250000001,6.302370402227669e-06
88,87,49848,49852,4,0.00054452735,0.000544525125,1.5398663454582741e-06
88,88,49852,49856,4,0.00054919785,0.00054887345,5.068311677718714e-06
88,89,49856,49860,4,0.0005629088,0.00056361705,3.639286890655906e-06
88,90,49860,49864,4,0.000581524,0.000582207475,7.264785713417498e-06
88,91,49864,49868,4,0.0006118015000000001,0.0006117101249999999,6.202546255117734e-06
88,92,49868,49872,4,0.0006284232,0.0006275339,2.472889527455696e-06
88,93,49872,49876,4,0.0006297192,0.0006296041250000001,2.814634112544656e-07
88,94,49876,49880,4,0.0006294936500000001,0.0006294432,2.0732557729332167e-07
88,95,49880,49884,4,0.0006295712000000001,0.000629547825,1.4735686911370352e-07
88,96,49884,49888,4,0.0006292232,0.000629215025,1.6195265318911795e-07
88,97,49888,49892,4,0.0006293261,0.0006293225500000001,1.994427298749956e-07
88,98,49892,49896,4,0.00062933995,0.0006293542999999999,7.81583968617478e-08
88,99,49896,49900,4,0.0006292877499999999,0.0006293307,1.3772325511693639e-07
89,0,50530,50534,4,0.00058141035,0.000581528375,1.7106089257556852e-06
89,1,50526,50530,4,0.0005860177,0.0005862017,5.938583711626913e-07
89,2,50522,50526,4,0.00058481655,0.000584853075,3.314710045765437e-07
89,3,50518,50522,4,0.000584606,0.000584605725,1.3253277660641208e-07
89,4,50514,50518,4,0.00058471405,0.000584848475,3.7222679494497786e-07
89,5,50510,50514,4,0.0005850057,0.000584956675,3.7480340430017477e-07
89,6,50506,50510,4,0.00058666905,0.0005867605750000001,6.773970895088032e-07
89,7,50502,50506,4,0.0005863905,0.000586475275,6.529277730920702e-07
89,8,50498,50502,4,0.0005883851999999999,0.000588259825,5.083763191524335e-07
89,9,50494,50498,4,0.0005877673,0.0005877056,1.313590309038566e-07
89,10,50490,50494,4,0.0005872122,0.0005871651,3.724344438958433e-07
89,11,50486,50490,4,0.0005888167500000001,0.000588693675,5.099025170314672e-07
89,12,50482,50486,4,0.0005897293999999999,0.00058979225,2.2886024665719793e-07
89,13,50478,50482,4,0.0005895861500000001,0.000589595775,5.22340958450522e-07
89,14,50474,50478,4,0.00058689745,0.00058717785,5.760789637714682e-07
89,15,50470,50474,4,0.00058812825,0.00058840475,1.1588193830360602e-06
89,16,50466,50470,4,0.0005900968500000001,0.000589909375,5.276107294919324e-07
89,17,50462,50466,4,0.00058904605,0.000588996325,2.2339687078159913e-07
89,18,50458,50462,4,0.00058917515,0.000589134275,2.3086543022939332e-07
89,19,50454,50458,4,0.00058976755,0.000589772575,6.65238068288488e-08
89,20,50450,50454,4,0.0005902783,0.000590358975,2.349706404532382e-07
89,21,50446,50450,4,0.00058865285,0.000588660475,4.797458148592636e-07
89,22,50442,50446,4,0.0005894842,0.000589437,5.231233745494867e-07
89,23,50438,50442,4,0.00058711465,0.00058688715,2.354128168239777e-06
89,24,50434,50438,4,0.0005851330500000001,0.00058482605,9.9223876284894e-07
89,25,50430,50434,4,0.0005556991,0.0005562482249999999,1.0609906758161237e-05
89,26,50426,50430,4,0.0005572419000000001,0.0005561226249999999,9.103401869733943e-06
89,27,50422,50426,4,0.00057907895,0.00057977745,4.703840422729081e-06
89,28,50418,50422,4,0.0005884021500000001,0.000588284075,5.935602049286956e-07
89,29,50414,50418,4,0.0005872025,0.00058720485,6.51657310248344e-08
89,30,50410,50414,4,0.0005862749,0.000586310475,1.263084988233224e-07
89,31,50406,50410,4,0.0005866027999999999,0.0005865594499999999,5.100508626598005e-07
89,32,50402,50406,4,0.0005867094500000001,0.0005867938,6.599225522741289e-07
89,33,50398,50402,4,0.0005878364,0.0005878629000000001,2.754245359440924e-07
89,34,50394,50398,4,0.0005885594499999999,0.000588545325,5.344956892950452e-07
89,35,50390,50394,4,0.000588077,0.0005882316,3.952175413617322e-07
89,36,50386,50390,4,0.00058895205,0.000588928725,2.69991873720305e-07
89,37,50382,50386,4,0.0005889352499999999,0.000588942675,2.821050015065323e-07
89,38,50378,50382,4,0.00058915035,0.00058911095,2.946730433887563e-07
89,39,50374,50378,4,0.0005893699,0.000589233775,5.841619697266995e-07
89,40,50370,50374,4,0.0005889072999999999,0.0005890141,3.4670457885641827e-07
89,41,50366,50370,4,0.0005891507,0.00058928145,2.9821586560741687e-07
89,42,50362,50366,4,0.0005889686,0.000589004425,1.8289265123290036e-07
89,43,50358,50362,4,0.0005888531,0.00058890815,3.3873563807194426e-07
89,44,50354,50358,4,0.0005884053500000001,0.0005884818,2.83430758740118e-07
89,45,50350,50354,4,0.00058864315,0.00058875105,2.267582909178756e-07
89,46,50346,50350,4,0.000589472,0.00058928075,5.565132410823726e-07
89,47,50342,50346,4,0.00059034365,0.000590286375,2.2720595695317467e-07
89,48,50338,50342,4,0.0005905044500000001,0.0005905328,1.5455722241293792e-07
89,49,50333,50338,5,0.0005907769,0.0005908354,1.924552207657406e-07
89,50,50329,50333,4,0.00059154545,0.0005914918750000001,1.6829318725071744e-07
89,51,50325,50329,4,0.00059151045,0.0005915957499999999,2.1279923049671633e-07
89,52,50321,50325,4,0.0005909984500000001,0.000591138325,6.97120715425228e-07
89,53,50317,50321,4,0.0005879396,0.000587973,7.567429186982911e-07
89,54,50313,50317,4,0.000588849,0.0005888566499999999,5.57359329786435e-07
89,55,50309,50313,4,0.0005899313,0.000590043475,4.995097965755763e-07
89,56,50305,50309,4,0.0005904314999999999,0.0005903427749999999,2.526578355701566e-07
89,57,50301,50305,4,0.0005911791000000001,0.000591099475,2.0143341796982295e-07
89,58,50297,50301,4,0.000590276,0.000590260925,4.6984738147083964e-07
89,59,50293,50297,4,0.0005899618,0.000589922075,1.5095957033257838e-07
89,60,50289,50293,4,0.0005902202000000001,0.000590048625,3.7617809196576995e-07
89,61,50285,50289,4,0.0005895252000000001,0.0005895458,2.4910336208088984e-07
89,62,50281,50285,4,0.0005907452,0.0005907064999999999,2.2700328191460804e-07
89,63,50277,50281,4,0.00059009435,0.00058990165,4.71342054669446e-07
89,64,50273,50277,4,0.00058664525,0.0005866844,1.3704921178175525e-06
89,65,50269,50273,4,0.00058268945,0.0005827391999999999,1.9126056833545843e-07
89,66,50265,50269,4,0.00057941535,0.0005792647750000001,1.211861057165834e-06
89,67,50261,50265,4,0.00057789675,0.0005777674249999999,1.1620183461869365e-06
89,68,50257,50261,4,0.00058149945,0.000581726675,1.3505675943376352e-06
89,69,50253,50257,4,0.00058578465,0.0005855787750000001,5.987865578609672e-07
89,70,50249,50253,4,0.0005860523,0.000585902475,3.8767703939618166e-07
89,71,50245,50249,4,0.0005828700000000001,0.000582890775,1.4154437985575096e-06
89,72,50241,50245,4,0.0005793364,0.000579441675,5.831715929938363e-07
89,73,50237,50241,4,0.0005778278,0.000577851875,1.0013967829362438e-06
89,74,50233,50237,4,0.00057688175,0.00057673095,4.250791367498384e-07
89,75,50229,50233,4,0.0005793476,0.000579563,1.7493055550703705e-06
89,76,50225,50229,4,0.0005832118,0.000583382425,4.2107285221800984e-07
89,77,50221,50225,4,0.00058621235,0.0005861282500000001,8.999782066805768e-07
89,78,50217,50221,4,0.0005886595,0.000588595575,2.5240243040631375e-07
89,79,50213,50217,4,0.00058981045,0.0005897506749999999,4.852380672154861e-07
89,80,50209,50213,4,0.0005886751499999999,0.000588772875,2.236667093579166e-07
89,81,50205,50209,4,0.0005892491000000001,0.0005894819000000001,6.612986806277554e-07
89,82,50201,50205,4,0.00059049465,0.000590298975,4.2326950855807466e-07
89,83,50197,50201,4,0.0005883662,0.0005882568250000001,8.716338318783835e-07
89,84,50193,50197,4,0.0005819936500000001,0.000582023,2.2277241851270548e-06
89,85,50189,50193,4,0.0005783582,0.0005783805249999999,2.0636548130681654e-07
89,86,50185,50189,4,0.0005743988999999999,0.0005740079,2.003692147012596e-06
89,87,50181,50185,4,0.000563994,0.000564231825,3.1218081886744783e-06
89,88,50177,50181,4,0.0005658739,0.0005659366,3.5958831842817127e-06
89,89,50173,50177,4,0.0005721163,0.000572111775,4.885550499943403e-07
89,90,50169,50173,4,0.0005791536,0.000580162975,5.224829224661327e-06
89,91,50165,50169,4,0.0006076254,0.00060728035,6.820519735511359e-06
89,92,50161,50165,4,0.00062636235,0.000625754275,2.7715118972999233e-06
89,93,50157,50161,4,0.0006291529499999999,0.00062916365,1.6000347652475725e-07
89,94,50153,50157,4,0.0006290791,0.000629112325,1.1608021741449904e-07
89,95,50149,50153,4,0.0006289717,0.0006290423999999999,1.480722627638175e-07
89,96,50145,50149,4,0.0006290987500000001,0.0006290935,1.3710643675630148e-07
89,97,50141,50145,4,0.0006286391999999999,0.000628628525,1.5333281408426882e-07
89,98,50137,50141,4,0.0006285978999999999,0.000628662325,1.4542562317212427e-07
89,99,50132,50137,5,0.0006289313,0.0006288929199999999,3.0708000521038185e-07
90,0,50767,50772,5,0.0005846019,0.00058403928,2.2381807517713922e-06
90,1,50772,50776,4,0.00058763775,0.0005877311,1.9895083563534046e-07
90,2,50776,50780,4,0.0005861004,0.000586360575,6.54446485111639e-07
90,3,50780,50784,4,0.0005843863,0.000584426025,6.245487866251858e-07
90,4,50784,50788,4,0.0005846404999999999,0.00058480365,4.782430579736475e-07
90,5,50788,50792,4,0.000584773,0.0005847707499999999,1.8490318412620577e-07
90,6,50792,50796,4,0.0005832329,0.0005827225999999999,1.8349909509313697e-06
90,7,50796,50800,4,0.0005781860000000001,0.00057856175,1.1670153651516315e-06
90,8,50800,50804,4,0.0005855266,0.00058503675,1.077210410040648e-06
90,9,50804,50808,4,0.0005864583,0.0005863690749999999,2.500183530763314e-07
90,10,50808,50812,4,0.0005866693,0.0005868217,3.8012301298394615e-07
90,11,50812,50816,4,0.000587669,0.0005877178749999999,3.183532579933965e-07
90,12,50816,50820,4,0.00058802705,0.0005879749999999999,1.579144230271852e-07
90,13,50820,50824,4,0.0005874541,0.0005874417,3.3229390605306953e-07
90,14,50824,50828,4,0.0005875315,0.000587497725,3.698457676856475e-07
90,15,50828,50832,4,0.00058948485,0.000589224775,5.999729051174024e-07
90,16,50832,50836,4,0.0005891574,0.0005889591,7.664622462978931e-07
90,17,50836,50840,4,0.0005876503,0.000587686725,2.125008514688736e-07
90,18,50840,50844,4,0.0005889195,0.0005890936250000001,4.088240720346821e-07
90,19,50844,50848,4,0.0005903892500000001,0.0005902905,4.2413406488985406e-07
90,20,50848,50852,4,0.00058986035,0.0005896316,7.834626825829109e-07
90,21,50852,50856,4,0.00058793495,0.0005878668000000001,2.7801159148493207e-07
90,22,50856,50860,4,0.0005872740500000001,0.000587385275,6.639169992363431e-07
90,23,50860,50864,4,0.0005808732500000001,0.000582446975,2.979820075419794e-06
90,24,50864,50868,4,0.0005855166,0.0005850878,1.5374605100619323e-06
90,25,50868,50872,4,0.00058406975,0.0005839177749999999,1.1078739918758948e-06
90,26,50872,50876,4,0.0005830649,0.0005830720749999999,2.573610535318029e-07
90,27,50876,50880,4,0.0005861809,0.000585965525,1.4743258194425713e-06
90,28,50880,50884,4,0.0005888085999999999,0.000588771675,2.89177803219742e-07
90,29,50884,50888,4,0.00058735565,0.000587302225,9.031755155422601e-07
90,30,50888,50892,4,0.0005832383499999999,0.00058341755,7.815853520249618e-07
90,31,50892,50896,4,0.0005877853000000001,0.0005873886999999999,1.1469117533620494e-06
90,32,50896,50900,4,0.00058878525,0.0005887426250000001,4.42835406076598e-07
90,33,50900,50904,4,0.00058931925,0.0005893281000000001,5.020562070127321e-07
90,34,50904,50908,4,0.0005891800499999999,0.00058916245,4.660921931335013e-07
90,35,50908,50912,4,0.0005883525000000001,0.0005883628,7.358923154918088e-08
90,36,50912,50916,4,0.00058800655,0.0005879773,3.517838043457747e-07
90,37,50916,50920,4,0.000587469,0.000587474675,2.696690877260303e-07
90,38,50920,50924,4,0.0005885352,0.0005885168499999999,2.826099918615902e-07
90,39,50924,50928,4,0.0005887003500000001,0.000588689525,5.017948055480365e-07
90,40,50928,50932,4,0.00058810825,0.000588023825,2.81325944191089e-07
90,41,50932,50936,4,0.0005887817500000001,0.00058862905,3.405496623107744e-07
90,42,50936,50940,4,0.0005887169000000001,0.00058867455,1.6670441655815472e-07
90,43,50940,50944,4,0.0005894184,0.0005893321,2.457452746239111e-07
90,44,50944,50948,4,0.00058896965,0.00058897965,2.917661435122691e-07
90,45,50948,50952,4,0.00058944175,0.00058952405,3.237882834507864e-07
90,46,50952,50956,4,0.0005901296,0.000590120325,2.5288931743943857e-07
90,47,50956,50960,4,0.00059081165,0.0005907824749999999,2.117858986688839e-07
90,48,50960,50964,4,0.0005911843499999999,0.00059097465,3.91907084013544e-07
90,49,50964,50968,4,0.00059080115,0.00059073905,3.0505031142421883e-07
90,50,50968,50973,5,0.0005912447,0.0005913768200000001,3.520140417653821e-07
90,51,50973,50977,4,0.00059089935,0.000590807725,2.2080304996760307e-07
90,52,50977,50981,4,0.00059008515,0.00058982945,8.895780193440075e-07
90,53,50981,50985,4,0.0005880265499999999,0.00058807935,1.5205065767700013e-07
90,54,50985,50989,4,0.0005891011999999999,0.0005890450000000001,4.214227153346177e-07
90,55,50989,50993,4,0.0005902555,0.0005901411,4.3752014810748236e-07
90,56,50993,50997,4,0.0005900376000000001,0.00059001105,2.582405225753629e-07
90,57,50997,51001,4,0.0005907001,0.0005907735249999999,2.2382315982713106e-07
90,58,51001,51005,4,0.000590919,0.0005908826749999999,2.2010604688422757e-07
90,59,51005,51009,4,0.0005898303000000001,0.00058986325,2.394051534532975e-07
90,60,51009,51013,4,0.0005896018,0.000589295375,5.804876156086312e-07
90,61,51013,51017,4,0.00058984225,0.00058968945,5.873403293662237e-07
90,62,51017,51021,4,0.0005902588,0.000590249525,1.4149191452163713e-07
90,63,51021,51025,4,0.0005890257,0.0005889846000000001,8.963286227720222e-08
90,64,51025,51029,4,0.0005869003,0.0005866877750000001,8.162234203176174e-07
90,65,51029,51033,4,0.00058368205,0.00058321775,1.6225974862854826e-06
90,66,51033,51037,4,0.0005803486,0.000580223125,2.6553879542357535e-07
90,67,51037,51041,4,0.00057939365,0.0005792903,4.721908141842555e-07
90,68,51041,51045,4,0.00057970205,0.000579821525,6.253180006005168e-07
90,69,51045,51049,4,0.0005793145,0.00057973695,9.122924599600739e-07
90,70,51049,51053,4,0.0005839209,0.000583911075,6.881273260632532e-07
90,71,51053,51057,4,0.00058147215,0.000581596275,2.4404287917290867e-07
90,72,51057,51061,4,0.00058074075,0.00058090395,9.347195314638501e-07
90,73,51061,51065,4,0.0005784784,0.000578457675,6.598656468365605e-07
90,74,51065,51069,4,0.0005778529000000001,0.0005779801,3.956768631092447e-07
90,75,51069,51073,4,0.00058212475,0.00058207585,1.4440317837568706e-06
90,76,51073,51077,4,0.00058416005,0.000584151875,2.8758226105762453e-07
90,77,51077,51081,4,0.00058510815,0.0005850612000000001,5.888501804364511e-07
90,78,51081,51085,4,0.0005861201499999999,0.00058601105,5.161275447987574e-07
90,79,51085,51089,4,0.0005864532,0.0005864456500000001,2.3404693439565441e-07
90,80,51089,51093,4,0.000587595,0.000587786,6.247122617653526e-07
90,81,51093,51097,4,0.0005899238000000001,0.000589866475,3.07664617522092e-07
90,82,51097,51101,4,0.0005901779,0.0005901306,3.525619803665648e-07
90,83,51101,51105,4,0.00058837465,0.00058832065,8.251940756573554e-07
90,84,51105,51109,4,0.00058127195,0.000581589125,2.253149770182846e-06
90,85,51109,51113,4,0.00058082295,0.000580989125,1.4127247403068326e-06
90,86,51113,51117,4,0.00057854675,0.000578349875,3.3683366008869966e-06
90,87,51117,51121,4,0.00057414505,0.0005743161,1.0220127567697192e-06
90,88,51121,51125,4,0.0005788147,0.0005784098500000001,1.0363490398991954e-06
90,89,51125,51129,4,0.000575582,0.0005756174,1.795774835551508e-06
90,90,51129,51133,4,0.00058051825,0.000581783675,6.300936926114665e-06
90,91,51133,51137,4,0.00061000665,0.00060993185,6.196665885982575e-06
90,92,51137,51141,4,0.0006267563999999999,0.000626137275,2.6349300648926048e-06
90,93,51141,51145,4,0.0006281281,0.0006282007,2.889781047069083e-07
90,94,51145,51149,4,0.0006281287,0.0006281273499999999,2.3879444612471916e-07
90,95,51149,51153,4,0.000628321,0.000628309275,7.963913532303484e-08
90,96,51153,51157,4,0.0006284942,0.000628446225,1.6873180457458883e-07
90,97,51157,51161,4,0.0006279869,0.0006280202750000001,1.5449931027354966e-07
90,98,51161,51165,4,0.0006282413,0.000628215425,1.3266609165493224e-07
90,99,51165,51169,4,0.0006283644000000001,0.000628329225,2.752682180619539e-07
91,0,51800,51804,4,0.00058795275,0.000587772975,1.222331416545848e-06
91,1,51796,51800,4,0.00058939105,0.0005893402999999999,2.5157115295677175e-07
91,2,51792,51796,4,0.0005876659999999999,0.000587749975,5.057790791195373e-07
91,3,51788,51792,4,0.0005848417,0.0005850979,8.812494198579592e-07
91,4,51784,51788,4,0.0005852278000000001,0.0005853434749999999,6.484885210048166e-07
91,5,51780,51784,4,0.0005849949,0.0005851754,6.971261722242437e-07
91,6,51776,51780,4,0.0005828286000000001,0.000582743175,1.2135878055892883e-06
91,7,51772,51776,4,0.00057746545,0.000577769,9.217726265191449e-07
91,8,51768,51772,4,0.0005796346500000001,0.000579406225,7.503305384128935e-07
91,9,51764,51768,4,0.0005828418,0.0005826957000000001,8.380080757367704e-07
91,10,51760,51764,4,0.0005844227,0.0005844536250000001,4.6865253320024254e-07
91,11,51756,51760,4,0.0005853226,0.0005854602250000001,5.180230514900033e-07
91,12,51752,51756,4,0.0005871068000000001,0.0005870952,3.759782507007589e-07
91,13,51748,51752,4,0.0005861068,0.000586082325,7.13584271039516e-07
91,14,51744,51748,4,0.0005860036000000001,0.0005858968,4.5345143620902385e-07
91,15,51740,51744,4,0.0005863807999999999,0.000586602775,4.4973776456400816e-07
91,16,51736,51740,4,0.0005873097000000001,0.0005873510000000001,9.55733749534986e-08
91,17,51732,51736,4,0.00058768775,0.000587708375,1.9073310377329335e-07
91,18,51728,51732,4,0.00058810975,0.000588194025,2.565248952343616e-07
91,19,51724,51728,4,0.0005886672,0.000588705925,2.9083856669124783e-07
91,20,51720,51724,4,0.0005890800000000001,0.000589190475,2.577385145355688e-07
91,21,51716,51720,4,0.00058779085,0.000587971875,5.630156986043988e-07
91,22,51712,51716,4,0.0005856643,0.0005856902000000001,1.0117060615613622e-06
91,23,51708,51712,4,0.0005847275,0.0005846861,5.885689509309918e-07
91,24,51704,51708,4,0.0005862027999999999,0.0005861374,6.026549966605936e-07
91,25,51700,51704,4,0.0005874714499999999,0.0005874795999999999,1.89212803477977e-07
91,26,51696,51700,4,0.00058736525,0.000587353475,2.7989545704599606e-07
91,27,51692,51696,4,0.0005877944499999999,0.0005879751,5.420706918843626e-07
91,28,51688,51692,4,0.00058893535,0.000588864475,3.989495793643736e-07
91,29,51684,51688,4,0.0005844591999999999,0.000584072525,2.5717760714873707e-06
91,30,51680,51684,4,0.0005783986499999999,0.00057863505,9.536660330010914e-07
91,31,51676,51680,4,0.0005848786,0.00058474765,2.155981968268777e-06
91,32,51672,51676,4,0.0005879818000000001,0.0005880886500000001,3.0581133481282857e-07
91,33,51668,51672,4,0.0005897928000000001,0.00058971625,3.959372456589401e-07
91,34,51664,51668,4,0.00058913925,0.000589105025,2.5605786821538134e-07
91,35,51660,51664,4,0.00058733995,0.000587314775,4.232878888829453e-07
91,36,51656,51660,4,0.0005895079000000001,0.000589409025,4.3665384101711615e-07
91,37,51652,51656,4,0.0005877039000000001,0.0005876976999999999,2.9118579120553925e-07
91,38,51648,51652,4,0.0005883201000000001,0.0005883649,1.1366549608390925e-07
91,39,51644,51648,4,0.00058867995,0.0005886499,2.4614734408479664e-07
91,40,51640,51644,4,0.00058783825,0.00058798055,3.06070518835118e-07
91,41,51636,51640,4,0.00058800475,0.00058778385,5.377396977162875e-07
91,42,51632,51636,4,0.0005879761000000001,0.00058798615,3.139631546853866e-07
91,43,51628,51632,4,0.0005890275,0.000589133525,3.943032866652368e-07
91,44,51624,51628,4,0.0005874472999999999,0.0005874158500000001,3.72330609136573e-07
91,45,51620,51624,4,0.0005888780499999999,0.00058883775,7.807514024963593e-07
91,46,51616,51620,4,0.00059039785,0.000590388875,2.325464940071089e-07
91,47,51612,51616,4,0.00059063665,0.00059074185,2.8074547636605685e-07
91,48,51608,51612,4,0.0005908193,0.000590741625,2.737521906305205e-07
91,49,51603,51608,5,0.0005906951,0.0005907022600000001,7.5713264359686e-08
91,50,51599,51603,4,0.0005913774000000001,0.0005912614000000001,2.879449339717597e-07
91,51,51595,51599,4,0.00059158315,0.0005916577,2.3245983524044564e-07
91,52,51591,51595,4,0.00059004505,0.0005899845500000001,9.33556405633862e-07
91,53,51587,51591,4,0.0005885345,0.000588631725,3.9651944072769986e-07
91,54,51583,51587,4,0.00059009425,0.0005900373,4.4368171587298587e-07
91,55,51579,51583,4,0.00058909945,0.000588731725,1.0633864287619194e-06
91,56,51575,51579,4,0.00058885435,0.0005887883,7.547559837457097e-07
91,57,51571,51575,4,0.00059121845,0.0005911394249999999,3.826902884513754e-07
91,58,51567,51571,4,0.00059170245,0.0005916528,2.6106549944408913e-07
91,59,51563,51567,4,0.0005915932499999999,0.000591602775,2.954994109554188e-07
91,60,51559,51563,4,0.00059042245,0.0005902813,7.952914968739099e-07
91,61,51555,51559,4,0.000590219,0.0005903163,5.218395730490322e-07
91,62,51551,51555,4,0.00059090365,0.000590890625,1.4277164240491547e-07
91,63,51547,51551,4,0.000590716,0.0005906823749999999,9.952194167620138e-08
91,64,51543,51547,4,0.00058889305,0.0005889818,6.653640018816767e-07
91,65,51539,51543,4,0.00058796095,0.0005879559999999999,4.0161829515100514e-07
91,66,51535,51539,4,0.00058414925,0.000584410525,9.206247644263238e-07
91,67,51531,51535,4,0.0005830084,0.0005830293749999999,3.82577452125714e-07
91,68,51527,51531,4,0.0005811905500000001,0.000581108075,3.804106227157721e-07
91,69,51523,51527,4,0.0005768260999999999,0.000577136975,1.518996295872709e-06
91,70,51519,51523,4,0.0005792069,0.0005786929999999999,1.3939603419753264e-06
91,71,51515,51519,4,0.0005767772,0.0005769562250000001,4.44424433256102e-07
91,72,51511,51515,4,0.0005765753000000001,0.0005765883250000001,4.0606061354802166e-07
91,73,51507,51511,4,0.00057801785,0.00057782235,4.056178158069204e-07
91,74,51503,51507,4,0.0005770212499999999,0.000577148025,2.8828213936176334e-07
91,75,51499,51503,4,0.00057934685,0.0005792523249999999,1.27711464711473e-06
91,76,51495,51499,4,0.0005812629,0.000581248825,3.0598233098498626e-07
91,77,51491,51495,4,0.00058324035,0.000583175975,4.444158659127819e-07
91,78,51487,51491,4,0.0005837035,0.000583714525,3.8697403901940295e-07
91,79,51483,51487,4,0.0005859954,0.000585959,7.188066568974079e-07
91,80,51479,51483,4,0.0005874443,0.0005873672,2.510634581136641e-07
91,81,51475,51479,4,0.0005891326,0.000589072075,2.884866927173549e-07
91,82,51471,51475,4,0.0005897443,0.000589688,1.3597952051687487e-07
91,83,51467,51471,4,0.00058964285,0.0005897336750000001,2.112343174652061e-07
91,84,51463,51467,4,0.0005881827,0.0005882974499999999,4.009838993027007e-07
91,85,51459,51463,4,0.0005879004000000001,0.0005878731000000001,1.787668313754088e-07
91,86,51455,51459,4,0.00058165605,0.00058164255,2.893281659724828e-06
91,87,51451,51455,4,0.00057868585,0.000578965125,2.1399623237045735e-06
91,88,51447,51451,4,0.0005832755,0.0005830281,4.902926524026067e-07
91,89,51443,51447,4,0.00057892415,0.0005789375,1.7841290886592337e-06
91,90,51439,51443,4,0.0005767875,0.0005776753499999999,2.983965238152104e-06
91,91,51435,51439,4,0.00060447925,0.0006028645,8.601661451429022e-06
91,92,51431,51435,4,0.0006239225,0.0006234431249999999,3.2733331111994953e-06
91,93,51427,51431,4,0.0006286306,0.0006284644500000001,3.523508372346791e-07
91,94,51423,51427,4,0.0006283143,0.000628336275,2.088032132774644e-07
91,95,51419,51423,4,0.0006283739999999999,0.0006283547249999999,1.9943930624376985e-07
91,96,51415,51419,4,0.0006283573500000001,0.0006284223,1.5181009518473805e-07
91,97,51411,51415,4,0.0006283093,0.0006282898,1.2846863430426877e-07
91,98,51407,51411,4,0.00062888685,0.0006288605749999999,2.5055183470691433e-07
91,99,51402,51407,5,0.0006285341,0.0006286105199999999,2.2427850900164717e-07
92,0,52037,52042,5,0.0005880914,0.00058781216,1.106579086373856e-06
92,1,52042,52046,4,0.0005898924,0.0005898848,8.640659697036293e-08
92,2,52046,52050,4,0.0005894971500000001,0.000589259475,7.630951361888208e-07
92,3,52050,52054,4,0.00058639955,0.00058628465,6.851346309302821e-07
92,4,52054,52058,4,0.00058466605,0.000584657025,2.8105371706310457e-07
92,5,52058,52062,4,0.0005820339,0.0005820190749999999,7.261511838969974e-07
92,6,52062,52066,4,0.0005813261,0.0005812586,2.621632602024977e-07
92,7,52066,52070,4,0.0005789937999999999,0.0005792168,6.328543434314128e-07
92,8,52070,52074,4,0.0005795521499999999,0.00057951125,6.053841363134513e-07
92,9,52074,52078,4,0.00058157295,0.000581490875,2.121712088739059e-07
92,10,52078,52082,4,0.0005804528,0.0005805517,2.5622770146882526e-07
92,11,52082,52086,4,0.00057936035,0.000579338975,7.912181668161152e-08
92,12,52086,52090,4,0.0005813833,0.000581575975,1.348733169264775e-06
92,13,52090,52094,4,0.00058465615,0.0005846331,4.3346740938621516e-07
92,14,52094,52098,4,0.00058356705,0.0005837400999999999,5.400637878991632e-07
92,15,52098,52102,4,0.00058588075,0.00058581825,1.4928724828332567e-07
92,16,52102,52106,4,0.00058676775,0.0005866431749999999,2.4262065426297935e-07
92,17,52106,52110,4,0.0005874589,0.0005874442250000001,4.369573913724139e-07
92,18,52110,52114,4,0.0005884227,0.00058856185,5.347556568190747e-07
92,19,52114,52118,4,0.00058892855,0.0005888559,3.191123704904071e-07
92,20,52118,52122,4,0.0005883138999999999,0.0005884163999999999,2.2863852475032204e-07
92,21,52122,52126,4,0.0005874539,0.000587203825,1.0864760498395902e-06
92,22,52126,52130,4,0.0005829978,0.000583167525,1.1317216914396505e-06
92,23,52130,52134,4,0.0005827937000000001,0.0005828447749999999,4.256788717742475e-07
92,24,52134,52138,4,0.0005850098,0.0005847839,7.787114099587888e-07
92,25,52138,52142,4,0.0005865182499999999,0.0005861518,8.378873522138711e-07
92,26,52142,52146,4,0.00058600225,0.00058597715,2.7570589855858066e-07
92,27,52146,52150,4,0.0005856699499999999,0.000585684825,7.299198975743591e-07
92,28,52150,52154,4,0.00058630565,0.00058608785,4.6775770704497517e-07
92,29,52154,52158,4,0.0005856371,0.00058548145,8.745521268054877e-07
92,30,52158,52162,4,0.00058390675,0.0005840737500000001,3.479327557158355e-07
92,31,52162,52166,4,0.0005861222,0.0005861889,4.0591389481023726e-07
92,32,52166,52170,4,0.00058798025,0.0005879745250000001,1.7764526977939863e-07
92,33,52170,52174,4,0.00058872685,0.0005886749250000001,7.36816694894327e-07
92,34,52174,52178,4,0.0005888154,0.00058873125,8.679945348330248e-07
92,35,52178,52182,4,0.0005864629499999999,0.00058637875,2.491655724613692e-07
92,36,52182,52186,4,0.0005868758,0.0005869289999999999,4.0668853561418383e-07
92,37,52186,52190,4,0.0005871437000000001,0.000587110825,2.3809227596667927e-07
92,38,52190,52194,4,0.0005882856,0.0005882192499999999,4.720671641832435e-07
92,39,52194,52198,4,0.0005886246,0.00058862525,5.4210215826928606e-08
92,40,52198,52202,4,0.0005885822999999999,0.000588590725,7.857013984332201e-08
92,41,52202,52206,4,0.0005876347000000001,0.000587444725,6.341488720127106e-07
92,42,52206,52210,4,0.0005866699,0.0005867653,4.486946678978616e-07
92,43,52210,52214,4,0.000588609,0.0005884917,3.296654819662069e-07
92,44,52214,52218,4,0.00058763595,0.000587631525,3.1604867010477964e-07
92,45,52218,52222,4,0.00058905655,0.0005890507250000001,7.008151552834817e-07
92,46,52222,52226,4,0.0005901732999999999,0.0005901481749999999,1.8735123932069918e-07
92,47,52226,52230,4,0.000590045,0.0005901986,3.112378190387298e-07
92,48,52230,52234,4,0.0005904299,0.000590481575,1.056597457644021e-07
92,49,52234,52238,4,0.00059082505,0.000590848,1.7177114134800263e-07
92,50,52238,52243,5,0.0005913773,0.00059145904,2.2712475514568768e-07
92,51,52243,52247,4,0.00059105295,0.000590906975,4.57916195253039e-07
92,52,52247,52251,4,0.0005882417,0.0005883958000000001,7.276211479884288e-07
92,53,52251,52255,4,0.0005874078499999999,0.000587455725,8.202512705720082e-07
92,54,52255,52259,4,0.00059010865,0.0005902157500000001,2.673877194263057e-07
92,55,52259,52263,4,0.0005879902999999999,0.000587650725,1.9510115842493175e-06
92,56,52263,52267,4,0.0005850668,0.000585510925,1.1143924855610478e-06
92,57,52267,52271,4,0.00058978495,0.000589615425,6.990900599171728e-07
92,58,52271,52275,4,0.0005910656,0.0005910233500000001,2.7462764336461787e-07
92,59,52275,52279,4,0.0005914621,0.0005915121,1.5613984116808765e-07
92,60,52279,52283,4,0.0005915139,0.0005914773250000001,7.511675495521211e-08
92,61,52283,52287,4,0.0005912707,0.000591308725,1.5140628083075216e-07
92,62,52287,52291,4,0.00059109165,0.00059101385,3.748147309004949e-07
92,63,52291,52295,4,0.0005906875,0.000590661275,5.370909490019977e-08
92,64,52295,52299,4,0.00059015175,0.000590005,8.238612595576937e-07
92,65,52299,52303,4,0.0005875927000000001,0.000587481925,3.9345602279667933e-07
92,66,52303,52307,4,0.00058564855,0.00058570325,5.533811096342479e-07
92,67,52307,52311,4,0.0005854876,0.00058518085,7.875343627423581e-07
92,68,52311,52315,4,0.00058110035,0.0005813922000000001,9.402722291974878e-07
92,69,52315,52319,4,0.0005801891,0.00057991665,8.492292402526248e-07
92,70,52319,52323,4,0.00057211055,0.0005724238,2.1415688303204107e-06
92,71,52323,52327,4,0.00056951205,0.00056946125,2.3686348916624368e-07
92,72,52327,52331,4,0.0005663784499999999,0.0005666830749999999,1.083793964217835e-06
92,73,52331,52335,4,0.0005697457,0.0005694473,1.4010505933048855e-06
92,74,52335,52339,4,0.0005717835499999999,0.00057185155,4.418821024888775e-07
92,75,52339,52343,4,0.00057591475,0.000575826475,1.151125836681193e-06
92,76,52343,52347,4,0.0005800973,0.0005799509750000001,1.0324388005470427e-06
92,77,52347,52351,4,0.00058251985,0.00058256395,6.074272898874067e-07
92,78,52351,52355,4,0.0005834669,0.00058363645,3.1916467928015296e-07
92,79,52355,52359,4,0.0005858179000000001,0.000585768225,7.718424527551065e-07
92,80,52359,52363,4,0.00058714655,0.0005870924499999999,1.8491387860297453e-07
92,81,52363,52367,4,0.00058805,0.0005881487000000001,4.0678774563643946e-07
92,82,52367,52371,4,0.00058939235,0.000589492025,5.187206732674094e-07
92,83,52371,52375,4,0.0005899193500000001,0.0005899357999999999,2.7327241902540506e-07
92,84,52375,52379,4,0.0005902078,0.0005902061000000001,1.0401372505587542e-07
92,85,52379,52383,4,0.0005903504,0.0005903282,1.0092336201295567e-07
92,86,52383,52387,4,0.00058739595,0.0005874972750000001,1.2268581873529653e-06
92,87,52387,52391,4,0.00058584425,0.00058584085,1.2376393860894735e-07
92,88,52391,52395,4,0.0005842425,0.0005840258499999999,6.259684197305887e-07
92,89,52395,52399,4,0.0005766217500000001,0.000577105675,2.4738000286755215e-06
92,90,52399,52403,4,0.0005751118,0.0005758667249999999,3.1807371247676027e-06
92,91,52403,52407,4,0.00060524255,0.000603393175,8.59264426133627e-06
92,92,52407,52411,4,0.000623585,0.0006231927500000001,3.6373621420612136e-06
92,93,52411,52415,4,0.0006284948499999999,0.000628367125,3.166706994260788e-07
92,94,52415,52419,4,0.00062810545,0.000628129925,1.6783222835616727e-07
92,95,52419,52423,4,0.0006280127000000001,0.000628063475,3.20478052095625e-07
92,96,52423,52427,4,0.0006279761,0.000627985325,1.2610129608771594e-07
92,97,52427,52431,4,0.0006279676999999999,0.0006279845,7.15645862141287e-08
92,98,52431,52435,4,0.0006279852,0.0006280039,3.213730153575162e-07
92,99,52435,52439,4,0.0006280548,0.000628035375,1.3077911482725973e-07
93,0,53070,53074,4,0.0005889408,0.0005890915999999999,4.446032669695838e-07
93,1,53066,53070,4,0.0005900453,0.00059006445,4.881979618968213e-08
93,2,53062,53066,4,0.0005897432000000001,0.0005895188499999999,6.12337723401089e-07
93,3,53058,53062,4,0.0005864344,0.00058649445,5.588980340813733e-07
93,4,53054,53058,4,0.0005855052,0.0005853577499999999,5.842799564420962e-07
93,5,53050,53054,4,0.0005827136,0.0005827828500000001,8.633719056698326e-07
93,6,53046,53050,4,0.00058004845,0.000580075725,6.075018904291385e-07
93,7,53042,53046,4,0.0005792988500000001,0.000579375775,2.398764095841671e-07
93,8,53038,53042,4,0.0005798681999999999,0.000579912825,4.3842321662408355e-07
93,9,53034,53038,4,0.0005805064000000001,0.0005805153000000001,3.201974312826498e-07
93,10,53030,53034,4,0.0005795396,0.0005795012,4.0140949789460165e-07
93,11,53026,53030,4,0.00057909575,0.000579081475,9.146404689820424e-08
93,12,53022,53026,4,0.0005806473,0.0005810157500000001,1.141090554031563e-06
93,13,53018,53022,4,0.0005828013000000001,0.0005826404000000001,5.400692640763536e-07
93,14,53014,53018,4,0.00058296045,0.00058329775,8.573062827834551e-07
93,15,53010,53014,4,0.0005863545500000001,0.0005863854,8.113601450650764e-07
93,16,53006,53010,4,0.0005881729,0.000588148225,5.707981664958275e-07
93,17,53002,53006,4,0.0005877312500000001,0.000587599125,1.011153881402341e-06
93,18,52998,53002,4,0.0005864542,0.00058673405,6.512314392748499e-07
93,19,52994,52998,4,0.0005884671,0.000588372475,5.490422951603961e-07
93,20,52990,52994,4,0.00058562045,0.000585609925,1.3175448443506383e-06
93,21,52986,52990,4,0.0005818532500000001,0.0005818290000000001,3.8132519586303846e-07
93,22,52982,52986,4,0.0005840476500000001,0.000583586825,8.502779644769107e-07
93,23,52978,52982,4,0.0005848628500000001,0.0005847156750000001,3.815513620405308e-07
93,24,52974,52978,4,0.0005864817500000001,0.00058634735,9.613115897043884e-07
93,25,52970,52974,4,0.0005861696999999999,0.0005859191,1.1147319722695657e-06
93,26,52966,52970,4,0.0005842256500000001,0.00058448845,5.70893906518534e-07
93,27,52962,52966,4,0.0005864442,0.00058653775,2.880986419614074e-07
93,28,52958,52962,4,0.00058738695,0.000587343275,5.126931410453845e-07
93,29,52954,52958,4,0.0005876265999999999,0.0005875910750000001,6.319711361090653e-07
93,30,52950,52954,4,0.0005868844999999999,0.000586807475,2.217076044590963e-07
93,31,52946,52950,4,0.0005869428000000001,0.0005869881749999999,5.773297860625138e-07
93,32,52942,52946,4,0.0005891601000000001,0.0005890417,3.580964744311332e-07
93,33,52938,52942,4,0.00058883685,0.000588856725,1.704582115211596e-07
93,34,52934,52938,4,0.0005877892000000001,0.0005878034250000001,6.320710259733506e-07
93,35,52930,52934,4,0.0005858441999999999,0.000586041725,6.012941101283198e-07
93,36,52926,52930,4,0.000587817,0.0005877362249999999,2.554091068756231e-07
93,37,52922,52926,4,0.0005862074,0.00058618395,2.3043152453604835e-07
93,38,52918,52922,4,0.0005871517,0.0005872814250000001,4.5654520792031514e-07
93,39,52914,52918,4,0.0005883563,0.0005883719000000001,2.5834991774722975e-07
93,40,52910,52914,4,0.00058826955,0.00058822685,2.972724213578893e-07
93,41,52906,52910,4,0.0005867578000000001,0.00058681075,2.9131043149874905e-07
93,42,52902,52906,4,0.000586778,0.0005867593500000001,6.488586036263935e-07
93,43,52898,52902,4,0.00058889075,0.0005889751500000001,5.956852209850198e-07
93,44,52894,52898,4,0.0005896375,0.0005895871750000001,1.8840013767246365e-07
93,45,52890,52894,4,0.0005905268999999999,0.000590459875,2.5301316541830596e-07
93,46,52886,52890,4,0.0005902211,0.000590231775,7.693459478673528e-08
93,47,52882,52886,4,0.00058981875,0.0005898228499999999,1.2452097212922765e-07
93,48,52878,52882,4,0.0005909912,0.0005910173000000001,3.089330348149813e-07
93,49,52873,52878,5,0.000591204,0.00059120652,1.5476872293846785e-07
93,50,52869,52873,4,0.0005913809,0.000591398425,5.0480509852823224e-08
93,51,52865,52869,4,0.000589254,0.00058935245,1.2424827292562354e-06
93,52,52861,52865,4,0.0005885785499999999,0.0005883848999999999,3.75369291498376e-07
93,53,52857,52861,4,0.0005891501499999999,0.0005893030249999999,8.294184359386929e-07
93,54,52853,52857,4,0.000591135,0.0005911559,3.571633449837577e-07
93,55,52849,52853,4,0.00058976415,0.000589718675,6.038387590036032e-07
93,56,52845,52849,4,0.0005888266,0.0005885553,6.845675971005522e-07
93,57,52841,52845,4,0.0005865986,0.00058686745,9.426508698876836e-07
93,58,52837,52841,4,0.00059063685,0.00059052925,5.269008564236667e-07
93,59,52833,52837,4,0.0005913499,0.000591471125,3.307944858594278e-07
93,60,52829,52833,4,0.0005916252,0.000591572775,3.108427043940336e-07
93,61,52825,52829,4,0.0005910745,0.00059099625,2.2547361819070744e-07
93,62,52821,52825,4,0.0005905042,0.000590523475,2.3040855425743261e-07
93,63,52817,52821,4,0.0005904568999999999,0.000590448275,2.6198825713186583e-07
93,64,52813,52817,4,0.00059074065,0.00059062025,6.146397583137587e-07
93,65,52809,52813,4,0.0005881045000000001,0.0005881298249999999,8.347332309636165e-07
93,66,52805,52809,4,0.00058731,0.000587223175,3.716133230590627e-07
93,67,52801,52805,4,0.0005848566,0.0005849628,1.5257201529114124e-06
93,68,52797,52801,4,0.00058436255,0.000584177375,5.187561824932797e-07
93,69,52793,52797,4,0.0005821875,0.00058212265,1.4307499458326164e-06
93,70,52789,52793,4,0.00057786055,0.000577811625,1.5258979936007917e-06
93,71,52785,52789,4,0.0005714232,0.00057154435,2.6292422905658824e-06
93,72,52781,52785,4,0.00056001805,0.000560432575,2.351719848722443e-06
93,73,52777,52781,4,0.000558115,0.000557910425,1.0220424144207706e-06
93,74,52773,52777,4,0.00055720235,0.0005577898,2.513508729843592e-06
93,75,52769,52773,4,0.00056781605,0.00056755915,2.530264538047368e-06
93,76,52765,52769,4,0.0005777086,0.00057775135,2.8534707537488296e-06
93,77,52761,52765,4,0.00058424145,0.000584009975,7.244882862234315e-07
93,78,52757,52761,4,0.0005849343,0.00058493895,2.1203576938812684e-07
93,79,52753,52757,4,0.0005866746,0.0005865146,5.888310835885103e-07
93,80,52749,52753,4,0.0005864096,0.000586464775,4.631003853107846e-07
93,81,52745,52749,4,0.00058603405,0.0005861552500000001,7.340863181533969e-07
93,82,52741,52745,4,0.0005882437,0.00058818755,1.769927329016713e-07
93,83,52737,52741,4,0.0005888417,0.000589004125,4.898995885638042e-07
93,84,52733,52737,4,0.0005900238,0.0005899962249999999,3.0035366965464226e-07
93,85,52729,52733,4,0.00058965875,0.0005897952249999999,3.232831682518891e-07
93,86,52725,52729,4,0.0005890984500000001,0.000589048175,2.4348073204052064e-07
93,87,52721,52725,4,0.00058716925,0.00058710495,1.35937352206813e-06
93,88,52717,52721,4,0.0005829904,0.0005827954,1.3262380121984189e-06
93,89,52713,52717,4,0.00057157675,0.0005725645250000001,2.4972850852225344e-06
93,90,52709,52713,4,0.0005797263499999999,0.000580619075,5.6104027994320836e-06
93,91,52705,52709,4,0.00060814225,0.000607899525,6.623643013242431e-06
93,92,52701,52705,4,0.00062543305,0.000624943225,2.4225770961674434e-06
93,93,52697,52701,4,0.0006278174,0.000627783325,1.899615405154198e-07
93,94,52693,52697,4,0.0006280165,0.0006279183,2.665865056600057e-07
93,95,52689,52693,4,0.00062764615,0.0006276574,6.396659284344577e-08
93,96,52685,52689,4,0.0006275708999999999,0.000627565475,2.1375275875414895e-07
93,97,52681,52685,4,0.0006277216499999999,0.000627712375,2.0375641554318474e-07
93,98,52677,52681,4,0.00062769935,0.0006276774249999999,1.4906883267472206e-07
93,99,52672,52677,5,0.0006277335,0.00062777062,1.9332289466073255e-07
94,0,53307,53312,5,0.0005897307,0.0005891733,9.212506911802113e-07
94,1,53312,53316,4,0.0005906347500000001,0.00059043295,5.254878709351796e-07
94,2,53316,53320,4,0.0005888083,0.00058866285,4.966854009330485e-07
94,3,53320,53324,4,0.00058634705,0.0005864025499999999,6.298113467539516e-07
94,4,53324,53328,4,0.00058539225,0.0005853520499999999,1.6119535508197196e-07
94,5,53328,53332,4,0.0005852625,0.0005850148,5.261711793703398e-07
94,6,53332,53336,4,0.00058180495,0.000582062875,8.720376464780297e-07
94,7,53336,53340,4,0.00058117645,0.0005811648750000001,2.4960908812581367e-07
94,8,53340,53344,4,0.000580164,0.000580078025,3.2783849968392914e-07
94,9,53344,53348,4,0.0005790453499999999,0.0005791015249999999,2.0680892600419025e-07
94,10,53348,53352,4,0.0005797032000000001,0.00057968495,3.854217008680167e-07
94,11,53352,53356,4,0.0005807259499999999,0.0005808581,5.127481204256302e-07
94,12,53356,53360,4,0.0005829337499999999,0.00058293585,7.345804465815721e-07
94,13,53360,53364,4,0.0005837212,0.0005836789499999999,3.096131013054651e-07
94,14,53364,53368,4,0.0005865122500000001,0.0005865758,2.4232464794157324e-07
94,15,53368,53372,4,0.00058712425,0.000587128625,7.067734343478386e-08
94,16,53372,53376,4,0.0005877658499999999,0.0005877672250000001,2.2759355631258774e-07
94,17,53376,53380,4,0.0005859546000000001,0.00058593475,9.876463676336698e-07
94,18,53380,53384,4,0.0005854137499999999,0.0005856111,1.1526772987267805e-06
94,19,53384,53388,4,0.0005868353000000001,0.0005866219750000001,6.086233374386826e-07
94,20,53388,53392,4,0.00058141295,0.0005814608000000001,1.9821674790491225e-06
94,21,53392,53396,4,0.0005819574500000001,0.0005817786,1.9151237414329225e-06
94,22,53396,53400,4,0.0005855246,0.0005855238250000001,5.494356667299701e-07
94,23,53400,53404,4,0.0005850531,0.0005849233,3.8119382209056676e-07
94,24,53404,53408,4,0.00058566,0.0005856137,4.7175652618698303e-07
94,25,53408,53412,4,0.0005846698,0.000584641975,1.3871170417455125e-07
94,26,53412,53416,4,0.00058507115,0.000585081325,3.1778448180334477e-07
94,27,53416,53420,4,0.0005864056,0.000586365675,3.516690231950922e-07
94,28,53420,53424,4,0.0005880797500000001,0.000588003025,5.092435094088263e-07
94,29,53424,53428,4,0.00058851435,0.0005884897249999999,2.558876938717404e-07
94,30,53428,53432,4,0.0005879101,0.0005877203,7.399432140374156e-07
94,31,53432,53436,4,0.0005870033499999999,0.000587084875,6.712029029101451e-07
94,32,53436,53440,4,0.0005893463,0.0005894184,2.5872127859917894e-07
94,33,53440,53444,4,0.0005885651,0.000588558025,1.5298065849969096e-07
94,34,53444,53448,4,0.00058774705,0.00058771995,3.148273058360578e-07
94,35,53448,53452,4,0.00058609425,0.000586059625,5.471277930017928e-07
94,36,53452,53456,4,0.00058752075,0.00058754385,2.5680333428519853e-07
94,37,53456,53460,4,0.00058559205,0.0005856369500000001,8.25781625189119e-07
94,38,53460,53464,4,0.0005861748999999999,0.0005862659,1.0445236928858799e-06
94,39,53464,53468,4,0.0005887542,0.000588680875,3.513528523791997e-07
94,40,53468,53472,4,0.0005883018999999999,0.000588558325,4.637512122625805e-07
94,41,53472,53476,4,0.0005888127,0.00058888265,2.733230734862705e-07
94,42,53476,53480,4,0.0005890816,0.0005890941,2.46167361768362e-07
94,43,53480,53484,4,0.0005901930499999999,0.000590220175,3.464682552197508e-07
94,44,53484,53488,4,0.00059040965,0.000590347575,3.9650055091387414e-07
94,45,53488,53492,4,0.0005902481500000001,0.0005902008,1.3689589109980003e-07
94,46,53492,53496,4,0.0005904656500000001,0.0005904737749999999,2.3390921716554732e-07
94,47,53496,53500,4,0.0005905114500000001,0.0005905594,4.1293782219602685e-07
94,48,53500,53504,4,0.00059124125,0.000591219275,1.647773402959493e-07
94,49,53504,53508,4,0.0005909577,0.0005909882,1.4539429149730184e-07
94,50,53508,53512,4,0.0005905408499999999,0.0005906129,2.934526622813357e-07
94,51,53512,53516,4,0.0005898601,0.0005898629499999999,1.6930387621078578e-07
94,52,53516,53520,4,0.0005899250500000001,0.0005899525,3.6089853837333067e-07
94,53,53520,53524,4,0.0005901194,0.000590230575,2.608291814099822e-07
94,54,53524,53528,4,0.00059124555,0.0005912883,2.4897047013652757e-07
94,55,53528,53532,4,0.00058987855,0.0005899604249999999,6.518516870232148e-07
94,56,53532,53536,4,0.00058718415,0.00058674925,1.9140166855333395e-06
94,57,53536,53540,4,0.0005826082,0.000582780525,3.710969844595555e-07
94,58,53540,53544,4,0.0005887893500000001,0.0005884869,2.0441426479088844e-06
94,59,53544,53548,4,0.00059123785,0.00059123155,1.3585975305440845e-07
94,60,53548,53552,4,0.0005913089499999999,0.00059130765,1.741891859444724e-07
94,61,53552,53556,4,0.0005910431999999999,0.00059102625,1.4981838171600373e-07
94,62,53556,53560,4,0.00059086075,0.0005908532749999999,8.942352528835233e-08
94,63,53560,53564,4,0.00059095555,0.000590930625,2.5239044529262947e-07
94,64,53564,53568,4,0.0005907716,0.000590740275,9.113389531346461e-08
94,65,53568,53572,4,0.00058938315,0.000589489625,7.156628479074521e-07
94,66,53572,53576,4,0.0005893271,0.00058925845,3.7797942735020274e-07
94,67,53576,53580,4,0.0005897911499999999,0.00058970425,4.3696255274337984e-07
94,68,53580,53584,4,0.00058864215,0.000588524375,2.6332208770819213e-07
94,69,53584,53588,4,0.000587009,0.00058695655,7.784071315834934e-07
94,70,53588,53592,4,0.0005860756999999999,0.00058593995,5.727853415547615e-07
94,71,53592,53596,4,0.0005838798,0.000583709975,2.029619424147054e-06
94,72,53596,53600,4,0.000577259,0.000577613975,1.1036872753978048e-06
94,73,53600,53604,4,0.0005752736,0.0005748348,1.5337188676546772e-06
94,74,53604,53608,4,0.0005681208,0.0005682197500000001,9.912388347416536e-07
94,75,53608,53612,4,0.00056986435,0.0005695448,1.0086220625189703e-06
94,76,53612,53616,4,0.0005749666999999999,0.000575154525,2.4282080258649783e-06
94,77,53616,53620,4,0.0005827745500000001,0.00058256205,1.2036640945463212e-06
94,78,53620,53624,4,0.0005845861500000001,0.00058449565,3.4639538464016115e-07
94,79,53624,53628,4,0.0005856679000000001,0.000585763075,5.743305467019823e-07
94,80,53628,53632,4,0.0005869894499999999,0.0005869320999999999,3.020388799475921e-07
94,81,53632,53636,4,0.00058510425,0.0005851172500000001,3.5232933811987434e-07
94,82,53636,53640,4,0.00058721785,0.000587335725,6.472398217623948e-07
94,83,53640,53644,4,0.00058807825,0.000588041925,2.1430541727871012e-07
94,84,53644,53648,4,0.00058899625,0.000588864225,2.6953592872750984e-07
94,85,53648,53652,4,0.00058733465,0.00058756835,5.995744344949897e-07
94,86,53652,53656,4,0.0005883703000000001,0.00058838995,4.1381456293850954e-07
94,87,53656,53660,4,0.000586551,0.000586756575,6.744703454378017e-07
94,88,53660,53664,4,0.0005858810499999999,0.0005857428,3.3339468352087634e-07
94,89,53664,53668,4,0.0005774153500000001,0.000577669625,3.641094392057828e-06
94,90,53668,53672,4,0.00057768945,0.000578348975,4.693128653347878e-06
94,91,53672,53676,4,0.00060386405,0.00060279805,7.517849443324874e-06
94,92,53676,53680,4,0.00062342585,0.0006228946,3.921154572954253e-06
94,93,53680,53684,4,0.0006274908499999999,0.000627432725,1.1963422117021768e-07
94,94,53684,53688,4,0.00062724485,0.000627225275,2.849318460175959e-07
94,95,53688,53692,4,0.00062741825,0.000627397325,9.621968028943128e-08
94,96,53692,53696,4,0.0006271599500000001,0.00062720055,1.546700439645701e-07
94,97,53696,53700,4,0.0006267261,0.000626729975,1.1688777470293478e-07
94,98,53700,53704,4,0.0006269466,0.000627043775,3.394326985942925e-07
94,99,53704,53708,4,0.00062695445,0.0006269957,1.962308207188624e-07
95,0,54338,54342,4,0.00059042875,0.000590453475,3.080095321171055e-07
95,1,54334,54338,4,0.0005904306000000001,0.0005904241749999999,1.0913460438835032e-07
95,2,54330,54334,4,0.0005894290500000001,0.0005894779249999999,3.5924633174884475e-07
95,3,54326,54330,4,0.00058809515,0.0005881201250000001,4.5969282882704545e-07
95,4,54322,54326,4,0.00058680345,0.0005867912250000001,2.3194002861729603e-07
95,5,54318,54322,4,0.0005866213,0.000586637575,9.525739800666304e-08
95,6,54314,54318,4,0.0005863299999999999,0.000586223225,6.688014779252439e-07
95,7,54310,54314,4,0.00058484015,0.000584709325,2.887496872292832e-07
95,8,54306,54310,4,0.00058274725,0.00058272575,4.0574703018013523e-07
95,9,54302,54306,4,0.00058181915,0.000581747875,3.006385485512424e-07
95,10,54298,54302,4,0.00058197725,0.00058215825,3.8752466050566166e-07
95,11,54294,54298,4,0.00058301535,0.000582976025,2.40336715619998e-07
95,12,54290,54294,4,0.0005842091000000001,0.0005842483749999999,7.832010322228997e-07
95,13,54286,54290,4,0.0005844795499999999,0.0005844873,5.528425408740062e-07
95,14,54282,54286,4,0.00058656875,0.0005864977999999999,9.684304389061478e-07
95,15,54278,54282,4,0.0005868529,0.000586863825,4.244231577977413e-07
95,16,54274,54278,4,0.0005882729,0.000588177375,3.0032075665028426e-07
95,17,54270,54274,4,0.0005856074500000001,0.00058587275,9.026458954097228e-07
95,18,54266,54270,4,0.00058766705,0.000587767425,9.563223420348239e-07
95,19,54262,54266,4,0.0005871985000000001,0.00058723595,9.414215540872208e-07
95,20,54258,54262,4,0.0005848704500000001,0.000584941725,3.3389872248181893e-07
95,21,54254,54258,4,0.00058487755,0.000584819025,4.858689554550559e-07
95,22,54250,54254,4,0.00058662625,0.00058641505,4.4649763997138564e-07
95,23,54246,54250,4,0.00058590665,0.0005857945999999999,3.394623764130367e-07
95,24,54242,54246,4,0.000588042,0.0005879147000000001,3.941537707545073e-07
95,25,54238,54242,4,0.0005873289,0.000587177575,5.715367546142471e-07
95,26,54234,54238,4,0.00058763435,0.000587619675,5.091071222002044e-07
95,27,54230,54234,4,0.0005876534,0.00058776825,6.257530723056869e-07
95,28,54226,54230,4,0.00058942105,0.000589372125,2.3788358891480207e-07
95,29,54222,54226,4,0.0005892178,0.00058921915,1.4090714140879593e-07
95,30,54218,54222,4,0.0005882572000000001,0.000587991975,1.244565473117056e-06
95,31,54214,54218,4,0.0005878424,0.00058794755,1.1444164200586901e-06
95,32,54210,54214,4,0.00059035085,0.00059013865,4.08364607305758e-07
95,33,54206,54210,4,0.0005881591,0.0005881795249999999,3.775572299334095e-07
95,34,54202,54206,4,0.0005871685000000001,0.0005871797,2.4952025969846576e-07
95,35,54198,54202,4,0.000587707,0.000587802,3.2397793906376343e-07
95,36,54194,54198,4,0.0005882677,0.00058831365,4.768392312928952e-07
95,37,54190,54194,4,0.00058684305,0.0005869917,4.7401141863883596e-07
95,38,54186,54190,4,0.00058787735,0.0005880042,6.238617595268671e-07
95,39,54182,54186,4,0.00058884325,0.0005888724,2.699718040832835e-07
95,40,54178,54182,4,0.0005890971500000001,0.000589141475,3.381763325175493e-07
95,41,54174,54178,4,0.0005897302,0.0005897234,1.1821000380675478e-07
95,42,54170,54174,4,0.0005898201500000001,0.000589714275,2.838999328548861e-07
95,43,54166,54170,4,0.0005905284,0.000590544175,5.130037834899385e-07
95,44,54162,54166,4,0.0005905325999999999,0.000590586175,3.112704802499027e-07
95,45,54158,54162,4,0.00059050835,0.000590490625,2.734880561834475e-07
95,46,54154,54158,4,0.0005908758,0.0005908724249999999,6.033690309418277e-08
95,47,54150,54154,4,0.0005912494,0.0005912355,1.3841313160247917e-07
95,48,54146,54150,4,0.00059159145,0.0005915852,1.3783633410679578e-07
95,49,54142,54146,4,0.00059115985,0.0005912434999999999,4.733175836581742e-07
95,50,54138,54142,4,0.00059009365,0.000590016875,2.645704856460974e-07
95,51,54134,54138,4,0.0005897793,0.00058990165,3.8611466237378164e-07
95,52,54130,54134,4,0.00059074965,0.0005907397,2.3231286016920848e-07
95,53,54126,54130,4,0.00059056135,0.000590605675,1.5945978137133035e-07
95,54,54122,54126,4,0.0005913218,0.00059125385,2.2517980038183679e-07
95,55,54118,54122,4,0.0005908361,0.0005908572249999999,3.9801227603556543e-07
95,56,54114,54118,4,0.0005892175999999999,0.0005889659,1.0164822772680248e-06
95,57,54110,54114,4,0.0005882145,0.00058827295,5.275974483448593e-07
95,58,54106,54110,4,0.00058984215,0.000589874575,1.7008873235754125e-07
95,59,54102,54106,4,0.00059055575,0.000590438175,3.229454162470658e-07
95,60,54098,54102,4,0.0005897853999999999,0.0005898238249999999,2.4878688043186007e-07
95,61,54094,54098,4,0.00059051445,0.00059050845,1.8051031133981078e-07
95,62,54090,54094,4,0.00059058045,0.0005905694999999999,2.211238680016346e-07
95,63,54086,54090,4,0.0005904928,0.0005905541999999999,2.1086585783381123e-07
95,64,54082,54086,4,0.0005903557999999999,0.000590366025,1.1833309712420272e-07
95,65,54078,54082,4,0.0005895042999999999,0.000589511325,6.882117493003016e-07
95,66,54074,54078,4,0.00058835875,0.0005884947750000001,5.077010851623092e-07
95,67,54070,54074,4,0.00058946965,0.0005894152,1.3536493268199788e-07
95,68,54066,54070,4,0.0005896556999999999,0.000589557275,2.1312849850502172e-07
95,69,54062,54066,4,0.00058756015,0.0005877727000000001,4.871077139607066e-07
95,70,54058,54062,4,0.0005885466,0.000588348925,5.528401549046555e-07
95,71,54054,54058,4,0.0005835286,0.000583905675,1.2334752275076298e-06
95,72,54050,54054,4,0.0005831707000000001,0.00058282415,7.666508413221779e-07
95,73,54046,54050,4,0.0005809391,0.000580941425,2.0704128060605958e-07
95,74,54042,54046,4,0.0005785027,0.0005784412249999999,9.16636962965692e-07
95,75,54038,54042,4,0.0005772493,0.0005772079249999999,4.1043619708183094e-07
95,76,54034,54038,4,0.0005762391999999999,0.00057640585,7.989153569058346e-07
95,77,54030,54034,4,0.0005795824000000001,0.0005794933500000001,4.5226806486857975e-07
95,78,54026,54030,4,0.0005817643999999999,0.00058186145,8.432202455467886e-07
95,79,54022,54026,4,0.0005847851,0.000585027875,9.124981763680228e-07
95,80,54018,54022,4,0.0005878438500000001,0.000587874125,2.3466134508051553e-07
95,81,54014,54018,4,0.00058798085,0.00058793305,1.4178608006429567e-07
95,82,54010,54014,4,0.00058842155,0.000588376,2.845986208680632e-07
95,83,54006,54010,4,0.0005881327499999999,0.00058807545,3.9701715643029226e-07
95,84,54002,54006,4,0.0005876301,0.0005875356,8.048425560319447e-07
95,85,53998,54002,4,0.0005851007000000001,0.0005852348500000001,4.843074514190294e-07
95,86,53994,53998,4,0.00058767515,0.00058737365,7.961309016110509e-07
95,87,53990,53994,4,0.000585492,0.000585477725,3.0107446234278457e-07
95,88,53986,53990,4,0.0005857778000000001,0.00058558085,5.435584628169974e-07
95,89,53982,53986,4,0.0005781172,0.000578317725,2.8176282396503197e-06
95,90,53978,53982,4,0.00057935345,0.00058044475,4.092958785829655e-06
95,91,53974,53978,4,0.0006055745,0.00060506985,6.837913195741844e-06
95,92,53970,53974,4,0.00062444895,0.000623722875,3.261044685660533e-06
95,93,53966,53970,4,0.00062716025,0.000627203,1.6404199157529946e-07
95,94,53962,53966,4,0.00062732695,0.000627325175,9.352858854381674e-08
95,95,53958,53962,4,0.0006273093500000001,0.0006272525250000001,2.3855251387274367e-07
95,96,53954,53958,4,0.0006274346500000001,0.0006273597,3.000430385794835e-07
95,97,53950,53954,4,0.00062744675,0.000627483925,1.5300917251917517e-07
95,98,53946,53950,4,0.00062728125,0.000627347,1.9570289982520967e-07
95,99,53941,53946,5,0.0006272739,0.0006272261399999999,1.203692419183377e-07
96,0,54575,54580,5,0.0005902072,0.00059009584,3.0402385827432487e-07
96,1,54580,54584,4,0.0005903962,0.0005902646250000001,3.243838572971555e-07
96,2,54584,54588,4,0.0005897661000000001,0.000589763175,1.9298173974499068e-07
96,3,54588,54592,4,0.0005886261999999999,0.00058873375,3.947705694450748e-07
96,4,54592,54596,4,0.0005887114,0.000588672575,3.5645015342261403e-07
96,5,54596,54600,4,0.0005887505,0.00058874085,8.984724536677266e-08
96,6,54600,54604,4,0.00058811165,0.0005882440499999999,3.1144030326853933e-07
96,7,54604,54608,4,0.0005878300999999999,0.0005877509249999999,2.142724011042984e-07
96,8,54608,54612,4,0.00058648985,0.000586416775,6.692689719948237e-07
96,9,54612,54616,4,0.0005850332500000001,0.000584884525,4.809043635433266e-07
96,10,54616,54620,4,0.00058437755,0.000584341725,2.992631732689245e-07
96,11,54620,54624,4,0.0005840574,0.0005839948500000001,5.954291120696188e-07
96,12,54624,54628,4,0.00058266535,0.000582698375,1.5548748140925783e-07
96,13,54628,54632,4,0.00058159765,0.000581656475,2.8420148992395526e-07
96,14,54632,54636,4,0.0005845209499999999,0.000584478475,2.0270891573571535e-06
96,15,54636,54640,4,0.0005868795,0.0005868598250000001,2.712294358564229e-07
96,16,54640,54644,4,0.0005884533,0.000588220625,7.118483313705512e-07
96,17,54644,54648,4,0.0005870770000000001,0.0005870245000000001,6.561338735349723e-07
96,18,54648,54652,4,0.0005877827500000001,0.00058767695,1.057099310613705e-06
96,19,54652,54656,4,0.0005883991499999999,0.0005883797,3.8733342871485934e-07
96,20,54656,54660,4,0.0005866709,0.000586862075,3.7911616540974545e-07
96,21,54660,54664,4,0.00058644835,0.0005863811749999999,2.992337077854199e-07
96,22,54664,54668,4,0.0005854682,0.000585540425,2.455817722775897e-07
96,23,54668,54672,4,0.00058521525,0.0005852515,2.7829643368178834e-07
96,24,54672,54676,4,0.00058847645,0.000588270275,1.0825056013134533e-06
96,25,54676,54680,4,0.0005890156,0.000588961125,4.5226690888785127e-07
96,26,54680,54684,4,0.00058814955,0.000588158825,2.4966138442899934e-07
96,27,54684,54688,4,0.0005885986500000001,0.000588618525,1.867158854383e-07
96,28,54688,54692,4,0.0005893831,0.00058924865,3.4772268045095904e-07
96,29,54692,54696,4,0.00058933785,0.000589349275,1.8741679987395393e-07
96,30,54696,54700,4,0.0005888263000000001,0.00058894595,4.0584379076193337e-07
96,31,54700,54704,4,0.0005892460000000001,0.00058931165,2.6018610166572003e-07
96,32,54704,54708,4,0.00058985975,0.000589824425,2.94745791954693e-07
96,33,54708,54712,4,0.0005877285,0.0005877576250000001,5.711891121817635e-07
96,34,54712,54716,4,0.00058691015,0.00058699815,3.267523718353282e-07
96,35,54716,54720,4,0.00058940815,0.00058940105,3.8471587243055487e-07
96,36,54720,54724,4,0.0005891686,0.0005891363250000001,1.2874545380322105e-07
96,37,54724,54728,4,0.0005884201999999999,0.0005884018250000001,2.51215797423241e-07
96,38,54728,54732,4,0.0005878767,0.0005879169500000001,1.7691919765815693e-07
96,39,54732,54736,4,0.00058845055,0.000588504575,2.1975525448779576e-07
96,40,54736,54740,4,0.0005883405,0.0005883140250000001,1.8885048815134795e-07
96,41,54740,54744,4,0.00058969465,0.0005895638499999999,3.1700926248296593e-07
96,42,54744,54748,4,0.0005896987,0.00058967105,6.648076789567806e-08
96,43,54748,54752,4,0.0005885434999999999,0.000588524025,6.899298424477257e-08
96,44,54752,54756,4,0.0005887398000000001,0.0005887838000000001,1.1716356088820684e-07
96,45,54756,54760,4,0.0005897242,0.00058970425,6.491928623298448e-07
96,46,54760,54764,4,0.00059041905,0.0005903579749999999,1.48549493014958e-07
96,47,54764,54768,4,0.00059075585,0.0005909215000000001,3.133009016903555e-07
96,48,54768,54772,4,0.0005910319,0.0005910353000000001,2.4411663196103167e-07
96,49,54772,54776,4,0.0005912421,0.000591211475,1.9970734056364462e-07
96,50,54776,54780,4,0.0005907970499999999,0.0005908145249999999,3.020052679590283e-07
96,51,54780,54784,4,0.0005902506500000001,0.000590239175,8.497533097908782e-08
96,52,54784,54788,4,0.00059080675,0.000590799875,2.1347756761542226e-07
96,53,54788,54792,4,0.0005912311500000001,0.000591301375,2.073694333188953e-07
96,54,54792,54796,4,0.00059098915,0.000590997675,1.2734497192662973e-07
96,55,54796,54800,4,0.0005911188999999999,0.000591094825,2.6255230312264706e-07
96,56,54800,54804,4,0.00059027655,0.0005901998999999999,2.839586149423787e-07
96,57,54804,54808,4,0.00059011565,0.000590153575,2.5724194229364853e-07
96,58,54808,54812,4,0.0005897378,0.0005896713250000001,2.7545951948517016e-07
96,59,54812,54816,4,0.0005889428,0.000588775825,7.604335552006133e-07
96,60,54816,54820,4,0.0005876862,0.0005876591,1.545432463746107e-07
96,61,54820,54824,4,0.0005889868,0.0005888127,8.316264365687104e-07
96,62,54824,54828,4,0.0005897265,0.00058978225,3.5752169514592196e-07
96,63,54828,54832,4,0.0005907511000000001,0.0005906967000000001,2.9472116483210047e-07
96,64,54832,54836,4,0.00059002755,0.00058998575,3.1855452045134086e-07
96,65,54836,54840,4,0.00058971215,0.0005895905,2.32536975554428e-07
96,66,54840,54844,4,0.0005889444,0.0005889120750000001,5.985213670997754e-07
96,67,54844,54848,4,0.0005886681999999999,0.000588666175,4.016474285676606e-07
96,68,54848,54852,4,0.0005892175,0.0005892253,1.2210262077448777e-07
96,69,54852,54856,4,0.00058876965,0.00058878485,2.188940668451197e-07
96,70,54856,54860,4,0.00058913015,0.000589042425,3.3685060765121696e-07
96,71,54860,54864,4,0.0005863184,0.000586254475,1.2940013820993595e-06
96,72,54864,54868,4,0.00058442475,0.0005843786,3.1830841176443236e-07
96,73,54868,54872,4,0.0005818864,0.0005817897999999999,3.8198372347522195e-07
96,74,54872,54876,4,0.00058397565,0.0005837551000000001,6.774599877483602e-07
96,75,54876,54880,4,0.0005828713999999999,0.000583023025,6.458147930134774e-07
96,76,54880,54884,4,0.0005823213499999999,0.00058241995,3.0474765380558464e-07
96,77,54884,54888,4,0.00058140435,0.0005814181249999999,5.308859358421486e-07
96,78,54888,54892,4,0.0005812,0.0005812128000000001,1.6261828003026453e-07
96,79,54892,54896,4,0.0005832377499999999,0.0005835042,1.5614298463267513e-06
96,80,54896,54900,4,0.00058825505,0.000587981775,6.921989684151593e-07
96,81,54900,54904,4,0.0005885579500000001,0.000588531425,2.038372190621533e-07
96,82,54904,54908,4,0.0005886305999999999,0.000588671825,2.75768466063484e-07
96,83,54908,54912,4,0.00058748695,0.000587518,6.600170452345294e-08
96,84,54912,54916,4,0.0005881139,0.0005880814000000001,4.1422143232818463e-07
96,85,54916,54920,4,0.0005877051,0.0005876540750000001,1.8960628121187502e-07
96,86,54920,54924,4,0.00058771025,0.000587658975,2.3606621290435222e-07
96,87,54924,54928,4,0.00058576985,0.0005859475,5.981604843183974e-07
96,88,54928,54932,4,0.00058555985,0.0005855577749999999,3.175057351844362e-07
96,89,54932,54936,4,0.00057977365,0.0005799234,2.5488825737958112e-06
96,90,54936,54940,4,0.00057839725,0.00057946755,4.063173649070404e-06
96,91,54940,54944,4,0.0006057690499999999,0.0006046673749999999,6.997815729702728e-06
96,92,54944,54948,4,0.00062385495,0.0006232179249999999,3.7178272023959112e-06
96,93,54948,54952,4,0.00062752425,0.000627495175,1.501159614265056e-07
96,94,54952,54956,4,0.00062713885,0.000627104625,2.2545071939338382e-07
96,95,54956,54960,4,0.00062730795,0.00062737545,1.8203582751755384e-07
96,96,54960,54964,4,0.0006271311,0.000627255675,4.5924237813492454e-07
96,97,54964,54968,4,0.0006273689,0.0006274157249999999,2.9097410000722266e-07
96,98,54968,54972,4,0.0006277443500000001,0.000627824375,2.1570617022931545e-07
96,99,54972,54976,4,0.00062760275,0.00062761055,1.6558183022301589e-07
97,0,55607,55611,4,0.0005907273,0.000590657625,2.203610715961185e-07
97,1,55603,55607,4,0.0005901044500000001,0.000590058525,3.006359291152652e-07
97,2,55599,55603,4,0.0005904033,0.00059033625,4.959929308972067e-07
97,3,55595,55599,4,0.00059111305,0.000591059375,1.919717215503253e-07
97,4,55591,55595,4,0.00059103225,0.00059107565,1.2157373277149474e-07
97,5,55587,55591,4,0.0005907148,0.0005906618250000001,2.0105269676130639e-07
97,6,55583,55587,4,0.0005902515,0.0005902855,1.437815356713115e-07
97,7,55579,55583,4,0.0005901630999999999,0.000590149325,1.3058878923935958e-07
97,8,55575,55579,4,0.00058828055,0.0005885377999999999,5.172694607262512e-07
97,9,55571,55575,4,0.00058718735,0.00058714805,4.476629451942498e-07
97,10,55567,55571,4,0.0005859579,0.000585857475,4.0324641582413387e-07
97,11,55563,55567,4,0.0005853318,0.0005853822,4.491025940695407e-07
97,12,55559,55563,4,0.000582824,0.00058288445,6.299460711045066e-07
97,13,55555,55559,4,0.0005846047,0.00058459505,1.6447744229832582e-06
97,14,55551,55555,4,0.0005885009,0.0005884994000000001,6.291175685037003e-07
97,15,55547,55551,4,0.0005898405000000001,0.00058983945,1.4667570521393297e-07
97,16,55543,55547,4,0.00059021355,0.0005901896000000001,3.3467610461458877e-07
97,17,55539,55543,4,0.000588373,0.000588544,6.780828304860634e-07
97,18,55535,55539,4,0.00058866395,0.000588709725,1.9922888062474602e-07
97,19,55531,55535,4,0.0005892065500000001,0.000589113925,5.993220268561793e-07
97,20,55527,55531,4,0.000587966,0.0005879356750000001,2.3821780343836263e-07
97,21,55523,55527,4,0.0005889789000000001,0.0005889841999999999,1.6850286347715475e-07
97,22,55519,55523,4,0.00058738045,0.000587183825,8.537667168934262e-07
97,23,55515,55519,4,0.0005843795000000001,0.0005845332499999999,8.320492097826978e-07
97,24,55511,55515,4,0.0005870745,0.0005869084,1.200753609197126e-06
97,25,55507,55511,4,0.0005889066499999999,0.000588898125,2.0953260336999322e-07
97,26,55503,55507,4,0.00058846155,0.00058847925,9.244756622001535e-08
97,27,55499,55503,4,0.00058960195,0.0005895793999999999,4.4111347179612076e-07
97,28,55495,55499,4,0.0005900156499999999,0.0005900194249999999,2.0886265074207613e-07
97,29,55491,55495,4,0.0005904467,0.000590441925,1.5347422218404186e-07
97,30,55487,55491,4,0.0005901363,0.0005900791999999999,4.622028288532938e-07
97,31,55483,55487,4,0.0005892740999999999,0.00058935245,1.434740830254661e-07
97,32,55479,55483,4,0.0005893173,0.000589136375,4.2731671143893647e-07
97,33,55475,55479,4,0.0005875807999999999,0.0005875868,2.897191484869453e-07
97,34,55471,55475,4,0.00058777465,0.000587760725,5.386416451361852e-07
97,35,55467,55471,4,0.0005898487500000001,0.000589816,3.834743863676233e-07
97,36,55463,55467,4,0.0005903099,0.0005902499,2.2196724983655319e-07
97,37,55459,55463,4,0.000590391,0.000590388325,2.7329121258285855e-07
97,38,55455,55459,4,0.0005876583499999999,0.000587986025,1.2168711936252568e-06
97,39,55451,55455,4,0.00058586745,0.000585703475,1.1135091296773976e-06
97,40,55447,55451,4,0.0005843167499999999,0.0005849433,1.3703522229704367e-06
97,41,55443,55447,4,0.0005891851499999999,0.0005891932,2.587127074575016e-07
97,42,55439,55443,4,0.00058734825,0.000587463,4.637160715351694e-07
97,43,55435,55439,4,0.0005843362,0.000584501975,1.346809744126844e-06
97,44,55431,55435,4,0.00058141815,0.000581732325,1.2175111239224843e-06
97,45,55427,55431,4,0.0005843079499999999,0.000584521675,2.6815058795152827e-06
97,46,55423,55427,4,0.0005902978999999999,0.0005901532499999999,6.722476533986448e-07
97,47,55419,55423,4,0.0005916440499999999,0.000591649375,3.984731005664019e-07
97,48,55415,55419,4,0.0005912609,0.000591246425,1.8098814015013578e-07
97,49,55410,55415,5,0.000591673,0.0005914855800000001,3.410436652394904e-07
97,50,55406,55410,4,0.0005907445,0.0005908835,5.781122728328695e-07
97,51,55402,55406,4,0.0005906098,0.0005906033249999999,1.8875524330468512e-07
97,52,55398,55402,4,0.0005909548499999999,0.0005910441749999999,2.975080450592965e-07
97,53,55394,55398,4,0.00059085165,0.00059089465,1.1586493214084038e-07
97,54,55390,55394,4,0.0005916292,0.000591602075,1.4559832373691338e-07
97,55,55386,55390,4,0.0005911018,0.0005910435499999999,3.704855766423305e-07
97,56,55382,55386,4,0.00059071015,0.000590720175,3.3958016358457035e-08
97,57,55378,55382,4,0.0005904599000000001,0.0005902353500000001,4.809877207372226e-07
97,58,55374,55378,4,0.0005883963,0.000588379825,6.156149014400285e-07
97,59,55370,55374,4,0.0005882748,0.0005883254750000001,4.2922680120769775e-07
97,60,55366,55370,4,0.00059023075,0.0005900007750000001,4.79236118082735e-07
97,61,55362,55366,4,0.0005900695,0.00059005615,8.429215562554524e-08
97,62,55358,55362,4,0.0005907584,0.000590695825,2.851567671912986e-07
97,63,55354,55358,4,0.0005914028500000001,0.0005913495000000001,3.5627978471981423e-07
97,64,55350,55354,4,0.0005908792,0.0005907406,2.6033563912765985e-07
97,65,55346,55350,4,0.000590314,0.0005902864499999999,1.0174648642580029e-07
97,66,55342,55346,4,0.0005888621,0.000588765675,4.704119331766496e-07
97,67,55338,55342,4,0.0005894123,0.000589171025,8.310356381497466e-07
97,68,55334,55338,4,0.0005901465,0.000590146475,1.705902308896802e-07
97,69,55330,55334,4,0.0005907620000000001,0.00059078945,1.602832258846669e-07
97,70,55326,55330,4,0.00059036835,0.000590391325,1.387795621660486e-07
97,71,55322,55326,4,0.00058735055,0.000587392325,1.0979001989593904e-06
97,72,55318,55322,4,0.00058652635,0.0005865280249999999,2.769222487901271e-07
97,73,55314,55318,4,0.0005845480500000001,0.0005845009500000001,3.2358506223246664e-07
97,74,55310,55314,4,0.0005851934500000001,0.0005852392500000001,4.826731114325708e-07
97,75,55306,55310,4,0.0005832196,0.0005829771250000001,1.995836883834677e-06
97,76,55302,55306,4,0.0005826907,0.00058220385,1.2587563177597078e-06
97,77,55298,55302,4,0.0005795572499999999,0.000579035675,2.8881857318868843e-06
97,78,55294,55298,4,0.0005703525,0.000570615175,8.980880145481154e-07
97,79,55290,55294,4,0.0005788534,0.00057889475,4.418459322829627e-06
97,80,55286,55290,4,0.00058800325,0.0005878278,9.775893846600428e-07
97,81,55282,55286,4,0.0005889058000000001,0.000588941625,2.403894795430872e-07
97,82,55278,55282,4,0.00058886745,0.0005888716749999999,1.1894947194081527e-07
97,83,55274,55278,4,0.000588239,0.0005882613750000001,2.5986386219517935e-07
97,84,55270,55274,4,0.0005883994,0.0005883969749999999,1.8128464324093521e-07
97,85,55266,55270,4,0.00058775325,0.00058775925,1.1447433118389136e-07
97,86,55262,55266,4,0.0005882346,0.000588277325,3.2979767566645255e-07
97,87,55258,55262,4,0.00058641745,0.000586575675,6.137626225789849e-07
97,88,55254,55258,4,0.000584801,0.0005845948000000001,1.0148394774544522e-06
97,89,55250,55254,4,0.0005748249999999999,0.0005750831499999999,3.3874006055528926e-06
97,90,55246,55250,4,0.0005776948,0.0005790427,6.27534105168795e-06
97,91,55242,55246,4,0.0006078877999999999,0.0006079208499999999,6.398260732613201e-06
97,92,55238,55242,4,0.0006255746500000001,0.000624779075,2.4120894597578316e-06
97,93,55234,55238,4,0.0006276883,0.00062767895,3.3443571878622065e-08
97,94,55230,55234,4,0.00062762655,0.0006275996,1.4282063926480414e-07
97,95,55226,55230,4,0.00062738475,0.000627462475,1.80736885762186e-07
97,96,55222,55226,4,0.0006277672500000001,0.0006277863000000001,1.0641825501295786e-07
97,97,55218,55222,4,0.0006275696999999999,0.0006275784499999999,6.598050848546905e-08
97,98,55214,55218,4,0.0006281178499999999,0.000627979925,2.7194098049943513e-07
97,99,55209,55214,5,0.0006277097,0.00062769172,2.0647016636792582e-07
98,0,55844,55849,5,0.0005906682,0.00059068634,2.666565626419367e-07
98,1,55849,55853,4,0.000590499,0.000590514625,3.268463276143774e-07
98,2,55853,55857,4,0.00059040955,0.0005904575749999999,2.2759719215093701e-07
98,3,55857,55861,4,0.00059085695,0.000590963275,2.2898171733789178e-07
98,4,55861,55865,4,0.0005912335,0.00059105575,4.1757433769331416e-07
98,5,55865,55869,4,0.0005901663499999999,0.000590198875,9.820148611399675e-08
98,6,55869,55873,4,0.00059068475,0.00059065675,2.1882016017724815e-07
98,7,55873,55877,4,0.00059000415,0.000589928825,5.818458488938669e-07
98,8,55877,55881,4,0.0005883758,0.0005883935250000001,3.220621941101001e-07
98,9,55881,55885,4,0.00058845525,0.00058845785,1.621642454426977e-07
98,10,55885,55889,4,0.0005878968499999999,0.0005878979999999999,3.0455832774691507e-07
98,11,55889,55893,4,0.0005863003,0.000586293625,5.099249620042055e-07
98,12,55893,55897,4,0.0005841954,0.0005844062250000001,5.027220771708844e-07
98,13,55897,55901,4,0.0005880335,0.0005876228750000001,1.3625637074555276e-06
98,14,55901,55905,4,0.00058892055,0.000588962125,1.511408180307469e-07
98,15,55905,55909,4,0.0005892054999999999,0.0005891926999999999,1.1197754239133525e-07
98,16,55909,55913,4,0.0005875631,0.0005869718,1.6916421533527854e-06
98,17,55913,55917,4,0.0005825318999999999,0.0005825669,5.304916823099289e-07
98,18,55917,55921,4,0.0005852041,0.000584884825,8.386001680628384e-07
98,19,55921,55925,4,0.00058508745,0.0005850936250000001,5.362723439400918e-07
98,20,55925,55929,4,0.00058672515,0.0005866900750000001,6.676144335430244e-07
98,21,55929,55933,4,0.0005881535000000001,0.0005878899,5.54896373208579e-07
98,22,55933,55937,4,0.0005875389,0.000587643525,5.666757246212665e-07
98,23,55937,55941,4,0.00058486275,0.000585206525,9.691285321746628e-07
98,24,55941,55945,4,0.0005859293,0.000586227825,7.733096933796861e-07
98,25,55945,55949,4,0.00058815435,0.000588242725,5.638024936757384e-07
98,26,55949,55953,4,0.0005889703,0.000589126625,4.0549614902608806e-07
98,27,55953,55957,4,0.00059011195,0.0005901273000000001,1.666748781310438e-07
98,28,55957,55961,4,0.0005899458,0.000589961625,2.398206660715563e-07
98,29,55961,55965,4,0.0005890302,0.0005890220249999999,1.2499050713954912e-07
98,30,55965,55969,4,0.00058798125,0.000587622875,1.2104367793796402e-06
98,31,55969,55973,4,0.00058517935,0.000585208925,2.805201452213345e-07
98,32,55973,55977,4,0.00058729985,0.000587194175,2.9043878335199294e-07
98,33,55977,55981,4,0.00058750885,0.000587486125,2.5720673955984276e-07
98,34,55981,55985,4,0.0005874643999999999,0.0005876455,3.942743904947519e-07
98,35,55985,55989,4,0.0005893777,0.0005892534749999999,4.504221429669927e-07
98,36,55989,55993,4,0.00058997125,0.000590002025,1.7457248315530756e-07
98,37,55993,55997,4,0.00058979575,0.00058969525,3.2663530504219837e-07
98,38,55997,56001,4,0.00058544495,0.000585465825,1.3428949612218294e-06
98,39,56001,56005,4,0.0005820612499999999,0.00058197165,1.3750085972458163e-06
98,40,56005,56009,4,0.0005818395,0.000582298325,2.17665479621255e-06
98,41,56009,56013,4,0.0005873305,0.0005873802500000001,5.304722730737298e-07
98,42,56013,56017,4,0.0005829692000000001,0.0005818302,4.110293858107973e-06
98,43,56017,56021,4,0.0005679968499999999,0.0005684613,2.4061973350080588e-06
98,44,56021,56025,4,0.0005577456,0.000558955125,2.947578138383254e-06
98,45,56025,56029,4,0.00057159105,0.000570739675,5.971055380908364e-06
98,46,56029,56033,4,0.0005879693499999999,0.000587223925,2.8949000072325323e-06
98,47,56033,56037,4,0.0005908929500000001,0.0005908417,9.657264105327789e-08
98,48,56037,56041,4,0.00059049555,0.0005904702,2.268842105568286e-07
98,49,56041,56045,4,0.0005907021500000001,0.0005905932,3.122941482000757e-07
98,50,56045,56050,5,0.0005906693,0.00059062522,2.4004623221370496e-07
98,51,56050,56054,4,0.0005901980999999999,0.0005902967,1.8371099586033635e-07
98,52,56054,56058,4,0.00059080875,0.000590765775,1.4150838093555644e-07
98,53,56058,56062,4,0.0005900594999999999,0.000590155925,2.616454220409855e-07
98,54,56062,56066,4,0.00059049975,0.00059048355,1.0450297842646587e-07
98,55,56066,56070,4,0.0005906809,0.00059069375,2.385571786805019e-07
98,56,56070,56074,4,0.0005909035,0.0005908856500000001,1.0847705978683606e-07
98,57,56074,56078,4,0.00059068165,0.000590651,1.9524631878731852e-07
98,58,56078,56082,4,0.0005908581,0.000590839925,2.9918612413514246e-07
98,59,56082,56086,4,0.00058998215,0.0005899746500000001,3.051490824171012e-07
98,60,56086,56090,4,0.0005908146500000001,0.0005908175,2.321996231693603e-07
98,61,56090,56094,4,0.000590185,0.0005902316000000001,3.219636780756377e-07
98,62,56094,56098,4,0.00059070205,0.0005906307,2.729782683657851e-07
98,63,56098,56102,4,0.0005906282,0.0005906585,4.819071227944161e-07
98,64,56102,56106,4,0.00059010195,0.000590075225,9.417835141369394e-08
98,65,56106,56110,4,0.00058948025,0.0005895899,3.580011242999131e-07
98,66,56110,56114,4,0.00058961445,0.0005895776250000001,3.0322581828561254e-07
98,67,56114,56118,4,0.0005894852999999999,0.000589432675,1.8442233290737697e-07
98,68,56118,56122,4,0.00058947165,0.000589511625,1.5323006191673932e-07
98,69,56122,56126,4,0.0005899395,0.0005900888,3.8033056674424026e-07
98,70,56126,56130,4,0.00059031075,0.0005901615499999999,4.893597679621965e-07
98,71,56130,56134,4,0.0005873675500000001,0.000587466225,6.056290505540629e-07
98,72,56134,56138,4,0.00058689205,0.0005865766,8.286342347501666e-07
98,73,56138,56142,4,0.0005845393499999999,0.0005845653999999999,2.592220958946283e-07
98,74,56142,56146,4,0.00058619745,0.0005860781,5.034975918512598e-07
98,75,56146,56150,4,0.0005842968500000001,0.000584076875,1.5312468438743166e-06
98,76,56150,56154,4,0.00058137145,0.0005816111750000001,8.841916516655226e-07
98,77,56154,56158,4,0.00057903045,0.00057822225,3.806665581910252e-06
98,78,56158,56162,4,0.0005594217,0.000560306375,3.7438114498295802e-06
98,79,56162,56166,4,0.00057373405,0.000572947125,5.4283193934103575e-06
98,80,56166,56170,4,0.00058615085,0.000585686875,2.066911679747116e-06
98,81,56170,56174,4,0.0005883054500000001,0.000588347925,1.9867695355779588e-07
98,82,56174,56178,4,0.0005891633,0.000589150375,7.230758686853002e-07
98,83,56178,56182,4,0.00058951845,0.000589512125,1.113498175795434e-07
98,84,56182,56186,4,0.0005886759,0.00058857835,5.685331366771972e-07
98,85,56186,56190,4,0.000585329,0.000585396625,2.949880792082896e-07
98,86,56190,56194,4,0.0005867401,0.0005866957250000001,2.825309750717876e-07
98,87,56194,56198,4,0.0005860938500000001,0.0005861055,1.5259873852689786e-07
98,88,56198,56202,4,0.0005859771,0.000585456025,1.1868995416103954e-06
98,89,56202,56206,4,0.0005780797,0.000578178825,2.1927602278577956e-06
98,90,56206,56210,4,0.00058134815,0.000582917425,6.6264631363099845e-06
98,91,56210,56214,4,0.0006094932000000001,0.000609506,5.879854148701318e-06
98,92,56214,56218,4,0.000625816,0.0006252265250000001,2.195413464902436e-06
98,93,56218,56222,4,0.0006268485,0.0006268933,2.2704715369278918e-07
98,94,56222,56226,4,0.0006268769,0.0006269198499999999,1.8487635733105292e-07
98,95,56226,56230,4,0.0006269178499999999,0.000626937525,1.908625601709003e-07
98,96,56230,56234,4,0.00062702925,0.000626969975,1.4057470211600937e-07
98,97,56234,56238,4,0.0006272063,0.0006271676,1.0701128445167614e-07
98,98,56238,56242,4,0.0006274628999999999,0.000627371225,2.5686845247130363e-07
98,99,56242,56246,4,0.00062736485,0.000627364275,2.6147488765653795e-07
99,0,56876,56880,4,0.0005906341000000001,0.000590633925,2.5569477287383496e-07
99,1,56872,56876,4,0.0005905658,0.000590485975,2.1193170332680885e-07
99,2,56868,56872,4,0.0005900200999999999,0.000590058825,3.091241609369971e-07
99,3,56864,56868,4,0.0005901697,0.0005901322749999999,3.0695522780202875e-07
99,4,56860,56864,4,0.0005904389000000001,0.0005902914500000001,3.096632889123085e-07
99,5,56856,56860,4,0.0005893777,0.000589327575,3.843000219555016e-07
99,6,56852,56856,4,0.00058976055,0.0005897887250000001,3.078460603532225e-07
99,7,56848,56852,4,0.00058985345,0.00058991935,1.7962492171188918e-07
99,8,56844,56848,4,0.00059004545,0.000589955725,2.1412906592752913e-07
99,9,56840,56844,4,0.0005894534,0.000589498425,1.3700440458247016e-07
99,10,56836,56840,4,0.00058906385,0.0005889559,7.433575485592113e-07
99,11,56832,56836,4,0.0005884173,0.0005884001249999999,4.2131379858130947e-07
99,12,56828,56832,4,0.0005885785499999999,0.00058888915,6.507413022853164e-07
99,13,56824,56828,4,0.00058904735,0.0005890789499999999,6.240890180895873e-07
99,14,56820,56824,4,0.0005879188,0.000587911225,2.970408420991977e-07
99,15,56816,56820,4,0.0005875112,0.000587554175,3.087173170960879e-07
99,16,56812,56816,4,0.0005851227,0.0005850996750000001,1.3854190491959366e-06
99,17,56808,56812,4,0.00058162785,0.000581626275,3.0303295509729296e-07
99,18,56804,56808,4,0.0005844844500000001,0.0005844325749999999,8.206137044158007e-07
99,19,56800,56804,4,0.00058594325,0.0005859496000000001,2.532551184083036e-07
99,20,56796,56800,4,0.00058710675,0.000586949375,5.485498718211508e-07
99,21,56792,56796,4,0.00058764475,0.0005876902,3.1568103363996417e-07
99,22,56788,56792,4,0.00058792325,0.000587764775,3.6531624228195336e-07
99,23,56784,56788,4,0.0005870205999999999,0.000587046575,7.106498236649303e-07
99,24,56780,56784,4,0.0005873063,0.000587122775,6.993324580448256e-07
99,25,56776,56780,4,0.0005883120999999999,0.000588342525,1.3080688772002303e-07
99,26,56772,56776,4,0.0005893126,0.000589342275,3.8698698540778815e-07
99,27,56768,56772,4,0.0005898228,0.000589857525,4.184016693023664e-07
99,28,56764,56768,4,0.0005894128,0.0005894295,1.4647120877497602e-07
99,29,56760,56764,4,0.0005896191,0.00058959355,1.78791533636261e-07
99,30,56756,56760,4,0.0005886940500000001,0.000588698075,1.0242917171758269e-06
99,31,56752,56756,4,0.00058548905,0.0005855569,5.891581069628142e-07
99,32,56748,56752,4,0.0005873006,0.000587355325,4.918192217420831e-07
99,33,56744,56748,4,0.00058821275,0.000588303425,2.0738590085878186e-07
99,34,56740,56744,4,0.0005880407,0.000588164525,3.861025341473337e-07
99,35,56736,56740,4,0.0005894661,0.000589545575,3.991630392145528e-07
99,36,56732,56736,4,0.0005896177,0.0005895591250000001,2.591032166434769e-07
99,37,56728,56732,4,0.00058981505,0.000589907275,3.3103478952372426e-07
99,38,56724,56728,4,0.00058965715,0.0005897401,5.061767033358895e-07
99,39,56720,56724,4,0.0005884704499999999,0.0005884075000000001,4.477229667997611e-07
99,40,56716,56720,4,0.00058808385,0.000587932025,5.431409272693425e-07
99,41,56712,56716,4,0.00058762065,0.000587629725,8.40558318544873e-07
99,42,56708,56712,4,0.0005795735000000001,0.0005774732,6.5150572783360924e-06
99,43,56704,56708,4,0.00055403565,0.000554574075,2.2041301485790252e-06
99,44,56700,56704,4,0.0005433554500000001,0.000542332125,5.3741936601573275e-06
99,45,56696,56700,4,0.0005511919,0.0005520682,1.0885480194047474e-05
99,46,56692,56696,4,0.0005827809000000001,0.000581651025,4.983356191049873e-06
99,47,56688,56692,4,0.00058978945,0.000589667225,4.3079189508973176e-07
99,48,56684,56688,4,0.00059008445,0.000589968525,3.2071262350428065e-07
99,49,56680,56684,4,0.0005905747,0.0005906008,3.1963015345865726e-07
99,50,56676,56680,4,0.0005909527,0.000590933125,1.4067264081901055e-07
99,51,56672,56676,4,0.0005907147,0.000590755425,1.0365776321624285e-07
99,52,56668,56672,4,0.0005909061,0.0005908151000000001,2.758088831056878e-07
99,53,56664,56668,4,0.0005898252,0.000589790725,2.2373194200874303e-07
99,54,56660,56664,4,0.0005905387500000001,0.0005904344000000001,3.7061221647430113e-07
99,55,56656,56660,4,0.00059051445,0.00059055945,2.728918696114048e-07
99,56,56652,56656,4,0.0005902689,0.000590302275,2.1094737939829476e-07
99,57,56648,56652,4,0.0005902306,0.000590401625,4.706248844621483e-07
99,58,56644,56648,4,0.0005906627500000001,0.00059064665,8.083422851738706e-08
99,59,56640,56644,4,0.0005905226,0.00059038885,2.9730844673504935e-07
99,60,56636,56640,4,0.0005903134,0.00059033435,2.4693474340399634e-07
99,61,56632,56636,4,0.0005907228,0.0005908093,3.242188381325012e-07
99,62,56628,56632,4,0.0005906646000000001,0.000590628425,1.6220854439579648e-07
99,63,56624,56628,4,0.00059100825,0.00059091175,1.9729737073767717e-07
99,64,56620,56624,4,0.00059002415,0.0005900827,1.4845778861348954e-07
99,65,56616,56620,4,0.0005899544000000001,0.000589987875,2.481891050691218e-07
99,66,56612,56616,4,0.00058931925,0.0005893584,2.299894019297393e-07
99,67,56608,56612,4,0.0005893799,0.000589390075,1.316691378987703e-07
99,68,56604,56608,4,0.0005893843,0.0005893759499999999,3.681177359215243e-07
99,69,56600,56604,4,0.000589191,0.0005892540750000001,1.6275207179941336e-07
99,70,56596,56600,4,0.0005896325500000001,0.0005896703499999999,1.1869491353884201e-07
99,71,56592,56596,4,0.0005884478,0.000588716425,6.886322471936642e-07
99,72,56588,56592,4,0.0005882758499999999,0.00058840055,2.7551434173198775e-07
99,73,56584,56588,4,0.0005861111,0.0005860539999999999,2.8834325898136344e-07
99,74,56580,56584,4,0.0005881262000000001,0.00058793605,4.989839150714199e-07
99,75,56576,56580,4,0.00058620505,0.0005863971249999999,9.153945334526535e-07
99,76,56572,56576,4,0.0005852661,0.00058528295,1.0594643693867377e-07
99,77,56568,56572,4,0.0005851245,0.00058493705,7.1857584672737e-07
99,78,56564,56568,4,0.0005790205,0.000579391525,1.412622375893481e-06
99,79,56560,56564,4,0.0005803609,0.0005802559,8.103346777720818e-07
99,80,56556,56560,4,0.00058461445,0.000584739175,1.5810565444901154e-06
99,81,56552,56556,4,0.0005869773499999999,0.0005868504,5.773573113765691e-07
99,82,56548,56552,4,0.00058798545,0.000587947325,1.0300832790968854e-06
99,83,56544,56548,4,0.00058957985,0.0005896950999999999,2.0803034634399512e-07
99,84,56540,56544,4,0.0005894759,0.000589487075,2.466979365033266e-07
99,85,56536,56540,4,0.00058751235,0.000587594925,7.69395263746133e-07
99,86,56532,56536,4,0.00058726225,0.0005872126,4.5619647631258517e-07
99,87,56528,56532,4,0.0005875087000000001,0.000587511525,2.1347742708538467e-07
99,88,56524,56528,4,0.0005874588,0.000587443125,4.1804221303000666e-07
99,89,56520,56524,4,0.0005819884,0.0005819468,2.6629977769423624e-06
99,90,56516,56520,4,0.0005801447999999999,0.0005806627,2.398457532457041e-06
99,91,56512,56516,4,0.0006036131500000001,0.00060266595,7.555076108319483e-06
99,92,56508,56512,4,0.0006231745,0.0006224155499999999,3.543391260854506e-06
99,93,56504,56508,4,0.00062725355,0.00062725385,7.873787208198374e-08
99,94,56500,56504,4,0.00062708335,0.00062701715,2.78286924773683e-07
99,95,56496,56500,4,0.0006271935,0.00062714855,1.381155766016046e-07
99,96,56492,56496,4,0.0006269126000000001,0.0006269485000000001,1.7978951582339367e-07
99,97,56488,56492,4,0.0006271811999999999,0.0006272685749999999,2.081545864856298e-07
99,98,56484,56488,4,0.00062738935,0.000627337325,2.94187358455448e-07
99,99,56479,56484,5,0.0006270902,0.00062718006,2.3672521285236954e-07
